cod_ibge;Municipio;Ano;Grupos Numero;Grupos;População
3500105;Adamantina;2014;2;Médio;33862
3500105;Adamantina;2016;3;Alto;33882
3500105;Adamantina;2018;3;Alto;33888
3500105;Adamantina;2020;3;Alto;33894
3500105;Adamantina;2022;3;Alto;34681
3500105;Adamantina;2024;4;Muito alto;34763
3500204;Adolfo;2014;3;Alto;3512
3500204;Adolfo;2016;2;Médio;3490
3500204;Adolfo;2018;3;Alto;3469
3500204;Adolfo;2020;3;Alto;3447
3500204;Adolfo;2022;3;Alto;4345
3500204;Adolfo;2024;4;Muito alto;4476
3500303;Aguaí;2014;1;Baixo;33542
3500303;Aguaí;2016;1;Baixo;34242
3500303;Aguaí;2018;2;Médio;34919
3500303;Aguaí;2020;2;Médio;35608
3500303;Aguaí;2022;1;Baixo;32073
3500303;Aguaí;2024;2;Médio;31971
3500402;Águas da Prata;2014;1;Baixo;7676
3500402;Águas da Prata;2016;2;Médio;7720
3500402;Águas da Prata;2018;3;Alto;7758
3500402;Águas da Prata;2020;3;Alto;7797
3500402;Águas da Prata;2022;3;Alto;7370
3500402;Águas da Prata;2024;2;Médio;7307
3500501;Águas de Lindóia;2014;3;Alto;17731
3500501;Águas de Lindóia;2016;3;Alto;17954
3500501;Águas de Lindóia;2018;4;Muito alto;18163
3500501;Águas de Lindóia;2020;4;Muito alto;18374
3500501;Águas de Lindóia;2022;4;Muito alto;17925
3500501;Águas de Lindóia;2024;4;Muito alto;17921
3500550;Águas de Santa Bárbara;2014;2;Médio;5734
3500550;Águas de Santa Bárbara;2016;3;Alto;5801
3500550;Águas de Santa Bárbara;2018;3;Alto;5865
3500550;Águas de Santa Bárbara;2020;3;Alto;5931
3500550;Águas de Santa Bárbara;2022;3;Alto;7165
3500550;Águas de Santa Bárbara;2024;4;Muito alto;7374
3500600;Águas de São Pedro;2014;4;Muito alto;2880
3500600;Águas de São Pedro;2016;4;Muito alto;2966
3500600;Águas de São Pedro;2018;4;Muito alto;3043
3500600;Águas de São Pedro;2020;4;Muito alto;3122
3500600;Águas de São Pedro;2022;4;Muito alto;2779
3500600;Águas de São Pedro;2024;4;Muito alto;2771
3500709;Agudos;2014;1;Baixo;35199
3500709;Agudos;2016;2;Médio;35525
3500709;Agudos;2018;2;Médio;35828
3500709;Agudos;2020;3;Alto;36134
3500709;Agudos;2022;2;Médio;37657
3500709;Agudos;2024;3;Alto;38022
3500758;Alambari;2014;1;Baixo;5244
3500758;Alambari;2016;1;Baixo;5426
3500758;Alambari;2018;1;Baixo;5600
3500758;Alambari;2020;2;Médio;5779
3500758;Alambari;2022;2;Médio;6131
3500758;Alambari;2024;3;Alto;6321
3500808;Alfredo Marcondes;2014;3;Alto;3910
3500808;Alfredo Marcondes;2016;2;Médio;3919
3500808;Alfredo Marcondes;2018;2;Médio;3923
3500808;Alfredo Marcondes;2020;2;Médio;3927
3500808;Alfredo Marcondes;2022;2;Médio;4441
3500808;Alfredo Marcondes;2024;1;Baixo;4509
3500907;Altair;2014;1;Baixo;3907
3500907;Altair;2016;2;Médio;3951
3500907;Altair;2018;2;Médio;3994
3500907;Altair;2020;3;Alto;4036
3500907;Altair;2022;2;Médio;3453
3500907;Altair;2024;3;Alto;3368
3501004;Altinópolis;2014;2;Médio;15571
3501004;Altinópolis;2016;2;Médio;15560
3501004;Altinópolis;2018;2;Médio;15557
3501004;Altinópolis;2020;3;Alto;15553
3501004;Altinópolis;2022;2;Médio;16809
3501004;Altinópolis;2024;3;Alto;16915
3501103;Alto Alegre;2014;2;Médio;4074
3501103;Alto Alegre;2016;2;Médio;4057
3501103;Alto Alegre;2018;3;Alto;4037
3501103;Alto Alegre;2020;2;Médio;4017
3501103;Alto Alegre;2022;1;Baixo;3843
3501103;Alto Alegre;2024;2;Médio;3790
3501152;Alumínio;2014;2;Médio;17296
3501152;Alumínio;2016;2;Médio;17525
3501152;Alumínio;2018;3;Alto;17747
3501152;Alumínio;2020;3;Alto;17972
3501152;Alumínio;2022;3;Alto;17298
3501152;Alumínio;2024;3;Alto;17236
3501202;Álvares Florence;2014;2;Médio;3783
3501202;Álvares Florence;2016;3;Alto;3727
3501202;Álvares Florence;2018;3;Alto;3673
3501202;Álvares Florence;2020;4;Muito alto;3621
3501202;Álvares Florence;2022;4;Muito alto;3915
3501202;Álvares Florence;2024;4;Muito alto;3889
3501301;Álvares Machado;2014;1;Baixo;23583
3501301;Álvares Machado;2016;1;Baixo;23639
3501301;Álvares Machado;2018;2;Médio;23714
3501301;Álvares Machado;2020;3;Alto;23789
3501301;Álvares Machado;2022;2;Médio;27227
3501301;Álvares Machado;2024;3;Alto;27745
3501400;Álvaro de Carvalho;2014;1;Baixo;4803
3501400;Álvaro de Carvalho;2016;1;Baixo;4883
3501400;Álvaro de Carvalho;2018;1;Baixo;4962
3501400;Álvaro de Carvalho;2020;2;Médio;5044
3501400;Álvaro de Carvalho;2022;1;Baixo;4807
3501400;Álvaro de Carvalho;2024;2;Médio;4824
3501509;Alvinlândia;2014;2;Médio;3074
3501509;Alvinlândia;2016;2;Médio;3109
3501509;Alvinlândia;2018;2;Médio;3142
3501509;Alvinlândia;2020;2;Médio;3176
3501509;Alvinlândia;2022;1;Baixo;2886
3501509;Alvinlândia;2024;1;Baixo;2856
3501608;Americana;2014;3;Alto;220545
3501608;Americana;2016;4;Muito alto;225183
3501608;Americana;2018;4;Muito alto;229283
3501608;Americana;2020;4;Muito alto;233458
3501608;Americana;2022;4;Muito alto;237044
3501608;Americana;2024;4;Muito alto;240388
3501707;Américo Brasiliense;2014;2;Médio;36861
3501707;Américo Brasiliense;2016;2;Médio;38030
3501707;Américo Brasiliense;2018;3;Alto;39121
3501707;Américo Brasiliense;2020;2;Médio;40243
3501707;Américo Brasiliense;2022;2;Médio;33029
3501707;Américo Brasiliense;2024;2;Médio;32478
3501806;Américo de Campos;2014;2;Médio;5726
3501806;Américo de Campos;2016;2;Médio;5732
3501806;Américo de Campos;2018;2;Médio;5734
3501806;Américo de Campos;2020;2;Médio;5736
3501806;Américo de Campos;2022;2;Médio;5869
3501806;Américo de Campos;2024;4;Muito alto;5891
3501905;Amparo;2014;3;Alto;67486
3501905;Amparo;2016;3;Alto;68260
3501905;Amparo;2018;4;Muito alto;68945
3501905;Amparo;2020;4;Muito alto;69639
3501905;Amparo;2022;3;Alto;67993
3501905;Amparo;2024;4;Muito alto;67982
3502002;Analândia;2014;2;Médio;4530
3502002;Analândia;2016;3;Alto;4643
3502002;Analândia;2018;2;Médio;4746
3502002;Analândia;2020;2;Médio;4850
3502002;Analândia;2022;3;Alto;4587
3502002;Analândia;2024;3;Alto;4634
3502101;Andradina;2014;3;Alto;55687
3502101;Andradina;2016;3;Alto;55831
3502101;Andradina;2018;3;Alto;55943
3502101;Andradina;2020;3;Alto;56054
3502101;Andradina;2022;2;Médio;59751
3502101;Andradina;2024;3;Alto;60205
3502200;Angatuba;2014;3;Alto;23122
3502200;Angatuba;2016;3;Alto;23586
3502200;Angatuba;2018;4;Muito alto;24038
3502200;Angatuba;2020;3;Alto;24501
3502200;Angatuba;2022;3;Alto;24009
3502200;Angatuba;2024;3;Alto;24223
3502309;Anhembi;2014;1;Baixo;6063
3502309;Anhembi;2016;1;Baixo;6269
3502309;Anhembi;2018;2;Médio;6467
3502309;Anhembi;2020;2;Médio;6672
3502309;Anhembi;2022;1;Baixo;5674
3502309;Anhembi;2024;1;Baixo;5638
3502408;Anhumas;2014;3;Alto;3831
3502408;Anhumas;2016;2;Médio;3877
3502408;Anhumas;2018;2;Médio;3919
3502408;Anhumas;2020;3;Alto;3963
3502408;Anhumas;2022;2;Médio;4021
3502408;Anhumas;2024;2;Médio;4045
3502507;Aparecida;2014;1;Baixo;35292
3502507;Aparecida;2016;3;Alto;35432
3502507;Aparecida;2018;4;Muito alto;35570
3502507;Aparecida;2020;3;Alto;35709
3502507;Aparecida;2022;3;Alto;32585
3502507;Aparecida;2024;3;Alto;31909
3502606;Aparecida d'Oeste;2014;2;Médio;4317
3502606;Aparecida d'Oeste;2016;3;Alto;4253
3502606;Aparecida d'Oeste;2018;4;Muito alto;4192
3502606;Aparecida d'Oeste;2020;4;Muito alto;4132
3502606;Aparecida d'Oeste;2022;2;Médio;4088
3502606;Aparecida d'Oeste;2024;4;Muito alto;4020
3502705;Apiaí;2014;1;Baixo;24803
3502705;Apiaí;2016;1;Baixo;24695
3502705;Apiaí;2018;1;Baixo;24681
3502705;Apiaí;2020;2;Médio;24666
3502705;Apiaí;2022;1;Baixo;24589
3502705;Apiaí;2024;2;Médio;24374
3502754;Araçariguama;2014;2;Médio;18694
3502754;Araçariguama;2016;2;Médio;19493
3502754;Araçariguama;2018;3;Alto;20223
3502754;Araçariguama;2020;3;Alto;20980
3502754;Araçariguama;2022;3;Alto;21487
3502754;Araçariguama;2024;3;Alto;22192
3502804;Araçatuba;2014;2;Médio;185509
3502804;Araçatuba;2016;3;Alto;187313
3502804;Araçatuba;2018;3;Alto;188884
3502804;Araçatuba;2020;4;Muito alto;190469
3502804;Araçatuba;2022;3;Alto;199989
3502804;Araçatuba;2024;4;Muito alto;201897
3502903;Araçoiaba da Serra;2014;2;Médio;29351
3502903;Araçoiaba da Serra;2016;2;Médio;30388
3502903;Araçoiaba da Serra;2018;3;Alto;31373
3502903;Araçoiaba da Serra;2020;3;Alto;32390
3502903;Araçoiaba da Serra;2022;3;Alto;32404
3502903;Araçoiaba da Serra;2024;3;Alto;33109
3503000;Aramina;2014;2;Médio;5301
3503000;Aramina;2016;2;Médio;5371
3503000;Aramina;2018;2;Médio;5433
3503000;Aramina;2020;2;Médio;5496
3503000;Aramina;2022;1;Baixo;5418
3503000;Aramina;2024;2;Médio;5455
3503109;Arandu;2014;1;Baixo;6135
3503109;Arandu;2016;1;Baixo;6144
3503109;Arandu;2018;1;Baixo;6154
3503109;Arandu;2020;1;Baixo;6165
3503109;Arandu;2022;1;Baixo;6879
3503109;Arandu;2024;1;Baixo;6989
3503158;Arapeí;2014;1;Baixo;2477
3503158;Arapeí;2016;1;Baixo;2471
3503158;Arapeí;2018;1;Baixo;2471
3503158;Arapeí;2020;1;Baixo;2471
3503158;Arapeí;2022;1;Baixo;2331
3503158;Arapeí;2024;1;Baixo;2284
3503208;Araraquara;2014;3;Alto;217343
3503208;Araraquara;2016;3;Alto;221205
3503208;Araraquara;2018;3;Alto;224389
3503208;Araraquara;2020;4;Muito alto;227618
3503208;Araraquara;2022;3;Alto;241977
3503208;Araraquara;2024;4;Muito alto;246641
3503307;Araras;2014;3;Alto;123863
3503307;Araras;2016;3;Alto;126338
3503307;Araras;2018;3;Alto;128676
3503307;Araras;2020;4;Muito alto;131057
3503307;Araras;2022;3;Alto;130778
3503307;Araras;2024;4;Muito alto;132128
3503356;Arco-Íris;2014;1;Baixo;1871
3503356;Arco-Íris;2016;1;Baixo;1849
3503356;Arco-Íris;2018;2;Médio;1832
3503356;Arco-Íris;2020;3;Alto;1816
3503356;Arco-Íris;2022;3;Alto;2043
3503356;Arco-Íris;2024;4;Muito alto;2060
3503406;Arealva;2014;1;Baixo;7988
3503406;Arealva;2016;2;Médio;8060
3503406;Arealva;2018;3;Alto;8127
3503406;Arealva;2020;2;Médio;8196
3503406;Arealva;2022;2;Médio;8128
3503406;Arealva;2024;4;Muito alto;8154
3503505;Areias;2014;1;Baixo;3743
3503505;Areias;2016;1;Baixo;3772
3503505;Areias;2018;1;Baixo;3807
3503505;Areias;2020;1;Baixo;3843
3503505;Areias;2022;1;Baixo;3578
3503505;Areias;2024;1;Baixo;3550
3503604;Areiópolis;2014;1;Baixo;10662
3503604;Areiópolis;2016;1;Baixo;10719
3503604;Areiópolis;2018;1;Baixo;10788
3503604;Areiópolis;2020;1;Baixo;10857
3503604;Areiópolis;2022;2;Médio;10133
3503604;Areiópolis;2024;2;Médio;10006
3503703;Ariranha;2014;3;Alto;8868
3503703;Ariranha;2016;3;Alto;9025
3503703;Ariranha;2018;4;Muito alto;9171
3503703;Ariranha;2020;4;Muito alto;9320
3503703;Ariranha;2022;4;Muito alto;7608
3503703;Ariranha;2024;4;Muito alto;7395
3503802;Artur Nogueira;2014;2;Médio;47893
3503802;Artur Nogueira;2016;2;Médio;49620
3503802;Artur Nogueira;2018;3;Alto;51092
3503802;Artur Nogueira;2020;3;Alto;52609
3503802;Artur Nogueira;2022;3;Alto;51402
3503802;Artur Nogueira;2024;3;Alto;52489
3503901;Arujá;2014;1;Baixo;80841
3503901;Arujá;2016;2;Médio;83849
3503901;Arujá;2018;3;Alto;86746
3503901;Arujá;2020;3;Alto;89744
3503901;Arujá;2022;3;Alto;86590
3503901;Arujá;2024;3;Alto;88282
3503950;Aspásia;2014;3;Alto;1791
3503950;Aspásia;2016;4;Muito alto;1782
3503950;Aspásia;2018;4;Muito alto;1774
3503950;Aspásia;2020;4;Muito alto;1765
3503950;Aspásia;2022;4;Muito alto;1842
3503950;Aspásia;2024;4;Muito alto;1844
3504008;Assis;2014;3;Alto;97738
3504008;Assis;2016;3;Alto;99001
3504008;Assis;2018;3;Alto;100184
3504008;Assis;2020;3;Alto;101381
3504008;Assis;2022;3;Alto;101364
3504008;Assis;2024;3;Alto;101838
3504107;Atibaia;2014;3;Alto;132017
3504107;Atibaia;2016;3;Alto;134652
3504107;Atibaia;2018;4;Muito alto;137107
3504107;Atibaia;2020;4;Muito alto;139606
3504107;Atibaia;2022;3;Alto;158399
3504107;Atibaia;2024;4;Muito alto;163203
3504206;Auriflama;2014;2;Médio;14331
3504206;Auriflama;2016;3;Alto;14387
3504206;Auriflama;2018;3;Alto;14429
3504206;Auriflama;2020;4;Muito alto;14471
3504206;Auriflama;2022;2;Médio;13695
3504206;Auriflama;2024;2;Médio;13527
3504305;Avaí;2014;1;Baixo;5092
3504305;Avaí;2016;2;Médio;5158
3504305;Avaí;2018;2;Médio;5223
3504305;Avaí;2020;2;Médio;5288
3504305;Avaí;2022;1;Baixo;4486
3504305;Avaí;2024;1;Baixo;4398
3504404;Avanhandava;2014;1;Baixo;11621
3504404;Avanhandava;2016;2;Médio;11787
3504404;Avanhandava;2018;2;Médio;11949
3504404;Avanhandava;2020;2;Médio;12114
3504404;Avanhandava;2022;1;Baixo;11263
3504404;Avanhandava;2024;2;Médio;11180
3504503;Avaré;2014;2;Médio;84876
3504503;Avaré;2016;2;Médio;85810
3504503;Avaré;2018;2;Médio;86669
3504503;Avaré;2020;2;Médio;87538
3504503;Avaré;2022;2;Médio;92733
3504503;Avaré;2024;3;Alto;93870
3504602;Bady Bassitt;2014;3;Alto;15396
3504602;Bady Bassitt;2016;3;Alto;15750
3504602;Bady Bassitt;2018;3;Alto;16037
3504602;Bady Bassitt;2020;3;Alto;16329
3504602;Bady Bassitt;2022;2;Médio;27142
3504602;Bady Bassitt;2024;4;Muito alto;29429
3504701;Balbinos;2014;1;Baixo;3688
3504701;Balbinos;2016;2;Médio;3695
3504701;Balbinos;2018;3;Alto;3699
3504701;Balbinos;2020;3;Alto;3704
3504701;Balbinos;2022;3;Alto;3886
3504701;Balbinos;2024;4;Muito alto;3914
3504800;Bálsamo;2014;2;Médio;8323
3504800;Bálsamo;2016;3;Alto;8397
3504800;Bálsamo;2018;3;Alto;8460
3504800;Bálsamo;2020;3;Alto;8524
3504800;Bálsamo;2022;3;Alto;9585
3504800;Bálsamo;2024;4;Muito alto;9843
3504909;Bananal;2014;1;Baixo;10382
3504909;Bananal;2016;1;Baixo;10468
3504909;Bananal;2018;1;Baixo;10560
3504909;Bananal;2020;1;Baixo;10651
3504909;Bananal;2022;1;Baixo;9971
3504909;Bananal;2024;1;Baixo;9881
3505005;Barão de Antonina;2014;1;Baixo;3220
3505005;Barão de Antonina;2016;1;Baixo;3274
3505005;Barão de Antonina;2018;1;Baixo;3328
3505005;Barão de Antonina;2020;1;Baixo;3383
3505005;Barão de Antonina;2022;1;Baixo;3528
3505005;Barão de Antonina;2024;1;Baixo;3586
3505104;Barbosa;2014;1;Baixo;6863
3505104;Barbosa;2016;1;Baixo;7002
3505104;Barbosa;2018;2;Médio;7142
3505104;Barbosa;2020;2;Médio;7284
3505104;Barbosa;2022;1;Baixo;5646
3505104;Barbosa;2024;1;Baixo;5427
3505203;Bariri;2014;2;Médio;32606
3505203;Bariri;2016;3;Alto;33093
3505203;Bariri;2018;3;Alto;33540
3505203;Bariri;2020;3;Alto;33993
3505203;Bariri;2022;3;Alto;31595
3505203;Bariri;2024;3;Alto;31510
3505302;Barra Bonita;2014;2;Médio;35096
3505302;Barra Bonita;2016;3;Alto;35029
3505302;Barra Bonita;2018;3;Alto;34971
3505302;Barra Bonita;2020;3;Alto;34914
3505302;Barra Bonita;2022;2;Médio;34352
3505302;Barra Bonita;2024;3;Alto;33968
3505351;Barra do Chapéu;2014;1;Baixo;5352
3505351;Barra do Chapéu;2016;1;Baixo;5409
3505351;Barra do Chapéu;2018;1;Baixo;5470
3505351;Barra do Chapéu;2020;1;Baixo;5530
3505351;Barra do Chapéu;2022;1;Baixo;5179
3505351;Barra do Chapéu;2024;2;Médio;5151
3505401;Barra do Turvo;2014;1;Baixo;7674
3505401;Barra do Turvo;2016;1;Baixo;7665
3505401;Barra do Turvo;2018;1;Baixo;7676
3505401;Barra do Turvo;2020;1;Baixo;7687
3505401;Barra do Turvo;2022;1;Baixo;6882
3505401;Barra do Turvo;2024;1;Baixo;6709
3505500;Barretos;2014;2;Médio;114701
3505500;Barretos;2016;3;Alto;115907
3505500;Barretos;2018;3;Alto;116973
3505500;Barretos;2020;3;Alto;118048
3505500;Barretos;2022;3;Alto;122410
3505500;Barretos;2024;4;Muito alto;123742
3505609;Barrinha;2014;1;Baixo;30051
3505609;Barrinha;2016;1;Baixo;30829
3505609;Barrinha;2018;2;Médio;31574
3505609;Barrinha;2020;2;Médio;32338
3505609;Barrinha;2022;2;Médio;32066
3505609;Barrinha;2024;3;Alto;32488
3505708;Barueri;2014;4;Muito alto;250477
3505708;Barueri;2016;4;Muito alto;255276
3505708;Barueri;2018;4;Muito alto;259793
3505708;Barueri;2020;4;Muito alto;264390
3505708;Barueri;2022;4;Muito alto;315873
3505708;Barueri;2024;4;Muito alto;326665
3505807;Bastos;2014;3;Alto;20296
3505807;Bastos;2016;3;Alto;20267
3505807;Bastos;2018;3;Alto;20284
3505807;Bastos;2020;4;Muito alto;20301
3505807;Bastos;2022;3;Alto;21495
3505807;Bastos;2024;3;Alto;21549
3505906;Batatais;2014;2;Médio;58060
3505906;Batatais;2016;3;Alto;58821
3505906;Batatais;2018;3;Alto;59517
3505906;Batatais;2020;3;Alto;60222
3505906;Batatais;2022;2;Médio;58388
3505906;Batatais;2024;3;Alto;58450
3506003;Bauru;2014;2;Médio;352654
3506003;Bauru;2016;3;Alto;356769
3506003;Bauru;2018;3;Alto;360478
3506003;Bauru;2020;3;Alto;364225
3506003;Bauru;2022;3;Alto;378889
3506003;Bauru;2024;3;Alto;383213
3506102;Bebedouro;2014;2;Médio;74769
3506102;Bebedouro;2016;3;Alto;74593
3506102;Bebedouro;2018;3;Alto;74373
3506102;Bebedouro;2020;3;Alto;74155
3506102;Bebedouro;2022;3;Alto;76364
3506102;Bebedouro;2024;3;Alto;76170
3506201;Bento de Abreu;2014;3;Alto;2785
3506201;Bento de Abreu;2016;3;Alto;2840
3506201;Bento de Abreu;2018;4;Muito alto;2892
3506201;Bento de Abreu;2020;3;Alto;2945
3506201;Bento de Abreu;2022;4;Muito alto;2606
3506201;Bento de Abreu;2024;3;Alto;2597
3506300;Bernardino de Campos;2014;2;Médio;10771
3506300;Bernardino de Campos;2016;1;Baixo;10773
3506300;Bernardino de Campos;2018;2;Médio;10780
3506300;Bernardino de Campos;2020;2;Médio;10787
3506300;Bernardino de Campos;2022;3;Alto;11601
3506300;Bernardino de Campos;2024;3;Alto;11681
3506359;Bertioga;2014;2;Médio;53915
3506359;Bertioga;2016;2;Médio;57109
3506359;Bertioga;2018;3;Alto;60120
3506359;Bertioga;2020;3;Alto;63290
3506359;Bertioga;2022;3;Alto;64055
3506359;Bertioga;2024;3;Alto;66594
3506409;Bilac;2014;3;Alto;7381
3506409;Bilac;2016;3;Alto;7537
3506409;Bilac;2018;3;Alto;7676
3506409;Bilac;2020;4;Muito alto;7816
3506409;Bilac;2022;3;Alto;7317
3506409;Bilac;2024;3;Alto;7293
3506508;Birigui;2014;3;Alto;114081
3506508;Birigui;2016;3;Alto;116637
3506508;Birigui;2018;4;Muito alto;118960
3506508;Birigui;2020;4;Muito alto;121329
3506508;Birigui;2022;3;Alto;118905
3506508;Birigui;2024;4;Muito alto;120046
3506607;Biritiba Mirim;2014;1;Baixo;30062
3506607;Biritiba Mirim;2016;1;Baixo;30822
3506607;Biritiba Mirim;2018;2;Médio;31571
3506607;Biritiba Mirim;2020;2;Médio;32338
3506607;Biritiba Mirim;2022;1;Baixo;29675
3506607;Biritiba Mirim;2024;2;Médio;29708
3506706;Boa Esperança do Sul;2014;1;Baixo;14022
3506706;Boa Esperança do Sul;2016;1;Baixo;14211
3506706;Boa Esperança do Sul;2018;2;Médio;14396
3506706;Boa Esperança do Sul;2020;1;Baixo;14582
3506706;Boa Esperança do Sul;2022;2;Médio;12983
3506706;Boa Esperança do Sul;2024;2;Médio;12814
3506805;Bocaina;2014;2;Médio;11387
3506805;Bocaina;2016;2;Médio;11646
3506805;Bocaina;2018;1;Baixo;11888
3506805;Bocaina;2020;2;Médio;12135
3506805;Bocaina;2022;1;Baixo;11256
3506805;Bocaina;2024;2;Médio;11268
3506904;Bofete;2014;1;Baixo;10215
3506904;Bofete;2016;2;Médio;10512
3506904;Bofete;2018;2;Médio;10790
3506904;Bofete;2020;2;Médio;11076
3506904;Bofete;2022;2;Médio;10454
3506904;Bofete;2024;2;Médio;10555
3507001;Boituva;2014;3;Alto;52177
3507001;Boituva;2016;3;Alto;54017
3507001;Boituva;2018;4;Muito alto;55630
3507001;Boituva;2020;4;Muito alto;57292
3507001;Boituva;2022;3;Alto;60982
3507001;Boituva;2024;3;Alto;62965
3507100;Bom Jesus dos Perdões;2014;2;Médio;21604
3507100;Bom Jesus dos Perdões;2016;2;Médio;22541
3507100;Bom Jesus dos Perdões;2018;3;Alto;23399
3507100;Bom Jesus dos Perdões;2020;2;Médio;24291
3507100;Bom Jesus dos Perdões;2022;2;Médio;21989
3507100;Bom Jesus dos Perdões;2024;3;Alto;22313
3507159;Bom Sucesso de Itararé;2014;1;Baixo;3676
3507159;Bom Sucesso de Itararé;2016;1;Baixo;3734
3507159;Bom Sucesso de Itararé;2018;1;Baixo;3797
3507159;Bom Sucesso de Itararé;2020;1;Baixo;3861
3507159;Bom Sucesso de Itararé;2022;1;Baixo;3555
3507159;Bom Sucesso de Itararé;2024;2;Médio;3530
3507209;Borá;2014;4;Muito alto;808
3507209;Borá;2016;4;Muito alto;809
3507209;Borá;2018;4;Muito alto;810
3507209;Borá;2020;4;Muito alto;812
3507209;Borá;2022;3;Alto;906
3507209;Borá;2024;4;Muito alto;901
3507308;Boracéia;2014;1;Baixo;4468
3507308;Boracéia;2016;2;Médio;4568
3507308;Boracéia;2018;3;Alto;4662
3507308;Boracéia;2020;3;Alto;4759
3507308;Boracéia;2022;2;Médio;4712
3507308;Boracéia;2024;3;Alto;4793
3507407;Borborema;2014;1;Baixo;14883
3507407;Borborema;2016;3;Alto;15045
3507407;Borborema;2018;3;Alto;15183
3507407;Borborema;2020;3;Alto;15323
3507407;Borborema;2022;2;Médio;14228
3507407;Borborema;2024;3;Alto;14102
3507456;Borebi;2014;2;Médio;2413
3507456;Borebi;2016;3;Alto;2470
3507456;Borebi;2018;3;Alto;2524
3507456;Borebi;2020;3;Alto;2579
3507456;Borebi;2022;2;Médio;2710
3507456;Borebi;2024;2;Médio;2766
3507506;Botucatu;2014;2;Médio;133281
3507506;Botucatu;2016;2;Médio;136091
3507506;Botucatu;2018;3;Alto;138590
3507506;Botucatu;2020;3;Alto;141135
3507506;Botucatu;2022;3;Alto;145023
3507506;Botucatu;2024;3;Alto;147398
3507605;Bragança Paulista;2014;2;Médio;154253
3507605;Bragança Paulista;2016;2;Médio;157759
3507605;Bragança Paulista;2018;3;Alto;160840
3507605;Bragança Paulista;2020;3;Alto;163980
3507605;Bragança Paulista;2022;3;Alto;176582
3507605;Bragança Paulista;2024;3;Alto;181347
3507704;Braúna;2014;2;Médio;5244
3507704;Braúna;2016;3;Alto;5353
3507704;Braúna;2018;3;Alto;5452
3507704;Braúna;2020;3;Alto;5552
3507704;Braúna;2022;2;Médio;5354
3507704;Braúna;2024;2;Médio;5369
3507753;Brejo Alegre;2014;3;Alto;2656
3507753;Brejo Alegre;2016;2;Médio;2695
3507753;Brejo Alegre;2018;2;Médio;2732
3507753;Brejo Alegre;2020;2;Médio;2768
3507753;Brejo Alegre;2022;1;Baixo;2565
3507753;Brejo Alegre;2024;2;Médio;2560
3507803;Brodowski;2014;2;Médio;22349
3507803;Brodowski;2016;2;Médio;22927
3507803;Brodowski;2018;3;Alto;23430
3507803;Brodowski;2020;2;Médio;23943
3507803;Brodowski;2022;2;Médio;25170
3507803;Brodowski;2024;3;Alto;25727
3507902;Brotas;2014;1;Baixo;22542
3507902;Brotas;2016;2;Médio;23003
3507902;Brotas;2018;3;Alto;23423
3507902;Brotas;2020;3;Alto;23850
3507902;Brotas;2022;2;Médio;23881
3507902;Brotas;2024;3;Alto;24154
3508009;Buri;2014;1;Baixo;18957
3508009;Buri;2016;1;Baixo;19181
3508009;Buri;2018;1;Baixo;19428
3508009;Buri;2020;2;Médio;19678
3508009;Buri;2022;1;Baixo;20238
3508009;Buri;2024;2;Médio;20461
3508108;Buritama;2014;2;Médio;15921
3508108;Buritama;2016;3;Alto;16160
3508108;Buritama;2018;3;Alto;16377
3508108;Buritama;2020;3;Alto;16596
3508108;Buritama;2022;3;Alto;17197
3508108;Buritama;2024;3;Alto;17395
3508207;Buritizal;2014;2;Médio;4160
3508207;Buritizal;2016;2;Médio;4211
3508207;Buritizal;2018;3;Alto;4259
3508207;Buritizal;2020;3;Alto;4307
3508207;Buritizal;2022;4;Muito alto;4354
3508207;Buritizal;2024;4;Muito alto;4371
3508306;Cabrália Paulista;2014;1;Baixo;4331
3508306;Cabrália Paulista;2016;1;Baixo;4319
3508306;Cabrália Paulista;2018;2;Médio;4313
3508306;Cabrália Paulista;2020;2;Médio;4308
3508306;Cabrália Paulista;2022;1;Baixo;4299
3508306;Cabrália Paulista;2024;2;Médio;4258
3508405;Cabreúva;2014;3;Alto;44719
3508405;Cabreúva;2016;2;Médio;46306
3508405;Cabreúva;2018;3;Alto;47842
3508405;Cabreúva;2020;3;Alto;49430
3508405;Cabreúva;2022;3;Alto;46971
3508405;Cabreúva;2024;4;Muito alto;47753
3508504;Caçapava;2014;2;Médio;87599
3508504;Caçapava;2016;2;Médio;88913
3508504;Caçapava;2018;3;Alto;90057
3508504;Caçapava;2020;3;Alto;91217
3508504;Caçapava;2022;2;Médio;96117
3508504;Caçapava;2024;3;Alto;97364
3508603;Cachoeira Paulista;2014;1;Baixo;30989
3508603;Cachoeira Paulista;2016;1;Baixo;31423
3508603;Cachoeira Paulista;2018;1;Baixo;31825
3508603;Cachoeira Paulista;2020;2;Médio;32231
3508603;Cachoeira Paulista;2022;1;Baixo;31554
3508603;Cachoeira Paulista;2024;2;Médio;31617
3508702;Caconde;2014;2;Médio;18655
3508702;Caconde;2016;2;Médio;18719
3508702;Caconde;2018;2;Médio;18786
3508702;Caconde;2020;2;Médio;18854
3508702;Caconde;2022;2;Médio;17111
3508702;Caconde;2024;2;Médio;16769
3508801;Cafelândia;2014;1;Baixo;16871
3508801;Cafelândia;2016;2;Médio;17000
3508801;Cafelândia;2018;2;Médio;17121
3508801;Cafelândia;2020;2;Médio;17244
3508801;Cafelândia;2022;1;Baixo;16654
3508801;Cafelândia;2024;2;Médio;16554
3508900;Caiabu;2014;1;Baixo;4090
3508900;Caiabu;2016;2;Médio;4095
3508900;Caiabu;2018;2;Médio;4099
3508900;Caiabu;2020;2;Médio;4103
3508900;Caiabu;2022;1;Baixo;3714
3508900;Caiabu;2024;1;Baixo;3643
3509007;Caieiras;2014;2;Médio;92142
3509007;Caieiras;2016;2;Médio;94994
3509007;Caieiras;2018;3;Alto;97763
3509007;Caieiras;2020;3;Alto;100612
3509007;Caieiras;2022;2;Médio;94970
3509007;Caieiras;2024;2;Médio;95757
3509106;Caiuá;2014;1;Baixo;5267
3509106;Caiuá;2016;1;Baixo;5381
3509106;Caiuá;2018;1;Baixo;5489
3509106;Caiuá;2020;1;Baixo;5600
3509106;Caiuá;2022;2;Médio;5463
3509106;Caiuá;2024;2;Médio;5535
3509205;Cajamar;2014;2;Médio;69549
3509205;Cajamar;2016;3;Alto;72289
3509205;Cajamar;2018;3;Alto;74910
3509205;Cajamar;2020;4;Muito alto;77627
3509205;Cajamar;2022;3;Alto;92452
3509205;Cajamar;2024;4;Muito alto;97051
3509254;Cajati;2014;1;Baixo;28479
3509254;Cajati;2016;1;Baixo;28601
3509254;Cajati;2018;2;Médio;28795
3509254;Cajati;2020;3;Alto;28992
3509254;Cajati;2022;1;Baixo;28514
3509254;Cajati;2024;2;Médio;28440
3509304;Cajobi;2014;2;Médio;9919
3509304;Cajobi;2016;2;Médio;9987
3509304;Cajobi;2018;4;Muito alto;10046
3509304;Cajobi;2020;3;Alto;10105
3509304;Cajobi;2022;3;Alto;9137
3509304;Cajobi;2024;4;Muito alto;8977
3509403;Cajuru;2014;1;Baixo;24295
3509403;Cajuru;2016;2;Médio;24758
3509403;Cajuru;2018;2;Médio;25206
3509403;Cajuru;2020;2;Médio;25663
3509403;Cajuru;2022;1;Baixo;23827
3509403;Cajuru;2024;1;Baixo;23720
3509452;Campina do Monte Alegre;2014;1;Baixo;5665
3509452;Campina do Monte Alegre;2016;1;Baixo;5714
3509452;Campina do Monte Alegre;2018;1;Baixo;5763
3509452;Campina do Monte Alegre;2020;2;Médio;5812
3509452;Campina do Monte Alegre;2022;1;Baixo;5951
3509452;Campina do Monte Alegre;2024;2;Médio;5989
3509502;Campinas;2014;3;Alto;1123241
3509502;Campinas;2016;3;Alto;1142620
3509502;Campinas;2018;4;Muito alto;1158944
3509502;Campinas;2020;4;Muito alto;1175501
3509502;Campinas;2022;3;Alto;1138627
3509502;Campinas;2024;3;Alto;1140709
3509601;Campo Limpo Paulista;2014;2;Médio;77669
3509601;Campo Limpo Paulista;2016;2;Médio;79446
3509601;Campo Limpo Paulista;2018;2;Médio;81126
3509601;Campo Limpo Paulista;2020;2;Médio;82842
3509601;Campo Limpo Paulista;2022;2;Médio;77607
3509601;Campo Limpo Paulista;2024;3;Alto;77596
3509700;Campos do Jordão;2014;2;Médio;48746
3509700;Campos do Jordão;2016;2;Médio;49219
3509700;Campos do Jordão;2018;3;Alto;49666
3509700;Campos do Jordão;2020;3;Alto;50118
3509700;Campos do Jordão;2022;3;Alto;46980
3509700;Campos do Jordão;2024;3;Alto;46563
3509809;Campos Novos Paulista;2014;1;Baixo;4648
3509809;Campos Novos Paulista;2016;1;Baixo;4705
3509809;Campos Novos Paulista;2018;2;Médio;4760
3509809;Campos Novos Paulista;2020;2;Médio;4817
3509809;Campos Novos Paulista;2022;2;Médio;4885
3509809;Campos Novos Paulista;2024;2;Médio;4925
3509908;Cananéia;2014;1;Baixo;12215
3509908;Cananéia;2016;1;Baixo;12236
3509908;Cananéia;2018;2;Médio;12289
3509908;Cananéia;2020;2;Médio;12341
3509908;Cananéia;2022;1;Baixo;12289
3509908;Cananéia;2024;1;Baixo;12182
3509957;Canas;2014;1;Baixo;4660
3509957;Canas;2016;1;Baixo;4797
3509957;Canas;2018;1;Baixo;4929
3509957;Canas;2020;1;Baixo;5064
3509957;Canas;2022;1;Baixo;4927
3509957;Canas;2024;1;Baixo;4997
3510005;Cândido Mota;2014;2;Médio;29948
3510005;Cândido Mota;2016;3;Alto;29976
3510005;Cândido Mota;2018;3;Alto;29997
3510005;Cândido Mota;2020;3;Alto;30019
3510005;Cândido Mota;2022;3;Alto;29452
3510005;Cândido Mota;2024;4;Muito alto;29219
3510104;Cândido Rodrigues;2014;1;Baixo;2674
3510104;Cândido Rodrigues;2016;2;Médio;2675
3510104;Cândido Rodrigues;2018;3;Alto;2674
3510104;Cândido Rodrigues;2020;3;Alto;2674
3510104;Cândido Rodrigues;2022;3;Alto;2887
3510104;Cândido Rodrigues;2024;3;Alto;2940
3510153;Canitar;2014;1;Baixo;4610
3510153;Canitar;2016;1;Baixo;4736
3510153;Canitar;2018;1;Baixo;4862
3510153;Canitar;2020;2;Médio;4991
3510153;Canitar;2022;1;Baixo;6267
3510153;Canitar;2024;2;Médio;6613
3510203;Capão Bonito;2014;1;Baixo;46143
3510203;Capão Bonito;2016;2;Médio;46190
3510203;Capão Bonito;2018;2;Médio;46303
3510203;Capão Bonito;2020;2;Médio;46418
3510203;Capão Bonito;2022;2;Médio;46336
3510203;Capão Bonito;2024;2;Médio;46184
3510302;Capela do Alto;2014;1;Baixo;18696
3510302;Capela do Alto;2016;2;Médio;19304
3510302;Capela do Alto;2018;2;Médio;19913
3510302;Capela do Alto;2020;2;Médio;20542
3510302;Capela do Alto;2022;1;Baixo;22824
3510302;Capela do Alto;2024;3;Alto;23674
3510401;Capivari;2014;2;Médio;50847
3510401;Capivari;2016;2;Médio;51993
3510401;Capivari;2018;3;Alto;53100
3510401;Capivari;2020;4;Muito alto;54231
3510401;Capivari;2022;2;Médio;50057
3510401;Capivari;2024;3;Alto;50054
3510500;Caraguatatuba;2014;2;Médio;107271
3510500;Caraguatatuba;2016;3;Alto;110384
3510500;Caraguatatuba;2018;3;Alto;113208
3510500;Caraguatatuba;2020;3;Alto;116106
3510500;Caraguatatuba;2022;2;Médio;134601
3510500;Caraguatatuba;2024;3;Alto;139734
3510609;Carapicuíba;2014;1;Baixo;380414
3510609;Carapicuíba;2016;1;Baixo;385474
3510609;Carapicuíba;2018;2;Médio;390010
3510609;Carapicuíba;2020;2;Médio;394598
3510609;Carapicuíba;2022;1;Baixo;386860
3510609;Carapicuíba;2024;2;Médio;386150
3510708;Cardoso;2014;2;Médio;11775
3510708;Cardoso;2016;2;Médio;11759
3510708;Cardoso;2018;3;Alto;11740
3510708;Cardoso;2020;2;Médio;11721
3510708;Cardoso;2022;2;Médio;11348
3510708;Cardoso;2024;4;Muito alto;11206
3510807;Casa Branca;2014;1;Baixo;28779
3510807;Casa Branca;2016;2;Médio;29013
3510807;Casa Branca;2018;2;Médio;29236
3510807;Casa Branca;2020;2;Médio;29462
3510807;Casa Branca;2022;2;Médio;28085
3510807;Casa Branca;2024;2;Médio;27982
3510906;Cássia dos Coqueiros;2014;2;Médio;2569
3510906;Cássia dos Coqueiros;2016;2;Médio;2542
3510906;Cássia dos Coqueiros;2018;3;Alto;2518
3510906;Cássia dos Coqueiros;2020;4;Muito alto;2495
3510906;Cássia dos Coqueiros;2022;3;Alto;2798
3510906;Cássia dos Coqueiros;2024;3;Alto;2801
3511003;Castilho;2014;1;Baixo;19116
3511003;Castilho;2016;2;Médio;19668
3511003;Castilho;2018;2;Médio;20191
3511003;Castilho;2020;2;Médio;20728
3511003;Castilho;2022;3;Alto;19963
3511003;Castilho;2024;3;Alto;20149
3511102;Catanduva;2014;3;Alto;114778
3511102;Catanduva;2016;3;Alto;115669
3511102;Catanduva;2018;4;Muito alto;116435
3511102;Catanduva;2020;4;Muito alto;117206
3511102;Catanduva;2022;3;Alto;115770
3511102;Catanduva;2024;4;Muito alto;115729
3511201;Catiguá;2014;1;Baixo;7301
3511201;Catiguá;2016;2;Médio;7382
3511201;Catiguá;2018;2;Médio;7455
3511201;Catiguá;2020;3;Alto;7529
3511201;Catiguá;2022;2;Médio;7004
3511201;Catiguá;2024;2;Médio;6905
3511300;Cedral;2014;3;Alto;8337
3511300;Cedral;2016;3;Alto;8513
3511300;Cedral;2018;4;Muito alto;8673
3511300;Cedral;2020;4;Muito alto;8836
3511300;Cedral;2022;3;Alto;12578
3511300;Cedral;2024;4;Muito alto;13398
3511409;Cerqueira César;2014;1;Baixo;18212
3511409;Cerqueira César;2016;2;Médio;18553
3511409;Cerqueira César;2018;2;Médio;18879
3511409;Cerqueira César;2020;3;Alto;19213
3511409;Cerqueira César;2022;2;Médio;21439
3511409;Cerqueira César;2024;3;Alto;22036
3511508;Cerquilho;2014;4;Muito alto;42560
3511508;Cerquilho;2016;4;Muito alto;43949
3511508;Cerquilho;2018;4;Muito alto;45164
3511508;Cerquilho;2020;4;Muito alto;46411
3511508;Cerquilho;2022;4;Muito alto;44658
3511508;Cerquilho;2024;4;Muito alto;45227
3511607;Cesário Lange;2014;2;Médio;16311
3511607;Cesário Lange;2016;1;Baixo;16659
3511607;Cesário Lange;2018;2;Médio;16951
3511607;Cesário Lange;2020;2;Médio;17248
3511607;Cesário Lange;2022;2;Médio;19021
3511607;Cesário Lange;2024;2;Médio;19532
3511706;Charqueada;2014;2;Médio;15843
3511706;Charqueada;2016;2;Médio;16217
3511706;Charqueada;2018;3;Alto;16571
3511706;Charqueada;2020;2;Médio;16933
3511706;Charqueada;2022;2;Médio;15532
3511706;Charqueada;2024;3;Alto;15541
3511904;Clementina;2014;2;Médio;7599
3511904;Clementina;2016;3;Alto;7856
3511904;Clementina;2018;2;Médio;8087
3511904;Clementina;2020;2;Médio;8324
3511904;Clementina;2022;2;Médio;6983
3511904;Clementina;2024;2;Médio;6902
3512001;Colina;2014;2;Médio;17485
3512001;Colina;2016;2;Médio;17533
3512001;Colina;2018;3;Alto;17568
3512001;Colina;2020;3;Alto;17603
3512001;Colina;2022;3;Alto;18478
3512001;Colina;2024;3;Alto;18577
3512100;Colômbia;2014;2;Médio;6019
3512100;Colômbia;2016;3;Alto;6029
3512100;Colômbia;2018;4;Muito alto;6037
3512100;Colômbia;2020;4;Muito alto;6046
3512100;Colômbia;2022;4;Muito alto;6624
3512100;Colômbia;2024;4;Muito alto;6703
3512209;Conchal;2014;2;Médio;26069
3512209;Conchal;2016;1;Baixo;26484
3512209;Conchal;2018;2;Médio;26881
3512209;Conchal;2020;2;Médio;27284
3512209;Conchal;2022;2;Médio;28080
3512209;Conchal;2024;2;Médio;28354
3512308;Conchas;2014;1;Baixo;16628
3512308;Conchas;2016;1;Baixo;16799
3512308;Conchas;2018;2;Médio;16966
3512308;Conchas;2020;3;Alto;17134
3512308;Conchas;2022;1;Baixo;15239
3512308;Conchas;2024;2;Médio;14994
3512407;Cordeirópolis;2014;3;Alto;22457
3512407;Cordeirópolis;2016;3;Alto;23123
3512407;Cordeirópolis;2018;4;Muito alto;23732
3512407;Cordeirópolis;2020;4;Muito alto;24356
3512407;Cordeirópolis;2022;3;Alto;24488
3512407;Cordeirópolis;2024;3;Alto;25022
3512506;Coroados;2014;1;Baixo;5540
3512506;Coroados;2016;1;Baixo;5680
3512506;Coroados;2018;3;Alto;5802
3512506;Coroados;2020;2;Médio;5926
3512506;Coroados;2022;3;Alto;5399
3512506;Coroados;2024;3;Alto;5377
3512605;Coronel Macedo;2014;1;Baixo;4917
3512605;Coronel Macedo;2016;1;Baixo;4884
3512605;Coronel Macedo;2018;2;Médio;4864
3512605;Coronel Macedo;2020;2;Médio;4843
3512605;Coronel Macedo;2022;1;Baixo;4285
3512605;Coronel Macedo;2024;2;Médio;4140
3512704;Corumbataí;2014;1;Baixo;3910
3512704;Corumbataí;2016;3;Alto;3928
3512704;Corumbataí;2018;4;Muito alto;3945
3512704;Corumbataí;2020;3;Alto;3962
3512704;Corumbataí;2022;3;Alto;4193
3512704;Corumbataí;2024;4;Muito alto;4222
3512803;Cosmópolis;2014;2;Médio;63942
3512803;Cosmópolis;2016;3;Alto;66478
3512803;Cosmópolis;2018;3;Alto;68838
3512803;Cosmópolis;2020;3;Alto;71282
3512803;Cosmópolis;2022;2;Médio;59766
3512803;Cosmópolis;2024;3;Alto;59522
3512902;Cosmorama;2014;3;Alto;7123
3512902;Cosmorama;2016;2;Médio;7079
3512902;Cosmorama;2018;3;Alto;7038
3512902;Cosmorama;2020;4;Muito alto;6997
3512902;Cosmorama;2022;3;Alto;8708
3512902;Cosmorama;2024;4;Muito alto;8942
3513009;Cotia;2014;2;Médio;219888
3513009;Cotia;2016;2;Médio;229300
3513009;Cotia;2018;3;Alto;238189
3513009;Cotia;2020;3;Alto;247424
3513009;Cotia;2022;2;Médio;273822
3513009;Cotia;2024;2;Médio;284746
3513108;Cravinhos;2014;2;Médio;32818
3513108;Cravinhos;2016;2;Médio;33372
3513108;Cravinhos;2018;2;Médio;33896
3513108;Cravinhos;2020;3;Alto;34428
3513108;Cravinhos;2022;2;Médio;33270
3513108;Cravinhos;2024;2;Médio;33320
3513207;Cristais Paulista;2014;1;Baixo;7939
3513207;Cristais Paulista;2016;2;Médio;8109
3513207;Cristais Paulista;2018;2;Médio;8265
3513207;Cristais Paulista;2020;2;Médio;8425
3513207;Cristais Paulista;2022;2;Médio;9259
3513207;Cristais Paulista;2024;3;Alto;9481
3513306;Cruzália;2014;1;Baixo;2204
3513306;Cruzália;2016;2;Médio;2172
3513306;Cruzália;2018;3;Alto;2144
3513306;Cruzália;2020;3;Alto;2117
3513306;Cruzália;2022;4;Muito alto;2109
3513306;Cruzália;2024;4;Muito alto;2078
3513405;Cruzeiro;2014;1;Baixo;78264
3513405;Cruzeiro;2016;1;Baixo;78848
3513405;Cruzeiro;2018;2;Médio;79386
3513405;Cruzeiro;2020;2;Médio;79927
3513405;Cruzeiro;2022;2;Médio;74975
3513405;Cruzeiro;2024;2;Médio;74059
3513504;Cubatão;2014;1;Baixo;122940
3513504;Cubatão;2016;2;Médio;125047
3513504;Cubatão;2018;3;Alto;127079
3513504;Cubatão;2020;3;Alto;129145
3513504;Cubatão;2022;3;Alto;112518
3513504;Cubatão;2024;2;Médio;110542
3513603;Cunha;2014;1;Baixo;21733
3513603;Cunha;2016;1;Baixo;21694
3513603;Cunha;2018;1;Baixo;21687
3513603;Cunha;2020;1;Baixo;21681
3513603;Cunha;2022;1;Baixo;22108
3513603;Cunha;2024;2;Médio;22092
3513702;Descalvado;2014;2;Médio;31643
3513702;Descalvado;2016;3;Alto;31923
3513702;Descalvado;2018;4;Muito alto;32176
3513702;Descalvado;2020;4;Muito alto;32430
3513702;Descalvado;2022;3;Alto;31751
3513702;Descalvado;2024;3;Alto;31747
3513801;Diadema;2014;2;Médio;394131
3513801;Diadema;2016;2;Médio;397868
3513801;Diadema;2018;2;Médio;401159
3513801;Diadema;2020;3;Alto;404477
3513801;Diadema;2022;2;Médio;393187
3513801;Diadema;2024;2;Médio;390974
3513850;Dirce Reis;2014;1;Baixo;1704
3513850;Dirce Reis;2016;2;Médio;1710
3513850;Dirce Reis;2018;2;Médio;1713
3513850;Dirce Reis;2020;3;Alto;1717
3513850;Dirce Reis;2022;2;Médio;1620
3513850;Dirce Reis;2024;4;Muito alto;1594
3513900;Divinolândia;2014;1;Baixo;11059
3513900;Divinolândia;2016;2;Médio;10993
3513900;Divinolândia;2018;2;Médio;10940
3513900;Divinolândia;2020;3;Alto;10886
3513900;Divinolândia;2022;3;Alto;11158
3513900;Divinolândia;2024;2;Médio;11114
3514007;Dobrada;2014;2;Médio;8326
3514007;Dobrada;2016;2;Médio;8521
3514007;Dobrada;2018;2;Médio;8710
3514007;Dobrada;2020;2;Médio;8904
3514007;Dobrada;2022;1;Baixo;8753
3514007;Dobrada;2024;1;Baixo;8860
3514106;Dois Córregos;2014;1;Baixo;25641
3514106;Dois Córregos;2016;2;Médio;26087
3514106;Dois Córregos;2018;2;Médio;26526
3514106;Dois Córregos;2020;3;Alto;26972
3514106;Dois Córregos;2022;2;Médio;24512
3514106;Dois Córregos;2024;2;Médio;24274
3514205;Dolcinópolis;2014;3;Alto;2075
3514205;Dolcinópolis;2016;4;Muito alto;2063
3514205;Dolcinópolis;2018;4;Muito alto;2051
3514205;Dolcinópolis;2020;4;Muito alto;2040
3514205;Dolcinópolis;2022;3;Alto;2206
3514205;Dolcinópolis;2024;3;Alto;2219
3514304;Dourado;2014;2;Médio;8554
3514304;Dourado;2016;3;Alto;8528
3514304;Dourado;2018;2;Médio;8506
3514304;Dourado;2020;2;Médio;8482
3514304;Dourado;2022;2;Médio;8099
3514304;Dourado;2024;3;Alto;7989
3514403;Dracena;2014;2;Médio;44043
3514403;Dracena;2016;3;Alto;44396
3514403;Dracena;2018;3;Alto;44694
3514403;Dracena;2020;3;Alto;44995
3514403;Dracena;2022;3;Alto;45458
3514403;Dracena;2024;3;Alto;45667
3514502;Duartina;2014;1;Baixo;12143
3514502;Duartina;2016;2;Médio;12088
3514502;Duartina;2018;2;Médio;12031
3514502;Duartina;2020;3;Alto;11975
3514502;Duartina;2022;3;Alto;12327
3514502;Duartina;2024;3;Alto;12320
3514601;Dumont;2014;2;Médio;8786
3514601;Dumont;2016;4;Muito alto;9079
3514601;Dumont;2018;3;Alto;9321
3514601;Dumont;2020;3;Alto;9570
3514601;Dumont;2022;4;Muito alto;9461
3514601;Dumont;2024;4;Muito alto;9649
3514700;Echaporã;2014;1;Baixo;6274
3514700;Echaporã;2016;1;Baixo;6253
3514700;Echaporã;2018;1;Baixo;6235
3514700;Echaporã;2020;2;Médio;6217
3514700;Echaporã;2022;1;Baixo;6206
3514700;Echaporã;2024;3;Alto;6166
3514809;Eldorado;2014;1;Baixo;14790
3514809;Eldorado;2016;1;Baixo;14909
3514809;Eldorado;2018;1;Baixo;15072
3514809;Eldorado;2020;1;Baixo;15236
3514809;Eldorado;2022;1;Baixo;13079
3514809;Eldorado;2024;1;Baixo;12711
3514908;Elias Fausto;2014;2;Médio;16438
3514908;Elias Fausto;2016;2;Médio;16756
3514908;Elias Fausto;2018;3;Alto;17048
3514908;Elias Fausto;2020;3;Alto;17346
3514908;Elias Fausto;2022;3;Alto;17685
3514908;Elias Fausto;2024;3;Alto;17926
3514924;Elisiário;2014;2;Médio;3282
3514924;Elisiário;2016;4;Muito alto;3359
3514924;Elisiário;2018;3;Alto;3428
3514924;Elisiário;2020;4;Muito alto;3499
3514924;Elisiário;2022;4;Muito alto;3138
3514924;Elisiário;2024;4;Muito alto;3111
3514957;Embaúba;2014;2;Médio;2411
3514957;Embaúba;2016;1;Baixo;2408
3514957;Embaúba;2018;2;Médio;2409
3514957;Embaúba;2020;3;Alto;2409
3514957;Embaúba;2022;2;Médio;2324
3514957;Embaúba;2024;4;Muito alto;2295
3515004;Embu das Artes;2014;1;Baixo;252729
3515004;Embu das Artes;2016;2;Médio;258917
3515004;Embu das Artes;2018;2;Médio;264787
3515004;Embu das Artes;2020;2;Médio;270790
3515004;Embu das Artes;2022;2;Médio;250617
3515004;Embu das Artes;2024;2;Médio;250100
3515103;Embu-Guaçu;2014;1;Baixo;64882
3515103;Embu-Guaçu;2016;2;Médio;65950
3515103;Embu-Guaçu;2018;2;Médio;66993
3515103;Embu-Guaçu;2020;2;Médio;68053
3515103;Embu-Guaçu;2022;1;Baixo;66940
3515103;Embu-Guaçu;2024;2;Médio;67053
3515129;Emilianópolis;2014;2;Médio;3047
3515129;Emilianópolis;2016;2;Médio;3057
3515129;Emilianópolis;2018;2;Médio;3063
3515129;Emilianópolis;2020;2;Médio;3068
3515129;Emilianópolis;2022;2;Médio;3014
3515129;Emilianópolis;2024;4;Muito alto;3005
3515152;Engenheiro Coelho;2014;1;Baixo;17772
3515152;Engenheiro Coelho;2016;2;Médio;18761
3515152;Engenheiro Coelho;2018;2;Médio;19628
3515152;Engenheiro Coelho;2020;2;Médio;20535
3515152;Engenheiro Coelho;2022;2;Médio;19536
3515152;Engenheiro Coelho;2024;3;Alto;20145
3515186;Espírito Santo do Pinhal;2014;2;Médio;42214
3515186;Espírito Santo do Pinhal;2016;2;Médio;42350
3515186;Espírito Santo do Pinhal;2018;3;Alto;42461
3515186;Espírito Santo do Pinhal;2020;3;Alto;42573
3515186;Espírito Santo do Pinhal;2022;3;Alto;39830
3515186;Espírito Santo do Pinhal;2024;3;Alto;39381
3515194;Espírito Santo do Turvo;2014;1;Baixo;4462
3515194;Espírito Santo do Turvo;2016;1;Baixo;4573
3515194;Espírito Santo do Turvo;2018;1;Baixo;4685
3515194;Espírito Santo do Turvo;2020;2;Médio;4799
3515194;Espírito Santo do Turvo;2022;2;Médio;4158
3515194;Espírito Santo do Turvo;2024;3;Alto;4148
3515202;Estrela d'Oeste;2014;3;Alto;8168
3515202;Estrela d'Oeste;2016;4;Muito alto;8144
3515202;Estrela d'Oeste;2018;4;Muito alto;8119
3515202;Estrela d'Oeste;2020;4;Muito alto;8094
3515202;Estrela d'Oeste;2022;3;Alto;9408
3515202;Estrela d'Oeste;2024;4;Muito alto;9579
3515301;Estrela do Norte;2014;2;Médio;2655
3515301;Estrela do Norte;2016;4;Muito alto;2656
3515301;Estrela do Norte;2018;3;Alto;2661
3515301;Estrela do Norte;2020;4;Muito alto;2665
3515301;Estrela do Norte;2022;2;Médio;2703
3515301;Estrela do Norte;2024;2;Médio;2663
3515350;Euclides da Cunha Paulista;2014;1;Baixo;9517
3515350;Euclides da Cunha Paulista;2016;1;Baixo;9507
3515350;Euclides da Cunha Paulista;2018;1;Baixo;9523
3515350;Euclides da Cunha Paulista;2020;1;Baixo;9537
3515350;Euclides da Cunha Paulista;2022;1;Baixo;7934
3515350;Euclides da Cunha Paulista;2024;1;Baixo;7604
3515400;Fartura;2014;3;Alto;15432
3515400;Fartura;2016;3;Alto;15497
3515400;Fartura;2018;4;Muito alto;15570
3515400;Fartura;2020;4;Muito alto;15644
3515400;Fartura;2022;3;Alto;16631
3515400;Fartura;2024;4;Muito alto;16737
3515509;Fernandópolis;2014;3;Alto;65375
3515509;Fernandópolis;2016;3;Alto;65663
3515509;Fernandópolis;2018;4;Muito alto;65887
3515509;Fernandópolis;2020;4;Muito alto;66112
3515509;Fernandópolis;2022;3;Alto;71139
3515509;Fernandópolis;2024;4;Muito alto;72043
3515608;Fernando Prestes;2014;2;Médio;5556
3515608;Fernando Prestes;2016;3;Alto;5563
3515608;Fernando Prestes;2018;3;Alto;5567
3515608;Fernando Prestes;2020;4;Muito alto;5572
3515608;Fernando Prestes;2022;4;Muito alto;5939
3515608;Fernando Prestes;2024;4;Muito alto;5998
3515657;Fernão;2014;4;Muito alto;1596
3515657;Fernão;2016;3;Alto;1613
3515657;Fernão;2018;4;Muito alto;1631
3515657;Fernão;2020;3;Alto;1649
3515657;Fernão;2022;3;Alto;1655
3515657;Fernão;2024;3;Alto;1664
3515707;Ferraz de Vasconcelos;2014;1;Baixo;178160
3515707;Ferraz de Vasconcelos;2016;1;Baixo;183163
3515707;Ferraz de Vasconcelos;2018;1;Baixo;188035
3515707;Ferraz de Vasconcelos;2020;2;Médio;193037
3515707;Ferraz de Vasconcelos;2022;1;Baixo;179120
3515707;Ferraz de Vasconcelos;2024;2;Médio;179733
3515806;Flora Rica;2014;1;Baixo;1674
3515806;Flora Rica;2016;2;Médio;1641
3515806;Flora Rica;2018;2;Médio;1615
3515806;Flora Rica;2020;3;Alto;1589
3515806;Flora Rica;2022;3;Alto;1489
3515806;Flora Rica;2024;3;Alto;1435
3515905;Floreal;2014;3;Alto;2942
3515905;Floreal;2016;4;Muito alto;2912
3515905;Floreal;2018;4;Muito alto;2884
3515905;Floreal;2020;4;Muito alto;2856
3515905;Floreal;2022;4;Muito alto;2735
3515905;Floreal;2024;4;Muito alto;2678
3516002;Flórida Paulista;2014;1;Baixo;12522
3516002;Flórida Paulista;2016;1;Baixo;12380
3516002;Flórida Paulista;2018;1;Baixo;12249
3516002;Flórida Paulista;2020;1;Baixo;12120
3516002;Flórida Paulista;2022;1;Baixo;12957
3516002;Flórida Paulista;2024;2;Médio;12908
3516101;Florínea;2014;1;Baixo;2766
3516101;Florínea;2016;3;Alto;2740
3516101;Florínea;2018;4;Muito alto;2722
3516101;Florínea;2020;3;Alto;2703
3516101;Florínea;2022;4;Muito alto;3843
3516101;Florínea;2024;4;Muito alto;3988
3516200;Franca;2014;2;Médio;328640
3516200;Franca;2016;3;Alto;333405
3516200;Franca;2018;3;Alto;337738
3516200;Franca;2020;4;Muito alto;342125
3516200;Franca;2022;3;Alto;352289
3516200;Franca;2024;3;Alto;356397
3516309;Francisco Morato;2014;1;Baixo;162055
3516309;Francisco Morato;2016;1;Baixo;166077
3516309;Francisco Morato;2018;1;Baixo;170189
3516309;Francisco Morato;2020;1;Baixo;174403
3516309;Francisco Morato;2022;1;Baixo;165062
3516309;Francisco Morato;2024;1;Baixo;165657
3516408;Franco da Rocha;2014;1;Baixo;139981
3516408;Franco da Rocha;2016;1;Baixo;144159
3516408;Franco da Rocha;2018;1;Baixo;148126
3516408;Franco da Rocha;2020;1;Baixo;152201
3516408;Franco da Rocha;2022;1;Baixo;144753
3516408;Franco da Rocha;2024;2;Médio;146151
3516507;Gabriel Monteiro;2014;3;Alto;2703
3516507;Gabriel Monteiro;2016;4;Muito alto;2698
3516507;Gabriel Monteiro;2018;3;Alto;2692
3516507;Gabriel Monteiro;2020;3;Alto;2684
3516507;Gabriel Monteiro;2022;4;Muito alto;2763
3516507;Gabriel Monteiro;2024;4;Muito alto;2758
3516606;Gália;2014;1;Baixo;6787
3516606;Gália;2016;2;Médio;6696
3516606;Gália;2018;1;Baixo;6629
3516606;Gália;2020;2;Médio;6563
3516606;Gália;2022;1;Baixo;6384
3516606;Gália;2024;1;Baixo;6218
3516705;Garça;2014;1;Baixo;42838
3516705;Garça;2016;1;Baixo;42712
3516705;Garça;2018;2;Médio;42597
3516705;Garça;2020;2;Médio;42483
3516705;Garça;2022;2;Médio;42117
3516705;Garça;2024;2;Médio;41765
3516804;Gastão Vidigal;2014;2;Médio;4446
3516804;Gastão Vidigal;2016;2;Médio;4563
3516804;Gastão Vidigal;2018;3;Alto;4664
3516804;Gastão Vidigal;2020;3;Alto;4768
3516804;Gastão Vidigal;2022;3;Alto;3258
3516804;Gastão Vidigal;2024;3;Alto;3066
3516853;Gavião Peixoto;2014;2;Médio;4496
3516853;Gavião Peixoto;2016;4;Muito alto;4535
3516853;Gavião Peixoto;2018;4;Muito alto;4572
3516853;Gavião Peixoto;2020;4;Muito alto;4610
3516853;Gavião Peixoto;2022;4;Muito alto;4700
3516853;Gavião Peixoto;2024;4;Muito alto;4742
3516903;General Salgado;2014;3;Alto;10683
3516903;General Salgado;2016;1;Baixo;10679
3516903;General Salgado;2018;2;Médio;10663
3516903;General Salgado;2020;2;Médio;10648
3516903;General Salgado;2022;2;Médio;10314
3516903;General Salgado;2024;2;Médio;10194
3517000;Getulina;2014;1;Baixo;10790
3517000;Getulina;2016;1;Baixo;10807
3517000;Getulina;2018;1;Baixo;10827
3517000;Getulina;2020;2;Médio;10847
3517000;Getulina;2022;1;Baixo;10236
3517000;Getulina;2024;2;Médio;10057
3517109;Glicério;2014;1;Baixo;4643
3517109;Glicério;2016;2;Médio;4681
3517109;Glicério;2018;3;Alto;4714
3517109;Glicério;2020;3;Alto;4749
3517109;Glicério;2022;3;Alto;4141
3517109;Glicério;2024;3;Alto;4019
3517208;Guaiçara;2014;1;Baixo;11195
3517208;Guaiçara;2016;1;Baixo;11454
3517208;Guaiçara;2018;1;Baixo;11698
3517208;Guaiçara;2020;1;Baixo;11947
3517208;Guaiçara;2022;2;Médio;11235
3517208;Guaiçara;2024;1;Baixo;11271
3517307;Guaimbê;2014;1;Baixo;5457
3517307;Guaimbê;2016;1;Baixo;5479
3517307;Guaimbê;2018;1;Baixo;5507
3517307;Guaimbê;2020;1;Baixo;5534
3517307;Guaimbê;2022;1;Baixo;5511
3517307;Guaimbê;2024;2;Médio;5480
3517406;Guaíra;2014;2;Médio;38135
3517406;Guaíra;2016;3;Alto;38473
3517406;Guaíra;2018;3;Alto;38766
3517406;Guaíra;2020;3;Alto;39061
3517406;Guaíra;2022;2;Médio;39266
3517406;Guaíra;2024;3;Alto;39464
3517505;Guapiaçu;2014;2;Médio;19146
3517505;Guapiaçu;2016;3;Alto;19753
3517505;Guapiaçu;2018;3;Alto;20293
3517505;Guapiaçu;2020;3;Alto;20848
3517505;Guapiaçu;2022;3;Alto;21682
3517505;Guapiaçu;2024;3;Alto;22310
3517604;Guapiara;2014;1;Baixo;17754
3517604;Guapiara;2016;1;Baixo;17707
3517604;Guapiara;2018;1;Baixo;17741
3517604;Guapiara;2020;1;Baixo;17775
3517604;Guapiara;2022;1;Baixo;17077
3517604;Guapiara;2024;1;Baixo;16822
3517703;Guará;2014;1;Baixo;20226
3517703;Guará;2016;2;Médio;20421
3517703;Guará;2018;2;Médio;20622
3517703;Guará;2020;2;Médio;20824
3517703;Guará;2022;2;Médio;18614
3517703;Guará;2024;2;Médio;18295
3517802;Guaraçaí;2014;1;Baixo;8440
3517802;Guaraçaí;2016;2;Médio;8434
3517802;Guaraçaí;2018;2;Médio;8424
3517802;Guaraçaí;2020;2;Médio;8412
3517802;Guaraçaí;2022;1;Baixo;7447
3517802;Guaraçaí;2024;2;Médio;7206
3517901;Guaraci;2014;1;Baixo;10386
3517901;Guaraci;2016;1;Baixo;10589
3517901;Guaraci;2018;2;Médio;10781
3517901;Guaraci;2020;3;Alto;10978
3517901;Guaraci;2022;2;Médio;10347
3517901;Guaraci;2024;3;Alto;10374
3518008;Guarani d'Oeste;2014;3;Alto;1952
3518008;Guarani d'Oeste;2016;3;Alto;1942
3518008;Guarani d'Oeste;2018;4;Muito alto;1932
3518008;Guarani d'Oeste;2020;4;Muito alto;1922
3518008;Guarani d'Oeste;2022;4;Muito alto;1968
3518008;Guarani d'Oeste;2024;2;Médio;1956
3518107;Guarantã;2014;1;Baixo;6430
3518107;Guarantã;2016;2;Médio;6445
3518107;Guarantã;2018;1;Baixo;6461
3518107;Guarantã;2020;2;Médio;6477
3518107;Guarantã;2022;2;Médio;6427
3518107;Guarantã;2024;1;Baixo;6394
3518206;Guararapes;2014;2;Médio;31270
3518206;Guararapes;2016;2;Médio;31570
3518206;Guararapes;2018;3;Alto;31822
3518206;Guararapes;2020;4;Muito alto;32076
3518206;Guararapes;2022;3;Alto;31040
3518206;Guararapes;2024;4;Muito alto;30836
3518305;Guararema;2014;2;Médio;27248
3518305;Guararema;2016;2;Médio;27973
3518305;Guararema;2018;3;Alto;28692
3518305;Guararema;2020;3;Alto;29429
3518305;Guararema;2022;3;Alto;31195
3518305;Guararema;2024;4;Muito alto;31934
3518404;Guaratinguetá;2014;1;Baixo;114750
3518404;Guaratinguetá;2016;2;Médio;116020
3518404;Guaratinguetá;2018;2;Médio;117177
3518404;Guaratinguetá;2020;3;Alto;118345
3518404;Guaratinguetá;2022;2;Médio;118001
3518404;Guaratinguetá;2024;3;Alto;118669
3518503;Guareí;2014;2;Médio;15033
3518503;Guareí;2016;1;Baixo;15279
3518503;Guareí;2018;2;Médio;15512
3518503;Guareí;2020;2;Médio;15750
3518503;Guareí;2022;1;Baixo;15010
3518503;Guareí;2024;3;Alto;15022
3518602;Guariba;2014;1;Baixo;36962
3518602;Guariba;2016;2;Médio;37679
3518602;Guariba;2018;2;Médio;38344
3518602;Guariba;2020;3;Alto;39021
3518602;Guariba;2022;2;Médio;37484
3518602;Guariba;2024;3;Alto;37503
3518701;Guarujá;2014;1;Baixo;300761
3518701;Guarujá;2016;1;Baixo;305938
3518701;Guarujá;2018;2;Médio;311128
3518701;Guarujá;2020;2;Médio;316405
3518701;Guarujá;2022;2;Médio;287656
3518701;Guarujá;2024;2;Médio;284834
3518800;Guarulhos;2014;2;Médio;1274528
3518800;Guarulhos;2016;2;Médio;1300708
3518800;Guarulhos;2018;2;Médio;1325750
3518800;Guarulhos;2020;2;Médio;1351275
3518800;Guarulhos;2022;2;Médio;1291273
3518800;Guarulhos;2024;2;Médio;1294142
3518859;Guatapará;2014;1;Baixo;7155
3518859;Guatapará;2016;1;Baixo;7250
3518859;Guatapará;2018;1;Baixo;7345
3518859;Guatapará;2020;2;Médio;7440
3518859;Guatapará;2022;1;Baixo;7317
3518859;Guatapará;2024;2;Médio;7329
3518909;Guzolândia;2014;1;Baixo;4898
3518909;Guzolândia;2016;1;Baixo;4970
3518909;Guzolândia;2018;2;Médio;5038
3518909;Guzolândia;2020;2;Médio;5107
3518909;Guzolândia;2022;2;Médio;4249
3518909;Guzolândia;2024;3;Alto;4119
3519006;Herculândia;2014;1;Baixo;8921
3519006;Herculândia;2016;1;Baixo;9036
3519006;Herculândia;2018;2;Médio;9147
3519006;Herculândia;2020;2;Médio;9260
3519006;Herculândia;2022;1;Baixo;9122
3519006;Herculândia;2024;1;Baixo;9172
3519055;Holambra;2014;3;Alto;12678
3519055;Holambra;2016;4;Muito alto;13335
3519055;Holambra;2018;4;Muito alto;13901
3519055;Holambra;2020;4;Muito alto;14493
3519055;Holambra;2022;4;Muito alto;15064
3519055;Holambra;2024;4;Muito alto;15694
3519071;Hortolândia;2014;2;Médio;207665
3519071;Hortolândia;2016;3;Alto;215281
3519071;Hortolândia;2018;4;Muito alto;222649
3519071;Hortolândia;2020;4;Muito alto;230268
3519071;Hortolândia;2022;4;Muito alto;236304
3519071;Hortolândia;2024;4;Muito alto;243005
3519105;Iacanga;2014;2;Médio;10557
3519105;Iacanga;2016;3;Alto;10820
3519105;Iacanga;2018;3;Alto;11060
3519105;Iacanga;2020;3;Alto;11306
3519105;Iacanga;2022;3;Alto;10434
3519105;Iacanga;2024;4;Muito alto;10487
3519204;Iacri;2014;1;Baixo;6367
3519204;Iacri;2016;1;Baixo;6337
3519204;Iacri;2018;2;Médio;6305
3519204;Iacri;2020;2;Médio;6272
3519204;Iacri;2022;1;Baixo;6133
3519204;Iacri;2024;2;Médio;6080
3519253;Iaras;2014;1;Baixo;6566
3519253;Iaras;2016;1;Baixo;6677
3519253;Iaras;2018;1;Baixo;6785
3519253;Iaras;2020;1;Baixo;6894
3519253;Iaras;2022;1;Baixo;7997
3519253;Iaras;2024;1;Baixo;8221
3519303;Ibaté;2014;1;Baixo;32380
3519303;Ibaté;2016;2;Médio;33192
3519303;Ibaté;2018;3;Alto;33956
3519303;Ibaté;2020;3;Alto;34738
3519303;Ibaté;2022;3;Alto;32168
3519303;Ibaté;2024;3;Alto;32176
3519402;Ibirá;2014;2;Médio;11390
3519402;Ibirá;2016;4;Muito alto;11627
3519402;Ibirá;2018;4;Muito alto;11841
3519402;Ibirá;2020;3;Alto;12059
3519402;Ibirá;2022;2;Médio;11684
3519402;Ibirá;2024;3;Alto;11774
3519501;Ibirarema;2014;1;Baixo;7038
3519501;Ibirarema;2016;2;Médio;7197
3519501;Ibirarema;2018;2;Médio;7351
3519501;Ibirarema;2020;2;Médio;7509
3519501;Ibirarema;2022;1;Baixo;6387
3519501;Ibirarema;2024;2;Médio;6271
3519600;Ibitinga;2014;2;Médio;55453
3519600;Ibitinga;2016;2;Médio;56538
3519600;Ibitinga;2018;3;Alto;57511
3519600;Ibitinga;2020;3;Alto;58501
3519600;Ibitinga;2022;2;Médio;59982
3519600;Ibitinga;2024;3;Alto;60832
3519709;Ibiúna;2014;1;Baixo;73309
3519709;Ibiúna;2016;2;Médio;74364
3519709;Ibiúna;2018;2;Médio;75390
3519709;Ibiúna;2020;2;Médio;76430
3519709;Ibiúna;2022;2;Médio;75574
3519709;Ibiúna;2024;2;Médio;75901
3519808;Icém;2014;1;Baixo;7698
3519808;Icém;2016;2;Médio;7814
3519808;Icém;2018;1;Baixo;7922
3519808;Icém;2020;1;Baixo;8032
3519808;Icém;2022;1;Baixo;7816
3519808;Icém;2024;2;Médio;7838
3519907;Iepê;2014;2;Médio;7739
3519907;Iepê;2016;2;Médio;7799
3519907;Iepê;2018;2;Médio;7859
3519907;Iepê;2020;2;Médio;7921
3519907;Iepê;2022;2;Médio;7619
3519907;Iepê;2024;2;Médio;7576
3520004;Igaraçu do Tietê;2014;1;Baixo;23661
3520004;Igaraçu do Tietê;2016;1;Baixo;23817
3520004;Igaraçu do Tietê;2018;1;Baixo;23976
3520004;Igaraçu do Tietê;2020;1;Baixo;24135
3520004;Igaraçu do Tietê;2022;1;Baixo;23108
3520004;Igaraçu do Tietê;2024;1;Baixo;22912
3520103;Igarapava;2014;2;Médio;28594
3520103;Igarapava;2016;1;Baixo;28899
3520103;Igarapava;2018;2;Médio;29176
3520103;Igarapava;2020;2;Médio;29456
3520103;Igarapava;2022;2;Médio;26224
3520103;Igarapava;2024;2;Médio;25796
3520202;Igaratá;2014;1;Baixo;9025
3520202;Igaratá;2016;1;Baixo;9122
3520202;Igaratá;2018;2;Médio;9217
3520202;Igaratá;2020;3;Alto;9312
3520202;Igaratá;2022;2;Médio;10592
3520202;Igaratá;2024;2;Médio;10867
3520301;Iguape;2014;1;Baixo;29031
3520301;Iguape;2016;1;Baixo;29158
3520301;Iguape;2018;1;Baixo;29311
3520301;Iguape;2020;2;Médio;29465
3520301;Iguape;2022;1;Baixo;29113
3520301;Iguape;2024;2;Médio;28969
3520400;Ilhabela;2014;3;Alto;30431
3520400;Ilhabela;2016;3;Alto;31508
3520400;Ilhabela;2018;4;Muito alto;32474
3520400;Ilhabela;2020;4;Muito alto;33470
3520400;Ilhabela;2022;4;Muito alto;34882
3520400;Ilhabela;2024;4;Muito alto;35869
3520426;Ilha Comprida;2014;2;Médio;9515
3520426;Ilha Comprida;2016;2;Médio;9774
3520426;Ilha Comprida;2018;4;Muito alto;10031
3520426;Ilha Comprida;2020;3;Alto;10296
3520426;Ilha Comprida;2022;1;Baixo;13382
3520426;Ilha Comprida;2024;2;Médio;14049
3520442;Ilha Solteira;2014;2;Médio;25400
3520442;Ilha Solteira;2016;3;Alto;25539
3520442;Ilha Solteira;2018;4;Muito alto;25643
3520442;Ilha Solteira;2020;4;Muito alto;25748
3520442;Ilha Solteira;2022;3;Alto;25546
3520442;Ilha Solteira;2024;3;Alto;25436
3520509;Indaiatuba;2014;3;Alto;220762
3520509;Indaiatuba;2016;4;Muito alto;229256
3520509;Indaiatuba;2018;4;Muito alto;235964
3520509;Indaiatuba;2020;4;Muito alto;242868
3520509;Indaiatuba;2022;4;Muito alto;255326
3520509;Indaiatuba;2024;4;Muito alto;263716
3520608;Indiana;2014;1;Baixo;4806
3520608;Indiana;2016;1;Baixo;4796
3520608;Indiana;2018;2;Médio;4785
3520608;Indiana;2020;3;Alto;4775
3520608;Indiana;2022;1;Baixo;5088
3520608;Indiana;2024;3;Alto;5100
3520707;Indiaporã;2014;2;Médio;3876
3520707;Indiaporã;2016;2;Médio;3866
3520707;Indiaporã;2018;3;Alto;3860
3520707;Indiaporã;2020;4;Muito alto;3854
3520707;Indiaporã;2022;3;Alto;4034
3520707;Indiaporã;2024;3;Alto;4060
3520806;Inúbia Paulista;2014;2;Médio;3740
3520806;Inúbia Paulista;2016;2;Médio;3793
3520806;Inúbia Paulista;2018;4;Muito alto;3842
3520806;Inúbia Paulista;2020;3;Alto;3892
3520806;Inúbia Paulista;2022;3;Alto;3615
3520806;Inúbia Paulista;2024;2;Médio;3588
3520905;Ipaussu;2014;2;Médio;13992
3520905;Ipaussu;2016;3;Alto;14163
3520905;Ipaussu;2018;2;Médio;14333
3520905;Ipaussu;2020;2;Médio;14506
3520905;Ipaussu;2022;1;Baixo;13712
3520905;Ipaussu;2024;2;Médio;13659
3521002;Iperó;2014;1;Baixo;30835
3521002;Iperó;2016;1;Baixo;32077
3521002;Iperó;2018;2;Médio;33195
3521002;Iperó;2020;2;Médio;34352
3521002;Iperó;2022;2;Médio;36395
3521002;Iperó;2024;1;Baixo;37629
3521101;Ipeúna;2014;3;Alto;6617
3521101;Ipeúna;2016;3;Alto;6932
3521101;Ipeúna;2018;3;Alto;7244
3521101;Ipeúna;2020;4;Muito alto;7571
3521101;Ipeúna;2022;2;Médio;6825
3521101;Ipeúna;2024;3;Alto;6909
3521150;Ipiguá;2014;1;Baixo;4784
3521150;Ipiguá;2016;3;Alto;4940
3521150;Ipiguá;2018;3;Alto;5083
3521150;Ipiguá;2020;3;Alto;5231
3521150;Ipiguá;2022;2;Médio;6742
3521150;Ipiguá;2024;3;Alto;7125
3521200;Iporanga;2014;1;Baixo;4331
3521200;Iporanga;2016;1;Baixo;4353
3521200;Iporanga;2018;1;Baixo;4380
3521200;Iporanga;2020;1;Baixo;4407
3521200;Iporanga;2022;1;Baixo;4048
3521200;Iporanga;2024;1;Baixo;3994
3521309;Ipuã;2014;1;Baixo;14849
3521309;Ipuã;2016;3;Alto;15197
3521309;Ipuã;2018;3;Alto;15526
3521309;Ipuã;2020;2;Médio;15861
3521309;Ipuã;2022;2;Médio;14452
3521309;Ipuã;2024;3;Alto;14411
3521408;Iracemápolis;2014;3;Alto;21591
3521408;Iracemápolis;2016;4;Muito alto;22331
3521408;Iracemápolis;2018;4;Muito alto;22982
3521408;Iracemápolis;2020;4;Muito alto;23654
3521408;Iracemápolis;2022;4;Muito alto;21953
3521408;Iracemápolis;2024;4;Muito alto;22167
3521507;Irapuã;2014;2;Médio;7467
3521507;Irapuã;2016;2;Médio;7560
3521507;Irapuã;2018;3;Alto;7647
3521507;Irapuã;2020;4;Muito alto;7734
3521507;Irapuã;2022;3;Alto;6870
3521507;Irapuã;2024;4;Muito alto;6790
3521606;Irapuru;2014;1;Baixo;7593
3521606;Irapuru;2016;1;Baixo;7502
3521606;Irapuru;2018;2;Médio;7419
3521606;Irapuru;2020;1;Baixo;7334
3521606;Irapuru;2022;1;Baixo;7090
3521606;Irapuru;2024;2;Médio;6959
3521705;Itaberá;2014;2;Médio;17715
3521705;Itaberá;2016;2;Médio;17665
3521705;Itaberá;2018;1;Baixo;17639
3521705;Itaberá;2020;2;Médio;17614
3521705;Itaberá;2022;2;Médio;17982
3521705;Itaberá;2024;3;Alto;17947
3521804;Itaí;2014;1;Baixo;25000
3521804;Itaí;2016;2;Médio;25505
3521804;Itaí;2018;2;Médio;26002
3521804;Itaí;2020;2;Médio;26507
3521804;Itaí;2022;1;Baixo;25172
3521804;Itaí;2024;3;Alto;25265
3521903;Itajobi;2014;3;Alto;14607
3521903;Itajobi;2016;3;Alto;14619
3521903;Itajobi;2018;4;Muito alto;14616
3521903;Itajobi;2020;3;Alto;14614
3521903;Itajobi;2022;3;Alto;16971
3521903;Itajobi;2024;4;Muito alto;17429
3522000;Itaju;2014;1;Baixo;3419
3522000;Itaju;2016;2;Médio;3502
3522000;Itaju;2018;2;Médio;3577
3522000;Itaju;2020;2;Médio;3654
3522000;Itaju;2022;2;Médio;3615
3522000;Itaju;2024;3;Alto;3683
3522109;Itanhaém;2014;1;Baixo;91716
3522109;Itanhaém;2016;2;Médio;94088
3522109;Itanhaém;2018;3;Alto;96394
3522109;Itanhaém;2020;2;Médio;98757
3522109;Itanhaém;2022;1;Baixo;112276
3522109;Itanhaém;2024;3;Alto;115892
3522158;Itaoca;2014;1;Baixo;3195
3522158;Itaoca;2016;1;Baixo;3186
3522158;Itaoca;2018;1;Baixo;3186
3522158;Itaoca;2020;1;Baixo;3186
3522158;Itaoca;2022;1;Baixo;3421
3522158;Itaoca;2024;2;Médio;3446
3522208;Itapecerica da Serra;2014;1;Baixo;159457
3522208;Itapecerica da Serra;2016;1;Baixo;162907
3522208;Itapecerica da Serra;2018;2;Médio;166229
3522208;Itapecerica da Serra;2020;2;Médio;169619
3522208;Itapecerica da Serra;2022;1;Baixo;158480
3522208;Itapecerica da Serra;2024;2;Médio;157924
3522307;Itapetininga;2014;2;Médio;150668
3522307;Itapetininga;2016;2;Médio;153861
3522307;Itapetininga;2018;2;Médio;156973
3522307;Itapetininga;2020;3;Alto;160150
3522307;Itapetininga;2022;2;Médio;157693
3522307;Itapetininga;2024;3;Alto;159221
3522406;Itapeva;2014;1;Baixo;89196
3522406;Itapeva;2016;2;Médio;89992
3522406;Itapeva;2018;2;Médio;90839
3522406;Itapeva;2020;3;Alto;91693
3522406;Itapeva;2022;2;Médio;89714
3522406;Itapeva;2024;3;Alto;89576
3522505;Itapevi;2014;1;Baixo;215034
3522505;Itapevi;2016;2;Médio;222501
3522505;Itapevi;2018;2;Médio;229982
3522505;Itapevi;2020;2;Médio;237714
3522505;Itapevi;2022;2;Médio;232062
3522505;Itapevi;2024;1;Baixo;235675
3522604;Itapira;2014;3;Alto;69967
3522604;Itapira;2016;2;Médio;70571
3522604;Itapira;2018;3;Alto;71034
3522604;Itapira;2020;3;Alto;71500
3522604;Itapira;2022;3;Alto;71997
3522604;Itapira;2024;3;Alto;72264
3522653;Itapirapuã Paulista;2014;1;Baixo;3980
3522653;Itapirapuã Paulista;2016;1;Baixo;4040
3522653;Itapirapuã Paulista;2018;1;Baixo;4109
3522653;Itapirapuã Paulista;2020;1;Baixo;4180
3522653;Itapirapuã Paulista;2022;1;Baixo;4303
3522653;Itapirapuã Paulista;2024;2;Médio;4395
3522703;Itápolis;2014;2;Médio;40674
3522703;Itápolis;2016;3;Alto;40978
3522703;Itápolis;2018;3;Alto;41262
3522703;Itápolis;2020;4;Muito alto;41548
3522703;Itápolis;2022;3;Alto;39497
3522703;Itápolis;2024;4;Muito alto;39258
3522802;Itaporanga;2014;1;Baixo;14589
3522802;Itaporanga;2016;1;Baixo;14617
3522802;Itaporanga;2018;1;Baixo;14653
3522802;Itaporanga;2020;2;Médio;14688
3522802;Itaporanga;2022;1;Baixo;14088
3522802;Itaporanga;2024;1;Baixo;13936
3522901;Itapuí;2014;3;Alto;12837
3522901;Itapuí;2016;2;Médio;13163
3522901;Itapuí;2018;3;Alto;13467
3522901;Itapuí;2020;4;Muito alto;13779
3522901;Itapuí;2022;3;Alto;13648
3522901;Itapuí;2024;4;Muito alto;13880
3523008;Itapura;2014;1;Baixo;4581
3523008;Itapura;2016;1;Baixo;4694
3523008;Itapura;2018;2;Médio;4804
3523008;Itapura;2020;2;Médio;4916
3523008;Itapura;2022;2;Médio;3982
3523008;Itapura;2024;3;Alto;3881
3523107;Itaquaquecetuba;2014;1;Baixo;340751
3523107;Itaquaquecetuba;2016;1;Baixo;350610
3523107;Itaquaquecetuba;2018;1;Baixo;360462
3523107;Itaquaquecetuba;2020;1;Baixo;370589
3523107;Itaquaquecetuba;2022;1;Baixo;368922
3523107;Itaquaquecetuba;2024;1;Baixo;374789
3523206;Itararé;2014;1;Baixo;48285
3523206;Itararé;2016;1;Baixo;48504
3523206;Itararé;2018;2;Médio;48760
3523206;Itararé;2020;2;Médio;49018
3523206;Itararé;2022;2;Médio;44461
3523206;Itararé;2024;2;Médio;43691
3523305;Itariri;2014;1;Baixo;16174
3523305;Itariri;2016;1;Baixo;16538
3523305;Itariri;2018;1;Baixo;16902
3523305;Itariri;2020;1;Baixo;17274
3523305;Itariri;2022;2;Médio;15528
3523305;Itariri;2024;2;Médio;15474
3523404;Itatiba;2014;3;Alto;108484
3523404;Itatiba;2016;4;Muito alto;111835
3523404;Itatiba;2018;4;Muito alto;114835
3523404;Itatiba;2020;4;Muito alto;117916
3523404;Itatiba;2022;4;Muito alto;121437
3523404;Itatiba;2024;4;Muito alto;124270
3523503;Itatinga;2014;1;Baixo;19024
3523503;Itatinga;2016;2;Médio;19528
3523503;Itatinga;2018;2;Médio;20033
3523503;Itatinga;2020;3;Alto;20550
3523503;Itatinga;2022;1;Baixo;19063
3523503;Itatinga;2024;1;Baixo;19109
3523602;Itirapina;2014;2;Médio;16191
3523602;Itirapina;2016;2;Médio;16524
3523602;Itirapina;2018;2;Médio;16840
3523602;Itirapina;2020;3;Alto;17162
3523602;Itirapina;2022;3;Alto;16144
3523602;Itirapina;2024;4;Muito alto;16201
3523701;Itirapuã;2014;1;Baixo;6057
3523701;Itirapuã;2016;1;Baixo;6131
3523701;Itirapuã;2018;1;Baixo;6204
3523701;Itirapuã;2020;1;Baixo;6279
3523701;Itirapuã;2022;1;Baixo;5780
3523701;Itirapuã;2024;2;Médio;5707
3523800;Itobi;2014;1;Baixo;7572
3523800;Itobi;2016;1;Baixo;7584
3523800;Itobi;2018;1;Baixo;7596
3523800;Itobi;2020;2;Médio;7609
3523800;Itobi;2022;2;Médio;8042
3523800;Itobi;2024;2;Médio;8065
3523909;Itu;2014;3;Alto;160608
3523909;Itu;2016;3;Alto;163775
3523909;Itu;2018;3;Alto;166747
3523909;Itu;2020;3;Alto;169772
3523909;Itu;2022;3;Alto;168138
3523909;Itu;2024;4;Muito alto;169573
3524006;Itupeva;2014;3;Alto;50622
3524006;Itupeva;2016;3;Alto;53551
3524006;Itupeva;2018;4;Muito alto;56285
3524006;Itupeva;2020;4;Muito alto;59159
3524006;Itupeva;2022;4;Muito alto;70394
3524006;Itupeva;2024;4;Muito alto;74727
3524105;Ituverava;2014;1;Baixo;39373
3524105;Ituverava;2016;2;Médio;39688
3524105;Ituverava;2018;2;Médio;39966
3524105;Ituverava;2020;3;Alto;40246
3524105;Ituverava;2022;2;Médio;37579
3524105;Ituverava;2024;2;Médio;37286
3524204;Jaborandi;2014;1;Baixo;6633
3524204;Jaborandi;2016;2;Médio;6651
3524204;Jaborandi;2018;2;Médio;6664
3524204;Jaborandi;2020;2;Médio;6677
3524204;Jaborandi;2022;1;Baixo;6224
3524204;Jaborandi;2024;2;Médio;6109
3524303;Jaboticabal;2014;2;Médio;72796
3524303;Jaboticabal;2016;3;Alto;73315
3524303;Jaboticabal;2018;3;Alto;73766
3524303;Jaboticabal;2020;3;Alto;74221
3524303;Jaboticabal;2022;3;Alto;71820
3524303;Jaboticabal;2024;3;Alto;71481
3524402;Jacareí;2014;2;Médio;218260
3524402;Jacareí;2016;2;Médio;221650
3524402;Jacareí;2018;3;Alto;224775
3524402;Jacareí;2020;3;Alto;227945
3524402;Jacareí;2022;3;Alto;240060
3524402;Jacareí;2024;3;Alto;243491
3524501;Jaci;2014;3;Alto;6197
3524501;Jaci;2016;2;Médio;6464
3524501;Jaci;2018;3;Alto;6712
3524501;Jaci;2020;3;Alto;6969
3524501;Jaci;2022;3;Alto;7597
3524501;Jaci;2024;3;Alto;7882
3524600;Jacupiranga;2014;1;Baixo;17165
3524600;Jacupiranga;2016;1;Baixo;17169
3524600;Jacupiranga;2018;2;Médio;17195
3524600;Jacupiranga;2020;2;Médio;17222
3524600;Jacupiranga;2022;1;Baixo;16104
3524600;Jacupiranga;2024;3;Alto;15759
3524709;Jaguariúna;2014;4;Muito alto;49074
3524709;Jaguariúna;2016;4;Muito alto;51248
3524709;Jaguariúna;2018;4;Muito alto;53018
3524709;Jaguariúna;2020;4;Muito alto;54848
3524709;Jaguariúna;2022;4;Muito alto;59227
3524709;Jaguariúna;2024;4;Muito alto;61499
3524808;Jales;2014;3;Alto;47137
3524808;Jales;2016;3;Alto;47187
3524808;Jales;2018;4;Muito alto;47220
3524808;Jales;2020;4;Muito alto;47254
3524808;Jales;2022;4;Muito alto;48764
3524808;Jales;2024;4;Muito alto;48888
3524907;Jambeiro;2014;3;Alto;5739
3524907;Jambeiro;2016;2;Médio;5916
3524907;Jambeiro;2018;3;Alto;6064
3524907;Jambeiro;2020;2;Médio;6214
3524907;Jambeiro;2022;1;Baixo;6389
3524907;Jambeiro;2024;3;Alto;6554
3525003;Jandira;2014;1;Baixo;114431
3525003;Jandira;2016;2;Médio;117518
3525003;Jandira;2018;2;Médio;120523
3525003;Jandira;2020;2;Médio;123603
3525003;Jandira;2022;2;Médio;117975
3525003;Jandira;2024;2;Médio;118797
3525102;Jardinópolis;2014;1;Baixo;39896
3525102;Jardinópolis;2016;2;Médio;40962
3525102;Jardinópolis;2018;3;Alto;41916
3525102;Jardinópolis;2020;2;Médio;42893
3525102;Jardinópolis;2022;2;Médio;45224
3525102;Jardinópolis;2024;3;Alto;46311
3525201;Jarinu;2014;2;Médio;26292
3525201;Jarinu;2016;3;Alto;27510
3525201;Jarinu;2018;3;Alto;28642
3525201;Jarinu;2020;4;Muito alto;29820
3525201;Jarinu;2022;2;Médio;37417
3525201;Jarinu;2024;3;Alto;39596
3525300;Jaú;2014;2;Médio;138001
3525300;Jaú;2016;2;Médio;141344
3525300;Jaú;2018;3;Alto;144392
3525300;Jaú;2020;3;Alto;147505
3525300;Jaú;2022;3;Alto;133480
3525300;Jaú;2024;3;Alto;133488
3525409;Jeriquara;2014;1;Baixo;3150
3525409;Jeriquara;2016;1;Baixo;3146
3525409;Jeriquara;2018;2;Médio;3144
3525409;Jeriquara;2020;2;Médio;3141
3525409;Jeriquara;2022;2;Médio;3858
3525409;Jeriquara;2024;3;Alto;3962
3525508;Joanópolis;2014;1;Baixo;12153
3525508;Joanópolis;2016;3;Alto;12336
3525508;Joanópolis;2018;3;Alto;12500
3525508;Joanópolis;2020;3;Alto;12666
3525508;Joanópolis;2022;2;Médio;12807
3525508;Joanópolis;2024;2;Médio;12920
3525607;João Ramalho;2014;1;Baixo;4243
3525607;João Ramalho;2016;1;Baixo;4290
3525607;João Ramalho;2018;2;Médio;4336
3525607;João Ramalho;2020;3;Alto;4384
3525607;João Ramalho;2022;2;Médio;4369
3525607;João Ramalho;2024;3;Alto;4358
3525706;José Bonifácio;2014;2;Médio;34074
3525706;José Bonifácio;2016;3;Alto;34726
3525706;José Bonifácio;2018;3;Alto;35348
3525706;José Bonifácio;2020;2;Médio;35981
3525706;José Bonifácio;2022;2;Médio;36605
3525706;José Bonifácio;2024;3;Alto;37164
3525805;Júlio Mesquita;2014;1;Baixo;4505
3525805;Júlio Mesquita;2016;1;Baixo;4547
3525805;Júlio Mesquita;2018;1;Baixo;4593
3525805;Júlio Mesquita;2020;1;Baixo;4640
3525805;Júlio Mesquita;2022;1;Baixo;4255
3525805;Júlio Mesquita;2024;1;Baixo;4216
3525854;Jumirim;2014;3;Alto;3017
3525854;Jumirim;2016;3;Alto;3120
3525854;Jumirim;2018;4;Muito alto;3211
3525854;Jumirim;2020;4;Muito alto;3306
3525854;Jumirim;2022;4;Muito alto;3054
3525854;Jumirim;2024;4;Muito alto;3093
3525904;Jundiaí;2014;4;Muito alto;386677
3525904;Jundiaí;2016;4;Muito alto;394185
3525904;Jundiaí;2018;4;Muito alto;400549
3525904;Jundiaí;2020;4;Muito alto;407016
3525904;Jundiaí;2022;4;Muito alto;442667
3525904;Jundiaí;2024;4;Muito alto;452961
3526001;Junqueirópolis;2014;3;Alto;19262
3526001;Junqueirópolis;2016;4;Muito alto;19534
3526001;Junqueirópolis;2018;4;Muito alto;19798
3526001;Junqueirópolis;2020;4;Muito alto;20065
3526001;Junqueirópolis;2022;3;Alto;20436
3526001;Junqueirópolis;2024;4;Muito alto;20618
3526100;Juquiá;2014;1;Baixo;18981
3526100;Juquiá;2016;1;Baixo;18896
3526100;Juquiá;2018;1;Baixo;18862
3526100;Juquiá;2020;1;Baixo;18828
3526100;Juquiá;2022;1;Baixo;17168
3526100;Juquiá;2024;1;Baixo;16696
3526209;Juquitiba;2014;1;Baixo;29348
3526209;Juquitiba;2016;2;Médio;29684
3526209;Juquitiba;2018;3;Alto;30040
3526209;Juquitiba;2020;2;Médio;30401
3526209;Juquitiba;2022;1;Baixo;27413
3526209;Juquitiba;2024;1;Baixo;26940
3526308;Lagoinha;2014;1;Baixo;4823
3526308;Lagoinha;2016;1;Baixo;4818
3526308;Lagoinha;2018;2;Médio;4818
3526308;Lagoinha;2020;2;Médio;4819
3526308;Lagoinha;2022;2;Médio;5081
3526308;Lagoinha;2024;2;Médio;5103
3526407;Laranjal Paulista;2014;1;Baixo;26307
3526407;Laranjal Paulista;2016;1;Baixo;26830
3526407;Laranjal Paulista;2018;2;Médio;27327
3526407;Laranjal Paulista;2020;2;Médio;27834
3526407;Laranjal Paulista;2022;2;Médio;26254
3526407;Laranjal Paulista;2024;2;Médio;26349
3526506;Lavínia;2014;2;Médio;8642
3526506;Lavínia;2016;2;Médio;8594
3526506;Lavínia;2018;2;Médio;8547
3526506;Lavínia;2020;2;Médio;8500
3526506;Lavínia;2022;1;Baixo;9682
3526506;Lavínia;2024;2;Médio;9795
3526605;Lavrinhas;2014;1;Baixo;6822
3526605;Lavrinhas;2016;1;Baixo;6938
3526605;Lavrinhas;2018;1;Baixo;7051
3526605;Lavrinhas;2020;1;Baixo;7167
3526605;Lavrinhas;2022;1;Baixo;7167
3526605;Lavrinhas;2024;1;Baixo;7231
3526704;Leme;2014;2;Médio;95535
3526704;Leme;2016;2;Médio;97403
3526704;Leme;2018;3;Alto;99172
3526704;Leme;2020;3;Alto;100975
3526704;Leme;2022;2;Médio;98115
3526704;Leme;2024;2;Médio;98618
3526803;Lençóis Paulista;2014;3;Alto;63474
3526803;Lençóis Paulista;2016;3;Alto;64470
3526803;Lençóis Paulista;2018;3;Alto;65399
3526803;Lençóis Paulista;2020;4;Muito alto;66343
3526803;Lençóis Paulista;2022;3;Alto;66468
3526803;Lençóis Paulista;2024;4;Muito alto;67056
3526902;Limeira;2014;2;Médio;284627
3526902;Limeira;2016;3;Alto;288741
3526902;Limeira;2018;3;Alto;292497
3526902;Limeira;2020;4;Muito alto;296300
3526902;Limeira;2022;3;Alto;291756
3526902;Limeira;2024;4;Muito alto;293162
3527009;Lindóia;2014;3;Alto;7164
3527009;Lindóia;2016;3;Alto;7370
3527009;Lindóia;2018;3;Alto;7544
3527009;Lindóia;2020;3;Alto;7722
3527009;Lindóia;2022;2;Médio;7012
3527009;Lindóia;2024;3;Alto;7029
3527108;Lins;2014;2;Médio;73058
3527108;Lins;2016;2;Médio;73801
3527108;Lins;2018;3;Alto;74441
3527108;Lins;2020;2;Médio;75087
3527108;Lins;2022;2;Médio;74755
3527108;Lins;2024;3;Alto;74927
3527207;Lorena;2014;1;Baixo;84217
3527207;Lorena;2016;1;Baixo;85046
3527207;Lorena;2018;2;Médio;85839
3527207;Lorena;2020;2;Médio;86639
3527207;Lorena;2022;1;Baixo;84839
3527207;Lorena;2024;2;Médio;84704
3527256;Lourdes;2014;3;Alto;2156
3527256;Lourdes;2016;3;Alto;2166
3527256;Lourdes;2018;3;Alto;2174
3527256;Lourdes;2020;1;Baixo;2182
3527256;Lourdes;2022;1;Baixo;1951
3527256;Lourdes;2024;1;Baixo;1876
3527306;Louveira;2014;4;Muito alto;41974
3527306;Louveira;2016;4;Muito alto;44269
3527306;Louveira;2018;4;Muito alto;46225
3527306;Louveira;2020;4;Muito alto;48268
3527306;Louveira;2022;4;Muito alto;51727
3527306;Louveira;2024;4;Muito alto;54028
3527405;Lucélia;2014;2;Médio;20365
3527405;Lucélia;2016;3;Alto;20596
3527405;Lucélia;2018;3;Alto;20806
3527405;Lucélia;2020;3;Alto;21019
3527405;Lucélia;2022;2;Médio;20060
3527405;Lucélia;2024;2;Médio;19914
3527504;Lucianópolis;2014;2;Médio;2249
3527504;Lucianópolis;2016;2;Médio;2251
3527504;Lucianópolis;2018;2;Médio;2256
3527504;Lucianópolis;2020;2;Médio;2261
3527504;Lucianópolis;2022;2;Médio;2371
3527504;Lucianópolis;2024;4;Muito alto;2407
3527603;Luís Antônio;2014;2;Médio;12566
3527603;Luís Antônio;2016;2;Médio;13161
3527603;Luís Antônio;2018;3;Alto;13654
3527603;Luís Antônio;2020;4;Muito alto;14166
3527603;Luís Antônio;2022;3;Alto;12258
3527603;Luís Antônio;2024;3;Alto;12376
3527702;Luiziânia;2014;1;Baixo;5319
3527702;Luiziânia;2016;2;Médio;5465
3527702;Luiziânia;2018;3;Alto;5607
3527702;Luiziânia;2020;2;Médio;5754
3527702;Luiziânia;2022;2;Médio;4703
3527702;Luiziânia;2024;2;Médio;4624
3527801;Lupércio;2014;1;Baixo;4379
3527801;Lupércio;2016;1;Baixo;4393
3527801;Lupércio;2018;1;Baixo;4407
3527801;Lupércio;2020;1;Baixo;4421
3527801;Lupércio;2022;2;Médio;3983
3527801;Lupércio;2024;2;Médio;3901
3527900;Lutécia;2014;1;Baixo;2671
3527900;Lutécia;2016;2;Médio;2652
3527900;Lutécia;2018;3;Alto;2637
3527900;Lutécia;2020;3;Alto;2621
3527900;Lutécia;2022;1;Baixo;2661
3527900;Lutécia;2024;1;Baixo;2648
3528007;Macatuba;2014;3;Alto;16536
3528007;Macatuba;2016;2;Médio;16672
3528007;Macatuba;2018;3;Alto;16801
3528007;Macatuba;2020;3;Alto;16932
3528007;Macatuba;2022;3;Alto;16825
3528007;Macatuba;2024;2;Médio;16778
3528106;Macaubal;2014;2;Médio;7718
3528106;Macaubal;2016;2;Médio;7736
3528106;Macaubal;2018;2;Médio;7742
3528106;Macaubal;2020;3;Alto;7749
3528106;Macaubal;2022;2;Médio;7482
3528106;Macaubal;2024;2;Médio;7408
3528205;Macedônia;2014;2;Médio;3626
3528205;Macedônia;2016;3;Alto;3609
3528205;Macedônia;2018;4;Muito alto;3591
3528205;Macedônia;2020;2;Médio;3574
3528205;Macedônia;2022;3;Alto;3961
3528205;Macedônia;2024;4;Muito alto;4006
3528304;Magda;2014;1;Baixo;3156
3528304;Magda;2016;3;Alto;3133
3528304;Magda;2018;3;Alto;3110
3528304;Magda;2020;4;Muito alto;3088
3528304;Magda;2022;4;Muito alto;3165
3528304;Magda;2024;4;Muito alto;3144
3528403;Mairinque;2014;2;Médio;44522
3528403;Mairinque;2016;2;Médio;45149
3528403;Mairinque;2018;2;Médio;45732
3528403;Mairinque;2020;3;Alto;46323
3528403;Mairinque;2022;2;Médio;49976
3528403;Mairinque;2024;2;Médio;50832
3528502;Mairiporã;2014;1;Baixo;88150
3528502;Mairiporã;2016;1;Baixo;91745
3528502;Mairiporã;2018;2;Médio;95122
3528502;Mairiporã;2020;2;Médio;98622
3528502;Mairiporã;2022;2;Médio;93757
3528502;Mairiporã;2024;2;Médio;95229
3528601;Manduri;2014;1;Baixo;9220
3528601;Manduri;2016;1;Baixo;9328
3528601;Manduri;2018;2;Médio;9426
3528601;Manduri;2020;2;Médio;9525
3528601;Manduri;2022;2;Médio;9865
3528601;Manduri;2024;2;Médio;9949
3528700;Marabá Paulista;2014;1;Baixo;4853
3528700;Marabá Paulista;2016;2;Médio;4880
3528700;Marabá Paulista;2018;1;Baixo;4905
3528700;Marabá Paulista;2020;2;Médio;4931
3528700;Marabá Paulista;2022;1;Baixo;4575
3528700;Marabá Paulista;2024;2;Médio;4532
3528809;Maracaí;2014;2;Médio;13419
3528809;Maracaí;2016;3;Alto;13457
3528809;Maracaí;2018;3;Alto;13489
3528809;Maracaí;2020;3;Alto;13521
3528809;Maracaí;2022;2;Médio;12677
3528809;Maracaí;2024;3;Alto;12443
3528858;Marapoama;2014;3;Alto;2750
3528858;Marapoama;2016;3;Alto;2805
3528858;Marapoama;2018;3;Alto;2856
3528858;Marapoama;2020;4;Muito alto;2906
3528858;Marapoama;2022;4;Muito alto;3287
3528858;Marapoama;2024;4;Muito alto;3394
3528908;Mariápolis;2014;1;Baixo;3942
3528908;Mariápolis;2016;1;Baixo;3954
3528908;Mariápolis;2018;1;Baixo;3964
3528908;Mariápolis;2020;2;Médio;3975
3528908;Mariápolis;2022;2;Médio;3516
3528908;Mariápolis;2024;3;Alto;3441
3529005;Marília;2014;3;Alto;223002
3529005;Marília;2016;3;Alto;226005
3529005;Marília;2018;3;Alto;228763
3529005;Marília;2020;4;Muito alto;231554
3529005;Marília;2022;3;Alto;237475
3529005;Marília;2024;3;Alto;239616
3529104;Marinópolis;2014;1;Baixo;2104
3529104;Marinópolis;2016;2;Médio;2100
3529104;Marinópolis;2018;3;Alto;2098
3529104;Marinópolis;2020;3;Alto;2097
3529104;Marinópolis;2022;3;Alto;1862
3529104;Marinópolis;2024;3;Alto;1814
3529203;Martinópolis;2014;2;Médio;24808
3529203;Martinópolis;2016;2;Médio;25102
3529203;Martinópolis;2018;2;Médio;25384
3529203;Martinópolis;2020;2;Médio;25668
3529203;Martinópolis;2022;2;Médio;24876
3529203;Martinópolis;2024;3;Alto;24928
3529302;Matão;2014;3;Alto;78233
3529302;Matão;2016;3;Alto;78890
3529302;Matão;2018;4;Muito alto;79453
3529302;Matão;2020;4;Muito alto;80020
3529302;Matão;2022;4;Muito alto;79017
3529302;Matão;2024;4;Muito alto;78965
3529401;Mauá;2014;2;Médio;435171
3529401;Mauá;2016;2;Médio;443910
3529401;Mauá;2018;3;Alto;451947
3529401;Mauá;2020;3;Alto;460132
3529401;Mauá;2022;2;Médio;418253
3529401;Mauá;2024;2;Médio;415586
3529500;Mendonça;2014;4;Muito alto;4817
3529500;Mendonça;2016;4;Muito alto;4899
3529500;Mendonça;2018;4;Muito alto;4971
3529500;Mendonça;2020;4;Muito alto;5043
3529500;Mendonça;2022;4;Muito alto;6147
3529500;Mendonça;2024;4;Muito alto;6373
3529609;Meridiano;2014;3;Alto;3810
3529609;Meridiano;2016;4;Muito alto;3786
3529609;Meridiano;2018;4;Muito alto;3762
3529609;Meridiano;2020;4;Muito alto;3739
3529609;Meridiano;2022;3;Alto;4567
3529609;Meridiano;2024;4;Muito alto;4683
3529658;Mesópolis;2014;2;Médio;1887
3529658;Mesópolis;2016;3;Alto;1888
3529658;Mesópolis;2018;3;Alto;1890
3529658;Mesópolis;2020;3;Alto;1893
3529658;Mesópolis;2022;2;Médio;1952
3529658;Mesópolis;2024;3;Alto;1948
3529708;Miguelópolis;2014;2;Médio;20864
3529708;Miguelópolis;2016;2;Médio;21061
3529708;Miguelópolis;2018;2;Médio;21242
3529708;Miguelópolis;2020;2;Médio;21424
3529708;Miguelópolis;2022;2;Médio;19448
3529708;Miguelópolis;2024;3;Alto;19147
3529807;Mineiros do Tietê;2014;1;Baixo;12264
3529807;Mineiros do Tietê;2016;1;Baixo;12377
3529807;Mineiros do Tietê;2018;1;Baixo;12487
3529807;Mineiros do Tietê;2020;2;Médio;12597
3529807;Mineiros do Tietê;2022;2;Médio;11235
3529807;Mineiros do Tietê;2024;2;Médio;11058
3529906;Miracatu;2014;1;Baixo;20141
3529906;Miracatu;2016;1;Baixo;20008
3529906;Miracatu;2018;1;Baixo;19971
3529906;Miracatu;2020;2;Médio;19934
3529906;Miracatu;2022;1;Baixo;18566
3529906;Miracatu;2024;1;Baixo;18066
3530003;Mira Estrela;2014;2;Médio;2869
3530003;Mira Estrela;2016;3;Alto;2893
3530003;Mira Estrela;2018;4;Muito alto;2916
3530003;Mira Estrela;2020;4;Muito alto;2939
3530003;Mira Estrela;2022;3;Alto;3124
3530003;Mira Estrela;2024;2;Médio;3153
3530102;Mirandópolis;2014;2;Médio;27996
3530102;Mirandópolis;2016;2;Médio;28232
3530102;Mirandópolis;2018;2;Médio;28438
3530102;Mirandópolis;2020;2;Médio;28646
3530102;Mirandópolis;2022;2;Médio;27979
3530102;Mirandópolis;2024;2;Médio;27846
3530201;Mirante do Paranapanema;2014;1;Baixo;17355
3530201;Mirante do Paranapanema;2016;2;Médio;17498
3530201;Mirante do Paranapanema;2018;3;Alto;17634
3530201;Mirante do Paranapanema;2020;2;Médio;17769
3530201;Mirante do Paranapanema;2022;1;Baixo;15925
3530201;Mirante do Paranapanema;2024;2;Médio;15625
3530300;Mirassol;2014;3;Alto;55493
3530300;Mirassol;2016;3;Alto;56311
3530300;Mirassol;2018;3;Alto;57062
3530300;Mirassol;2020;4;Muito alto;57824
3530300;Mirassol;2022;4;Muito alto;63265
3530300;Mirassol;2024;4;Muito alto;64694
3530409;Mirassolândia;2014;2;Médio;4458
3530409;Mirassolândia;2016;2;Médio;4540
3530409;Mirassolândia;2018;3;Alto;4621
3530409;Mirassolândia;2020;3;Alto;4702
3530409;Mirassolândia;2022;3;Alto;4666
3530409;Mirassolândia;2024;4;Muito alto;4716
3530508;Mococa;2014;2;Médio;66463
3530508;Mococa;2016;3;Alto;66557
3530508;Mococa;2018;3;Alto;66655
3530508;Mococa;2020;3;Alto;66753
3530508;Mococa;2022;2;Médio;67671
3530508;Mococa;2024;3;Alto;67523
3530607;Mogi das Cruzes;2014;1;Baixo;405959
3530607;Mogi das Cruzes;2016;2;Médio;415107
3530607;Mogi das Cruzes;2018;3;Alto;423912
3530607;Mogi das Cruzes;2020;3;Alto;432905
3530607;Mogi das Cruzes;2022;3;Alto;451028
3530607;Mogi das Cruzes;2024;3;Alto;458780
3530706;Mogi Guaçu;2014;3;Alto;141862
3530706;Mogi Guaçu;2016;3;Alto;144106
3530706;Mogi Guaçu;2018;3;Alto;146200
3530706;Mogi Guaçu;2020;3;Alto;148325
3530706;Mogi Guaçu;2022;3;Alto;153538
3530706;Mogi Guaçu;2024;3;Alto;155511
3530805;Mogi Mirim;2014;2;Médio;88244
3530805;Mogi Mirim;2016;3;Alto;89042
3530805;Mogi Mirim;2018;4;Muito alto;89738
3530805;Mogi Mirim;2020;4;Muito alto;90439
3530805;Mogi Mirim;2022;3;Alto;92515
3530805;Mogi Mirim;2024;3;Alto;93013
3530904;Mombuca;2014;1;Baixo;3294
3530904;Mombuca;2016;1;Baixo;3307
3530904;Mombuca;2018;2;Médio;3320
3530904;Mombuca;2020;3;Alto;3332
3530904;Mombuca;2022;3;Alto;3719
3530904;Mombuca;2024;3;Alto;3764
3531001;Monções;2014;2;Médio;2154
3531001;Monções;2016;3;Alto;2163
3531001;Monções;2018;4;Muito alto;2169
3531001;Monções;2020;4;Muito alto;2175
3531001;Monções;2022;3;Alto;1938
3531001;Monções;2024;4;Muito alto;1872
3531100;Mongaguá;2014;1;Baixo;49687
3531100;Mongaguá;2016;1;Baixo;51380
3531100;Mongaguá;2018;1;Baixo;52970
3531100;Mongaguá;2020;2;Médio;54610
3531100;Mongaguá;2022;1;Baixo;61826
3531100;Mongaguá;2024;1;Baixo;64074
3531209;Monte Alegre do Sul;2014;3;Alto;7415
3531209;Monte Alegre do Sul;2016;4;Muito alto;7536
3531209;Monte Alegre do Sul;2018;4;Muito alto;7642
3531209;Monte Alegre do Sul;2020;4;Muito alto;7749
3531209;Monte Alegre do Sul;2022;3;Alto;8616
3531209;Monte Alegre do Sul;2024;4;Muito alto;8849
3531308;Monte Alto;2014;2;Médio;47453
3531308;Monte Alto;2016;3;Alto;47811
3531308;Monte Alto;2018;3;Alto;48107
3531308;Monte Alto;2020;3;Alto;48405
3531308;Monte Alto;2022;3;Alto;47567
3531308;Monte Alto;2024;3;Alto;47388
3531407;Monte Aprazível;2014;2;Médio;22557
3531407;Monte Aprazível;2016;2;Médio;22909
3531407;Monte Aprazível;2018;3;Alto;23181
3531407;Monte Aprazível;2020;3;Alto;23458
3531407;Monte Aprazível;2022;2;Médio;22276
3531407;Monte Aprazível;2024;3;Alto;22356
3531506;Monte Azul Paulista;2014;2;Médio;18630
3531506;Monte Azul Paulista;2016;2;Médio;18481
3531506;Monte Azul Paulista;2018;2;Médio;18335
3531506;Monte Azul Paulista;2020;3;Alto;18191
3531506;Monte Azul Paulista;2022;3;Alto;18156
3531506;Monte Azul Paulista;2024;4;Muito alto;17899
3531605;Monte Castelo;2014;2;Médio;4027
3531605;Monte Castelo;2016;2;Médio;4011
3531605;Monte Castelo;2018;3;Alto;4001
3531605;Monte Castelo;2020;3;Alto;3991
3531605;Monte Castelo;2022;3;Alto;4221
3531605;Monte Castelo;2024;3;Alto;4219
3531704;Monteiro Lobato;2014;1;Baixo;4261
3531704;Monteiro Lobato;2016;1;Baixo;4330
3531704;Monteiro Lobato;2018;1;Baixo;4398
3531704;Monteiro Lobato;2020;1;Baixo;4465
3531704;Monteiro Lobato;2022;2;Médio;4138
3531704;Monteiro Lobato;2024;2;Médio;4162
3531803;Monte Mor;2014;3;Alto;53151
3531803;Monte Mor;2016;3;Alto;55313
3531803;Monte Mor;2018;3;Alto;57423
3531803;Monte Mor;2020;3;Alto;59614
3531803;Monte Mor;2022;2;Médio;64537
3531803;Monte Mor;2024;3;Alto;66796
3531902;Morro Agudo;2014;2;Médio;30422
3531902;Morro Agudo;2016;2;Médio;31073
3531902;Morro Agudo;2018;2;Médio;31696
3531902;Morro Agudo;2020;2;Médio;32332
3531902;Morro Agudo;2022;2;Médio;27941
3531902;Morro Agudo;2024;2;Médio;27587
3532009;Morungaba;2014;2;Médio;12374
3532009;Morungaba;2016;1;Baixo;12674
3532009;Morungaba;2018;1;Baixo;12958
3532009;Morungaba;2020;2;Médio;13247
3532009;Morungaba;2022;3;Alto;13705
3532009;Morungaba;2024;2;Médio;14054
3532058;Motuca;2014;2;Médio;4432
3532058;Motuca;2016;2;Médio;4502
3532058;Motuca;2018;2;Médio;4569
3532058;Motuca;2020;2;Médio;4638
3532058;Motuca;2022;3;Alto;4036
3532058;Motuca;2024;3;Alto;3932
3532108;Murutinga do Sul;2014;1;Baixo;4228
3532108;Murutinga do Sul;2016;1;Baixo;4247
3532108;Murutinga do Sul;2018;1;Baixo;4264
3532108;Murutinga do Sul;2020;2;Médio;4281
3532108;Murutinga do Sul;2022;1;Baixo;3740
3532108;Murutinga do Sul;2024;3;Alto;3645
3532157;Nantes;2014;2;Médio;2856
3532157;Nantes;2016;2;Médio;2930
3532157;Nantes;2018;2;Médio;3000
3532157;Nantes;2020;3;Alto;3071
3532157;Nantes;2022;2;Médio;2660
3532157;Nantes;2024;2;Médio;2634
3532207;Narandiba;2014;2;Médio;4504
3532207;Narandiba;2016;3;Alto;4616
3532207;Narandiba;2018;3;Alto;4727
3532207;Narandiba;2020;2;Médio;4841
3532207;Narandiba;2022;3;Alto;5702
3532207;Narandiba;2024;2;Médio;5940
3532306;Natividade da Serra;2014;1;Baixo;6679
3532306;Natividade da Serra;2016;1;Baixo;6683
3532306;Natividade da Serra;2018;1;Baixo;6690
3532306;Natividade da Serra;2020;1;Baixo;6698
3532306;Natividade da Serra;2022;1;Baixo;6997
3532306;Natividade da Serra;2024;1;Baixo;7013
3532405;Nazaré Paulista;2014;1;Baixo;17236
3532405;Nazaré Paulista;2016;1;Baixo;17646
3532405;Nazaré Paulista;2018;2;Médio;18041
3532405;Nazaré Paulista;2020;2;Médio;18445
3532405;Nazaré Paulista;2022;2;Médio;18204
3532405;Nazaré Paulista;2024;2;Médio;18422
3532504;Neves Paulista;2014;2;Médio;8727
3532504;Neves Paulista;2016;2;Médio;8697
3532504;Neves Paulista;2018;3;Alto;8659
3532504;Neves Paulista;2020;3;Alto;8620
3532504;Neves Paulista;2022;2;Médio;9692
3532504;Neves Paulista;2024;4;Muito alto;9803
3532603;Nhandeara;2014;2;Médio;10780
3532603;Nhandeara;2016;3;Alto;10793
3532603;Nhandeara;2018;4;Muito alto;10787
3532603;Nhandeara;2020;4;Muito alto;10782
3532603;Nhandeara;2022;3;Alto;9858
3532603;Nhandeara;2024;3;Alto;9674
3532702;Nipoã;2014;1;Baixo;4578
3532702;Nipoã;2016;2;Médio;4720
3532702;Nipoã;2018;2;Médio;4843
3532702;Nipoã;2020;3;Alto;4969
3532702;Nipoã;2022;2;Médio;4747
3532702;Nipoã;2024;2;Médio;4799
3532801;Nova Aliança;2014;2;Médio;6122
3532801;Nova Aliança;2016;3;Alto;6237
3532801;Nova Aliança;2018;3;Alto;6342
3532801;Nova Aliança;2020;3;Alto;6450
3532801;Nova Aliança;2022;4;Muito alto;6687
3532801;Nova Aliança;2024;3;Alto;6805
3532827;Nova Campina;2014;1;Baixo;8949
3532827;Nova Campina;2016;1;Baixo;9183
3532827;Nova Campina;2018;1;Baixo;9425
3532827;Nova Campina;2020;1;Baixo;9675
3532827;Nova Campina;2022;1;Baixo;8497
3532827;Nova Campina;2024;1;Baixo;8461
3532843;Nova Canaã Paulista;2014;2;Médio;2039
3532843;Nova Canaã Paulista;2016;3;Alto;2003
3532843;Nova Canaã Paulista;2018;4;Muito alto;1970
3532843;Nova Canaã Paulista;2020;3;Alto;1937
3532843;Nova Canaã Paulista;2022;2;Médio;2033
3532843;Nova Canaã Paulista;2024;2;Médio;2001
3532868;Nova Castilho;2014;4;Muito alto;1149
3532868;Nova Castilho;2016;4;Muito alto;1159
3532868;Nova Castilho;2018;4;Muito alto;1167
3532868;Nova Castilho;2020;3;Alto;1176
3532868;Nova Castilho;2022;2;Médio;1062
3532868;Nova Castilho;2024;4;Muito alto;1043
3532900;Nova Europa;2014;1;Baixo;9890
3532900;Nova Europa;2016;2;Médio;10184
3532900;Nova Europa;2018;2;Médio;10463
3532900;Nova Europa;2020;3;Alto;10749
3532900;Nova Europa;2022;2;Médio;9311
3532900;Nova Europa;2024;3;Alto;9218
3533007;Nova Granada;2014;1;Baixo;19892
3533007;Nova Granada;2016;1;Baixo;20245
3533007;Nova Granada;2018;2;Médio;20578
3533007;Nova Granada;2020;3;Alto;20918
3533007;Nova Granada;2022;2;Médio;19417
3533007;Nova Granada;2024;2;Médio;19326
3533106;Nova Guataporanga;2014;2;Médio;2184
3533106;Nova Guataporanga;2016;2;Médio;2187
3533106;Nova Guataporanga;2018;3;Alto;2189
3533106;Nova Guataporanga;2020;3;Alto;2191
3533106;Nova Guataporanga;2022;3;Alto;2156
3533106;Nova Guataporanga;2024;3;Alto;2137
3533205;Nova Independência;2014;1;Baixo;3352
3533205;Nova Independência;2016;3;Alto;3488
3533205;Nova Independência;2018;4;Muito alto;3607
3533205;Nova Independência;2020;3;Alto;3731
3533205;Nova Independência;2022;2;Médio;4596
3533205;Nova Independência;2024;3;Alto;4836
3533254;Novais;2014;1;Baixo;4986
3533254;Novais;2016;1;Baixo;5174
3533254;Novais;2018;2;Médio;5339
3533254;Novais;2020;3;Alto;5509
3533254;Novais;2022;2;Médio;4413
3533254;Novais;2024;3;Alto;4368
3533304;Nova Luzitânia;2014;1;Baixo;3707
3533304;Nova Luzitânia;2016;1;Baixo;3830
3533304;Nova Luzitânia;2018;2;Médio;3936
3533304;Nova Luzitânia;2020;2;Médio;4044
3533304;Nova Luzitânia;2022;3;Alto;2841
3533304;Nova Luzitânia;2024;4;Muito alto;2712
3533403;Nova Odessa;2014;3;Alto;54139
3533403;Nova Odessa;2016;3;Alto;55523
3533403;Nova Odessa;2018;4;Muito alto;56767
3533403;Nova Odessa;2020;4;Muito alto;58039
3533403;Nova Odessa;2022;4;Muito alto;61937
3533403;Nova Odessa;2024;4;Muito alto;63457
3533502;Novo Horizonte;2014;3;Alto;37578
3533502;Novo Horizonte;2016;4;Muito alto;38059
3533502;Novo Horizonte;2018;4;Muito alto;38504
3533502;Novo Horizonte;2020;4;Muito alto;38954
3533502;Novo Horizonte;2022;3;Alto;38312
3533502;Novo Horizonte;2024;4;Muito alto;38441
3533601;Nuporanga;2014;3;Alto;7007
3533601;Nuporanga;2016;3;Alto;7099
3533601;Nuporanga;2018;4;Muito alto;7183
3533601;Nuporanga;2020;4;Muito alto;7268
3533601;Nuporanga;2022;3;Alto;7387
3533601;Nuporanga;2024;4;Muito alto;7477
3533700;Ocauçu;2014;2;Médio;4153
3533700;Ocauçu;2016;3;Alto;4150
3533700;Ocauçu;2018;3;Alto;4148
3533700;Ocauçu;2020;4;Muito alto;4146
3533700;Ocauçu;2022;3;Alto;4330
3533700;Ocauçu;2024;3;Alto;4343
3533809;Óleo;2014;1;Baixo;2601
3533809;Óleo;2016;2;Médio;2572
3533809;Óleo;2018;3;Alto;2550
3533809;Óleo;2020;1;Baixo;2527
3533809;Óleo;2022;3;Alto;2513
3533809;Óleo;2024;2;Médio;2466
3533908;Olímpia;2014;3;Alto;51092
3533908;Olímpia;2016;3;Alto;51598
3533908;Olímpia;2018;4;Muito alto;52055
3533908;Olímpia;2020;4;Muito alto;52516
3533908;Olímpia;2022;4;Muito alto;55037
3533908;Olímpia;2024;4;Muito alto;55778
3534005;Onda Verde;2014;2;Médio;4023
3534005;Onda Verde;2016;3;Alto;4093
3534005;Onda Verde;2018;2;Médio;4159
3534005;Onda Verde;2020;3;Alto;4225
3534005;Onda Verde;2022;3;Alto;4764
3534005;Onda Verde;2024;3;Alto;4882
3534104;Oriente;2014;1;Baixo;6164
3534104;Oriente;2016;1;Baixo;6198
3534104;Oriente;2018;2;Médio;6231
3534104;Oriente;2020;2;Médio;6265
3534104;Oriente;2022;2;Médio;6085
3534104;Oriente;2024;2;Médio;6042
3534203;Orindiúva;2014;2;Médio;6177
3534203;Orindiúva;2016;4;Muito alto;6421
3534203;Orindiúva;2018;4;Muito alto;6640
3534203;Orindiúva;2020;4;Muito alto;6866
3534203;Orindiúva;2022;4;Muito alto;6022
3534203;Orindiúva;2024;4;Muito alto;6047
3534302;Orlândia;2014;2;Médio;40837
3534302;Orlândia;2016;3;Alto;41341
3534302;Orlândia;2018;4;Muito alto;41801
3534302;Orlândia;2020;3;Alto;42266
3534302;Orlândia;2022;2;Médio;38329
3534302;Orlândia;2024;3;Alto;37841
3534401;Osasco;2014;2;Médio;671686
3534401;Osasco;2016;2;Médio;674552
3534401;Osasco;2018;3;Alto;677750
3534401;Osasco;2020;3;Alto;680964
3534401;Osasco;2022;3;Alto;728166
3534401;Osasco;2024;3;Alto;733744
3534500;Oscar Bressane;2014;2;Médio;2527
3534500;Oscar Bressane;2016;1;Baixo;2522
3534500;Oscar Bressane;2018;3;Alto;2518
3534500;Oscar Bressane;2020;4;Muito alto;2514
3534500;Oscar Bressane;2022;2;Médio;2470
3534500;Oscar Bressane;2024;2;Médio;2426
3534609;Osvaldo Cruz;2014;3;Alto;31088
3534609;Osvaldo Cruz;2016;3;Alto;31159
3534609;Osvaldo Cruz;2018;2;Médio;31210
3534609;Osvaldo Cruz;2020;3;Alto;31263
3534609;Osvaldo Cruz;2022;2;Médio;31270
3534609;Osvaldo Cruz;2024;4;Muito alto;31185
3534708;Ourinhos;2014;2;Médio;106106
3534708;Ourinhos;2016;3;Alto;107616
3534708;Ourinhos;2018;3;Alto;109043
3534708;Ourinhos;2020;3;Alto;110489
3534708;Ourinhos;2022;3;Alto;103963
3534708;Ourinhos;2024;3;Alto;103408
3534757;Ouroeste;2014;3;Alto;8979
3534757;Ouroeste;2016;3;Alto;9259
3534757;Ouroeste;2018;4;Muito alto;9515
3534757;Ouroeste;2020;4;Muito alto;9777
3534757;Ouroeste;2022;3;Alto;10280
3534757;Ouroeste;2024;3;Alto;10518
3534807;Ouro Verde;2014;1;Baixo;7987
3534807;Ouro Verde;2016;2;Médio;8082
3534807;Ouro Verde;2018;1;Baixo;8174
3534807;Ouro Verde;2020;2;Médio;8268
3534807;Ouro Verde;2022;1;Baixo;7779
3534807;Ouro Verde;2024;3;Alto;7741
3534906;Pacaembu;2014;1;Baixo;13156
3534906;Pacaembu;2016;1;Baixo;13122
3534906;Pacaembu;2018;2;Médio;13090
3534906;Pacaembu;2020;3;Alto;13056
3534906;Pacaembu;2022;1;Baixo;14865
3534906;Pacaembu;2024;3;Alto;15067
3535002;Palestina;2014;2;Médio;11540
3535002;Palestina;2016;3;Alto;11766
3535002;Palestina;2018;3;Alto;11962
3535002;Palestina;2020;3;Alto;12160
3535002;Palestina;2022;3;Alto;11473
3535002;Palestina;2024;3;Alto;11503
3535101;Palmares Paulista;2014;1;Baixo;11785
3535101;Palmares Paulista;2016;1;Baixo;12204
3535101;Palmares Paulista;2018;1;Baixo;12594
3535101;Palmares Paulista;2020;2;Médio;12997
3535101;Palmares Paulista;2022;2;Médio;9658
3535101;Palmares Paulista;2024;2;Médio;9341
3535200;Palmeira d'Oeste;2014;2;Médio;9368
3535200;Palmeira d'Oeste;2016;3;Alto;9276
3535200;Palmeira d'Oeste;2018;3;Alto;9203
3535200;Palmeira d'Oeste;2020;2;Médio;9130
3535200;Palmeira d'Oeste;2022;2;Médio;8908
3535200;Palmeira d'Oeste;2024;3;Alto;8764
3535309;Palmital;2014;2;Médio;21362
3535309;Palmital;2016;2;Médio;21446
3535309;Palmital;2018;2;Médio;21523
3535309;Palmital;2020;2;Médio;21599
3535309;Palmital;2022;3;Alto;19605
3535309;Palmital;2024;3;Alto;19276
3535408;Panorama;2014;1;Baixo;14832
3535408;Panorama;2016;1;Baixo;14957
3535408;Panorama;2018;2;Médio;15078
3535408;Panorama;2020;2;Médio;15199
3535408;Panorama;2022;1;Baixo;14961
3535408;Panorama;2024;2;Médio;14890
3535507;Paraguaçu Paulista;2014;2;Médio;43061
3535507;Paraguaçu Paulista;2016;3;Alto;43447
3535507;Paraguaçu Paulista;2018;3;Alto;43812
3535507;Paraguaçu Paulista;2020;3;Alto;44180
3535507;Paraguaçu Paulista;2022;2;Médio;41128
3535507;Paraguaçu Paulista;2024;2;Médio;40565
3535606;Paraibuna;2014;2;Médio;17724
3535606;Paraibuna;2016;2;Médio;17893
3535606;Paraibuna;2018;3;Alto;18060
3535606;Paraibuna;2020;3;Alto;18230
3535606;Paraibuna;2022;2;Médio;17665
3535606;Paraibuna;2024;3;Alto;17654
3535705;Paraíso;2014;3;Alto;6060
3535705;Paraíso;2016;3;Alto;6135
3535705;Paraíso;2018;4;Muito alto;6202
3535705;Paraíso;2020;4;Muito alto;6269
3535705;Paraíso;2022;3;Alto;6098
3535705;Paraíso;2024;4;Muito alto;6117
3535804;Paranapanema;2014;1;Baixo;18648
3535804;Paranapanema;2016;3;Alto;19083
3535804;Paranapanema;2018;4;Muito alto;19517
3535804;Paranapanema;2020;3;Alto;19962
3535804;Paranapanema;2022;2;Médio;19384
3535804;Paranapanema;2024;3;Alto;19635
3535903;Paranapuã;2014;2;Médio;3851
3535903;Paranapuã;2016;3;Alto;3866
3535903;Paranapuã;2018;3;Alto;3879
3535903;Paranapuã;2020;4;Muito alto;3892
3535903;Paranapuã;2022;3;Alto;4029
3535903;Paranapuã;2024;4;Muito alto;4067
3536000;Parapuã;2014;2;Médio;10699
3536000;Parapuã;2016;1;Baixo;10631
3536000;Parapuã;2018;2;Médio;10569
3536000;Parapuã;2020;4;Muito alto;10507
3536000;Parapuã;2022;3;Alto;10582
3536000;Parapuã;2024;3;Alto;10492
3536109;Pardinho;2014;1;Baixo;5901
3536109;Pardinho;2016;1;Baixo;6064
3536109;Pardinho;2018;1;Baixo;6226
3536109;Pardinho;2020;1;Baixo;6392
3536109;Pardinho;2022;1;Baixo;7141
3536109;Pardinho;2024;2;Médio;7380
3536208;Pariquera-Açu;2014;1;Baixo;18774
3536208;Pariquera-Açu;2016;1;Baixo;18937
3536208;Pariquera-Açu;2018;2;Médio;19094
3536208;Pariquera-Açu;2020;2;Médio;19251
3536208;Pariquera-Açu;2022;1;Baixo;19227
3536208;Pariquera-Açu;2024;1;Baixo;19271
3536257;Parisi;2014;1;Baixo;2044
3536257;Parisi;2016;1;Baixo;2049
3536257;Parisi;2018;2;Médio;2052
3536257;Parisi;2020;1;Baixo;2054
3536257;Parisi;2022;2;Médio;2885
3536257;Parisi;2024;4;Muito alto;3007
3536307;Patrocínio Paulista;2014;1;Baixo;13594
3536307;Patrocínio Paulista;2016;3;Alto;13890
3536307;Patrocínio Paulista;2018;3;Alto;14174
3536307;Patrocínio Paulista;2020;3;Alto;14463
3536307;Patrocínio Paulista;2022;2;Médio;14501
3536307;Patrocínio Paulista;2024;1;Baixo;14692
3536406;Paulicéia;2014;1;Baixo;6669
3536406;Paulicéia;2016;2;Médio;6833
3536406;Paulicéia;2018;2;Médio;6988
3536406;Paulicéia;2020;3;Alto;7146
3536406;Paulicéia;2022;1;Baixo;7942
3536406;Paulicéia;2024;2;Médio;8157
3536505;Paulínia;2014;4;Muito alto;92231
3536505;Paulínia;2016;4;Muito alto;96955
3536505;Paulínia;2018;4;Muito alto;100915
3536505;Paulínia;2020;4;Muito alto;105037
3536505;Paulínia;2022;4;Muito alto;110309
3536505;Paulínia;2024;4;Muito alto;114711
3536570;Paulistânia;2014;3;Alto;1777
3536570;Paulistânia;2016;4;Muito alto;1775
3536570;Paulistânia;2018;4;Muito alto;1772
3536570;Paulistânia;2020;4;Muito alto;1769
3536570;Paulistânia;2022;3;Alto;2088
3536570;Paulistânia;2024;4;Muito alto;2122
3536604;Paulo de Faria;2014;1;Baixo;8548
3536604;Paulo de Faria;2016;2;Médio;8534
3536604;Paulo de Faria;2018;3;Alto;8528
3536604;Paulo de Faria;2020;2;Médio;8521
3536604;Paulo de Faria;2022;1;Baixo;7408
3536604;Paulo de Faria;2024;3;Alto;7181
3536703;Pederneiras;2014;2;Médio;43169
3536703;Pederneiras;2016;2;Médio;43993
3536703;Pederneiras;2018;3;Alto;44775
3536703;Pederneiras;2020;3;Alto;45570
3536703;Pederneiras;2022;2;Médio;44803
3536703;Pederneiras;2024;3;Alto;45238
3536802;Pedra Bela;2014;1;Baixo;5859
3536802;Pedra Bela;2016;1;Baixo;5896
3536802;Pedra Bela;2018;2;Médio;5930
3536802;Pedra Bela;2020;4;Muito alto;5964
3536802;Pedra Bela;2022;3;Alto;6551
3536802;Pedra Bela;2024;3;Alto;6686
3536901;Pedranópolis;2014;2;Médio;2494
3536901;Pedranópolis;2016;3;Alto;2467
3536901;Pedranópolis;2018;3;Alto;2445
3536901;Pedranópolis;2020;3;Alto;2422
3536901;Pedranópolis;2022;3;Alto;2785
3536901;Pedranópolis;2024;4;Muito alto;2819
3537008;Pedregulho;2014;1;Baixo;15940
3537008;Pedregulho;2016;2;Médio;16057
3537008;Pedregulho;2018;2;Médio;16167
3537008;Pedregulho;2020;3;Alto;16279
3537008;Pedregulho;2022;2;Médio;15526
3537008;Pedregulho;2024;2;Médio;15421
3537107;Pedreira;2014;3;Alto;43693
3537107;Pedreira;2016;3;Alto;44707
3537107;Pedreira;2018;3;Alto;45618
3537107;Pedreira;2020;4;Muito alto;46548
3537107;Pedreira;2022;3;Alto;43101
3537107;Pedreira;2024;4;Muito alto;43261
3537156;Pedrinhas Paulista;2014;3;Alto;2969
3537156;Pedrinhas Paulista;2016;3;Alto;2983
3537156;Pedrinhas Paulista;2018;4;Muito alto;2997
3537156;Pedrinhas Paulista;2020;4;Muito alto;3010
3537156;Pedrinhas Paulista;2022;4;Muito alto;2805
3537156;Pedrinhas Paulista;2024;4;Muito alto;2793
3537206;Pedro de Toledo;2014;1;Baixo;10497
3537206;Pedro de Toledo;2016;1;Baixo;10653
3537206;Pedro de Toledo;2018;1;Baixo;10814
3537206;Pedro de Toledo;2020;2;Médio;10977
3537206;Pedro de Toledo;2022;2;Médio;11273
3537206;Pedro de Toledo;2024;2;Médio;11387
3537305;Penápolis;2014;2;Médio;59492
3537305;Penápolis;2016;3;Alto;59953
3537305;Penápolis;2018;3;Alto;60362
3537305;Penápolis;2020;3;Alto;60774
3537305;Penápolis;2022;3;Alto;61656
3537305;Penápolis;2024;3;Alto;61847
3537404;Pereira Barreto;2014;2;Médio;25151
3537404;Pereira Barreto;2016;3;Alto;25237
3537404;Pereira Barreto;2018;3;Alto;25314
3537404;Pereira Barreto;2020;3;Alto;25391
3537404;Pereira Barreto;2022;2;Médio;24101
3537404;Pereira Barreto;2024;3;Alto;23781
3537503;Pereiras;2014;2;Médio;7858
3537503;Pereiras;2016;2;Médio;8056
3537503;Pereiras;2018;2;Médio;8240
3537503;Pereiras;2020;3;Alto;8428
3537503;Pereiras;2022;2;Médio;8727
3537503;Pereiras;2024;3;Alto;8894
3537602;Peruíbe;2014;1;Baixo;62307
3537602;Peruíbe;2016;1;Baixo;63609
3537602;Peruíbe;2018;2;Médio;64892
3537602;Peruíbe;2020;2;Médio;66201
3537602;Peruíbe;2022;1;Baixo;68288
3537602;Peruíbe;2024;2;Médio;69330
3537701;Piacatu;2014;2;Médio;5534
3537701;Piacatu;2016;1;Baixo;5656
3537701;Piacatu;2018;2;Médio;5772
3537701;Piacatu;2020;2;Médio;5891
3537701;Piacatu;2022;1;Baixo;5517
3537701;Piacatu;2024;2;Médio;5527
3537800;Piedade;2014;1;Baixo;52645
3537800;Piedade;2016;1;Baixo;52927
3537800;Piedade;2018;2;Médio;53230
3537800;Piedade;2020;2;Médio;53536
3537800;Piedade;2022;2;Médio;52964
3537800;Piedade;2024;2;Médio;52835
3537909;Pilar do Sul;2014;1;Baixo;27151
3537909;Pilar do Sul;2016;2;Médio;27518
3537909;Pilar do Sul;2018;2;Médio;27867
3537909;Pilar do Sul;2020;3;Alto;28221
3537909;Pilar do Sul;2022;2;Médio;27610
3537909;Pilar do Sul;2024;2;Médio;27685
3538006;Pindamonhangaba;2014;1;Baixo;154082
3538006;Pindamonhangaba;2016;2;Médio;157459
3538006;Pindamonhangaba;2018;3;Alto;160506
3538006;Pindamonhangaba;2020;3;Alto;163611
3538006;Pindamonhangaba;2022;3;Alto;165292
3538006;Pindamonhangaba;2024;3;Alto;167740
3538105;Pindorama;2014;2;Médio;15596
3538105;Pindorama;2016;2;Médio;15844
3538105;Pindorama;2018;2;Médio;16049
3538105;Pindorama;2020;2;Médio;16255
3538105;Pindorama;2022;2;Médio;14545
3538105;Pindorama;2024;3;Alto;14398
3538204;Pinhalzinho;2014;1;Baixo;13784
3538204;Pinhalzinho;2016;2;Médio;14119
3538204;Pinhalzinho;2018;3;Alto;14433
3538204;Pinhalzinho;2020;3;Alto;14755
3538204;Pinhalzinho;2022;2;Médio;15208
3538204;Pinhalzinho;2024;3;Alto;15526
3538303;Piquerobi;2014;2;Médio;3534
3538303;Piquerobi;2016;2;Médio;3534
3538303;Piquerobi;2018;2;Médio;3534
3538303;Piquerobi;2020;3;Alto;3535
3538303;Piquerobi;2022;3;Alto;3266
3538303;Piquerobi;2024;4;Muito alto;3228
3538501;Piquete;2014;1;Baixo;13884
3538501;Piquete;2016;1;Baixo;13790
3538501;Piquete;2018;1;Baixo;13718
3538501;Piquete;2020;1;Baixo;13647
3538501;Piquete;2022;1;Baixo;12501
3538501;Piquete;2024;2;Médio;12149
3538600;Piracaia;2014;1;Baixo;25573
3538600;Piracaia;2016;2;Médio;25811
3538600;Piracaia;2018;3;Alto;26048
3538600;Piracaia;2020;3;Alto;26287
3538600;Piracaia;2022;2;Médio;26023
3538600;Piracaia;2024;3;Alto;26034
3538709;Piracicaba;2014;3;Alto;375358
3538709;Piracicaba;2016;3;Alto;380494
3538709;Piracicaba;2018;4;Muito alto;385155
3538709;Piracicaba;2020;4;Muito alto;389873
3538709;Piracicaba;2022;4;Muito alto;422884
3538709;Piracicaba;2024;4;Muito alto;431014
3538808;Piraju;2014;2;Médio;28547
3538808;Piraju;2016;3;Alto;28568
3538808;Piraju;2018;4;Muito alto;28571
3538808;Piraju;2020;3;Alto;28574
3538808;Piraju;2022;3;Alto;29429
3538808;Piraju;2024;3;Alto;29330
3538907;Pirajuí;2014;1;Baixo;23024
3538907;Pirajuí;2016;1;Baixo;23140
3538907;Pirajuí;2018;1;Baixo;23199
3538907;Pirajuí;2020;1;Baixo;23259
3538907;Pirajuí;2022;1;Baixo;22433
3538907;Pirajuí;2024;2;Médio;22218
3539004;Pirangi;2014;2;Médio;10718
3539004;Pirangi;2016;3;Alto;10760
3539004;Pirangi;2018;3;Alto;10792
3539004;Pirangi;2020;4;Muito alto;10823
3539004;Pirangi;2022;3;Alto;10883
3539004;Pirangi;2024;3;Alto;10890
3539103;Pirapora do Bom Jesus;2014;1;Baixo;16918
3539103;Pirapora do Bom Jesus;2016;1;Baixo;17548
3539103;Pirapora do Bom Jesus;2018;1;Baixo;18188
3539103;Pirapora do Bom Jesus;2020;1;Baixo;18851
3539103;Pirapora do Bom Jesus;2022;1;Baixo;18350
3539103;Pirapora do Bom Jesus;2024;1;Baixo;18729
3539202;Pirapozinho;2014;2;Médio;25705
3539202;Pirapozinho;2016;2;Médio;26215
3539202;Pirapozinho;2018;3;Alto;26709
3539202;Pirapozinho;2020;2;Médio;27213
3539202;Pirapozinho;2022;2;Médio;25343
3539202;Pirapozinho;2024;2;Médio;25302
3539301;Pirassununga;2014;2;Médio;71620
3539301;Pirassununga;2016;3;Alto;72356
3539301;Pirassununga;2018;3;Alto;73027
3539301;Pirassununga;2020;3;Alto;73706
3539301;Pirassununga;2022;3;Alto;73520
3539301;Pirassununga;2024;3;Alto;73678
3539400;Piratininga;2014;1;Baixo;12533
3539400;Piratininga;2016;2;Médio;12764
3539400;Piratininga;2018;2;Médio;12987
3539400;Piratininga;2020;3;Alto;13213
3539400;Piratininga;2022;3;Alto;15084
3539400;Piratininga;2024;2;Médio;15543
3539509;Pitangueiras;2014;1;Baixo;36632
3539509;Pitangueiras;2016;2;Médio;37295
3539509;Pitangueiras;2018;2;Médio;37934
3539509;Pitangueiras;2020;2;Médio;38584
3539509;Pitangueiras;2022;2;Médio;33685
3539509;Pitangueiras;2024;3;Alto;33190
3539608;Planalto;2014;2;Médio;4755
3539608;Planalto;2016;2;Médio;4897
3539608;Planalto;2018;2;Médio;5031
3539608;Planalto;2020;2;Médio;5167
3539608;Planalto;2022;3;Alto;4390
3539608;Planalto;2024;3;Alto;4317
3539707;Platina;2014;1;Baixo;3314
3539707;Platina;2016;3;Alto;3378
3539707;Platina;2018;3;Alto;3439
3539707;Platina;2020;2;Médio;3501
3539707;Platina;2022;1;Baixo;3026
3539707;Platina;2024;3;Alto;3001
3539806;Poá;2014;2;Médio;110001
3539806;Poá;2016;2;Médio;111929
3539806;Poá;2018;2;Médio;113719
3539806;Poá;2020;2;Médio;115538
3539806;Poá;2022;2;Médio;103780
3539806;Poá;2024;2;Médio;102555
3539905;Poloni;2014;3;Alto;5507
3539905;Poloni;2016;2;Médio;5562
3539905;Poloni;2018;3;Alto;5615
3539905;Poloni;2020;3;Alto;5667
3539905;Poloni;2022;2;Médio;5591
3539905;Poloni;2024;3;Alto;5583
3540002;Pompéia;2014;2;Médio;20507
3540002;Pompéia;2016;2;Médio;20775
3540002;Pompéia;2018;3;Alto;21027
3540002;Pompéia;2020;4;Muito alto;21282
3540002;Pompéia;2022;4;Muito alto;20194
3540002;Pompéia;2024;4;Muito alto;20110
3540101;Pongaí;2014;1;Baixo;3411
3540101;Pongaí;2016;1;Baixo;3385
3540101;Pongaí;2018;2;Médio;3368
3540101;Pongaí;2020;2;Médio;3351
3540101;Pongaí;2022;3;Alto;3396
3540101;Pongaí;2024;4;Muito alto;3375
3540200;Pontal;2014;1;Baixo;44239
3540200;Pontal;2016;1;Baixo;46092
3540200;Pontal;2018;3;Alto;47661
3540200;Pontal;2020;3;Alto;49283
3540200;Pontal;2022;2;Médio;37625
3540200;Pontal;2024;2;Médio;36946
3540259;Pontalinda;2014;1;Baixo;4249
3540259;Pontalinda;2016;1;Baixo;4333
3540259;Pontalinda;2018;1;Baixo;4409
3540259;Pontalinda;2020;2;Médio;4487
3540259;Pontalinda;2022;1;Baixo;4127
3540259;Pontalinda;2024;2;Médio;4099
3540309;Pontes Gestal;2014;2;Médio;2519
3540309;Pontes Gestal;2016;3;Alto;2522
3540309;Pontes Gestal;2018;3;Alto;2524
3540309;Pontes Gestal;2020;2;Médio;2528
3540309;Pontes Gestal;2022;4;Muito alto;2388
3540309;Pontes Gestal;2024;4;Muito alto;2356
3540408;Populina;2014;1;Baixo;4125
3540408;Populina;2016;2;Médio;4079
3540408;Populina;2018;2;Médio;4037
3540408;Populina;2020;2;Médio;3995
3540408;Populina;2022;2;Médio;4128
3540408;Populina;2024;3;Alto;4085
3540507;Porangaba;2014;1;Baixo;8738
3540507;Porangaba;2016;1;Baixo;8939
3540507;Porangaba;2018;1;Baixo;9122
3540507;Porangaba;2020;2;Médio;9310
3540507;Porangaba;2022;1;Baixo;10435
3540507;Porangaba;2024;2;Médio;10740
3540606;Porto Feliz;2014;3;Alto;50041
3540606;Porto Feliz;2016;3;Alto;50607
3540606;Porto Feliz;2018;3;Alto;51149
3540606;Porto Feliz;2020;3;Alto;51697
3540606;Porto Feliz;2022;3;Alto;56440
3540606;Porto Feliz;2024;4;Muito alto;57324
3540705;Porto Ferreira;2014;2;Médio;52568
3540705;Porto Ferreira;2016;3;Alto;53117
3540705;Porto Ferreira;2018;3;Alto;53607
3540705;Porto Ferreira;2020;3;Alto;54102
3540705;Porto Ferreira;2022;2;Médio;52640
3540705;Porto Ferreira;2024;3;Alto;52490
3540754;Potim;2014;1;Baixo;19899
3540754;Potim;2016;1;Baixo;20171
3540754;Potim;2018;1;Baixo;20434
3540754;Potim;2020;1;Baixo;20702
3540754;Potim;2022;1;Baixo;20385
3540754;Potim;2024;2;Médio;20462
3540804;Potirendaba;2014;3;Alto;15958
3540804;Potirendaba;2016;3;Alto;16194
3540804;Potirendaba;2018;3;Alto;16398
3540804;Potirendaba;2020;3;Alto;16605
3540804;Potirendaba;2022;2;Médio;18473
3540804;Potirendaba;2024;3;Alto;18952
3540853;Pracinha;2014;1;Baixo;2871
3540853;Pracinha;2016;2;Médio;2885
3540853;Pracinha;2018;1;Baixo;2899
3540853;Pracinha;2020;1;Baixo;2913
3540853;Pracinha;2022;2;Médio;2580
3540853;Pracinha;2024;2;Médio;2547
3540903;Pradópolis;2014;3;Alto;18887
3540903;Pradópolis;2016;3;Alto;19609
3540903;Pradópolis;2018;3;Alto;20248
3540903;Pradópolis;2020;2;Médio;20907
3540903;Pradópolis;2022;2;Médio;17080
3540903;Pradópolis;2024;3;Alto;16898
3541000;Praia Grande;2014;2;Médio;284757
3541000;Praia Grande;2016;2;Médio;295928
3541000;Praia Grande;2018;3;Alto;306207
3541000;Praia Grande;2020;3;Alto;316844
3541000;Praia Grande;2022;2;Médio;349233
3541000;Praia Grande;2024;2;Médio;362457
3541059;Pratânia;2014;2;Médio;4813
3541059;Pratânia;2016;2;Médio;4926
3541059;Pratânia;2018;3;Alto;5040
3541059;Pratânia;2020;3;Alto;5156
3541059;Pratânia;2022;3;Alto;5122
3541059;Pratânia;2024;3;Alto;5200
3541109;Presidente Alves;2014;1;Baixo;4073
3541109;Presidente Alves;2016;3;Alto;4052
3541109;Presidente Alves;2018;3;Alto;4036
3541109;Presidente Alves;2020;2;Médio;4020
3541109;Presidente Alves;2022;2;Médio;3806
3541109;Presidente Alves;2024;2;Médio;3721
3541208;Presidente Bernardes;2014;1;Baixo;13650
3541208;Presidente Bernardes;2016;1;Baixo;13679
3541208;Presidente Bernardes;2018;1;Baixo;13700
3541208;Presidente Bernardes;2020;2;Médio;13720
3541208;Presidente Bernardes;2022;2;Médio;14483
3541208;Presidente Bernardes;2024;2;Médio;14556
3541307;Presidente Epitácio;2014;1;Baixo;41727
3541307;Presidente Epitácio;2016;2;Médio;41947
3541307;Presidente Epitácio;2018;2;Médio;42174
3541307;Presidente Epitácio;2020;2;Médio;42400
3541307;Presidente Epitácio;2022;3;Alto;39517
3541307;Presidente Epitácio;2024;3;Alto;38874
3541406;Presidente Prudente;2014;2;Médio;213313
3541406;Presidente Prudente;2016;3;Alto;216044
3541406;Presidente Prudente;2018;3;Alto;218544
3541406;Presidente Prudente;2020;4;Muito alto;221073
3541406;Presidente Prudente;2022;3;Alto;225537
3541406;Presidente Prudente;2024;3;Alto;227294
3541505;Presidente Venceslau;2014;3;Alto;37975
3541505;Presidente Venceslau;2016;2;Médio;37995
3541505;Presidente Venceslau;2018;3;Alto;38000
3541505;Presidente Venceslau;2020;3;Alto;38005
3541505;Presidente Venceslau;2022;3;Alto;35219
3541505;Presidente Venceslau;2024;3;Alto;34474
3541604;Promissão;2014;1;Baixo;37286
3541604;Promissão;2016;2;Médio;38094
3541604;Promissão;2018;2;Médio;38873
3541604;Promissão;2020;2;Médio;39667
3541604;Promissão;2022;2;Médio;35135
3541604;Promissão;2024;2;Médio;34802
3541653;Quadra;2014;1;Baixo;3430
3541653;Quadra;2016;1;Baixo;3526
3541653;Quadra;2018;2;Médio;3616
3541653;Quadra;2020;4;Muito alto;3708
3541653;Quadra;2022;2;Médio;3404
3541653;Quadra;2024;3;Alto;3424
3541703;Quatá;2014;1;Baixo;13259
3541703;Quatá;2016;3;Alto;13488
3541703;Quatá;2018;2;Médio;13710
3541703;Quatá;2020;2;Médio;13935
3541703;Quatá;2022;1;Baixo;13160
3541703;Quatá;2024;3;Alto;13126
3541802;Queiroz;2014;2;Médio;2994
3541802;Queiroz;2016;2;Médio;3089
3541802;Queiroz;2018;3;Alto;3183
3541802;Queiroz;2020;4;Muito alto;3279
3541802;Queiroz;2022;3;Alto;3262
3541802;Queiroz;2024;4;Muito alto;3331
3541901;Queluz;2014;1;Baixo;11894
3541901;Queluz;2016;1;Baixo;12168
3541901;Queluz;2018;1;Baixo;12404
3541901;Queluz;2020;1;Baixo;12644
3541901;Queluz;2022;2;Médio;9172
3541901;Queluz;2024;1;Baixo;8742
3542008;Quintana;2014;2;Médio;6207
3542008;Quintana;2016;2;Médio;6307
3542008;Quintana;2018;3;Alto;6403
3542008;Quintana;2020;3;Alto;6500
3542008;Quintana;2022;2;Médio;7030
3542008;Quintana;2024;3;Alto;7198
3542107;Rafard;2014;2;Médio;8738
3542107;Rafard;2016;2;Médio;8810
3542107;Rafard;2018;2;Médio;8893
3542107;Rafard;2020;3;Alto;8976
3542107;Rafard;2022;3;Alto;8962
3542107;Rafard;2024;3;Alto;8992
3542206;Rancharia;2014;2;Médio;28800
3542206;Rancharia;2016;2;Médio;28809
3542206;Rancharia;2018;3;Alto;28828
3542206;Rancharia;2020;3;Alto;28847
3542206;Rancharia;2022;2;Médio;28589
3542206;Rancharia;2024;3;Alto;28406
3542305;Redenção da Serra;2014;1;Baixo;3852
3542305;Redenção da Serra;2016;1;Baixo;3845
3542305;Redenção da Serra;2018;1;Baixo;3841
3542305;Redenção da Serra;2020;1;Baixo;3837
3542305;Redenção da Serra;2022;1;Baixo;4489
3542305;Redenção da Serra;2024;2;Médio;4598
3542404;Regente Feijó;2014;2;Médio;18906
3542404;Regente Feijó;2016;3;Alto;19109
3542404;Regente Feijó;2018;3;Alto;19298
3542404;Regente Feijó;2020;3;Alto;19491
3542404;Regente Feijó;2022;3;Alto;20133
3542404;Regente Feijó;2024;3;Alto;20341
3542503;Reginópolis;2014;1;Baixo;7265
3542503;Reginópolis;2016;2;Médio;7249
3542503;Reginópolis;2018;2;Médio;7232
3542503;Reginópolis;2020;3;Alto;7215
3542503;Reginópolis;2022;3;Alto;7660
3542503;Reginópolis;2024;3;Alto;7736
3542602;Registro;2014;1;Baixo;54058
3542602;Registro;2016;2;Médio;54050
3542602;Registro;2018;3;Alto;54133
3542602;Registro;2020;3;Alto;54216
3542602;Registro;2022;2;Médio;59906
3542602;Registro;2024;2;Médio;60450
3542701;Restinga;2014;1;Baixo;6946
3542701;Restinga;2016;2;Médio;7129
3542701;Restinga;2018;2;Médio;7309
3542701;Restinga;2020;2;Médio;7493
3542701;Restinga;2022;1;Baixo;6405
3542701;Restinga;2024;2;Médio;6317
3542800;Ribeira;2014;1;Baixo;3295
3542800;Ribeira;2016;1;Baixo;3272
3542800;Ribeira;2018;1;Baixo;3257
3542800;Ribeira;2020;2;Médio;3242
3542800;Ribeira;2022;3;Alto;3134
3542800;Ribeira;2024;2;Médio;3076
3542909;Ribeirão Bonito;2014;1;Baixo;12458
3542909;Ribeirão Bonito;2016;1;Baixo;12625
3542909;Ribeirão Bonito;2018;2;Médio;12791
3542909;Ribeirão Bonito;2020;2;Médio;12959
3542909;Ribeirão Bonito;2022;2;Médio;10997
3542909;Ribeirão Bonito;2024;1;Baixo;10712
3543006;Ribeirão Branco;2014;1;Baixo;17855
3543006;Ribeirão Branco;2016;1;Baixo;17736
3543006;Ribeirão Branco;2018;1;Baixo;17710
3543006;Ribeirão Branco;2020;2;Médio;17685
3543006;Ribeirão Branco;2022;1;Baixo;18624
3543006;Ribeirão Branco;2024;1;Baixo;18615
3543105;Ribeirão Corrente;2014;1;Baixo;4432
3543105;Ribeirão Corrente;2016;2;Médio;4511
3543105;Ribeirão Corrente;2018;3;Alto;4587
3543105;Ribeirão Corrente;2020;3;Alto;4664
3543105;Ribeirão Corrente;2022;2;Médio;4606
3543105;Ribeirão Corrente;2024;3;Alto;4623
3543204;Ribeirão do Sul;2014;3;Alto;4401
3543204;Ribeirão do Sul;2016;2;Médio;4383
3543204;Ribeirão do Sul;2018;2;Médio;4371
3543204;Ribeirão do Sul;2020;2;Médio;4360
3543204;Ribeirão do Sul;2022;2;Médio;4675
3543204;Ribeirão do Sul;2024;3;Alto;4676
3543238;Ribeirão dos Índios;2014;1;Baixo;2165
3543238;Ribeirão dos Índios;2016;1;Baixo;2156
3543238;Ribeirão dos Índios;2018;2;Médio;2148
3543238;Ribeirão dos Índios;2020;3;Alto;2141
3543238;Ribeirão dos Índios;2022;2;Médio;2026
3543238;Ribeirão dos Índios;2024;4;Muito alto;1991
3543253;Ribeirão Grande;2014;1;Baixo;7457
3543253;Ribeirão Grande;2016;1;Baixo;7475
3543253;Ribeirão Grande;2018;2;Médio;7493
3543253;Ribeirão Grande;2020;1;Baixo;7510
3543253;Ribeirão Grande;2022;1;Baixo;7450
3543253;Ribeirão Grande;2024;1;Baixo;7399
3543303;Ribeirão Pires;2014;3;Alto;115677
3543303;Ribeirão Pires;2016;3;Alto;116875
3543303;Ribeirão Pires;2018;4;Muito alto;117917
3543303;Ribeirão Pires;2020;3;Alto;118968
3543303;Ribeirão Pires;2022;3;Alto;115542
3543303;Ribeirão Pires;2024;3;Alto;115053
3543402;Ribeirão Preto;2014;3;Alto;638796
3543402;Ribeirão Preto;2016;3;Alto;654893
3543402;Ribeirão Preto;2018;3;Alto;669180
3543402;Ribeirão Preto;2020;3;Alto;683777
3543402;Ribeirão Preto;2022;3;Alto;697942
3543402;Ribeirão Preto;2024;4;Muito alto;711054
3543501;Riversul;2014;1;Baixo;5947
3543501;Riversul;2016;1;Baixo;5855
3543501;Riversul;2018;1;Baixo;5779
3543501;Riversul;2020;1;Baixo;5705
3543501;Riversul;2022;1;Baixo;5603
3543501;Riversul;2024;1;Baixo;5514
3543600;Rifaina;2014;1;Baixo;3447
3543600;Rifaina;2016;2;Médio;3454
3543600;Rifaina;2018;2;Médio;3460
3543600;Rifaina;2020;3;Alto;3468
3543600;Rifaina;2022;3;Alto;4044
3543600;Rifaina;2024;4;Muito alto;4157
3543709;Rincão;2014;1;Baixo;10440
3543709;Rincão;2016;2;Médio;10456
3543709;Rincão;2018;2;Médio;10476
3543709;Rincão;2020;1;Baixo;10496
3543709;Rincão;2022;2;Médio;9107
3543709;Rincão;2024;3;Alto;8808
3543808;Rinópolis;2014;1;Baixo;9838
3543808;Rinópolis;2016;1;Baixo;9795
3543808;Rinópolis;2018;2;Médio;9757
3543808;Rinópolis;2020;2;Médio;9720
3543808;Rinópolis;2022;2;Médio;9264
3543808;Rinópolis;2024;3;Alto;9136
3543907;Rio Claro;2014;3;Alto;192460
3543907;Rio Claro;2016;2;Médio;195490
3543907;Rio Claro;2018;3;Alto;198330
3543907;Rio Claro;2020;3;Alto;201212
3543907;Rio Claro;2022;3;Alto;201309
3543907;Rio Claro;2024;3;Alto;202758
3544004;Rio das Pedras;2014;2;Médio;31593
3544004;Rio das Pedras;2016;2;Médio;32594
3544004;Rio das Pedras;2018;3;Alto;33493
3544004;Rio das Pedras;2020;3;Alto;34416
3544004;Rio das Pedras;2022;3;Alto;31315
3544004;Rio das Pedras;2024;3;Alto;31478
3544103;Rio Grande da Serra;2014;1;Baixo;46326
3544103;Rio Grande da Serra;2016;2;Médio;47508
3544103;Rio Grande da Serra;2018;3;Alto;48648
3544103;Rio Grande da Serra;2020;2;Médio;49816
3544103;Rio Grande da Serra;2022;3;Alto;44169
3544103;Rio Grande da Serra;2024;2;Médio;43872
3544202;Riolândia;2014;1;Baixo;10910
3544202;Riolândia;2016;2;Médio;11084
3544202;Riolândia;2018;3;Alto;11256
3544202;Riolândia;2020;3;Alto;11431
3544202;Riolândia;2022;3;Alto;10311
3544202;Riolândia;2024;3;Alto;10237
3544251;Rosana;2014;1;Baixo;19058
3544251;Rosana;2016;2;Médio;18791
3544251;Rosana;2018;2;Médio;18588
3544251;Rosana;2020;3;Alto;18387
3544251;Rosana;2022;3;Alto;17455
3544251;Rosana;2024;3;Alto;16902
3544301;Roseira;2014;1;Baixo;10029
3544301;Roseira;2016;2;Médio;10240
3544301;Roseira;2018;3;Alto;10439
3544301;Roseira;2020;4;Muito alto;10642
3544301;Roseira;2022;2;Médio;10823
3544301;Roseira;2024;3;Alto;10994
3544400;Rubiácea;2014;3;Alto;2887
3544400;Rubiácea;2016;3;Alto;2965
3544400;Rubiácea;2018;3;Alto;3034
3544400;Rubiácea;2020;3;Alto;3106
3544400;Rubiácea;2022;3;Alto;2700
3544400;Rubiácea;2024;2;Médio;2668
3544509;Rubinéia;2014;3;Alto;2919
3544509;Rubinéia;2016;3;Alto;2945
3544509;Rubinéia;2018;4;Muito alto;2967
3544509;Rubinéia;2020;3;Alto;2989
3544509;Rubinéia;2022;3;Alto;3825
3544509;Rubinéia;2024;4;Muito alto;3951
3544608;Sabino;2014;1;Baixo;5326
3544608;Sabino;2016;2;Médio;5377
3544608;Sabino;2018;1;Baixo;5422
3544608;Sabino;2020;2;Médio;5468
3544608;Sabino;2022;2;Médio;5113
3544608;Sabino;2024;1;Baixo;5057
3544707;Sagres;2014;1;Baixo;2372
3544707;Sagres;2016;2;Médio;2365
3544707;Sagres;2018;2;Médio;2363
3544707;Sagres;2020;2;Médio;2362
3544707;Sagres;2022;2;Médio;2473
3544707;Sagres;2024;4;Muito alto;2465
3544806;Sales;2014;2;Médio;5714
3544806;Sales;2016;2;Médio;5836
3544806;Sales;2018;3;Alto;5942
3544806;Sales;2020;3;Alto;6050
3544806;Sales;2022;3;Alto;6430
3544806;Sales;2024;3;Alto;6573
3544905;Sales Oliveira;2014;3;Alto;10975
3544905;Sales Oliveira;2016;2;Médio;11169
3544905;Sales Oliveira;2018;3;Alto;11342
3544905;Sales Oliveira;2020;3;Alto;11518
3544905;Sales Oliveira;2022;3;Alto;11405
3544905;Sales Oliveira;2024;3;Alto;11491
3545001;Salesópolis;2014;1;Baixo;16104
3545001;Salesópolis;2016;2;Médio;16346
3545001;Salesópolis;2018;2;Médio;16590
3545001;Salesópolis;2020;2;Médio;16838
3545001;Salesópolis;2022;2;Médio;15205
3545001;Salesópolis;2024;2;Médio;15078
3545100;Salmourão;2014;1;Baixo;4930
3545100;Salmourão;2016;1;Baixo;4991
3545100;Salmourão;2018;1;Baixo;5053
3545100;Salmourão;2020;1;Baixo;5117
3545100;Salmourão;2022;1;Baixo;4808
3545100;Salmourão;2024;2;Médio;4781
3545159;Saltinho;2014;3;Alto;7420
3545159;Saltinho;2016;3;Alto;7584
3545159;Saltinho;2018;4;Muito alto;7721
3545159;Saltinho;2020;4;Muito alto;7860
3545159;Saltinho;2022;4;Muito alto;8153
3545159;Saltinho;2024;4;Muito alto;8308
3545209;Salto;2014;2;Médio;109496
3545209;Salto;2016;3;Alto;111492
3545209;Salto;2018;4;Muito alto;113416
3545209;Salto;2020;4;Muito alto;115372
3545209;Salto;2022;3;Alto;134094
3545209;Salto;2024;3;Alto;138595
3545308;Salto de Pirapora;2014;1;Baixo;41826
3545308;Salto de Pirapora;2016;2;Médio;42656
3545308;Salto de Pirapora;2018;2;Médio;43433
3545308;Salto de Pirapora;2020;3;Alto;44223
3545308;Salto de Pirapora;2022;3;Alto;43722
3545308;Salto de Pirapora;2024;2;Médio;44102
3545407;Salto Grande;2014;2;Médio;8900
3545407;Salto Grande;2016;1;Baixo;8962
3545407;Salto Grande;2018;3;Alto;9029
3545407;Salto Grande;2020;2;Médio;9095
3545407;Salto Grande;2022;2;Médio;9048
3545407;Salto Grande;2024;2;Médio;9043
3545506;Sandovalina;2014;2;Médio;3905
3545506;Sandovalina;2016;3;Alto;4009
3545506;Sandovalina;2018;4;Muito alto;4108
3545506;Sandovalina;2020;3;Alto;4211
3545506;Sandovalina;2022;2;Médio;3645
3545506;Sandovalina;2024;2;Médio;3605
3545605;Santa Adélia;2014;1;Baixo;14570
3545605;Santa Adélia;2016;2;Médio;14683
3545605;Santa Adélia;2018;3;Alto;14787
3545605;Santa Adélia;2020;4;Muito alto;14892
3545605;Santa Adélia;2022;3;Alto;14020
3545605;Santa Adélia;2024;2;Médio;13913
3545704;Santa Albertina;2014;2;Médio;5707
3545704;Santa Albertina;2016;3;Alto;5698
3545704;Santa Albertina;2018;3;Alto;5685
3545704;Santa Albertina;2020;3;Alto;5672
3545704;Santa Albertina;2022;3;Alto;6388
3545704;Santa Albertina;2024;2;Médio;6475
3545803;Santa Bárbara d'Oeste;2014;3;Alto;183720
3545803;Santa Bárbara d'Oeste;2016;3;Alto;185487
3545803;Santa Bárbara d'Oeste;2018;4;Muito alto;187109
3545803;Santa Bárbara d'Oeste;2020;4;Muito alto;188745
3545803;Santa Bárbara d'Oeste;2022;3;Alto;183324
3545803;Santa Bárbara d'Oeste;2024;4;Muito alto;183047
3546009;Santa Branca;2014;1;Baixo;13934
3546009;Santa Branca;2016;1;Baixo;14019
3546009;Santa Branca;2018;1;Baixo;14099
3546009;Santa Branca;2020;2;Médio;14179
3546009;Santa Branca;2022;1;Baixo;13974
3546009;Santa Branca;2024;1;Baixo;13917
3546108;Santa Clara d'Oeste;2014;2;Médio;2059
3546108;Santa Clara d'Oeste;2016;3;Alto;2044
3546108;Santa Clara d'Oeste;2018;4;Muito alto;2024
3546108;Santa Clara d'Oeste;2020;4;Muito alto;2006
3546108;Santa Clara d'Oeste;2022;4;Muito alto;2594
3546108;Santa Clara d'Oeste;2024;4;Muito alto;2643
3546207;Santa Cruz da Conceição;2014;1;Baixo;4143
3546207;Santa Cruz da Conceição;2016;3;Alto;4213
3546207;Santa Cruz da Conceição;2018;3;Alto;4280
3546207;Santa Cruz da Conceição;2020;3;Alto;4349
3546207;Santa Cruz da Conceição;2022;3;Alto;4275
3546207;Santa Cruz da Conceição;2024;3;Alto;4296
3546256;Santa Cruz da Esperança;2014;2;Médio;2004
3546256;Santa Cruz da Esperança;2016;1;Baixo;2030
3546256;Santa Cruz da Esperança;2018;3;Alto;2054
3546256;Santa Cruz da Esperança;2020;4;Muito alto;2077
3546256;Santa Cruz da Esperança;2022;1;Baixo;2115
3546256;Santa Cruz da Esperança;2024;4;Muito alto;2121
3546306;Santa Cruz das Palmeiras;2014;1;Baixo;31492
3546306;Santa Cruz das Palmeiras;2016;2;Médio;32262
3546306;Santa Cruz das Palmeiras;2018;2;Médio;32987
3546306;Santa Cruz das Palmeiras;2020;2;Médio;33729
3546306;Santa Cruz das Palmeiras;2022;2;Médio;28871
3546306;Santa Cruz das Palmeiras;2024;2;Médio;28549
3546405;Santa Cruz do Rio Pardo;2014;3;Alto;44791
3546405;Santa Cruz do Rio Pardo;2016;3;Alto;45235
3546405;Santa Cruz do Rio Pardo;2018;3;Alto;45671
3546405;Santa Cruz do Rio Pardo;2020;4;Muito alto;46110
3546405;Santa Cruz do Rio Pardo;2022;3;Alto;46424
3546405;Santa Cruz do Rio Pardo;2024;4;Muito alto;46650
3546504;Santa Ernestina;2014;2;Médio;5546
3546504;Santa Ernestina;2016;1;Baixo;5538
3546504;Santa Ernestina;2018;2;Médio;5532
3546504;Santa Ernestina;2020;2;Médio;5525
3546504;Santa Ernestina;2022;2;Médio;6114
3546504;Santa Ernestina;2024;3;Alto;6173
3546603;Santa Fé do Sul;2014;2;Médio;29886
3546603;Santa Fé do Sul;2016;3;Alto;30204
3546603;Santa Fé do Sul;2018;4;Muito alto;30503
3546603;Santa Fé do Sul;2020;4;Muito alto;30804
3546603;Santa Fé do Sul;2022;3;Alto;34752
3546603;Santa Fé do Sul;2024;4;Muito alto;35559
3546702;Santa Gertrudes;2014;3;Alto;23450
3546702;Santa Gertrudes;2016;3;Alto;24376
3546702;Santa Gertrudes;2018;4;Muito alto;25266
3546702;Santa Gertrudes;2020;4;Muito alto;26189
3546702;Santa Gertrudes;2022;3;Alto;23597
3546702;Santa Gertrudes;2024;4;Muito alto;23806
3546801;Santa Isabel;2014;1;Baixo;52369
3546801;Santa Isabel;2016;2;Médio;53310
3546801;Santa Isabel;2018;3;Alto;54191
3546801;Santa Isabel;2020;3;Alto;55086
3546801;Santa Isabel;2022;2;Médio;53155
3546801;Santa Isabel;2024;2;Médio;53301
3546900;Santa Lúcia;2014;1;Baixo;8381
3546900;Santa Lúcia;2016;1;Baixo;8444
3546900;Santa Lúcia;2018;1;Baixo;8503
3546900;Santa Lúcia;2020;1;Baixo;8562
3546900;Santa Lúcia;2022;1;Baixo;7156
3546900;Santa Lúcia;2024;2;Médio;6944
3547007;Santa Maria da Serra;2014;1;Baixo;5698
3547007;Santa Maria da Serra;2016;1;Baixo;5845
3547007;Santa Maria da Serra;2018;2;Médio;5992
3547007;Santa Maria da Serra;2020;2;Médio;6141
3547007;Santa Maria da Serra;2022;2;Médio;5244
3547007;Santa Maria da Serra;2024;2;Médio;5174
3547106;Santa Mercedes;2014;2;Médio;2819
3547106;Santa Mercedes;2016;2;Médio;2815
3547106;Santa Mercedes;2018;3;Alto;2814
3547106;Santa Mercedes;2020;2;Médio;2813
3547106;Santa Mercedes;2022;2;Médio;2955
3547106;Santa Mercedes;2024;4;Muito alto;2978
3547205;Santana da Ponte Pensa;2014;2;Médio;1581
3547205;Santana da Ponte Pensa;2016;4;Muito alto;1555
3547205;Santana da Ponte Pensa;2018;4;Muito alto;1532
3547205;Santana da Ponte Pensa;2020;4;Muito alto;1509
3547205;Santana da Ponte Pensa;2022;4;Muito alto;1670
3547205;Santana da Ponte Pensa;2024;4;Muito alto;1664
3547304;Santana de Parnaíba;2014;3;Alto;120765
3547304;Santana de Parnaíba;2016;4;Muito alto;126747
3547304;Santana de Parnaíba;2018;4;Muito alto;132317
3547304;Santana de Parnaíba;2020;4;Muito alto;138132
3547304;Santana de Parnaíba;2022;4;Muito alto;153733
3547304;Santana de Parnaíba;2024;4;Muito alto;160960
3547403;Santa Rita d'Oeste;2014;2;Médio;2489
3547403;Santa Rita d'Oeste;2016;3;Alto;2461
3547403;Santa Rita d'Oeste;2018;3;Alto;2432
3547403;Santa Rita d'Oeste;2020;4;Muito alto;2404
3547403;Santa Rita d'Oeste;2022;3;Alto;2732
3547403;Santa Rita d'Oeste;2024;4;Muito alto;2749
3547502;Santa Rita do Passa Quatro;2014;2;Médio;26448
3547502;Santa Rita do Passa Quatro;2016;2;Médio;26430
3547502;Santa Rita do Passa Quatro;2018;2;Médio;26408
3547502;Santa Rita do Passa Quatro;2020;2;Médio;26385
3547502;Santa Rita do Passa Quatro;2022;2;Médio;24844
3547502;Santa Rita do Passa Quatro;2024;3;Alto;24456
3547601;Santa Rosa de Viterbo;2014;2;Médio;24577
3547601;Santa Rosa de Viterbo;2016;2;Médio;24930
3547601;Santa Rosa de Viterbo;2018;2;Médio;25264
3547601;Santa Rosa de Viterbo;2020;2;Médio;25604
3547601;Santa Rosa de Viterbo;2022;2;Médio;23414
3547601;Santa Rosa de Viterbo;2024;2;Médio;23204
3547650;Santa Salete;2014;3;Alto;1447
3547650;Santa Salete;2016;4;Muito alto;1446
3547650;Santa Salete;2018;4;Muito alto;1443
3547650;Santa Salete;2020;4;Muito alto;1440
3547650;Santa Salete;2022;4;Muito alto;1644
3547650;Santa Salete;2024;4;Muito alto;1660
3547700;Santo Anastácio;2014;1;Baixo;20301
3547700;Santo Anastácio;2016;1;Baixo;20231
3547700;Santo Anastácio;2018;1;Baixo;20179
3547700;Santo Anastácio;2020;3;Alto;20127
3547700;Santo Anastácio;2022;1;Baixo;17979
3547700;Santo Anastácio;2024;2;Médio;17486
3547809;Santo André;2014;2;Médio;683709
3547809;Santo André;2016;3;Alto;687250
3547809;Santo André;2018;3;Alto;690551
3547809;Santo André;2020;3;Alto;693867
3547809;Santo André;2022;3;Alto;748390
3547809;Santo André;2024;4;Muito alto;756447
3547908;Santo Antônio da Alegria;2014;1;Baixo;6441
3547908;Santo Antônio da Alegria;2016;2;Médio;6508
3547908;Santo Antônio da Alegria;2018;2;Médio;6572
3547908;Santo Antônio da Alegria;2020;2;Médio;6637
3547908;Santo Antônio da Alegria;2022;3;Alto;6772
3547908;Santo Antônio da Alegria;2024;3;Alto;6849
3548005;Santo Antônio de Posse;2014;2;Médio;21561
3548005;Santo Antônio de Posse;2016;2;Médio;22006
3548005;Santo Antônio de Posse;2018;3;Alto;22424
3548005;Santo Antônio de Posse;2020;4;Muito alto;22849
3548005;Santo Antônio de Posse;2022;3;Alto;23225
3548005;Santo Antônio de Posse;2024;3;Alto;23634
3548054;Santo Antônio do Aracanguá;2014;2;Médio;7893
3548054;Santo Antônio do Aracanguá;2016;3;Alto;8019
3548054;Santo Antônio do Aracanguá;2018;3;Alto;8135
3548054;Santo Antônio do Aracanguá;2020;3;Alto;8252
3548054;Santo Antônio do Aracanguá;2022;2;Médio;8374
3548054;Santo Antônio do Aracanguá;2024;3;Alto;8427
3548104;Santo Antônio do Jardim;2014;2;Médio;5882
3548104;Santo Antônio do Jardim;2016;3;Alto;5858
3548104;Santo Antônio do Jardim;2018;3;Alto;5842
3548104;Santo Antônio do Jardim;2020;3;Alto;5826
3548104;Santo Antônio do Jardim;2022;2;Médio;6125
3548104;Santo Antônio do Jardim;2024;2;Médio;6128
3548203;Santo Antônio do Pinhal;2014;1;Baixo;6537
3548203;Santo Antônio do Pinhal;2016;1;Baixo;6565
3548203;Santo Antônio do Pinhal;2018;2;Médio;6596
3548203;Santo Antônio do Pinhal;2020;2;Médio;6628
3548203;Santo Antônio do Pinhal;2022;1;Baixo;7128
3548203;Santo Antônio do Pinhal;2024;2;Médio;7210
3548302;Santo Expedito;2014;1;Baixo;2873
3548302;Santo Expedito;2016;1;Baixo;2907
3548302;Santo Expedito;2018;1;Baixo;2939
3548302;Santo Expedito;2020;2;Médio;2972
3548302;Santo Expedito;2022;2;Médio;2999
3548302;Santo Expedito;2024;2;Médio;3025
3548401;Santópolis do Aguapeí;2014;1;Baixo;4439
3548401;Santópolis do Aguapeí;2016;2;Médio;4519
3548401;Santópolis do Aguapeí;2018;2;Médio;4593
3548401;Santópolis do Aguapeí;2020;3;Alto;4668
3548401;Santópolis do Aguapeí;2022;2;Médio;3902
3548401;Santópolis do Aguapeí;2024;2;Médio;3841
3548500;Santos;2014;3;Alto;422737
3548500;Santos;2016;3;Alto;424599
3548500;Santos;2018;4;Muito alto;426646
3548500;Santos;2020;4;Muito alto;428703
3548500;Santos;2022;3;Alto;418613
3548500;Santos;2024;3;Alto;416397
3548609;São Bento do Sapucaí;2014;2;Médio;10478
3548609;São Bento do Sapucaí;2016;2;Médio;10491
3548609;São Bento do Sapucaí;2018;2;Médio;10510
3548609;São Bento do Sapucaí;2020;3;Alto;10530
3548609;São Bento do Sapucaí;2022;2;Médio;11665
3548609;São Bento do Sapucaí;2024;2;Médio;11801
3548708;São Bernardo do Campo;2014;3;Alto;786078
3548708;São Bernardo do Campo;2016;3;Alto;795541
3548708;São Bernardo do Campo;2018;4;Muito alto;803771
3548708;São Bernardo do Campo;2020;4;Muito alto;812086
3548708;São Bernardo do Campo;2022;4;Muito alto;810406
3548708;São Bernardo do Campo;2024;4;Muito alto;811392
3548807;São Caetano do Sul;2014;4;Muito alto;150319
3548807;São Caetano do Sul;2016;4;Muito alto;150732
3548807;São Caetano do Sul;2018;4;Muito alto;150988
3548807;São Caetano do Sul;2020;4;Muito alto;151244
3548807;São Caetano do Sul;2022;4;Muito alto;165535
3548807;São Caetano do Sul;2024;4;Muito alto;167386
3548906;São Carlos;2014;3;Alto;230890
3548906;São Carlos;2016;3;Alto;235096
3548906;São Carlos;2018;4;Muito alto;238834
3548906;São Carlos;2020;4;Muito alto;242632
3548906;São Carlos;2022;4;Muito alto;254612
3548906;São Carlos;2024;4;Muito alto;258874
3549003;São Francisco;2014;3;Alto;2746
3549003;São Francisco;2016;3;Alto;2723
3549003;São Francisco;2018;3;Alto;2700
3549003;São Francisco;2020;4;Muito alto;2677
3549003;São Francisco;2022;3;Alto;2603
3549003;São Francisco;2024;4;Muito alto;2563
3549102;São João da Boa Vista;2014;2;Médio;85269
3549102;São João da Boa Vista;2016;3;Alto;86021
3549102;São João da Boa Vista;2018;3;Alto;86679
3549102;São João da Boa Vista;2020;4;Muito alto;87340
3549102;São João da Boa Vista;2022;3;Alto;92482
3549102;São João da Boa Vista;2024;4;Muito alto;93760
3549201;São João das Duas Pontes;2014;1;Baixo;2527
3549201;São João das Duas Pontes;2016;3;Alto;2508
3549201;São João das Duas Pontes;2018;2;Médio;2492
3549201;São João das Duas Pontes;2020;3;Alto;2476
3549201;São João das Duas Pontes;2022;2;Médio;2580
3549201;São João das Duas Pontes;2024;3;Alto;2575
3549250;São João de Iracema;2014;1;Baixo;1812
3549250;São João de Iracema;2016;2;Médio;1826
3549250;São João de Iracema;2018;3;Alto;1838
3549250;São João de Iracema;2020;3;Alto;1850
3549250;São João de Iracema;2022;2;Médio;1846
3549250;São João de Iracema;2024;4;Muito alto;1852
3549300;São João do Pau d'Alho;2014;2;Médio;2050
3549300;São João do Pau d'Alho;2016;3;Alto;2027
3549300;São João do Pau d'Alho;2018;3;Alto;2005
3549300;São João do Pau d'Alho;2020;2;Médio;1985
3549300;São João do Pau d'Alho;2022;2;Médio;2241
3549300;São João do Pau d'Alho;2024;2;Médio;2253
3549409;São Joaquim da Barra;2014;2;Médio;48110
3549409;São Joaquim da Barra;2016;3;Alto;48874
3549409;São Joaquim da Barra;2018;3;Alto;49569
3549409;São Joaquim da Barra;2020;3;Alto;50274
3549409;São Joaquim da Barra;2022;3;Alto;48543
3549409;São Joaquim da Barra;2024;3;Alto;48804
3549508;São José da Bela Vista;2014;1;Baixo;8524
3549508;São José da Bela Vista;2016;1;Baixo;8589
3549508;São José da Bela Vista;2018;1;Baixo;8658
3549508;São José da Bela Vista;2020;1;Baixo;8727
3549508;São José da Bela Vista;2022;1;Baixo;7631
3549508;São José da Bela Vista;2024;1;Baixo;7469
3549607;São José do Barreiro;2014;1;Baixo;4070
3549607;São José do Barreiro;2016;1;Baixo;4069
3549607;São José do Barreiro;2018;1;Baixo;4069
3549607;São José do Barreiro;2020;1;Baixo;4070
3549607;São José do Barreiro;2022;1;Baixo;3855
3549607;São José do Barreiro;2024;1;Baixo;3800
3549706;São José do Rio Pardo;2014;2;Médio;52452
3549706;São José do Rio Pardo;2016;3;Alto;52716
3549706;São José do Rio Pardo;2018;3;Alto;52960
3549706;São José do Rio Pardo;2020;3;Alto;53206
3549706;São José do Rio Pardo;2022;2;Médio;52203
3549706;São José do Rio Pardo;2024;3;Alto;51880
3549805;São José do Rio Preto;2014;3;Alto;425716
3549805;São José do Rio Preto;2016;4;Muito alto;433779
3549805;São José do Rio Preto;2018;4;Muito alto;440796
3549805;São José do Rio Preto;2020;4;Muito alto;447924
3549805;São José do Rio Preto;2022;3;Alto;479851
3549805;São José do Rio Preto;2024;4;Muito alto;490345
3549904;São José dos Campos;2014;3;Alto;663632
3549904;São José dos Campos;2016;3;Alto;680008
3549904;São José dos Campos;2018;4;Muito alto;695163
3549904;São José dos Campos;2020;4;Muito alto;710654
3549904;São José dos Campos;2022;4;Muito alto;696564
3549904;São José dos Campos;2024;4;Muito alto;703279
3549953;São Lourenço da Serra;2014;2;Médio;14595
3549953;São Lourenço da Serra;2016;2;Médio;14920
3549953;São Lourenço da Serra;2018;3;Alto;15246
3549953;São Lourenço da Serra;2020;2;Médio;15579
3549953;São Lourenço da Serra;2022;2;Médio;16051
3549953;São Lourenço da Serra;2024;1;Baixo;16281
3550001;São Luiz do Paraitinga;2014;1;Baixo;10458
3550001;São Luiz do Paraitinga;2016;1;Baixo;10493
3550001;São Luiz do Paraitinga;2018;3;Alto;10531
3550001;São Luiz do Paraitinga;2020;2;Médio;10569
3550001;São Luiz do Paraitinga;2022;1;Baixo;10337
3550001;São Luiz do Paraitinga;2024;2;Médio;10338
3550100;São Manuel;2014;1;Baixo;38830
3550100;São Manuel;2016;2;Médio;39080
3550100;São Manuel;2018;2;Médio;39326
3550100;São Manuel;2020;3;Alto;39574
3550100;São Manuel;2022;2;Médio;37296
3550100;São Manuel;2024;2;Médio;36944
3550209;São Miguel Arcanjo;2014;1;Baixo;31634
3550209;São Miguel Arcanjo;2016;2;Médio;31745
3550209;São Miguel Arcanjo;2018;1;Baixo;31872
3550209;São Miguel Arcanjo;2020;2;Médio;32000
3550209;São Miguel Arcanjo;2022;2;Médio;32035
3550209;São Miguel Arcanjo;2024;2;Médio;31990
3550308;São Paulo;2014;2;Médio;11513836
3550308;São Paulo;2016;3;Alto;11638802
3550308;São Paulo;2018;3;Alto;11753659
3550308;São Paulo;2020;3;Alto;11869660
3550308;São Paulo;2022;3;Alto;11450609
3550308;São Paulo;2024;3;Alto;11398590
3550407;São Pedro;2014;2;Médio;32731
3550407;São Pedro;2016;3;Alto;33249
3550407;São Pedro;2018;3;Alto;33725
3550407;São Pedro;2020;4;Muito alto;34208
3550407;São Pedro;2022;3;Alto;38206
3550407;São Pedro;2024;3;Alto;39188
3550506;São Pedro do Turvo;2014;2;Médio;7253
3550506;São Pedro do Turvo;2016;2;Médio;7289
3550506;São Pedro do Turvo;2018;3;Alto;7329
3550506;São Pedro do Turvo;2020;3;Alto;7369
3550506;São Pedro do Turvo;2022;2;Médio;7217
3550506;São Pedro do Turvo;2024;3;Alto;7197
3550605;São Roque;2014;2;Médio;82528
3550605;São Roque;2016;2;Médio;84281
3550605;São Roque;2018;3;Alto;85844
3550605;São Roque;2020;3;Alto;87435
3550605;São Roque;2022;2;Médio;79479
3550605;São Roque;2024;3;Alto;79067
3550704;São Sebastião;2014;3;Alto;79395
3550704;São Sebastião;2016;3;Alto;82079
3550704;São Sebastião;2018;3;Alto;84569
3550704;São Sebastião;2020;4;Muito alto;87135
3550704;São Sebastião;2022;4;Muito alto;81539
3550704;São Sebastião;2024;3;Alto;82298
3550803;São Sebastião da Grama;2014;1;Baixo;12001
3550803;São Sebastião da Grama;2016;2;Médio;11968
3550803;São Sebastião da Grama;2018;3;Alto;11952
3550803;São Sebastião da Grama;2020;3;Alto;11936
3550803;São Sebastião da Grama;2022;1;Baixo;10452
3550803;São Sebastião da Grama;2024;2;Médio;10099
3550902;São Simão;2014;2;Médio;14537
3550902;São Simão;2016;2;Médio;14638
3550902;São Simão;2018;3;Alto;14742
3550902;São Simão;2020;2;Médio;14847
3550902;São Simão;2022;2;Médio;13448
3550902;São Simão;2024;2;Médio;13211
3551009;São Vicente;2014;1;Baixo;342583
3551009;São Vicente;2016;1;Baixo;347733
3551009;São Vicente;2018;1;Baixo;352794
3551009;São Vicente;2020;1;Baixo;357929
3551009;São Vicente;2022;1;Baixo;329929
3551009;São Vicente;2024;1;Baixo;326979
3551108;Sarapuí;2014;1;Baixo;9455
3551108;Sarapuí;2016;1;Baixo;9675
3551108;Sarapuí;2018;1;Baixo;9890
3551108;Sarapuí;2020;2;Médio;10110
3551108;Sarapuí;2022;1;Baixo;10359
3551108;Sarapuí;2024;3;Alto;10554
3551207;Sarutaiá;2014;1;Baixo;3628
3551207;Sarutaiá;2016;1;Baixo;3633
3551207;Sarutaiá;2018;2;Médio;3639
3551207;Sarutaiá;2020;2;Médio;3646
3551207;Sarutaiá;2022;2;Médio;3703
3551207;Sarutaiá;2024;4;Muito alto;3710
3551306;Sebastianópolis do Sul;2014;4;Muito alto;3154
3551306;Sebastianópolis do Sul;2016;4;Muito alto;3207
3551306;Sebastianópolis do Sul;2018;4;Muito alto;3250
3551306;Sebastianópolis do Sul;2020;4;Muito alto;3293
3551306;Sebastianópolis do Sul;2022;4;Muito alto;3129
3551306;Sebastianópolis do Sul;2024;4;Muito alto;3124
3551405;Serra Azul;2014;1;Baixo;11650
3551405;Serra Azul;2016;1;Baixo;11863
3551405;Serra Azul;2018;1;Baixo;12070
3551405;Serra Azul;2020;1;Baixo;12282
3551405;Serra Azul;2022;1;Baixo;12735
3551405;Serra Azul;2024;1;Baixo;12941
3551504;Serrana;2014;1;Baixo;41169
3551504;Serrana;2016;2;Médio;42296
3551504;Serrana;2018;2;Médio;43352
3551504;Serrana;2020;2;Médio;44434
3551504;Serrana;2022;2;Médio;43872
3551504;Serrana;2024;2;Médio;44557
3551603;Serra Negra;2014;2;Médio;26856
3551603;Serra Negra;2016;3;Alto;27072
3551603;Serra Negra;2018;4;Muito alto;27255
3551603;Serra Negra;2020;4;Muito alto;27440
3551603;Serra Negra;2022;3;Alto;29868
3551603;Serra Negra;2024;3;Alto;30228
3551702;Sertãozinho;2014;3;Alto;115419
3551702;Sertãozinho;2016;4;Muito alto;117916
3551702;Sertãozinho;2018;4;Muito alto;120116
3551702;Sertãozinho;2020;4;Muito alto;122355
3551702;Sertãozinho;2022;3;Alto;126762
3551702;Sertãozinho;2024;4;Muito alto;128990
3551801;Sete Barras;2014;1;Baixo;12756
3551801;Sete Barras;2016;1;Baixo;12680
3551801;Sete Barras;2018;1;Baixo;12654
3551801;Sete Barras;2020;1;Baixo;12628
3551801;Sete Barras;2022;1;Baixo;12732
3551801;Sete Barras;2024;1;Baixo;12610
3551900;Severínia;2014;1;Baixo;16164
3551900;Severínia;2016;1;Baixo;16492
3551900;Severínia;2018;2;Médio;16806
3551900;Severínia;2020;1;Baixo;17126
3551900;Severínia;2022;1;Baixo;14582
3551900;Severínia;2024;1;Baixo;14285
3552007;Silveiras;2014;1;Baixo;5955
3552007;Silveiras;2016;1;Baixo;6039
3552007;Silveiras;2018;1;Baixo;6121
3552007;Silveiras;2020;1;Baixo;6204
3552007;Silveiras;2022;1;Baixo;6183
3552007;Silveiras;2024;1;Baixo;6251
3552106;Socorro;2014;2;Médio;37608
3552106;Socorro;2016;3;Alto;38036
3552106;Socorro;2018;3;Alto;38407
3552106;Socorro;2020;3;Alto;38783
3552106;Socorro;2022;3;Alto;40097
3552106;Socorro;2024;3;Alto;40480
3552205;Sorocaba;2014;3;Alto;615955
3552205;Sorocaba;2016;3;Alto;630550
3552205;Sorocaba;2018;3;Alto;644397
3552205;Sorocaba;2020;4;Muito alto;658547
3552205;Sorocaba;2022;3;Alto;722628
3552205;Sorocaba;2024;4;Muito alto;743176
3552304;Sud Mennucci;2014;2;Médio;7559
3552304;Sud Mennucci;2016;3;Alto;7615
3552304;Sud Mennucci;2018;3;Alto;7664
3552304;Sud Mennucci;2020;3;Alto;7713
3552304;Sud Mennucci;2022;2;Médio;7356
3552304;Sud Mennucci;2024;2;Médio;7287
3552403;Sumaré;2014;2;Médio;258801
3552403;Sumaré;2016;3;Alto;267313
3552403;Sumaré;2018;3;Alto;275147
3552403;Sumaré;2020;3;Alto;283212
3552403;Sumaré;2022;3;Alto;279260
3552403;Sumaré;2024;3;Alto;283996
3552502;Suzano;2014;1;Baixo;273854
3552502;Suzano;2016;2;Médio;279626
3552502;Suzano;2018;2;Médio;285257
3552502;Suzano;2020;2;Médio;291002
3552502;Suzano;2022;2;Médio;307092
3552502;Suzano;2024;2;Médio;313195
3552551;Suzanápolis;2014;2;Médio;3624
3552551;Suzanápolis;2016;3;Alto;3738
3552551;Suzanápolis;2018;4;Muito alto;3842
3552551;Suzanápolis;2020;3;Alto;3947
3552551;Suzanápolis;2022;3;Alto;3408
3552551;Suzanápolis;2024;4;Muito alto;3390
3552601;Tabapuã;2014;2;Médio;11606
3552601;Tabapuã;2016;3;Alto;11714
3552601;Tabapuã;2018;4;Muito alto;11803
3552601;Tabapuã;2020;4;Muito alto;11892
3552601;Tabapuã;2022;4;Muito alto;11323
3552601;Tabapuã;2024;3;Alto;11265
3552700;Tabatinga;2014;1;Baixo;15178
3552700;Tabatinga;2016;1;Baixo;15423
3552700;Tabatinga;2018;2;Médio;15658
3552700;Tabatinga;2020;1;Baixo;15897
3552700;Tabatinga;2022;1;Baixo;14768
3552700;Tabatinga;2024;3;Alto;14717
3552809;Taboão da Serra;2014;1;Baixo;260345
3552809;Taboão da Serra;2016;2;Médio;268325
3552809;Taboão da Serra;2018;2;Médio;275988
3552809;Taboão da Serra;2020;2;Médio;283871
3552809;Taboão da Serra;2022;2;Médio;273329
3552809;Taboão da Serra;2024;2;Médio;275512
3552908;Taciba;2014;2;Médio;5851
3552908;Taciba;2016;2;Médio;5920
3552908;Taciba;2018;3;Alto;5987
3552908;Taciba;2020;3;Alto;6054
3552908;Taciba;2022;2;Médio;6256
3552908;Taciba;2024;3;Alto;6379
3553005;Taguaí;2014;4;Muito alto;11857
3553005;Taguaí;2016;3;Alto;12367
3553005;Taguaí;2018;4;Muito alto;12834
3553005;Taguaí;2020;4;Muito alto;13319
3553005;Taguaí;2022;3;Alto;12655
3553005;Taguaí;2024;4;Muito alto;12896
3553104;Taiaçu;2014;1;Baixo;5953
3553104;Taiaçu;2016;1;Baixo;5982
3553104;Taiaçu;2018;2;Médio;6009
3553104;Taiaçu;2020;2;Médio;6037
3553104;Taiaçu;2022;2;Médio;5678
3553104;Taiaçu;2024;3;Alto;5615
3553203;Taiúva;2014;1;Baixo;6371
3553203;Taiúva;2016;2;Médio;6330
3553203;Taiúva;2018;3;Alto;6302
3553203;Taiúva;2020;3;Alto;6278
3553203;Taiúva;2022;3;Alto;6540
3553203;Taiúva;2024;3;Alto;6702
3553302;Tambaú;2014;2;Médio;22540
3553302;Tambaú;2016;1;Baixo;22620
3553302;Tambaú;2018;2;Médio;22712
3553302;Tambaú;2020;2;Médio;22803
3553302;Tambaú;2022;1;Baixo;21442
3553302;Tambaú;2024;2;Médio;21145
3553401;Tanabi;2014;3;Alto;24536
3553401;Tanabi;2016;3;Alto;24750
3553401;Tanabi;2018;4;Muito alto;24926
3553401;Tanabi;2020;4;Muito alto;25105
3553401;Tanabi;2022;3;Alto;25256
3553401;Tanabi;2024;4;Muito alto;25371
3553500;Tapiraí;2014;1;Baixo;7828
3553500;Tapiraí;2016;1;Baixo;7765
3553500;Tapiraí;2018;2;Médio;7732
3553500;Tapiraí;2020;1;Baixo;7699
3553500;Tapiraí;2022;1;Baixo;7996
3553500;Tapiraí;2024;1;Baixo;7963
3553609;Tapiratiba;2014;3;Alto;12669
3553609;Tapiratiba;2016;4;Muito alto;12644
3553609;Tapiratiba;2018;4;Muito alto;12627
3553609;Tapiratiba;2020;3;Alto;12610
3553609;Tapiratiba;2022;3;Alto;11822
3553609;Tapiratiba;2024;4;Muito alto;11577
3553658;Taquaral;2014;2;Médio;2730
3553658;Taquaral;2016;3;Alto;2735
3553658;Taquaral;2018;4;Muito alto;2743
3553658;Taquaral;2020;3;Alto;2751
3553658;Taquaral;2022;3;Alto;2620
3553658;Taquaral;2024;2;Médio;2594
3553708;Taquaritinga;2014;1;Baixo;54156
3553708;Taquaritinga;2016;2;Médio;54262
3553708;Taquaritinga;2018;3;Alto;54381
3553708;Taquaritinga;2020;2;Médio;54499
3553708;Taquaritinga;2022;1;Baixo;52272
3553708;Taquaritinga;2024;3;Alto;51628
3553807;Taquarituba;2014;2;Médio;22684
3553807;Taquarituba;2016;2;Médio;22865
3553807;Taquarituba;2018;3;Alto;23029
3553807;Taquarituba;2020;3;Alto;23193
3553807;Taquarituba;2022;3;Alto;24335
3553807;Taquarituba;2024;4;Muito alto;24593
3553856;Taquarivaí;2014;1;Baixo;5380
3553856;Taquarivaí;2016;2;Médio;5500
3553856;Taquarivaí;2018;2;Médio;5622
3553856;Taquarivaí;2020;2;Médio;5746
3553856;Taquarivaí;2022;1;Baixo;6862
3553856;Taquarivaí;2024;2;Médio;7140
3553906;Tarabai;2014;1;Baixo;6870
3553906;Tarabai;2016;1;Baixo;7004
3553906;Tarabai;2018;1;Baixo;7135
3553906;Tarabai;2020;2;Médio;7269
3553906;Tarabai;2022;1;Baixo;6536
3553906;Tarabai;2024;2;Médio;6477
3553955;Tarumã;2014;2;Médio;13669
3553955;Tarumã;2016;2;Médio;14059
3553955;Tarumã;2018;3;Alto;14428
3553955;Tarumã;2020;3;Alto;14806
3553955;Tarumã;2022;3;Alto;14867
3553955;Tarumã;2024;4;Muito alto;15132
3554003;Tatuí;2014;1;Baixo;112459
3554003;Tatuí;2016;2;Médio;115049
3554003;Tatuí;2018;2;Médio;117558
3554003;Tatuí;2020;2;Médio;120123
3554003;Tatuí;2022;2;Médio;123818
3554003;Tatuí;2024;2;Médio;126434
3554102;Taubaté;2014;2;Médio;290634
3554102;Taubaté;2016;3;Alto;296449
3554102;Taubaté;2018;3;Alto;301856
3554102;Taubaté;2020;3;Alto;307361
3554102;Taubaté;2022;2;Médio;310504
3554102;Taubaté;2024;3;Alto;314074
3554201;Tejupá;2014;1;Baixo;4739
3554201;Tejupá;2016;1;Baixo;4716
3554201;Tejupá;2018;2;Médio;4707
3554201;Tejupá;2020;2;Médio;4697
3554201;Tejupá;2022;2;Médio;4131
3554201;Tejupá;2024;3;Alto;3959
3554300;Teodoro Sampaio;2014;1;Baixo;21818
3554300;Teodoro Sampaio;2016;2;Médio;22026
3554300;Teodoro Sampaio;2018;2;Médio;22219
3554300;Teodoro Sampaio;2020;3;Alto;22414
3554300;Teodoro Sampaio;2022;2;Médio;22167
3554300;Teodoro Sampaio;2024;2;Médio;22107
3554409;Terra Roxa;2014;1;Baixo;8754
3554409;Terra Roxa;2016;2;Médio;8880
3554409;Terra Roxa;2018;3;Alto;8999
3554409;Terra Roxa;2020;3;Alto;9121
3554409;Terra Roxa;2022;2;Médio;7908
3554409;Terra Roxa;2024;3;Alto;7800
3554508;Tietê;2014;2;Médio;38571
3554508;Tietê;2016;3;Alto;39431
3554508;Tietê;2018;3;Alto;40244
3554508;Tietê;2020;4;Muito alto;41073
3554508;Tietê;2022;3;Alto;37657
3554508;Tietê;2024;3;Alto;37682
3554607;Timburi;2014;1;Baixo;2605
3554607;Timburi;2016;1;Baixo;2587
3554607;Timburi;2018;1;Baixo;2572
3554607;Timburi;2020;1;Baixo;2557
3554607;Timburi;2022;1;Baixo;2465
3554607;Timburi;2024;3;Alto;2432
3554656;Torre de Pedra;2014;1;Baixo;2279
3554656;Torre de Pedra;2016;1;Baixo;2293
3554656;Torre de Pedra;2018;1;Baixo;2307
3554656;Torre de Pedra;2020;3;Alto;2320
3554656;Torre de Pedra;2022;3;Alto;2047
3554656;Torre de Pedra;2024;4;Muito alto;1987
3554706;Torrinha;2014;1;Baixo;9481
3554706;Torrinha;2016;2;Médio;9558
3554706;Torrinha;2018;2;Médio;9635
3554706;Torrinha;2020;3;Alto;9713
3554706;Torrinha;2022;2;Médio;9335
3554706;Torrinha;2024;3;Alto;9276
3554755;Trabiju;2014;4;Muito alto;1605
3554755;Trabiju;2016;2;Médio;1637
3554755;Trabiju;2018;3;Alto;1670
3554755;Trabiju;2020;3;Alto;1703
3554755;Trabiju;2022;3;Alto;1681
3554755;Trabiju;2024;3;Alto;1700
3554805;Tremembé;2014;1;Baixo;43157
3554805;Tremembé;2016;2;Médio;44174
3554805;Tremembé;2018;2;Médio;45066
3554805;Tremembé;2020;2;Médio;45978
3554805;Tremembé;2022;2;Médio;51094
3554805;Tremembé;2024;2;Médio;52405
3554904;Três Fronteiras;2014;1;Baixo;5478
3554904;Três Fronteiras;2016;2;Médio;5503
3554904;Três Fronteiras;2018;3;Alto;5525
3554904;Três Fronteiras;2020;2;Médio;5547
3554904;Três Fronteiras;2022;2;Médio;6793
3554904;Três Fronteiras;2024;1;Baixo;7021
3554953;Tuiuti;2014;1;Baixo;6197
3554953;Tuiuti;2016;1;Baixo;6325
3554953;Tuiuti;2018;1;Baixo;6439
3554953;Tuiuti;2020;2;Médio;6557
3554953;Tuiuti;2022;2;Médio;6772
3554953;Tuiuti;2024;3;Alto;6874
3555000;Tupã;2014;2;Médio;63184
3555000;Tupã;2016;2;Médio;63057
3555000;Tupã;2018;2;Médio;62950
3555000;Tupã;2020;3;Alto;62843
3555000;Tupã;2022;3;Alto;63925
3555000;Tupã;2024;3;Alto;63698
3555109;Tupi Paulista;2014;2;Médio;14657
3555109;Tupi Paulista;2016;2;Médio;14783
3555109;Tupi Paulista;2018;4;Muito alto;14829
3555109;Tupi Paulista;2020;4;Muito alto;14878
3555109;Tupi Paulista;2022;3;Alto;15842
3555109;Tupi Paulista;2024;4;Muito alto;16043
3555208;Turiúba;2014;3;Alto;1926
3555208;Turiúba;2016;2;Médio;1923
3555208;Turiúba;2018;3;Alto;1917
3555208;Turiúba;2020;3;Alto;1912
3555208;Turiúba;2022;3;Alto;1819
3555208;Turiúba;2024;3;Alto;1788
3555307;Turmalina;2014;3;Alto;1904
3555307;Turmalina;2016;4;Muito alto;1869
3555307;Turmalina;2018;4;Muito alto;1836
3555307;Turmalina;2020;4;Muito alto;1805
3555307;Turmalina;2022;4;Muito alto;1671
3555307;Turmalina;2024;4;Muito alto;1602
3555356;Ubarana;2014;1;Baixo;5607
3555356;Ubarana;2016;2;Médio;5764
3555356;Ubarana;2018;3;Alto;5914
3555356;Ubarana;2020;3;Alto;6066
3555356;Ubarana;2022;1;Baixo;5364
3555356;Ubarana;2024;3;Alto;5320
3555406;Ubatuba;2014;1;Baixo;82823
3555406;Ubatuba;2016;2;Médio;84872
3555406;Ubatuba;2018;2;Médio;86870
3555406;Ubatuba;2020;3;Alto;88916
3555406;Ubatuba;2022;2;Médio;92874
3555406;Ubatuba;2024;2;Médio;95062
3555505;Ubirajara;2014;1;Baixo;4522
3555505;Ubirajara;2016;1;Baixo;4570
3555505;Ubirajara;2018;1;Baixo;4616
3555505;Ubirajara;2020;2;Médio;4663
3555505;Ubirajara;2022;2;Médio;5127
3555505;Ubirajara;2024;2;Médio;5211
3555604;Uchoa;2014;2;Médio;9564
3555604;Uchoa;2016;3;Alto;9607
3555604;Uchoa;2018;3;Alto;9645
3555604;Uchoa;2020;3;Alto;9683
3555604;Uchoa;2022;1;Baixo;10387
3555604;Uchoa;2024;2;Médio;10493
3555703;União Paulista;2014;3;Alto;1656
3555703;União Paulista;2016;1;Baixo;1686
3555703;União Paulista;2018;1;Baixo;1712
3555703;União Paulista;2020;1;Baixo;1739
3555703;União Paulista;2022;2;Médio;1603
3555703;União Paulista;2024;2;Médio;1605
3555802;Urânia;2014;2;Médio;8755
3555802;Urânia;2016;2;Médio;8710
3555802;Urânia;2018;3;Alto;8660
3555802;Urânia;2020;3;Alto;8611
3555802;Urânia;2022;3;Alto;8833
3555802;Urânia;2024;3;Alto;8800
3555901;Uru;2014;1;Baixo;1229
3555901;Uru;2016;1;Baixo;1219
3555901;Uru;2018;2;Médio;1213
3555901;Uru;2020;3;Alto;1207
3555901;Uru;2022;2;Médio;1386
3555901;Uru;2024;4;Muito alto;1403
3556008;Urupês;2014;2;Médio;12906
3556008;Urupês;2016;3;Alto;12997
3556008;Urupês;2018;3;Alto;13081
3556008;Urupês;2020;3;Alto;13164
3556008;Urupês;2022;3;Alto;13737
3556008;Urupês;2024;4;Muito alto;13832
3556107;Valentim Gentil;2014;2;Médio;11752
3556107;Valentim Gentil;2016;3;Alto;12106
3556107;Valentim Gentil;2018;3;Alto;12433
3556107;Valentim Gentil;2020;3;Alto;12770
3556107;Valentim Gentil;2022;2;Médio;14074
3556107;Valentim Gentil;2024;2;Médio;14513
3556206;Valinhos;2014;3;Alto;115258
3556206;Valinhos;2016;4;Muito alto;118947
3556206;Valinhos;2018;4;Muito alto;121809
3556206;Valinhos;2020;4;Muito alto;124742
3556206;Valinhos;2022;4;Muito alto;126225
3556206;Valinhos;2024;4;Muito alto;129057
3556305;Valparaíso;2014;1;Baixo;23147
3556305;Valparaíso;2016;3;Alto;23438
3556305;Valparaíso;2018;3;Alto;23711
3556305;Valparaíso;2020;2;Médio;23988
3556305;Valparaíso;2022;2;Médio;24229
3556305;Valparaíso;2024;3;Alto;24319
3556354;Vargem;2014;1;Baixo;9287
3556354;Vargem;2016;1;Baixo;9531
3556354;Vargem;2018;1;Baixo;9762
3556354;Vargem;2020;1;Baixo;10000
3556354;Vargem;2022;1;Baixo;10499
3556354;Vargem;2024;2;Médio;10798
3556404;Vargem Grande do Sul;2014;1;Baixo;40199
3556404;Vargem Grande do Sul;2016;2;Médio;40652
3556404;Vargem Grande do Sul;2018;3;Alto;41075
3556404;Vargem Grande do Sul;2020;3;Alto;41501
3556404;Vargem Grande do Sul;2022;2;Médio;40127
3556404;Vargem Grande do Sul;2024;3;Alto;40079
3556453;Vargem Grande Paulista;2014;1;Baixo;46921
3556453;Vargem Grande Paulista;2016;2;Médio;48905
3556453;Vargem Grande Paulista;2018;3;Alto;50797
3556453;Vargem Grande Paulista;2020;3;Alto;52762
3556453;Vargem Grande Paulista;2022;3;Alto;50359
3556453;Vargem Grande Paulista;2024;3;Alto;51273
3556503;Várzea Paulista;2014;2;Médio;112833
3556503;Várzea Paulista;2016;2;Médio;115562
3556503;Várzea Paulista;2018;2;Médio;118022
3556503;Várzea Paulista;2020;3;Alto;120535
3556503;Várzea Paulista;2022;2;Médio;115708
3556503;Várzea Paulista;2024;2;Médio;116311
3556602;Vera Cruz;2014;1;Baixo;10654
3556602;Vera Cruz;2016;1;Baixo;10604
3556602;Vera Cruz;2018;1;Baixo;10564
3556602;Vera Cruz;2020;2;Médio;10524
3556602;Vera Cruz;2022;2;Médio;10180
3556602;Vera Cruz;2024;1;Baixo;10042
3556701;Vinhedo;2014;4;Muito alto;69449
3556701;Vinhedo;2016;4;Muito alto;72287
3556701;Vinhedo;2018;4;Muito alto;74858
3556701;Vinhedo;2020;4;Muito alto;77521
3556701;Vinhedo;2022;4;Muito alto;76442
3556701;Vinhedo;2024;4;Muito alto;78231
3556800;Viradouro;2014;1;Baixo;17739
3556800;Viradouro;2016;2;Médio;17952
3556800;Viradouro;2018;2;Médio;18148
3556800;Viradouro;2020;2;Médio;18347
3556800;Viradouro;2022;1;Baixo;17413
3556800;Viradouro;2024;2;Médio;17339
3556909;Vista Alegre do Alto;2014;2;Médio;7363
3556909;Vista Alegre do Alto;2016;3;Alto;7595
3556909;Vista Alegre do Alto;2018;4;Muito alto;7802
3556909;Vista Alegre do Alto;2020;4;Muito alto;8014
3556909;Vista Alegre do Alto;2022;3;Alto;8100
3556909;Vista Alegre do Alto;2024;4;Muito alto;8294
3556958;Vitória Brasil;2014;1;Baixo;1748
3556958;Vitória Brasil;2016;2;Médio;1752
3556958;Vitória Brasil;2018;2;Médio;1756
3556958;Vitória Brasil;2020;3;Alto;1760
3556958;Vitória Brasil;2022;2;Médio;1794
3556958;Vitória Brasil;2024;3;Alto;1795
3557006;Votorantim;2014;2;Médio;113264
3557006;Votorantim;2016;2;Médio;115495
3557006;Votorantim;2018;3;Alto;117640
3557006;Votorantim;2020;3;Alto;119824
3557006;Votorantim;2022;2;Médio;127779
3557006;Votorantim;2024;3;Alto;130462
3557105;Votuporanga;2014;3;Alto;87690
3557105;Votuporanga;2016;3;Alto;89124
3557105;Votuporanga;2018;4;Muito alto;90432
3557105;Votuporanga;2020;4;Muito alto;91760
3557105;Votuporanga;2022;3;Alto;96546
3557105;Votuporanga;2024;4;Muito alto;98209
3557154;Zacarias;2014;1;Baixo;2432
3557154;Zacarias;2016;2;Médio;2478
3557154;Zacarias;2018;2;Médio;2518
3557154;Zacarias;2020;3;Alto;2560
3557154;Zacarias;2022;3;Alto;2689
3557154;Zacarias;2024;3;Alto;2740
3557204;Chavantes;2014;1;Baixo;12157
3557204;Chavantes;2016;1;Baixo;12179
3557204;Chavantes;2018;2;Médio;12201
3557204;Chavantes;2020;2;Médio;12223
3557204;Chavantes;2022;1;Baixo;12210
3557204;Chavantes;2024;2;Médio;12125
3557303;Estiva Gerbi;2014;1;Baixo;10469
3557303;Estiva Gerbi;2016;2;Médio;10678
3557303;Estiva Gerbi;2018;3;Alto;10877
3557303;Estiva Gerbi;2020;2;Médio;11079
3557303;Estiva Gerbi;2022;2;Médio;11286
3557303;Estiva Gerbi;2024;2;Médio;11465
