"cod_ibge";"municipio";"ano";"riqueza";"riqueza_estado";"longevidade";"longevidade_estado";"escolaridade";"escolaridade_estado";"IPDM";"IPDM_estado";"media"
3500105;"Adamantina";2014;0,365;0,457;0,77;0,698;0,51;0,449;0,548;0,535;0
3500105;"Adamantina";2016;0,365;0,438;0,71;0,717;0,587;0,511;0,554;0,555;1
3500105;"Adamantina";2018;0,382;0,451;0,686;0,721;0,612;0,563;0,56;0,578;1
3500105;"Adamantina";2020;0,378;0,439;0,779;0,722;0,625;0,594;0,594;0,585;0
3500105;"Adamantina";2022;0,359;0,441;0,742;0,697;0,594;0,556;0,565;0,565;0
3500105;"Adamantina";2024;0,381;0,464;0,784;0,716;0,658;0,569;0,608;0,583;0
3500204;"Adolfo";2014;0,386;0,457;0,782;0,698;0,531;0,449;0,566;0,535;0
3500204;"Adolfo";2016;0,356;0,438;0,649;0,717;0,555;0,511;0,52;0,555;1
3500204;"Adolfo";2018;0,412;0,451;0,673;0,721;0,667;0,563;0,584;0,578;0
3500204;"Adolfo";2020;0,442;0,439;0,712;0,722;0,627;0,594;0,594;0,585;0
3500204;"Adolfo";2022;0,401;0,441;0,751;0,697;0,635;0,556;0,596;0,565;0
3500204;"Adolfo";2024;0,427;0,464;0,778;0,716;0,746;0,569;0,65;0,583;0
3500303;"Aguaí";2014;0,348;0,457;0,63;0,698;0,408;0,449;0,462;0,535;1
3500303;"Aguaí";2016;0,323;0,438;0,673;0,717;0,448;0,511;0,481;0,555;1
3500303;"Aguaí";2018;0,353;0,451;0,672;0,721;0,48;0,563;0,502;0,578;1
3500303;"Aguaí";2020;0,349;0,439;0,694;0,722;0,513;0,594;0,519;0,585;1
3500303;"Aguaí";2022;0,352;0,441;0,649;0,697;0,465;0,556;0,489;0,565;1
3500303;"Aguaí";2024;0,387;0,464;0,733;0,716;0,48;0,569;0,533;0,583;1
3500402;"Águas da Prata";2014;0,322;0,457;0,708;0,698;0,43;0,449;0,487;0,535;1
3500402;"Águas da Prata";2016;0,292;0,438;0,751;0,717;0,532;0,511;0,525;0,555;1
3500402;"Águas da Prata";2018;0,317;0,451;0,772;0,721;0,616;0,563;0,568;0,578;1
3500402;"Águas da Prata";2020;0,317;0,439;0,792;0,722;0,647;0,594;0,585;0,585;0
3500402;"Águas da Prata";2022;0,306;0,441;0,781;0,697;0,621;0,556;0,569;0,565;0
3500402;"Águas da Prata";2024;0,326;0,464;0,778;0,716;0,527;0,569;0,544;0,583;1
3500501;"Águas de Lindóia";2014;0,396;0,457;0,723;0,698;0,556;0,449;0,558;0,535;0
3500501;"Águas de Lindóia";2016;0,391;0,438;0,747;0,717;0,523;0,511;0,554;0,555;1
3500501;"Águas de Lindóia";2018;0,402;0,451;0,755;0,721;0,653;0,563;0,603;0,578;0
3500501;"Águas de Lindóia";2020;0,379;0,439;0,753;0,722;0,71;0,594;0,614;0,585;0
3500501;"Águas de Lindóia";2022;0,391;0,441;0,783;0,697;0,659;0,556;0,611;0,565;0
3500501;"Águas de Lindóia";2024;0,421;0,464;0,82;0,716;0,695;0,569;0,645;0,583;0
3500550;"Águas de Santa Bárbara";2014;0,393;0,457;0,671;0,698;0,492;0,449;0,519;0,535;1
3500550;"Águas de Santa Bárbara";2016;0,386;0,438;0,669;0,717;0,657;0,511;0,571;0,555;0
3500550;"Águas de Santa Bárbara";2018;0,414;0,451;0,64;0,721;0,706;0,563;0,587;0,578;0
3500550;"Águas de Santa Bárbara";2020;0,429;0,439;0,635;0,722;0,693;0,594;0,586;0,585;0
3500550;"Águas de Santa Bárbara";2022;0,411;0,441;0,695;0,697;0,642;0,556;0,583;0,565;0
3500550;"Águas de Santa Bárbara";2024;0,455;0,464;0,731;0,716;0,683;0,569;0,623;0,583;0
3500600;"Águas de São Pedro";2014;0,535;0,457;0,797;0,698;0,665;0,449;0,666;0,535;0
3500600;"Águas de São Pedro";2016;0,528;0,438;0,712;0,717;0,669;0,511;0,636;0,555;0
3500600;"Águas de São Pedro";2018;0,552;0,451;0,74;0,721;0,78;0,563;0,691;0,578;0
3500600;"Águas de São Pedro";2020;0,543;0,439;0,755;0,722;0,801;0,594;0,7;0,585;0
3500600;"Águas de São Pedro";2022;0,522;0,441;0,769;0,697;0,812;0,556;0,701;0,565;0
3500600;"Águas de São Pedro";2024;0,539;0,464;0,821;0,716;0,827;0,569;0,729;0,583;0
3500709;"Agudos";2014;0,407;0,457;0,645;0,698;0,441;0,449;0,498;0,535;1
3500709;"Agudos";2016;0,402;0,438;0,677;0,717;0,525;0,511;0,535;0,555;1
3500709;"Agudos";2018;0,405;0,451;0,695;0,721;0,55;0,563;0,55;0,578;1
3500709;"Agudos";2020;0,402;0,439;0,679;0,722;0,605;0,594;0,562;0,585;1
3500709;"Agudos";2022;0,396;0,441;0,595;0,697;0,563;0,556;0,518;0,565;1
3500709;"Agudos";2024;0,424;0,464;0,734;0,716;0,572;0,569;0,577;0,583;1
3500758;"Alambari";2014;0,302;0,457;0,528;0,698;0,484;0,449;0,438;0,535;1
3500758;"Alambari";2016;0,296;0,438;0,537;0,717;0,513;0,511;0,449;0,555;1
3500758;"Alambari";2018;0,329;0,451;0,573;0,721;0,528;0,563;0,477;0,578;1
3500758;"Alambari";2020;0,319;0,439;0,669;0,722;0,552;0,594;0,513;0,585;1
3500758;"Alambari";2022;0,318;0,441;0,639;0,697;0,555;0,556;0,504;0,565;1
3500758;"Alambari";2024;0,333;0,464;0,773;0,716;0,565;0,569;0,557;0,583;1
3500808;"Alfredo Marcondes";2014;0,287;0,457;0,818;0,698;0,549;0,449;0,551;0,535;0
3500808;"Alfredo Marcondes";2016;0,265;0,438;0,668;0,717;0,629;0,511;0,521;0,555;1
3500808;"Alfredo Marcondes";2018;0,302;0,451;0,61;0,721;0,608;0,563;0,507;0,578;1
3500808;"Alfredo Marcondes";2020;0,315;0,439;0,512;0,722;0,728;0,594;0,518;0,585;1
3500808;"Alfredo Marcondes";2022;0,292;0,441;0,508;0,697;0,702;0,556;0,501;0,565;1
3500808;"Alfredo Marcondes";2024;0,32;0,464;0,588;0,716;0,561;0,569;0,49;0,583;1
3500907;"Altair";2014;0,388;0,457;0,723;0,698;0,314;0,449;0,475;0,535;1
3500907;"Altair";2016;0,414;0,438;0,707;0,717;0,434;0,511;0,518;0,555;1
3500907;"Altair";2018;0,399;0,451;0,719;0,721;0,5;0,563;0,539;0,578;1
3500907;"Altair";2020;0,399;0,439;0,719;0,722;0,571;0,594;0,563;0,585;1
3500907;"Altair";2022;0,407;0,441;0,706;0,697;0,529;0,556;0,547;0,565;1
3500907;"Altair";2024;0,469;0,464;0,725;0,716;0,592;0,569;0,595;0,583;0
3501004;"Altinópolis";2014;0,365;0,457;0,779;0,698;0,428;0,449;0,524;0,535;1
3501004;"Altinópolis";2016;0,36;0,438;0,688;0,717;0,507;0,511;0,518;0,555;1
3501004;"Altinópolis";2018;0,381;0,451;0,664;0,721;0,522;0,563;0,522;0,578;1
3501004;"Altinópolis";2020;0,386;0,439;0,769;0,722;0,6;0,594;0,585;0,585;0
3501004;"Altinópolis";2022;0,367;0,441;0,657;0,697;0,533;0,556;0,519;0,565;1
3501004;"Altinópolis";2024;0,386;0,464;0,732;0,716;0,623;0,569;0,58;0,583;1
3501103;"Alto Alegre";2014;0,43;0,457;0,798;0,698;0,39;0,449;0,539;0,535;0
3501103;"Alto Alegre";2016;0,397;0,438;0,763;0,717;0,456;0,511;0,539;0,555;1
3501103;"Alto Alegre";2018;0,462;0,451;0,742;0,721;0,545;0,563;0,583;0,578;0
3501103;"Alto Alegre";2020;0,332;0,439;0,671;0,722;0,522;0,594;0,508;0,585;1
3501103;"Alto Alegre";2022;0,317;0,441;0,4;0,697;0,607;0,556;0,441;0,565;1
3501103;"Alto Alegre";2024;0,341;0,464;0,53;0,716;0,676;0,569;0,516;0,583;1
3501152;"Alumínio";2014;0,512;0,457;0,659;0,698;0,419;0,449;0,53;0,535;1
3501152;"Alumínio";2016;0,492;0,438;0,666;0,717;0,455;0,511;0,538;0,555;1
3501152;"Alumínio";2018;0,5;0,451;0,691;0,721;0,572;0,563;0,588;0,578;0
3501152;"Alumínio";2020;0,499;0,439;0,706;0,722;0,564;0,594;0,59;0,585;0
3501152;"Alumínio";2022;0,527;0,441;0,672;0,697;0,46;0,556;0,553;0,565;1
3501152;"Alumínio";2024;0,535;0,464;0,672;0,716;0,511;0,569;0,573;0,583;1
3501202;"Álvares Florence";2014;0,303;0,457;0,687;0,698;0,518;0,449;0,503;0,535;1
3501202;"Álvares Florence";2016;0,298;0,438;0,754;0,717;0,602;0,511;0,551;0,555;1
3501202;"Álvares Florence";2018;0,339;0,451;0,751;0,721;0,645;0,563;0,578;0,578;0
3501202;"Álvares Florence";2020;0,346;0,439;0,812;0,722;0,711;0,594;0,623;0,585;0
3501202;"Álvares Florence";2022;0,326;0,441;0,806;0,697;0,678;0,556;0,603;0,565;0
3501202;"Álvares Florence";2024;0,365;0,464;0,858;0,716;0,783;0,569;0,669;0,583;0
3501301;"Álvares Machado";2014;0,3;0,457;0,772;0,698;0,42;0,449;0,497;0,535;1
3501301;"Álvares Machado";2016;0,297;0,438;0,72;0,717;0,42;0,511;0,479;0,555;1
3501301;"Álvares Machado";2018;0,318;0,451;0,701;0,721;0,53;0,563;0,516;0,578;1
3501301;"Álvares Machado";2020;0,318;0,439;0,748;0,722;0,587;0,594;0,551;0,585;1
3501301;"Álvares Machado";2022;0,309;0,441;0,663;0,697;0,553;0,556;0,508;0,565;1
3501301;"Álvares Machado";2024;0,324;0,464;0,691;0,716;0,654;0,569;0,556;0,583;1
3501400;"Álvaro de Carvalho";2014;0,247;0,457;0,625;0,698;0,399;0,449;0,424;0,535;1
3501400;"Álvaro de Carvalho";2016;0,23;0,438;0,631;0,717;0,391;0,511;0,417;0,555;1
3501400;"Álvaro de Carvalho";2018;0,245;0,451;0,678;0,721;0,457;0,563;0,46;0,578;1
3501400;"Álvaro de Carvalho";2020;0,229;0,439;0,784;0,722;0,507;0,594;0,507;0,585;1
3501400;"Álvaro de Carvalho";2022;0,211;0,441;0,8;0,697;0,459;0,556;0,49;0,565;1
3501400;"Álvaro de Carvalho";2024;0,266;0,464;0,737;0,716;0,516;0,569;0,506;0,583;1
3501509;"Alvinlândia";2014;0,285;0,457;0,704;0,698;0,549;0,449;0,513;0,535;1
3501509;"Alvinlândia";2016;0,279;0,438;0,675;0,717;0,561;0,511;0,505;0,555;1
3501509;"Alvinlândia";2018;0,295;0,451;0,643;0,721;0,605;0,563;0,514;0,578;1
3501509;"Alvinlândia";2020;0,28;0,439;0,69;0,722;0,613;0,594;0,528;0,585;1
3501509;"Alvinlândia";2022;0,285;0,441;0,622;0,697;0,568;0,556;0,492;0,565;1
3501509;"Alvinlândia";2024;0,315;0,464;0,599;0,716;0,558;0,569;0,491;0,583;1
3501608;"Americana";2014;0,449;0,457;0,716;0,698;0,588;0,449;0,584;0,535;0
3501608;"Americana";2016;0,428;0,438;0,754;0,717;0,654;0,511;0,612;0,555;0
3501608;"Americana";2018;0,437;0,451;0,761;0,721;0,667;0,563;0,622;0,578;0
3501608;"Americana";2020;0,426;0,439;0,783;0,722;0,681;0,594;0,63;0,585;0
3501608;"Americana";2022;0,434;0,441;0,754;0,697;0,641;0,556;0,61;0,565;0
3501608;"Americana";2024;0,458;0,464;0,759;0,716;0,674;0,569;0,63;0,583;0
3501707;"Américo Brasiliense";2014;0,376;0,457;0,732;0,698;0,443;0,449;0,517;0,535;1
3501707;"Américo Brasiliense";2016;0,374;0,438;0,734;0,717;0,509;0,511;0,539;0,555;1
3501707;"Américo Brasiliense";2018;0,38;0,451;0,72;0,721;0,577;0,563;0,559;0,578;1
3501707;"Américo Brasiliense";2020;0,369;0,439;0,68;0,722;0,593;0,594;0,547;0,585;1
3501707;"Américo Brasiliense";2022;0,385;0,441;0,673;0,697;0,569;0,556;0,542;0,565;1
3501707;"Américo Brasiliense";2024;0,395;0,464;0,632;0,716;0,592;0,569;0,54;0,583;1
3501806;"Américo de Campos";2014;0,267;0,457;0,791;0,698;0,538;0,449;0,532;0,535;1
3501806;"Américo de Campos";2016;0,265;0,438;0,854;0,717;0,518;0,511;0,546;0,555;1
3501806;"Américo de Campos";2018;0,299;0,451;0,71;0,721;0,614;0,563;0,541;0,578;1
3501806;"Américo de Campos";2020;0,298;0,439;0,703;0,722;0,611;0,594;0,537;0,585;1
3501806;"Américo de Campos";2022;0,287;0,441;0,655;0,697;0,669;0,556;0,537;0,565;1
3501806;"Américo de Campos";2024;0,326;0,464;0,724;0,716;0,779;0,569;0,61;0,583;0
3501905;"Amparo";2014;0,444;0,457;0,751;0,698;0,55;0,449;0,582;0,535;0
3501905;"Amparo";2016;0,426;0,438;0,767;0,717;0,606;0,511;0,6;0,555;0
3501905;"Amparo";2018;0,447;0,451;0,765;0,721;0,678;0,563;0,63;0,578;0
3501905;"Amparo";2020;0,439;0,439;0,748;0,722;0,686;0,594;0,624;0,585;0
3501905;"Amparo";2022;0,438;0,441;0,729;0,697;0,607;0,556;0,591;0,565;0
3501905;"Amparo";2024;0,461;0,464;0,733;0,716;0,615;0,569;0,603;0,583;0
3502002;"Analândia";2014;0,388;0,457;0,656;0,698;0,467;0,449;0,504;0,535;1
3502002;"Analândia";2016;0,37;0,438;0,715;0,717;0,572;0,511;0,552;0,555;1
3502002;"Analândia";2018;0,409;0,451;0,687;0,721;0,544;0,563;0,547;0,578;1
3502002;"Analândia";2020;0,41;0,439;0,67;0,722;0,565;0,594;0,548;0,585;1
3502002;"Analândia";2022;0,391;0,441;0,722;0,697;0,577;0,556;0,563;0,565;1
3502002;"Analândia";2024;0,436;0,464;0,711;0,716;0,581;0,569;0,576;0,583;1
3502101;"Andradina";2014;0,392;0,457;0,736;0,698;0,531;0,449;0,553;0,535;0
3502101;"Andradina";2016;0,39;0,438;0,684;0,717;0,578;0,511;0,551;0,555;1
3502101;"Andradina";2018;0,39;0,451;0,671;0,721;0,646;0,563;0,569;0,578;1
3502101;"Andradina";2020;0,407;0,439;0,733;0,722;0,607;0,594;0,582;0,585;1
3502101;"Andradina";2022;0,391;0,441;0,681;0,697;0,57;0,556;0,547;0,565;1
3502101;"Andradina";2024;0,442;0,464;0,678;0,716;0,591;0,569;0,57;0,583;1
3502200;"Angatuba";2014;0,351;0,457;0,768;0,698;0,543;0,449;0,554;0,535;0
3502200;"Angatuba";2016;0,37;0,438;0,723;0,717;0,618;0,511;0,57;0,555;0
3502200;"Angatuba";2018;0,4;0,451;0,732;0,721;0,689;0,563;0,607;0,578;0
3502200;"Angatuba";2020;0,406;0,439;0,668;0,722;0,67;0,594;0,581;0,585;1
3502200;"Angatuba";2022;0,402;0,441;0,658;0,697;0,613;0,556;0,558;0,565;1
3502200;"Angatuba";2024;0,418;0,464;0,713;0,716;0,621;0,569;0,584;0,583;0
3502309;"Anhembi";2014;0,278;0,457;0,799;0,698;0,411;0,449;0,496;0,535;1
3502309;"Anhembi";2016;0,253;0,438;0,807;0,717;0,411;0,511;0,49;0,555;1
3502309;"Anhembi";2018;0,31;0,451;0,797;0,721;0,431;0,563;0,513;0,578;1
3502309;"Anhembi";2020;0,302;0,439;0,764;0,722;0,533;0,594;0,533;0,585;1
3502309;"Anhembi";2022;0,316;0,441;0,724;0,697;0,421;0,556;0,487;0,565;1
3502309;"Anhembi";2024;0,355;0,464;0,618;0,716;0,492;0,569;0,488;0,583;1
3502408;"Anhumas";2014;0,338;0,457;0,731;0,698;0,597;0,449;0,555;0,535;0
3502408;"Anhumas";2016;0,251;0,438;0,732;0,717;0,599;0,511;0,527;0,555;1
3502408;"Anhumas";2018;0,268;0,451;0,689;0,721;0,6;0,563;0,519;0,578;1
3502408;"Anhumas";2020;0,267;0,439;0,728;0,722;0,705;0,594;0,567;0,585;1
3502408;"Anhumas";2022;0,273;0,441;0,71;0,697;0,556;0,556;0,513;0,565;1
3502408;"Anhumas";2024;0,295;0,464;0,713;0,716;0,577;0,569;0,528;0,583;1
3502507;"Aparecida";2014;0,357;0,457;0,554;0,698;0,509;0,449;0,473;0,535;1
3502507;"Aparecida";2016;0,405;0,438;0,717;0,717;0,548;0,511;0,557;0,555;0
3502507;"Aparecida";2018;0,418;0,451;0,738;0,721;0,673;0,563;0,61;0,578;0
3502507;"Aparecida";2020;0,378;0,439;0,731;0,722;0,649;0,594;0,586;0,585;0
3502507;"Aparecida";2022;0,393;0,441;0,661;0,697;0,598;0,556;0,551;0,565;1
3502507;"Aparecida";2024;0,431;0,464;0,589;0,716;0,636;0,569;0,552;0,583;1
3502606;"Aparecida d'Oeste";2014;0,284;0,457;0,638;0,698;0,59;0,449;0,504;0,535;1
3502606;"Aparecida d'Oeste";2016;0,274;0,438;0,795;0,717;0,622;0,511;0,564;0,555;0
3502606;"Aparecida d'Oeste";2018;0,322;0,451;0,813;0,721;0,742;0,563;0,626;0,578;0
3502606;"Aparecida d'Oeste";2020;0,343;0,439;0,783;0,722;0,712;0,594;0,613;0,585;0
3502606;"Aparecida d'Oeste";2022;0,313;0,441;0,72;0,697;0,611;0,556;0,548;0,565;1
3502606;"Aparecida d'Oeste";2024;0,366;0,464;0,784;0,716;0,676;0,569;0,609;0,583;0
3502705;"Apiaí";2014;0,283;0,457;0,761;0,698;0,419;0,449;0,488;0,535;1
3502705;"Apiaí";2016;0,261;0,438;0,638;0,717;0,527;0,511;0,475;0,555;1
3502705;"Apiaí";2018;0,269;0,451;0,635;0,721;0,537;0,563;0,48;0,578;1
3502705;"Apiaí";2020;0,277;0,439;0,765;0,722;0,559;0,594;0,534;0,585;1
3502705;"Apiaí";2022;0,276;0,441;0,685;0,697;0,517;0,556;0,493;0,565;1
3502705;"Apiaí";2024;0,312;0,464;0,69;0,716;0,611;0,569;0,538;0,583;1
3502754;"Araçariguama";2014;0,501;0,457;0,645;0,698;0,426;0,449;0,524;0,535;1
3502754;"Araçariguama";2016;0,507;0,438;0,666;0,717;0,455;0,511;0,543;0,555;1
3502754;"Araçariguama";2018;0,555;0,451;0,687;0,721;0,472;0,563;0,571;0,578;1
3502754;"Araçariguama";2020;0,542;0,439;0,708;0,722;0,499;0,594;0,583;0,585;1
3502754;"Araçariguama";2022;0,547;0,441;0,691;0,697;0,428;0,556;0,555;0,565;1
3502754;"Araçariguama";2024;0,561;0,464;0,687;0,716;0,447;0,569;0,565;0,583;1
3502804;"Araçatuba";2014;0,43;0,457;0,733;0,698;0,483;0,449;0,549;0,535;0
3502804;"Araçatuba";2016;0,418;0,438;0,699;0,717;0,558;0,511;0,558;0,555;0
3502804;"Araçatuba";2018;0,435;0,451;0,682;0,721;0,634;0,563;0,584;0,578;0
3502804;"Araçatuba";2020;0,428;0,439;0,702;0,722;0,684;0,594;0,605;0,585;0
3502804;"Araçatuba";2022;0,415;0,441;0,693;0,697;0,664;0,556;0,591;0,565;0
3502804;"Araçatuba";2024;0,449;0,464;0,696;0,716;0,69;0,569;0,612;0,583;0
3502903;"Araçoiaba da Serra";2014;0,348;0,457;0,704;0,698;0,459;0,449;0,504;0,535;1
3502903;"Araçoiaba da Serra";2016;0,337;0,438;0,751;0,717;0,526;0,511;0,538;0,555;1
3502903;"Araçoiaba da Serra";2018;0,401;0,451;0,749;0,721;0,572;0,563;0,574;0,578;1
3502903;"Araçoiaba da Serra";2020;0,407;0,439;0,706;0,722;0,59;0,594;0,568;0,585;1
3502903;"Araçoiaba da Serra";2022;0,407;0,441;0,748;0,697;0,511;0,556;0,555;0,565;1
3502903;"Araçoiaba da Serra";2024;0,434;0,464;0,755;0,716;0,582;0,569;0,59;0,583;0
3503000;"Aramina";2014;0,33;0,457;0,801;0,698;0,484;0,449;0,538;0,535;0
3503000;"Aramina";2016;0,312;0,438;0,76;0,717;0,46;0,511;0,511;0,555;1
3503000;"Aramina";2018;0,33;0,451;0,77;0,721;0,499;0,563;0,533;0,578;1
3503000;"Aramina";2020;0,328;0,439;0,727;0,722;0,506;0,594;0,52;0,585;1
3503000;"Aramina";2022;0,317;0,441;0,659;0,697;0,505;0,556;0,494;0,565;1
3503000;"Aramina";2024;0,354;0,464;0,768;0,716;0,523;0,569;0,548;0,583;1
3503109;"Arandu";2014;0,29;0,457;0,676;0,698;0,408;0,449;0,458;0,535;1
3503109;"Arandu";2016;0,298;0,438;0,68;0,717;0,412;0,511;0,463;0,555;1
3503109;"Arandu";2018;0,339;0,451;0,679;0,721;0,432;0,563;0,483;0,578;1
3503109;"Arandu";2020;0,357;0,439;0,658;0,722;0,481;0,594;0,499;0,585;1
3503109;"Arandu";2022;0,347;0,441;0,605;0,697;0,389;0,556;0,447;0,565;1
3503109;"Arandu";2024;0,378;0,464;0,642;0,716;0,472;0,569;0,497;0,583;1
3503158;"Arapeí";2014;0,211;0,457;0,701;0,698;0,186;0,449;0,366;0,535;1
3503158;"Arapeí";2016;0,206;0,438;0,867;0,717;0,363;0,511;0,479;0,555;1
3503158;"Arapeí";2018;0,237;0,451;0,815;0,721;0,299;0,563;0,45;0,578;1
3503158;"Arapeí";2020;0,249;0,439;0,761;0,722;0,347;0,594;0,452;0,585;1
3503158;"Arapeí";2022;0,252;0,441;0,792;0,697;0,298;0,556;0,447;0,565;1
3503158;"Arapeí";2024;0,26;0,464;0,796;0,716;0,352;0,569;0,469;0,583;1
3503208;"Araraquara";2014;0,436;0,457;0,693;0,698;0,525;0,449;0,551;0,535;0
3503208;"Araraquara";2016;0,422;0,438;0,727;0,717;0,564;0,511;0,571;0,555;0
3503208;"Araraquara";2018;0,436;0,451;0,738;0,721;0,6;0,563;0,591;0,578;0
3503208;"Araraquara";2020;0,432;0,439;0,753;0,722;0,656;0,594;0,614;0,585;0
3503208;"Araraquara";2022;0,428;0,441;0,739;0,697;0,607;0,556;0,591;0,565;0
3503208;"Araraquara";2024;0,452;0,464;0,73;0,716;0,627;0,569;0,603;0,583;0
3503307;"Araras";2014;0,414;0,457;0,731;0,698;0,594;0,449;0,58;0,535;0
3503307;"Araras";2016;0,394;0,438;0,69;0,717;0,691;0,511;0,592;0,555;0
3503307;"Araras";2018;0,411;0,451;0,671;0,721;0,684;0,563;0,589;0,578;0
3503307;"Araras";2020;0,407;0,439;0,742;0,722;0,716;0,594;0,622;0,585;0
3503307;"Araras";2022;0,403;0,441;0,732;0,697;0,652;0,556;0,596;0,565;0
3503307;"Araras";2024;0,422;0,464;0,694;0,716;0,722;0,569;0,613;0,583;0
3503356;"Arco-Íris";2014;0,242;0,457;0,724;0,698;0,421;0,449;0,462;0,535;1
3503356;"Arco-Íris";2016;0,288;0,438;0,617;0,717;0,587;0,511;0,497;0,555;1
3503356;"Arco-Íris";2018;0,357;0,451;0,59;0,721;0,701;0,563;0,549;0,578;1
3503356;"Arco-Íris";2020;0,372;0,439;0,64;0,722;0,644;0,594;0,552;0,585;1
3503356;"Arco-Íris";2022;0,354;0,441;0,798;0,697;0,612;0,556;0,588;0,565;0
3503356;"Arco-Íris";2024;0,387;0,464;0,906;0,716;0,639;0,569;0,644;0,583;0
3503406;"Arealva";2014;0,341;0,457;0,62;0,698;0,511;0,449;0,491;0,535;1
3503406;"Arealva";2016;0,298;0,438;0,752;0,717;0,549;0,511;0,533;0,555;1
3503406;"Arealva";2018;0,366;0,451;0,774;0,721;0,624;0,563;0,588;0,578;0
3503406;"Arealva";2020;0,368;0,439;0,714;0,722;0,559;0,594;0,547;0,585;1
3503406;"Arealva";2022;0,348;0,441;0,746;0,697;0,488;0,556;0,527;0,565;1
3503406;"Arealva";2024;0,377;0,464;0,794;0,716;0,65;0,569;0,607;0,583;0
3503505;"Areias";2014;0,215;0,457;0,511;0,698;0,339;0,449;0,355;0,535;1
3503505;"Areias";2016;0,212;0,438;0,564;0,717;0,376;0,511;0,384;0,555;1
3503505;"Areias";2018;0,241;0,451;0,628;0,721;0,44;0,563;0,436;0,578;1
3503505;"Areias";2020;0,248;0,439;0,735;0,722;0,433;0,594;0,472;0,585;1
3503505;"Areias";2022;0,24;0,441;0,666;0,697;0,369;0,556;0,425;0,565;1
3503505;"Areias";2024;0,28;0,464;0,694;0,716;0,458;0,569;0,477;0,583;1
3503604;"Areiópolis";2014;0,278;0,457;0,752;0,698;0,357;0,449;0,462;0,535;1
3503604;"Areiópolis";2016;0,269;0,438;0,602;0,717;0,463;0,511;0,445;0,555;1
3503604;"Areiópolis";2018;0,288;0,451;0,647;0,721;0,541;0,563;0,492;0,578;1
3503604;"Areiópolis";2020;0,277;0,439;0,655;0,722;0,489;0,594;0,474;0,585;1
3503604;"Areiópolis";2022;0,283;0,441;0,757;0,697;0,531;0,556;0,524;0,565;1
3503604;"Areiópolis";2024;0,297;0,464;0,699;0,716;0,594;0,569;0,53;0,583;1
3503703;"Ariranha";2014;0,459;0,457;0,797;0,698;0,545;0,449;0,6;0,535;0
3503703;"Ariranha";2016;0,43;0,438;0,683;0,717;0,66;0,511;0,591;0,555;0
3503703;"Ariranha";2018;0,435;0,451;0,751;0,721;0,638;0,563;0,608;0,578;0
3503703;"Ariranha";2020;0,423;0,439;0,719;0,722;0,695;0,594;0,612;0,585;0
3503703;"Ariranha";2022;0,43;0,441;0,774;0,697;0,638;0,556;0,614;0,565;0
3503703;"Ariranha";2024;0,458;0,464;0,777;0,716;0,706;0,569;0,647;0,583;0
3503802;"Artur Nogueira";2014;0,338;0,457;0,759;0,698;0,521;0,449;0,539;0,535;0
3503802;"Artur Nogueira";2016;0,31;0,438;0,692;0,717;0,559;0,511;0,52;0,555;1
3503802;"Artur Nogueira";2018;0,328;0,451;0,743;0,721;0,592;0,563;0,554;0,578;1
3503802;"Artur Nogueira";2020;0,328;0,439;0,742;0,722;0,658;0,594;0,576;0,585;1
3503802;"Artur Nogueira";2022;0,387;0,441;0,729;0,697;0,562;0,556;0,559;0,565;1
3503802;"Artur Nogueira";2024;0,354;0,464;0,796;0,716;0,582;0,569;0,577;0,583;1
3503901;"Arujá";2014;0,431;0,457;0,623;0,698;0,442;0,449;0,499;0,535;1
3503901;"Arujá";2016;0,416;0,438;0,666;0,717;0,49;0,511;0,524;0,555;1
3503901;"Arujá";2018;0,44;0,451;0,643;0,721;0,575;0,563;0,553;0,578;1
3503901;"Arujá";2020;0,451;0,439;0,663;0,722;0,6;0,594;0,571;0,585;1
3503901;"Arujá";2022;0,453;0,441;0,675;0,697;0,562;0,556;0,563;0,565;1
3503901;"Arujá";2024;0,474;0,464;0,704;0,716;0,566;0,569;0,581;0,583;1
3503950;"Aspásia";2014;0,241;0,457;0,852;0,698;0,576;0,449;0,556;0,535;0
3503950;"Aspásia";2016;0,238;0,438;0,895;0,717;0,726;0,511;0,62;0,555;0
3503950;"Aspásia";2018;0,276;0,451;0,932;0,721;0,779;0,563;0,662;0,578;0
3503950;"Aspásia";2020;0,298;0,439;0,934;0,722;0,845;0,594;0,692;0,585;0
3503950;"Aspásia";2022;0,282;0,441;0,854;0,697;0,769;0,556;0,635;0,565;0
3503950;"Aspásia";2024;0,324;0,464;0,903;0,716;0,78;0,569;0,669;0,583;0
3504008;"Assis";2014;0,373;0,457;0,715;0,698;0,566;0,449;0,551;0,535;0
3504008;"Assis";2016;0,352;0,438;0,762;0,717;0,614;0,511;0,576;0,555;0
3504008;"Assis";2018;0,365;0,451;0,741;0,721;0,621;0,563;0,576;0,578;1
3504008;"Assis";2020;0,36;0,439;0,733;0,722;0,635;0,594;0,576;0,585;1
3504008;"Assis";2022;0,359;0,441;0,709;0,697;0,587;0,556;0,552;0,565;1
3504008;"Assis";2024;0,386;0,464;0,679;0,716;0,619;0,569;0,561;0,583;1
3504107;"Atibaia";2014;0,44;0,457;0,706;0,698;0,514;0,449;0,553;0,535;0
3504107;"Atibaia";2016;0,42;0,438;0,698;0,717;0,586;0,511;0,568;0,555;0
3504107;"Atibaia";2018;0,439;0,451;0,735;0,721;0,654;0,563;0,609;0,578;0
3504107;"Atibaia";2020;0,438;0,439;0,741;0,722;0,672;0,594;0,617;0,585;0
3504107;"Atibaia";2022;0,423;0,441;0,711;0,697;0,648;0,556;0,594;0,565;0
3504107;"Atibaia";2024;0,44;0,464;0,73;0,716;0,658;0,569;0,609;0,583;0
3504206;"Auriflama";2014;0,315;0,457;0,77;0,698;0,564;0,449;0,55;0,535;0
3504206;"Auriflama";2016;0,299;0,438;0,796;0,717;0,593;0,511;0,563;0,555;0
3504206;"Auriflama";2018;0,317;0,451;0,779;0,721;0,562;0,563;0,553;0,578;1
3504206;"Auriflama";2020;0,311;0,439;0,828;0,722;0,691;0,594;0,61;0,585;0
3504206;"Auriflama";2022;0,308;0,441;0,731;0,697;0,586;0,556;0,542;0,565;1
3504206;"Auriflama";2024;0,344;0,464;0,606;0,716;0,683;0,569;0,544;0,583;1
3504305;"Avaí";2014;0,358;0,457;0,678;0,698;0,275;0,449;0,437;0,535;1
3504305;"Avaí";2016;0,326;0,438;0,805;0,717;0,38;0,511;0,504;0,555;1
3504305;"Avaí";2018;0,366;0,451;0,801;0,721;0,449;0,563;0,539;0,578;1
3504305;"Avaí";2020;0,385;0,439;0,786;0,722;0,402;0,594;0,524;0,585;1
3504305;"Avaí";2022;0,39;0,441;0,705;0,697;0,396;0,556;0,497;0,565;1
3504305;"Avaí";2024;0,449;0,464;0,654;0,716;0,393;0,569;0,499;0,583;1
3504404;"Avanhandava";2014;0,308;0,457;0,648;0,698;0,463;0,449;0,473;0,535;1
3504404;"Avanhandava";2016;0,316;0,438;0,692;0,717;0,514;0,511;0,507;0,555;1
3504404;"Avanhandava";2018;0,322;0,451;0,727;0,721;0,577;0,563;0,542;0,578;1
3504404;"Avanhandava";2020;0,337;0,439;0,633;0,722;0,583;0,594;0,518;0,585;1
3504404;"Avanhandava";2022;0,295;0,441;0,59;0,697;0,548;0,556;0,478;0,565;1
3504404;"Avanhandava";2024;0,338;0,464;0,725;0,716;0,545;0,569;0,536;0,583;1
3504503;"Avaré";2014;0,382;0,457;0,682;0,698;0,496;0,449;0,52;0,535;1
3504503;"Avaré";2016;0,378;0,438;0,698;0,717;0,553;0,511;0,543;0,555;1
3504503;"Avaré";2018;0,39;0,451;0,679;0,721;0,574;0,563;0,548;0,578;1
3504503;"Avaré";2020;0,369;0,439;0,658;0,722;0,58;0,594;0,536;0,585;1
3504503;"Avaré";2022;0,371;0,441;0,634;0,697;0,53;0,556;0,512;0,565;1
3504503;"Avaré";2024;0,412;0,464;0,695;0,716;0,58;0,569;0,562;0,583;1
3504602;"Bady Bassitt";2014;0,367;0,457;0,726;0,698;0,575;0,449;0,556;0,535;0
3504602;"Bady Bassitt";2016;0,341;0,438;0,81;0,717;0,616;0,511;0,589;0,555;0
3504602;"Bady Bassitt";2018;0,353;0,451;0,762;0,721;0,678;0,563;0,598;0,578;0
3504602;"Bady Bassitt";2020;0,358;0,439;0,734;0,722;0,694;0,594;0,595;0,585;0
3504602;"Bady Bassitt";2022;0,326;0,441;0,697;0,697;0,596;0,556;0,54;0,565;1
3504602;"Bady Bassitt";2024;0,355;0,464;0,839;0,716;0,681;0,569;0,625;0,583;0
3504701;"Balbinos";2014;0,233;0,457;0,429;0,698;0,615;0,449;0,426;0,535;1
3504701;"Balbinos";2016;0,215;0,438;0,692;0,717;0,63;0,511;0,512;0,555;1
3504701;"Balbinos";2018;0,237;0,451;0,91;0,721;0,646;0,563;0,598;0,578;0
3504701;"Balbinos";2020;0,225;0,439;0,818;0,722;0,662;0,594;0,568;0,585;1
3504701;"Balbinos";2022;0,207;0,441;0,818;0,697;0,718;0,556;0,581;0,565;0
3504701;"Balbinos";2024;0,276;0,464;0,869;0,716;0,657;0,569;0,601;0,583;0
3504800;"Bálsamo";2014;0,332;0,457;0,825;0,698;0,482;0,449;0,546;0,535;0
3504800;"Bálsamo";2016;0,311;0,438;0,799;0,717;0,549;0,511;0,553;0,555;1
3504800;"Bálsamo";2018;0,342;0,451;0,812;0,721;0,569;0,563;0,574;0,578;1
3504800;"Bálsamo";2020;0,349;0,439;0,79;0,722;0,643;0,594;0,594;0,585;0
3504800;"Bálsamo";2022;0,329;0,441;0,698;0,697;0,679;0,556;0,569;0,565;0
3504800;"Bálsamo";2024;0,366;0,464;0,785;0,716;0,693;0,569;0,615;0,583;0
3504909;"Bananal";2014;0,293;0,457;0,765;0,698;0,247;0,449;0,435;0,535;1
3504909;"Bananal";2016;0,283;0,438;0,812;0,717;0,337;0,511;0,477;0,555;1
3504909;"Bananal";2018;0,285;0,451;0,777;0,721;0,308;0,563;0,457;0,578;1
3504909;"Bananal";2020;0,277;0,439;0,699;0,722;0,318;0,594;0,431;0,585;1
3504909;"Bananal";2022;0,276;0,441;0,706;0,697;0,335;0,556;0,439;0,565;1
3504909;"Bananal";2024;0,296;0,464;0,687;0,716;0,389;0,569;0,457;0,583;1
3505005;"Barão de Antonina";2014;0,242;0,457;0,506;0,698;0,462;0,449;0,403;0,535;1
3505005;"Barão de Antonina";2016;0,23;0,438;0,498;0,717;0,495;0,511;0,408;0,555;1
3505005;"Barão de Antonina";2018;0,245;0,451;0,535;0,721;0,666;0,563;0,482;0,578;1
3505005;"Barão de Antonina";2020;0,244;0,439;0,543;0,722;0,536;0,594;0,441;0,585;1
3505005;"Barão de Antonina";2022;0,243;0,441;0,541;0,697;0,558;0,556;0,447;0,565;1
3505005;"Barão de Antonina";2024;0,256;0,464;0,552;0,716;0,584;0,569;0,464;0,583;1
3505104;"Barbosa";2014;0,294;0,457;0,658;0,698;0,305;0,449;0,419;0,535;1
3505104;"Barbosa";2016;0,273;0,438;0,748;0,717;0,368;0,511;0,463;0,555;1
3505104;"Barbosa";2018;0,293;0,451;0,705;0,721;0,512;0,563;0,503;0,578;1
3505104;"Barbosa";2020;0,29;0,439;0,715;0,722;0,534;0,594;0,513;0,585;1
3505104;"Barbosa";2022;0,304;0,441;0,667;0,697;0,506;0,556;0,492;0,565;1
3505104;"Barbosa";2024;0,338;0,464;0,667;0,716;0,49;0,569;0,498;0,583;1
3505203;"Bariri";2014;0,397;0,457;0,686;0,698;0,53;0,449;0,538;0,535;0
3505203;"Bariri";2016;0,394;0,438;0,769;0,717;0,596;0,511;0,586;0,555;0
3505203;"Bariri";2018;0,396;0,451;0,74;0,721;0,648;0,563;0,595;0,578;0
3505203;"Bariri";2020;0,399;0,439;0,727;0,722;0,672;0,594;0,599;0,585;0
3505203;"Bariri";2022;0,41;0,441;0,676;0,697;0,587;0,556;0,558;0,565;1
3505203;"Bariri";2024;0,44;0,464;0,639;0,716;0,636;0,569;0,572;0,583;1
3505302;"Barra Bonita";2014;0,41;0,457;0,651;0,698;0,527;0,449;0,529;0,535;1
3505302;"Barra Bonita";2016;0,398;0,438;0,708;0,717;0,56;0,511;0,555;0,555;0
3505302;"Barra Bonita";2018;0,404;0,451;0,719;0,721;0,595;0,563;0,573;0,578;1
3505302;"Barra Bonita";2020;0,394;0,439;0,751;0,722;0,592;0,594;0,579;0,585;1
3505302;"Barra Bonita";2022;0,397;0,441;0,682;0,697;0,565;0,556;0,548;0,565;1
3505302;"Barra Bonita";2024;0,43;0,464;0,7;0,716;0,665;0,569;0,598;0,583;0
3505351;"Barra do Chapéu";2014;0,154;0,457;0,697;0,698;0,49;0,449;0,447;0,535;1
3505351;"Barra do Chapéu";2016;0,147;0,438;0,75;0,717;0,449;0,511;0,449;0,555;1
3505351;"Barra do Chapéu";2018;0,168;0,451;0,744;0,721;0,508;0,563;0,473;0,578;1
3505351;"Barra do Chapéu";2020;0,194;0,439;0,738;0,722;0,477;0,594;0,47;0,585;1
3505351;"Barra do Chapéu";2022;0,18;0,441;0,755;0,697;0,464;0,556;0,466;0,565;1
3505351;"Barra do Chapéu";2024;0,203;0,464;0,716;0,716;0,586;0,569;0,502;0,583;1
3505401;"Barra do Turvo";2014;0,201;0,457;0,595;0,698;0,21;0,449;0,335;0,535;1
3505401;"Barra do Turvo";2016;0,187;0,438;0,761;0,717;0,313;0,511;0,42;0,555;1
3505401;"Barra do Turvo";2018;0,221;0,451;0,692;0,721;0,328;0,563;0,414;0,578;1
3505401;"Barra do Turvo";2020;0,213;0,439;0,659;0,722;0,356;0,594;0,409;0,585;1
3505401;"Barra do Turvo";2022;0,226;0,441;0,621;0,697;0,397;0,556;0,415;0,565;1
3505401;"Barra do Turvo";2024;0,256;0,464;0,57;0,716;0,414;0,569;0,413;0,583;1
3505500;"Barretos";2014;0,434;0,457;0,651;0,698;0,513;0,449;0,533;0,535;1
3505500;"Barretos";2016;0,422;0,438;0,653;0,717;0,591;0,511;0,555;0,555;0
3505500;"Barretos";2018;0,443;0,451;0,646;0,721;0,653;0,563;0,581;0,578;0
3505500;"Barretos";2020;0,44;0,439;0,658;0,722;0,674;0,594;0,591;0,585;0
3505500;"Barretos";2022;0,436;0,441;0,655;0,697;0,64;0,556;0,577;0,565;0
3505500;"Barretos";2024;0,465;0,464;0,728;0,716;0,693;0,569;0,629;0,583;0
3505609;"Barrinha";2014;0,326;0,457;0,68;0,698;0,395;0,449;0,467;0,535;1
3505609;"Barrinha";2016;0,311;0,438;0,706;0,717;0,463;0,511;0,493;0,555;1
3505609;"Barrinha";2018;0,326;0,451;0,699;0,721;0,493;0,563;0,506;0,578;1
3505609;"Barrinha";2020;0,316;0,439;0,66;0,722;0,62;0,594;0,532;0,585;1
3505609;"Barrinha";2022;0,311;0,441;0,716;0,697;0,48;0,556;0,502;0,565;1
3505609;"Barrinha";2024;0,333;0,464;0,767;0,716;0,575;0,569;0,558;0,583;1
3505708;"Barueri";2014;0,653;0,457;0,664;0,698;0,503;0,449;0,607;0,535;0
3505708;"Barueri";2016;0,626;0,438;0,66;0,717;0,561;0,511;0,616;0,555;0
3505708;"Barueri";2018;0,623;0,451;0,691;0,721;0,634;0,563;0,649;0,578;0
3505708;"Barueri";2020;0,607;0,439;0,671;0,722;0,681;0,594;0,653;0,585;0
3505708;"Barueri";2022;0,595;0,441;0,651;0,697;0,64;0,556;0,629;0,565;0
3505708;"Barueri";2024;0,621;0,464;0,746;0,716;0,655;0,569;0,674;0,583;0
3505807;"Bastos";2014;0,418;0,457;0,761;0,698;0,487;0,449;0,555;0,535;0
3505807;"Bastos";2016;0,421;0,438;0,719;0,717;0,59;0,511;0,577;0,555;0
3505807;"Bastos";2018;0,446;0,451;0,704;0,721;0,647;0,563;0,599;0,578;0
3505807;"Bastos";2020;0,44;0,439;0,751;0,722;0,678;0,594;0,623;0,585;0
3505807;"Bastos";2022;0,415;0,441;0,671;0,697;0,577;0,556;0,554;0,565;1
3505807;"Bastos";2024;0,442;0,464;0,718;0,716;0,601;0,569;0,587;0,583;0
3505906;"Batatais";2014;0,394;0,457;0,636;0,698;0,479;0,449;0,503;0,535;1
3505906;"Batatais";2016;0,377;0,438;0,735;0,717;0,548;0,511;0,553;0,555;1
3505906;"Batatais";2018;0,383;0,451;0,726;0,721;0,605;0,563;0,571;0,578;1
3505906;"Batatais";2020;0,386;0,439;0,739;0,722;0,595;0,594;0,573;0,585;1
3505906;"Batatais";2022;0,385;0,441;0,674;0,697;0,58;0,556;0,546;0,565;1
3505906;"Batatais";2024;0,414;0,464;0,706;0,716;0,612;0,569;0,577;0,583;1
3506003;"Bauru";2014;0,442;0,457;0,701;0,698;0,446;0,449;0,53;0,535;1
3506003;"Bauru";2016;0,425;0,438;0,718;0,717;0,524;0,511;0,556;0,555;0
3506003;"Bauru";2018;0,444;0,451;0,732;0,721;0,544;0,563;0,573;0,578;1
3506003;"Bauru";2020;0,431;0,439;0,736;0,722;0,601;0,594;0,589;0,585;0
3506003;"Bauru";2022;0,43;0,441;0,723;0,697;0,526;0,556;0,56;0,565;1
3506003;"Bauru";2024;0,456;0,464;0,757;0,716;0,55;0,569;0,588;0,583;0
3506102;"Bebedouro";2014;0,432;0,457;0,651;0,698;0,489;0,449;0,524;0,535;1
3506102;"Bebedouro";2016;0,423;0,438;0,684;0,717;0,551;0,511;0,553;0,555;1
3506102;"Bebedouro";2018;0,443;0,451;0,671;0,721;0,615;0,563;0,576;0,578;1
3506102;"Bebedouro";2020;0,435;0,439;0,725;0,722;0,632;0,594;0,597;0,585;0
3506102;"Bebedouro";2022;0,434;0,441;0,681;0,697;0,602;0,556;0,572;0,565;0
3506102;"Bebedouro";2024;0,467;0,464;0,695;0,716;0,614;0,569;0,592;0,583;0
3506201;"Bento de Abreu";2014;0,379;0,457;0,861;0,698;0,551;0,449;0,597;0,535;0
3506201;"Bento de Abreu";2016;0,376;0,438;0,821;0,717;0,529;0,511;0,575;0,555;0
3506201;"Bento de Abreu";2018;0,401;0,451;0,845;0,721;0,639;0,563;0,628;0,578;0
3506201;"Bento de Abreu";2020;0,407;0,439;0,781;0,722;0,558;0,594;0,582;0,585;1
3506201;"Bento de Abreu";2022;0,406;0,441;0,795;0,697;0,606;0,556;0,602;0,565;0
3506201;"Bento de Abreu";2024;0,43;0,464;0,684;0,716;0,631;0,569;0,582;0,583;1
3506300;"Bernardino de Campos";2014;0,359;0,457;0,74;0,698;0,509;0,449;0,536;0,535;0
3506300;"Bernardino de Campos";2016;0,336;0,438;0,612;0,717;0,525;0,511;0,491;0,555;1
3506300;"Bernardino de Campos";2018;0,354;0,451;0,614;0,721;0,603;0,563;0,524;0,578;1
3506300;"Bernardino de Campos";2020;0,374;0,439;0,64;0,722;0,585;0,594;0,533;0,585;1
3506300;"Bernardino de Campos";2022;0,382;0,441;0,735;0,697;0,546;0,556;0,554;0,565;1
3506300;"Bernardino de Campos";2024;0,419;0,464;0,733;0,716;0,605;0,569;0,586;0,583;0
3506359;"Bertioga";2014;0,575;0,457;0,609;0,698;0,363;0,449;0,516;0,535;1
3506359;"Bertioga";2016;0,559;0,438;0,639;0,717;0,44;0,511;0,546;0,555;1
3506359;"Bertioga";2018;0,548;0,451;0,653;0,721;0,483;0,563;0,561;0,578;1
3506359;"Bertioga";2020;0,553;0,439;0,672;0,722;0,551;0,594;0,592;0,585;0
3506359;"Bertioga";2022;0,519;0,441;0,633;0,697;0,508;0,556;0,553;0,565;1
3506359;"Bertioga";2024;0,552;0,464;0,587;0,716;0,519;0,569;0,553;0,583;1
3506409;"Bilac";2014;0,341;0,457;0,748;0,698;0,569;0,449;0,553;0,535;0
3506409;"Bilac";2016;0,334;0,438;0,706;0,717;0,633;0,511;0,558;0,555;0
3506409;"Bilac";2018;0,344;0,451;0,75;0,721;0,661;0,563;0,585;0,578;0
3506409;"Bilac";2020;0,354;0,439;0,774;0,722;0,728;0,594;0,619;0,585;0
3506409;"Bilac";2022;0,347;0,441;0,713;0,697;0,638;0,556;0,566;0,565;0
3506409;"Bilac";2024;0,365;0,464;0,75;0,716;0,659;0,569;0,591;0,583;0
3506508;"Birigui";2014;0,391;0,457;0,74;0,698;0,649;0,449;0,593;0,535;0
3506508;"Birigui";2016;0,377;0,438;0,721;0,717;0,681;0,511;0,593;0,555;0
3506508;"Birigui";2018;0,399;0,451;0,706;0,721;0,742;0,563;0,616;0,578;0
3506508;"Birigui";2020;0,387;0,439;0,711;0,722;0,742;0,594;0,613;0,585;0
3506508;"Birigui";2022;0,385;0,441;0,706;0,697;0,683;0,556;0,591;0,565;0
3506508;"Birigui";2024;0,413;0,464;0,729;0,716;0,712;0,569;0,618;0,583;0
3506607;"Biritiba Mirim";2014;0,333;0,457;0,641;0,698;0,343;0,449;0,439;0,535;1
3506607;"Biritiba Mirim";2016;0,321;0,438;0,729;0,717;0,421;0,511;0,49;0,555;1
3506607;"Biritiba Mirim";2018;0,344;0,451;0,785;0,721;0,479;0,563;0,536;0,578;1
3506607;"Biritiba Mirim";2020;0,357;0,439;0,712;0,722;0,499;0,594;0,523;0,585;1
3506607;"Biritiba Mirim";2022;0,351;0,441;0,693;0,697;0,443;0,556;0,496;0,565;1
3506607;"Biritiba Mirim";2024;0,378;0,464;0,739;0,716;0,446;0,569;0,521;0,583;1
3506706;"Boa Esperança do Sul";2014;0,411;0,457;0,674;0,698;0,381;0,449;0,489;0,535;1
3506706;"Boa Esperança do Sul";2016;0,399;0,438;0,691;0,717;0,317;0,511;0,469;0,555;1
3506706;"Boa Esperança do Sul";2018;0,399;0,451;0,727;0,721;0,388;0,563;0,505;0,578;1
3506706;"Boa Esperança do Sul";2020;0,394;0,439;0,632;0,722;0,433;0,594;0,486;0,585;1
3506706;"Boa Esperança do Sul";2022;0,395;0,441;0,726;0,697;0,393;0,556;0,505;0,565;1
3506706;"Boa Esperança do Sul";2024;0,451;0,464;0,626;0,716;0,427;0,569;0,501;0,583;1
3506805;"Bocaina";2014;0,397;0,457;0,78;0,698;0,471;0,449;0,549;0,535;0
3506805;"Bocaina";2016;0,413;0,438;0,673;0,717;0,433;0,511;0,506;0,555;1
3506805;"Bocaina";2018;0,356;0,451;0,569;0,721;0,551;0,563;0,492;0,578;1
3506805;"Bocaina";2020;0,348;0,439;0,687;0,722;0,563;0,594;0,533;0,585;1
3506805;"Bocaina";2022;0,353;0,441;0,566;0,697;0,567;0,556;0,495;0,565;1
3506805;"Bocaina";2024;0,372;0,464;0,7;0,716;0,53;0,569;0,534;0,583;1
3506904;"Bofete";2014;0,286;0,457;0,668;0,698;0,401;0,449;0,452;0,535;1
3506904;"Bofete";2016;0,272;0,438;0,863;0,717;0,437;0,511;0,524;0,555;1
3506904;"Bofete";2018;0,327;0,451;0,822;0,721;0,46;0,563;0,536;0,578;1
3506904;"Bofete";2020;0,322;0,439;0,779;0,722;0,479;0,594;0,527;0,585;1
3506904;"Bofete";2022;0,309;0,441;0,781;0,697;0,419;0,556;0,503;0,565;1
3506904;"Bofete";2024;0,344;0,464;0,665;0,716;0,513;0,569;0,507;0,583;1
3507001;"Boituva";2014;0,455;0,457;0,708;0,698;0,491;0,449;0,551;0,535;0
3507001;"Boituva";2016;0,455;0,438;0,737;0,717;0,588;0,511;0,593;0,555;0
3507001;"Boituva";2018;0,474;0,451;0,732;0,721;0,608;0,563;0,605;0,578;0
3507001;"Boituva";2020;0,472;0,439;0,722;0,722;0,612;0,594;0,602;0,585;0
3507001;"Boituva";2022;0,476;0,441;0,681;0,697;0,604;0,556;0,587;0,565;0
3507001;"Boituva";2024;0,366;0,464;0,715;0,716;0,622;0,569;0,568;0,583;1
3507100;"Bom Jesus dos Perdões";2014;0,341;0,457;0,769;0,698;0,487;0,449;0,532;0,535;1
3507100;"Bom Jesus dos Perdões";2016;0,34;0,438;0,732;0,717;0,522;0,511;0,531;0,555;1
3507100;"Bom Jesus dos Perdões";2018;0,387;0,451;0,761;0,721;0,578;0,563;0,575;0,578;1
3507100;"Bom Jesus dos Perdões";2020;0,37;0,439;0,705;0,722;0,572;0,594;0,549;0,585;1
3507100;"Bom Jesus dos Perdões";2022;0,39;0,441;0,645;0,697;0,552;0,556;0,529;0,565;1
3507100;"Bom Jesus dos Perdões";2024;0,417;0,464;0,743;0,716;0,557;0,569;0,572;0,583;1
3507159;"Bom Sucesso de Itararé";2014;0,221;0,457;0,424;0,698;0,366;0,449;0,337;0,535;1
3507159;"Bom Sucesso de Itararé";2016;0,194;0,438;0,61;0,717;0,45;0,511;0,418;0,555;1
3507159;"Bom Sucesso de Itararé";2018;0,226;0,451;0,575;0,721;0,426;0,563;0,409;0,578;1
3507159;"Bom Sucesso de Itararé";2020;0,22;0,439;0,666;0,722;0,59;0,594;0,492;0,585;1
3507159;"Bom Sucesso de Itararé";2022;0,223;0,441;0,754;0,697;0,477;0,556;0,485;0,565;1
3507159;"Bom Sucesso de Itararé";2024;0,235;0,464;0,771;0,716;0,542;0,569;0,516;0,583;1
3507209;"Borá";2014;0,466;0,457;0,769;0,698;0,654;0,449;0,63;0,535;0
3507209;"Borá";2016;0,45;0,438;0,756;0,717;0,643;0,511;0,616;0,555;0
3507209;"Borá";2018;0,462;0,451;0,773;0,721;0,629;0,563;0,621;0,578;0
3507209;"Borá";2020;0,446;0,439;0,841;0,722;0,577;0,594;0,621;0,585;0
3507209;"Borá";2022;0,438;0,441;0,769;0,697;0,493;0,556;0,567;0,565;0
3507209;"Borá";2024;0,446;0,464;0,862;0,716;0,749;0,569;0,686;0,583;0
3507308;"Boracéia";2014;0,41;0,457;0,559;0,698;0,512;0,449;0,494;0,535;1
3507308;"Boracéia";2016;0,402;0,438;0,687;0,717;0,56;0,511;0,55;0,555;1
3507308;"Boracéia";2018;0,446;0,451;0,634;0,721;0,69;0,563;0,59;0,578;0
3507308;"Boracéia";2020;0,448;0,439;0,566;0,722;0,67;0,594;0,561;0,585;1
3507308;"Boracéia";2022;0,447;0,441;0,533;0,697;0,622;0,556;0,534;0,565;1
3507308;"Boracéia";2024;0,489;0,464;0,578;0,716;0,595;0,569;0,554;0,583;1
3507407;"Borborema";2014;0,333;0,457;0,69;0,698;0,434;0,449;0,486;0,535;1
3507407;"Borborema";2016;0,317;0,438;0,791;0,717;0,547;0,511;0,552;0,555;1
3507407;"Borborema";2018;0,348;0,451;0,778;0,721;0,569;0,563;0,565;0,578;1
3507407;"Borborema";2020;0,382;0,439;0,705;0,722;0,643;0,594;0,577;0,585;1
3507407;"Borborema";2022;0,383;0,441;0,676;0,697;0,578;0,556;0,546;0,565;1
3507407;"Borborema";2024;0,375;0,464;0,674;0,716;0,616;0,569;0,555;0,583;1
3507456;"Borebi";2014;0,328;0,457;0,773;0,698;0,454;0,449;0,518;0,535;1
3507456;"Borebi";2016;0,324;0,438;0,831;0,717;0,501;0,511;0,552;0,555;1
3507456;"Borebi";2018;0,358;0,451;0,798;0,721;0,602;0,563;0,586;0,578;0
3507456;"Borebi";2020;0,343;0,439;0,765;0,722;0,57;0,594;0,559;0,585;1
3507456;"Borebi";2022;0,34;0,441;0,615;0,697;0,553;0,556;0,503;0,565;1
3507456;"Borebi";2024;0,382;0,464;0,667;0,716;0,582;0,569;0,544;0,583;1
3507506;"Botucatu";2014;0,414;0,457;0,714;0,698;0,484;0,449;0,537;0,535;0
3507506;"Botucatu";2016;0,398;0,438;0,679;0,717;0,549;0,511;0,542;0,555;1
3507506;"Botucatu";2018;0,416;0,451;0,693;0,721;0,585;0,563;0,565;0,578;1
3507506;"Botucatu";2020;0,403;0,439;0,73;0,722;0,582;0,594;0,572;0,585;1
3507506;"Botucatu";2022;0,406;0,441;0,73;0,697;0,567;0,556;0,568;0,565;0
3507506;"Botucatu";2024;0,436;0,464;0,735;0,716;0,599;0,569;0,59;0,583;0
3507605;"Bragança Paulista";2014;0,402;0,457;0,719;0,698;0,44;0,449;0,52;0,535;1
3507605;"Bragança Paulista";2016;0,387;0,438;0,707;0,717;0,502;0,511;0,532;0,555;1
3507605;"Bragança Paulista";2018;0,411;0,451;0,728;0,721;0,588;0,563;0,576;0,578;1
3507605;"Bragança Paulista";2020;0,404;0,439;0,72;0,722;0,597;0,594;0,574;0,585;1
3507605;"Bragança Paulista";2022;0,402;0,441;0,692;0,697;0,586;0,556;0,56;0,565;1
3507605;"Bragança Paulista";2024;0,42;0,464;0,727;0,716;0,6;0,569;0,582;0,583;1
3507704;"Braúna";2014;0,271;0,457;0,815;0,698;0,433;0,449;0,506;0,535;1
3507704;"Braúna";2016;0,266;0,438;0,874;0,717;0,587;0,511;0,576;0,555;0
3507704;"Braúna";2018;0,297;0,451;0,876;0,721;0,597;0,563;0,59;0,578;0
3507704;"Braúna";2020;0,29;0,439;0,832;0,722;0,621;0,594;0,581;0,585;1
3507704;"Braúna";2022;0,278;0,441;0,722;0,697;0,545;0,556;0,515;0,565;1
3507704;"Braúna";2024;0,306;0,464;0,668;0,716;0,675;0,569;0,55;0,583;1
3507753;"Brejo Alegre";2014;0,498;0,457;0,698;0,698;0,557;0,449;0,584;0,535;0
3507753;"Brejo Alegre";2016;0,479;0,438;0,58;0,717;0,544;0,511;0,534;0,555;1
3507753;"Brejo Alegre";2018;0,35;0,451;0,592;0,721;0,634;0,563;0,525;0,578;1
3507753;"Brejo Alegre";2020;0,312;0,439;0,561;0,722;0,674;0,594;0,516;0,585;1
3507753;"Brejo Alegre";2022;0,327;0,441;0,523;0,697;0,633;0,556;0,494;0,565;1
3507753;"Brejo Alegre";2024;0,354;0,464;0,497;0,716;0,686;0,569;0,512;0,583;1
3507803;"Brodowski";2014;0,35;0,457;0,769;0,698;0,434;0,449;0,518;0,535;1
3507803;"Brodowski";2016;0,343;0,438;0,754;0,717;0,49;0,511;0,529;0,555;1
3507803;"Brodowski";2018;0,364;0,451;0,774;0,721;0,595;0,563;0,578;0,578;1
3507803;"Brodowski";2020;0,368;0,439;0,705;0,722;0,529;0,594;0,534;0,585;1
3507803;"Brodowski";2022;0,357;0,441;0,658;0,697;0,511;0,556;0,509;0,565;1
3507803;"Brodowski";2024;0,383;0,464;0,788;0,716;0,512;0,569;0,561;0,583;1
3507902;"Brotas";2014;0,403;0,457;0,665;0,698;0,432;0,449;0,5;0,535;1
3507902;"Brotas";2016;0,39;0,438;0,708;0,717;0,514;0,511;0,537;0,555;1
3507902;"Brotas";2018;0,417;0,451;0,782;0,721;0,523;0,563;0,574;0,578;1
3507902;"Brotas";2020;0,428;0,439;0,781;0,722;0,563;0,594;0,591;0,585;0
3507902;"Brotas";2022;0,417;0,441;0,66;0,697;0,521;0,556;0,533;0,565;1
3507902;"Brotas";2024;0,447;0,464;0,755;0,716;0,587;0,569;0,596;0,583;0
3508009;"Buri";2014;0,317;0,457;0,629;0,698;0,387;0,449;0,444;0,535;1
3508009;"Buri";2016;0,295;0,438;0,65;0,717;0,47;0,511;0,472;0,555;1
3508009;"Buri";2018;0,319;0,451;0,657;0,721;0,521;0,563;0,499;0,578;1
3508009;"Buri";2020;0,344;0,439;0,644;0,722;0,56;0,594;0,516;0,585;1
3508009;"Buri";2022;0,326;0,441;0,673;0,697;0,501;0,556;0,5;0,565;1
3508009;"Buri";2024;0,354;0,464;0,628;0,716;0,607;0,569;0,53;0,583;1
3508108;"Buritama";2014;0,344;0,457;0,724;0,698;0,494;0,449;0,521;0,535;1
3508108;"Buritama";2016;0,331;0,438;0,707;0,717;0,619;0,511;0,552;0,555;1
3508108;"Buritama";2018;0,377;0,451;0,726;0,721;0,622;0,563;0,575;0,578;1
3508108;"Buritama";2020;0,376;0,439;0,717;0,722;0,659;0,594;0,584;0,585;1
3508108;"Buritama";2022;0,35;0,441;0,757;0,697;0,579;0,556;0,562;0,565;1
3508108;"Buritama";2024;0,39;0,464;0,695;0,716;0,595;0,569;0,56;0,583;1
3508207;"Buritizal";2014;0,42;0,457;0,72;0,698;0,431;0,449;0,524;0,535;1
3508207;"Buritizal";2016;0,41;0,438;0,687;0,717;0,533;0,511;0,543;0,555;1
3508207;"Buritizal";2018;0,402;0,451;0,702;0,721;0,661;0,563;0,588;0,578;0
3508207;"Buritizal";2020;0,394;0,439;0,729;0,722;0,623;0,594;0,582;0,585;1
3508207;"Buritizal";2022;0,381;0,441;0,813;0,697;0,715;0,556;0,636;0,565;0
3508207;"Buritizal";2024;0,404;0,464;0,823;0,716;0,583;0,569;0,603;0,583;0
3508306;"Cabrália Paulista";2014;0,335;0,457;0,555;0,698;0,478;0,449;0,456;0,535;1
3508306;"Cabrália Paulista";2016;0,313;0,438;0,731;0,717;0,42;0,511;0,488;0,555;1
3508306;"Cabrália Paulista";2018;0,316;0,451;0,679;0,721;0,561;0,563;0,519;0,578;1
3508306;"Cabrália Paulista";2020;0,312;0,439;0,653;0,722;0,558;0,594;0,508;0,585;1
3508306;"Cabrália Paulista";2022;0,321;0,441;0,569;0,697;0,485;0,556;0,458;0,565;1
3508306;"Cabrália Paulista";2024;0,382;0,464;0,538;0,716;0,601;0,569;0,507;0,583;1
3508405;"Cabreúva";2014;0,481;0,457;0,712;0,698;0,474;0,449;0,556;0,535;0
3508405;"Cabreúva";2016;0,459;0,438;0,657;0,717;0,492;0,511;0,536;0,555;1
3508405;"Cabreúva";2018;0,478;0,451;0,684;0,721;0,565;0,563;0,576;0,578;1
3508405;"Cabreúva";2020;0,464;0,439;0,713;0,722;0,552;0,594;0,576;0,585;1
3508405;"Cabreúva";2022;0,474;0,441;0,705;0,697;0,572;0,556;0,584;0,565;0
3508405;"Cabreúva";2024;0,504;0,464;0,724;0,716;0,581;0,569;0,603;0,583;0
3508504;"Caçapava";2014;0,412;0,457;0,708;0,698;0,429;0,449;0,516;0,535;1
3508504;"Caçapava";2016;0,391;0,438;0,749;0,717;0,494;0,511;0,545;0,555;1
3508504;"Caçapava";2018;0,422;0,451;0,749;0,721;0,515;0,563;0,562;0,578;1
3508504;"Caçapava";2020;0,414;0,439;0,717;0,722;0,565;0,594;0,565;0,585;1
3508504;"Caçapava";2022;0,4;0,441;0,717;0,697;0,504;0,556;0,54;0,565;1
3508504;"Caçapava";2024;0,424;0,464;0,719;0,716;0,543;0,569;0,562;0,583;1
3508603;"Cachoeira Paulista";2014;0,342;0,457;0,702;0,698;0,362;0,449;0,469;0,535;1
3508603;"Cachoeira Paulista";2016;0,328;0,438;0,653;0,717;0,407;0,511;0,463;0,555;1
3508603;"Cachoeira Paulista";2018;0,339;0,451;0,667;0,721;0,486;0,563;0,497;0,578;1
3508603;"Cachoeira Paulista";2020;0,325;0,439;0,678;0,722;0,514;0,594;0,506;0,585;1
3508603;"Cachoeira Paulista";2022;0,326;0,441;0,601;0,697;0,481;0,556;0,469;0,565;1
3508603;"Cachoeira Paulista";2024;0,356;0,464;0,695;0,716;0,487;0,569;0,513;0,583;1
3508702;"Caconde";2014;0,265;0,457;0,766;0,698;0,472;0,449;0,501;0,535;1
3508702;"Caconde";2016;0,26;0,438;0,791;0,717;0,516;0,511;0,522;0,555;1
3508702;"Caconde";2018;0,283;0,451;0,782;0,721;0,525;0,563;0,53;0,578;1
3508702;"Caconde";2020;0,286;0,439;0,778;0,722;0,558;0,594;0,541;0,585;1
3508702;"Caconde";2022;0,295;0,441;0,744;0,697;0,514;0,556;0,518;0,565;1
3508702;"Caconde";2024;0,308;0,464;0,648;0,716;0,565;0,569;0,507;0,583;1
3508801;"Cafelândia";2014;0,346;0,457;0,658;0,698;0,4;0,449;0,468;0,535;1
3508801;"Cafelândia";2016;0,345;0,438;0,821;0,717;0,423;0,511;0,53;0,555;1
3508801;"Cafelândia";2018;0,379;0,451;0,749;0,721;0,491;0,563;0,54;0,578;1
3508801;"Cafelândia";2020;0,379;0,439;0,677;0,722;0,521;0,594;0,526;0,585;1
3508801;"Cafelândia";2022;0,379;0,441;0,61;0,697;0,453;0,556;0,481;0,565;1
3508801;"Cafelândia";2024;0,419;0,464;0,635;0,716;0,508;0,569;0,521;0,583;1
3508900;"Caiabu";2014;0,231;0,457;0,729;0,698;0,539;0,449;0,5;0,535;1
3508900;"Caiabu";2016;0,223;0,438;0,825;0,717;0,464;0,511;0,504;0,555;1
3508900;"Caiabu";2018;0,243;0,451;0,802;0,721;0,518;0,563;0,521;0,578;1
3508900;"Caiabu";2020;0,272;0,439;0,776;0,722;0,554;0,594;0,534;0,585;1
3508900;"Caiabu";2022;0,252;0,441;0,578;0,697;0,522;0,556;0,451;0,565;1
3508900;"Caiabu";2024;0,255;0,464;0,643;0,716;0,584;0,569;0,494;0,583;1
3509007;"Caieiras";2014;0,432;0,457;0,665;0,698;0,459;0,449;0,519;0,535;1
3509007;"Caieiras";2016;0,38;0,438;0,68;0,717;0,54;0,511;0,533;0,555;1
3509007;"Caieiras";2018;0,399;0,451;0,706;0,721;0,591;0,563;0,565;0,578;1
3509007;"Caieiras";2020;0,387;0,439;0,735;0,722;0,617;0,594;0,58;0,585;1
3509007;"Caieiras";2022;0,391;0,441;0,641;0,697;0,581;0,556;0,538;0,565;1
3509007;"Caieiras";2024;0,416;0,464;0,605;0,716;0,59;0,569;0,537;0,583;1
3509106;"Caiuá";2014;0,248;0,457;0,681;0,698;0,382;0,449;0,437;0,535;1
3509106;"Caiuá";2016;0,226;0,438;0,698;0,717;0,444;0,511;0,456;0,555;1
3509106;"Caiuá";2018;0,235;0,451;0,686;0,721;0,481;0,563;0,467;0,578;1
3509106;"Caiuá";2020;0,231;0,439;0,734;0,722;0,507;0,594;0,491;0,585;1
3509106;"Caiuá";2022;0,23;0,441;0,835;0,697;0,571;0,556;0,545;0,565;1
3509106;"Caiuá";2024;0,289;0,464;0,817;0,716;0,51;0,569;0,539;0,583;1
3509205;"Cajamar";2014;0,579;0,457;0,687;0,698;0,382;0,449;0,549;0,535;0
3509205;"Cajamar";2016;0,558;0,438;0,693;0,717;0,432;0,511;0,561;0,555;0
3509205;"Cajamar";2018;0,573;0,451;0,702;0,721;0,505;0,563;0,593;0,578;0
3509205;"Cajamar";2020;0,583;0,439;0,692;0,722;0,554;0,594;0,61;0,585;0
3509205;"Cajamar";2022;0,57;0,441;0,64;0,697;0,528;0,556;0,579;0,565;0
3509205;"Cajamar";2024;0,597;0,464;0,675;0,716;0,579;0,569;0,617;0,583;0
3509254;"Cajati";2014;0,337;0,457;0,626;0,698;0,367;0,449;0,443;0,535;1
3509254;"Cajati";2016;0,32;0,438;0,645;0,717;0,465;0,511;0,477;0,555;1
3509254;"Cajati";2018;0,353;0,451;0,728;0,721;0,472;0,563;0,518;0,578;1
3509254;"Cajati";2020;0,346;0,439;0,742;0,722;0,579;0,594;0,556;0,585;1
3509254;"Cajati";2022;0,34;0,441;0,685;0,697;0,474;0,556;0,5;0,565;1
3509254;"Cajati";2024;0,358;0,464;0,65;0,716;0,524;0,569;0,511;0,583;1
3509304;"Cajobi";2014;0,307;0,457;0,591;0,698;0,632;0,449;0,51;0,535;1
3509304;"Cajobi";2016;0,296;0,438;0,669;0,717;0,65;0,511;0,538;0,555;1
3509304;"Cajobi";2018;0,319;0,451;0,777;0,721;0,776;0,563;0,624;0,578;0
3509304;"Cajobi";2020;0,336;0,439;0,731;0,722;0,708;0,594;0,592;0,585;0
3509304;"Cajobi";2022;0,334;0,441;0,725;0,697;0,669;0,556;0,576;0,565;0
3509304;"Cajobi";2024;0,374;0,464;0,763;0,716;0,67;0,569;0,602;0,583;0
3509403;"Cajuru";2014;0,334;0,457;0,689;0,698;0,447;0,449;0,49;0,535;1
3509403;"Cajuru";2016;0,322;0,438;0,761;0,717;0,467;0,511;0,517;0,555;1
3509403;"Cajuru";2018;0,339;0,451;0,742;0,721;0,524;0,563;0,535;0,578;1
3509403;"Cajuru";2020;0,34;0,439;0,749;0,722;0,518;0,594;0,536;0,585;1
3509403;"Cajuru";2022;0,344;0,441;0,663;0,697;0,43;0,556;0,479;0,565;1
3509403;"Cajuru";2024;0,378;0,464;0,646;0,716;0,457;0,569;0,494;0,583;1
3509452;"Campina do Monte Alegre";2014;0,265;0,457;0,604;0,698;0,404;0,449;0,424;0,535;1
3509452;"Campina do Monte Alegre";2016;0,256;0,438;0,678;0,717;0,505;0,511;0,48;0,555;1
3509452;"Campina do Monte Alegre";2018;0,295;0,451;0,651;0,721;0,497;0,563;0,481;0,578;1
3509452;"Campina do Monte Alegre";2020;0,297;0,439;0,742;0,722;0,511;0,594;0,517;0,585;1
3509452;"Campina do Monte Alegre";2022;0,298;0,441;0,683;0,697;0,478;0,556;0,486;0,565;1
3509452;"Campina do Monte Alegre";2024;0,323;0,464;0,751;0,716;0,535;0,569;0,536;0,583;1
3509502;"Campinas";2014;0,493;0,457;0,754;0,698;0,443;0,449;0,563;0,535;0
3509502;"Campinas";2016;0,476;0,438;0,765;0,717;0,511;0,511;0,584;0,555;0
3509502;"Campinas";2018;0,486;0,451;0,765;0,721;0,56;0,563;0,604;0,578;0
3509502;"Campinas";2020;0,469;0,439;0,775;0,722;0,594;0,594;0,613;0,585;0
3509502;"Campinas";2022;0,478;0,441;0,737;0,697;0,547;0,556;0,587;0,565;0
3509502;"Campinas";2024;0,502;0,464;0,755;0,716;0,542;0,569;0,6;0,583;0
3509601;"Campo Limpo Paulista";2014;0,385;0,457;0,693;0,698;0,433;0,449;0,504;0,535;1
3509601;"Campo Limpo Paulista";2016;0,363;0,438;0,678;0,717;0,473;0,511;0,505;0,555;1
3509601;"Campo Limpo Paulista";2018;0,382;0,451;0,721;0,721;0,52;0,563;0,541;0,578;1
3509601;"Campo Limpo Paulista";2020;0,364;0,439;0,739;0,722;0,53;0,594;0,544;0,585;1
3509601;"Campo Limpo Paulista";2022;0,373;0,441;0,683;0,697;0,493;0,556;0,516;0,565;1
3509601;"Campo Limpo Paulista";2024;0,393;0,464;0,729;0,716;0,535;0,569;0,552;0,583;1
3509700;"Campos do Jordão";2014;0,424;0,457;0,55;0,698;0,536;0,449;0,503;0,535;1
3509700;"Campos do Jordão";2016;0,406;0,438;0,619;0,717;0,564;0,511;0,53;0,555;1
3509700;"Campos do Jordão";2018;0,434;0,451;0,689;0,721;0,671;0,563;0,598;0,578;0
3509700;"Campos do Jordão";2020;0,417;0,439;0,684;0,722;0,662;0,594;0,588;0,585;0
3509700;"Campos do Jordão";2022;0,432;0,441;0,692;0,697;0,609;0,556;0,578;0,565;0
3509700;"Campos do Jordão";2024;0,442;0,464;0,668;0,716;0,646;0,569;0,585;0,583;0
3509809;"Campos Novos Paulista";2014;0,293;0,457;0,682;0,698;0,397;0,449;0,457;0,535;1
3509809;"Campos Novos Paulista";2016;0,285;0,438;0,575;0,717;0,495;0,511;0,452;0,555;1
3509809;"Campos Novos Paulista";2018;0,305;0,451;0,65;0,721;0,599;0,563;0,518;0,578;1
3509809;"Campos Novos Paulista";2020;0,329;0,439;0,665;0,722;0,555;0,594;0,516;0,585;1
3509809;"Campos Novos Paulista";2022;0,323;0,441;0,625;0,697;0,591;0,556;0,513;0,565;1
3509809;"Campos Novos Paulista";2024;0,366;0,464;0,655;0,716;0,556;0,569;0,526;0,583;1
3509908;"Cananéia";2014;0,339;0,457;0,725;0,698;0,375;0,449;0,48;0,535;1
3509908;"Cananéia";2016;0,287;0,438;0,686;0,717;0,481;0,511;0,485;0,555;1
3509908;"Cananéia";2018;0,32;0,451;0,714;0,721;0,488;0,563;0,507;0,578;1
3509908;"Cananéia";2020;0,304;0,439;0,716;0,722;0,511;0,594;0,51;0,585;1
3509908;"Cananéia";2022;0,303;0,441;0,646;0,697;0,51;0,556;0,486;0,565;1
3509908;"Cananéia";2024;0,326;0,464;0,609;0,716;0,467;0,569;0,467;0,583;1
3509957;"Canas";2014;0,376;0,457;0,559;0,698;0,401;0,449;0,445;0,535;1
3509957;"Canas";2016;0,344;0,438;0,519;0,717;0,478;0,511;0,447;0,555;1
3509957;"Canas";2018;0,323;0,451;0,58;0,721;0,479;0,563;0,461;0,578;1
3509957;"Canas";2020;0,311;0,439;0,54;0,722;0,519;0,594;0,457;0,585;1
3509957;"Canas";2022;0,321;0,441;0,493;0,697;0,448;0,556;0,421;0,565;1
3509957;"Canas";2024;0,341;0,464;0,578;0,716;0,467;0,569;0,462;0,583;1
3510005;"Cândido Mota";2014;0,346;0,457;0,654;0,698;0,575;0,449;0,525;0,535;1
3510005;"Cândido Mota";2016;0,341;0,438;0,721;0,717;0,626;0,511;0,563;0,555;0
3510005;"Cândido Mota";2018;0,372;0,451;0,685;0,721;0,619;0,563;0,559;0,578;1
3510005;"Cândido Mota";2020;0,377;0,439;0,707;0,722;0,635;0,594;0,573;0,585;1
3510005;"Cândido Mota";2022;0,384;0,441;0,702;0,697;0,578;0,556;0,555;0,565;1
3510005;"Cândido Mota";2024;0,416;0,464;0,756;0,716;0,65;0,569;0,607;0,583;0
3510104;"Cândido Rodrigues";2014;0,357;0,457;0,548;0,698;0,587;0,449;0,497;0,535;1
3510104;"Cândido Rodrigues";2016;0,345;0,438;0,573;0,717;0,66;0,511;0,526;0,555;1
3510104;"Cândido Rodrigues";2018;0,382;0,451;0,606;0,721;0,684;0,563;0,557;0,578;1
3510104;"Cândido Rodrigues";2020;0,405;0,439;0,625;0,722;0,664;0,594;0,565;0,585;1
3510104;"Cândido Rodrigues";2022;0,351;0,441;0,735;0,697;0,663;0,556;0,583;0,565;0
3510104;"Cândido Rodrigues";2024;0,411;0,464;0,77;0,716;0,604;0,569;0,595;0,583;0
3510153;"Canitar";2014;0,312;0,457;0,621;0,698;0,352;0,449;0,428;0,535;1
3510153;"Canitar";2016;0,286;0,438;0,634;0,717;0,488;0,511;0,469;0,555;1
3510153;"Canitar";2018;0,313;0,451;0,652;0,721;0,521;0,563;0,495;0,578;1
3510153;"Canitar";2020;0,262;0,439;0,759;0,722;0,565;0,594;0,529;0,585;1
3510153;"Canitar";2022;0,246;0,441;0,637;0,697;0,465;0,556;0,449;0,565;1
3510153;"Canitar";2024;0,26;0,464;0,725;0,716;0,541;0,569;0,509;0,583;1
3510203;"Capão Bonito";2014;0,289;0,457;0,596;0,698;0,47;0,449;0,452;0,535;1
3510203;"Capão Bonito";2016;0,284;0,438;0,689;0,717;0,596;0,511;0,523;0,555;1
3510203;"Capão Bonito";2018;0,295;0,451;0,665;0,721;0,592;0,563;0,517;0,578;1
3510203;"Capão Bonito";2020;0,296;0,439;0,689;0,722;0,64;0,594;0,542;0,585;1
3510203;"Capão Bonito";2022;0,294;0,441;0,671;0,697;0,581;0,556;0,515;0,565;1
3510203;"Capão Bonito";2024;0,317;0,464;0,67;0,716;0,625;0,569;0,537;0,583;1
3510302;"Capela do Alto";2014;0,334;0,457;0,729;0,698;0,397;0,449;0,487;0,535;1
3510302;"Capela do Alto";2016;0,314;0,438;0,701;0,717;0,541;0,511;0,519;0,555;1
3510302;"Capela do Alto";2018;0,329;0,451;0,742;0,721;0,521;0,563;0,531;0,578;1
3510302;"Capela do Alto";2020;0,333;0,439;0,717;0,722;0,527;0,594;0,526;0,585;1
3510302;"Capela do Alto";2022;0,333;0,441;0,648;0,697;0,511;0,556;0,497;0,565;1
3510302;"Capela do Alto";2024;0,359;0,464;0,75;0,716;0,554;0,569;0,554;0,583;1
3510401;"Capivari";2014;0,422;0,457;0,671;0,698;0,498;0,449;0,53;0,535;1
3510401;"Capivari";2016;0,395;0,438;0,719;0,717;0,512;0,511;0,542;0,555;1
3510401;"Capivari";2018;0,418;0,451;0,721;0,721;0,604;0,563;0,581;0,578;0
3510401;"Capivari";2020;0,41;0,439;0,805;0,722;0,61;0,594;0,608;0,585;0
3510401;"Capivari";2022;0,427;0,441;0,657;0,697;0,544;0,556;0,543;0,565;1
3510401;"Capivari";2024;0,458;0,464;0,681;0,716;0,593;0,569;0,577;0,583;1
3510500;"Caraguatatuba";2014;0,441;0,457;0,655;0,698;0,498;0,449;0,531;0,535;1
3510500;"Caraguatatuba";2016;0,421;0,438;0,652;0,717;0,581;0,511;0,551;0,555;1
3510500;"Caraguatatuba";2018;0,437;0,451;0,69;0,721;0,618;0,563;0,582;0,578;0
3510500;"Caraguatatuba";2020;0,429;0,439;0,679;0,722;0,663;0,594;0,59;0,585;0
3510500;"Caraguatatuba";2022;0,404;0,441;0,599;0,697;0,618;0,556;0,54;0,565;1
3510500;"Caraguatatuba";2024;0,442;0,464;0,663;0,716;0,646;0,569;0,584;0,583;0
3510609;"Carapicuíba";2014;0,346;0,457;0,698;0,698;0,366;0,449;0,47;0,535;1
3510609;"Carapicuíba";2016;0,323;0,438;0,719;0,717;0,435;0,511;0,492;0,555;1
3510609;"Carapicuíba";2018;0,335;0,451;0,726;0,721;0,486;0,563;0,516;0,578;1
3510609;"Carapicuíba";2020;0,323;0,439;0,716;0,722;0,536;0,594;0,525;0,585;1
3510609;"Carapicuíba";2022;0,319;0,441;0,672;0,697;0,493;0,556;0,495;0,565;1
3510609;"Carapicuíba";2024;0,345;0,464;0,693;0,716;0,506;0,569;0,515;0,583;1
3510708;"Cardoso";2014;0,296;0,457;0,713;0,698;0,551;0,449;0,52;0,535;1
3510708;"Cardoso";2016;0,286;0,438;0,776;0,717;0,577;0,511;0,546;0,555;1
3510708;"Cardoso";2018;0,322;0,451;0,738;0,721;0,664;0,563;0,575;0,578;1
3510708;"Cardoso";2020;0,334;0,439;0,516;0,722;0,695;0,594;0,515;0,585;1
3510708;"Cardoso";2022;0,331;0,441;0,671;0,697;0,549;0,556;0,517;0,565;1
3510708;"Cardoso";2024;0,368;0,464;0,75;0,716;0,691;0,569;0,603;0,583;0
3510807;"Casa Branca";2014;0,389;0,457;0,626;0,698;0,447;0,449;0,487;0,535;1
3510807;"Casa Branca";2016;0,386;0,438;0,653;0,717;0,55;0,511;0,53;0,555;1
3510807;"Casa Branca";2018;0,407;0,451;0,662;0,721;0,519;0,563;0,529;0,578;1
3510807;"Casa Branca";2020;0,414;0,439;0,671;0,722;0,541;0,594;0,542;0,585;1
3510807;"Casa Branca";2022;0,421;0,441;0,672;0,697;0,502;0,556;0,532;0,565;1
3510807;"Casa Branca";2024;0,452;0,464;0,698;0,716;0,495;0,569;0,548;0,583;1
3510906;"Cássia dos Coqueiros";2014;0,341;0,457;0,701;0,698;0,506;0,449;0,516;0,535;1
3510906;"Cássia dos Coqueiros";2016;0,331;0,438;0,701;0,717;0,588;0,511;0,54;0,555;1
3510906;"Cássia dos Coqueiros";2018;0,374;0,451;0,816;0,721;0,6;0,563;0,597;0,578;0
3510906;"Cássia dos Coqueiros";2020;0,388;0,439;0,813;0,722;0,61;0,594;0,604;0,585;0
3510906;"Cássia dos Coqueiros";2022;0,365;0,441;0,773;0,697;0,551;0,556;0,563;0,565;1
3510906;"Cássia dos Coqueiros";2024;0,386;0,464;0,803;0,716;0,546;0,569;0,578;0,583;1
3511003;"Castilho";2014;0,34;0,457;0,645;0,698;0,458;0,449;0,481;0,535;1
3511003;"Castilho";2016;0,309;0,438;0,767;0,717;0,555;0,511;0,544;0,555;1
3511003;"Castilho";2018;0,346;0,451;0,664;0,721;0,603;0,563;0,538;0,578;1
3511003;"Castilho";2020;0,366;0,439;0,668;0,722;0,599;0,594;0,544;0,585;1
3511003;"Castilho";2022;0,373;0,441;0,735;0,697;0,574;0,556;0,561;0,565;1
3511003;"Castilho";2024;0,404;0,464;0,794;0,716;0,556;0,569;0,585;0,583;0
3511102;"Catanduva";2014;0,418;0,457;0,666;0,698;0,587;0,449;0,557;0,535;0
3511102;"Catanduva";2016;0,395;0,438;0,757;0,717;0,638;0,511;0,597;0,555;0
3511102;"Catanduva";2018;0,411;0,451;0,771;0,721;0,667;0,563;0,616;0,578;0
3511102;"Catanduva";2020;0,415;0,439;0,754;0,722;0,675;0,594;0,615;0,585;0
3511102;"Catanduva";2022;0,407;0,441;0,706;0,697;0,62;0,556;0,578;0,565;0
3511102;"Catanduva";2024;0,431;0,464;0,724;0,716;0,654;0,569;0,603;0,583;0
3511201;"Catiguá";2014;0,329;0,457;0,705;0,698;0,457;0,449;0,497;0,535;1
3511201;"Catiguá";2016;0,307;0,438;0,717;0,717;0,502;0,511;0,509;0,555;1
3511201;"Catiguá";2018;0,311;0,451;0,773;0,721;0,552;0,563;0,545;0,578;1
3511201;"Catiguá";2020;0,307;0,439;0,775;0,722;0,591;0,594;0,558;0,585;1
3511201;"Catiguá";2022;0,309;0,441;0,768;0,697;0,553;0,556;0,543;0,565;1
3511201;"Catiguá";2024;0,329;0,464;0,761;0,716;0,538;0,569;0,543;0,583;1
3511300;"Cedral";2014;0,406;0,457;0,638;0,698;0,623;0,449;0,556;0,535;0
3511300;"Cedral";2016;0,38;0,438;0,698;0,717;0,609;0,511;0,562;0,555;0
3511300;"Cedral";2018;0,437;0,451;0,755;0,721;0,802;0,563;0,665;0,578;0
3511300;"Cedral";2020;0,434;0,439;0,712;0,722;0,806;0,594;0,651;0,585;0
3511300;"Cedral";2022;0,408;0,441;0,753;0,697;0,637;0,556;0,599;0,565;0
3511300;"Cedral";2024;0,432;0,464;0,726;0,716;0,689;0,569;0,616;0,583;0
3511409;"Cerqueira César";2014;0,354;0,457;0,653;0,698;0,483;0,449;0,497;0,535;1
3511409;"Cerqueira César";2016;0,361;0,438;0,681;0,717;0,589;0,511;0,544;0,555;1
3511409;"Cerqueira César";2018;0,381;0,451;0,656;0,721;0,581;0,563;0,539;0,578;1
3511409;"Cerqueira César";2020;0,409;0,439;0,682;0,722;0,577;0,594;0,556;0,585;1
3511409;"Cerqueira César";2022;0,411;0,441;0,656;0,697;0,546;0,556;0,538;0,565;1
3511409;"Cerqueira César";2024;0,448;0,464;0,643;0,716;0,571;0,569;0,554;0,583;1
3511508;"Cerquilho";2014;0,388;0,457;0,746;0,698;0,686;0,449;0,607;0,535;0
3511508;"Cerquilho";2016;0,367;0,438;0,803;0,717;0,731;0,511;0,634;0,555;0
3511508;"Cerquilho";2018;0,379;0,451;0,792;0,721;0,766;0,563;0,646;0,578;0
3511508;"Cerquilho";2020;0,373;0,439;0,753;0,722;0,784;0,594;0,637;0,585;0
3511508;"Cerquilho";2022;0,375;0,441;0,777;0,697;0,67;0,556;0,607;0,565;0
3511508;"Cerquilho";2024;0,395;0,464;0,78;0,716;0,755;0,569;0,643;0,583;0
3511607;"Cesário Lange";2014;0,336;0,457;0,736;0,698;0,49;0,449;0,521;0,535;1
3511607;"Cesário Lange";2016;0,329;0,438;0,62;0,717;0,436;0,511;0,462;0,555;1
3511607;"Cesário Lange";2018;0,355;0,451;0,692;0,721;0,558;0,563;0,535;0,578;1
3511607;"Cesário Lange";2020;0,361;0,439;0,648;0,722;0,569;0,594;0,526;0,585;1
3511607;"Cesário Lange";2022;0,381;0,441;0,602;0,697;0,552;0,556;0,512;0,565;1
3511607;"Cesário Lange";2024;0,41;0,464;0,613;0,716;0,618;0,569;0,547;0,583;1
3511706;"Charqueada";2014;0,338;0,457;0,73;0,698;0,497;0,449;0,522;0,535;1
3511706;"Charqueada";2016;0,324;0,438;0,707;0,717;0,491;0,511;0,507;0,555;1
3511706;"Charqueada";2018;0,354;0,451;0,743;0,721;0,594;0,563;0,564;0,578;1
3511706;"Charqueada";2020;0,338;0,439;0,715;0,722;0,573;0,594;0,542;0,585;1
3511706;"Charqueada";2022;0,355;0,441;0,722;0,697;0,535;0,556;0,537;0,565;1
3511706;"Charqueada";2024;0,397;0,464;0,654;0,716;0,628;0,569;0,56;0,583;1
3511904;"Clementina";2014;0,368;0,457;0,72;0,698;0,444;0,449;0,511;0,535;1
3511904;"Clementina";2016;0,365;0,438;0,692;0,717;0,603;0,511;0,553;0,555;1
3511904;"Clementina";2018;0,376;0,451;0,672;0,721;0,496;0,563;0,515;0,578;1
3511904;"Clementina";2020;0,286;0,439;0,747;0,722;0,549;0,594;0,527;0,585;1
3511904;"Clementina";2022;0,316;0,441;0,755;0,697;0,57;0,556;0,547;0,565;1
3511904;"Clementina";2024;0,35;0,464;0,708;0,716;0,576;0,569;0,545;0,583;1
3512001;"Colina";2014;0,431;0,457;0,686;0,698;0,446;0,449;0,521;0,535;1
3512001;"Colina";2016;0,416;0,438;0,715;0,717;0,473;0,511;0,535;0,555;1
3512001;"Colina";2018;0,429;0,451;0,724;0,721;0,54;0,563;0,564;0,578;1
3512001;"Colina";2020;0,434;0,439;0,714;0,722;0,633;0,594;0,594;0,585;0
3512001;"Colina";2022;0,433;0,441;0,644;0,697;0,584;0,556;0,554;0,565;1
3512001;"Colina";2024;0,46;0,464;0,683;0,716;0,607;0,569;0,583;0,583;0
3512100;"Colômbia";2014;0,506;0,457;0,682;0,698;0,457;0,449;0,548;0,535;0
3512100;"Colômbia";2016;0,489;0,438;0,674;0,717;0,617;0,511;0,593;0,555;0
3512100;"Colômbia";2018;0,513;0,451;0,693;0,721;0,616;0,563;0,607;0,578;0
3512100;"Colômbia";2020;0,521;0,439;0,742;0,722;0,667;0,594;0,643;0,585;0
3512100;"Colômbia";2022;0,503;0,441;0,662;0,697;0,653;0,556;0,606;0,565;0
3512100;"Colômbia";2024;0,53;0,464;0,796;0,716;0,723;0,569;0,683;0,583;0
3512209;"Conchal";2014;0,326;0,457;0,728;0,698;0,54;0,449;0,531;0,535;1
3512209;"Conchal";2016;0,31;0,438;0,615;0,717;0,569;0,511;0,498;0,555;1
3512209;"Conchal";2018;0,329;0,451;0,625;0,721;0,619;0,563;0,524;0,578;1
3512209;"Conchal";2020;0,331;0,439;0,621;0,722;0,621;0,594;0,524;0,585;1
3512209;"Conchal";2022;0,322;0,441;0,624;0,697;0,581;0,556;0,509;0,565;1
3512209;"Conchal";2024;0,391;0,464;0,622;0,716;0,63;0,569;0,548;0,583;1
3512308;"Conchas";2014;0,306;0,457;0,66;0,698;0,49;0,449;0,485;0,535;1
3512308;"Conchas";2016;0,293;0,438;0,676;0,717;0,468;0,511;0,479;0,555;1
3512308;"Conchas";2018;0,315;0,451;0,733;0,721;0,519;0,563;0,522;0,578;1
3512308;"Conchas";2020;0,311;0,439;0,734;0,722;0,623;0,594;0,556;0,585;1
3512308;"Conchas";2022;0,323;0,441;0,675;0,697;0,446;0,556;0,481;0,565;1
3512308;"Conchas";2024;0,345;0,464;0,743;0,716;0,526;0,569;0,538;0,583;1
3512407;"Cordeirópolis";2014;0,478;0,457;0,758;0,698;0,548;0,449;0,595;0,535;0
3512407;"Cordeirópolis";2016;0,467;0,438;0,798;0,717;0,531;0,511;0,599;0,555;0
3512407;"Cordeirópolis";2018;0,48;0,451;0,817;0,721;0,589;0,563;0,629;0,578;0
3512407;"Cordeirópolis";2020;0,478;0,439;0,797;0,722;0,61;0,594;0,628;0,585;0
3512407;"Cordeirópolis";2022;0,487;0,441;0,679;0,697;0,6;0,556;0,589;0,565;0
3512407;"Cordeirópolis";2024;0,46;0,464;0,743;0,716;0,553;0,569;0,585;0,583;0
3512506;"Coroados";2014;0,339;0,457;0,64;0,698;0,468;0,449;0,482;0,535;1
3512506;"Coroados";2016;0,32;0,438;0,628;0,717;0,54;0,511;0,496;0,555;1
3512506;"Coroados";2018;0,361;0,451;0,686;0,721;0,708;0,563;0,585;0,578;0
3512506;"Coroados";2020;0,36;0,439;0,637;0,722;0,583;0,594;0,527;0,585;1
3512506;"Coroados";2022;0,364;0,441;0,7;0,697;0,606;0,556;0,557;0,565;1
3512506;"Coroados";2024;0,447;0,464;0,668;0,716;0,601;0,569;0,572;0,583;1
3512605;"Coronel Macedo";2014;0,242;0,457;0,678;0,698;0,475;0,449;0,465;0,535;1
3512605;"Coronel Macedo";2016;0,23;0,438;0,837;0,717;0,433;0,511;0,5;0,555;1
3512605;"Coronel Macedo";2018;0,259;0,451;0,8;0,721;0,592;0,563;0,55;0,578;1
3512605;"Coronel Macedo";2020;0,275;0,439;0,762;0,722;0,571;0,594;0,536;0,585;1
3512605;"Coronel Macedo";2022;0,284;0,441;0,612;0,697;0,464;0,556;0,453;0,565;1
3512605;"Coronel Macedo";2024;0,33;0,464;0,621;0,716;0,562;0,569;0,504;0,583;1
3512704;"Corumbataí";2014;0,375;0,457;0,683;0,698;0,435;0,449;0,498;0,535;1
3512704;"Corumbataí";2016;0,364;0,438;0,869;0,717;0,538;0,511;0,59;0,555;0
3512704;"Corumbataí";2018;0,42;0,451;0,89;0,721;0,593;0,563;0,634;0,578;0
3512704;"Corumbataí";2020;0,427;0,439;0,789;0,722;0,577;0,594;0,598;0,585;0
3512704;"Corumbataí";2022;0,419;0,441;0,782;0,697;0,577;0,556;0,593;0,565;0
3512704;"Corumbataí";2024;0,437;0,464;0,843;0,716;0,624;0,569;0,635;0,583;0
3512803;"Cosmópolis";2014;0,361;0,457;0,674;0,698;0,503;0,449;0,513;0,535;1
3512803;"Cosmópolis";2016;0,338;0,438;0,748;0,717;0,566;0,511;0,551;0,555;1
3512803;"Cosmópolis";2018;0,347;0,451;0,747;0,721;0,633;0,563;0,576;0,578;1
3512803;"Cosmópolis";2020;0,343;0,439;0,734;0,722;0,621;0,594;0,566;0,585;1
3512803;"Cosmópolis";2022;0,361;0,441;0,689;0,697;0,593;0,556;0,548;0,565;1
3512803;"Cosmópolis";2024;0,363;0,464;0,724;0,716;0,602;0,569;0,563;0,583;1
3512902;"Cosmorama";2014;0,347;0,457;0,786;0,698;0,545;0,449;0,559;0,535;0
3512902;"Cosmorama";2016;0,319;0,438;0,75;0,717;0,487;0,511;0,519;0,555;1
3512902;"Cosmorama";2018;0,372;0,451;0,745;0,721;0,613;0,563;0,577;0,578;1
3512902;"Cosmorama";2020;0,395;0,439;0,806;0,722;0,613;0,594;0,605;0,585;0
3512902;"Cosmorama";2022;0,374;0,441;0,729;0,697;0,658;0,556;0,587;0,565;0
3512902;"Cosmorama";2024;0,43;0,464;0,764;0,716;0,667;0,569;0,62;0,583;0
3513009;"Cotia";2014;0,497;0,457;0,696;0,698;0,376;0,449;0,523;0,535;1
3513009;"Cotia";2016;0,463;0,438;0,712;0,717;0,438;0,511;0,538;0,555;1
3513009;"Cotia";2018;0,482;0,451;0,721;0,721;0,468;0,563;0,557;0,578;1
3513009;"Cotia";2020;0,465;0,439;0,711;0,722;0,502;0,594;0,559;0,585;1
3513009;"Cotia";2022;0,448;0,441;0,671;0,697;0,492;0,556;0,537;0,565;1
3513009;"Cotia";2024;0,422;0,464;0,707;0,716;0,517;0,569;0,549;0,583;1
3513108;"Cravinhos";2014;0,414;0,457;0,725;0,698;0,367;0,449;0,502;0,535;1
3513108;"Cravinhos";2016;0,407;0,438;0,741;0,717;0,458;0,511;0,535;0,555;1
3513108;"Cravinhos";2018;0,432;0,451;0,706;0,721;0,437;0,563;0,525;0,578;1
3513108;"Cravinhos";2020;0,432;0,439;0,733;0,722;0,563;0,594;0,576;0,585;1
3513108;"Cravinhos";2022;0,434;0,441;0,712;0,697;0,495;0,556;0,547;0,565;1
3513108;"Cravinhos";2024;0,484;0,464;0,632;0,716;0,462;0,569;0,526;0,583;1
3513207;"Cristais Paulista";2014;0,326;0,457;0,735;0,698;0,366;0,449;0,476;0,535;1
3513207;"Cristais Paulista";2016;0,325;0,438;0,72;0,717;0,525;0,511;0,523;0,555;1
3513207;"Cristais Paulista";2018;0,366;0,451;0,713;0,721;0,505;0,563;0,528;0,578;1
3513207;"Cristais Paulista";2020;0,373;0,439;0,707;0,722;0,533;0,594;0,538;0,585;1
3513207;"Cristais Paulista";2022;0,37;0,441;0,646;0,697;0,531;0,556;0,516;0,565;1
3513207;"Cristais Paulista";2024;0,393;0,464;0,712;0,716;0,572;0,569;0,559;0,583;1
3513306;"Cruzália";2014;0,362;0,457;0,542;0,698;0,561;0,449;0,488;0,535;1
3513306;"Cruzália";2016;0,352;0,438;0,664;0,717;0,561;0,511;0,526;0,555;1
3513306;"Cruzália";2018;0,38;0,451;0,634;0,721;0,658;0,563;0,557;0,578;1
3513306;"Cruzália";2020;0,377;0,439;0,84;0,722;0,574;0,594;0,597;0,585;0
3513306;"Cruzália";2022;0,377;0,441;0,826;0,697;0,611;0,556;0,605;0,565;0
3513306;"Cruzália";2024;0,383;0,464;0,83;0,716;0,725;0,569;0,646;0,583;0
3513405;"Cruzeiro";2014;0,39;0,457;0,611;0,698;0,38;0,449;0,46;0,535;1
3513405;"Cruzeiro";2016;0,364;0,438;0,689;0,717;0,445;0,511;0,499;0,555;1
3513405;"Cruzeiro";2018;0,377;0,451;0,66;0,721;0,504;0,563;0,514;0,578;1
3513405;"Cruzeiro";2020;0,368;0,439;0,644;0,722;0,514;0,594;0,509;0,585;1
3513405;"Cruzeiro";2022;0,373;0,441;0,63;0,697;0,506;0,556;0,503;0,565;1
3513405;"Cruzeiro";2024;0,39;0,464;0,632;0,716;0,52;0,569;0,514;0,583;1
3513504;"Cubatão";2014;0,524;0,457;0,577;0,698;0,39;0,449;0,497;0,535;1
3513504;"Cubatão";2016;0,517;0,438;0,641;0,717;0,448;0,511;0,535;0,555;1
3513504;"Cubatão";2018;0,498;0,451;0,667;0,721;0,501;0,563;0,555;0,578;1
3513504;"Cubatão";2020;0,483;0,439;0,676;0,722;0,55;0,594;0,57;0,585;1
3513504;"Cubatão";2022;0,521;0,441;0,669;0,697;0,493;0,556;0,561;0,565;1
3513504;"Cubatão";2024;0,496;0,464;0,623;0,716;0,528;0,569;0,549;0,583;1
3513603;"Cunha";2014;0,197;0,457;0,702;0,698;0,339;0,449;0,413;0,535;1
3513603;"Cunha";2016;0,196;0,438;0,687;0,717;0,406;0,511;0,43;0,555;1
3513603;"Cunha";2018;0,227;0,451;0,612;0,721;0,494;0,563;0,444;0,578;1
3513603;"Cunha";2020;0,222;0,439;0,634;0,722;0,529;0,594;0,462;0,585;1
3513603;"Cunha";2022;0,218;0,441;0,686;0,697;0,516;0,556;0,473;0,565;1
3513603;"Cunha";2024;0,322;0,464;0,67;0,716;0,526;0,569;0,506;0,583;1
3513702;"Descalvado";2014;0,424;0,457;0,763;0,698;0,445;0,449;0,544;0,535;0
3513702;"Descalvado";2016;0,41;0,438;0,742;0,717;0,526;0,511;0,559;0,555;0
3513702;"Descalvado";2018;0,441;0,451;0,83;0,721;0,589;0,563;0,62;0,578;0
3513702;"Descalvado";2020;0,437;0,439;0,831;0,722;0,658;0,594;0,642;0,585;0
3513702;"Descalvado";2022;0,441;0,441;0,704;0,697;0,642;0,556;0,596;0,565;0
3513702;"Descalvado";2024;0,452;0,464;0,674;0,716;0,641;0,569;0,589;0,583;0
3513801;"Diadema";2014;0,452;0,457;0,657;0,698;0,447;0,449;0,519;0,535;1
3513801;"Diadema";2016;0,42;0,438;0,651;0,717;0,503;0,511;0,525;0,555;1
3513801;"Diadema";2018;0,425;0,451;0,661;0,721;0,557;0,563;0,548;0,578;1
3513801;"Diadema";2020;0,404;0,439;0,685;0,722;0,572;0,594;0,554;0,585;1
3513801;"Diadema";2022;0,409;0,441;0,669;0,697;0,548;0,556;0,542;0,565;1
3513801;"Diadema";2024;0,403;0,464;0,689;0,716;0,549;0,569;0,547;0,583;1
3513850;"Dirce Reis";2014;0,272;0,457;0,721;0,698;0,467;0,449;0,487;0,535;1
3513850;"Dirce Reis";2016;0,267;0,438;0,655;0,717;0,677;0,511;0,533;0,555;1
3513850;"Dirce Reis";2018;0,295;0,451;0,655;0,721;0,557;0,563;0,502;0,578;1
3513850;"Dirce Reis";2020;0,474;0,439;0,642;0,722;0,593;0,594;0,57;0,585;1
3513850;"Dirce Reis";2022;0,303;0,441;0,595;0,697;0,651;0,556;0,516;0,565;1
3513850;"Dirce Reis";2024;0,445;0,464;0,787;0,716;0,783;0,569;0,672;0,583;0
3513900;"Divinolândia";2014;0,323;0,457;0,723;0,698;0,442;0,449;0,496;0,535;1
3513900;"Divinolândia";2016;0,315;0,438;0,729;0,717;0,538;0,511;0,527;0,555;1
3513900;"Divinolândia";2018;0,333;0,451;0,717;0,721;0,551;0,563;0,534;0,578;1
3513900;"Divinolândia";2020;0,337;0,439;0,791;0,722;0,584;0,594;0,571;0,585;1
3513900;"Divinolândia";2022;0,342;0,441;0,777;0,697;0,635;0,556;0,585;0,565;0
3513900;"Divinolândia";2024;0,361;0,464;0,655;0,716;0,616;0,569;0,544;0,583;1
3514007;"Dobrada";2014;0,252;0,457;0,803;0,698;0,463;0,449;0,506;0,535;1
3514007;"Dobrada";2016;0,254;0,438;0,754;0,717;0,57;0,511;0,526;0,555;1
3514007;"Dobrada";2018;0,268;0,451;0,803;0,721;0,506;0,563;0,526;0,578;1
3514007;"Dobrada";2020;0,263;0,439;0,754;0,722;0,535;0,594;0,517;0,585;1
3514007;"Dobrada";2022;0,259;0,441;0,699;0,697;0,485;0,556;0,481;0,565;1
3514007;"Dobrada";2024;0,275;0,464;0,65;0,716;0,502;0,569;0,476;0,583;1
3514106;"Dois Córregos";2014;0,346;0,457;0,622;0,698;0,432;0,449;0,467;0,535;1
3514106;"Dois Córregos";2016;0,333;0,438;0,689;0,717;0,505;0,511;0,509;0,555;1
3514106;"Dois Córregos";2018;0,344;0,451;0,729;0,721;0,506;0,563;0,526;0,578;1
3514106;"Dois Córregos";2020;0,339;0,439;0,741;0,722;0,596;0,594;0,559;0,585;1
3514106;"Dois Córregos";2022;0,346;0,441;0,717;0,697;0,51;0,556;0,524;0,565;1
3514106;"Dois Córregos";2024;0,37;0,464;0,64;0,716;0,552;0,569;0,521;0,583;1
3514205;"Dolcinópolis";2014;0,289;0,457;0,839;0,698;0,583;0,449;0,57;0,535;0
3514205;"Dolcinópolis";2016;0,288;0,438;0,861;0,717;0,657;0,511;0,602;0,555;0
3514205;"Dolcinópolis";2018;0,314;0,451;0,844;0,721;0,709;0,563;0,622;0,578;0
3514205;"Dolcinópolis";2020;0,331;0,439;0,863;0,722;0,751;0,594;0,648;0,585;0
3514205;"Dolcinópolis";2022;0,321;0,441;0,711;0,697;0,635;0,556;0,556;0,565;1
3514205;"Dolcinópolis";2024;0,366;0,464;0,778;0,716;0,657;0,569;0,6;0,583;0
3514304;"Dourado";2014;0,415;0,457;0,744;0,698;0,411;0,449;0,523;0,535;1
3514304;"Dourado";2016;0,411;0,438;0,729;0,717;0,513;0,511;0,551;0,555;1
3514304;"Dourado";2018;0,436;0,451;0,699;0,721;0,452;0,563;0,529;0,578;1
3514304;"Dourado";2020;0,427;0,439;0,619;0,722;0,545;0,594;0,53;0,585;1
3514304;"Dourado";2022;0,442;0,441;0,624;0,697;0,475;0,556;0,514;0,565;1
3514304;"Dourado";2024;0,493;0,464;0,706;0,716;0,565;0,569;0,588;0,583;0
3514403;"Dracena";2014;0,365;0,457;0,673;0,698;0,571;0,449;0,536;0,535;0
3514403;"Dracena";2016;0,351;0,438;0,76;0,717;0,586;0,511;0,566;0,555;0
3514403;"Dracena";2018;0,369;0,451;0,703;0,721;0,667;0,563;0,58;0,578;0
3514403;"Dracena";2020;0,373;0,439;0,714;0,722;0,676;0,594;0,588;0,585;0
3514403;"Dracena";2022;0,356;0,441;0,681;0,697;0,658;0,556;0,565;0,565;0
3514403;"Dracena";2024;0,374;0,464;0,686;0,716;0,69;0,569;0,583;0,583;0
3514502;"Duartina";2014;0,305;0,457;0,604;0,698;0,552;0,449;0,487;0,535;1
3514502;"Duartina";2016;0,288;0,438;0,685;0,717;0,57;0,511;0,514;0,555;1
3514502;"Duartina";2018;0,312;0,451;0,683;0,721;0,554;0,563;0,516;0,578;1
3514502;"Duartina";2020;0,306;0,439;0,733;0,722;0,636;0,594;0,558;0,585;1
3514502;"Duartina";2022;0,297;0,441;0,796;0,697;0,572;0,556;0,555;0,565;1
3514502;"Duartina";2024;0,358;0,464;0,738;0,716;0,605;0,569;0,567;0,583;1
3514601;"Dumont";2014;0,367;0,457;0,725;0,698;0,448;0,449;0,513;0,535;1
3514601;"Dumont";2016;0,374;0,438;0,67;0,717;0,767;0,511;0,604;0,555;0
3514601;"Dumont";2018;0,389;0,451;0,728;0,721;0,625;0,563;0,581;0,578;0
3514601;"Dumont";2020;0,39;0,439;0,706;0,722;0,594;0,594;0,563;0,585;1
3514601;"Dumont";2022;0,396;0,441;0,761;0,697;0,712;0,556;0,623;0,565;0
3514601;"Dumont";2024;0,391;0,464;0,766;0,716;0,66;0,569;0,606;0,583;0
3514700;"Echaporã";2014;0,278;0,457;0,698;0,698;0,424;0,449;0,467;0,535;1
3514700;"Echaporã";2016;0,278;0,438;0,616;0,717;0,527;0,511;0,474;0,555;1
3514700;"Echaporã";2018;0,296;0,451;0,638;0,721;0,547;0,563;0,494;0,578;1
3514700;"Echaporã";2020;0,299;0,439;0,623;0,722;0,596;0,594;0,506;0,585;1
3514700;"Echaporã";2022;0,303;0,441;0,637;0,697;0,537;0,556;0,492;0,565;1
3514700;"Echaporã";2024;0,336;0,464;0,716;0,716;0,625;0,569;0,559;0,583;1
3514809;"Eldorado";2014;0,226;0,457;0,667;0,698;0,367;0,449;0,42;0,535;1
3514809;"Eldorado";2016;0,22;0,438;0,763;0,717;0,433;0,511;0,472;0,555;1
3514809;"Eldorado";2018;0,259;0,451;0,757;0,721;0,474;0,563;0,497;0,578;1
3514809;"Eldorado";2020;0,247;0,439;0,715;0,722;0,474;0,594;0,479;0,585;1
3514809;"Eldorado";2022;0,251;0,441;0,675;0,697;0,448;0,556;0,458;0,565;1
3514809;"Eldorado";2024;0,28;0,464;0,727;0,716;0,445;0,569;0,484;0,583;1
3514908;"Elias Fausto";2014;0,407;0,457;0,66;0,698;0,567;0,449;0,545;0,535;0
3514908;"Elias Fausto";2016;0,389;0,438;0,655;0,717;0,554;0,511;0,533;0,555;1
3514908;"Elias Fausto";2018;0,415;0,451;0,629;0,721;0,621;0,563;0,555;0,578;1
3514908;"Elias Fausto";2020;0,42;0,439;0,699;0,722;0,563;0,594;0,561;0,585;1
3514908;"Elias Fausto";2022;0,426;0,441;0,65;0,697;0,576;0,556;0,551;0,565;1
3514908;"Elias Fausto";2024;0,453;0,464;0,675;0,716;0,614;0,569;0,581;0,583;1
3514924;"Elisiário";2014;0,302;0,457;0,764;0,698;0,509;0,449;0,525;0,535;1
3514924;"Elisiário";2016;0,302;0,438;0,774;0,717;0,749;0,511;0,608;0,555;0
3514924;"Elisiário";2018;0,315;0,451;0,818;0,721;0,651;0,563;0,595;0,578;0
3514924;"Elisiário";2020;0,316;0,439;0,764;0,722;0,785;0,594;0,622;0,585;0
3514924;"Elisiário";2022;0,32;0,441;0,762;0,697;0,734;0,556;0,605;0,565;0
3514924;"Elisiário";2024;0,384;0,464;0,823;0,716;0,748;0,569;0,652;0,583;0
3514957;"Embaúba";2014;0,304;0,457;0,707;0,698;0,521;0,449;0,511;0,535;1
3514957;"Embaúba";2016;0,275;0,438;0,63;0,717;0,49;0,511;0,465;0,555;1
3514957;"Embaúba";2018;0,302;0,451;0,6;0,721;0,607;0,563;0,503;0,578;1
3514957;"Embaúba";2020;0,305;0,439;0,628;0,722;0,768;0,594;0,567;0,585;1
3514957;"Embaúba";2022;0,301;0,441;0,602;0,697;0,697;0,556;0,533;0,565;1
3514957;"Embaúba";2024;0,254;0,464;0,785;0,716;0,871;0,569;0,637;0,583;0
3515004;"Embu das Artes";2014;0,433;0,457;0,64;0,698;0,388;0,449;0,487;0,535;1
3515004;"Embu das Artes";2016;0,41;0,438;0,677;0,717;0,44;0,511;0,509;0,555;1
3515004;"Embu das Artes";2018;0,428;0,451;0,687;0,721;0,475;0,563;0,53;0,578;1
3515004;"Embu das Artes";2020;0,412;0,439;0,694;0,722;0,509;0,594;0,538;0,585;1
3515004;"Embu das Artes";2022;0,417;0,441;0,674;0,697;0,481;0,556;0,524;0,565;1
3515004;"Embu das Artes";2024;0,393;0,464;0,665;0,716;0,515;0,569;0,524;0,583;1
3515103;"Embu-Guaçu";2014;0,372;0,457;0,659;0,698;0,455;0,449;0,495;0,535;1
3515103;"Embu-Guaçu";2016;0,356;0,438;0,695;0,717;0,52;0,511;0,524;0,555;1
3515103;"Embu-Guaçu";2018;0,365;0,451;0,707;0,721;0,551;0,563;0,541;0,578;1
3515103;"Embu-Guaçu";2020;0,334;0,439;0,714;0,722;0,556;0,594;0,535;0,585;1
3515103;"Embu-Guaçu";2022;0,349;0,441;0,638;0,697;0,509;0,556;0,499;0,565;1
3515103;"Embu-Guaçu";2024;0,402;0,464;0,655;0,716;0,548;0,569;0,535;0,583;1
3515129;"Emilianópolis";2014;0,244;0,457;0,917;0,698;0,472;0,449;0,544;0,535;0
3515129;"Emilianópolis";2016;0,243;0,438;0,828;0,717;0,497;0,511;0,523;0,555;1
3515129;"Emilianópolis";2018;0,268;0,451;0,747;0,721;0,574;0,563;0,53;0,578;1
3515129;"Emilianópolis";2020;0,266;0,439;0,549;0,722;0,708;0,594;0,508;0,585;1
3515129;"Emilianópolis";2022;0,253;0,441;0,566;0,697;0,711;0,556;0,51;0,565;1
3515129;"Emilianópolis";2024;0,34;0,464;0,748;0,716;0,756;0,569;0,615;0,583;0
3515152;"Engenheiro Coelho";2014;0,362;0,457;0,68;0,698;0,422;0,449;0,488;0,535;1
3515152;"Engenheiro Coelho";2016;0,35;0,438;0,697;0,717;0,458;0,511;0,502;0,555;1
3515152;"Engenheiro Coelho";2018;0,383;0,451;0,701;0,721;0,527;0,563;0,537;0,578;1
3515152;"Engenheiro Coelho";2020;0,36;0,439;0,676;0,722;0,556;0,594;0,531;0,585;1
3515152;"Engenheiro Coelho";2022;0,371;0,441;0,669;0,697;0,511;0,556;0,517;0,565;1
3515152;"Engenheiro Coelho";2024;0,395;0,464;0,752;0,716;0,519;0,569;0,555;0,583;1
3515186;"Espírito Santo do Pinhal";2014;0,387;0,457;0,697;0,698;0,519;0,449;0,534;0,535;1
3515186;"Espírito Santo do Pinhal";2016;0,378;0,438;0,701;0,717;0,557;0,511;0,545;0,555;1
3515186;"Espírito Santo do Pinhal";2018;0,394;0,451;0,727;0,721;0,549;0,563;0,557;0,578;1
3515186;"Espírito Santo do Pinhal";2020;0,389;0,439;0,707;0,722;0,622;0,594;0,573;0,585;1
3515186;"Espírito Santo do Pinhal";2022;0,402;0,441;0,755;0,697;0,554;0,556;0,57;0,565;0
3515186;"Espírito Santo do Pinhal";2024;0,427;0,464;0,673;0,716;0,592;0,569;0,564;0,583;1
3515194;"Espírito Santo do Turvo";2014;0,286;0,457;0,731;0,698;0,459;0,449;0,492;0,535;1
3515194;"Espírito Santo do Turvo";2016;0,26;0,438;0,692;0,717;0,513;0,511;0,488;0,555;1
3515194;"Espírito Santo do Turvo";2018;0,273;0,451;0,707;0,721;0,47;0,563;0,483;0,578;1
3515194;"Espírito Santo do Turvo";2020;0,277;0,439;0,743;0,722;0,54;0,594;0,52;0,585;1
3515194;"Espírito Santo do Turvo";2022;0,283;0,441;0,741;0,697;0,546;0,556;0,523;0,565;1
3515194;"Espírito Santo do Turvo";2024;0,369;0,464;0,7;0,716;0,608;0,569;0,559;0,583;1
3515202;"Estrela d'Oeste";2014;0,39;0,457;0,751;0,698;0,647;0,449;0,596;0,535;0
3515202;"Estrela d'Oeste";2016;0,385;0,438;0,794;0,717;0,645;0,511;0,608;0,555;0
3515202;"Estrela d'Oeste";2018;0,429;0,451;0,806;0,721;0,704;0,563;0,646;0,578;0
3515202;"Estrela d'Oeste";2020;0,447;0,439;0,76;0,722;0,658;0,594;0,622;0,585;0
3515202;"Estrela d'Oeste";2022;0,416;0,441;0,667;0,697;0,685;0,556;0,589;0,565;0
3515202;"Estrela d'Oeste";2024;0,469;0,464;0,761;0,716;0,663;0,569;0,631;0,583;0
3515301;"Estrela do Norte";2014;0,259;0,457;0,616;0,698;0,636;0,449;0,504;0,535;1
3515301;"Estrela do Norte";2016;0,291;0,438;0,843;0,717;0,676;0,511;0,603;0,555;0
3515301;"Estrela do Norte";2018;0,257;0,451;0,844;0,721;0,681;0,563;0,594;0,578;0
3515301;"Estrela do Norte";2020;0,273;0,439;0,925;0,722;0,632;0,594;0,61;0,585;0
3515301;"Estrela do Norte";2022;0,256;0,441;0,775;0,697;0,613;0,556;0,548;0,565;1
3515301;"Estrela do Norte";2024;0,328;0,464;0,569;0,716;0,639;0,569;0,512;0,583;1
3515350;"Euclides da Cunha Paulista";2014;0,218;0,457;0,642;0,698;0,369;0,449;0,41;0,535;1
3515350;"Euclides da Cunha Paulista";2016;0,206;0,438;0,605;0,717;0,421;0,511;0,411;0,555;1
3515350;"Euclides da Cunha Paulista";2018;0,241;0,451;0,617;0,721;0,514;0,563;0,457;0,578;1
3515350;"Euclides da Cunha Paulista";2020;0,232;0,439;0,667;0,722;0,511;0,594;0,47;0,585;1
3515350;"Euclides da Cunha Paulista";2022;0,238;0,441;0,691;0,697;0,516;0,556;0,482;0,565;1
3515350;"Euclides da Cunha Paulista";2024;0,274;0,464;0,703;0,716;0,515;0,569;0,497;0,583;1
3515400;"Fartura";2014;0,314;0,457;0,708;0,698;0,632;0,449;0,551;0,535;0
3515400;"Fartura";2016;0,304;0,438;0,692;0,717;0,71;0,511;0,569;0,555;0
3515400;"Fartura";2018;0,33;0,451;0,692;0,721;0,788;0,563;0,603;0,578;0
3515400;"Fartura";2020;0,328;0,439;0,753;0,722;0,749;0,594;0,61;0,585;0
3515400;"Fartura";2022;0,314;0,441;0,761;0,697;0,696;0,556;0,59;0,565;0
3515400;"Fartura";2024;0,341;0,464;0,737;0,716;0,767;0,569;0,615;0,583;0
3515509;"Fernandópolis";2014;0,367;0,457;0,715;0,698;0,587;0,449;0,556;0,535;0
3515509;"Fernandópolis";2016;0,357;0,438;0,757;0,717;0,644;0,511;0,586;0,555;0
3515509;"Fernandópolis";2018;0,376;0,451;0,768;0,721;0,681;0,563;0,608;0,578;0
3515509;"Fernandópolis";2020;0,376;0,439;0,793;0,722;0,676;0,594;0,615;0,585;0
3515509;"Fernandópolis";2022;0,363;0,441;0,731;0,697;0,654;0,556;0,583;0,565;0
3515509;"Fernandópolis";2024;0,359;0,464;0,794;0,716;0,681;0,569;0,611;0,583;0
3515608;"Fernando Prestes";2014;0,34;0,457;0,7;0,698;0,574;0,449;0,538;0,535;0
3515608;"Fernando Prestes";2016;0,327;0,438;0,727;0,717;0,601;0,511;0,552;0,555;1
3515608;"Fernando Prestes";2018;0,368;0,451;0,723;0,721;0,665;0,563;0,585;0,578;0
3515608;"Fernando Prestes";2020;0,38;0,439;0,727;0,722;0,704;0,594;0,604;0,585;0
3515608;"Fernando Prestes";2022;0,36;0,441;0,795;0,697;0,729;0,556;0,628;0,565;0
3515608;"Fernando Prestes";2024;0,38;0,464;0,772;0,716;0,79;0,569;0,647;0,583;0
3515657;"Fernão";2014;0,311;0,457;0,849;0,698;0,672;0,449;0,611;0,535;0
3515657;"Fernão";2016;0,296;0,438;0,84;0,717;0,571;0,511;0,569;0,555;0
3515657;"Fernão";2018;0,325;0,451;0,755;0,721;0,746;0,563;0,609;0,578;0
3515657;"Fernão";2020;0,331;0,439;0,756;0,722;0,707;0,594;0,598;0,585;0
3515657;"Fernão";2022;0,306;0,441;0,774;0,697;0,681;0,556;0,587;0,565;0
3515657;"Fernão";2024;0,343;0,464;0,742;0,716;0,637;0,569;0,574;0,583;1
3515707;"Ferraz de Vasconcelos";2014;0,32;0,457;0,593;0,698;0,367;0,449;0,427;0,535;1
3515707;"Ferraz de Vasconcelos";2016;0,308;0,438;0,684;0,717;0,453;0,511;0,482;0,555;1
3515707;"Ferraz de Vasconcelos";2018;0,321;0,451;0,685;0,721;0,48;0,563;0,495;0,578;1
3515707;"Ferraz de Vasconcelos";2020;0,316;0,439;0,698;0,722;0,498;0,594;0,504;0,585;1
3515707;"Ferraz de Vasconcelos";2022;0,33;0,441;0,651;0,697;0,469;0,556;0,483;0,565;1
3515707;"Ferraz de Vasconcelos";2024;0,34;0,464;0,663;0,716;0,516;0,569;0,506;0,583;1
3515806;"Flora Rica";2014;0,265;0,457;0,738;0,698;0,419;0,449;0,474;0,535;1
3515806;"Flora Rica";2016;0,25;0,438;0,792;0,717;0,558;0,511;0,533;0,555;1
3515806;"Flora Rica";2018;0,276;0,451;0,791;0,721;0,497;0,563;0,521;0,578;1
3515806;"Flora Rica";2020;0,273;0,439;0,873;0,722;0,516;0,594;0,554;0,585;1
3515806;"Flora Rica";2022;0,276;0,441;0,87;0,697;0,51;0,556;0,552;0,565;1
3515806;"Flora Rica";2024;0,32;0,464;0,823;0,716;0,574;0,569;0,572;0,583;1
3515905;"Floreal";2014;0,302;0,457;0,794;0,698;0,646;0,449;0,581;0,535;0
3515905;"Floreal";2016;0,279;0,438;0,837;0,717;0,736;0,511;0,617;0,555;0
3515905;"Floreal";2018;0,315;0,451;0,825;0,721;0,798;0,563;0,646;0,578;0
3515905;"Floreal";2020;0,311;0,439;0,833;0,722;0,803;0,594;0,649;0,585;0
3515905;"Floreal";2022;0,299;0,441;0,817;0,697;0,826;0,556;0,647;0,565;0
3515905;"Floreal";2024;0,372;0,464;0,831;0,716;0,881;0,569;0,695;0,583;0
3516002;"Flórida Paulista";2014;0,275;0,457;0,566;0,698;0,397;0,449;0,413;0,535;1
3516002;"Flórida Paulista";2016;0,256;0,438;0,55;0,717;0,543;0,511;0,45;0,555;1
3516002;"Flórida Paulista";2018;0,281;0,451;0,474;0,721;0,449;0,563;0,401;0,578;1
3516002;"Flórida Paulista";2020;0,285;0,439;0,598;0,722;0,603;0,594;0,495;0,585;1
3516002;"Flórida Paulista";2022;0,263;0,441;0,506;0,697;0,485;0,556;0,418;0,565;1
3516002;"Flórida Paulista";2024;0,291;0,464;0,778;0,716;0,542;0,569;0,537;0,583;1
3516101;"Florínea";2014;0,34;0,457;0,638;0,698;0,453;0,449;0,477;0,535;1
3516101;"Florínea";2016;0,347;0,438;0,7;0,717;0,694;0,511;0,58;0,555;0
3516101;"Florínea";2018;0,388;0,451;0,736;0,721;0,686;0,563;0,603;0,578;0
3516101;"Florínea";2020;0,393;0,439;0,703;0,722;0,609;0,594;0,568;0,585;1
3516101;"Florínea";2022;0,373;0,441;0,764;0,697;0,69;0,556;0,609;0,565;0
3516101;"Florínea";2024;0,385;0,464;0,84;0,716;0,641;0,569;0,622;0,583;0
3516200;"Franca";2014;0,385;0,457;0,725;0,698;0,515;0,449;0,542;0,535;0
3516200;"Franca";2016;0,377;0,438;0,738;0,717;0,593;0,511;0,569;0,555;0
3516200;"Franca";2018;0,392;0,451;0,737;0,721;0,659;0,563;0,596;0,578;0
3516200;"Franca";2020;0,373;0,439;0,739;0,722;0,693;0,594;0,602;0,585;0
3516200;"Franca";2022;0,377;0,441;0,73;0,697;0,649;0,556;0,585;0,565;0
3516200;"Franca";2024;0,375;0,464;0,734;0,716;0,674;0,569;0,594;0,583;0
3516309;"Francisco Morato";2014;0,247;0,457;0,654;0,698;0,332;0,449;0,411;0,535;1
3516309;"Francisco Morato";2016;0,231;0,438;0,651;0,717;0,407;0,511;0,43;0,555;1
3516309;"Francisco Morato";2018;0,24;0,451;0,643;0,721;0,455;0,563;0,446;0,578;1
3516309;"Francisco Morato";2020;0,228;0,439;0,659;0,722;0,513;0,594;0,467;0,585;1
3516309;"Francisco Morato";2022;0,228;0,441;0,642;0,697;0,465;0,556;0,445;0,565;1
3516309;"Francisco Morato";2024;0,225;0,464;0,651;0,716;0,491;0,569;0,456;0,583;1
3516408;"Franco da Rocha";2014;0,324;0,457;0,648;0,698;0,369;0,449;0,447;0,535;1
3516408;"Franco da Rocha";2016;0,294;0,438;0,64;0,717;0,46;0,511;0,465;0,555;1
3516408;"Franco da Rocha";2018;0,317;0,451;0,657;0,721;0,492;0,563;0,489;0,578;1
3516408;"Franco da Rocha";2020;0,318;0,439;0,655;0,722;0,505;0,594;0,493;0,585;1
3516408;"Franco da Rocha";2022;0,328;0,441;0,662;0,697;0,486;0,556;0,492;0,565;1
3516408;"Franco da Rocha";2024;0,351;0,464;0,696;0,716;0,501;0,569;0,516;0,583;1
3516507;"Gabriel Monteiro";2014;0,338;0,457;0,696;0,698;0,63;0,449;0,555;0,535;0
3516507;"Gabriel Monteiro";2016;0,324;0,438;0,577;0,717;0,925;0,511;0,609;0,555;0
3516507;"Gabriel Monteiro";2018;0,358;0,451;0,636;0,721;0,787;0,563;0,594;0,578;0
3516507;"Gabriel Monteiro";2020;0,355;0,439;0,655;0,722;0,786;0,594;0,599;0,585;0
3516507;"Gabriel Monteiro";2022;0,336;0,441;0,824;0,697;0,873;0,556;0,678;0,565;0
3516507;"Gabriel Monteiro";2024;0,382;0,464;0,772;0,716;0,871;0,569;0,675;0,583;0
3516606;"Gália";2014;0,317;0,457;0,613;0,698;0,485;0,449;0,472;0,535;1
3516606;"Gália";2016;0,304;0,438;0,629;0,717;0,569;0,511;0,501;0,555;1
3516606;"Gália";2018;0,33;0,451;0,635;0,721;0,531;0,563;0,499;0,578;1
3516606;"Gália";2020;0,331;0,439;0,668;0,722;0,627;0,594;0,542;0,585;1
3516606;"Gália";2022;0,319;0,441;0,617;0,697;0,54;0,556;0,492;0,565;1
3516606;"Gália";2024;0,371;0,464;0,624;0,716;0,49;0,569;0,495;0,583;1
3516705;"Garça";2014;0,357;0,457;0,642;0,698;0,462;0,449;0,487;0,535;1
3516705;"Garça";2016;0,341;0,438;0,634;0,717;0,524;0,511;0,5;0,555;1
3516705;"Garça";2018;0,352;0,451;0,654;0,721;0,54;0,563;0,515;0,578;1
3516705;"Garça";2020;0,349;0,439;0,625;0,722;0,55;0,594;0,508;0,585;1
3516705;"Garça";2022;0,352;0,441;0,626;0,697;0,529;0,556;0,502;0,565;1
3516705;"Garça";2024;0,375;0,464;0,601;0,716;0,559;0,569;0,512;0,583;1
3516804;"Gastão Vidigal";2014;0,259;0,457;0,869;0,698;0,505;0,449;0,544;0,535;0
3516804;"Gastão Vidigal";2016;0,249;0,438;0,807;0,717;0,549;0,511;0,535;0,555;1
3516804;"Gastão Vidigal";2018;0,276;0,451;0,797;0,721;0,672;0,563;0,582;0,578;0
3516804;"Gastão Vidigal";2020;0,271;0,439;0,822;0,722;0,563;0,594;0,552;0,585;1
3516804;"Gastão Vidigal";2022;0,296;0,441;0,877;0,697;0,583;0,556;0,585;0,565;0
3516804;"Gastão Vidigal";2024;0,34;0,464;0,882;0,716;0,539;0,569;0,587;0,583;0
3516853;"Gavião Peixoto";2014;0,458;0,457;0,792;0,698;0,365;0,449;0,538;0,535;0
3516853;"Gavião Peixoto";2016;0,569;0,438;0,713;0,717;0,532;0,511;0,605;0,555;0
3516853;"Gavião Peixoto";2018;0,609;0,451;0,711;0,721;0,545;0,563;0,622;0,578;0
3516853;"Gavião Peixoto";2020;0,646;0,439;0,709;0,722;0,522;0,594;0,626;0,585;0
3516853;"Gavião Peixoto";2022;0,616;0,441;0,634;0,697;0,715;0,556;0,655;0,565;0
3516853;"Gavião Peixoto";2024;0,602;0,464;0,658;0,716;0,722;0,569;0,661;0,583;0
3516903;"General Salgado";2014;0,332;0,457;0,808;0,698;0,532;0,449;0,557;0,535;0
3516903;"General Salgado";2016;0,334;0,438;0,583;0,717;0,514;0,511;0,477;0,555;1
3516903;"General Salgado";2018;0,322;0,451;0,635;0,721;0,571;0,563;0,509;0,578;1
3516903;"General Salgado";2020;0,321;0,439;0,749;0,722;0,544;0,594;0,538;0,585;1
3516903;"General Salgado";2022;0,316;0,441;0,732;0,697;0,578;0,556;0,542;0,565;1
3516903;"General Salgado";2024;0,334;0,464;0,651;0,716;0,56;0,569;0,515;0,583;1
3517000;"Getulina";2014;0,288;0,457;0,631;0,698;0,31;0,449;0,41;0,535;1
3517000;"Getulina";2016;0,27;0,438;0,749;0,717;0,386;0,511;0,468;0,555;1
3517000;"Getulina";2018;0,309;0,451;0,712;0,721;0,465;0,563;0,495;0,578;1
3517000;"Getulina";2020;0,311;0,439;0,721;0,722;0,481;0,594;0,504;0,585;1
3517000;"Getulina";2022;0,288;0,441;0,609;0,697;0,45;0,556;0,449;0,565;1
3517000;"Getulina";2024;0,352;0,464;0,759;0,716;0,428;0,569;0,513;0,583;1
3517109;"Glicério";2014;0,322;0,457;0,617;0,698;0,475;0,449;0,471;0,535;1
3517109;"Glicério";2016;0,309;0,438;0,749;0,717;0,531;0,511;0,53;0,555;1
3517109;"Glicério";2018;0,351;0,451;0,755;0,721;0,567;0,563;0,558;0,578;1
3517109;"Glicério";2020;0,344;0,439;0,769;0,722;0,665;0,594;0,593;0,585;0
3517109;"Glicério";2022;0,345;0,441;0,739;0,697;0,619;0,556;0,568;0,565;0
3517109;"Glicério";2024;0,385;0,464;0,718;0,716;0,6;0,569;0,568;0,583;1
3517208;"Guaiçara";2014;0,333;0,457;0,665;0,698;0,304;0,449;0,434;0,535;1
3517208;"Guaiçara";2016;0,305;0,438;0,717;0,717;0,426;0,511;0,483;0,555;1
3517208;"Guaiçara";2018;0,321;0,451;0,644;0,721;0,486;0,563;0,484;0,578;1
3517208;"Guaiçara";2020;0,324;0,439;0,67;0,722;0,452;0,594;0,482;0,585;1
3517208;"Guaiçara";2022;0,353;0,441;0,749;0,697;0,48;0,556;0,527;0,565;1
3517208;"Guaiçara";2024;0,361;0,464;0,578;0,716;0,545;0,569;0,495;0,583;1
3517307;"Guaimbê";2014;0,262;0,457;0,57;0,698;0,341;0,449;0,391;0,535;1
3517307;"Guaimbê";2016;0,254;0,438;0,513;0,717;0,454;0,511;0,407;0,555;1
3517307;"Guaimbê";2018;0,266;0,451;0,477;0,721;0,383;0,563;0,375;0,578;1
3517307;"Guaimbê";2020;0,31;0,439;0,618;0,722;0,527;0,594;0,485;0,585;1
3517307;"Guaimbê";2022;0,33;0,441;0,53;0,697;0,409;0,556;0,423;0,565;1
3517307;"Guaimbê";2024;0,362;0,464;0,663;0,716;0,531;0,569;0,519;0,583;1
3517406;"Guaíra";2014;0,462;0,457;0,664;0,698;0,509;0,449;0,545;0,535;0
3517406;"Guaíra";2016;0,478;0,438;0,726;0,717;0,57;0,511;0,591;0,555;0
3517406;"Guaíra";2018;0,486;0,451;0,747;0,721;0,56;0,563;0,598;0,578;0
3517406;"Guaíra";2020;0,476;0,439;0,708;0,722;0,573;0,594;0,586;0,585;0
3517406;"Guaíra";2022;0,461;0,441;0,686;0,697;0,488;0,556;0,545;0,565;1
3517406;"Guaíra";2024;0,504;0,464;0,73;0,716;0,53;0,569;0,588;0,583;0
3517505;"Guapiaçu";2014;0,371;0,457;0,762;0,698;0,472;0,449;0,535;0,535;0
3517505;"Guapiaçu";2016;0,376;0,438;0,773;0,717;0,603;0,511;0,584;0,555;0
3517505;"Guapiaçu";2018;0,394;0,451;0,838;0,721;0,543;0,563;0,592;0,578;0
3517505;"Guapiaçu";2020;0,398;0,439;0,82;0,722;0,503;0,594;0,574;0,585;1
3517505;"Guapiaçu";2022;0,398;0,441;0,775;0,697;0,507;0,556;0,56;0,565;1
3517505;"Guapiaçu";2024;0,432;0,464;0,755;0,716;0,558;0,569;0,582;0,583;1
3517604;"Guapiara";2014;0,243;0,457;0,613;0,698;0,377;0,449;0,411;0,535;1
3517604;"Guapiara";2016;0,222;0,438;0,57;0,717;0,422;0,511;0,405;0,555;1
3517604;"Guapiara";2018;0,22;0,451;0,539;0,721;0,481;0,563;0,413;0,578;1
3517604;"Guapiara";2020;0,227;0,439;0,484;0,722;0,482;0,594;0,398;0,585;1
3517604;"Guapiara";2022;0,215;0,441;0,568;0,697;0,426;0,556;0,403;0,565;1
3517604;"Guapiara";2024;0,277;0,464;0,669;0,716;0,488;0,569;0,478;0,583;1
3517703;"Guará";2014;0,331;0,457;0,626;0,698;0,442;0,449;0,466;0,535;1
3517703;"Guará";2016;0,322;0,438;0,741;0,717;0,487;0,511;0,517;0,555;1
3517703;"Guará";2018;0,341;0,451;0,759;0,721;0,507;0,563;0,536;0,578;1
3517703;"Guará";2020;0,357;0,439;0,735;0,722;0,506;0,594;0,533;0,585;1
3517703;"Guará";2022;0,365;0,441;0,693;0,697;0,449;0,556;0,502;0,565;1
3517703;"Guará";2024;0,371;0,464;0,742;0,716;0,487;0,569;0,533;0,583;1
3517802;"Guaraçaí";2014;0,301;0,457;0,65;0,698;0,48;0,449;0,477;0,535;1
3517802;"Guaraçaí";2016;0,298;0,438;0,641;0,717;0,577;0,511;0,505;0,555;1
3517802;"Guaraçaí";2018;0,323;0,451;0,682;0,721;0,6;0,563;0,535;0,578;1
3517802;"Guaraçaí";2020;0,332;0,439;0,685;0,722;0,626;0,594;0,548;0,585;1
3517802;"Guaraçaí";2022;0,325;0,441;0,575;0,697;0,519;0,556;0,473;0,565;1
3517802;"Guaraçaí";2024;0,34;0,464;0,685;0,716;0,613;0,569;0,546;0,583;1
3517901;"Guaraci";2014;0,35;0,457;0,65;0,698;0,454;0,449;0,485;0,535;1
3517901;"Guaraci";2016;0,345;0,438;0,642;0,717;0,507;0,511;0,498;0,555;1
3517901;"Guaraci";2018;0,372;0,451;0,656;0,721;0,508;0,563;0,512;0,578;1
3517901;"Guaraci";2020;0,377;0,439;0,765;0,722;0,524;0,594;0,555;0,585;1
3517901;"Guaraci";2022;0,364;0,441;0,782;0,697;0,504;0,556;0,55;0,565;1
3517901;"Guaraci";2024;0,438;0,464;0,679;0,716;0,558;0,569;0,558;0,583;1
3518008;"Guarani d'Oeste";2014;0,276;0,457;0,817;0,698;0,599;0,449;0,564;0,535;0
3518008;"Guarani d'Oeste";2016;0,268;0,438;0,812;0,717;0,655;0,511;0,578;0,555;0
3518008;"Guarani d'Oeste";2018;0,281;0,451;0,823;0,721;0,756;0,563;0,62;0,578;0
3518008;"Guarani d'Oeste";2020;0,296;0,439;0,826;0,722;0,828;0,594;0,65;0,585;0
3518008;"Guarani d'Oeste";2022;0,261;0,441;0,777;0,697;0,793;0,556;0,61;0,565;0
3518008;"Guarani d'Oeste";2024;0,3;0,464;0,691;0,716;0,594;0,569;0,528;0,583;1
3518107;"Guarantã";2014;0,322;0,457;0,631;0,698;0,338;0,449;0,43;0,535;1
3518107;"Guarantã";2016;0,321;0,438;0,743;0,717;0,439;0,511;0,501;0,555;1
3518107;"Guarantã";2018;0,341;0,451;0,748;0,721;0,401;0,563;0,497;0,578;1
3518107;"Guarantã";2020;0,331;0,439;0,745;0,722;0,43;0,594;0,502;0,585;1
3518107;"Guarantã";2022;0,322;0,441;0,756;0,697;0,436;0,556;0,505;0,565;1
3518107;"Guarantã";2024;0,358;0,464;0,706;0,716;0,42;0,569;0,495;0,583;1
3518206;"Guararapes";2014;0,383;0,457;0,612;0,698;0,528;0,449;0,508;0,535;1
3518206;"Guararapes";2016;0,397;0,438;0,676;0,717;0,577;0,511;0,55;0,555;1
3518206;"Guararapes";2018;0,396;0,451;0,773;0,721;0,616;0,563;0,595;0,578;0
3518206;"Guararapes";2020;0,404;0,439;0,753;0,722;0,657;0,594;0,605;0,585;0
3518206;"Guararapes";2022;0,395;0,441;0,703;0,697;0,611;0,556;0,57;0,565;0
3518206;"Guararapes";2024;0,444;0,464;0,711;0,716;0,672;0,569;0,609;0,583;0
3518305;"Guararema";2014;0,434;0,457;0,714;0,698;0,478;0,449;0,542;0,535;0
3518305;"Guararema";2016;0,406;0,438;0,704;0,717;0,511;0,511;0,54;0,555;1
3518305;"Guararema";2018;0,435;0,451;0,716;0,721;0,577;0,563;0,576;0,578;1
3518305;"Guararema";2020;0,433;0,439;0,739;0,722;0,596;0,594;0,589;0,585;0
3518305;"Guararema";2022;0,417;0,441;0,686;0,697;0,582;0,556;0,562;0,565;1
3518305;"Guararema";2024;0,446;0,464;0,747;0,716;0,639;0,569;0,611;0,583;0
3518404;"Guaratinguetá";2014;0,424;0,457;0,632;0,698;0,404;0,449;0,487;0,535;1
3518404;"Guaratinguetá";2016;0,403;0,438;0,661;0,717;0,477;0,511;0,514;0,555;1
3518404;"Guaratinguetá";2018;0,421;0,451;0,663;0,721;0,528;0,563;0,537;0,578;1
3518404;"Guaratinguetá";2020;0,418;0,439;0,701;0,722;0,587;0,594;0,569;0,585;1
3518404;"Guaratinguetá";2022;0,424;0,441;0,649;0,697;0,566;0,556;0,546;0,565;1
3518404;"Guaratinguetá";2024;0,419;0,464;0,665;0,716;0,585;0,569;0,556;0,583;1
3518503;"Guareí";2014;0,271;0,457;0,85;0,698;0,425;0,449;0,515;0,535;1
3518503;"Guareí";2016;0,259;0,438;0,629;0,717;0,526;0,511;0,471;0,555;1
3518503;"Guareí";2018;0,279;0,451;0,738;0,721;0,58;0,563;0,532;0,578;1
3518503;"Guareí";2020;0,279;0,439;0,683;0,722;0,557;0,594;0,506;0,585;1
3518503;"Guareí";2022;0,294;0,441;0,603;0,697;0,541;0,556;0,479;0,565;1
3518503;"Guareí";2024;0,382;0,464;0,733;0,716;0,614;0,569;0,576;0,583;1
3518602;"Guariba";2014;0,369;0,457;0,693;0,698;0,435;0,449;0,499;0,535;1
3518602;"Guariba";2016;0,366;0,438;0,707;0,717;0,453;0,511;0,509;0,555;1
3518602;"Guariba";2018;0,362;0,451;0,677;0,721;0,503;0,563;0,514;0,578;1
3518602;"Guariba";2020;0,354;0,439;0,707;0,722;0,597;0,594;0,553;0,585;1
3518602;"Guariba";2022;0,352;0,441;0,651;0,697;0,535;0,556;0,513;0,565;1
3518602;"Guariba";2024;0,387;0,464;0,725;0,716;0,644;0,569;0,585;0,583;0
3518701;"Guarujá";2014;0,464;0,457;0,593;0,698;0,334;0,449;0,464;0,535;1
3518701;"Guarujá";2016;0,437;0,438;0,633;0,717;0,411;0,511;0,494;0,555;1
3518701;"Guarujá";2018;0,435;0,451;0,623;0,721;0,472;0,563;0,51;0,578;1
3518701;"Guarujá";2020;0,426;0,439;0,617;0,722;0,495;0,594;0,513;0,585;1
3518701;"Guarujá";2022;0,435;0,441;0,616;0,697;0,482;0,556;0,511;0,565;1
3518701;"Guarujá";2024;0,399;0,464;0,631;0,716;0,5;0,569;0,51;0,583;1
3518800;"Guarulhos";2014;0,445;0,457;0,66;0,698;0,4;0,449;0,502;0,535;1
3518800;"Guarulhos";2016;0,425;0,438;0,687;0,717;0,472;0,511;0,528;0,555;1
3518800;"Guarulhos";2018;0,438;0,451;0,678;0,721;0,512;0,563;0,543;0,578;1
3518800;"Guarulhos";2020;0,421;0,439;0,673;0,722;0,543;0,594;0,546;0,585;1
3518800;"Guarulhos";2022;0,428;0,441;0,651;0,697;0,503;0,556;0,527;0,565;1
3518800;"Guarulhos";2024;0,413;0,464;0,654;0,716;0,5;0,569;0,522;0,583;1
3518859;"Guatapará";2014;0,362;0,457;0,676;0,698;0,365;0,449;0,468;0,535;1
3518859;"Guatapará";2016;0,34;0,438;0,631;0,717;0,519;0,511;0,497;0,555;1
3518859;"Guatapará";2018;0,368;0,451;0,693;0,721;0,438;0,563;0,5;0,578;1
3518859;"Guatapará";2020;0,363;0,439;0,714;0,722;0,538;0,594;0,538;0,585;1
3518859;"Guatapará";2022;0,347;0,441;0,689;0,697;0,46;0,556;0,499;0,565;1
3518859;"Guatapará";2024;0,396;0,464;0,705;0,716;0,497;0,569;0,533;0,583;1
3518909;"Guzolândia";2014;0,24;0,457;0,516;0,698;0,472;0,449;0,409;0,535;1
3518909;"Guzolândia";2016;0,232;0,438;0,54;0,717;0,562;0,511;0,445;0,555;1
3518909;"Guzolândia";2018;0,253;0,451;0,694;0,721;0,641;0,563;0,529;0,578;1
3518909;"Guzolândia";2020;0,252;0,439;0,788;0,722;0,599;0,594;0,546;0,585;1
3518909;"Guzolândia";2022;0,265;0,441;0,739;0,697;0,528;0,556;0,511;0,565;1
3518909;"Guzolândia";2024;0,371;0,464;0,707;0,716;0,625;0,569;0,568;0,583;1
3519006;"Herculândia";2014;0,314;0,457;0,653;0,698;0,4;0,449;0,456;0,535;1
3519006;"Herculândia";2016;0,312;0,438;0,668;0,717;0,47;0,511;0,483;0,555;1
3519006;"Herculândia";2018;0,341;0,451;0,666;0,721;0,551;0,563;0,519;0,578;1
3519006;"Herculândia";2020;0,34;0,439;0,658;0,722;0,536;0,594;0,511;0,585;1
3519006;"Herculândia";2022;0,351;0,441;0,627;0,697;0,471;0,556;0,483;0,565;1
3519006;"Herculândia";2024;0,375;0,464;0,627;0,716;0,48;0,569;0,494;0,583;1
3519055;"Holambra";2014;0,509;0,457;0,742;0,698;0,461;0,449;0,571;0,535;0
3519055;"Holambra";2016;0,501;0,438;0,893;0,717;0,595;0,511;0,663;0,555;0
3519055;"Holambra";2018;0,516;0,451;0,87;0,721;0,611;0,563;0,666;0,578;0
3519055;"Holambra";2020;0,535;0,439;0,747;0,722;0,659;0,594;0,647;0,585;0
3519055;"Holambra";2022;0,416;0,441;0,832;0,697;0,605;0,556;0,618;0,565;0
3519055;"Holambra";2024;0,589;0,464;0,801;0,716;0,646;0,569;0,679;0,583;0
3519071;"Hortolândia";2014;0,462;0,457;0,718;0,698;0,466;0,449;0,549;0,535;0
3519071;"Hortolândia";2016;0,467;0,438;0,741;0,717;0,547;0,511;0,585;0,555;0
3519071;"Hortolândia";2018;0,477;0,451;0,758;0,721;0,603;0,563;0,613;0,578;0
3519071;"Hortolândia";2020;0,48;0,439;0,76;0,722;0,631;0,594;0,624;0,585;0
3519071;"Hortolândia";2022;0,489;0,441;0,74;0,697;0,583;0,556;0,604;0,565;0
3519071;"Hortolândia";2024;0,444;0,464;0,785;0,716;0,599;0,569;0,609;0,583;0
3519105;"Iacanga";2014;0,411;0,457;0,75;0,698;0,487;0,449;0,549;0,535;0
3519105;"Iacanga";2016;0,409;0,438;0,778;0,717;0,52;0,511;0,569;0,555;0
3519105;"Iacanga";2018;0,414;0,451;0,706;0,721;0,673;0,563;0,598;0,578;0
3519105;"Iacanga";2020;0,408;0,439;0,72;0,722;0,638;0,594;0,589;0,585;0
3519105;"Iacanga";2022;0,404;0,441;0,734;0,697;0,61;0,556;0,583;0,565;0
3519105;"Iacanga";2024;0,434;0,464;0,653;0,716;0,718;0,569;0,602;0,583;0
3519204;"Iacri";2014;0,306;0,457;0,594;0,698;0,468;0,449;0,456;0,535;1
3519204;"Iacri";2016;0,297;0,438;0,677;0,717;0,501;0,511;0,492;0,555;1
3519204;"Iacri";2018;0,333;0,451;0,63;0,721;0,561;0,563;0,508;0,578;1
3519204;"Iacri";2020;0,34;0,439;0,598;0,722;0,573;0,594;0,504;0,585;1
3519204;"Iacri";2022;0,329;0,441;0,575;0,697;0,455;0,556;0,453;0,565;1
3519204;"Iacri";2024;0,462;0,464;0,522;0,716;0,572;0,569;0,519;0,583;1
3519253;"Iaras";2014;0,308;0,457;0,712;0,698;0,32;0,449;0,447;0,535;1
3519253;"Iaras";2016;0,301;0,438;0,618;0,717;0,405;0,511;0,441;0,555;1
3519253;"Iaras";2018;0,331;0,451;0,608;0,721;0,469;0,563;0,469;0,578;1
3519253;"Iaras";2020;0,342;0,439;0,661;0,722;0,484;0,594;0,496;0,585;1
3519253;"Iaras";2022;0,336;0,441;0,615;0,697;0,42;0,556;0,457;0,565;1
3519253;"Iaras";2024;0,395;0,464;0,579;0,716;0,45;0,569;0,475;0,583;1
3519303;"Ibaté";2014;0,359;0,457;0,683;0,698;0,459;0,449;0,5;0,535;1
3519303;"Ibaté";2016;0,348;0,438;0,746;0,717;0,527;0,511;0,54;0,555;1
3519303;"Ibaté";2018;0,362;0,451;0,782;0,721;0,609;0,563;0,584;0,578;0
3519303;"Ibaté";2020;0,375;0,439;0,751;0,722;0,663;0,594;0,596;0,585;0
3519303;"Ibaté";2022;0,369;0,441;0,722;0,697;0,59;0,556;0,56;0,565;1
3519303;"Ibaté";2024;0,411;0,464;0,665;0,716;0,615;0,569;0,564;0,583;1
3519402;"Ibirá";2014;0,34;0,457;0,788;0,698;0,507;0,449;0,545;0,535;0
3519402;"Ibirá";2016;0,319;0,438;0,788;0,717;0,7;0,511;0,602;0,555;0
3519402;"Ibirá";2018;0,342;0,451;0,854;0,721;0,702;0,563;0,633;0,578;0
3519402;"Ibirá";2020;0,335;0,439;0,724;0,722;0,724;0,594;0,594;0,585;0
3519402;"Ibirá";2022;0,331;0,441;0,75;0,697;0,535;0,556;0,539;0,565;1
3519402;"Ibirá";2024;0,347;0,464;0,683;0,716;0,633;0,569;0,554;0,583;1
3519501;"Ibirarema";2014;0,324;0,457;0,66;0,698;0,447;0,449;0,477;0,535;1
3519501;"Ibirarema";2016;0,333;0,438;0,754;0,717;0,427;0,511;0,505;0,555;1
3519501;"Ibirarema";2018;0,321;0,451;0,788;0,721;0,49;0,563;0,533;0,578;1
3519501;"Ibirarema";2020;0,32;0,439;0,743;0,722;0,516;0,594;0,526;0,585;1
3519501;"Ibirarema";2022;0,343;0,441;0,597;0,697;0,525;0,556;0,488;0,565;1
3519501;"Ibirarema";2024;0,392;0,464;0,648;0,716;0,497;0,569;0,512;0,583;1
3519600;"Ibitinga";2014;0,371;0,457;0,689;0,698;0,568;0,449;0,543;0,535;0
3519600;"Ibitinga";2016;0,35;0,438;0,689;0,717;0,598;0,511;0,546;0,555;1
3519600;"Ibitinga";2018;0,373;0,451;0,705;0,721;0,63;0,563;0,569;0,578;1
3519600;"Ibitinga";2020;0,37;0,439;0,709;0,722;0,634;0,594;0,571;0,585;1
3519600;"Ibitinga";2022;0,362;0,441;0,593;0,697;0,591;0,556;0,515;0,565;1
3519600;"Ibitinga";2024;0,394;0,464;0,671;0,716;0,626;0,569;0,564;0,583;1
3519709;"Ibiúna";2014;0,455;0,457;0,6;0,698;0,422;0,449;0,492;0,535;1
3519709;"Ibiúna";2016;0,435;0,438;0,675;0,717;0,467;0,511;0,526;0,555;1
3519709;"Ibiúna";2018;0,46;0,451;0,649;0,721;0,525;0,563;0,545;0,578;1
3519709;"Ibiúna";2020;0,405;0,439;0,655;0,722;0,534;0,594;0,531;0,585;1
3519709;"Ibiúna";2022;0,422;0,441;0,604;0,697;0,521;0,556;0,516;0,565;1
3519709;"Ibiúna";2024;0,432;0,464;0,661;0,716;0,501;0,569;0,531;0,583;1
3519808;"Icém";2014;0,356;0,457;0,63;0,698;0,331;0,449;0,439;0,535;1
3519808;"Icém";2016;0,434;0,438;0,736;0,717;0,356;0,511;0,509;0,555;1
3519808;"Icém";2018;0,349;0,451;0,676;0,721;0,393;0,563;0,473;0,578;1
3519808;"Icém";2020;0,325;0,439;0,632;0,722;0,435;0,594;0,464;0,585;1
3519808;"Icém";2022;0,312;0,441;0,637;0,697;0,481;0,556;0,477;0,565;1
3519808;"Icém";2024;0,364;0,464;0,692;0,716;0,486;0,569;0,514;0,583;1
3519907;"Iepê";2014;0,312;0,457;0,764;0,698;0,447;0,449;0,508;0,535;1
3519907;"Iepê";2016;0,321;0,438;0,776;0,717;0,52;0,511;0,539;0,555;1
3519907;"Iepê";2018;0,338;0,451;0,716;0,721;0,555;0,563;0,536;0,578;1
3519907;"Iepê";2020;0,354;0,439;0,659;0,722;0,554;0,594;0,522;0,585;1
3519907;"Iepê";2022;0,362;0,441;0,607;0,697;0,564;0,556;0,511;0,565;1
3519907;"Iepê";2024;0,398;0,464;0,633;0,716;0,568;0,569;0,533;0,583;1
3520004;"Igaraçu do Tietê";2014;0,306;0,457;0,581;0,698;0,477;0,449;0,455;0,535;1
3520004;"Igaraçu do Tietê";2016;0,295;0,438;0,642;0,717;0,399;0,511;0,445;0,555;1
3520004;"Igaraçu do Tietê";2018;0,298;0,451;0,656;0,721;0,454;0,563;0,469;0,578;1
3520004;"Igaraçu do Tietê";2020;0,293;0,439;0,713;0,722;0,491;0,594;0,499;0,585;1
3520004;"Igaraçu do Tietê";2022;0,301;0,441;0,626;0,697;0,437;0,556;0,455;0,565;1
3520004;"Igaraçu do Tietê";2024;0,289;0,464;0,641;0,716;0,482;0,569;0,471;0,583;1
3520103;"Igarapava";2014;0,376;0,457;0,751;0,698;0,409;0,449;0,512;0,535;1
3520103;"Igarapava";2016;0,36;0,438;0,662;0,717;0,423;0,511;0,482;0,555;1
3520103;"Igarapava";2018;0,376;0,451;0,698;0,721;0,481;0,563;0,518;0,578;1
3520103;"Igarapava";2020;0,365;0,439;0,694;0,722;0,511;0,594;0,523;0,585;1
3520103;"Igarapava";2022;0,369;0,441;0,719;0,697;0,459;0,556;0,516;0,565;1
3520103;"Igarapava";2024;0,391;0,464;0,676;0,716;0,49;0,569;0,519;0,583;1
3520202;"Igaratá";2014;0,302;0,457;0,651;0,698;0,471;0,449;0,475;0,535;1
3520202;"Igaratá";2016;0,287;0,438;0,671;0,717;0,471;0,511;0,476;0,555;1
3520202;"Igaratá";2018;0,342;0,451;0,68;0,721;0,584;0,563;0,535;0,578;1
3520202;"Igaratá";2020;0,354;0,439;0,732;0,722;0,57;0,594;0,552;0,585;1
3520202;"Igaratá";2022;0,333;0,441;0,655;0,697;0,553;0,556;0,514;0,565;1
3520202;"Igaratá";2024;0,374;0,464;0,635;0,716;0,614;0,569;0,541;0,583;1
3520301;"Iguape";2014;0,329;0,457;0,609;0,698;0,379;0,449;0,439;0,535;1
3520301;"Iguape";2016;0,28;0,438;0,609;0,717;0,483;0,511;0,457;0,555;1
3520301;"Iguape";2018;0,325;0,451;0,584;0,721;0,52;0,563;0,476;0,578;1
3520301;"Iguape";2020;0,31;0,439;0,709;0,722;0,502;0,594;0,507;0,585;1
3520301;"Iguape";2022;0,314;0,441;0,584;0,697;0,543;0,556;0,48;0,565;1
3520301;"Iguape";2024;0,355;0,464;0,677;0,716;0,558;0,569;0,53;0,583;1
3520400;"Ilhabela";2014;0,557;0,457;0,743;0,698;0,442;0,449;0,581;0,535;0
3520400;"Ilhabela";2016;0,508;0,438;0,756;0,717;0,498;0,511;0,587;0,555;0
3520400;"Ilhabela";2018;0,583;0,451;0,758;0,721;0,562;0,563;0,634;0,578;0
3520400;"Ilhabela";2020;0,564;0,439;0,753;0,722;0,569;0,594;0,629;0,585;0
3520400;"Ilhabela";2022;0,559;0,441;0,756;0,697;0,528;0,556;0,614;0,565;0
3520400;"Ilhabela";2024;0,541;0,464;0,713;0,716;0,573;0,569;0,609;0,583;0
3520426;"Ilha Comprida";2014;0,501;0,457;0,65;0,698;0,45;0,449;0,534;0,535;1
3520426;"Ilha Comprida";2016;0,404;0,438;0,652;0,717;0,512;0,511;0,523;0,555;1
3520426;"Ilha Comprida";2018;0,51;0,451;0,66;0,721;0,651;0,563;0,607;0,578;0
3520426;"Ilha Comprida";2020;0,478;0,439;0,65;0,722;0,65;0,594;0,593;0,585;0
3520426;"Ilha Comprida";2022;0,42;0,441;0,379;0,697;0,598;0,556;0,466;0,565;1
3520426;"Ilha Comprida";2024;0,461;0,464;0,493;0,716;0,682;0,569;0,545;0,583;1
3520442;"Ilha Solteira";2014;0,405;0,457;0,676;0,698;0,553;0,449;0,545;0,535;0
3520442;"Ilha Solteira";2016;0,373;0,438;0,793;0,717;0,633;0,511;0,6;0,555;0
3520442;"Ilha Solteira";2018;0,39;0,451;0,75;0,721;0,679;0,563;0,606;0,578;0
3520442;"Ilha Solteira";2020;0,392;0,439;0,726;0,722;0,705;0,594;0,608;0,585;0
3520442;"Ilha Solteira";2022;0,369;0,441;0,72;0,697;0,631;0,556;0,573;0,565;0
3520442;"Ilha Solteira";2024;0,392;0,464;0,693;0,716;0,69;0,569;0,592;0,583;0
3520509;"Indaiatuba";2014;0,487;0,457;0,736;0,698;0,574;0,449;0,599;0,535;0
3520509;"Indaiatuba";2016;0,463;0,438;0,75;0,717;0,639;0,511;0,617;0,555;0
3520509;"Indaiatuba";2018;0,491;0,451;0,768;0,721;0,692;0,563;0,65;0,578;0
3520509;"Indaiatuba";2020;0,485;0,439;0,767;0,722;0,712;0,594;0,655;0,585;0
3520509;"Indaiatuba";2022;0,489;0,441;0,736;0,697;0,718;0,556;0,648;0,565;0
3520509;"Indaiatuba";2024;0,478;0,464;0,782;0,716;0,732;0,569;0,664;0,583;0
3520608;"Indiana";2014;0,25;0,457;0,737;0,698;0,469;0,449;0,485;0,535;1
3520608;"Indiana";2016;0,241;0,438;0,596;0,717;0,574;0,511;0,47;0,555;1
3520608;"Indiana";2018;0,261;0,451;0,645;0,721;0,674;0,563;0,527;0,578;1
3520608;"Indiana";2020;0,267;0,439;0,718;0,722;0,669;0,594;0,551;0,585;1
3520608;"Indiana";2022;0,249;0,441;0,675;0,697;0,53;0,556;0,485;0,565;1
3520608;"Indiana";2024;0,318;0,464;0,752;0,716;0,632;0,569;0,567;0,583;1
3520707;"Indiaporã";2014;0,286;0,457;0,699;0,698;0,661;0,449;0,549;0,535;0
3520707;"Indiaporã";2016;0,262;0,438;0,718;0,717;0,609;0,511;0,53;0,555;1
3520707;"Indiaporã";2018;0,318;0,451;0,687;0,721;0,662;0,563;0,556;0,578;1
3520707;"Indiaporã";2020;0,328;0,439;0,787;0,722;0,737;0,594;0,617;0,585;0
3520707;"Indiaporã";2022;0,307;0,441;0,774;0,697;0,644;0,556;0,575;0,565;0
3520707;"Indiaporã";2024;0,413;0,464;0,703;0,716;0,669;0,569;0,595;0,583;0
3520806;"Inúbia Paulista";2014;0,379;0,457;0,759;0,698;0,45;0,449;0,529;0,535;1
3520806;"Inúbia Paulista";2016;0,359;0,438;0,783;0,717;0,484;0,511;0,542;0,555;1
3520806;"Inúbia Paulista";2018;0,383;0,451;0,812;0,721;0,653;0,563;0,616;0,578;0
3520806;"Inúbia Paulista";2020;0,365;0,439;0,811;0,722;0,619;0,594;0,598;0,585;0
3520806;"Inúbia Paulista";2022;0,365;0,441;0,84;0,697;0,475;0,556;0,56;0,565;1
3520806;"Inúbia Paulista";2024;0,345;0,464;0,722;0,716;0,53;0,569;0,532;0,583;1
3520905;"Ipaussu";2014;0,349;0,457;0,732;0,698;0,519;0,449;0,533;0,535;1
3520905;"Ipaussu";2016;0,336;0,438;0,7;0,717;0,624;0,511;0,553;0,555;1
3520905;"Ipaussu";2018;0,348;0,451;0,662;0,721;0,59;0,563;0,533;0,578;1
3520905;"Ipaussu";2020;0,345;0,439;0,629;0,722;0,624;0,594;0,533;0,585;1
3520905;"Ipaussu";2022;0,347;0,441;0,503;0,697;0,529;0,556;0,46;0,565;1
3520905;"Ipaussu";2024;0,367;0,464;0,605;0,716;0,605;0,569;0,526;0,583;1
3521002;"Iperó";2014;0,347;0,457;0,692;0,698;0,394;0,449;0,478;0,535;1
3521002;"Iperó";2016;0,318;0,438;0,689;0,717;0,479;0,511;0,495;0,555;1
3521002;"Iperó";2018;0,357;0,451;0,704;0,721;0,479;0,563;0,513;0,578;1
3521002;"Iperó";2020;0,357;0,439;0,694;0,722;0,496;0,594;0,516;0,585;1
3521002;"Iperó";2022;0,371;0,441;0,66;0,697;0,479;0,556;0,503;0,565;1
3521002;"Iperó";2024;0,377;0,464;0,661;0,716;0,436;0,569;0,491;0,583;1
3521101;"Ipeúna";2014;0,436;0,457;0,773;0,698;0,469;0,449;0,559;0,535;0
3521101;"Ipeúna";2016;0,416;0,438;0,79;0,717;0,563;0,511;0,59;0,555;0
3521101;"Ipeúna";2018;0,452;0,451;0,743;0,721;0,535;0,563;0,577;0,578;1
3521101;"Ipeúna";2020;0,458;0,439;0,719;0,722;0,64;0,594;0,606;0,585;0
3521101;"Ipeúna";2022;0,451;0,441;0,698;0,697;0,451;0,556;0,533;0,565;1
3521101;"Ipeúna";2024;0,453;0,464;0,697;0,716;0,58;0,569;0,577;0,583;1
3521150;"Ipiguá";2014;0,386;0,457;0,68;0,698;0,418;0,449;0,495;0,535;1
3521150;"Ipiguá";2016;0,382;0,438;0,792;0,717;0,551;0,511;0,575;0,555;0
3521150;"Ipiguá";2018;0,425;0,451;0,798;0,721;0,521;0,563;0,581;0,578;0
3521150;"Ipiguá";2020;0,399;0,439;0,814;0,722;0,573;0,594;0,595;0,585;0
3521150;"Ipiguá";2022;0,385;0,441;0,717;0,697;0,51;0,556;0,537;0,565;1
3521150;"Ipiguá";2024;0,404;0,464;0,789;0,716;0,537;0,569;0,577;0,583;1
3521200;"Iporanga";2014;0,206;0,457;0,716;0,698;0,251;0,449;0,391;0,535;1
3521200;"Iporanga";2016;0,185;0,438;0,763;0,717;0,438;0,511;0,462;0,555;1
3521200;"Iporanga";2018;0,231;0,451;0,764;0,721;0,465;0,563;0,487;0,578;1
3521200;"Iporanga";2020;0,226;0,439;0,675;0,722;0,449;0,594;0,45;0,585;1
3521200;"Iporanga";2022;0,21;0,441;0,716;0,697;0,436;0,556;0,454;0,565;1
3521200;"Iporanga";2024;0,26;0,464;0,64;0,716;0,437;0,569;0,446;0,583;1
3521309;"Ipuã";2014;0,362;0,457;0,632;0,698;0,412;0,449;0,469;0,535;1
3521309;"Ipuã";2016;0,348;0,438;0,803;0,717;0,559;0,511;0,57;0,555;0
3521309;"Ipuã";2018;0,383;0,451;0,733;0,721;0,547;0,563;0,554;0,578;1
3521309;"Ipuã";2020;0,379;0,439;0,702;0,722;0,512;0,594;0,531;0,585;1
3521309;"Ipuã";2022;0,377;0,441;0,702;0,697;0,537;0,556;0,539;0,565;1
3521309;"Ipuã";2024;0,409;0,464;0,68;0,716;0,585;0,569;0,558;0,583;1
3521408;"Iracemápolis";2014;0,41;0,457;0,746;0,698;0,571;0,449;0,576;0,535;0
3521408;"Iracemápolis";2016;0,403;0,438;0,823;0,717;0,625;0,511;0,617;0,555;0
3521408;"Iracemápolis";2018;0,428;0,451;0,858;0,721;0,637;0,563;0,641;0,578;0
3521408;"Iracemápolis";2020;0,428;0,439;0,802;0,722;0,701;0,594;0,644;0,585;0
3521408;"Iracemápolis";2022;0,422;0,441;0,76;0,697;0,657;0,556;0,613;0,565;0
3521408;"Iracemápolis";2024;0,446;0,464;0,721;0,716;0,653;0,569;0,607;0,583;0
3521507;"Irapuã";2014;0,29;0,457;0,767;0,698;0,501;0,449;0,519;0,535;1
3521507;"Irapuã";2016;0,29;0,438;0,793;0,717;0,494;0,511;0,526;0,555;1
3521507;"Irapuã";2018;0,326;0,451;0,825;0,721;0,593;0,563;0,581;0,578;0
3521507;"Irapuã";2020;0,337;0,439;0,838;0,722;0,64;0,594;0,605;0,585;0
3521507;"Irapuã";2022;0,326;0,441;0,805;0,697;0,609;0,556;0,58;0,565;0
3521507;"Irapuã";2024;0,371;0,464;0,807;0,716;0,671;0,569;0,616;0,583;0
3521606;"Irapuru";2014;0,235;0,457;0,596;0,698;0,453;0,449;0,428;0,535;1
3521606;"Irapuru";2016;0,226;0,438;0,668;0,717;0,484;0,511;0,459;0,555;1
3521606;"Irapuru";2018;0,239;0,451;0,675;0,721;0,611;0,563;0,508;0,578;1
3521606;"Irapuru";2020;0,246;0,439;0,589;0,722;0,627;0,594;0,487;0,585;1
3521606;"Irapuru";2022;0,238;0,441;0,585;0,697;0,58;0,556;0,468;0,565;1
3521606;"Irapuru";2024;0,321;0,464;0,647;0,716;0,576;0,569;0,515;0,583;1
3521705;"Itaberá";2014;0,32;0,457;0,692;0,698;0,495;0,449;0,502;0,535;1
3521705;"Itaberá";2016;0,326;0,438;0,585;0,717;0,594;0,511;0,502;0,555;1
3521705;"Itaberá";2018;0,334;0,451;0,494;0,721;0,648;0,563;0,492;0,578;1
3521705;"Itaberá";2020;0,347;0,439;0,61;0,722;0,61;0,594;0,522;0,585;1
3521705;"Itaberá";2022;0,351;0,441;0,667;0,697;0,571;0,556;0,53;0,565;1
3521705;"Itaberá";2024;0,367;0,464;0,698;0,716;0,663;0,569;0,576;0,583;1
3521804;"Itaí";2014;0,433;0,457;0,67;0,698;0,387;0,449;0,497;0,535;1
3521804;"Itaí";2016;0,437;0,438;0,619;0,717;0,454;0,511;0,503;0,555;1
3521804;"Itaí";2018;0,455;0,451;0,637;0,721;0,517;0,563;0,536;0,578;1
3521804;"Itaí";2020;0,352;0,439;0,647;0,722;0,551;0,594;0,517;0,585;1
3521804;"Itaí";2022;0,355;0,441;0,551;0,697;0,507;0,556;0,471;0,565;1
3521804;"Itaí";2024;0,488;0,464;0,668;0,716;0,511;0,569;0,556;0,583;1
3521903;"Itajobi";2014;0,365;0,457;0,705;0,698;0,628;0,449;0,566;0,535;0
3521903;"Itajobi";2016;0,362;0,438;0,639;0,717;0,675;0,511;0,559;0,555;0
3521903;"Itajobi";2018;0,434;0,451;0,685;0,721;0,783;0,563;0,634;0,578;0
3521903;"Itajobi";2020;0,413;0,439;0,564;0,722;0,777;0,594;0,585;0,585;1
3521903;"Itajobi";2022;0,377;0,441;0,592;0,697;0,775;0,556;0,581;0,565;0
3521903;"Itajobi";2024;0,425;0,464;0,705;0,716;0,76;0,569;0,63;0,583;0
3522000;"Itaju";2014;0,298;0,457;0,56;0,698;0,554;0,449;0,471;0,535;1
3522000;"Itaju";2016;0,293;0,438;0,688;0,717;0,623;0,511;0,535;0,555;1
3522000;"Itaju";2018;0,332;0,451;0,557;0,721;0,622;0,563;0,504;0,578;1
3522000;"Itaju";2020;0,329;0,439;0,568;0,722;0,685;0,594;0,527;0,585;1
3522000;"Itaju";2022;0,402;0,441;0,656;0,697;0,549;0,556;0,536;0,565;1
3522000;"Itaju";2024;0,438;0,464;0,675;0,716;0,644;0,569;0,586;0,583;0
3522109;"Itanhaém";2014;0,389;0,457;0,621;0,698;0,474;0,449;0,495;0,535;1
3522109;"Itanhaém";2016;0,371;0,438;0,675;0,717;0,531;0,511;0,526;0,555;1
3522109;"Itanhaém";2018;0,407;0,451;0,673;0,721;0,572;0,563;0,551;0,578;1
3522109;"Itanhaém";2020;0,401;0,439;0,621;0,722;0,576;0,594;0,533;0,585;1
3522109;"Itanhaém";2022;0,374;0,441;0,611;0,697;0,504;0,556;0,496;0,565;1
3522109;"Itanhaém";2024;0,421;0,464;0,727;0,716;0,538;0,569;0,562;0,583;1
3522158;"Itaoca";2014;0,168;0,457;0,459;0,698;0,478;0,449;0,368;0,535;1
3522158;"Itaoca";2016;0,158;0,438;0,545;0,717;0,448;0,511;0,384;0,555;1
3522158;"Itaoca";2018;0,181;0,451;0,603;0,721;0,545;0,563;0,443;0,578;1
3522158;"Itaoca";2020;0,194;0,439;0,612;0,722;0,498;0,594;0,435;0,585;1
3522158;"Itaoca";2022;0,177;0,441;0,654;0,697;0,515;0,556;0,449;0,565;1
3522158;"Itaoca";2024;0,216;0,464;0,663;0,716;0,71;0,569;0,53;0,583;1
3522208;"Itapecerica da Serra";2014;0,42;0,457;0,604;0,698;0,39;0,449;0,471;0,535;1
3522208;"Itapecerica da Serra";2016;0,394;0,438;0,631;0,717;0,468;0,511;0,498;0,555;1
3522208;"Itapecerica da Serra";2018;0,403;0,451;0,662;0,721;0,515;0,563;0,527;0,578;1
3522208;"Itapecerica da Serra";2020;0,39;0,439;0,647;0,722;0,533;0,594;0,523;0,585;1
3522208;"Itapecerica da Serra";2022;0,39;0,441;0,599;0,697;0,511;0,556;0,5;0,565;1
3522208;"Itapecerica da Serra";2024;0,362;0,464;0,651;0,716;0,527;0,569;0,513;0,583;1
3522307;"Itapetininga";2014;0,366;0,457;0,685;0,698;0,505;0,449;0,519;0,535;1
3522307;"Itapetininga";2016;0,359;0,438;0,691;0,717;0,56;0,511;0,537;0,555;1
3522307;"Itapetininga";2018;0,374;0,451;0,687;0,721;0,587;0,563;0,549;0,578;1
3522307;"Itapetininga";2020;0,368;0,439;0,715;0,722;0,607;0,594;0,563;0,585;1
3522307;"Itapetininga";2022;0,379;0,441;0,705;0,697;0,564;0,556;0,549;0,565;1
3522307;"Itapetininga";2024;0,411;0,464;0,728;0,716;0,601;0,569;0,58;0,583;1
3522406;"Itapeva";2014;0,331;0,457;0,625;0,698;0,472;0,449;0,476;0,535;1
3522406;"Itapeva";2016;0,32;0,438;0,653;0,717;0,566;0,511;0,513;0,555;1
3522406;"Itapeva";2018;0,333;0,451;0,679;0,721;0,633;0,563;0,548;0,578;1
3522406;"Itapeva";2020;0,347;0,439;0,708;0,722;0,691;0,594;0,582;0,585;1
3522406;"Itapeva";2022;0,341;0,441;0,627;0,697;0,59;0,556;0,519;0,565;1
3522406;"Itapeva";2024;0,395;0,464;0,638;0,716;0,638;0,569;0,557;0,583;1
3522505;"Itapevi";2014;0,464;0,457;0,666;0,698;0,342;0,449;0,491;0,535;1
3522505;"Itapevi";2016;0,437;0,438;0,689;0,717;0,407;0,511;0,511;0,555;1
3522505;"Itapevi";2018;0,448;0,451;0,673;0,721;0,421;0,563;0,514;0,578;1
3522505;"Itapevi";2020;0,421;0,439;0,652;0,722;0,469;0,594;0,514;0,585;1
3522505;"Itapevi";2022;0,419;0,441;0,673;0,697;0,413;0,556;0,502;0,565;1
3522505;"Itapevi";2024;0,397;0,464;0,628;0,716;0,46;0,569;0,495;0,583;1
3522604;"Itapira";2014;0,415;0,457;0,739;0,698;0,505;0,449;0,553;0,535;0
3522604;"Itapira";2016;0,404;0,438;0,653;0,717;0,557;0,511;0,538;0,555;1
3522604;"Itapira";2018;0,421;0,451;0,642;0,721;0,623;0,563;0,562;0,578;1
3522604;"Itapira";2020;0,413;0,439;0,745;0,722;0,631;0,594;0,596;0,585;0
3522604;"Itapira";2022;0,408;0,441;0,731;0,697;0,602;0,556;0,58;0,565;0
3522604;"Itapira";2024;0,421;0,464;0,718;0,716;0,585;0,569;0,575;0,583;1
3522653;"Itapirapuã Paulista";2014;0,157;0,457;0,578;0,698;0,334;0,449;0,356;0,535;1
3522653;"Itapirapuã Paulista";2016;0,145;0,438;0,543;0,717;0,404;0,511;0,364;0,555;1
3522653;"Itapirapuã Paulista";2018;0,173;0,451;0,623;0,721;0,417;0,563;0,404;0,578;1
3522653;"Itapirapuã Paulista";2020;0,159;0,439;0,654;0,722;0,552;0,594;0,455;0,585;1
3522653;"Itapirapuã Paulista";2022;0,184;0,441;0,658;0,697;0,462;0,556;0,435;0,565;1
3522653;"Itapirapuã Paulista";2024;0,329;0,464;0,685;0,716;0,561;0,569;0,525;0,583;1
3522703;"Itápolis";2014;0,385;0,457;0,665;0,698;0,585;0,449;0,545;0,535;0
3522703;"Itápolis";2016;0,358;0,438;0,709;0,717;0,637;0,511;0,568;0,555;0
3522703;"Itápolis";2018;0,38;0,451;0,752;0,721;0,619;0,563;0,584;0,578;0
3522703;"Itápolis";2020;0,381;0,439;0,742;0,722;0,705;0,594;0,609;0,585;0
3522703;"Itápolis";2022;0,372;0,441;0,733;0,697;0,639;0,556;0,581;0,565;0
3522703;"Itápolis";2024;0,42;0,464;0,737;0,716;0,716;0,569;0,624;0,583;0
3522802;"Itaporanga";2014;0,252;0,457;0,741;0,698;0,412;0,449;0,468;0,535;1
3522802;"Itaporanga";2016;0,253;0,438;0,681;0,717;0,5;0,511;0,478;0,555;1
3522802;"Itaporanga";2018;0,281;0,451;0,651;0,721;0,529;0,563;0,487;0,578;1
3522802;"Itaporanga";2020;0,277;0,439;0,759;0,722;0,522;0,594;0,519;0,585;1
3522802;"Itaporanga";2022;0,266;0,441;0,739;0,697;0,48;0,556;0,495;0,565;1
3522802;"Itaporanga";2024;0,287;0,464;0,662;0,716;0,506;0,569;0,485;0,583;1
3522901;"Itapuí";2014;0,419;0,457;0,776;0,698;0,473;0,449;0,556;0,535;0
3522901;"Itapuí";2016;0,395;0,438;0,702;0,717;0,497;0,511;0,531;0,555;1
3522901;"Itapuí";2018;0,423;0,451;0,775;0,721;0,588;0,563;0,595;0,578;0
3522901;"Itapuí";2020;0,464;0,439;0,808;0,722;0,619;0,594;0,63;0,585;0
3522901;"Itapuí";2022;0,464;0,441;0,718;0,697;0,52;0,556;0,567;0,565;0
3522901;"Itapuí";2024;0,458;0,464;0,705;0,716;0,689;0,569;0,617;0,583;0
3523008;"Itapura";2014;0,331;0,457;0,653;0,698;0,476;0,449;0,487;0,535;1
3523008;"Itapura";2016;0,318;0,438;0,672;0,717;0,468;0,511;0,486;0,555;1
3523008;"Itapura";2018;0,331;0,451;0,654;0,721;0,524;0,563;0,503;0,578;1
3523008;"Itapura";2020;0,347;0,439;0,712;0,722;0,56;0,594;0,54;0,585;1
3523008;"Itapura";2022;0,334;0,441;0,699;0,697;0,541;0,556;0,525;0,565;1
3523008;"Itapura";2024;0,37;0,464;0,731;0,716;0,577;0,569;0,559;0,583;1
3523107;"Itaquaquecetuba";2014;0,345;0,457;0,63;0,698;0,286;0,449;0,42;0,535;1
3523107;"Itaquaquecetuba";2016;0,329;0,438;0,657;0,717;0,38;0,511;0,455;0,555;1
3523107;"Itaquaquecetuba";2018;0,34;0,451;0,664;0,721;0,429;0,563;0,478;0,578;1
3523107;"Itaquaquecetuba";2020;0,332;0,439;0,677;0,722;0,438;0,594;0,482;0,585;1
3523107;"Itaquaquecetuba";2022;0,349;0,441;0,64;0,697;0,431;0,556;0,473;0,565;1
3523107;"Itaquaquecetuba";2024;0,374;0,464;0,644;0,716;0,464;0,569;0,494;0,583;1
3523206;"Itararé";2014;0,289;0,457;0,616;0,698;0,466;0,449;0,457;0,535;1
3523206;"Itararé";2016;0,288;0,438;0,694;0,717;0,491;0,511;0,491;0,555;1
3523206;"Itararé";2018;0,289;0,451;0,682;0,721;0,579;0,563;0,517;0,578;1
3523206;"Itararé";2020;0,284;0,439;0,664;0,722;0,581;0,594;0,51;0,585;1
3523206;"Itararé";2022;0,292;0,441;0,667;0,697;0,548;0,556;0,502;0,565;1
3523206;"Itararé";2024;0,312;0,464;0,679;0,716;0,563;0,569;0,518;0,583;1
3523305;"Itariri";2014;0,276;0,457;0,707;0,698;0,363;0,449;0,449;0,535;1
3523305;"Itariri";2016;0,272;0,438;0,606;0,717;0,429;0,511;0,436;0,555;1
3523305;"Itariri";2018;0,32;0,451;0,608;0,721;0,517;0,563;0,482;0,578;1
3523305;"Itariri";2020;0,321;0,439;0,725;0,722;0,437;0,594;0,494;0,585;1
3523305;"Itariri";2022;0,344;0,441;0,721;0,697;0,503;0,556;0,523;0,565;1
3523305;"Itariri";2024;0,366;0,464;0,732;0,716;0,552;0,569;0,55;0,583;1
3523404;"Itatiba";2014;0,455;0,457;0,736;0,698;0,519;0,449;0,57;0,535;0
3523404;"Itatiba";2016;0,429;0,438;0,742;0,717;0,664;0,511;0,612;0,555;0
3523404;"Itatiba";2018;0,457;0,451;0,715;0,721;0,733;0,563;0,635;0,578;0
3523404;"Itatiba";2020;0,455;0,439;0,713;0,722;0,806;0,594;0,658;0,585;0
3523404;"Itatiba";2022;0,448;0,441;0,672;0,697;0,695;0,556;0,605;0,565;0
3523404;"Itatiba";2024;0,439;0,464;0,714;0,716;0,742;0,569;0,632;0,583;0
3523503;"Itatinga";2014;0,319;0,457;0,696;0,698;0,427;0,449;0,481;0,535;1
3523503;"Itatinga";2016;0,302;0,438;0,745;0,717;0,549;0,511;0,532;0,555;1
3523503;"Itatinga";2018;0,327;0,451;0,756;0,721;0,53;0,563;0,538;0,578;1
3523503;"Itatinga";2020;0,323;0,439;0,754;0,722;0,603;0,594;0,56;0,585;1
3523503;"Itatinga";2022;0,316;0,441;0,579;0,697;0,482;0,556;0,459;0,565;1
3523503;"Itatinga";2024;0,347;0,464;0,494;0,716;0,635;0,569;0,492;0,583;1
3523602;"Itirapina";2014;0,368;0,457;0,803;0,698;0,442;0,449;0,538;0,535;0
3523602;"Itirapina";2016;0,354;0,438;0,738;0,717;0,513;0,511;0,535;0,555;1
3523602;"Itirapina";2018;0,399;0,451;0,696;0,721;0,553;0,563;0,549;0,578;1
3523602;"Itirapina";2020;0,442;0,439;0,67;0,722;0,581;0,594;0,564;0,585;1
3523602;"Itirapina";2022;0,459;0,441;0,71;0,697;0,563;0,556;0,577;0,565;0
3523602;"Itirapina";2024;0,48;0,464;0,814;0,716;0,563;0,569;0,619;0,583;0
3523701;"Itirapuã";2014;0,283;0,457;0,75;0,698;0,424;0,449;0,486;0,535;1
3523701;"Itirapuã";2016;0,269;0,438;0,644;0,717;0,461;0,511;0,458;0,555;1
3523701;"Itirapuã";2018;0,3;0,451;0,665;0,721;0,511;0,563;0,492;0,578;1
3523701;"Itirapuã";2020;0,295;0,439;0,646;0,722;0,493;0,594;0,478;0,585;1
3523701;"Itirapuã";2022;0,301;0,441;0,595;0,697;0,54;0,556;0,479;0,565;1
3523701;"Itirapuã";2024;0,336;0,464;0,696;0,716;0,494;0,569;0,509;0,583;1
3523800;"Itobi";2014;0,32;0,457;0,625;0,698;0,352;0,449;0,432;0,535;1
3523800;"Itobi";2016;0,318;0,438;0,651;0,717;0,429;0,511;0,466;0,555;1
3523800;"Itobi";2018;0,334;0,451;0,663;0,721;0,439;0,563;0,479;0,578;1
3523800;"Itobi";2020;0,343;0,439;0,722;0,722;0,521;0,594;0,529;0,585;1
3523800;"Itobi";2022;0,332;0,441;0,69;0,697;0,521;0,556;0,514;0,565;1
3523800;"Itobi";2024;0,354;0,464;0,715;0,716;0,581;0,569;0,55;0,583;1
3523909;"Itu";2014;0,503;0,457;0,702;0,698;0,45;0,449;0,552;0,535;0
3523909;"Itu";2016;0,478;0,438;0,721;0,717;0,48;0,511;0,56;0,555;0
3523909;"Itu";2018;0,487;0,451;0,718;0,721;0,552;0,563;0,586;0,578;0
3523909;"Itu";2020;0,473;0,439;0,718;0,722;0,56;0,594;0,584;0,585;1
3523909;"Itu";2022;0,481;0,441;0,696;0,697;0,528;0,556;0,568;0,565;0
3523909;"Itu";2024;0,513;0,464;0,725;0,716;0,569;0,569;0,602;0,583;0
3524006;"Itupeva";2014;0,523;0,457;0,72;0,698;0,495;0,449;0,579;0,535;0
3524006;"Itupeva";2016;0,513;0,438;0,757;0,717;0,521;0,511;0,597;0,555;0
3524006;"Itupeva";2018;0,565;0,451;0,776;0,721;0,568;0,563;0,636;0,578;0
3524006;"Itupeva";2020;0,56;0,439;0,77;0,722;0,567;0,594;0,632;0,585;0
3524006;"Itupeva";2022;0,539;0,441;0,745;0,697;0,556;0,556;0,613;0,565;0
3524006;"Itupeva";2024;0,495;0,464;0,768;0,716;0,554;0,569;0,606;0,583;0
3524105;"Ituverava";2014;0,389;0,457;0,735;0,698;0,377;0,449;0,5;0,535;1
3524105;"Ituverava";2016;0,376;0,438;0,727;0,717;0,46;0,511;0,521;0,555;1
3524105;"Ituverava";2018;0,396;0,451;0,783;0,721;0,452;0,563;0,544;0,578;1
3524105;"Ituverava";2020;0,394;0,439;0,753;0,722;0,557;0,594;0,568;0,585;1
3524105;"Ituverava";2022;0,393;0,441;0,643;0,697;0,511;0,556;0,516;0,565;1
3524105;"Ituverava";2024;0,441;0,464;0,671;0,716;0,484;0,569;0,532;0,583;1
3524204;"Jaborandi";2014;0,332;0,457;0,645;0,698;0,504;0,449;0,494;0,535;1
3524204;"Jaborandi";2016;0,321;0,438;0,62;0,717;0,572;0,511;0,504;0,555;1
3524204;"Jaborandi";2018;0,346;0,451;0,631;0,721;0,577;0,563;0,518;0,578;1
3524204;"Jaborandi";2020;0,342;0,439;0,691;0,722;0,54;0,594;0,524;0,585;1
3524204;"Jaborandi";2022;0,327;0,441;0,64;0,697;0,511;0,556;0,493;0,565;1
3524204;"Jaborandi";2024;0,41;0,464;0,574;0,716;0,557;0,569;0,514;0,583;1
3524303;"Jaboticabal";2014;0,428;0,457;0,693;0,698;0,456;0,449;0,526;0,535;1
3524303;"Jaboticabal";2016;0,408;0,438;0,739;0,717;0,522;0,511;0,556;0,555;0
3524303;"Jaboticabal";2018;0,426;0,451;0,754;0,721;0,568;0,563;0,583;0,578;0
3524303;"Jaboticabal";2020;0,424;0,439;0,722;0,722;0,586;0,594;0,577;0,585;1
3524303;"Jaboticabal";2022;0,422;0,441;0,738;0,697;0,539;0,556;0,566;0,565;0
3524303;"Jaboticabal";2024;0,45;0,464;0,707;0,716;0,562;0,569;0,573;0,583;1
3524402;"Jacareí";2014;0,411;0,457;0,701;0,698;0,489;0,449;0,534;0,535;1
3524402;"Jacareí";2016;0,398;0,438;0,702;0,717;0,528;0,511;0,543;0,555;1
3524402;"Jacareí";2018;0,421;0,451;0,712;0,721;0,574;0,563;0,569;0,578;1
3524402;"Jacareí";2020;0,412;0,439;0,738;0,722;0,61;0,594;0,587;0,585;0
3524402;"Jacareí";2022;0,402;0,441;0,698;0,697;0,553;0,556;0,551;0,565;1
3524402;"Jacareí";2024;0,409;0,464;0,701;0,716;0,574;0,569;0,561;0,583;1
3524501;"Jaci";2014;0,434;0,457;0,758;0,698;0,485;0,449;0,559;0,535;0
3524501;"Jaci";2016;0,417;0,438;0,718;0,717;0,475;0,511;0,537;0,555;1
3524501;"Jaci";2018;0,44;0,451;0,734;0,721;0,618;0,563;0,597;0,578;0
3524501;"Jaci";2020;0,458;0,439;0,794;0,722;0,466;0,594;0,573;0,585;1
3524501;"Jaci";2022;0,447;0,441;0,75;0,697;0,559;0,556;0,585;0,565;0
3524501;"Jaci";2024;0,472;0,464;0,74;0,716;0,587;0,569;0,6;0,583;0
3524600;"Jacupiranga";2014;0,286;0,457;0,67;0,698;0,481;0,449;0,479;0,535;1
3524600;"Jacupiranga";2016;0,29;0,438;0,623;0,717;0,569;0,511;0,494;0,555;1
3524600;"Jacupiranga";2018;0,32;0,451;0,629;0,721;0,582;0,563;0,51;0,578;1
3524600;"Jacupiranga";2020;0,303;0,439;0,676;0,722;0,581;0,594;0,52;0,585;1
3524600;"Jacupiranga";2022;0,306;0,441;0,625;0,697;0,53;0,556;0,487;0,565;1
3524600;"Jacupiranga";2024;0,376;0,464;0,773;0,716;0,521;0,569;0,557;0,583;1
3524709;"Jaguariúna";2014;0,545;0,457;0,727;0,698;0,607;0,449;0,626;0,535;0
3524709;"Jaguariúna";2016;0,53;0,438;0,763;0,717;0,68;0,511;0,658;0,555;0
3524709;"Jaguariúna";2018;0,561;0,451;0,803;0,721;0,765;0,563;0,71;0,578;0
3524709;"Jaguariúna";2020;0,551;0,439;0,816;0,722;0,766;0,594;0,711;0,585;0
3524709;"Jaguariúna";2022;0,541;0,441;0,727;0,697;0,679;0,556;0,649;0,565;0
3524709;"Jaguariúna";2024;0,548;0,464;0,771;0,716;0,769;0,569;0,696;0,583;0
3524808;"Jales";2014;0,351;0,457;0,733;0,698;0,615;0,449;0,566;0,535;0
3524808;"Jales";2016;0,344;0,438;0,667;0,717;0,7;0,511;0,57;0,555;0
3524808;"Jales";2018;0,374;0,451;0,715;0,721;0,773;0,563;0,621;0,578;0
3524808;"Jales";2020;0,382;0,439;0,759;0,722;0,76;0,594;0,634;0,585;0
3524808;"Jales";2022;0,367;0,441;0,766;0,697;0,727;0,556;0,62;0,565;0
3524808;"Jales";2024;0,399;0,464;0,771;0,716;0,764;0,569;0,645;0,583;0
3524907;"Jambeiro";2014;0,535;0,457;0,716;0,698;0,435;0,449;0,562;0,535;0
3524907;"Jambeiro";2016;0,388;0,438;0,75;0,717;0,422;0,511;0,52;0,555;1
3524907;"Jambeiro";2018;0,405;0,451;0,761;0,721;0,493;0,563;0,553;0,578;1
3524907;"Jambeiro";2020;0,401;0,439;0,641;0,722;0,47;0,594;0,504;0,585;1
3524907;"Jambeiro";2022;0,416;0,441;0,605;0,697;0,459;0,556;0,493;0,565;1
3524907;"Jambeiro";2024;0,471;0,464;0,777;0,716;0,512;0,569;0,587;0,583;0
3525003;"Jandira";2014;0,435;0,457;0,685;0,698;0,336;0,449;0,485;0,535;1
3525003;"Jandira";2016;0,404;0,438;0,723;0,717;0,414;0,511;0,514;0,555;1
3525003;"Jandira";2018;0,408;0,451;0,731;0,721;0,491;0,563;0,543;0,578;1
3525003;"Jandira";2020;0,399;0,439;0,73;0,722;0,506;0,594;0,545;0,585;1
3525003;"Jandira";2022;0,405;0,441;0,693;0,697;0,479;0,556;0,526;0,565;1
3525003;"Jandira";2024;0,369;0,464;0,702;0,716;0,523;0,569;0,531;0,583;1
3525102;"Jardinópolis";2014;0,396;0,457;0,662;0,698;0,417;0,449;0,492;0,535;1
3525102;"Jardinópolis";2016;0,382;0,438;0,719;0,717;0,529;0,511;0,543;0,555;1
3525102;"Jardinópolis";2018;0,409;0,451;0,718;0,721;0,531;0,563;0,553;0,578;1
3525102;"Jardinópolis";2020;0,405;0,439;0,781;0,722;0,462;0,594;0,549;0,585;1
3525102;"Jardinópolis";2022;0,411;0,441;0,736;0,697;0,469;0,556;0,539;0,565;1
3525102;"Jardinópolis";2024;0,451;0,464;0,75;0,716;0,51;0,569;0,57;0,583;1
3525201;"Jarinu";2014;0,44;0,457;0,693;0,698;0,458;0,449;0,53;0,535;1
3525201;"Jarinu";2016;0,419;0,438;0,713;0,717;0,534;0,511;0,555;0,555;0
3525201;"Jarinu";2018;0,467;0,451;0,735;0,721;0,584;0,563;0,595;0,578;0
3525201;"Jarinu";2020;0,48;0,439;0,727;0,722;0,603;0,594;0,603;0,585;0
3525201;"Jarinu";2022;0,451;0,441;0,599;0,697;0,528;0,556;0,526;0,565;1
3525201;"Jarinu";2024;0,479;0,464;0,693;0,716;0,547;0,569;0,573;0,583;1
3525300;"Jaú";2014;0,412;0,457;0,706;0,698;0,456;0,449;0,525;0,535;1
3525300;"Jaú";2016;0,401;0,438;0,726;0,717;0,523;0,511;0,55;0,555;1
3525300;"Jaú";2018;0,417;0,451;0,736;0,721;0,562;0,563;0,572;0,578;1
3525300;"Jaú";2020;0,403;0,439;0,752;0,722;0,592;0,594;0,582;0,585;1
3525300;"Jaú";2022;0,412;0,441;0,72;0,697;0,577;0,556;0,57;0,565;0
3525300;"Jaú";2024;0,433;0,464;0,729;0,716;0,567;0,569;0,576;0,583;1
3525409;"Jeriquara";2014;0,37;0,457;0,66;0,698;0,396;0,449;0,475;0,535;1
3525409;"Jeriquara";2016;0,361;0,438;0,532;0,717;0,478;0,511;0,457;0,555;1
3525409;"Jeriquara";2018;0,374;0,451;0,604;0,721;0,632;0,563;0,537;0,578;1
3525409;"Jeriquara";2020;0,377;0,439;0,555;0,722;0,591;0,594;0,508;0,585;1
3525409;"Jeriquara";2022;0,358;0,441;0,672;0,697;0,566;0,556;0,532;0,565;1
3525409;"Jeriquara";2024;0,421;0,464;0,711;0,716;0,558;0,569;0,563;0,583;1
3525508;"Joanópolis";2014;0,294;0,457;0,654;0,698;0,541;0,449;0,496;0,535;1
3525508;"Joanópolis";2016;0,278;0,438;0,84;0,717;0,584;0,511;0,567;0,555;0
3525508;"Joanópolis";2018;0,294;0,451;0,793;0,721;0,671;0,563;0,586;0,578;0
3525508;"Joanópolis";2020;0,288;0,439;0,764;0,722;0,651;0,594;0,568;0,585;1
3525508;"Joanópolis";2022;0,292;0,441;0,762;0,697;0,532;0,556;0,529;0,565;1
3525508;"Joanópolis";2024;0,361;0,464;0,677;0,716;0,605;0,569;0,548;0,583;1
3525607;"João Ramalho";2014;0,29;0,457;0,553;0,698;0,504;0,449;0,449;0,535;1
3525607;"João Ramalho";2016;0,29;0,438;0,576;0,717;0,518;0,511;0,461;0,555;1
3525607;"João Ramalho";2018;0,286;0,451;0,656;0,721;0,603;0,563;0,515;0,578;1
3525607;"João Ramalho";2020;0,29;0,439;0,765;0,722;0,681;0,594;0,579;0,585;1
3525607;"João Ramalho";2022;0,279;0,441;0,801;0,697;0,563;0,556;0,548;0,565;1
3525607;"João Ramalho";2024;0,291;0,464;0,789;0,716;0,642;0,569;0,574;0,583;1
3525706;"José Bonifácio";2014;0,394;0,457;0,771;0,698;0,431;0,449;0,532;0,535;1
3525706;"José Bonifácio";2016;0,377;0,438;0,812;0,717;0,526;0,511;0,572;0,555;0
3525706;"José Bonifácio";2018;0,397;0,451;0,785;0,721;0,55;0,563;0,577;0,578;1
3525706;"José Bonifácio";2020;0,377;0,439;0,692;0,722;0,544;0,594;0,538;0,585;1
3525706;"José Bonifácio";2022;0,365;0,441;0,673;0,697;0,551;0,556;0,53;0,565;1
3525706;"José Bonifácio";2024;0,404;0,464;0,674;0,716;0,603;0,569;0,56;0,583;1
3525805;"Júlio Mesquita";2014;0,248;0,457;0,652;0,698;0,417;0,449;0,439;0,535;1
3525805;"Júlio Mesquita";2016;0,243;0,438;0,651;0,717;0,4;0,511;0,431;0,555;1
3525805;"Júlio Mesquita";2018;0,247;0,451;0,714;0,721;0,46;0,563;0,474;0,578;1
3525805;"Júlio Mesquita";2020;0,238;0,439;0,713;0,722;0,478;0,594;0,476;0,585;1
3525805;"Júlio Mesquita";2022;0,24;0,441;0,604;0,697;0,439;0,556;0,428;0,565;1
3525805;"Júlio Mesquita";2024;0,252;0,464;0,685;0,716;0,515;0,569;0,484;0,583;1
3525854;"Jumirim";2014;0,357;0,457;0,75;0,698;0,549;0,449;0,552;0,535;0
3525854;"Jumirim";2016;0,345;0,438;0,781;0,717;0,579;0,511;0,568;0,555;0
3525854;"Jumirim";2018;0,408;0,451;0,806;0,721;0,617;0,563;0,61;0,578;0
3525854;"Jumirim";2020;0,427;0,439;0,81;0,722;0,6;0,594;0,612;0,585;0
3525854;"Jumirim";2022;0,437;0,441;0,826;0,697;0,641;0,556;0,635;0,565;0
3525854;"Jumirim";2024;0,458;0,464;0,866;0,716;0,655;0,569;0,66;0,583;0
3525904;"Jundiaí";2014;0,528;0,457;0,729;0,698;0,567;0,449;0,608;0,535;0
3525904;"Jundiaí";2016;0,507;0,438;0,759;0,717;0,608;0,511;0,625;0,555;0
3525904;"Jundiaí";2018;0,524;0,451;0,771;0,721;0,66;0,563;0,652;0,578;0
3525904;"Jundiaí";2020;0,52;0,439;0,779;0,722;0,67;0,594;0,656;0,585;0
3525904;"Jundiaí";2022;0,518;0,441;0,743;0,697;0,662;0,556;0,641;0,565;0
3525904;"Jundiaí";2024;0,474;0,464;0,763;0,716;0,69;0,569;0,642;0,583;0
3526001;"Junqueirópolis";2014;0,353;0,457;0,714;0,698;0,623;0,449;0,563;0,535;0
3526001;"Junqueirópolis";2016;0,36;0,438;0,774;0,717;0,737;0,511;0,624;0,555;0
3526001;"Junqueirópolis";2018;0,354;0,451;0,771;0,721;0,79;0,563;0,638;0,578;0
3526001;"Junqueirópolis";2020;0,364;0,439;0,675;0,722;0,774;0,594;0,604;0,585;0
3526001;"Junqueirópolis";2022;0,361;0,441;0,716;0,697;0,723;0,556;0,6;0,565;0
3526001;"Junqueirópolis";2024;0,358;0,464;0,752;0,716;0,795;0,569;0,635;0,583;0
3526100;"Juquiá";2014;0,257;0,457;0,605;0,698;0,365;0,449;0,409;0,535;1
3526100;"Juquiá";2016;0,246;0,438;0,75;0,717;0,5;0,511;0,499;0,555;1
3526100;"Juquiá";2018;0,265;0,451;0,663;0,721;0,481;0,563;0,47;0,578;1
3526100;"Juquiá";2020;0,25;0,439;0,587;0,722;0,551;0,594;0,463;0,585;1
3526100;"Juquiá";2022;0,251;0,441;0,574;0,697;0,533;0,556;0,453;0,565;1
3526100;"Juquiá";2024;0,374;0,464;0,543;0,716;0,564;0,569;0,494;0,583;1
3526209;"Juquitiba";2014;0,35;0,457;0,663;0,698;0,43;0,449;0,481;0,535;1
3526209;"Juquitiba";2016;0,324;0,438;0,711;0,717;0,496;0,511;0,51;0,555;1
3526209;"Juquitiba";2018;0,382;0,451;0,749;0,721;0,569;0,563;0,567;0,578;1
3526209;"Juquitiba";2020;0,352;0,439;0,721;0,722;0,558;0,594;0,544;0,585;1
3526209;"Juquitiba";2022;0,349;0,441;0,612;0,697;0,512;0,556;0,491;0,565;1
3526209;"Juquitiba";2024;0,347;0,464;0,559;0,716;0,553;0,569;0,486;0,583;1
3526308;"Lagoinha";2014;0,213;0,457;0,554;0,698;0,474;0,449;0,414;0,535;1
3526308;"Lagoinha";2016;0,202;0,438;0,684;0,717;0,566;0,511;0,484;0,555;1
3526308;"Lagoinha";2018;0,214;0,451;0,793;0,721;0,617;0,563;0,541;0,578;1
3526308;"Lagoinha";2020;0,218;0,439;0,799;0,722;0,588;0,594;0,535;0,585;1
3526308;"Lagoinha";2022;0,207;0,441;0,767;0,697;0,542;0,556;0,505;0,565;1
3526308;"Lagoinha";2024;0,238;0,464;0,835;0,716;0,538;0,569;0,537;0,583;1
3526407;"Laranjal Paulista";2014;0,365;0,457;0,656;0,698;0,409;0,449;0,477;0,535;1
3526407;"Laranjal Paulista";2016;0,354;0,438;0,685;0,717;0,445;0,511;0,495;0,555;1
3526407;"Laranjal Paulista";2018;0,384;0,451;0,654;0,721;0,472;0,563;0,503;0,578;1
3526407;"Laranjal Paulista";2020;0,38;0,439;0,652;0,722;0,583;0,594;0,538;0,585;1
3526407;"Laranjal Paulista";2022;0,379;0,441;0,683;0,697;0,511;0,556;0,524;0,565;1
3526407;"Laranjal Paulista";2024;0,398;0,464;0,65;0,716;0,546;0,569;0,531;0,583;1
3526506;"Lavínia";2014;0,257;0,457;0,733;0,698;0,547;0,449;0,512;0,535;1
3526506;"Lavínia";2016;0,249;0,438;0,778;0,717;0,526;0,511;0,518;0,555;1
3526506;"Lavínia";2018;0,28;0,451;0,735;0,721;0,611;0,563;0,542;0,578;1
3526506;"Lavínia";2020;0,28;0,439;0,659;0,722;0,64;0,594;0,526;0,585;1
3526506;"Lavínia";2022;0,245;0,441;0,572;0,697;0,487;0,556;0,435;0,565;1
3526506;"Lavínia";2024;0,317;0,464;0,696;0,716;0,539;0,569;0,517;0,583;1
3526605;"Lavrinhas";2014;0,268;0,457;0,615;0,698;0,239;0,449;0,374;0,535;1
3526605;"Lavrinhas";2016;0,249;0,438;0,672;0,717;0,324;0,511;0,415;0,555;1
3526605;"Lavrinhas";2018;0,269;0,451;0,713;0,721;0,331;0,563;0,438;0,578;1
3526605;"Lavrinhas";2020;0,263;0,439;0,677;0,722;0,418;0,594;0,453;0,585;1
3526605;"Lavrinhas";2022;0,258;0,441;0,665;0,697;0,423;0,556;0,449;0,565;1
3526605;"Lavrinhas";2024;0,284;0,464;0,695;0,716;0,466;0,569;0,482;0,583;1
3526704;"Leme";2014;0,371;0,457;0,649;0,698;0,538;0,449;0,519;0,535;1
3526704;"Leme";2016;0,352;0,438;0,703;0,717;0,576;0,511;0,544;0,555;1
3526704;"Leme";2018;0,363;0,451;0,731;0,721;0,636;0,563;0,577;0,578;1
3526704;"Leme";2020;0,362;0,439;0,706;0,722;0,655;0,594;0,574;0,585;1
3526704;"Leme";2022;0,363;0,441;0,645;0,697;0,623;0,556;0,544;0,565;1
3526704;"Leme";2024;0,382;0,464;0,654;0,716;0,593;0,569;0,543;0,583;1
3526803;"Lençóis Paulista";2014;0,41;0,457;0,746;0,698;0,546;0,449;0,567;0,535;0
3526803;"Lençóis Paulista";2016;0,395;0,438;0,736;0,717;0,628;0,511;0,586;0,555;0
3526803;"Lençóis Paulista";2018;0,406;0,451;0,715;0,721;0,629;0,563;0,583;0,578;0
3526803;"Lençóis Paulista";2020;0,435;0,439;0,747;0,722;0,657;0,594;0,613;0,585;0
3526803;"Lençóis Paulista";2022;0,443;0,441;0,714;0,697;0,63;0,556;0,596;0,565;0
3526803;"Lençóis Paulista";2024;0,455;0,464;0,726;0,716;0,648;0,569;0,61;0,583;0
3526902;"Limeira";2014;0,414;0,457;0,729;0,698;0,499;0,449;0,547;0,535;0
3526902;"Limeira";2016;0,391;0,438;0,761;0,717;0,57;0,511;0,574;0,555;0
3526902;"Limeira";2018;0,41;0,451;0,767;0,721;0,621;0,563;0,599;0,578;0
3526902;"Limeira";2020;0,401;0,439;0,739;0,722;0,691;0,594;0,61;0,585;0
3526902;"Limeira";2022;0,406;0,441;0,693;0,697;0,664;0,556;0,588;0,565;0
3526902;"Limeira";2024;0,423;0,464;0,735;0,716;0,677;0,569;0,612;0,583;0
3527009;"Lindóia";2014;0,371;0,457;0,769;0,698;0,517;0,449;0,552;0,535;0
3527009;"Lindóia";2016;0,356;0,438;0,752;0,717;0,584;0,511;0,564;0,555;0
3527009;"Lindóia";2018;0,376;0,451;0,795;0,721;0,51;0,563;0,56;0,578;1
3527009;"Lindóia";2020;0,368;0,439;0,779;0,722;0,63;0,594;0,592;0,585;0
3527009;"Lindóia";2022;0,372;0,441;0,713;0,697;0,551;0,556;0,545;0,565;1
3527009;"Lindóia";2024;0,424;0,464;0,757;0,716;0,552;0,569;0,578;0,583;1
3527108;"Lins";2014;0,436;0,457;0,667;0,698;0,401;0,449;0,501;0,535;1
3527108;"Lins";2016;0,43;0,438;0,696;0,717;0,481;0,511;0,536;0,555;1
3527108;"Lins";2018;0,441;0,451;0,669;0,721;0,565;0,563;0,558;0,578;1
3527108;"Lins";2020;0,453;0,439;0,601;0,722;0,571;0,594;0,542;0,585;1
3527108;"Lins";2022;0,446;0,441;0,613;0,697;0,588;0,556;0,549;0,565;1
3527108;"Lins";2024;0,468;0,464;0,61;0,716;0,586;0,569;0,555;0,583;1
3527207;"Lorena";2014;0,367;0,457;0,653;0,698;0,373;0,449;0,464;0,535;1
3527207;"Lorena";2016;0,364;0,438;0,679;0,717;0,396;0,511;0,48;0,555;1
3527207;"Lorena";2018;0,378;0,451;0,686;0,721;0,468;0,563;0,511;0,578;1
3527207;"Lorena";2020;0,369;0,439;0,692;0,722;0,506;0,594;0,522;0,585;1
3527207;"Lorena";2022;0,373;0,441;0,664;0,697;0,454;0,556;0,497;0,565;1
3527207;"Lorena";2024;0,389;0,464;0,673;0,716;0,496;0,569;0,519;0,583;1
3527256;"Lourdes";2014;0,269;0,457;0,789;0,698;0,619;0,449;0,559;0,535;0
3527256;"Lourdes";2016;0,26;0,438;0,754;0,717;0,675;0,511;0,563;0,555;0
3527256;"Lourdes";2018;0,28;0,451;0,687;0,721;0,748;0,563;0,572;0,578;1
3527256;"Lourdes";2020;0,272;0,439;0,564;0,722;0,644;0,594;0,493;0,585;1
3527256;"Lourdes";2022;0,268;0,441;0,42;0,697;0,725;0,556;0,471;0,565;1
3527256;"Lourdes";2024;0,362;0,464;0,345;0,716;0,656;0,569;0,454;0,583;1
3527306;"Louveira";2014;0,579;0,457;0,728;0,698;0,529;0,449;0,612;0,535;0
3527306;"Louveira";2016;0,549;0,438;0,739;0,717;0,622;0,511;0,637;0,555;0
3527306;"Louveira";2018;0,556;0,451;0,733;0,721;0,653;0,563;0,647;0,578;0
3527306;"Louveira";2020;0,573;0,439;0,732;0,722;0,682;0,594;0,662;0,585;0
3527306;"Louveira";2022;0,549;0,441;0,72;0,697;0,666;0,556;0,645;0,565;0
3527306;"Louveira";2024;0,516;0,464;0,797;0,716;0,657;0,569;0,657;0,583;0
3527405;"Lucélia";2014;0,362;0,457;0,748;0,698;0,52;0,449;0,543;0,535;0
3527405;"Lucélia";2016;0,34;0,438;0,732;0,717;0,594;0,511;0,555;0,555;0
3527405;"Lucélia";2018;0,353;0,451;0,775;0,721;0,586;0,563;0,571;0,578;1
3527405;"Lucélia";2020;0,355;0,439;0,767;0,722;0,672;0,594;0,598;0,585;0
3527405;"Lucélia";2022;0,341;0,441;0,639;0,697;0,604;0,556;0,528;0,565;1
3527405;"Lucélia";2024;0,339;0,464;0,532;0,716;0,671;0,569;0,514;0,583;1
3527504;"Lucianópolis";2014;0,317;0,457;0,701;0,698;0,56;0,449;0,526;0,535;1
3527504;"Lucianópolis";2016;0,313;0,438;0,737;0,717;0,482;0,511;0,511;0,555;1
3527504;"Lucianópolis";2018;0,342;0,451;0,65;0,721;0,635;0,563;0,542;0,578;1
3527504;"Lucianópolis";2020;0,336;0,439;0,66;0,722;0,589;0,594;0,528;0,585;1
3527504;"Lucianópolis";2022;0,347;0,441;0,656;0,697;0,636;0,556;0,546;0,565;1
3527504;"Lucianópolis";2024;0,468;0,464;0,819;0,716;0,628;0,569;0,638;0,583;0
3527603;"Luís Antônio";2014;0,512;0,457;0,773;0,698;0,332;0,449;0,539;0,535;0
3527603;"Luís Antônio";2016;0,475;0,438;0,772;0,717;0,4;0,511;0,549;0,555;1
3527603;"Luís Antônio";2018;0,499;0,451;0,791;0,721;0,451;0,563;0,58;0,578;0
3527603;"Luís Antônio";2020;0,501;0,439;0,842;0,722;0,559;0,594;0,634;0,585;0
3527603;"Luís Antônio";2022;0,515;0,441;0,774;0,697;0,451;0,556;0,58;0,565;0
3527603;"Luís Antônio";2024;0,494;0,464;0,765;0,716;0,538;0,569;0,599;0,583;0
3527702;"Luiziânia";2014;0,265;0,457;0,622;0,698;0,5;0,449;0,462;0,535;1
3527702;"Luiziânia";2016;0,247;0,438;0,709;0,717;0,613;0,511;0,523;0,555;1
3527702;"Luiziânia";2018;0,267;0,451;0,765;0,721;0,626;0,563;0,553;0,578;1
3527702;"Luiziânia";2020;0,283;0,439;0,748;0,722;0,62;0,594;0,55;0,585;1
3527702;"Luiziânia";2022;0,283;0,441;0,76;0,697;0,497;0,556;0,513;0,565;1
3527702;"Luiziânia";2024;0,313;0,464;0,656;0,716;0,672;0,569;0,547;0,583;1
3527801;"Lupércio";2014;0,288;0,457;0,699;0,698;0,451;0,449;0,479;0,535;1
3527801;"Lupércio";2016;0,249;0,438;0,578;0,717;0,569;0,511;0,465;0,555;1
3527801;"Lupércio";2018;0,287;0,451;0,583;0,721;0,576;0,563;0,482;0,578;1
3527801;"Lupércio";2020;0,286;0,439;0,581;0,722;0,583;0,594;0,483;0,585;1
3527801;"Lupércio";2022;0,284;0,441;0,688;0,697;0,552;0,556;0,508;0,565;1
3527801;"Lupércio";2024;0,323;0,464;0,72;0,716;0,512;0,569;0,518;0,583;1
3527900;"Lutécia";2014;0,3;0,457;0,604;0,698;0,558;0,449;0,487;0,535;1
3527900;"Lutécia";2016;0,288;0,438;0,788;0,717;0,541;0,511;0,539;0,555;1
3527900;"Lutécia";2018;0,308;0,451;0,795;0,721;0,638;0,563;0,58;0,578;0
3527900;"Lutécia";2020;0,316;0,439;0,784;0,722;0,64;0,594;0,58;0,585;1
3527900;"Lutécia";2022;0,31;0,441;0,618;0,697;0,541;0,556;0,49;0,565;1
3527900;"Lutécia";2024;0,333;0,464;0,568;0,716;0,589;0,569;0,497;0,583;1
3528007;"Macatuba";2014;0,372;0,457;0,762;0,698;0,522;0,449;0,552;0,535;0
3528007;"Macatuba";2016;0,365;0,438;0,719;0,717;0,527;0,511;0,537;0,555;1
3528007;"Macatuba";2018;0,363;0,451;0,741;0,721;0,673;0,563;0,592;0,578;0
3528007;"Macatuba";2020;0,361;0,439;0,73;0,722;0,664;0,594;0,585;0,585;0
3528007;"Macatuba";2022;0,357;0,441;0,668;0,697;0,655;0,556;0,56;0,565;1
3528007;"Macatuba";2024;0,35;0,464;0,617;0,716;0,643;0,569;0,537;0,583;1
3528106;"Macaubal";2014;0,347;0,457;0,773;0,698;0,452;0,449;0,524;0,535;1
3528106;"Macaubal";2016;0,296;0,438;0,79;0,717;0,519;0,511;0,535;0,555;1
3528106;"Macaubal";2018;0,326;0,451;0,813;0,721;0,484;0,563;0,541;0,578;1
3528106;"Macaubal";2020;0,331;0,439;0,822;0,722;0,547;0,594;0,567;0,585;1
3528106;"Macaubal";2022;0,321;0,441;0,782;0,697;0,482;0,556;0,528;0,565;1
3528106;"Macaubal";2024;0,359;0,464;0,694;0,716;0,563;0,569;0,539;0,583;1
3528205;"Macedônia";2014;0,267;0,457;0,7;0,698;0,606;0,449;0,524;0,535;1
3528205;"Macedônia";2016;0,26;0,438;0,807;0,717;0,633;0,511;0,567;0,555;0
3528205;"Macedônia";2018;0,298;0,451;0,818;0,721;0,713;0,563;0,61;0,578;0
3528205;"Macedônia";2020;0,298;0,439;0,753;0,722;0,6;0,594;0,55;0,585;1
3528205;"Macedônia";2022;0,268;0,441;0,781;0,697;0,66;0,556;0,57;0,565;0
3528205;"Macedônia";2024;0,318;0,464;0,873;0,716;0,675;0,569;0,622;0,583;0
3528304;"Magda";2014;0,318;0,457;0,747;0,698;0,401;0,449;0,489;0,535;1
3528304;"Magda";2016;0,3;0,438;0,701;0,717;0,672;0,511;0,558;0,555;0
3528304;"Magda";2018;0,348;0,451;0,738;0,721;0,708;0,563;0,598;0,578;0
3528304;"Magda";2020;0,348;0,439;0,799;0,722;0,672;0,594;0,606;0,585;0
3528304;"Magda";2022;0,314;0,441;0,834;0,697;0,735;0,556;0,628;0,565;0
3528304;"Magda";2024;0,347;0,464;0,862;0,716;0,749;0,569;0,653;0,583;0
3528403;"Mairinque";2014;0,4;0,457;0,688;0,698;0,459;0,449;0,516;0,535;1
3528403;"Mairinque";2016;0,385;0,438;0,711;0,717;0,506;0,511;0,534;0,555;1
3528403;"Mairinque";2018;0,413;0,451;0,706;0,721;0,513;0,563;0,544;0,578;1
3528403;"Mairinque";2020;0,411;0,439;0,721;0,722;0,542;0,594;0,558;0,585;1
3528403;"Mairinque";2022;0,423;0,441;0,649;0,697;0,528;0,556;0,533;0,565;1
3528403;"Mairinque";2024;0,408;0,464;0,635;0,716;0,503;0,569;0,515;0,583;1
3528502;"Mairiporã";2014;0,341;0,457;0,648;0,698;0,387;0,449;0,459;0,535;1
3528502;"Mairiporã";2016;0,317;0,438;0,689;0,717;0,467;0,511;0,491;0,555;1
3528502;"Mairiporã";2018;0,341;0,451;0,693;0,721;0,513;0,563;0,516;0,578;1
3528502;"Mairiporã";2020;0,333;0,439;0,719;0,722;0,56;0,594;0,537;0,585;1
3528502;"Mairiporã";2022;0,353;0,441;0,702;0,697;0,509;0,556;0,521;0,565;1
3528502;"Mairiporã";2024;0,321;0,464;0,721;0,716;0,552;0,569;0,531;0,583;1
3528601;"Manduri";2014;0,332;0,457;0,736;0,698;0,419;0,449;0,496;0,535;1
3528601;"Manduri";2016;0,335;0,438;0,726;0,717;0,439;0,511;0,5;0,555;1
3528601;"Manduri";2018;0,361;0,451;0,695;0,721;0,472;0,563;0,509;0,578;1
3528601;"Manduri";2020;0,362;0,439;0,656;0,722;0,555;0,594;0,524;0,585;1
3528601;"Manduri";2022;0,368;0,441;0,647;0,697;0,559;0,556;0,525;0,565;1
3528601;"Manduri";2024;0,377;0,464;0,714;0,716;0,554;0,569;0,548;0,583;1
3528700;"Marabá Paulista";2014;0,272;0,457;0,603;0,698;0,445;0,449;0,44;0,535;1
3528700;"Marabá Paulista";2016;0,264;0,438;0,752;0,717;0,534;0,511;0,517;0,555;1
3528700;"Marabá Paulista";2018;0,271;0,451;0,731;0,721;0,489;0,563;0,497;0,578;1
3528700;"Marabá Paulista";2020;0,276;0,439;0,714;0,722;0,576;0,594;0,522;0,585;1
3528700;"Marabá Paulista";2022;0,283;0,441;0,639;0,697;0,558;0,556;0,493;0,565;1
3528700;"Marabá Paulista";2024;0,391;0,464;0,719;0,716;0,517;0,569;0,542;0,583;1
3528809;"Maracaí";2014;0,336;0,457;0,802;0,698;0,497;0,449;0,545;0,535;0
3528809;"Maracaí";2016;0,339;0,438;0,718;0,717;0,631;0,511;0,563;0,555;0
3528809;"Maracaí";2018;0,333;0,451;0,759;0,721;0,614;0,563;0,569;0,578;1
3528809;"Maracaí";2020;0,339;0,439;0,761;0,722;0,618;0,594;0,573;0,585;1
3528809;"Maracaí";2022;0,361;0,441;0,709;0,697;0,557;0,556;0,542;0,565;1
3528809;"Maracaí";2024;0,396;0,464;0,651;0,716;0,621;0,569;0,556;0,583;1
3528858;"Marapoama";2014;0,43;0,457;0,644;0,698;0,67;0,449;0,581;0,535;0
3528858;"Marapoama";2016;0,456;0,438;0,63;0,717;0,59;0,511;0,559;0,555;0
3528858;"Marapoama";2018;0,451;0,451;0,632;0,721;0,659;0,563;0,581;0,578;0
3528858;"Marapoama";2020;0,478;0,439;0,743;0,722;0,762;0,594;0,661;0,585;0
3528858;"Marapoama";2022;0,393;0,441;0,695;0,697;0,745;0,556;0,611;0,565;0
3528858;"Marapoama";2024;0,432;0,464;0,839;0,716;0,794;0,569;0,688;0,583;0
3528908;"Mariápolis";2014;0,232;0,457;0,657;0,698;0,431;0,449;0,44;0,535;1
3528908;"Mariápolis";2016;0,215;0,438;0,614;0,717;0,436;0,511;0,422;0,555;1
3528908;"Mariápolis";2018;0,242;0,451;0,676;0,721;0,499;0,563;0,472;0,578;1
3528908;"Mariápolis";2020;0,248;0,439;0,723;0,722;0,531;0,594;0,501;0,585;1
3528908;"Mariápolis";2022;0,244;0,441;0,764;0,697;0,593;0,556;0,534;0,565;1
3528908;"Mariápolis";2024;0,307;0,464;0,907;0,716;0,513;0,569;0,576;0,583;1
3529005;"Marília";2014;0,402;0,457;0,692;0,698;0,57;0,449;0,555;0,535;0
3529005;"Marília";2016;0,389;0,438;0,732;0,717;0,629;0,511;0,583;0,555;0
3529005;"Marília";2018;0,407;0,451;0,736;0,721;0,654;0,563;0,599;0,578;0
3529005;"Marília";2020;0,399;0,439;0,729;0,722;0,699;0,594;0,609;0,585;0
3529005;"Marília";2022;0,395;0,441;0,686;0,697;0,632;0,556;0,571;0,565;0
3529005;"Marília";2024;0,388;0,464;0,692;0,716;0,668;0,569;0,583;0,583;1
3529104;"Marinópolis";2014;0,277;0,457;0,627;0,698;0,561;0,449;0,488;0,535;1
3529104;"Marinópolis";2016;0,265;0,438;0,649;0,717;0,664;0,511;0,526;0,555;1
3529104;"Marinópolis";2018;0,293;0,451;0,688;0,721;0,747;0,563;0,576;0,578;1
3529104;"Marinópolis";2020;0,307;0,439;0,654;0,722;0,807;0,594;0,589;0,585;0
3529104;"Marinópolis";2022;0,293;0,441;0,749;0,697;0,678;0,556;0,573;0,565;0
3529104;"Marinópolis";2024;0,328;0,464;0,738;0,716;0,708;0,569;0,591;0,583;0
3529203;"Martinópolis";2014;0,298;0,457;0,797;0,698;0,535;0,449;0,543;0,535;0
3529203;"Martinópolis";2016;0,293;0,438;0,66;0,717;0,573;0,511;0,509;0,555;1
3529203;"Martinópolis";2018;0,304;0,451;0,693;0,721;0,613;0,563;0,537;0,578;1
3529203;"Martinópolis";2020;0,315;0,439;0,681;0,722;0,622;0,594;0,539;0,585;1
3529203;"Martinópolis";2022;0,312;0,441;0,728;0,697;0,558;0,556;0,533;0,565;1
3529203;"Martinópolis";2024;0,367;0,464;0,789;0,716;0,599;0,569;0,585;0,583;0
3529302;"Matão";2014;0,443;0,457;0,684;0,698;0,561;0,449;0,563;0,535;0
3529302;"Matão";2016;0,431;0,438;0,718;0,717;0,587;0,511;0,579;0,555;0
3529302;"Matão";2018;0,45;0,451;0,76;0,721;0,652;0,563;0,621;0,578;0
3529302;"Matão";2020;0,445;0,439;0,779;0,722;0,669;0,594;0,631;0,585;0
3529302;"Matão";2022;0,447;0,441;0,745;0,697;0,624;0,556;0,605;0,565;0
3529302;"Matão";2024;0,496;0,464;0,704;0,716;0,621;0,569;0,607;0,583;0
3529401;"Mauá";2014;0,414;0,457;0,662;0,698;0,436;0,449;0,504;0,535;1
3529401;"Mauá";2016;0,403;0,438;0,717;0,717;0,51;0,511;0,543;0,555;1
3529401;"Mauá";2018;0,408;0,451;0,738;0,721;0,573;0,563;0,573;0,578;1
3529401;"Mauá";2020;0,396;0,439;0,722;0,722;0,597;0,594;0,572;0,585;1
3529401;"Mauá";2022;0,406;0,441;0,676;0,697;0,549;0,556;0,544;0,565;1
3529401;"Mauá";2024;0,368;0,464;0,695;0,716;0,539;0,569;0,534;0,583;1
3529500;"Mendonça";2014;0,397;0,457;0,881;0,698;0,68;0,449;0,653;0,535;0
3529500;"Mendonça";2016;0,383;0,438;0,858;0,717;0,729;0,511;0,657;0,555;0
3529500;"Mendonça";2018;0,422;0,451;0,814;0,721;0,778;0,563;0,671;0,578;0
3529500;"Mendonça";2020;0,429;0,439;0,78;0,722;0,744;0,594;0,651;0,585;0
3529500;"Mendonça";2022;0,418;0,441;0,683;0,697;0,811;0,556;0,637;0,565;0
3529500;"Mendonça";2024;0,498;0,464;0,747;0,716;0,747;0,569;0,664;0,583;0
3529609;"Meridiano";2014;0,412;0,457;0,695;0,698;0,668;0,449;0,592;0,535;0
3529609;"Meridiano";2016;0,452;0,438;0,818;0,717;0,728;0,511;0,666;0,555;0
3529609;"Meridiano";2018;0,43;0,451;0,753;0,721;0,815;0,563;0,666;0,578;0
3529609;"Meridiano";2020;0,462;0,439;0,751;0,722;0,767;0,594;0,66;0,585;0
3529609;"Meridiano";2022;0,422;0,441;0,674;0,697;0,638;0,556;0,578;0,565;0
3529609;"Meridiano";2024;0,484;0,464;0,733;0,716;0,779;0,569;0,665;0,583;0
3529658;"Mesópolis";2014;0,269;0,457;0,656;0,698;0,646;0,449;0,524;0,535;1
3529658;"Mesópolis";2016;0,264;0,438;0,663;0,717;0,752;0,511;0,56;0,555;0
3529658;"Mesópolis";2018;0,306;0,451;0,782;0,721;0,662;0,563;0,583;0,578;0
3529658;"Mesópolis";2020;0,327;0,439;0,72;0,722;0,67;0,594;0,572;0,585;1
3529658;"Mesópolis";2022;0,309;0,441;0,76;0,697;0,576;0,556;0,548;0,565;1
3529658;"Mesópolis";2024;0,338;0,464;0,774;0,716;0,619;0,569;0,577;0,583;1
3529708;"Miguelópolis";2014;0,402;0,457;0,777;0,698;0,34;0,449;0,506;0,535;1
3529708;"Miguelópolis";2016;0,399;0,438;0,719;0,717;0,424;0,511;0,514;0,555;1
3529708;"Miguelópolis";2018;0,413;0,451;0,735;0,721;0,365;0,563;0,504;0,578;1
3529708;"Miguelópolis";2020;0,412;0,439;0,731;0,722;0,457;0,594;0,533;0,585;1
3529708;"Miguelópolis";2022;0,41;0,441;0,73;0,697;0,446;0,556;0,529;0,565;1
3529708;"Miguelópolis";2024;0,448;0,464;0,745;0,716;0,502;0,569;0,565;0,583;1
3529807;"Mineiros do Tietê";2014;0,302;0,457;0,691;0,698;0,412;0,449;0,468;0,535;1
3529807;"Mineiros do Tietê";2016;0,28;0,438;0,57;0,717;0,541;0,511;0,464;0,555;1
3529807;"Mineiros do Tietê";2018;0,29;0,451;0,598;0,721;0,546;0,563;0,478;0,578;1
3529807;"Mineiros do Tietê";2020;0,302;0,439;0,691;0,722;0,521;0,594;0,505;0,585;1
3529807;"Mineiros do Tietê";2022;0,3;0,441;0,791;0,697;0,465;0,556;0,519;0,565;1
3529807;"Mineiros do Tietê";2024;0,331;0,464;0,696;0,716;0,521;0,569;0,516;0,583;1
3529906;"Miracatu";2014;0,274;0,457;0,586;0,698;0,359;0,449;0,406;0,535;1
3529906;"Miracatu";2016;0,268;0,438;0,553;0,717;0,477;0,511;0,433;0,555;1
3529906;"Miracatu";2018;0,303;0,451;0,611;0,721;0,465;0,563;0,46;0,578;1
3529906;"Miracatu";2020;0,292;0,439;0,77;0,722;0,525;0,594;0,529;0,585;1
3529906;"Miracatu";2022;0,295;0,441;0,632;0,697;0,458;0,556;0,462;0,565;1
3529906;"Miracatu";2024;0,332;0,464;0,645;0,716;0,524;0,569;0,5;0,583;1
3530003;"Mira Estrela";2014;0,261;0,457;0,703;0,698;0,669;0,449;0,544;0,535;0
3530003;"Mira Estrela";2016;0,264;0,438;0,766;0,717;0,755;0,511;0,595;0,555;0
3530003;"Mira Estrela";2018;0,322;0,451;0,767;0,721;0,725;0,563;0,605;0,578;0
3530003;"Mira Estrela";2020;0,328;0,439;0,776;0,722;0,749;0,594;0,618;0,585;0
3530003;"Mira Estrela";2022;0,312;0,441;0,68;0,697;0,725;0,556;0,572;0,565;0
3530003;"Mira Estrela";2024;0,347;0,464;0,576;0,716;0,659;0,569;0,527;0,583;1
3530102;"Mirandópolis";2014;0,329;0,457;0,717;0,698;0,528;0,449;0,525;0,535;1
3530102;"Mirandópolis";2016;0,302;0,438;0,753;0,717;0,503;0,511;0,519;0,555;1
3530102;"Mirandópolis";2018;0,326;0,451;0,763;0,721;0,545;0,563;0,545;0,578;1
3530102;"Mirandópolis";2020;0,321;0,439;0,716;0,722;0,57;0,594;0,536;0,585;1
3530102;"Mirandópolis";2022;0,312;0,441;0,754;0,697;0,519;0,556;0,528;0,565;1
3530102;"Mirandópolis";2024;0,341;0,464;0,738;0,716;0,479;0,569;0,519;0,583;1
3530201;"Mirante do Paranapanema";2014;0,295;0,457;0,724;0,698;0,471;0,449;0,497;0,535;1
3530201;"Mirante do Paranapanema";2016;0,32;0,438;0,682;0,717;0,529;0,511;0,51;0,555;1
3530201;"Mirante do Paranapanema";2018;0,294;0,451;0,791;0,721;0,583;0,563;0,556;0,578;1
3530201;"Mirante do Paranapanema";2020;0,311;0,439;0,74;0,722;0,56;0,594;0,537;0,585;1
3530201;"Mirante do Paranapanema";2022;0,321;0,441;0,621;0,697;0,496;0,556;0,479;0,565;1
3530201;"Mirante do Paranapanema";2024;0,352;0,464;0,736;0,716;0,542;0,569;0,543;0,583;1
3530300;"Mirassol";2014;0,4;0,457;0,744;0,698;0,559;0,449;0,568;0,535;0
3530300;"Mirassol";2016;0,385;0,438;0,751;0,717;0,596;0,511;0,577;0,555;0
3530300;"Mirassol";2018;0,407;0,451;0,753;0,721;0,628;0,563;0,596;0,578;0
3530300;"Mirassol";2020;0,407;0,439;0,792;0,722;0,658;0,594;0,619;0,585;0
3530300;"Mirassol";2022;0,395;0,441;0,779;0,697;0,637;0,556;0,604;0,565;0
3530300;"Mirassol";2024;0,407;0,464;0,816;0,716;0,723;0,569;0,649;0,583;0
3530409;"Mirassolândia";2014;0,312;0,457;0,675;0,698;0,614;0,449;0,534;0,535;1
3530409;"Mirassolândia";2016;0,297;0,438;0,765;0,717;0,587;0,511;0,55;0,555;1
3530409;"Mirassolândia";2018;0,361;0,451;0,751;0,721;0,632;0,563;0,581;0,578;0
3530409;"Mirassolândia";2020;0,379;0,439;0,815;0,722;0,582;0,594;0,592;0,585;0
3530409;"Mirassolândia";2022;0,402;0,441;0,828;0,697;0,504;0,556;0,578;0,565;0
3530409;"Mirassolândia";2024;0,427;0,464;0,756;0,716;0,635;0,569;0,606;0,583;0
3530508;"Mococa";2014;0,393;0,457;0,673;0,698;0,504;0,449;0,523;0,535;1
3530508;"Mococa";2016;0,385;0,438;0,711;0,717;0,556;0,511;0,551;0,555;1
3530508;"Mococa";2018;0,404;0,451;0,708;0,721;0,562;0,563;0,558;0,578;1
3530508;"Mococa";2020;0,406;0,439;0,747;0,722;0,598;0,594;0,584;0,585;1
3530508;"Mococa";2022;0,394;0,441;0,715;0,697;0,531;0,556;0,547;0,565;1
3530508;"Mococa";2024;0,434;0,464;0,725;0,716;0,531;0,569;0,563;0,583;1
3530607;"Mogi das Cruzes";2014;0,403;0,457;0,672;0,698;0,411;0,449;0,495;0,535;1
3530607;"Mogi das Cruzes";2016;0,389;0,438;0,722;0,717;0,506;0,511;0,539;0,555;1
3530607;"Mogi das Cruzes";2018;0,398;0,451;0,718;0,721;0,567;0,563;0,561;0,578;1
3530607;"Mogi das Cruzes";2020;0,387;0,439;0,706;0,722;0,589;0,594;0,561;0,585;1
3530607;"Mogi das Cruzes";2022;0,389;0,441;0,687;0,697;0,593;0,556;0,556;0,565;1
3530607;"Mogi das Cruzes";2024;0,4;0,464;0,695;0,716;0,6;0,569;0,565;0,583;1
3530706;"Mogi Guaçu";2014;0,409;0,457;0,705;0,698;0,544;0,449;0,553;0,535;0
3530706;"Mogi Guaçu";2016;0,385;0,438;0,707;0,717;0,575;0,511;0,556;0,555;0
3530706;"Mogi Guaçu";2018;0,401;0,451;0,721;0,721;0,637;0,563;0,586;0,578;0
3530706;"Mogi Guaçu";2020;0,399;0,439;0,724;0,722;0,628;0,594;0,584;0,585;1
3530706;"Mogi Guaçu";2022;0,399;0,441;0,715;0,697;0,561;0,556;0,558;0,565;1
3530706;"Mogi Guaçu";2024;0,439;0,464;0,705;0,716;0,63;0,569;0,591;0,583;0
3530805;"Mogi Mirim";2014;0,448;0,457;0,683;0,698;0,484;0,449;0,538;0,535;0
3530805;"Mogi Mirim";2016;0,441;0,438;0,755;0,717;0,505;0,511;0,567;0,555;0
3530805;"Mogi Mirim";2018;0,46;0,451;0,783;0,721;0,62;0,563;0,621;0,578;0
3530805;"Mogi Mirim";2020;0,458;0,439;0,774;0,722;0,65;0,594;0,627;0,585;0
3530805;"Mogi Mirim";2022;0,45;0,441;0,762;0,697;0,58;0,556;0,597;0,565;0
3530805;"Mogi Mirim";2024;0,457;0,464;0,726;0,716;0,611;0,569;0,598;0,583;0
3530904;"Mombuca";2014;0,346;0,457;0,461;0,698;0,416;0,449;0,408;0,535;1
3530904;"Mombuca";2016;0,348;0,438;0,553;0,717;0,5;0,511;0,467;0,555;1
3530904;"Mombuca";2018;0,394;0,451;0,644;0,721;0,598;0,563;0,545;0,578;1
3530904;"Mombuca";2020;0,373;0,439;0,765;0,722;0,643;0,594;0,594;0,585;0
3530904;"Mombuca";2022;0,35;0,441;0,673;0,697;0,692;0,556;0,572;0,565;0
3530904;"Mombuca";2024;0,371;0,464;0,721;0,716;0,637;0,569;0,576;0,583;1
3531001;"Monções";2014;0,389;0,457;0,684;0,698;0,526;0,449;0,533;0,535;1
3531001;"Monções";2016;0,377;0,438;0,827;0,717;0,594;0,511;0,599;0,555;0
3531001;"Monções";2018;0,371;0,451;0,861;0,721;0,777;0,563;0,67;0,578;0
3531001;"Monções";2020;0,347;0,439;0,835;0,722;0,775;0,594;0,652;0,585;0
3531001;"Monções";2022;0,312;0,441;0,855;0,697;0,604;0,556;0,59;0,565;0
3531001;"Monções";2024;0,399;0,464;0,821;0,716;0,701;0,569;0,64;0,583;0
3531100;"Mongaguá";2014;0,366;0,457;0,612;0,698;0,395;0,449;0,458;0,535;1
3531100;"Mongaguá";2016;0,348;0,438;0,604;0,717;0,462;0,511;0,471;0,555;1
3531100;"Mongaguá";2018;0,38;0,451;0,618;0,721;0,488;0,563;0,495;0,578;1
3531100;"Mongaguá";2020;0,378;0,439;0,62;0,722;0,505;0,594;0,501;0,585;1
3531100;"Mongaguá";2022;0,351;0,441;0,56;0,697;0,416;0,556;0,442;0,565;1
3531100;"Mongaguá";2024;0,321;0,464;0,602;0,716;0,439;0,569;0,454;0,583;1
3531209;"Monte Alegre do Sul";2014;0,356;0,457;0,684;0,698;0,629;0,449;0,556;0,535;0
3531209;"Monte Alegre do Sul";2016;0,342;0,438;0,783;0,717;0,723;0,511;0,616;0,555;0
3531209;"Monte Alegre do Sul";2018;0,366;0,451;0,773;0,721;0,791;0,563;0,643;0,578;0
3531209;"Monte Alegre do Sul";2020;0,371;0,439;0,744;0,722;0,795;0,594;0,637;0,585;0
3531209;"Monte Alegre do Sul";2022;0,349;0,441;0,711;0,697;0,607;0,556;0,556;0,565;1
3531209;"Monte Alegre do Sul";2024;0,357;0,464;0,801;0,716;0,655;0,569;0,604;0,583;0
3531308;"Monte Alto";2014;0,405;0,457;0,763;0,698;0,464;0,449;0,544;0,535;0
3531308;"Monte Alto";2016;0,388;0,438;0,75;0,717;0,544;0,511;0,561;0,555;0
3531308;"Monte Alto";2018;0,403;0,451;0,765;0,721;0,604;0,563;0,591;0,578;0
3531308;"Monte Alto";2020;0,404;0,439;0,785;0,722;0,588;0,594;0,592;0,585;0
3531308;"Monte Alto";2022;0,405;0,441;0,721;0,697;0,563;0,556;0,563;0,565;1
3531308;"Monte Alto";2024;0,408;0,464;0,724;0,716;0,599;0,569;0,577;0,583;1
3531407;"Monte Aprazível";2014;0,369;0,457;0,728;0,698;0,461;0,449;0,519;0,535;1
3531407;"Monte Aprazível";2016;0,355;0,438;0,771;0,717;0,524;0,511;0,55;0,555;1
3531407;"Monte Aprazível";2018;0,364;0,451;0,801;0,721;0,586;0,563;0,584;0,578;0
3531407;"Monte Aprazível";2020;0,352;0,439;0,804;0,722;0,589;0,594;0,582;0,585;1
3531407;"Monte Aprazível";2022;0,341;0,441;0,677;0,697;0,59;0,556;0,536;0,565;1
3531407;"Monte Aprazível";2024;0,386;0,464;0,659;0,716;0,631;0,569;0,559;0,583;1
3531506;"Monte Azul Paulista";2014;0,39;0,457;0,699;0,698;0,505;0,449;0,531;0,535;1
3531506;"Monte Azul Paulista";2016;0,366;0,438;0,707;0,717;0,531;0,511;0,535;0,555;1
3531506;"Monte Azul Paulista";2018;0,392;0,451;0,664;0,721;0,554;0,563;0,537;0,578;1
3531506;"Monte Azul Paulista";2020;0,401;0,439;0,661;0,722;0,634;0,594;0,565;0,585;1
3531506;"Monte Azul Paulista";2022;0,384;0,441;0,721;0,697;0,548;0,556;0,551;0,565;1
3531506;"Monte Azul Paulista";2024;0,426;0,464;0,761;0,716;0,634;0,569;0,607;0,583;0
3531605;"Monte Castelo";2014;0,268;0,457;0,635;0,698;0,668;0,449;0,524;0,535;1
3531605;"Monte Castelo";2016;0,261;0,438;0,783;0,717;0,59;0,511;0,545;0,555;1
3531605;"Monte Castelo";2018;0,294;0,451;0,781;0,721;0,657;0,563;0,577;0,578;1
3531605;"Monte Castelo";2020;0,296;0,439;0,749;0,722;0,634;0,594;0,56;0,585;1
3531605;"Monte Castelo";2022;0,278;0,441;0,773;0,697;0,622;0,556;0,558;0,565;1
3531605;"Monte Castelo";2024;0,323;0,464;0,747;0,716;0,714;0,569;0,595;0,583;0
3531704;"Monteiro Lobato";2014;0,276;0,457;0,625;0,698;0,431;0,449;0,444;0,535;1
3531704;"Monteiro Lobato";2016;0,256;0,438;0,555;0,717;0,506;0,511;0,439;0,555;1
3531704;"Monteiro Lobato";2018;0,314;0,451;0,54;0,721;0,558;0,563;0,471;0,578;1
3531704;"Monteiro Lobato";2020;0,304;0,439;0,657;0,722;0,497;0,594;0,486;0,585;1
3531704;"Monteiro Lobato";2022;0,309;0,441;0,756;0,697;0,497;0,556;0,521;0,565;1
3531704;"Monteiro Lobato";2024;0,364;0,464;0,706;0,716;0,438;0,569;0,503;0,583;1
3531803;"Monte Mor";2014;0,433;0,457;0,735;0,698;0,515;0,449;0,561;0,535;0
3531803;"Monte Mor";2016;0,399;0,438;0,708;0,717;0,558;0,511;0,555;0,555;1
3531803;"Monte Mor";2018;0,429;0,451;0,737;0,721;0,6;0,563;0,589;0,578;0
3531803;"Monte Mor";2020;0,423;0,439;0,727;0,722;0,624;0,594;0,591;0,585;0
3531803;"Monte Mor";2022;0,422;0,441;0,672;0,697;0,519;0,556;0,538;0,565;1
3531803;"Monte Mor";2024;0,438;0,464;0,669;0,716;0,581;0,569;0,563;0,583;1
3531902;"Morro Agudo";2014;0,401;0,457;0,705;0,698;0,462;0,449;0,523;0,535;1
3531902;"Morro Agudo";2016;0,389;0,438;0,701;0,717;0,479;0,511;0,523;0,555;1
3531902;"Morro Agudo";2018;0,397;0,451;0,679;0,721;0,562;0,563;0,546;0,578;1
3531902;"Morro Agudo";2020;0,389;0,439;0,676;0,722;0,523;0,594;0,529;0,585;1
3531902;"Morro Agudo";2022;0,394;0,441;0,663;0,697;0,445;0,556;0,501;0,565;1
3531902;"Morro Agudo";2024;0,452;0,464;0,611;0,716;0,516;0,569;0,526;0,583;1
3532009;"Morungaba";2014;0,428;0,457;0,732;0,698;0,422;0,449;0,527;0,535;1
3532009;"Morungaba";2016;0,387;0,438;0,61;0,717;0,458;0,511;0,485;0,555;1
3532009;"Morungaba";2018;0,396;0,451;0,629;0,721;0,469;0,563;0,498;0,578;1
3532009;"Morungaba";2020;0,39;0,439;0,715;0,722;0,515;0,594;0,54;0,585;1
3532009;"Morungaba";2022;0,376;0,441;0,744;0,697;0,534;0,556;0,551;0,565;1
3532009;"Morungaba";2024;0,386;0,464;0,666;0,716;0,5;0,569;0,517;0,583;1
3532058;"Motuca";2014;0,266;0,457;0,813;0,698;0,503;0,449;0,527;0,535;1
3532058;"Motuca";2016;0,257;0,438;0,787;0,717;0,567;0,511;0,537;0,555;1
3532058;"Motuca";2018;0,276;0,451;0,746;0,721;0,613;0,563;0,545;0,578;1
3532058;"Motuca";2020;0,292;0,439;0,798;0,722;0,46;0,594;0,517;0,585;1
3532058;"Motuca";2022;0,3;0,441;0,85;0,697;0,589;0,556;0,58;0,565;0
3532058;"Motuca";2024;0,346;0,464;0,877;0,716;0,552;0,569;0,592;0,583;0
3532108;"Murutinga do Sul";2014;0,255;0,457;0,617;0,698;0,52;0,449;0,464;0,535;1
3532108;"Murutinga do Sul";2016;0,246;0,438;0,642;0,717;0,591;0,511;0,493;0,555;1
3532108;"Murutinga do Sul";2018;0,273;0,451;0,614;0,721;0,604;0,563;0,497;0,578;1
3532108;"Murutinga do Sul";2020;0,281;0,439;0,641;0,722;0,643;0,594;0,522;0,585;1
3532108;"Murutinga do Sul";2022;0,275;0,441;0,711;0,697;0,5;0,556;0,495;0,565;1
3532108;"Murutinga do Sul";2024;0,311;0,464;0,748;0,716;0,626;0,569;0,562;0,583;1
3532157;"Nantes";2014;0,336;0,457;0,73;0,698;0,504;0,449;0,523;0,535;1
3532157;"Nantes";2016;0,306;0,438;0,698;0,717;0,538;0,511;0,514;0,555;1
3532157;"Nantes";2018;0,339;0,451;0,695;0,721;0,59;0,563;0,541;0,578;1
3532157;"Nantes";2020;0,323;0,439;0,719;0,722;0,62;0,594;0,554;0,585;1
3532157;"Nantes";2022;0,345;0,441;0,725;0,697;0,524;0,556;0,531;0,565;1
3532157;"Nantes";2024;0,365;0,464;0,661;0,716;0,533;0,569;0,52;0,583;1
3532207;"Narandiba";2014;0,34;0,457;0,835;0,698;0,454;0,449;0,543;0,535;0
3532207;"Narandiba";2016;0,379;0,438;0,803;0,717;0,519;0,511;0,567;0,555;0
3532207;"Narandiba";2018;0,369;0,451;0,728;0,721;0,59;0,563;0,562;0,578;1
3532207;"Narandiba";2020;0,378;0,439;0,715;0,722;0,549;0,594;0,547;0,585;1
3532207;"Narandiba";2022;0,475;0,441;0,695;0,697;0,612;0,556;0,594;0,565;0
3532207;"Narandiba";2024;0,419;0,464;0,616;0,716;0,606;0,569;0,547;0,583;1
3532306;"Natividade da Serra";2014;0,184;0,457;0,647;0,698;0,317;0,449;0,383;0,535;1
3532306;"Natividade da Serra";2016;0,163;0,438;0,733;0,717;0,419;0,511;0,438;0,555;1
3532306;"Natividade da Serra";2018;0,21;0,451;0,731;0,721;0,465;0,563;0,469;0,578;1
3532306;"Natividade da Serra";2020;0,209;0,439;0,693;0,722;0,481;0,594;0,461;0,585;1
3532306;"Natividade da Serra";2022;0,212;0,441;0,73;0,697;0,472;0,556;0,471;0,565;1
3532306;"Natividade da Serra";2024;0,243;0,464;0,676;0,716;0,499;0,569;0,473;0,583;1
3532405;"Nazaré Paulista";2014;0,298;0,457;0,729;0,698;0,379;0,449;0,469;0,535;1
3532405;"Nazaré Paulista";2016;0,28;0,438;0,738;0,717;0,442;0,511;0,487;0,555;1
3532405;"Nazaré Paulista";2018;0,334;0,451;0,694;0,721;0,521;0,563;0,516;0,578;1
3532405;"Nazaré Paulista";2020;0,333;0,439;0,735;0,722;0,533;0,594;0,534;0,585;1
3532405;"Nazaré Paulista";2022;0,332;0,441;0,774;0,697;0,504;0,556;0,537;0,565;1
3532405;"Nazaré Paulista";2024;0,377;0,464;0,696;0,716;0,551;0,569;0,541;0,583;1
3532504;"Neves Paulista";2014;0,32;0,457;0,692;0,698;0,518;0,449;0,51;0,535;1
3532504;"Neves Paulista";2016;0,315;0,438;0,748;0,717;0,551;0,511;0,538;0,555;1
3532504;"Neves Paulista";2018;0,35;0,451;0,769;0,721;0,615;0,563;0,578;0,578;1
3532504;"Neves Paulista";2020;0,356;0,439;0,774;0,722;0,669;0,594;0,6;0,585;0
3532504;"Neves Paulista";2022;0,345;0,441;0,699;0,697;0,584;0,556;0,543;0,565;1
3532504;"Neves Paulista";2024;0,331;0,464;0,816;0,716;0,69;0,569;0,612;0,583;0
3532603;"Nhandeara";2014;0,33;0,457;0,7;0,698;0,551;0,449;0,527;0,535;1
3532603;"Nhandeara";2016;0,315;0,438;0,723;0,717;0,657;0,511;0,565;0,555;0
3532603;"Nhandeara";2018;0,34;0,451;0,805;0,721;0,665;0,563;0,603;0,578;0
3532603;"Nhandeara";2020;0,342;0,439;0,854;0,722;0,686;0,594;0,627;0,585;0
3532603;"Nhandeara";2022;0,339;0,441;0,779;0,697;0,63;0,556;0,583;0,565;0
3532603;"Nhandeara";2024;0,398;0,464;0,783;0,716;0,607;0,569;0,596;0,583;0
3532702;"Nipoã";2014;0,311;0,457;0,625;0,698;0,477;0,449;0,471;0,535;1
3532702;"Nipoã";2016;0,281;0,438;0,751;0,717;0,484;0,511;0,505;0,555;1
3532702;"Nipoã";2018;0,315;0,451;0,784;0,721;0,523;0,563;0,541;0,578;1
3532702;"Nipoã";2020;0,302;0,439;0,836;0,722;0,622;0,594;0,587;0,585;0
3532702;"Nipoã";2022;0,284;0,441;0,719;0,697;0,509;0,556;0,504;0,565;1
3532702;"Nipoã";2024;0,353;0,464;0,641;0,716;0,639;0,569;0,544;0,583;1
3532801;"Nova Aliança";2014;0,378;0,457;0,763;0,698;0,468;0,449;0,536;0,535;0
3532801;"Nova Aliança";2016;0,307;0,438;0,823;0,717;0,535;0,511;0,555;0,555;1
3532801;"Nova Aliança";2018;0,359;0,451;0,814;0,721;0,584;0,563;0,586;0,578;0
3532801;"Nova Aliança";2020;0,442;0,439;0,794;0,722;0,56;0,594;0,599;0,585;0
3532801;"Nova Aliança";2022;0,459;0,441;0,761;0,697;0,686;0,556;0,635;0,565;0
3532801;"Nova Aliança";2024;0,38;0,464;0,729;0,716;0,667;0,569;0,592;0,583;0
3532827;"Nova Campina";2014;0,293;0,457;0,621;0,698;0,394;0,449;0,436;0,535;1
3532827;"Nova Campina";2016;0,266;0,438;0,659;0,717;0,427;0,511;0,451;0,555;1
3532827;"Nova Campina";2018;0,239;0,451;0,681;0,721;0,439;0,563;0,453;0,578;1
3532827;"Nova Campina";2020;0,245;0,439;0,641;0,722;0,472;0,594;0,453;0,585;1
3532827;"Nova Campina";2022;0,266;0,441;0,582;0,697;0,403;0,556;0,417;0,565;1
3532827;"Nova Campina";2024;0,291;0,464;0,662;0,716;0,494;0,569;0,482;0,583;1
3532843;"Nova Canaã Paulista";2014;0,236;0,457;0,753;0,698;0,593;0,449;0,527;0,535;1
3532843;"Nova Canaã Paulista";2016;0,214;0,438;0,783;0,717;0,682;0,511;0,56;0,555;0
3532843;"Nova Canaã Paulista";2018;0,259;0,451;0,845;0,721;0,737;0,563;0,614;0,578;0
3532843;"Nova Canaã Paulista";2020;0,285;0,439;0,691;0,722;0,748;0,594;0,575;0,585;1
3532843;"Nova Canaã Paulista";2022;0,258;0,441;0,556;0,697;0,8;0,556;0,538;0,565;1
3532843;"Nova Canaã Paulista";2024;0,316;0,464;0,576;0,716;0,729;0,569;0,54;0,583;1
3532868;"Nova Castilho";2014;0,33;0,457;0,959;0,698;0,584;0,449;0,624;0,535;0
3532868;"Nova Castilho";2016;0,315;0,438;0,855;0,717;0,684;0,511;0,618;0,555;0
3532868;"Nova Castilho";2018;0,363;0,451;0,891;0,721;0,702;0,563;0,652;0,578;0
3532868;"Nova Castilho";2020;0,373;0,439;0,73;0,722;0,629;0,594;0,577;0,585;1
3532868;"Nova Castilho";2022;0,312;0,441;0,684;0,697;0,626;0,556;0,541;0,565;1
3532868;"Nova Castilho";2024;0,431;0,464;0,742;0,716;0,631;0,569;0,601;0,583;0
3532900;"Nova Europa";2014;0,373;0,457;0,606;0,698;0,398;0,449;0,459;0,535;1
3532900;"Nova Europa";2016;0,355;0,438;0,681;0,717;0,477;0,511;0,504;0,555;1
3532900;"Nova Europa";2018;0,358;0,451;0,728;0,721;0,542;0,563;0,543;0,578;1
3532900;"Nova Europa";2020;0,354;0,439;0,708;0,722;0,604;0,594;0,555;0,585;1
3532900;"Nova Europa";2022;0,353;0,441;0,685;0,697;0,528;0,556;0,522;0,565;1
3532900;"Nova Europa";2024;0,385;0,464;0,73;0,716;0,624;0,569;0,58;0,583;1
3533007;"Nova Granada";2014;0,337;0,457;0,731;0,698;0,431;0,449;0,5;0,535;1
3533007;"Nova Granada";2016;0,331;0,438;0,702;0,717;0,463;0,511;0,499;0,555;1
3533007;"Nova Granada";2018;0,348;0,451;0,711;0,721;0,552;0,563;0,537;0,578;1
3533007;"Nova Granada";2020;0,343;0,439;0,701;0,722;0,624;0,594;0,556;0,585;1
3533007;"Nova Granada";2022;0,346;0,441;0,767;0,697;0,514;0,556;0,542;0,565;1
3533007;"Nova Granada";2024;0,394;0,464;0,718;0,716;0,537;0,569;0,55;0,583;1
3533106;"Nova Guataporanga";2014;0,249;0,457;0,766;0,698;0,59;0,449;0,535;0,535;0
3533106;"Nova Guataporanga";2016;0,232;0,438;0,638;0,717;0,663;0,511;0,511;0,555;1
3533106;"Nova Guataporanga";2018;0,261;0,451;0,664;0,721;0,767;0,563;0,564;0,578;1
3533106;"Nova Guataporanga";2020;0,265;0,439;0,669;0,722;0,758;0,594;0,564;0,585;1
3533106;"Nova Guataporanga";2022;0,247;0,441;0,875;0,697;0,671;0,556;0,598;0,565;0
3533106;"Nova Guataporanga";2024;0,275;0,464;0,785;0,716;0,658;0,569;0,573;0,583;1
3533205;"Nova Independência";2014;0,343;0,457;0,551;0,698;0,588;0,449;0,494;0,535;1
3533205;"Nova Independência";2016;0,359;0,438;0,815;0,717;0,589;0,511;0,588;0,555;0
3533205;"Nova Independência";2018;0,391;0,451;0,858;0,721;0,625;0,563;0,625;0,578;0
3533205;"Nova Independência";2020;0,408;0,439;0,789;0,722;0,565;0,594;0,587;0,585;0
3533205;"Nova Independência";2022;0,376;0,441;0,714;0,697;0,532;0,556;0,541;0,565;1
3533205;"Nova Independência";2024;0,421;0,464;0,749;0,716;0,557;0,569;0,576;0,583;1
3533254;"Novais";2014;0,237;0,457;0,755;0,698;0,395;0,449;0,462;0,535;1
3533254;"Novais";2016;0,218;0,438;0,719;0,717;0,557;0,511;0,498;0,555;1
3533254;"Novais";2018;0,237;0,451;0,741;0,721;0,553;0,563;0,51;0,578;1
3533254;"Novais";2020;0,272;0,439;0,737;0,722;0,679;0,594;0,563;0,585;1
3533254;"Novais";2022;0,29;0,441;0,732;0,697;0,591;0,556;0,538;0,565;1
3533254;"Novais";2024;0,298;0,464;0,815;0,716;0,624;0,569;0,579;0,583;1
3533304;"Nova Luzitânia";2014;0,24;0,457;0,693;0,698;0,463;0,449;0,465;0,535;1
3533304;"Nova Luzitânia";2016;0,227;0,438;0,634;0,717;0,633;0,511;0,498;0,555;1
3533304;"Nova Luzitânia";2018;0,251;0,451;0,736;0,721;0,557;0,563;0,515;0,578;1
3533304;"Nova Luzitânia";2020;0,243;0,439;0,626;0,722;0,65;0,594;0,506;0,585;1
3533304;"Nova Luzitânia";2022;0,271;0,441;0,759;0,697;0,672;0,556;0,567;0,565;0
3533304;"Nova Luzitânia";2024;0,309;0,464;0,803;0,716;0,723;0,569;0,612;0,583;0
3533403;"Nova Odessa";2014;0,453;0,457;0,748;0,698;0,573;0,449;0,591;0,535;0
3533403;"Nova Odessa";2016;0,436;0,438;0,758;0,717;0,607;0,511;0,6;0,555;0
3533403;"Nova Odessa";2018;0,461;0,451;0,745;0,721;0,652;0,563;0,619;0,578;0
3533403;"Nova Odessa";2020;0,45;0,439;0,717;0,722;0,702;0,594;0,623;0,585;0
3533403;"Nova Odessa";2022;0,448;0,441;0,738;0,697;0,653;0,556;0,613;0,565;0
3533403;"Nova Odessa";2024;0,44;0,464;0,721;0,716;0,676;0,569;0,612;0,583;0
3533502;"Novo Horizonte";2014;0,375;0,457;0,721;0,698;0,67;0,449;0,589;0,535;0
3533502;"Novo Horizonte";2016;0,382;0,438;0,747;0,717;0,731;0,511;0,62;0,555;0
3533502;"Novo Horizonte";2018;0,398;0,451;0,76;0,721;0,82;0,563;0,659;0,578;0
3533502;"Novo Horizonte";2020;0,417;0,439;0,737;0,722;0,755;0,594;0,636;0,585;0
3533502;"Novo Horizonte";2022;0,404;0,441;0,691;0,697;0,571;0,556;0,555;0,565;1
3533502;"Novo Horizonte";2024;0,446;0,464;0,725;0,716;0,642;0,569;0,604;0,583;0
3533601;"Nuporanga";2014;0,445;0,457;0,664;0,698;0,691;0,449;0,6;0,535;0
3533601;"Nuporanga";2016;0,436;0,438;0,575;0,717;0,648;0,511;0,553;0,555;1
3533601;"Nuporanga";2018;0,45;0,451;0,681;0,721;0,815;0,563;0,649;0,578;0
3533601;"Nuporanga";2020;0,461;0,439;0,671;0,722;0,702;0,594;0,611;0,585;0
3533601;"Nuporanga";2022;0,465;0,441;0,682;0,697;0,638;0,556;0,595;0,565;0
3533601;"Nuporanga";2024;0,458;0,464;0,741;0,716;0,675;0,569;0,625;0,583;0
3533700;"Ocauçu";2014;0,32;0,457;0,599;0,698;0,656;0,449;0,525;0,535;1
3533700;"Ocauçu";2016;0,317;0,438;0,685;0,717;0,693;0,511;0,565;0,555;0
3533700;"Ocauçu";2018;0,352;0,451;0,696;0,721;0,66;0,563;0,569;0,578;1
3533700;"Ocauçu";2020;0,363;0,439;0,808;0,722;0,761;0,594;0,644;0,585;0
3533700;"Ocauçu";2022;0,332;0,441;0,795;0,697;0,566;0,556;0,564;0,565;1
3533700;"Ocauçu";2024;0,352;0,464;0,701;0,716;0,733;0,569;0,595;0,583;0
3533809;"Óleo";2014;0,281;0,457;0,692;0,698;0,41;0,449;0,461;0,535;1
3533809;"Óleo";2016;0,302;0,438;0,665;0,717;0,56;0,511;0,509;0,555;1
3533809;"Óleo";2018;0,346;0,451;0,717;0,721;0,597;0,563;0,553;0,578;1
3533809;"Óleo";2020;0,355;0,439;0,662;0,722;0,437;0,594;0,485;0,585;1
3533809;"Óleo";2022;0,343;0,441;0,632;0,697;0,707;0,556;0,561;0,565;1
3533809;"Óleo";2024;0,401;0,464;0,694;0,716;0,522;0,569;0,539;0,583;1
3533908;"Olímpia";2014;0,422;0,457;0,72;0,698;0,538;0,449;0,56;0,535;0
3533908;"Olímpia";2016;0,416;0,438;0,721;0,717;0,626;0,511;0,588;0,555;0
3533908;"Olímpia";2018;0,436;0,451;0,702;0,721;0,699;0,563;0,612;0,578;0
3533908;"Olímpia";2020;0,423;0,439;0,747;0,722;0,692;0,594;0,621;0,585;0
3533908;"Olímpia";2022;0,459;0,441;0,696;0,697;0,667;0,556;0,607;0,565;0
3533908;"Olímpia";2024;0,45;0,464;0,734;0,716;0,725;0,569;0,636;0,583;0
3534005;"Onda Verde";2014;0,491;0,457;0,63;0,698;0,457;0,449;0,526;0,535;1
3534005;"Onda Verde";2016;0,466;0,438;0,664;0,717;0,585;0,511;0,572;0,555;0
3534005;"Onda Verde";2018;0,469;0,451;0,626;0,721;0,493;0,563;0,529;0,578;1
3534005;"Onda Verde";2020;0,47;0,439;0,761;0,722;0,537;0,594;0,589;0,585;0
3534005;"Onda Verde";2022;0,463;0,441;0,781;0,697;0,502;0,556;0,582;0,565;0
3534005;"Onda Verde";2024;0,468;0,464;0,739;0,716;0,549;0,569;0,585;0,583;0
3534104;"Oriente";2014;0,312;0,457;0,532;0,698;0,456;0,449;0,433;0,535;1
3534104;"Oriente";2016;0,299;0,438;0,719;0,717;0,455;0,511;0,491;0,555;1
3534104;"Oriente";2018;0,312;0,451;0,721;0,721;0,508;0,563;0,514;0,578;1
3534104;"Oriente";2020;0,307;0,439;0,766;0,722;0,502;0,594;0,525;0,585;1
3534104;"Oriente";2022;0,309;0,441;0,682;0,697;0,517;0,556;0,503;0,565;1
3534104;"Oriente";2024;0,419;0,464;0,674;0,716;0,51;0,569;0,534;0,583;1
3534203;"Orindiúva";2014;0,429;0,457;0,661;0,698;0,517;0,449;0,536;0,535;0
3534203;"Orindiúva";2016;0,488;0,438;0,674;0,717;0,645;0,511;0,602;0,555;0
3534203;"Orindiúva";2018;0,468;0,451;0,68;0,721;0,676;0,563;0,608;0,578;0
3534203;"Orindiúva";2020;0,484;0,439;0,703;0,722;0,708;0,594;0,632;0,585;0
3534203;"Orindiúva";2022;0,542;0,441;0,651;0,697;0,611;0,556;0,601;0,565;0
3534203;"Orindiúva";2024;0,514;0,464;0,81;0,716;0,674;0,569;0,666;0,583;0
3534302;"Orlândia";2014;0,427;0,457;0,621;0,698;0,527;0,449;0,525;0,535;1
3534302;"Orlândia";2016;0,411;0,438;0,767;0,717;0,56;0,511;0,579;0,555;0
3534302;"Orlândia";2018;0,424;0,451;0,774;0,721;0,609;0,563;0,602;0,578;0
3534302;"Orlândia";2020;0,426;0,439;0,718;0,722;0,582;0,594;0,575;0,585;1
3534302;"Orlândia";2022;0,43;0,441;0,673;0,697;0,489;0,556;0,531;0,565;1
3534302;"Orlândia";2024;0,469;0,464;0,69;0,716;0,544;0,569;0,568;0,583;1
3534401;"Osasco";2014;0,514;0,457;0,656;0,698;0,383;0,449;0,518;0,535;1
3534401;"Osasco";2016;0,499;0,438;0,675;0,717;0,452;0,511;0,542;0,555;1
3534401;"Osasco";2018;0,5;0,451;0,669;0,721;0,489;0,563;0,553;0,578;1
3534401;"Osasco";2020;0,487;0,439;0,672;0,722;0,55;0,594;0,57;0,585;1
3534401;"Osasco";2022;0,488;0,441;0,652;0,697;0,519;0,556;0,553;0,565;1
3534401;"Osasco";2024;0,556;0,464;0,697;0,716;0,548;0,569;0,6;0,583;0
3534500;"Oscar Bressane";2014;0,297;0,457;0,602;0,698;0,716;0,449;0,538;0,535;0
3534500;"Oscar Bressane";2016;0,304;0,438;0,547;0,717;0,611;0,511;0,487;0,555;1
3534500;"Oscar Bressane";2018;0,323;0,451;0,604;0,721;0,748;0,563;0,558;0,578;1
3534500;"Oscar Bressane";2020;0,323;0,439;0,716;0,722;0,844;0,594;0,628;0,585;0
3534500;"Oscar Bressane";2022;0,331;0,441;0,638;0,697;0,678;0,556;0,549;0,565;1
3534500;"Oscar Bressane";2024;0,381;0,464;0,564;0,716;0,684;0,569;0,543;0,583;1
3534609;"Osvaldo Cruz";2014;0,368;0,457;0,786;0,698;0,577;0,449;0,577;0,535;0
3534609;"Osvaldo Cruz";2016;0,354;0,438;0,714;0,717;0,594;0,511;0,554;0,555;1
3534609;"Osvaldo Cruz";2018;0,359;0,451;0,676;0,721;0,576;0,563;0,537;0,578;1
3534609;"Osvaldo Cruz";2020;0,357;0,439;0,677;0,722;0,658;0,594;0,564;0,585;1
3534609;"Osvaldo Cruz";2022;0,349;0,441;0,653;0,697;0,578;0,556;0,527;0,565;1
3534609;"Osvaldo Cruz";2024;0,451;0,464;0,782;0,716;0,639;0,569;0,624;0,583;0
3534708;"Ourinhos";2014;0,379;0,457;0,698;0,698;0,518;0,449;0,532;0,535;1
3534708;"Ourinhos";2016;0,363;0,438;0,739;0,717;0,565;0,511;0,556;0,555;0
3534708;"Ourinhos";2018;0,375;0,451;0,729;0,721;0,619;0,563;0,574;0,578;1
3534708;"Ourinhos";2020;0,366;0,439;0,742;0,722;0,66;0,594;0,589;0,585;0
3534708;"Ourinhos";2022;0,386;0,441;0,714;0,697;0,554;0,556;0,551;0,565;1
3534708;"Ourinhos";2024;0,4;0,464;0,702;0,716;0,595;0,569;0,566;0,583;1
3534757;"Ouroeste";2014;0,391;0,457;0,745;0,698;0,523;0,449;0,553;0,535;0
3534757;"Ouroeste";2016;0,375;0,438;0,751;0,717;0,56;0,511;0,562;0,555;0
3534757;"Ouroeste";2018;0,392;0,451;0,759;0,721;0,653;0,563;0,601;0,578;0
3534757;"Ouroeste";2020;0,407;0,439;0,74;0,722;0,755;0,594;0,634;0,585;0
3534757;"Ouroeste";2022;0,369;0,441;0,631;0,697;0,652;0,556;0,551;0,565;1
3534757;"Ouroeste";2024;0,396;0,464;0,724;0,716;0,62;0,569;0,58;0,583;1
3534807;"Ouro Verde";2014;0,252;0,457;0,598;0,698;0,541;0,449;0,464;0,535;1
3534807;"Ouro Verde";2016;0,236;0,438;0,705;0,717;0,572;0,511;0,504;0,555;1
3534807;"Ouro Verde";2018;0,257;0,451;0,683;0,721;0,542;0,563;0,494;0,578;1
3534807;"Ouro Verde";2020;0,258;0,439;0,692;0,722;0,553;0,594;0,501;0,585;1
3534807;"Ouro Verde";2022;0,252;0,441;0,642;0,697;0,569;0,556;0,488;0,565;1
3534807;"Ouro Verde";2024;0,345;0,464;0,655;0,716;0,675;0,569;0,558;0,583;1
3534906;"Pacaembu";2014;0,27;0,457;0,743;0,698;0,486;0,449;0,5;0,535;1
3534906;"Pacaembu";2016;0,264;0,438;0,598;0,717;0,56;0,511;0,474;0,555;1
3534906;"Pacaembu";2018;0,316;0,451;0,699;0,721;0,58;0,563;0,532;0,578;1
3534906;"Pacaembu";2020;0,273;0,439;0,837;0,722;0,616;0,594;0,575;0,585;1
3534906;"Pacaembu";2022;0,248;0,441;0,603;0,697;0,555;0,556;0,469;0,565;1
3534906;"Pacaembu";2024;0,295;0,464;0,764;0,716;0,597;0,569;0,552;0,583;1
3535002;"Palestina";2014;0,355;0,457;0,732;0,698;0,431;0,449;0,506;0,535;1
3535002;"Palestina";2016;0,36;0,438;0,787;0,717;0,554;0,511;0,567;0,555;0
3535002;"Palestina";2018;0,351;0,451;0,801;0,721;0,585;0,563;0,579;0,578;0
3535002;"Palestina";2020;0,365;0,439;0,799;0,722;0,631;0,594;0,598;0,585;0
3535002;"Palestina";2022;0,355;0,441;0,821;0,697;0,542;0,556;0,573;0,565;0
3535002;"Palestina";2024;0,399;0,464;0,741;0,716;0,565;0,569;0,568;0,583;1
3535101;"Palmares Paulista";2014;0,276;0,457;0,685;0,698;0,424;0,449;0,462;0,535;1
3535101;"Palmares Paulista";2016;0,262;0,438;0,642;0,717;0,494;0,511;0,466;0,555;1
3535101;"Palmares Paulista";2018;0,273;0,451;0,655;0,721;0,543;0,563;0,49;0,578;1
3535101;"Palmares Paulista";2020;0,261;0,439;0,68;0,722;0,622;0,594;0,521;0,585;1
3535101;"Palmares Paulista";2022;0,273;0,441;0,674;0,697;0,605;0,556;0,517;0,565;1
3535101;"Palmares Paulista";2024;0,299;0,464;0,642;0,716;0,643;0,569;0,528;0,583;1
3535200;"Palmeira d'Oeste";2014;0,295;0,457;0,678;0,698;0,604;0,449;0,526;0,535;1
3535200;"Palmeira d'Oeste";2016;0,288;0,438;0,744;0,717;0,657;0,511;0,563;0,555;0
3535200;"Palmeira d'Oeste";2018;0,311;0,451;0,773;0,721;0,644;0,563;0,576;0,578;1
3535200;"Palmeira d'Oeste";2020;0,327;0,439;0,708;0,722;0,593;0,594;0,543;0,585;1
3535200;"Palmeira d'Oeste";2022;0,308;0,441;0,679;0,697;0,611;0,556;0,533;0,565;1
3535200;"Palmeira d'Oeste";2024;0,346;0,464;0,745;0,716;0,694;0,569;0,595;0,583;0
3535309;"Palmital";2014;0,375;0,457;0,757;0,698;0,477;0,449;0,536;0,535;0
3535309;"Palmital";2016;0,367;0,438;0,693;0,717;0,548;0,511;0,536;0,555;1
3535309;"Palmital";2018;0,382;0,451;0,653;0,721;0,566;0,563;0,534;0,578;1
3535309;"Palmital";2020;0,384;0,439;0,708;0,722;0,551;0,594;0,548;0,585;1
3535309;"Palmital";2022;0,395;0,441;0,73;0,697;0,533;0,556;0,553;0,565;1
3535309;"Palmital";2024;0,466;0,464;0,62;0,716;0,616;0,569;0,567;0,583;1
3535408;"Panorama";2014;0,316;0,457;0,697;0,698;0,467;0,449;0,493;0,535;1
3535408;"Panorama";2016;0,293;0,438;0,629;0,717;0,553;0,511;0,492;0,555;1
3535408;"Panorama";2018;0,312;0,451;0,625;0,721;0,579;0,563;0,505;0,578;1
3535408;"Panorama";2020;0,318;0,439;0,669;0,722;0,581;0,594;0,523;0,585;1
3535408;"Panorama";2022;0,318;0,441;0,652;0,697;0,486;0,556;0,485;0,565;1
3535408;"Panorama";2024;0,344;0,464;0,652;0,716;0,536;0,569;0,511;0,583;1
3535507;"Paraguaçu Paulista";2014;0,36;0,457;0,662;0,698;0,549;0,449;0,524;0,535;1
3535507;"Paraguaçu Paulista";2016;0,35;0,438;0,741;0,717;0,581;0,511;0,557;0,555;0
3535507;"Paraguaçu Paulista";2018;0,368;0,451;0,74;0,721;0,622;0,563;0,577;0,578;1
3535507;"Paraguaçu Paulista";2020;0,359;0,439;0,781;0,722;0,632;0,594;0,591;0,585;0
3535507;"Paraguaçu Paulista";2022;0,351;0,441;0,643;0,697;0,545;0,556;0,513;0,565;1
3535507;"Paraguaçu Paulista";2024;0,389;0,464;0,593;0,716;0,642;0,569;0,541;0,583;1
3535606;"Paraibuna";2014;0,362;0,457;0,789;0,698;0,362;0,449;0,504;0,535;1
3535606;"Paraibuna";2016;0,335;0,438;0,8;0,717;0,454;0,511;0,53;0,555;1
3535606;"Paraibuna";2018;0,38;0,451;0,817;0,721;0,489;0,563;0,562;0,578;1
3535606;"Paraibuna";2020;0,372;0,439;0,803;0,722;0,577;0,594;0,584;0,585;1
3535606;"Paraibuna";2022;0,365;0,441;0,744;0,697;0,502;0,556;0,537;0,565;1
3535606;"Paraibuna";2024;0,363;0,464;0,804;0,716;0,505;0,569;0,557;0,583;1
3535705;"Paraíso";2014;0,399;0,457;0,824;0,698;0,568;0,449;0,597;0,535;0
3535705;"Paraíso";2016;0,384;0,438;0,814;0,717;0,586;0,511;0,595;0,555;0
3535705;"Paraíso";2018;0,396;0,451;0,841;0,721;0,622;0,563;0,62;0,578;0
3535705;"Paraíso";2020;0,394;0,439;0,818;0,722;0,685;0,594;0,632;0,585;0
3535705;"Paraíso";2022;0,378;0,441;0,737;0,697;0,597;0,556;0,571;0,565;0
3535705;"Paraíso";2024;0,431;0,464;0,714;0,716;0,665;0,569;0,603;0,583;0
3535804;"Paranapanema";2014;0,444;0,457;0,595;0,698;0,434;0,449;0,491;0,535;1
3535804;"Paranapanema";2016;0,44;0,438;0,821;0,717;0,484;0,511;0,582;0,555;0
3535804;"Paranapanema";2018;0,451;0,451;0,806;0,721;0,605;0,563;0,621;0,578;0
3535804;"Paranapanema";2020;0,355;0,439;0,754;0,722;0,604;0,594;0,571;0,585;1
3535804;"Paranapanema";2022;0,363;0,441;0,702;0,697;0,547;0,556;0,537;0,565;1
3535804;"Paranapanema";2024;0,506;0,464;0,64;0,716;0,576;0,569;0,574;0,583;1
3535903;"Paranapuã";2014;0,322;0,457;0,57;0,698;0,633;0,449;0,508;0,535;1
3535903;"Paranapuã";2016;0,324;0,438;0,716;0,717;0,714;0,511;0,585;0,555;0
3535903;"Paranapuã";2018;0,362;0,451;0,815;0,721;0,581;0,563;0,586;0,578;0
3535903;"Paranapuã";2020;0,376;0,439;0,858;0,722;0,668;0,594;0,634;0,585;0
3535903;"Paranapuã";2022;0,342;0,441;0,743;0,697;0,604;0,556;0,563;0,565;1
3535903;"Paranapuã";2024;0,378;0,464;0,839;0,716;0,671;0,569;0,629;0,583;0
3536000;"Parapuã";2014;0,354;0,457;0,731;0,698;0,469;0,449;0,518;0,535;1
3536000;"Parapuã";2016;0,339;0,438;0,647;0,717;0,483;0,511;0,49;0,555;1
3536000;"Parapuã";2018;0,362;0,451;0,721;0,721;0,565;0,563;0,549;0,578;1
3536000;"Parapuã";2020;0,384;0,439;0,809;0,722;0,709;0,594;0,634;0,585;0
3536000;"Parapuã";2022;0,388;0,441;0,755;0,697;0,553;0,556;0,565;0,565;0
3536000;"Parapuã";2024;0,418;0,464;0,68;0,716;0,643;0,569;0,58;0,583;1
3536109;"Pardinho";2014;0,415;0,457;0,725;0,698;0,335;0,449;0,492;0,535;1
3536109;"Pardinho";2016;0,404;0,438;0,594;0,717;0,431;0,511;0,476;0,555;1
3536109;"Pardinho";2018;0,438;0,451;0,604;0,721;0,429;0,563;0,49;0,578;1
3536109;"Pardinho";2020;0,429;0,439;0,598;0,722;0,427;0,594;0,485;0,585;1
3536109;"Pardinho";2022;0,432;0,441;0,555;0,697;0,412;0,556;0,466;0,565;1
3536109;"Pardinho";2024;0,432;0,464;0,732;0,716;0,404;0,569;0,523;0,583;1
3536208;"Pariquera-Açu";2014;0,333;0,457;0,492;0,698;0,418;0,449;0,414;0,535;1
3536208;"Pariquera-Açu";2016;0,323;0,438;0,591;0,717;0,495;0,511;0,47;0,555;1
3536208;"Pariquera-Açu";2018;0,33;0,451;0,735;0,721;0,512;0,563;0,526;0,578;1
3536208;"Pariquera-Açu";2020;0,324;0,439;0,667;0,722;0,552;0,594;0,514;0,585;1
3536208;"Pariquera-Açu";2022;0,32;0,441;0,647;0,697;0,46;0,556;0,476;0,565;1
3536208;"Pariquera-Açu";2024;0,32;0,464;0,68;0,716;0,473;0,569;0,491;0,583;1
3536257;"Parisi";2014;0,286;0,457;0,578;0,698;0,512;0,449;0,459;0,535;1
3536257;"Parisi";2016;0,274;0,438;0,55;0,717;0,627;0,511;0,484;0,555;1
3536257;"Parisi";2018;0,323;0,451;0,565;0,721;0,633;0,563;0,507;0,578;1
3536257;"Parisi";2020;0,322;0,439;0,56;0,722;0,592;0,594;0,491;0,585;1
3536257;"Parisi";2022;0,272;0,441;0,576;0,697;0,657;0,556;0,502;0,565;1
3536257;"Parisi";2024;0,346;0,464;0,759;0,716;0,779;0,569;0,628;0,583;0
3536307;"Patrocínio Paulista";2014;0,406;0,457;0,61;0,698;0,407;0,449;0,474;0,535;1
3536307;"Patrocínio Paulista";2016;0,395;0,438;0,789;0,717;0,5;0,511;0,561;0,555;0
3536307;"Patrocínio Paulista";2018;0,416;0,451;0,775;0,721;0,525;0,563;0,572;0,578;1
3536307;"Patrocínio Paulista";2020;0,416;0,439;0,73;0,722;0,556;0,594;0,567;0,585;1
3536307;"Patrocínio Paulista";2022;0,422;0,441;0,612;0,697;0,533;0,556;0,522;0,565;1
3536307;"Patrocínio Paulista";2024;0,46;0,464;0,542;0,716;0,478;0,569;0,493;0,583;1
3536406;"Paulicéia";2014;0,345;0,457;0,661;0,698;0,391;0,449;0,466;0,535;1
3536406;"Paulicéia";2016;0,374;0,438;0,696;0,717;0,537;0,511;0,536;0,555;1
3536406;"Paulicéia";2018;0,35;0,451;0,735;0,721;0,526;0,563;0,537;0,578;1
3536406;"Paulicéia";2020;0,367;0,439;0,757;0,722;0,55;0,594;0,558;0,585;1
3536406;"Paulicéia";2022;0,36;0,441;0,607;0,697;0,483;0,556;0,483;0,565;1
3536406;"Paulicéia";2024;0,381;0,464;0,609;0,716;0,599;0,569;0,53;0,583;1
3536505;"Paulínia";2014;0,56;0,457;0,762;0,698;0,513;0,449;0,612;0,535;0
3536505;"Paulínia";2016;0,569;0,438;0,794;0,717;0,603;0,511;0,655;0,555;0
3536505;"Paulínia";2018;0,581;0,451;0,792;0,721;0,649;0,563;0,674;0,578;0
3536505;"Paulínia";2020;0,585;0,439;0,742;0,722;0,658;0,594;0,662;0,585;0
3536505;"Paulínia";2022;0,603;0,441;0,734;0,697;0,604;0,556;0,647;0,565;0
3536505;"Paulínia";2024;0,567;0,464;0,761;0,716;0,595;0,569;0,641;0,583;0
3536570;"Paulistânia";2014;0,271;0,457;0,769;0,698;0,752;0,449;0,597;0,535;0
3536570;"Paulistânia";2016;0,321;0,438;0,809;0,717;0,695;0,511;0,608;0,555;0
3536570;"Paulistânia";2018;0,366;0,451;0,77;0,721;0,672;0,563;0,603;0,578;0
3536570;"Paulistânia";2020;0,325;0,439;0,866;0,722;0,79;0,594;0,66;0,585;0
3536570;"Paulistânia";2022;0,311;0,441;0,853;0,697;0,589;0,556;0,584;0,565;0
3536570;"Paulistânia";2024;0,346;0,464;0,823;0,716;0,695;0,569;0,621;0,583;0
3536604;"Paulo de Faria";2014;0,317;0,457;0,753;0,698;0,39;0,449;0,487;0,535;1
3536604;"Paulo de Faria";2016;0,316;0,438;0,743;0,717;0,495;0,511;0,518;0,555;1
3536604;"Paulo de Faria";2018;0,337;0,451;0,782;0,721;0,551;0,563;0,557;0,578;1
3536604;"Paulo de Faria";2020;0,343;0,439;0,731;0,722;0,562;0,594;0,545;0,585;1
3536604;"Paulo de Faria";2022;0,336;0,441;0,667;0,697;0,485;0,556;0,496;0,565;1
3536604;"Paulo de Faria";2024;0,455;0,464;0,738;0,716;0,517;0,569;0,57;0,583;1
3536703;"Pederneiras";2014;0,418;0,457;0,702;0,698;0,451;0,449;0,524;0,535;1
3536703;"Pederneiras";2016;0,387;0,438;0,731;0,717;0,515;0,511;0,544;0,555;1
3536703;"Pederneiras";2018;0,409;0,451;0,73;0,721;0,54;0,563;0,56;0,578;1
3536703;"Pederneiras";2020;0,401;0,439;0,774;0,722;0,55;0,594;0,575;0,585;1
3536703;"Pederneiras";2022;0,418;0,441;0,724;0,697;0,507;0,556;0,55;0,565;1
3536703;"Pederneiras";2024;0,432;0,464;0,701;0,716;0,53;0,569;0,554;0,583;1
3536802;"Pedra Bela";2014;0,235;0,457;0,596;0,698;0,406;0,449;0,412;0,535;1
3536802;"Pedra Bela";2016;0,229;0,438;0,691;0,717;0,553;0,511;0,491;0,555;1
3536802;"Pedra Bela";2018;0,253;0,451;0,728;0,721;0,535;0,563;0,505;0,578;1
3536802;"Pedra Bela";2020;0,269;0,439;0,844;0,722;0,73;0,594;0,614;0,585;0
3536802;"Pedra Bela";2022;0,252;0,441;0,85;0,697;0,616;0,556;0,573;0,565;0
3536802;"Pedra Bela";2024;0,26;0,464;0,821;0,716;0,612;0,569;0,564;0,583;1
3536901;"Pedranópolis";2014;0,293;0,457;0,669;0,698;0,568;0,449;0,51;0,535;1
3536901;"Pedranópolis";2016;0,289;0,438;0,856;0,717;0,551;0,511;0,565;0,555;0
3536901;"Pedranópolis";2018;0,326;0,451;0,716;0,721;0,663;0,563;0,568;0,578;1
3536901;"Pedranópolis";2020;0,345;0,439;0,705;0,722;0,683;0,594;0,578;0,585;1
3536901;"Pedranópolis";2022;0,312;0,441;0,736;0,697;0,638;0,556;0,562;0,565;1
3536901;"Pedranópolis";2024;0,369;0,464;0,844;0,716;0,64;0,569;0,618;0,583;0
3537008;"Pedregulho";2014;0,361;0,457;0,662;0,698;0,387;0,449;0,47;0,535;1
3537008;"Pedregulho";2016;0,363;0,438;0,677;0,717;0,469;0,511;0,503;0,555;1
3537008;"Pedregulho";2018;0,382;0,451;0,674;0,721;0,514;0,563;0,523;0,578;1
3537008;"Pedregulho";2020;0,392;0,439;0,793;0,722;0,522;0,594;0,569;0,585;1
3537008;"Pedregulho";2022;0,384;0,441;0,678;0,697;0,464;0,556;0,509;0,565;1
3537008;"Pedregulho";2024;0,399;0,464;0,631;0,716;0,497;0,569;0,509;0,583;1
3537107;"Pedreira";2014;0,383;0,457;0,789;0,698;0,561;0,449;0,578;0,535;0
3537107;"Pedreira";2016;0,37;0,438;0,775;0,717;0,608;0,511;0,584;0,555;0
3537107;"Pedreira";2018;0,385;0,451;0,778;0,721;0,615;0,563;0,593;0,578;0
3537107;"Pedreira";2020;0,389;0,439;0,776;0,722;0,691;0,594;0,619;0,585;0
3537107;"Pedreira";2022;0,388;0,441;0,759;0,697;0,634;0,556;0,594;0,565;0
3537107;"Pedreira";2024;0,402;0,464;0,762;0,716;0,691;0,569;0,618;0,583;0
3537156;"Pedrinhas Paulista";2014;0,38;0,457;0,748;0,698;0,63;0,449;0,586;0,535;0
3537156;"Pedrinhas Paulista";2016;0,367;0,438;0,797;0,717;0,604;0,511;0,589;0,555;0
3537156;"Pedrinhas Paulista";2018;0,408;0,451;0,842;0,721;0,734;0,563;0,661;0,578;0
3537156;"Pedrinhas Paulista";2020;0,411;0,439;0,816;0,722;0,711;0,594;0,646;0,585;0
3537156;"Pedrinhas Paulista";2022;0,41;0,441;0,824;0,697;0,769;0,556;0,668;0,565;0
3537156;"Pedrinhas Paulista";2024;0,39;0,464;0,761;0,716;0,708;0,569;0,62;0,583;0
3537206;"Pedro de Toledo";2014;0,271;0,457;0,591;0,698;0,309;0,449;0,39;0,535;1
3537206;"Pedro de Toledo";2016;0,25;0,438;0,564;0,717;0,438;0,511;0,417;0,555;1
3537206;"Pedro de Toledo";2018;0,293;0,451;0,592;0,721;0,388;0,563;0,424;0,578;1
3537206;"Pedro de Toledo";2020;0,295;0,439;0,749;0,722;0,48;0,594;0,508;0,585;1
3537206;"Pedro de Toledo";2022;0,286;0,441;0,789;0,697;0,487;0,556;0,521;0,565;1
3537206;"Pedro de Toledo";2024;0,32;0,464;0,686;0,716;0,51;0,569;0,505;0,583;1
3537305;"Penápolis";2014;0,365;0,457;0,686;0,698;0,491;0,449;0,514;0,535;1
3537305;"Penápolis";2016;0,365;0,438;0,746;0,717;0,553;0,511;0,555;0,555;1
3537305;"Penápolis";2018;0,383;0,451;0,696;0,721;0,637;0,563;0,572;0,578;1
3537305;"Penápolis";2020;0,372;0,439;0,698;0,722;0,648;0,594;0,573;0,585;1
3537305;"Penápolis";2022;0,372;0,441;0,645;0,697;0,652;0,556;0,556;0,565;1
3537305;"Penápolis";2024;0,396;0,464;0,641;0,716;0,685;0,569;0,574;0,583;1
3537404;"Pereira Barreto";2014;0,376;0,457;0,645;0,698;0,582;0,449;0,534;0,535;1
3537404;"Pereira Barreto";2016;0,37;0,438;0,676;0,717;0,693;0,511;0,58;0,555;0
3537404;"Pereira Barreto";2018;0,372;0,451;0,733;0,721;0,688;0,563;0,598;0,578;0
3537404;"Pereira Barreto";2020;0,379;0,439;0,619;0,722;0,687;0,594;0,562;0,585;1
3537404;"Pereira Barreto";2022;0,381;0,441;0,547;0,697;0,637;0,556;0,522;0,565;1
3537404;"Pereira Barreto";2024;0,411;0,464;0,66;0,716;0,72;0,569;0,597;0,583;0
3537503;"Pereiras";2014;0,353;0,457;0,76;0,698;0,522;0,449;0,545;0,535;0
3537503;"Pereiras";2016;0,329;0,438;0,687;0,717;0,493;0,511;0,503;0,555;1
3537503;"Pereiras";2018;0,366;0,451;0,7;0,721;0,542;0,563;0,536;0,578;1
3537503;"Pereiras";2020;0,38;0,439;0,67;0,722;0,624;0,594;0,558;0,585;1
3537503;"Pereiras";2022;0,38;0,441;0,598;0,697;0,525;0,556;0,501;0,565;1
3537503;"Pereiras";2024;0,414;0,464;0,7;0,716;0,564;0,569;0,559;0,583;1
3537602;"Peruíbe";2014;0,379;0,457;0,602;0,698;0,38;0,449;0,454;0,535;1
3537602;"Peruíbe";2016;0,354;0,438;0,672;0,717;0,47;0,511;0,499;0,555;1
3537602;"Peruíbe";2018;0,389;0,451;0,667;0,721;0,462;0,563;0,506;0,578;1
3537602;"Peruíbe";2020;0,385;0,439;0,638;0,722;0,499;0,594;0,507;0,585;1
3537602;"Peruíbe";2022;0,38;0,441;0,62;0,697;0,483;0,556;0,494;0,565;1
3537602;"Peruíbe";2024;0,406;0,464;0,65;0,716;0,497;0,569;0,518;0,583;1
3537701;"Piacatu";2014;0,291;0,457;0,691;0,698;0,554;0,449;0,512;0,535;1
3537701;"Piacatu";2016;0,286;0,438;0,595;0,717;0,607;0,511;0,496;0,555;1
3537701;"Piacatu";2018;0,302;0,451;0,536;0,721;0,685;0,563;0,508;0,578;1
3537701;"Piacatu";2020;0,304;0,439;0,559;0,722;0,656;0,594;0,506;0,585;1
3537701;"Piacatu";2022;0,295;0,441;0,524;0,697;0,644;0,556;0,488;0,565;1
3537701;"Piacatu";2024;0,322;0,464;0,601;0,716;0,656;0,569;0,526;0,583;1
3537800;"Piedade";2014;0,299;0,457;0,619;0,698;0,493;0,449;0,47;0,535;1
3537800;"Piedade";2016;0,285;0,438;0,678;0,717;0,531;0,511;0,498;0,555;1
3537800;"Piedade";2018;0,307;0,451;0,702;0,721;0,608;0,563;0,539;0,578;1
3537800;"Piedade";2020;0,312;0,439;0,682;0,722;0,639;0,594;0,544;0,585;1
3537800;"Piedade";2022;0,302;0,441;0,661;0,697;0,602;0,556;0,522;0,565;1
3537800;"Piedade";2024;0,327;0,464;0,68;0,716;0,616;0,569;0,541;0,583;1
3537909;"Pilar do Sul";2014;0,303;0,457;0,658;0,698;0,508;0,449;0,49;0,535;1
3537909;"Pilar do Sul";2016;0,297;0,438;0,653;0,717;0,592;0,511;0,514;0,555;1
3537909;"Pilar do Sul";2018;0,318;0,451;0,645;0,721;0,63;0,563;0,531;0,578;1
3537909;"Pilar do Sul";2020;0,315;0,439;0,706;0,722;0,706;0,594;0,576;0,585;1
3537909;"Pilar do Sul";2022;0,331;0,441;0,677;0,697;0,628;0,556;0,545;0,565;1
3537909;"Pilar do Sul";2024;0,336;0,464;0,652;0,716;0,648;0,569;0,545;0,583;1
3538006;"Pindamonhangaba";2014;0,405;0,457;0,668;0,698;0,425;0,449;0,499;0,535;1
3538006;"Pindamonhangaba";2016;0,378;0,438;0,698;0,717;0,518;0,511;0,531;0,555;1
3538006;"Pindamonhangaba";2018;0,395;0,451;0,695;0,721;0,603;0,563;0,564;0,578;1
3538006;"Pindamonhangaba";2020;0,382;0,439;0,724;0,722;0,6;0,594;0,569;0,585;1
3538006;"Pindamonhangaba";2022;0,395;0,441;0,681;0,697;0,577;0,556;0,551;0,565;1
3538006;"Pindamonhangaba";2024;0,397;0,464;0,72;0,716;0,607;0,569;0,575;0,583;1
3538105;"Pindorama";2014;0,335;0,457;0,703;0,698;0,464;0,449;0,501;0,535;1
3538105;"Pindorama";2016;0,323;0,438;0,759;0,717;0,513;0,511;0,532;0,555;1
3538105;"Pindorama";2018;0,35;0,451;0,738;0,721;0,549;0,563;0,546;0,578;1
3538105;"Pindorama";2020;0,351;0,439;0,707;0,722;0,589;0,594;0,549;0,585;1
3538105;"Pindorama";2022;0,353;0,441;0,628;0,697;0,523;0,556;0,501;0,565;1
3538105;"Pindorama";2024;0,386;0,464;0,81;0,716;0,588;0,569;0,595;0,583;0
3538204;"Pinhalzinho";2014;0,273;0,457;0,74;0,698;0,468;0,449;0,494;0,535;1
3538204;"Pinhalzinho";2016;0,262;0,438;0,768;0,717;0,474;0,511;0,501;0,555;1
3538204;"Pinhalzinho";2018;0,303;0,451;0,725;0,721;0,636;0,563;0,555;0,578;1
3538204;"Pinhalzinho";2020;0,301;0,439;0,822;0,722;0,646;0,594;0,59;0,585;0
3538204;"Pinhalzinho";2022;0,311;0,441;0,656;0,697;0,547;0,556;0,505;0,565;1
3538204;"Pinhalzinho";2024;0,362;0,464;0,742;0,716;0,573;0,569;0,559;0,583;1
3538303;"Piquerobi";2014;0,267;0,457;0,776;0,698;0,513;0,449;0,519;0,535;1
3538303;"Piquerobi";2016;0,251;0,438;0,713;0,717;0,592;0,511;0,519;0,555;1
3538303;"Piquerobi";2018;0,278;0,451;0,708;0,721;0,569;0,563;0,518;0,578;1
3538303;"Piquerobi";2020;0,296;0,439;0,841;0,722;0,568;0,594;0,568;0,585;1
3538303;"Piquerobi";2022;0,266;0,441;0,873;0,697;0,513;0,556;0,551;0,565;1
3538303;"Piquerobi";2024;0,331;0,464;0,834;0,716;0,687;0,569;0,617;0,583;0
3538501;"Piquete";2014;0,238;0,457;0,625;0,698;0,36;0,449;0,408;0,535;1
3538501;"Piquete";2016;0,231;0,438;0,64;0,717;0,481;0,511;0,451;0,555;1
3538501;"Piquete";2018;0,248;0,451;0,704;0,721;0,49;0,563;0,481;0,578;1
3538501;"Piquete";2020;0,255;0,439;0,715;0,722;0,509;0,594;0,493;0,585;1
3538501;"Piquete";2022;0,25;0,441;0,724;0,697;0,507;0,556;0,494;0,565;1
3538501;"Piquete";2024;0,282;0,464;0,771;0,716;0,51;0,569;0,521;0,583;1
3538600;"Piracaia";2014;0,295;0,457;0,685;0,698;0,444;0,449;0,475;0,535;1
3538600;"Piracaia";2016;0,283;0,438;0,757;0,717;0,554;0,511;0,531;0,555;1
3538600;"Piracaia";2018;0,317;0,451;0,785;0,721;0,599;0,563;0,567;0,578;1
3538600;"Piracaia";2020;0,326;0,439;0,749;0,722;0,635;0,594;0,57;0,585;1
3538600;"Piracaia";2022;0,318;0,441;0,726;0,697;0,576;0,556;0,54;0,565;1
3538600;"Piracaia";2024;0,324;0,464;0,729;0,716;0,626;0,569;0,56;0,583;1
3538709;"Piracicaba";2014;0,477;0,457;0,703;0,698;0,544;0,449;0,575;0,535;0
3538709;"Piracicaba";2016;0,455;0,438;0,716;0,717;0,614;0,511;0,595;0,555;0
3538709;"Piracicaba";2018;0,478;0,451;0,717;0,721;0,665;0,563;0,62;0,578;0
3538709;"Piracicaba";2020;0,46;0,439;0,724;0,722;0,69;0,594;0,625;0,585;0
3538709;"Piracicaba";2022;0,463;0,441;0,708;0,697;0,65;0,556;0,607;0,565;0
3538709;"Piracicaba";2024;0,447;0,464;0,724;0,716;0,671;0,569;0,614;0,583;0
3538808;"Piraju";2014;0,336;0,457;0,649;0,698;0,566;0,449;0,517;0,535;1
3538808;"Piraju";2016;0,327;0,438;0,783;0,717;0,595;0,511;0,568;0,555;0
3538808;"Piraju";2018;0,351;0,451;0,778;0,721;0,706;0,563;0,612;0,578;0
3538808;"Piraju";2020;0,354;0,439;0,707;0,722;0,687;0,594;0,583;0,585;1
3538808;"Piraju";2022;0,343;0,441;0,695;0,697;0,633;0,556;0,557;0,565;1
3538808;"Piraju";2024;0,366;0,464;0,746;0,716;0,681;0,569;0,598;0,583;0
3538907;"Pirajuí";2014;0,305;0,457;0,529;0,698;0,409;0,449;0,414;0,535;1
3538907;"Pirajuí";2016;0,302;0,438;0,57;0,717;0,497;0,511;0,456;0,555;1
3538907;"Pirajuí";2018;0,329;0,451;0,585;0,721;0,482;0,563;0,465;0,578;1
3538907;"Pirajuí";2020;0,328;0,439;0,609;0,722;0,512;0,594;0,483;0,585;1
3538907;"Pirajuí";2022;0,325;0,441;0,62;0,697;0,466;0,556;0,47;0,565;1
3538907;"Pirajuí";2024;0,401;0,464;0,711;0,716;0,511;0,569;0,541;0,583;1
3539004;"Pirangi";2014;0,34;0,457;0,756;0,698;0,414;0,449;0,503;0,535;1
3539004;"Pirangi";2016;0,328;0,438;0,793;0,717;0,553;0,511;0,558;0,555;0
3539004;"Pirangi";2018;0,371;0,451;0,813;0,721;0,615;0,563;0,6;0,578;0
3539004;"Pirangi";2020;0,378;0,439;0,811;0,722;0,621;0,594;0,603;0,585;0
3539004;"Pirangi";2022;0,356;0,441;0,799;0,697;0,578;0,556;0,578;0,565;0
3539004;"Pirangi";2024;0,401;0,464;0,726;0,716;0,589;0,569;0,572;0,583;1
3539103;"Pirapora do Bom Jesus";2014;0,35;0,457;0,622;0,698;0,322;0,449;0,431;0,535;1
3539103;"Pirapora do Bom Jesus";2016;0,292;0,438;0,713;0,717;0,37;0,511;0,458;0,555;1
3539103;"Pirapora do Bom Jesus";2018;0,337;0,451;0,722;0,721;0,394;0,563;0,484;0,578;1
3539103;"Pirapora do Bom Jesus";2020;0,329;0,439;0,655;0,722;0,359;0,594;0,448;0,585;1
3539103;"Pirapora do Bom Jesus";2022;0,331;0,441;0,71;0,697;0,444;0,556;0,495;0,565;1
3539103;"Pirapora do Bom Jesus";2024;0,344;0,464;0,714;0,716;0,415;0,569;0,491;0,583;1
3539202;"Pirapozinho";2014;0,322;0,457;0,674;0,698;0,52;0,449;0,505;0,535;1
3539202;"Pirapozinho";2016;0,306;0,438;0,73;0,717;0,539;0,511;0,525;0,555;1
3539202;"Pirapozinho";2018;0,337;0,451;0,74;0,721;0,59;0,563;0,556;0,578;1
3539202;"Pirapozinho";2020;0,329;0,439;0,744;0,722;0,577;0,594;0,55;0,585;1
3539202;"Pirapozinho";2022;0,325;0,441;0,724;0,697;0,587;0,556;0,545;0,565;1
3539202;"Pirapozinho";2024;0,36;0,464;0,723;0,716;0,562;0,569;0,548;0,583;1
3539301;"Pirassununga";2014;0,4;0,457;0,676;0,698;0,537;0,449;0,538;0,535;0
3539301;"Pirassununga";2016;0,388;0,438;0,732;0,717;0,569;0,511;0,563;0,555;0
3539301;"Pirassununga";2018;0,406;0,451;0,712;0,721;0,59;0,563;0,569;0,578;1
3539301;"Pirassununga";2020;0,406;0,439;0,751;0,722;0,615;0,594;0,591;0,585;0
3539301;"Pirassununga";2022;0,405;0,441;0,727;0,697;0,535;0,556;0,556;0,565;1
3539301;"Pirassununga";2024;0,409;0,464;0,692;0,716;0,579;0,569;0,56;0,583;1
3539400;"Piratininga";2014;0,318;0,457;0,693;0,698;0,366;0,449;0,459;0,535;1
3539400;"Piratininga";2016;0,305;0,438;0,776;0,717;0,439;0,511;0,507;0,555;1
3539400;"Piratininga";2018;0,345;0,451;0,737;0,721;0,541;0,563;0,541;0,578;1
3539400;"Piratininga";2020;0,34;0,439;0,753;0,722;0,578;0,594;0,557;0,585;1
3539400;"Piratininga";2022;0,326;0,441;0,793;0,697;0,556;0,556;0,558;0,565;1
3539400;"Piratininga";2024;0,36;0,464;0,766;0,716;0,516;0,569;0,547;0,583;1
3539509;"Pitangueiras";2014;0,375;0,457;0,681;0,698;0,43;0,449;0,495;0,535;1
3539509;"Pitangueiras";2016;0,365;0,438;0,706;0,717;0,506;0,511;0,526;0,555;1
3539509;"Pitangueiras";2018;0,374;0,451;0,678;0,721;0,572;0,563;0,541;0,578;1
3539509;"Pitangueiras";2020;0,374;0,439;0,68;0,722;0,574;0,594;0,543;0,585;1
3539509;"Pitangueiras";2022;0,371;0,441;0,701;0,697;0,549;0,556;0,54;0,565;1
3539509;"Pitangueiras";2024;0,412;0,464;0,682;0,716;0,573;0,569;0,556;0,583;1
3539608;"Planalto";2014;0,358;0,457;0,837;0,698;0,438;0,449;0,544;0,535;0
3539608;"Planalto";2016;0,363;0,438;0,72;0,717;0,422;0,511;0,502;0,555;1
3539608;"Planalto";2018;0,398;0,451;0,668;0,721;0,478;0,563;0,515;0,578;1
3539608;"Planalto";2020;0,394;0,439;0,711;0,722;0,468;0,594;0,524;0,585;1
3539608;"Planalto";2022;0,393;0,441;0,725;0,697;0,555;0,556;0,558;0,565;1
3539608;"Planalto";2024;0,456;0,464;0,729;0,716;0,524;0,569;0,57;0,583;1
3539707;"Platina";2014;0,272;0,457;0,763;0,698;0,464;0,449;0,5;0,535;1
3539707;"Platina";2016;0,304;0,438;0,817;0,717;0,571;0,511;0,564;0,555;0
3539707;"Platina";2018;0,348;0,451;0,83;0,721;0,531;0,563;0,57;0,578;1
3539707;"Platina";2020;0,358;0,439;0,694;0,722;0,502;0,594;0,518;0,585;1
3539707;"Platina";2022;0,357;0,441;0,598;0,697;0,538;0,556;0,498;0,565;1
3539707;"Platina";2024;0,377;0,464;0,759;0,716;0,534;0,569;0,557;0,583;1
3539806;"Poá";2014;0,407;0,457;0,669;0,698;0,445;0,449;0,507;0,535;1
3539806;"Poá";2016;0,386;0,438;0,675;0,717;0,507;0,511;0,523;0,555;1
3539806;"Poá";2018;0,39;0,451;0,674;0,721;0,566;0,563;0,543;0,578;1
3539806;"Poá";2020;0,362;0,439;0,687;0,722;0,583;0,594;0,544;0,585;1
3539806;"Poá";2022;0,369;0,441;0,64;0,697;0,533;0,556;0,514;0,565;1
3539806;"Poá";2024;0,36;0,464;0,664;0,716;0,567;0,569;0,53;0,583;1
3539905;"Poloni";2014;0,336;0,457;0,888;0,698;0,493;0,449;0,572;0,535;0
3539905;"Poloni";2016;0,316;0,438;0,778;0,717;0,522;0,511;0,539;0,555;1
3539905;"Poloni";2018;0,344;0,451;0,77;0,721;0,561;0,563;0,558;0,578;1
3539905;"Poloni";2020;0,339;0,439;0,796;0,722;0,557;0,594;0,564;0,585;1
3539905;"Poloni";2022;0,326;0,441;0,796;0,697;0,485;0,556;0,536;0,565;1
3539905;"Poloni";2024;0,348;0,464;0,807;0,716;0,615;0,569;0,59;0,583;0
3540002;"Pompéia";2014;0,431;0,457;0,63;0,698;0,533;0,449;0,531;0,535;1
3540002;"Pompéia";2016;0,415;0,438;0,6;0,717;0,579;0,511;0,531;0,555;1
3540002;"Pompéia";2018;0,439;0,451;0,645;0,721;0,637;0,563;0,574;0,578;1
3540002;"Pompéia";2020;0,441;0,439;0,79;0,722;0,697;0,594;0,643;0,585;0
3540002;"Pompéia";2022;0,453;0,441;0,766;0,697;0,658;0,556;0,626;0,565;0
3540002;"Pompéia";2024;0,5;0,464;0,744;0,716;0,676;0,569;0,64;0,583;0
3540101;"Pongaí";2014;0,3;0,457;0,739;0,698;0,46;0,449;0,5;0,535;1
3540101;"Pongaí";2016;0,292;0,438;0,665;0,717;0,536;0,511;0,498;0,555;1
3540101;"Pongaí";2018;0,319;0,451;0,685;0,721;0,558;0,563;0,521;0,578;1
3540101;"Pongaí";2020;0,319;0,439;0,664;0,722;0,627;0,594;0,537;0,585;1
3540101;"Pongaí";2022;0,308;0,441;0,79;0,697;0,605;0,556;0,568;0,565;0
3540101;"Pongaí";2024;0,322;0,464;0,837;0,716;0,646;0,569;0,602;0,583;0
3540200;"Pontal";2014;0,377;0,457;0,606;0,698;0,363;0,449;0,449;0,535;1
3540200;"Pontal";2016;0,367;0,438;0,702;0,717;0,393;0,511;0,487;0,555;1
3540200;"Pontal";2018;0,38;0,451;0,725;0,721;0,547;0,563;0,551;0,578;1
3540200;"Pontal";2020;0,366;0,439;0,716;0,722;0,591;0,594;0,558;0,585;1
3540200;"Pontal";2022;0,388;0,441;0,69;0,697;0,478;0,556;0,519;0,565;1
3540200;"Pontal";2024;0,437;0,464;0,644;0,716;0,553;0,569;0,545;0,583;1
3540259;"Pontalinda";2014;0,226;0,457;0,636;0,698;0,391;0,449;0,418;0,535;1
3540259;"Pontalinda";2016;0,214;0,438;0,686;0,717;0,56;0,511;0,487;0,555;1
3540259;"Pontalinda";2018;0,239;0,451;0,719;0,721;0,437;0,563;0,465;0,578;1
3540259;"Pontalinda";2020;0,24;0,439;0,842;0,722;0,547;0,594;0,543;0,585;1
3540259;"Pontalinda";2022;0,24;0,441;0,788;0,697;0,461;0,556;0,496;0,565;1
3540259;"Pontalinda";2024;0,27;0,464;0,748;0,716;0,571;0,569;0,53;0,583;1
3540309;"Pontes Gestal";2014;0,419;0,457;0,698;0,698;0,406;0,449;0,508;0,535;1
3540309;"Pontes Gestal";2016;0,412;0,438;0,787;0,717;0,47;0,511;0,556;0,555;0
3540309;"Pontes Gestal";2018;0,429;0,451;0,706;0,721;0,533;0,563;0,556;0,578;1
3540309;"Pontes Gestal";2020;0,373;0,439;0,684;0,722;0,465;0,594;0,507;0,585;1
3540309;"Pontes Gestal";2022;0,406;0,441;0,851;0,697;0,569;0,556;0,609;0,565;0
3540309;"Pontes Gestal";2024;0,442;0,464;0,908;0,716;0,66;0,569;0,67;0,583;0
3540408;"Populina";2014;0,293;0,457;0,632;0,698;0,57;0,449;0,498;0,535;1
3540408;"Populina";2016;0,277;0,438;0,635;0,717;0,725;0,511;0,546;0,555;1
3540408;"Populina";2018;0,306;0,451;0,591;0,721;0,632;0,563;0,51;0,578;1
3540408;"Populina";2020;0,32;0,439;0,6;0,722;0,714;0,594;0,545;0,585;1
3540408;"Populina";2022;0,31;0,441;0,541;0,697;0,669;0,556;0,507;0,565;1
3540408;"Populina";2024;0,346;0,464;0,669;0,716;0,643;0,569;0,553;0,583;1
3540507;"Porangaba";2014;0,274;0,457;0,698;0,698;0,38;0,449;0,451;0,535;1
3540507;"Porangaba";2016;0,26;0,438;0,682;0,717;0,471;0,511;0,471;0,555;1
3540507;"Porangaba";2018;0,31;0,451;0,71;0,721;0,408;0,563;0,476;0,578;1
3540507;"Porangaba";2020;0,312;0,439;0,769;0,722;0,495;0,594;0,525;0,585;1
3540507;"Porangaba";2022;0,28;0,441;0,691;0,697;0,479;0,556;0,483;0,565;1
3540507;"Porangaba";2024;0,326;0,464;0,772;0,716;0,462;0,569;0,52;0,583;1
3540606;"Porto Feliz";2014;0,416;0,457;0,661;0,698;0,582;0,449;0,553;0,535;0
3540606;"Porto Feliz";2016;0,408;0,438;0,75;0,717;0,595;0,511;0,584;0,555;0
3540606;"Porto Feliz";2018;0,461;0,451;0,723;0,721;0,59;0,563;0,591;0,578;0
3540606;"Porto Feliz";2020;0,47;0,439;0,706;0,722;0,609;0,594;0,595;0,585;0
3540606;"Porto Feliz";2022;0,474;0,441;0,773;0,697;0,538;0,556;0,595;0,565;0
3540606;"Porto Feliz";2024;0,495;0,464;0,738;0,716;0,584;0,569;0,606;0,583;0
3540705;"Porto Ferreira";2014;0,417;0,457;0,621;0,698;0,464;0,449;0,501;0,535;1
3540705;"Porto Ferreira";2016;0,39;0,438;0,803;0,717;0,495;0,511;0,563;0,555;0
3540705;"Porto Ferreira";2018;0,408;0,451;0,815;0,721;0,573;0,563;0,599;0,578;0
3540705;"Porto Ferreira";2020;0,407;0,439;0,766;0,722;0,575;0,594;0,583;0,585;1
3540705;"Porto Ferreira";2022;0,401;0,441;0,641;0,697;0,516;0,556;0,519;0,565;1
3540705;"Porto Ferreira";2024;0,479;0,464;0,697;0,716;0,56;0,569;0,579;0,583;1
3540754;"Potim";2014;0,234;0,457;0,521;0,698;0,29;0,449;0,348;0,535;1
3540754;"Potim";2016;0,212;0,438;0,569;0,717;0,387;0,511;0,389;0,555;1
3540754;"Potim";2018;0,233;0,451;0,57;0,721;0,448;0,563;0,417;0,578;1
3540754;"Potim";2020;0,224;0,439;0,663;0,722;0,563;0,594;0,483;0,585;1
3540754;"Potim";2022;0,232;0,441;0,535;0,697;0,557;0,556;0,441;0,565;1
3540754;"Potim";2024;0,324;0,464;0,625;0,716;0,584;0,569;0,511;0,583;1
3540804;"Potirendaba";2014;0,376;0,457;0,714;0,698;0,603;0,449;0,564;0,535;0
3540804;"Potirendaba";2016;0,353;0,438;0,758;0,717;0,671;0,511;0,594;0,555;0
3540804;"Potirendaba";2018;0,374;0,451;0,776;0,721;0,605;0,563;0,585;0,578;0
3540804;"Potirendaba";2020;0,369;0,439;0,716;0,722;0,701;0,594;0,595;0,585;0
3540804;"Potirendaba";2022;0,346;0,441;0,679;0,697;0,573;0,556;0,533;0,565;1
3540804;"Potirendaba";2024;0,39;0,464;0,765;0,716;0,64;0,569;0,598;0,583;0
3540853;"Pracinha";2014;0,203;0,457;0,721;0,698;0,491;0,449;0,472;0,535;1
3540853;"Pracinha";2016;0,188;0,438;0,802;0,717;0,532;0,511;0,507;0,555;1
3540853;"Pracinha";2018;0,199;0,451;0,728;0,721;0,554;0,563;0,494;0,578;1
3540853;"Pracinha";2020;0,195;0,439;0,677;0,722;0,416;0,594;0,429;0,585;1
3540853;"Pracinha";2022;0,199;0,441;0,763;0,697;0,555;0,556;0,506;0,565;1
3540853;"Pracinha";2024;0,26;0,464;0,798;0,716;0,561;0,569;0,54;0,583;1
3540903;"Pradópolis";2014;0,422;0,457;0,773;0,698;0,481;0,449;0,559;0,535;0
3540903;"Pradópolis";2016;0,4;0,438;0,805;0,717;0,476;0,511;0,56;0,555;0
3540903;"Pradópolis";2018;0,412;0,451;0,825;0,721;0,522;0,563;0,586;0,578;0
3540903;"Pradópolis";2020;0,405;0,439;0,696;0,722;0,536;0,594;0,546;0,585;1
3540903;"Pradópolis";2022;0,402;0,441;0,671;0,697;0,511;0,556;0,528;0,565;1
3540903;"Pradópolis";2024;0,446;0,464;0,772;0,716;0,488;0,569;0,569;0,583;1
3541000;"Praia Grande";2014;0,431;0,457;0,648;0,698;0,479;0,449;0,519;0,535;1
3541000;"Praia Grande";2016;0,409;0,438;0,649;0,717;0,519;0,511;0,526;0,555;1
3541000;"Praia Grande";2018;0,432;0,451;0,665;0,721;0,597;0,563;0,565;0,578;1
3541000;"Praia Grande";2020;0,424;0,439;0,658;0,722;0,602;0,594;0,561;0,585;1
3541000;"Praia Grande";2022;0,397;0,441;0,646;0,697;0,549;0,556;0,531;0,565;1
3541000;"Praia Grande";2024;0,365;0,464;0,69;0,716;0,571;0,569;0,542;0,583;1
3541059;"Pratânia";2014;0,357;0,457;0,799;0,698;0,383;0,449;0,513;0,535;1
3541059;"Pratânia";2016;0,344;0,438;0,808;0,717;0,452;0,511;0,535;0,555;1
3541059;"Pratânia";2018;0,375;0,451;0,812;0,721;0,515;0,563;0,567;0,578;1
3541059;"Pratânia";2020;0,352;0,439;0,879;0,722;0,47;0,594;0,567;0,585;1
3541059;"Pratânia";2022;0,357;0,441;0,875;0,697;0,479;0,556;0,57;0,565;0
3541059;"Pratânia";2024;0,372;0,464;0,78;0,716;0,505;0,569;0,552;0,583;1
3541109;"Presidente Alves";2014;0,295;0,457;0,776;0,698;0,393;0,449;0,488;0,535;1
3541109;"Presidente Alves";2016;0,282;0,438;0,849;0,717;0,524;0,511;0,552;0,555;1
3541109;"Presidente Alves";2018;0,303;0,451;0,873;0,721;0,49;0,563;0,555;0,578;1
3541109;"Presidente Alves";2020;0,291;0,439;0,854;0,722;0,474;0,594;0,54;0,585;1
3541109;"Presidente Alves";2022;0,277;0,441;0,775;0,697;0,488;0,556;0,513;0,565;1
3541109;"Presidente Alves";2024;0,352;0,464;0,725;0,716;0,496;0,569;0,524;0,583;1
3541208;"Presidente Bernardes";2014;0,303;0,457;0,771;0,698;0,42;0,449;0,498;0,535;1
3541208;"Presidente Bernardes";2016;0,297;0,438;0,759;0,717;0,436;0,511;0,497;0,555;1
3541208;"Presidente Bernardes";2018;0,32;0,451;0,643;0,721;0,497;0,563;0,487;0,578;1
3541208;"Presidente Bernardes";2020;0,334;0,439;0,636;0,722;0,553;0,594;0,508;0,585;1
3541208;"Presidente Bernardes";2022;0,302;0,441;0,743;0,697;0,571;0,556;0,539;0,565;1
3541208;"Presidente Bernardes";2024;0,32;0,464;0,668;0,716;0,556;0,569;0,515;0,583;1
3541307;"Presidente Epitácio";2014;0,348;0,457;0,645;0,698;0,422;0,449;0,472;0,535;1
3541307;"Presidente Epitácio";2016;0,325;0,438;0,682;0,717;0,531;0,511;0,513;0,555;1
3541307;"Presidente Epitácio";2018;0,317;0,451;0,66;0,721;0,544;0,563;0,507;0,578;1
3541307;"Presidente Epitácio";2020;0,315;0,439;0,619;0,722;0,581;0,594;0,505;0,585;1
3541307;"Presidente Epitácio";2022;0,403;0,441;0,663;0,697;0,609;0,556;0,558;0,565;1
3541307;"Presidente Epitácio";2024;0,353;0,464;0,649;0,716;0,65;0,569;0,551;0,583;1
3541406;"Presidente Prudente";2014;0,413;0,457;0,698;0,698;0,492;0,449;0,534;0,535;1
3541406;"Presidente Prudente";2016;0,401;0,438;0,721;0,717;0,55;0,511;0,557;0,555;0
3541406;"Presidente Prudente";2018;0,417;0,451;0,709;0,721;0,623;0,563;0,583;0,578;0
3541406;"Presidente Prudente";2020;0,406;0,439;0,733;0,722;0,675;0,594;0,605;0,585;0
3541406;"Presidente Prudente";2022;0,396;0,441;0,697;0,697;0,597;0,556;0,563;0,565;1
3541406;"Presidente Prudente";2024;0,37;0,464;0,728;0,716;0,621;0,569;0,573;0,583;1
3541505;"Presidente Venceslau";2014;0,319;0,457;0,776;0,698;0,617;0,449;0,571;0,535;0
3541505;"Presidente Venceslau";2016;0,305;0,438;0,692;0,717;0,618;0,511;0,538;0,555;1
3541505;"Presidente Venceslau";2018;0,321;0,451;0,768;0,721;0,622;0,563;0,57;0,578;1
3541505;"Presidente Venceslau";2020;0,318;0,439;0,781;0,722;0,658;0,594;0,586;0,585;0
3541505;"Presidente Venceslau";2022;0,304;0,441;0,761;0,697;0,638;0,556;0,568;0,565;0
3541505;"Presidente Venceslau";2024;0,348;0,464;0,702;0,716;0,669;0,569;0,573;0,583;1
3541604;"Promissão";2014;0,392;0,457;0,701;0,698;0,367;0,449;0,487;0,535;1
3541604;"Promissão";2016;0,399;0,438;0,707;0,717;0,451;0,511;0,519;0,555;1
3541604;"Promissão";2018;0,386;0,451;0,676;0,721;0,502;0,563;0,521;0,578;1
3541604;"Promissão";2020;0,392;0,439;0,759;0,722;0,494;0,594;0,548;0,585;1
3541604;"Promissão";2022;0,39;0,441;0,7;0,697;0,512;0,556;0,534;0,565;1
3541604;"Promissão";2024;0,447;0,464;0,641;0,716;0,529;0,569;0,539;0,583;1
3541653;"Quadra";2014;0,295;0,457;0,582;0,698;0,455;0,449;0,444;0,535;1
3541653;"Quadra";2016;0,282;0,438;0,69;0,717;0,477;0,511;0,483;0,555;1
3541653;"Quadra";2018;0,34;0,451;0,72;0,721;0,551;0,563;0,537;0,578;1
3541653;"Quadra";2020;0,355;0,439;0,845;0,722;0,615;0,594;0,605;0,585;0
3541653;"Quadra";2022;0,369;0,441;0,779;0,697;0,447;0,556;0,532;0,565;1
3541653;"Quadra";2024;0,384;0,464;0,811;0,716;0,534;0,569;0,576;0,583;1
3541703;"Quatá";2014;0,359;0,457;0,632;0,698;0,38;0,449;0,457;0,535;1
3541703;"Quatá";2016;0,367;0,438;0,801;0,717;0,485;0,511;0,551;0,555;1
3541703;"Quatá";2018;0,371;0,451;0,72;0,721;0,547;0,563;0,546;0,578;1
3541703;"Quatá";2020;0,382;0,439;0,627;0,722;0,554;0,594;0,521;0,585;1
3541703;"Quatá";2022;0,366;0,441;0,616;0,697;0,51;0,556;0,497;0,565;1
3541703;"Quatá";2024;0,425;0,464;0,747;0,716;0,591;0,569;0,588;0,583;0
3541802;"Queiroz";2014;0,446;0,457;0,641;0,698;0,5;0,449;0,529;0,535;1
3541802;"Queiroz";2016;0,442;0,438;0,53;0,717;0,573;0,511;0,515;0,555;1
3541802;"Queiroz";2018;0,492;0,451;0,606;0,721;0,603;0,563;0,567;0,578;1
3541802;"Queiroz";2020;0,546;0,439;0,689;0,722;0,621;0,594;0,619;0,585;0
3541802;"Queiroz";2022;0,533;0,441;0,697;0,697;0,547;0,556;0,592;0,565;0
3541802;"Queiroz";2024;0,553;0,464;0,706;0,716;0,609;0,569;0,623;0,583;0
3541901;"Queluz";2014;0,3;0,457;0,454;0,698;0,344;0,449;0,366;0,535;1
3541901;"Queluz";2016;0,297;0,438;0,661;0,717;0,359;0,511;0,439;0,555;1
3541901;"Queluz";2018;0,317;0,451;0,73;0,721;0,432;0,563;0,493;0,578;1
3541901;"Queluz";2020;0,307;0,439;0,64;0,722;0,431;0,594;0,459;0,585;1
3541901;"Queluz";2022;0,341;0,441;0,718;0,697;0,467;0,556;0,509;0,565;1
3541901;"Queluz";2024;0,323;0,464;0,713;0,716;0,45;0,569;0,495;0,583;1
3542008;"Quintana";2014;0,337;0,457;0,666;0,698;0,53;0,449;0,511;0,535;1
3542008;"Quintana";2016;0,324;0,438;0,661;0,717;0,636;0,511;0,54;0,555;1
3542008;"Quintana";2018;0,35;0,451;0,681;0,721;0,692;0,563;0,574;0,578;1
3542008;"Quintana";2020;0,362;0,439;0,662;0,722;0,668;0,594;0,564;0,585;1
3542008;"Quintana";2022;0,361;0,441;0,669;0,697;0,612;0,556;0,547;0,565;1
3542008;"Quintana";2024;0,369;0,464;0,651;0,716;0,702;0,569;0,574;0,583;1
3542107;"Rafard";2014;0,403;0,457;0,638;0,698;0,471;0,449;0,504;0,535;1
3542107;"Rafard";2016;0,397;0,438;0,667;0,717;0,532;0,511;0,532;0,555;1
3542107;"Rafard";2018;0,405;0,451;0,673;0,721;0,502;0,563;0,527;0,578;1
3542107;"Rafard";2020;0,391;0,439;0,734;0,722;0,565;0,594;0,563;0,585;1
3542107;"Rafard";2022;0,394;0,441;0,736;0,697;0,609;0,556;0,58;0,565;0
3542107;"Rafard";2024;0,425;0,464;0,763;0,716;0,58;0,569;0,589;0,583;0
3542206;"Rancharia";2014;0,362;0,457;0,653;0,698;0,51;0,449;0,508;0,535;1
3542206;"Rancharia";2016;0,351;0,438;0,652;0,717;0,565;0,511;0,523;0,555;1
3542206;"Rancharia";2018;0,368;0,451;0,689;0,721;0,635;0,563;0,564;0,578;1
3542206;"Rancharia";2020;0,372;0,439;0,637;0,722;0,67;0,594;0,56;0,585;1
3542206;"Rancharia";2022;0,371;0,441;0,564;0,697;0,639;0,556;0,525;0,565;1
3542206;"Rancharia";2024;0,412;0,464;0,666;0,716;0,669;0,569;0,582;0,583;1
3542305;"Redenção da Serra";2014;0,227;0,457;0,567;0,698;0,281;0,449;0,358;0,535;1
3542305;"Redenção da Serra";2016;0,223;0,438;0,651;0,717;0,499;0,511;0,458;0,555;1
3542305;"Redenção da Serra";2018;0,27;0,451;0,772;0,721;0,414;0,563;0,485;0,578;1
3542305;"Redenção da Serra";2020;0,269;0,439;0,779;0,722;0,448;0,594;0,499;0,585;1
3542305;"Redenção da Serra";2022;0,263;0,441;0,732;0,697;0,426;0,556;0,474;0,565;1
3542305;"Redenção da Serra";2024;0,296;0,464;0,84;0,716;0,492;0,569;0,543;0,583;1
3542404;"Regente Feijó";2014;0,369;0,457;0,638;0,698;0,528;0,449;0,512;0,535;1
3542404;"Regente Feijó";2016;0,348;0,438;0,743;0,717;0,604;0,511;0,565;0,555;0
3542404;"Regente Feijó";2018;0,365;0,451;0,767;0,721;0,626;0,563;0,586;0,578;0
3542404;"Regente Feijó";2020;0,37;0,439;0,722;0,722;0,628;0,594;0,573;0,585;1
3542404;"Regente Feijó";2022;0,359;0,441;0,668;0,697;0,658;0,556;0,562;0,565;1
3542404;"Regente Feijó";2024;0,371;0,464;0,72;0,716;0,616;0,569;0,569;0,583;1
3542503;"Reginópolis";2014;0,341;0,457;0,582;0,698;0,415;0,449;0,446;0,535;1
3542503;"Reginópolis";2016;0,325;0,438;0,674;0,717;0,529;0,511;0,509;0,555;1
3542503;"Reginópolis";2018;0,351;0,451;0,642;0,721;0,627;0,563;0,54;0,578;1
3542503;"Reginópolis";2020;0,368;0,439;0,768;0,722;0,573;0,594;0,57;0,585;1
3542503;"Reginópolis";2022;0,359;0,441;0,736;0,697;0,604;0,556;0,566;0,565;0
3542503;"Reginópolis";2024;0,395;0,464;0,77;0,716;0,593;0,569;0,586;0,583;0
3542602;"Registro";2014;0,363;0,457;0,64;0,698;0,49;0,449;0,498;0,535;1
3542602;"Registro";2016;0,344;0,438;0,72;0,717;0,543;0,511;0,536;0,555;1
3542602;"Registro";2018;0,36;0,451;0,705;0,721;0,634;0,563;0,566;0,578;1
3542602;"Registro";2020;0,351;0,439;0,704;0,722;0,647;0,594;0,567;0,585;1
3542602;"Registro";2022;0,347;0,441;0,679;0,697;0,529;0,556;0,518;0,565;1
3542602;"Registro";2024;0,355;0,464;0,678;0,716;0,601;0,569;0,545;0,583;1
3542701;"Restinga";2014;0,331;0,457;0,702;0,698;0,329;0,449;0,454;0,535;1
3542701;"Restinga";2016;0,325;0,438;0,743;0,717;0,465;0,511;0,511;0,555;1
3542701;"Restinga";2018;0,342;0,451;0,778;0,721;0,494;0,563;0,538;0,578;1
3542701;"Restinga";2020;0,332;0,439;0,769;0,722;0,452;0,594;0,518;0,585;1
3542701;"Restinga";2022;0,362;0,441;0,658;0,697;0,441;0,556;0,487;0,565;1
3542701;"Restinga";2024;0,428;0,464;0,655;0,716;0,483;0,569;0,522;0,583;1
3542800;"Ribeira";2014;0,194;0,457;0,601;0,698;0,345;0,449;0,38;0,535;1
3542800;"Ribeira";2016;0,186;0,438;0,72;0,717;0,402;0,511;0,436;0,555;1
3542800;"Ribeira";2018;0,202;0,451;0,74;0,721;0,447;0,563;0,463;0,578;1
3542800;"Ribeira";2020;0,208;0,439;0,807;0,722;0,575;0,594;0,53;0,585;1
3542800;"Ribeira";2022;0,217;0,441;0,866;0,697;0,574;0,556;0,552;0,565;1
3542800;"Ribeira";2024;0,309;0,464;0,726;0,716;0,557;0,569;0,531;0,583;1
3542909;"Ribeirão Bonito";2014;0,332;0,457;0,75;0,698;0,365;0,449;0,482;0,535;1
3542909;"Ribeirão Bonito";2016;0,298;0,438;0,799;0,717;0,397;0,511;0,498;0,555;1
3542909;"Ribeirão Bonito";2018;0,371;0,451;0,742;0,721;0,484;0,563;0,532;0,578;1
3542909;"Ribeirão Bonito";2020;0,383;0,439;0,7;0,722;0,421;0,594;0,501;0,585;1
3542909;"Ribeirão Bonito";2022;0,404;0,441;0,701;0,697;0,435;0,556;0,513;0,565;1
3542909;"Ribeirão Bonito";2024;0,394;0,464;0,653;0,716;0,441;0,569;0,496;0,583;1
3543006;"Ribeirão Branco";2014;0,253;0,457;0,627;0,698;0,372;0,449;0,417;0,535;1
3543006;"Ribeirão Branco";2016;0,242;0,438;0,543;0,717;0,509;0,511;0,431;0,555;1
3543006;"Ribeirão Branco";2018;0,247;0,451;0,597;0,721;0,58;0,563;0,475;0,578;1
3543006;"Ribeirão Branco";2020;0,258;0,439;0,656;0,722;0,662;0,594;0,525;0,585;1
3543006;"Ribeirão Branco";2022;0,247;0,441;0,665;0,697;0,529;0,556;0,48;0,565;1
3543006;"Ribeirão Branco";2024;0,241;0,464;0,62;0,716;0,583;0,569;0,481;0,583;1
3543105;"Ribeirão Corrente";2014;0,321;0,457;0,713;0,698;0,408;0,449;0,481;0,535;1
3543105;"Ribeirão Corrente";2016;0,317;0,438;0,744;0,717;0,471;0,511;0,511;0,555;1
3543105;"Ribeirão Corrente";2018;0,34;0,451;0,746;0,721;0,609;0,563;0,565;0,578;1
3543105;"Ribeirão Corrente";2020;0,353;0,439;0,754;0,722;0,613;0,594;0,573;0,585;1
3543105;"Ribeirão Corrente";2022;0,362;0,441;0,686;0,697;0,524;0,556;0,524;0,565;1
3543105;"Ribeirão Corrente";2024;0,409;0,464;0,721;0,716;0,604;0,569;0,578;0,583;1
3543204;"Ribeirão do Sul";2014;0,318;0,457;0,788;0,698;0,562;0,449;0,556;0,535;0
3543204;"Ribeirão do Sul";2016;0,317;0,438;0,725;0,717;0,526;0,511;0,523;0,555;1
3543204;"Ribeirão do Sul";2018;0,342;0,451;0,706;0,721;0,578;0,563;0,542;0,578;1
3543204;"Ribeirão do Sul";2020;0,346;0,439;0,702;0,722;0,588;0,594;0,545;0,585;1
3543204;"Ribeirão do Sul";2022;0,345;0,441;0,678;0,697;0,618;0,556;0,547;0,565;1
3543204;"Ribeirão do Sul";2024;0,364;0,464;0,73;0,716;0,588;0,569;0,561;0,583;1
3543238;"Ribeirão dos Índios";2014;0,227;0,457;0,838;0,698;0,317;0,449;0,461;0,535;1
3543238;"Ribeirão dos Índios";2016;0,221;0,438;0,788;0,717;0,485;0,511;0,498;0,555;1
3543238;"Ribeirão dos Índios";2018;0,249;0,451;0,877;0,721;0,482;0,563;0,536;0,578;1
3543238;"Ribeirão dos Índios";2020;0,255;0,439;0,86;0,722;0,588;0,594;0,568;0,585;1
3543238;"Ribeirão dos Índios";2022;0,239;0,441;0,788;0,697;0,568;0,556;0,532;0,565;1
3543238;"Ribeirão dos Índios";2024;0,251;0,464;0,905;0,716;0,662;0,569;0,606;0,583;0
3543253;"Ribeirão Grande";2014;0,258;0,457;0,719;0,698;0,431;0,449;0,469;0,535;1
3543253;"Ribeirão Grande";2016;0,205;0,438;0,719;0,717;0,484;0,511;0,469;0,555;1
3543253;"Ribeirão Grande";2018;0,229;0,451;0,727;0,721;0,621;0,563;0,526;0,578;1
3543253;"Ribeirão Grande";2020;0,191;0,439;0,704;0,722;0,587;0,594;0,494;0,585;1
3543253;"Ribeirão Grande";2022;0,172;0,441;0,607;0,697;0,47;0,556;0,416;0,565;1
3543253;"Ribeirão Grande";2024;0,201;0,464;0,638;0,716;0,561;0,569;0,467;0,583;1
3543303;"Ribeirão Pires";2014;0,43;0,457;0,722;0,698;0,531;0,449;0,561;0,535;0
3543303;"Ribeirão Pires";2016;0,407;0,438;0,756;0,717;0,585;0,511;0,583;0,555;0
3543303;"Ribeirão Pires";2018;0,411;0,451;0,758;0,721;0,659;0,563;0,609;0,578;0
3543303;"Ribeirão Pires";2020;0,399;0,439;0,726;0,722;0,639;0,594;0,588;0,585;0
3543303;"Ribeirão Pires";2022;0,398;0,441;0,722;0,697;0,614;0,556;0,578;0,565;0
3543303;"Ribeirão Pires";2024;0,346;0,464;0,782;0,716;0,63;0,569;0,586;0,583;0
3543402;"Ribeirão Preto";2014;0,479;0,457;0,719;0,698;0,472;0,449;0,557;0,535;0
3543402;"Ribeirão Preto";2016;0,461;0,438;0,747;0,717;0,529;0,511;0,579;0,555;0
3543402;"Ribeirão Preto";2018;0,479;0,451;0,758;0,721;0,544;0,563;0,594;0,578;0
3543402;"Ribeirão Preto";2020;0,462;0,439;0,763;0,722;0,556;0,594;0,594;0,585;0
3543402;"Ribeirão Preto";2022;0,462;0,441;0,738;0,697;0,499;0,556;0,566;0,565;0
3543402;"Ribeirão Preto";2024;0,607;0,464;0,761;0,716;0,523;0,569;0,63;0,583;0
3543501;"Riversul";2014;0,191;0,457;0,529;0,698;0,437;0,449;0,386;0,535;1
3543501;"Riversul";2016;0,185;0,438;0,73;0,717;0,486;0,511;0,467;0,555;1
3543501;"Riversul";2018;0,214;0,451;0,67;0,721;0,582;0,563;0,489;0,578;1
3543501;"Riversul";2020;0,221;0,439;0,649;0,722;0,602;0,594;0,491;0,585;1
3543501;"Riversul";2022;0,219;0,441;0,611;0,697;0,449;0,556;0,426;0,565;1
3543501;"Riversul";2024;0,307;0,464;0,623;0,716;0,549;0,569;0,493;0,583;1
3543600;"Rifaina";2014;0,367;0,457;0,608;0,698;0,427;0,449;0,467;0,535;1
3543600;"Rifaina";2016;0,366;0,438;0,656;0,717;0,483;0,511;0,502;0,555;1
3543600;"Rifaina";2018;0,469;0,451;0,582;0,721;0,526;0,563;0,526;0,578;1
3543600;"Rifaina";2020;0,494;0,439;0,718;0,722;0,509;0,594;0,574;0,585;1
3543600;"Rifaina";2022;0,497;0,441;0,707;0,697;0,594;0,556;0,599;0,565;0
3543600;"Rifaina";2024;0,555;0,464;0,708;0,716;0,567;0,569;0,61;0,583;0
3543709;"Rincão";2014;0,36;0,457;0,625;0,698;0,385;0,449;0,457;0,535;1
3543709;"Rincão";2016;0,353;0,438;0,735;0,717;0,423;0,511;0,504;0,555;1
3543709;"Rincão";2018;0,372;0,451;0,705;0,721;0,43;0,563;0,502;0,578;1
3543709;"Rincão";2020;0,382;0,439;0,702;0,722;0,406;0,594;0,497;0,585;1
3543709;"Rincão";2022;0,397;0,441;0,692;0,697;0,444;0,556;0,511;0,565;1
3543709;"Rincão";2024;0,531;0,464;0,718;0,716;0,487;0,569;0,579;0,583;1
3543808;"Rinópolis";2014;0,335;0,457;0,644;0,698;0,476;0,449;0,485;0,535;1
3543808;"Rinópolis";2016;0,324;0,438;0,631;0,717;0,526;0,511;0,494;0,555;1
3543808;"Rinópolis";2018;0,342;0,451;0,644;0,721;0,544;0,563;0,51;0,578;1
3543808;"Rinópolis";2020;0,341;0,439;0,652;0,722;0,625;0,594;0,539;0,585;1
3543808;"Rinópolis";2022;0,34;0,441;0,662;0,697;0,565;0,556;0,522;0,565;1
3543808;"Rinópolis";2024;0,386;0,464;0,694;0,716;0,607;0,569;0,562;0,583;1
3543907;"Rio Claro";2014;0,42;0,457;0,687;0,698;0,554;0,449;0,554;0,535;0
3543907;"Rio Claro";2016;0,402;0,438;0,712;0,717;0,517;0,511;0,544;0,555;1
3543907;"Rio Claro";2018;0,415;0,451;0,722;0,721;0,634;0,563;0,59;0,578;0
3543907;"Rio Claro";2020;0,415;0,439;0,737;0,722;0,643;0,594;0,598;0,585;0
3543907;"Rio Claro";2022;0,416;0,441;0,705;0,697;0,586;0,556;0,569;0,565;0
3543907;"Rio Claro";2024;0,433;0,464;0,724;0,716;0,602;0,569;0,586;0,583;0
3544004;"Rio das Pedras";2014;0,421;0,457;0,741;0,698;0,487;0,449;0,55;0,535;0
3544004;"Rio das Pedras";2016;0,398;0,438;0,735;0,717;0,473;0,511;0,535;0,555;1
3544004;"Rio das Pedras";2018;0,415;0,451;0,77;0,721;0,583;0,563;0,589;0,578;0
3544004;"Rio das Pedras";2020;0,413;0,439;0,741;0,722;0,572;0,594;0,575;0,585;1
3544004;"Rio das Pedras";2022;0,424;0,441;0,679;0,697;0,554;0,556;0,552;0,565;1
3544004;"Rio das Pedras";2024;0,434;0,464;0,709;0,716;0,628;0,569;0,59;0,583;0
3544103;"Rio Grande da Serra";2014;0,305;0,457;0,671;0,698;0,359;0,449;0,445;0,535;1
3544103;"Rio Grande da Serra";2016;0,34;0,438;0,75;0,717;0,487;0,511;0,526;0,555;1
3544103;"Rio Grande da Serra";2018;0,359;0,451;0,728;0,721;0,575;0,563;0,554;0,578;1
3544103;"Rio Grande da Serra";2020;0,365;0,439;0,679;0,722;0,563;0,594;0,536;0,585;1
3544103;"Rio Grande da Serra";2022;0,378;0,441;0,734;0,697;0,557;0,556;0,556;0,565;1
3544103;"Rio Grande da Serra";2024;0,333;0,464;0,754;0,716;0,533;0,569;0,54;0,583;1
3544202;"Riolândia";2014;0,28;0,457;0,59;0,698;0,325;0,449;0,398;0,535;1
3544202;"Riolândia";2016;0,281;0,438;0,805;0,717;0,441;0,511;0,509;0,555;1
3544202;"Riolândia";2018;0,304;0,451;0,847;0,721;0,543;0,563;0,565;0,578;1
3544202;"Riolândia";2020;0,311;0,439;0,752;0,722;0,599;0,594;0,554;0,585;1
3544202;"Riolândia";2022;0,307;0,441;0,752;0,697;0,61;0,556;0,556;0,565;1
3544202;"Riolândia";2024;0,411;0,464;0,756;0,716;0,569;0,569;0,579;0,583;1
3544251;"Rosana";2014;0,359;0,457;0,714;0,698;0,419;0,449;0,497;0,535;1
3544251;"Rosana";2016;0,368;0,438;0,735;0,717;0,465;0,511;0,523;0,555;1
3544251;"Rosana";2018;0,365;0,451;0,736;0,721;0,528;0,563;0,543;0,578;1
3544251;"Rosana";2020;0,392;0,439;0,735;0,722;0,587;0,594;0,571;0,585;1
3544251;"Rosana";2022;0,385;0,441;0,747;0,697;0,582;0,556;0,571;0,565;0
3544251;"Rosana";2024;0,398;0,464;0,777;0,716;0,613;0,569;0,596;0,583;0
3544301;"Roseira";2014;0,367;0,457;0,562;0,698;0,426;0,449;0,452;0,535;1
3544301;"Roseira";2016;0,366;0,438;0,656;0,717;0,534;0,511;0,519;0,555;1
3544301;"Roseira";2018;0,373;0,451;0,702;0,721;0,615;0,563;0,563;0,578;1
3544301;"Roseira";2020;0,37;0,439;0,809;0,722;0,665;0,594;0,615;0,585;0
3544301;"Roseira";2022;0,371;0,441;0,629;0,697;0,559;0,556;0,52;0,565;1
3544301;"Roseira";2024;0,349;0,464;0,775;0,716;0,607;0,569;0,577;0,583;1
3544400;"Rubiácea";2014;0,29;0,457;0,804;0,698;0,606;0,449;0,567;0,535;0
3544400;"Rubiácea";2016;0,279;0,438;0,836;0,717;0,676;0,511;0,597;0,555;0
3544400;"Rubiácea";2018;0,321;0,451;0,737;0,721;0,62;0,563;0,559;0,578;1
3544400;"Rubiácea";2020;0,327;0,439;0,72;0,722;0,668;0,594;0,572;0,585;1
3544400;"Rubiácea";2022;0,313;0,441;0,707;0,697;0,673;0,556;0,564;0,565;1
3544400;"Rubiácea";2024;0,338;0,464;0,626;0,716;0,678;0,569;0,547;0,583;1
3544509;"Rubinéia";2014;0,312;0,457;0,775;0,698;0,692;0,449;0,593;0,535;0
3544509;"Rubinéia";2016;0,315;0,438;0,735;0,717;0,628;0,511;0,559;0,555;0
3544509;"Rubinéia";2018;0,371;0,451;0,728;0,721;0,761;0,563;0,62;0,578;0
3544509;"Rubinéia";2020;0,376;0,439;0,616;0,722;0,737;0,594;0,576;0,585;1
3544509;"Rubinéia";2022;0,36;0,441;0,664;0,697;0,681;0,556;0,568;0,565;0
3544509;"Rubinéia";2024;0,426;0,464;0,796;0,716;0,756;0,569;0,659;0,583;0
3544608;"Sabino";2014;0,306;0,457;0,541;0,698;0,45;0,449;0,432;0,535;1
3544608;"Sabino";2016;0,296;0,438;0,728;0,717;0,568;0,511;0,531;0,555;1
3544608;"Sabino";2018;0,335;0,451;0,694;0,721;0,443;0,563;0,491;0,578;1
3544608;"Sabino";2020;0,343;0,439;0,732;0,722;0,484;0,594;0,52;0,585;1
3544608;"Sabino";2022;0,353;0,441;0,696;0,697;0,489;0,556;0,513;0,565;1
3544608;"Sabino";2024;0,269;0,464;0,674;0,716;0,525;0,569;0,489;0,583;1
3544707;"Sagres";2014;0,272;0,457;0,737;0,698;0,404;0,449;0,471;0,535;1
3544707;"Sagres";2016;0,261;0,438;0,673;0,717;0,654;0,511;0,529;0,555;1
3544707;"Sagres";2018;0,274;0,451;0,71;0,721;0,624;0,563;0,536;0,578;1
3544707;"Sagres";2020;0,272;0,439;0,772;0,722;0,588;0,594;0,544;0,585;1
3544707;"Sagres";2022;0,255;0,441;0,767;0,697;0,555;0,556;0,526;0,565;1
3544707;"Sagres";2024;0,341;0,464;0,799;0,716;0,69;0,569;0,61;0,583;0
3544806;"Sales";2014;0,286;0,457;0,772;0,698;0,479;0,449;0,512;0,535;1
3544806;"Sales";2016;0,277;0,438;0,798;0,717;0,525;0,511;0,533;0,555;1
3544806;"Sales";2018;0,334;0,451;0,793;0,721;0,589;0,563;0,572;0,578;1
3544806;"Sales";2020;0,341;0,439;0,821;0,722;0,603;0,594;0,588;0,585;0
3544806;"Sales";2022;0,334;0,441;0,776;0,697;0,544;0,556;0,551;0,565;1
3544806;"Sales";2024;0,354;0,464;0,791;0,716;0,58;0,569;0,575;0,583;1
3544905;"Sales Oliveira";2014;0,391;0,457;0,793;0,698;0,5;0,449;0,561;0,535;0
3544905;"Sales Oliveira";2016;0,374;0,438;0,664;0,717;0,52;0,511;0,519;0,555;1
3544905;"Sales Oliveira";2018;0,392;0,451;0,71;0,721;0,558;0,563;0,553;0,578;1
3544905;"Sales Oliveira";2020;0,392;0,439;0,799;0,722;0,548;0,594;0,58;0,585;1
3544905;"Sales Oliveira";2022;0,374;0,441;0,782;0,697;0,505;0,556;0,554;0,565;1
3544905;"Sales Oliveira";2024;0,445;0,464;0,84;0,716;0,505;0,569;0,597;0,583;0
3545001;"Salesópolis";2014;0,29;0,457;0,627;0,698;0,409;0,449;0,442;0,535;1
3545001;"Salesópolis";2016;0,276;0,438;0,731;0,717;0,498;0,511;0,502;0,555;1
3545001;"Salesópolis";2018;0,289;0,451;0,748;0,721;0,541;0,563;0,526;0,578;1
3545001;"Salesópolis";2020;0,303;0,439;0,782;0,722;0,551;0,594;0,545;0,585;1
3545001;"Salesópolis";2022;0,311;0,441;0,75;0,697;0,486;0,556;0,516;0,565;1
3545001;"Salesópolis";2024;0,33;0,464;0,753;0,716;0,556;0,569;0,546;0,583;1
3545100;"Salmourão";2014;0,256;0,457;0,61;0,698;0,364;0,449;0,41;0,535;1
3545100;"Salmourão";2016;0,253;0,438;0,596;0,717;0,493;0,511;0,447;0,555;1
3545100;"Salmourão";2018;0,266;0,451;0,664;0,721;0,494;0,563;0,475;0,578;1
3545100;"Salmourão";2020;0,265;0,439;0,672;0,722;0,523;0,594;0,487;0,585;1
3545100;"Salmourão";2022;0,247;0,441;0,69;0,697;0,529;0,556;0,489;0,565;1
3545100;"Salmourão";2024;0,286;0,464;0,779;0,716;0,58;0,569;0,548;0,583;1
3545159;"Saltinho";2014;0,379;0,457;0,808;0,698;0,543;0,449;0,577;0,535;0
3545159;"Saltinho";2016;0,358;0,438;0,758;0,717;0,613;0,511;0,576;0,555;0
3545159;"Saltinho";2018;0,374;0,451;0,789;0,721;0,672;0,563;0,612;0,578;0
3545159;"Saltinho";2020;0,367;0,439;0,781;0,722;0,722;0,594;0,623;0,585;0
3545159;"Saltinho";2022;0,373;0,441;0,755;0,697;0,718;0,556;0,615;0,565;0
3545159;"Saltinho";2024;0,555;0,464;0,715;0,716;0,786;0,569;0,685;0,583;0
3545209;"Salto";2014;0,449;0,457;0,703;0,698;0,499;0,449;0,55;0,535;0
3545209;"Salto";2016;0,435;0,438;0,736;0,717;0,551;0,511;0,574;0,555;0
3545209;"Salto";2018;0,454;0,451;0,739;0,721;0,62;0,563;0,604;0,578;0
3545209;"Salto";2020;0,44;0,439;0,739;0,722;0,644;0,594;0,608;0,585;0
3545209;"Salto";2022;0,432;0,441;0,697;0,697;0,618;0,556;0,582;0,565;0
3545209;"Salto";2024;0,445;0,464;0,683;0,716;0,638;0,569;0,589;0,583;0
3545308;"Salto de Pirapora";2014;0,368;0,457;0,629;0,698;0,492;0,449;0,496;0,535;1
3545308;"Salto de Pirapora";2016;0,351;0,438;0,674;0,717;0,518;0,511;0,514;0,555;1
3545308;"Salto de Pirapora";2018;0,387;0,451;0,628;0,721;0,572;0,563;0,529;0,578;1
3545308;"Salto de Pirapora";2020;0,385;0,439;0,712;0,722;0,599;0,594;0,565;0,585;1
3545308;"Salto de Pirapora";2022;0,394;0,441;0,72;0,697;0,553;0,556;0,556;0,565;1
3545308;"Salto de Pirapora";2024;0,389;0,464;0,611;0,716;0,569;0,569;0,523;0,583;1
3545407;"Salto Grande";2014;0,324;0,457;0,678;0,698;0,553;0,449;0,518;0,535;1
3545407;"Salto Grande";2016;0,313;0,438;0,666;0,717;0,478;0,511;0,486;0,555;1
3545407;"Salto Grande";2018;0,338;0,451;0,683;0,721;0,676;0,563;0,566;0,578;1
3545407;"Salto Grande";2020;0,344;0,439;0,736;0,722;0,57;0,594;0,55;0,585;1
3545407;"Salto Grande";2022;0,339;0,441;0,687;0,697;0,554;0,556;0,527;0,565;1
3545407;"Salto Grande";2024;0,393;0,464;0,717;0,716;0,53;0,569;0,547;0,583;1
3545506;"Sandovalina";2014;0,4;0,457;0,763;0,698;0,47;0,449;0,544;0,535;0
3545506;"Sandovalina";2016;0,449;0,438;0,845;0,717;0,499;0,511;0,598;0,555;0
3545506;"Sandovalina";2018;0,437;0,451;0,893;0,721;0,506;0,563;0,612;0,578;0
3545506;"Sandovalina";2020;0,423;0,439;0,85;0,722;0,478;0,594;0,584;0,585;1
3545506;"Sandovalina";2022;0,422;0,441;0,691;0,697;0,49;0,556;0,534;0,565;1
3545506;"Sandovalina";2024;0,468;0,464;0,678;0,716;0,472;0,569;0,539;0,583;1
3545605;"Santa Adélia";2014;0,395;0,457;0,666;0,698;0,439;0,449;0,5;0,535;1
3545605;"Santa Adélia";2016;0,371;0,438;0,726;0,717;0,517;0,511;0,538;0,555;1
3545605;"Santa Adélia";2018;0,383;0,451;0,776;0,721;0,518;0,563;0,559;0,578;1
3545605;"Santa Adélia";2020;0,39;0,439;0,803;0,722;0,611;0,594;0,601;0,585;0
3545605;"Santa Adélia";2022;0,379;0,441;0,728;0,697;0,558;0,556;0,555;0,565;1
3545605;"Santa Adélia";2024;0,325;0,464;0,685;0,716;0,611;0,569;0,54;0,583;1
3545704;"Santa Albertina";2014;0,352;0,457;0,755;0,698;0,465;0,449;0,524;0,535;1
3545704;"Santa Albertina";2016;0,359;0,438;0,839;0,717;0,588;0,511;0,595;0,555;0
3545704;"Santa Albertina";2018;0,368;0,451;0,752;0,721;0,566;0,563;0,562;0,578;1
3545704;"Santa Albertina";2020;0,379;0,439;0,719;0,722;0,617;0,594;0,572;0,585;1
3545704;"Santa Albertina";2022;0,363;0,441;0,649;0,697;0,657;0,556;0,556;0,565;1
3545704;"Santa Albertina";2024;0,399;0,464;0,549;0,716;0,627;0,569;0,525;0,583;1
3545803;"Santa Bárbara d'Oeste";2014;0,411;0,457;0,725;0,698;0,545;0,449;0,56;0,535;0
3545803;"Santa Bárbara d'Oeste";2016;0,394;0,438;0,768;0,717;0,628;0,511;0,597;0,555;0
3545803;"Santa Bárbara d'Oeste";2018;0,402;0,451;0,765;0,721;0,662;0,563;0,61;0,578;0
3545803;"Santa Bárbara d'Oeste";2020;0,39;0,439;0,735;0,722;0,697;0,594;0,607;0,585;0
3545803;"Santa Bárbara d'Oeste";2022;0,409;0,441;0,708;0,697;0,654;0,556;0,59;0,565;0
3545803;"Santa Bárbara d'Oeste";2024;0,416;0,464;0,723;0,716;0,677;0,569;0,605;0,583;0
3546009;"Santa Branca";2014;0,306;0,457;0,733;0,698;0,437;0,449;0,492;0,535;1
3546009;"Santa Branca";2016;0,288;0,438;0,465;0,717;0,451;0,511;0,401;0,555;1
3546009;"Santa Branca";2018;0,32;0,451;0,562;0,721;0,526;0,563;0,469;0,578;1
3546009;"Santa Branca";2020;0,319;0,439;0,744;0,722;0,503;0,594;0,522;0,585;1
3546009;"Santa Branca";2022;0,316;0,441;0,664;0,697;0,434;0,556;0,471;0,565;1
3546009;"Santa Branca";2024;0,346;0,464;0,584;0,716;0,421;0,569;0,45;0,583;1
3546108;"Santa Clara d'Oeste";2014;0,395;0,457;0,57;0,698;0,579;0,449;0,515;0,535;1
3546108;"Santa Clara d'Oeste";2016;0,354;0,438;0,712;0,717;0,636;0,511;0,567;0,555;0
3546108;"Santa Clara d'Oeste";2018;0,406;0,451;0,765;0,721;0,635;0,563;0,602;0,578;0
3546108;"Santa Clara d'Oeste";2020;0,416;0,439;0,763;0,722;0,745;0,594;0,641;0,585;0
3546108;"Santa Clara d'Oeste";2022;0,39;0,441;0,812;0,697;0,715;0,556;0,639;0,565;0
3546108;"Santa Clara d'Oeste";2024;0,442;0,464;0,744;0,716;0,747;0,569;0,644;0,583;0
3546207;"Santa Cruz da Conceição";2014;0,354;0,457;0,607;0,698;0,427;0,449;0,463;0,535;1
3546207;"Santa Cruz da Conceição";2016;0,333;0,438;0,763;0,717;0,58;0,511;0,559;0,555;0
3546207;"Santa Cruz da Conceição";2018;0,352;0,451;0,781;0,721;0,61;0,563;0,581;0,578;0
3546207;"Santa Cruz da Conceição";2020;0,351;0,439;0,812;0,722;0,589;0,594;0,584;0,585;1
3546207;"Santa Cruz da Conceição";2022;0,354;0,441;0,725;0,697;0,588;0,556;0,556;0,565;1
3546207;"Santa Cruz da Conceição";2024;0,369;0,464;0,785;0,716;0,564;0,569;0,573;0,583;1
3546256;"Santa Cruz da Esperança";2014;0,3;0,457;0,567;0,698;0,677;0,449;0,515;0,535;1
3546256;"Santa Cruz da Esperança";2016;0,299;0,438;0,695;0,717;0,506;0,511;0,5;0,555;1
3546256;"Santa Cruz da Esperança";2018;0,337;0,451;0,751;0,721;0,632;0,563;0,573;0,578;1
3546256;"Santa Cruz da Esperança";2020;0,341;0,439;0,922;0,722;0,662;0,594;0,642;0,585;0
3546256;"Santa Cruz da Esperança";2022;0,32;0,441;0,603;0,697;0,536;0,556;0,486;0,565;1
3546256;"Santa Cruz da Esperança";2024;0,388;0,464;0,708;0,716;0,725;0,569;0,607;0,583;0
3546306;"Santa Cruz das Palmeiras";2014;0,329;0,457;0,621;0,698;0,375;0,449;0,442;0,535;1
3546306;"Santa Cruz das Palmeiras";2016;0,315;0,438;0,717;0,717;0,475;0,511;0,502;0,555;1
3546306;"Santa Cruz das Palmeiras";2018;0,324;0,451;0,733;0,721;0,485;0,563;0,514;0,578;1
3546306;"Santa Cruz das Palmeiras";2020;0,319;0,439;0,755;0,722;0,576;0,594;0,55;0,585;1
3546306;"Santa Cruz das Palmeiras";2022;0,318;0,441;0,724;0,697;0,52;0,556;0,521;0,565;1
3546306;"Santa Cruz das Palmeiras";2024;0,346;0,464;0,622;0,716;0,549;0,569;0,506;0,583;1
3546405;"Santa Cruz do Rio Pardo";2014;0,392;0,457;0,735;0,698;0,539;0,449;0,555;0,535;0
3546405;"Santa Cruz do Rio Pardo";2016;0,39;0,438;0,705;0,717;0,608;0,511;0,568;0,555;0
3546405;"Santa Cruz do Rio Pardo";2018;0,405;0,451;0,755;0,721;0,616;0,563;0,592;0,578;0
3546405;"Santa Cruz do Rio Pardo";2020;0,408;0,439;0,729;0,722;0,697;0,594;0,611;0,585;0
3546405;"Santa Cruz do Rio Pardo";2022;0,413;0,441;0,674;0,697;0,622;0,556;0,57;0,565;0
3546405;"Santa Cruz do Rio Pardo";2024;0,441;0,464;0,718;0,716;0,666;0,569;0,608;0,583;0
3546504;"Santa Ernestina";2014;0,298;0,457;0,711;0,698;0,561;0,449;0,523;0,535;1
3546504;"Santa Ernestina";2016;0,288;0,438;0,655;0,717;0,556;0,511;0,5;0,555;1
3546504;"Santa Ernestina";2018;0,302;0,451;0,681;0,721;0,587;0,563;0,523;0,578;1
3546504;"Santa Ernestina";2020;0,299;0,439;0,659;0,722;0,554;0,594;0,504;0,585;1
3546504;"Santa Ernestina";2022;0,283;0,441;0,638;0,697;0,582;0,556;0,501;0,565;1
3546504;"Santa Ernestina";2024;0,316;0,464;0,665;0,716;0,68;0,569;0,554;0,583;1
3546603;"Santa Fé do Sul";2014;0,388;0,457;0,677;0,698;0,568;0,449;0,544;0,535;0
3546603;"Santa Fé do Sul";2016;0,37;0,438;0,72;0,717;0,67;0,511;0,587;0,555;0
3546603;"Santa Fé do Sul";2018;0,397;0,451;0,735;0,721;0,754;0,563;0,629;0,578;0
3546603;"Santa Fé do Sul";2020;0,405;0,439;0,705;0,722;0,751;0,594;0,62;0,585;0
3546603;"Santa Fé do Sul";2022;0,379;0,441;0,668;0,697;0,749;0,556;0,599;0,565;0
3546603;"Santa Fé do Sul";2024;0,444;0,464;0,749;0,716;0,721;0,569;0,638;0,583;0
3546702;"Santa Gertrudes";2014;0,414;0,457;0,749;0,698;0,56;0,449;0,574;0,535;0
3546702;"Santa Gertrudes";2016;0,381;0,438;0,787;0,717;0,595;0,511;0,588;0,555;0
3546702;"Santa Gertrudes";2018;0,397;0,451;0,806;0,721;0,65;0,563;0,618;0,578;0
3546702;"Santa Gertrudes";2020;0,411;0,439;0,797;0,722;0,659;0,594;0,622;0,585;0
3546702;"Santa Gertrudes";2022;0,431;0,441;0,801;0,697;0,567;0,556;0,6;0,565;0
3546702;"Santa Gertrudes";2024;0,45;0,464;0,729;0,716;0,659;0,569;0,613;0,583;0
3546801;"Santa Isabel";2014;0,353;0,457;0,642;0,698;0,492;0,449;0,496;0,535;1
3546801;"Santa Isabel";2016;0,335;0,438;0,701;0,717;0,564;0,511;0,533;0,555;1
3546801;"Santa Isabel";2018;0,373;0,451;0,697;0,721;0,596;0,563;0,555;0,578;1
3546801;"Santa Isabel";2020;0,364;0,439;0,727;0,722;0,636;0,594;0,576;0,585;1
3546801;"Santa Isabel";2022;0,37;0,441;0,66;0,697;0,542;0,556;0,524;0,565;1
3546801;"Santa Isabel";2024;0,373;0,464;0,737;0,716;0,538;0,569;0,549;0,583;1
3546900;"Santa Lúcia";2014;0,293;0,457;0,751;0,698;0,309;0,449;0,451;0,535;1
3546900;"Santa Lúcia";2016;0,273;0,438;0,706;0,717;0,446;0,511;0,475;0,555;1
3546900;"Santa Lúcia";2018;0,29;0,451;0,684;0,721;0,503;0,563;0,492;0,578;1
3546900;"Santa Lúcia";2020;0,284;0,439;0,601;0,722;0,462;0,594;0,449;0,585;1
3546900;"Santa Lúcia";2022;0,286;0,441;0,633;0,697;0,437;0,556;0,452;0,565;1
3546900;"Santa Lúcia";2024;0,318;0,464;0,697;0,716;0,54;0,569;0,518;0,583;1
3547007;"Santa Maria da Serra";2014;0,343;0,457;0,751;0,698;0,371;0,449;0,488;0,535;1
3547007;"Santa Maria da Serra";2016;0,305;0,438;0,766;0,717;0,421;0,511;0,497;0,555;1
3547007;"Santa Maria da Serra";2018;0,366;0,451;0,735;0,721;0,447;0,563;0,516;0,578;1
3547007;"Santa Maria da Serra";2020;0,361;0,439;0,707;0,722;0,518;0,594;0,529;0,585;1
3547007;"Santa Maria da Serra";2022;0,391;0,441;0,697;0,697;0,534;0,556;0,541;0,565;1
3547007;"Santa Maria da Serra";2024;0,399;0,464;0,706;0,716;0,51;0,569;0,538;0,583;1
3547106;"Santa Mercedes";2014;0,29;0,457;0,745;0,698;0,477;0,449;0,504;0,535;1
3547106;"Santa Mercedes";2016;0,265;0,438;0,766;0,717;0,52;0,511;0,517;0,555;1
3547106;"Santa Mercedes";2018;0,289;0,451;0,824;0,721;0,59;0,563;0,568;0,578;1
3547106;"Santa Mercedes";2020;0,284;0,439;0,735;0,722;0,567;0,594;0,529;0,585;1
3547106;"Santa Mercedes";2022;0,292;0,441;0,733;0,697;0,556;0,556;0,527;0,565;1
3547106;"Santa Mercedes";2024;0,331;0,464;0,754;0,716;0,754;0,569;0,613;0,583;0
3547205;"Santana da Ponte Pensa";2014;0,27;0,457;0,69;0,698;0,602;0,449;0,521;0,535;1
3547205;"Santana da Ponte Pensa";2016;0,267;0,438;0,682;0,717;0,885;0,511;0,611;0,555;0
3547205;"Santana da Ponte Pensa";2018;0,314;0,451;0,633;0,721;0,936;0,563;0,628;0,578;0
3547205;"Santana da Ponte Pensa";2020;0,34;0,439;0,815;0,722;0,893;0,594;0,683;0,585;0
3547205;"Santana da Ponte Pensa";2022;0,291;0,441;0,825;0,697;0,856;0,556;0,657;0,565;0
3547205;"Santana da Ponte Pensa";2024;0,338;0,464;0,916;0,716;0,929;0,569;0,728;0,583;0
3547304;"Santana de Parnaíba";2014;0,577;0,457;0,756;0,698;0,425;0,449;0,586;0,535;0
3547304;"Santana de Parnaíba";2016;0,537;0,438;0,795;0,717;0,501;0,511;0,611;0,555;0
3547304;"Santana de Parnaíba";2018;0,547;0,451;0,797;0,721;0,618;0,563;0,654;0,578;0
3547304;"Santana de Parnaíba";2020;0,534;0,439;0,794;0,722;0,615;0,594;0,648;0,585;0
3547304;"Santana de Parnaíba";2022;0,533;0,441;0,767;0,697;0,585;0,556;0,628;0,565;0
3547304;"Santana de Parnaíba";2024;0,447;0,464;0,772;0,716;0,634;0,569;0,618;0,583;0
3547403;"Santa Rita d'Oeste";2014;0,291;0,457;0,763;0,698;0,565;0,449;0,54;0,535;0
3547403;"Santa Rita d'Oeste";2016;0,288;0,438;0,743;0,717;0,693;0,511;0,575;0,555;0
3547403;"Santa Rita d'Oeste";2018;0,326;0,451;0,737;0,721;0,632;0,563;0,565;0,578;1
3547403;"Santa Rita d'Oeste";2020;0,343;0,439;0,744;0,722;0,794;0,594;0,627;0,585;0
3547403;"Santa Rita d'Oeste";2022;0,306;0,441;0,708;0,697;0,756;0,556;0,59;0,565;0
3547403;"Santa Rita d'Oeste";2024;0,363;0,464;0,833;0,716;0,849;0,569;0,682;0,583;0
3547502;"Santa Rita do Passa Quatro";2014;0,351;0,457;0,743;0,698;0,486;0,449;0,527;0,535;1
3547502;"Santa Rita do Passa Quatro";2016;0,335;0,438;0,727;0,717;0,52;0,511;0,527;0,555;1
3547502;"Santa Rita do Passa Quatro";2018;0,355;0,451;0,73;0,721;0,548;0,563;0,544;0,578;1
3547502;"Santa Rita do Passa Quatro";2020;0,355;0,439;0,684;0,722;0,546;0,594;0,528;0,585;1
3547502;"Santa Rita do Passa Quatro";2022;0,358;0,441;0,662;0,697;0,566;0,556;0,529;0,565;1
3547502;"Santa Rita do Passa Quatro";2024;0,392;0,464;0,754;0,716;0,561;0,569;0,569;0,583;1
3547601;"Santa Rosa de Viterbo";2014;0,37;0,457;0,76;0,698;0,434;0,449;0,521;0,535;1
3547601;"Santa Rosa de Viterbo";2016;0,338;0,438;0,796;0,717;0,509;0,511;0,548;0,555;1
3547601;"Santa Rosa de Viterbo";2018;0,347;0,451;0,799;0,721;0,479;0,563;0,542;0,578;1
3547601;"Santa Rosa de Viterbo";2020;0,346;0,439;0,741;0,722;0,545;0,594;0,544;0,585;1
3547601;"Santa Rosa de Viterbo";2022;0,348;0,441;0,783;0,697;0,489;0,556;0,54;0,565;1
3547601;"Santa Rosa de Viterbo";2024;0,374;0,464;0,707;0,716;0,498;0,569;0,526;0,583;1
3547650;"Santa Salete";2014;0,271;0,457;0,818;0,698;0,682;0,449;0,59;0,535;0
3547650;"Santa Salete";2016;0,269;0,438;0,969;0,717;0,901;0,511;0,713;0,555;0
3547650;"Santa Salete";2018;0,321;0,451;0,93;0,721;0,929;0,563;0,727;0,578;0
3547650;"Santa Salete";2020;0,35;0,439;0,704;0,722;0,923;0,594;0,659;0,585;0
3547650;"Santa Salete";2022;0,301;0,441;0,649;0,697;0,988;0,556;0,646;0,565;0
3547650;"Santa Salete";2024;0,356;0,464;0,617;0,716;0,96;0,569;0,644;0,583;0
3547700;"Santo Anastácio";2014;0,313;0,457;0,781;0,698;0,401;0,449;0,498;0,535;1
3547700;"Santo Anastácio";2016;0,306;0,438;0,678;0,717;0,495;0,511;0,493;0,555;1
3547700;"Santo Anastácio";2018;0,32;0,451;0,653;0,721;0,527;0,563;0,5;0,578;1
3547700;"Santo Anastácio";2020;0,329;0,439;0,729;0,722;0,613;0,594;0,557;0,585;1
3547700;"Santo Anastácio";2022;0,322;0,441;0,651;0,697;0,498;0,556;0,49;0,565;1
3547700;"Santo Anastácio";2024;0,344;0,464;0,719;0,716;0,531;0,569;0,531;0,583;1
3547809;"Santo André";2014;0,477;0,457;0,726;0,698;0,447;0,449;0,55;0,535;0
3547809;"Santo André";2016;0,449;0,438;0,741;0,717;0,514;0,511;0,568;0,555;0
3547809;"Santo André";2018;0,462;0,451;0,745;0,721;0,577;0,563;0,595;0,578;0
3547809;"Santo André";2020;0,446;0,439;0,739;0,722;0,607;0,594;0,597;0,585;0
3547809;"Santo André";2022;0,433;0,441;0,712;0,697;0,588;0,556;0,578;0,565;0
3547809;"Santo André";2024;0,482;0,464;0,745;0,716;0,591;0,569;0,606;0,583;0
3547908;"Santo Antônio da Alegria";2014;0,287;0,457;0,698;0,698;0,448;0,449;0,478;0,535;1
3547908;"Santo Antônio da Alegria";2016;0,271;0,438;0,718;0,717;0,542;0,511;0,51;0,555;1
3547908;"Santo Antônio da Alegria";2018;0,291;0,451;0,727;0,721;0,565;0,563;0,528;0,578;1
3547908;"Santo Antônio da Alegria";2020;0,289;0,439;0,654;0,722;0,621;0,594;0,521;0,585;1
3547908;"Santo Antônio da Alegria";2022;0,281;0,441;0,745;0,697;0,664;0,556;0,563;0,565;1
3547908;"Santo Antônio da Alegria";2024;0,24;0,464;0,809;0,716;0,65;0,569;0,566;0,583;1
3548005;"Santo Antônio de Posse";2014;0,433;0,457;0,71;0,698;0,418;0,449;0,52;0,535;1
3548005;"Santo Antônio de Posse";2016;0,419;0,438;0,734;0,717;0,446;0,511;0,533;0,555;1
3548005;"Santo Antônio de Posse";2018;0,442;0,451;0,751;0,721;0,566;0,563;0,586;0,578;0
3548005;"Santo Antônio de Posse";2020;0,456;0,439;0,789;0,722;0,57;0,594;0,605;0,585;0
3548005;"Santo Antônio de Posse";2022;0,454;0,441;0,711;0,697;0,488;0,556;0,551;0,565;1
3548005;"Santo Antônio de Posse";2024;0,464;0,464;0,771;0,716;0,546;0,569;0,594;0,583;0
3548054;"Santo Antônio do Aracanguá";2014;0,344;0,457;0,675;0,698;0,498;0,449;0,506;0,535;1
3548054;"Santo Antônio do Aracanguá";2016;0,358;0,438;0,714;0,717;0,592;0,511;0,555;0,555;1
3548054;"Santo Antônio do Aracanguá";2018;0,393;0,451;0,671;0,721;0,69;0,563;0,585;0,578;0
3548054;"Santo Antônio do Aracanguá";2020;0,398;0,439;0,685;0,722;0,643;0,594;0,575;0,585;1
3548054;"Santo Antônio do Aracanguá";2022;0,377;0,441;0,619;0,697;0,634;0,556;0,543;0,565;1
3548054;"Santo Antônio do Aracanguá";2024;0,404;0,464;0,687;0,716;0,645;0,569;0,579;0,583;1
3548104;"Santo Antônio do Jardim";2014;0,332;0,457;0,758;0,698;0,551;0,449;0,547;0,535;0
3548104;"Santo Antônio do Jardim";2016;0,32;0,438;0,736;0,717;0,619;0,511;0,558;0,555;0
3548104;"Santo Antônio do Jardim";2018;0,342;0,451;0,736;0,721;0,64;0,563;0,573;0,578;1
3548104;"Santo Antônio do Jardim";2020;0,332;0,439;0,744;0,722;0,7;0,594;0,592;0,585;0
3548104;"Santo Antônio do Jardim";2022;0,326;0,441;0,676;0,697;0,593;0,556;0,532;0,565;1
3548104;"Santo Antônio do Jardim";2024;0,38;0,464;0,723;0,716;0,494;0,569;0,532;0,583;1
3548203;"Santo Antônio do Pinhal";2014;0,284;0,457;0,552;0,698;0,412;0,449;0,416;0,535;1
3548203;"Santo Antônio do Pinhal";2016;0,27;0,438;0,654;0,717;0,49;0,511;0,471;0,555;1
3548203;"Santo Antônio do Pinhal";2018;0,301;0,451;0,685;0,721;0,559;0,563;0,515;0,578;1
3548203;"Santo Antônio do Pinhal";2020;0,297;0,439;0,64;0,722;0,613;0,594;0,517;0,585;1
3548203;"Santo Antônio do Pinhal";2022;0,297;0,441;0,6;0,697;0,537;0,556;0,478;0,565;1
3548203;"Santo Antônio do Pinhal";2024;0,332;0,464;0,69;0,716;0,561;0,569;0,528;0,583;1
3548302;"Santo Expedito";2014;0,218;0,457;0,704;0,698;0,38;0,449;0,434;0,535;1
3548302;"Santo Expedito";2016;0,217;0,438;0,661;0,717;0,386;0,511;0,421;0,555;1
3548302;"Santo Expedito";2018;0,25;0,451;0,725;0,721;0,45;0,563;0,475;0,578;1
3548302;"Santo Expedito";2020;0,254;0,439;0,82;0,722;0,431;0,594;0,502;0,585;1
3548302;"Santo Expedito";2022;0,24;0,441;0,731;0,697;0,542;0,556;0,504;0,565;1
3548302;"Santo Expedito";2024;0,246;0,464;0,861;0,716;0,469;0,569;0,525;0,583;1
3548401;"Santópolis do Aguapeí";2014;0,284;0,457;0,659;0,698;0,479;0,449;0,474;0,535;1
3548401;"Santópolis do Aguapeí";2016;0,258;0,438;0,702;0,717;0,639;0,511;0,533;0,555;1
3548401;"Santópolis do Aguapeí";2018;0,282;0,451;0,731;0,721;0,599;0,563;0,537;0,578;1
3548401;"Santópolis do Aguapeí";2020;0,275;0,439;0,72;0,722;0,671;0,594;0,555;0,585;1
3548401;"Santópolis do Aguapeí";2022;0,269;0,441;0,686;0,697;0,57;0,556;0,508;0,565;1
3548401;"Santópolis do Aguapeí";2024;0,316;0,464;0,756;0,716;0,567;0,569;0,546;0,583;1
3548500;"Santos";2014;0,534;0,457;0,681;0,698;0,473;0,449;0,563;0,535;0
3548500;"Santos";2016;0,505;0,438;0,712;0,717;0,555;0,511;0,591;0,555;0
3548500;"Santos";2018;0,521;0,451;0,727;0,721;0,558;0,563;0,602;0,578;0
3548500;"Santos";2020;0,502;0,439;0,746;0,722;0,564;0,594;0,604;0,585;0
3548500;"Santos";2022;0,499;0,441;0,741;0,697;0,555;0,556;0,598;0,565;0
3548500;"Santos";2024;0,445;0,464;0,756;0,716;0,547;0,569;0,583;0,583;1
3548609;"São Bento do Sapucaí";2014;0,272;0,457;0,793;0,698;0,493;0,449;0,519;0,535;1
3548609;"São Bento do Sapucaí";2016;0,263;0,438;0,766;0,717;0,55;0,511;0,526;0,555;1
3548609;"São Bento do Sapucaí";2018;0,29;0,451;0,715;0,721;0,6;0,563;0,535;0,578;1
3548609;"São Bento do Sapucaí";2020;0,289;0,439;0,759;0,722;0,613;0,594;0,554;0,585;1
3548609;"São Bento do Sapucaí";2022;0,301;0,441;0,767;0,697;0,535;0,556;0,534;0,565;1
3548609;"São Bento do Sapucaí";2024;0,28;0,464;0,68;0,716;0,582;0,569;0,514;0,583;1
3548708;"São Bernardo do Campo";2014;0,503;0,457;0,745;0,698;0,473;0,449;0,574;0,535;0
3548708;"São Bernardo do Campo";2016;0,472;0,438;0,757;0,717;0,561;0,511;0,597;0,555;0
3548708;"São Bernardo do Campo";2018;0,481;0,451;0,761;0,721;0,603;0,563;0,615;0,578;0
3548708;"São Bernardo do Campo";2020;0,456;0,439;0,76;0,722;0,673;0,594;0,63;0,585;0
3548708;"São Bernardo do Campo";2022;0,459;0,441;0,733;0,697;0,635;0,556;0,609;0,565;0
3548708;"São Bernardo do Campo";2024;0,482;0,464;0,763;0,716;0,625;0,569;0,623;0,583;0
3548807;"São Caetano do Sul";2014;0,555;0,457;0,806;0,698;0,681;0,449;0,681;0,535;0
3548807;"São Caetano do Sul";2016;0,524;0,438;0,769;0,717;0,74;0,511;0,678;0,555;0
3548807;"São Caetano do Sul";2018;0,538;0,451;0,771;0,721;0,816;0,563;0,708;0,578;0
3548807;"São Caetano do Sul";2020;0,521;0,439;0,795;0,722;0,816;0,594;0,711;0,585;0
3548807;"São Caetano do Sul";2022;0,503;0,441;0,772;0,697;0,747;0,556;0,674;0,565;0
3548807;"São Caetano do Sul";2024;0,49;0,464;0,805;0,716;0,744;0,569;0,68;0,583;0
3548906;"São Carlos";2014;0,438;0,457;0,703;0,698;0,56;0,449;0,567;0,535;0
3548906;"São Carlos";2016;0,422;0,438;0,762;0,717;0,608;0,511;0,597;0,555;0
3548906;"São Carlos";2018;0,445;0,451;0,766;0,721;0,673;0,563;0,628;0,578;0
3548906;"São Carlos";2020;0,435;0,439;0,775;0,722;0,69;0,594;0,633;0,585;0
3548906;"São Carlos";2022;0,438;0,441;0,719;0,697;0,646;0,556;0,601;0,565;0
3548906;"São Carlos";2024;0,475;0,464;0,719;0,716;0,659;0,569;0,618;0,583;0
3549003;"São Francisco";2014;0,235;0,457;0,697;0,698;0,728;0,449;0,553;0,535;0
3549003;"São Francisco";2016;0,234;0,438;0,72;0,717;0,824;0,511;0,593;0,555;0
3549003;"São Francisco";2018;0,255;0,451;0,736;0,721;0,679;0,563;0,557;0,578;1
3549003;"São Francisco";2020;0,262;0,439;0,934;0,722;0,656;0,594;0,617;0,585;0
3549003;"São Francisco";2022;0,272;0,441;0,855;0,697;0,586;0,556;0,571;0,565;0
3549003;"São Francisco";2024;0,341;0,464;0,857;0,716;0,734;0,569;0,644;0,583;0
3549102;"São João da Boa Vista";2014;0,377;0,457;0,688;0,698;0,521;0,449;0,529;0,535;1
3549102;"São João da Boa Vista";2016;0,364;0,438;0,676;0,717;0,617;0,511;0,552;0,555;1
3549102;"São João da Boa Vista";2018;0,381;0,451;0,705;0,721;0,643;0,563;0,576;0,578;1
3549102;"São João da Boa Vista";2020;0,376;0,439;0,77;0,722;0,693;0,594;0,613;0,585;0
3549102;"São João da Boa Vista";2022;0,372;0,441;0,75;0,697;0,647;0,556;0,59;0,565;0
3549102;"São João da Boa Vista";2024;0,421;0,464;0,748;0,716;0,66;0,569;0,61;0,583;0
3549201;"São João das Duas Pontes";2014;0,253;0,457;0,725;0,698;0,481;0,449;0,486;0,535;1
3549201;"São João das Duas Pontes";2016;0,238;0,438;0,787;0,717;0,737;0,511;0,587;0,555;0
3549201;"São João das Duas Pontes";2018;0,27;0,451;0,827;0,721;0,474;0,563;0,524;0,578;1
3549201;"São João das Duas Pontes";2020;0,266;0,439;0,793;0,722;0,688;0,594;0,582;0,585;1
3549201;"São João das Duas Pontes";2022;0,245;0,441;0,867;0,697;0,497;0,556;0,536;0,565;1
3549201;"São João das Duas Pontes";2024;0,275;0,464;0,716;0,716;0,674;0,569;0,555;0,583;1
3549250;"São João de Iracema";2014;0,273;0,457;0,59;0,698;0,511;0,449;0,458;0,535;1
3549250;"São João de Iracema";2016;0,253;0,438;0,743;0,717;0,617;0,511;0,538;0,555;1
3549250;"São João de Iracema";2018;0,272;0,451;0,749;0,721;0,73;0,563;0,584;0,578;0
3549250;"São João de Iracema";2020;0,3;0,439;0,832;0,722;0,626;0,594;0,586;0,585;0
3549250;"São João de Iracema";2022;0,276;0,441;0,702;0,697;0,632;0,556;0,537;0,565;1
3549250;"São João de Iracema";2024;0,341;0,464;0,833;0,716;0,698;0,569;0,624;0,583;0
3549300;"São João do Pau d'Alho";2014;0,286;0,457;0,738;0,698;0,553;0,449;0,526;0,535;1
3549300;"São João do Pau d'Alho";2016;0,28;0,438;0,735;0,717;0,664;0,511;0,56;0,555;0
3549300;"São João do Pau d'Alho";2018;0,3;0,451;0,785;0,721;0,714;0,563;0,6;0,578;0
3549300;"São João do Pau d'Alho";2020;0,311;0,439;0,669;0,722;0,625;0,594;0,535;0,585;1
3549300;"São João do Pau d'Alho";2022;0,294;0,441;0,69;0,697;0,65;0,556;0,545;0,565;1
3549300;"São João do Pau d'Alho";2024;0,321;0,464;0,608;0,716;0,689;0,569;0,539;0,583;1
3549409;"São Joaquim da Barra";2014;0,408;0,457;0,699;0,698;0,47;0,449;0,526;0,535;1
3549409;"São Joaquim da Barra";2016;0,392;0,438;0,762;0,717;0,559;0,511;0,571;0,555;0
3549409;"São Joaquim da Barra";2018;0,408;0,451;0,748;0,721;0,598;0,563;0,585;0,578;0
3549409;"São Joaquim da Barra";2020;0,398;0,439;0,726;0,722;0,607;0,594;0,577;0,585;1
3549409;"São Joaquim da Barra";2022;0,411;0,441;0,744;0,697;0,553;0,556;0,569;0,565;0
3549409;"São Joaquim da Barra";2024;0,409;0,464;0,678;0,716;0,599;0,569;0,562;0,583;1
3549508;"São José da Bela Vista";2014;0,293;0,457;0,661;0,698;0,294;0,449;0,416;0,535;1
3549508;"São José da Bela Vista";2016;0,292;0,438;0,654;0,717;0,394;0,511;0,447;0,555;1
3549508;"São José da Bela Vista";2018;0,31;0,451;0,653;0,721;0,431;0,563;0,465;0,578;1
3549508;"São José da Bela Vista";2020;0,304;0,439;0,69;0,722;0,396;0,594;0,463;0,585;1
3549508;"São José da Bela Vista";2022;0,314;0,441;0,676;0,697;0,319;0,556;0,436;0,565;1
3549508;"São José da Bela Vista";2024;0,34;0,464;0,663;0,716;0,382;0,569;0,462;0,583;1
3549607;"São José do Barreiro";2014;0,237;0,457;0,586;0,698;0,292;0,449;0,372;0,535;1
3549607;"São José do Barreiro";2016;0,235;0,438;0,656;0,717;0,39;0,511;0,427;0,555;1
3549607;"São José do Barreiro";2018;0,266;0,451;0,673;0,721;0,355;0,563;0,431;0,578;1
3549607;"São José do Barreiro";2020;0,254;0,439;0,623;0,722;0,493;0,594;0,457;0,585;1
3549607;"São José do Barreiro";2022;0,25;0,441;0,743;0,697;0,403;0,556;0,465;0,565;1
3549607;"São José do Barreiro";2024;0,337;0,464;0,69;0,716;0,469;0,569;0,499;0,583;1
3549706;"São José do Rio Pardo";2014;0,398;0,457;0,636;0,698;0,52;0,449;0,518;0,535;1
3549706;"São José do Rio Pardo";2016;0,385;0,438;0,722;0,717;0,551;0,511;0,553;0,555;1
3549706;"São José do Rio Pardo";2018;0,403;0,451;0,718;0,721;0,619;0,563;0,58;0,578;0
3549706;"São José do Rio Pardo";2020;0,404;0,439;0,723;0,722;0,597;0,594;0,575;0,585;1
3549706;"São José do Rio Pardo";2022;0,399;0,441;0,606;0,697;0,583;0,556;0,529;0,565;1
3549706;"São José do Rio Pardo";2024;0,424;0,464;0,683;0,716;0,613;0,569;0,573;0,583;1
3549805;"São José do Rio Preto";2014;0,456;0,457;0,746;0,698;0,562;0,449;0,588;0,535;0
3549805;"São José do Rio Preto";2016;0,437;0,438;0,77;0,717;0,605;0,511;0,604;0,555;0
3549805;"São José do Rio Preto";2018;0,456;0,451;0,768;0,721;0,657;0,563;0,627;0,578;0
3549805;"São José do Rio Preto";2020;0,439;0,439;0,756;0,722;0,649;0,594;0,615;0,585;0
3549805;"São José do Rio Preto";2022;0,432;0,441;0,729;0,697;0,609;0,556;0,59;0,565;0
3549805;"São José do Rio Preto";2024;0,535;0,464;0,755;0,716;0,619;0,569;0,636;0,583;0
3549904;"São José dos Campos";2014;0,444;0,457;0,745;0,698;0,517;0,449;0,569;0,535;0
3549904;"São José dos Campos";2016;0,435;0,438;0,744;0,717;0,577;0,511;0,585;0,555;0
3549904;"São José dos Campos";2018;0,437;0,451;0,755;0,721;0,638;0,563;0,61;0,578;0
3549904;"São José dos Campos";2020;0,42;0,439;0,741;0,722;0,681;0,594;0,614;0,585;0
3549904;"São José dos Campos";2022;0,419;0,441;0,736;0,697;0,656;0,556;0,604;0,565;0
3549904;"São José dos Campos";2024;0,452;0,464;0,753;0,716;0,664;0,569;0,623;0,583;0
3549953;"São Lourenço da Serra";2014;0,424;0,457;0,699;0,698;0,466;0,449;0,53;0,535;1
3549953;"São Lourenço da Serra";2016;0,407;0,438;0,621;0,717;0,517;0,511;0,515;0,555;1
3549953;"São Lourenço da Serra";2018;0,432;0,451;0,677;0,721;0,584;0,563;0,564;0,578;1
3549953;"São Lourenço da Serra";2020;0,368;0,439;0,718;0,722;0,548;0,594;0,545;0,585;1
3549953;"São Lourenço da Serra";2022;0,346;0,441;0,654;0,697;0,542;0,556;0,514;0,565;1
3549953;"São Lourenço da Serra";2024;0,379;0,464;0,563;0,716;0,544;0,569;0,495;0,583;1
3550001;"São Luiz do Paraitinga";2014;0,261;0,457;0,686;0,698;0,421;0,449;0,456;0,535;1
3550001;"São Luiz do Paraitinga";2016;0,243;0,438;0,791;0,717;0,459;0,511;0,498;0,555;1
3550001;"São Luiz do Paraitinga";2018;0,285;0,451;0,853;0,721;0,518;0,563;0,552;0,578;1
3550001;"São Luiz do Paraitinga";2020;0,273;0,439;0,813;0,722;0,557;0,594;0,548;0,585;1
3550001;"São Luiz do Paraitinga";2022;0,266;0,441;0,571;0,697;0,514;0,556;0,45;0,565;1
3550001;"São Luiz do Paraitinga";2024;0,34;0,464;0,594;0,716;0,618;0,569;0,517;0,583;1
3550100;"São Manuel";2014;0,379;0,457;0,684;0,698;0,41;0,449;0,491;0,535;1
3550100;"São Manuel";2016;0,366;0,438;0,679;0,717;0,49;0,511;0,512;0,555;1
3550100;"São Manuel";2018;0,38;0,451;0,69;0,721;0,511;0,563;0,527;0,578;1
3550100;"São Manuel";2020;0,367;0,439;0,756;0,722;0,57;0,594;0,564;0,585;1
3550100;"São Manuel";2022;0,36;0,441;0,697;0,697;0,512;0,556;0,523;0,565;1
3550100;"São Manuel";2024;0,398;0,464;0,685;0,716;0,527;0,569;0,537;0,583;1
3550209;"São Miguel Arcanjo";2014;0,277;0,457;0,677;0,698;0,49;0,449;0,481;0,535;1
3550209;"São Miguel Arcanjo";2016;0,271;0,438;0,674;0,717;0,609;0,511;0,518;0,555;1
3550209;"São Miguel Arcanjo";2018;0,292;0,451;0,59;0,721;0,612;0,563;0,498;0,578;1
3550209;"São Miguel Arcanjo";2020;0,298;0,439;0,66;0,722;0,6;0,594;0,519;0,585;1
3550209;"São Miguel Arcanjo";2022;0,288;0,441;0,668;0,697;0,549;0,556;0,502;0,565;1
3550209;"São Miguel Arcanjo";2024;0,309;0,464;0,722;0,716;0,58;0,569;0,537;0,583;1
3550308;"São Paulo";2014;0,511;0,457;0,713;0,698;0,403;0,449;0,542;0,535;0
3550308;"São Paulo";2016;0,49;0,438;0,728;0,717;0,474;0,511;0,564;0,555;0
3550308;"São Paulo";2018;0,497;0,451;0,729;0,721;0,513;0,563;0,58;0,578;0
3550308;"São Paulo";2020;0,48;0,439;0,723;0,722;0,566;0,594;0,59;0,585;0
3550308;"São Paulo";2022;0,482;0,441;0,706;0,697;0,543;0,556;0,577;0,565;0
3550308;"São Paulo";2024;0,467;0,464;0,728;0,716;0,522;0,569;0,572;0,583;1
3550407;"São Pedro";2014;0,375;0,457;0,682;0,698;0,497;0,449;0,518;0,535;1
3550407;"São Pedro";2016;0,369;0,438;0,72;0,717;0,563;0,511;0,551;0,555;1
3550407;"São Pedro";2018;0,389;0,451;0,729;0,721;0,61;0,563;0,576;0,578;1
3550407;"São Pedro";2020;0,384;0,439;0,761;0,722;0,694;0,594;0,613;0,585;0
3550407;"São Pedro";2022;0,374;0,441;0,727;0,697;0,572;0,556;0,558;0,565;1
3550407;"São Pedro";2024;0,383;0,464;0,744;0,716;0,621;0,569;0,583;0,583;1
3550506;"São Pedro do Turvo";2014;0,293;0,457;0,67;0,698;0,575;0,449;0,513;0,535;1
3550506;"São Pedro do Turvo";2016;0,289;0,438;0,716;0,717;0,569;0,511;0,525;0,555;1
3550506;"São Pedro do Turvo";2018;0,293;0,451;0,724;0,721;0,688;0,563;0,568;0,578;1
3550506;"São Pedro do Turvo";2020;0,3;0,439;0,773;0,722;0,637;0,594;0,57;0,585;1
3550506;"São Pedro do Turvo";2022;0,3;0,441;0,659;0,697;0,601;0,556;0,52;0,565;1
3550506;"São Pedro do Turvo";2024;0,419;0,464;0,731;0,716;0,648;0,569;0,599;0,583;0
3550605;"São Roque";2014;0,432;0,457;0,646;0,698;0,465;0,449;0,514;0,535;1
3550605;"São Roque";2016;0,424;0,438;0,676;0,717;0,496;0,511;0,532;0,555;1
3550605;"São Roque";2018;0,435;0,451;0,676;0,721;0,573;0,563;0,561;0,578;1
3550605;"São Roque";2020;0,424;0,439;0,735;0,722;0,559;0,594;0,573;0,585;1
3550605;"São Roque";2022;0,441;0,441;0,719;0,697;0,47;0,556;0,543;0,565;1
3550605;"São Roque";2024;0,461;0,464;0,712;0,716;0,505;0,569;0,559;0,583;1
3550704;"São Sebastião";2014;0,565;0,457;0,671;0,698;0,423;0,449;0,553;0,535;0
3550704;"São Sebastião";2016;0,551;0,438;0,696;0,717;0,461;0,511;0,569;0,555;0
3550704;"São Sebastião";2018;0,517;0,451;0,72;0,721;0,553;0,563;0,597;0,578;0
3550704;"São Sebastião";2020;0,502;0,439;0,732;0,722;0,569;0,594;0,601;0,585;0
3550704;"São Sebastião";2022;0,58;0,441;0,692;0,697;0,554;0,556;0,609;0,565;0
3550704;"São Sebastião";2024;0,568;0,464;0,666;0,716;0,566;0,569;0,6;0,583;0
3550803;"São Sebastião da Grama";2014;0,353;0,457;0,669;0,698;0,393;0,449;0,472;0,535;1
3550803;"São Sebastião da Grama";2016;0,339;0,438;0,733;0,717;0,462;0,511;0,511;0,555;1
3550803;"São Sebastião da Grama";2018;0,347;0,451;0,82;0,721;0,548;0,563;0,572;0,578;1
3550803;"São Sebastião da Grama";2020;0,34;0,439;0,833;0,722;0,514;0,594;0,562;0,585;1
3550803;"São Sebastião da Grama";2022;0,359;0,441;0,635;0,697;0,429;0,556;0,474;0,565;1
3550803;"São Sebastião da Grama";2024;0,422;0,464;0,663;0,716;0,494;0,569;0,526;0,583;1
3550902;"São Simão";2014;0,38;0,457;0,759;0,698;0,398;0,449;0,512;0,535;1
3550902;"São Simão";2016;0,361;0,438;0,699;0,717;0,454;0,511;0,505;0,555;1
3550902;"São Simão";2018;0,374;0,451;0,783;0,721;0,535;0,563;0,564;0,578;1
3550902;"São Simão";2020;0,362;0,439;0,738;0,722;0,53;0,594;0,543;0,585;1
3550902;"São Simão";2022;0,364;0,441;0,707;0,697;0,498;0,556;0,523;0,565;1
3550902;"São Simão";2024;0,41;0,464;0,622;0,716;0,577;0,569;0,536;0,583;1
3551009;"São Vicente";2014;0,38;0,457;0,625;0,698;0,371;0,449;0,459;0,535;1
3551009;"São Vicente";2016;0,357;0,438;0,66;0,717;0,411;0,511;0,476;0,555;1
3551009;"São Vicente";2018;0,363;0,451;0,663;0,721;0,461;0,563;0,496;0,578;1
3551009;"São Vicente";2020;0,354;0,439;0,67;0,722;0,462;0,594;0,495;0,585;1
3551009;"São Vicente";2022;0,363;0,441;0,638;0,697;0,414;0,556;0,472;0,565;1
3551009;"São Vicente";2024;0,333;0,464;0,65;0,716;0,457;0,569;0,48;0,583;1
3551108;"Sarapuí";2014;0,289;0,457;0,598;0,698;0,404;0,449;0,43;0,535;1
3551108;"Sarapuí";2016;0,273;0,438;0,59;0,717;0,528;0,511;0,464;0,555;1
3551108;"Sarapuí";2018;0,306;0,451;0,653;0,721;0,472;0,563;0,477;0,578;1
3551108;"Sarapuí";2020;0,311;0,439;0,687;0,722;0,526;0,594;0,508;0,585;1
3551108;"Sarapuí";2022;0,306;0,441;0,659;0,697;0,504;0,556;0,49;0,565;1
3551108;"Sarapuí";2024;0,34;0,464;0,792;0,716;0,552;0,569;0,561;0,583;1
3551207;"Sarutaiá";2014;0,261;0,457;0,735;0,698;0,474;0,449;0,49;0,535;1
3551207;"Sarutaiá";2016;0,259;0,438;0,681;0,717;0,432;0,511;0,457;0,555;1
3551207;"Sarutaiá";2018;0,277;0,451;0,69;0,721;0,603;0,563;0,523;0,578;1
3551207;"Sarutaiá";2020;0,28;0,439;0,709;0,722;0,603;0,594;0,531;0,585;1
3551207;"Sarutaiá";2022;0,266;0,441;0,759;0,697;0,617;0,556;0,547;0,565;1
3551207;"Sarutaiá";2024;0,35;0,464;0,767;0,716;0,699;0,569;0,605;0,583;0
3551306;"Sebastianópolis do Sul";2014;0,434;0,457;0,829;0,698;0,642;0,449;0,635;0,535;0
3551306;"Sebastianópolis do Sul";2016;0,494;0,438;0,709;0,717;0,834;0,511;0,679;0,555;0
3551306;"Sebastianópolis do Sul";2018;0,459;0,451;0,722;0,721;0,904;0,563;0,695;0,578;0
3551306;"Sebastianópolis do Sul";2020;0,483;0,439;0,732;0,722;0,779;0,594;0,665;0,585;0
3551306;"Sebastianópolis do Sul";2022;0,486;0,441;0,689;0,697;0,799;0,556;0,658;0,565;0
3551306;"Sebastianópolis do Sul";2024;0,49;0,464;0,787;0,716;0,785;0,569;0,687;0,583;0
3551405;"Serra Azul";2014;0,273;0,457;0,745;0,698;0,404;0,449;0,474;0,535;1
3551405;"Serra Azul";2016;0,25;0,438;0,639;0,717;0,409;0,511;0,433;0,555;1
3551405;"Serra Azul";2018;0,288;0,451;0,672;0,721;0,433;0,563;0,464;0,578;1
3551405;"Serra Azul";2020;0,283;0,439;0,509;0,722;0,373;0,594;0,388;0,585;1
3551405;"Serra Azul";2022;0,279;0,441;0,72;0,697;0,37;0,556;0,456;0,565;1
3551405;"Serra Azul";2024;0,328;0,464;0,793;0,716;0,355;0,569;0,492;0,583;1
3551504;"Serrana";2014;0,353;0,457;0,691;0,698;0,401;0,449;0,482;0,535;1
3551504;"Serrana";2016;0,343;0,438;0,746;0,717;0,484;0,511;0,524;0,555;1
3551504;"Serrana";2018;0,348;0,451;0,746;0,721;0,502;0,563;0,532;0,578;1
3551504;"Serrana";2020;0,353;0,439;0,718;0,722;0,529;0,594;0,533;0,585;1
3551504;"Serrana";2022;0,353;0,441;0,697;0,697;0,461;0,556;0,504;0,565;1
3551504;"Serrana";2024;0,393;0,464;0,73;0,716;0,497;0,569;0,54;0,583;1
3551603;"Serra Negra";2014;0,384;0,457;0,7;0,698;0,534;0,449;0,539;0,535;0
3551603;"Serra Negra";2016;0,374;0,438;0,743;0,717;0,623;0,511;0,58;0,555;0
3551603;"Serra Negra";2018;0,391;0,451;0,817;0,721;0,621;0,563;0,61;0,578;0
3551603;"Serra Negra";2020;0,371;0,439;0,754;0,722;0,716;0,594;0,614;0,585;0
3551603;"Serra Negra";2022;0,361;0,441;0,665;0,697;0,634;0,556;0,553;0,565;1
3551603;"Serra Negra";2024;0,35;0,464;0,759;0,716;0,66;0,569;0,59;0,583;0
3551702;"Sertãozinho";2014;0,468;0,457;0,695;0,698;0,571;0,449;0,578;0,535;0
3551702;"Sertãozinho";2016;0,446;0,438;0,72;0,717;0,641;0,511;0,602;0,555;0
3551702;"Sertãozinho";2018;0,459;0,451;0,728;0,721;0,673;0,563;0,62;0,578;0
3551702;"Sertãozinho";2020;0,455;0,439;0,725;0,722;0,703;0,594;0,628;0,585;0
3551702;"Sertãozinho";2022;0,453;0,441;0,709;0,697;0,567;0,556;0,576;0,565;0
3551702;"Sertãozinho";2024;0,465;0,464;0,729;0,716;0,63;0,569;0,608;0,583;0
3551801;"Sete Barras";2014;0,245;0,457;0,599;0,698;0,389;0,449;0,411;0,535;1
3551801;"Sete Barras";2016;0,254;0,438;0,661;0,717;0,473;0,511;0,463;0,555;1
3551801;"Sete Barras";2018;0,278;0,451;0,608;0,721;0,462;0,563;0,449;0,578;1
3551801;"Sete Barras";2020;0,266;0,439;0,628;0,722;0,428;0,594;0,441;0,585;1
3551801;"Sete Barras";2022;0,265;0,441;0,67;0,697;0,431;0,556;0,455;0,565;1
3551801;"Sete Barras";2024;0,319;0,464;0,714;0,716;0,443;0,569;0,492;0,583;1
3551900;"Severínia";2014;0,327;0,457;0,735;0,698;0,381;0,449;0,481;0,535;1
3551900;"Severínia";2016;0,34;0,438;0,739;0,717;0,403;0,511;0,494;0,555;1
3551900;"Severínia";2018;0,312;0,451;0,757;0,721;0,483;0,563;0,517;0,578;1
3551900;"Severínia";2020;0,32;0,439;0,571;0,722;0,518;0,594;0,47;0,585;1
3551900;"Severínia";2022;0,312;0,441;0,628;0,697;0,466;0,556;0,469;0,565;1
3551900;"Severínia";2024;0,365;0,464;0,534;0,716;0,511;0,569;0,47;0,583;1
3552007;"Silveiras";2014;0,2;0,457;0,618;0,698;0,373;0,449;0,397;0,535;1
3552007;"Silveiras";2016;0,19;0,438;0,626;0,717;0,43;0,511;0,415;0,555;1
3552007;"Silveiras";2018;0,232;0,451;0,715;0,721;0,447;0,563;0,465;0,578;1
3552007;"Silveiras";2020;0,231;0,439;0,664;0,722;0,405;0,594;0,433;0,585;1
3552007;"Silveiras";2022;0,214;0,441;0,654;0,697;0,433;0,556;0,434;0,565;1
3552007;"Silveiras";2024;0,24;0,464;0,677;0,716;0,475;0,569;0,464;0,583;1
3552106;"Socorro";2014;0,335;0,457;0,652;0,698;0,557;0,449;0,515;0,535;1
3552106;"Socorro";2016;0,323;0,438;0,719;0,717;0,642;0,511;0,561;0,555;0
3552106;"Socorro";2018;0,338;0,451;0,705;0,721;0,648;0,563;0,564;0,578;1
3552106;"Socorro";2020;0,339;0,439;0,741;0,722;0,702;0,594;0,594;0,585;0
3552106;"Socorro";2022;0,343;0,441;0,743;0,697;0,622;0,556;0,569;0,565;0
3552106;"Socorro";2024;0,353;0,464;0,746;0,716;0,65;0,569;0,583;0,583;0
3552205;"Sorocaba";2014;0,477;0,457;0,693;0,698;0,5;0,449;0,557;0,535;0
3552205;"Sorocaba";2016;0,451;0,438;0,704;0,717;0,563;0,511;0,573;0,555;0
3552205;"Sorocaba";2018;0,465;0,451;0,713;0,721;0,611;0,563;0,596;0,578;0
3552205;"Sorocaba";2020;0,452;0,439;0,726;0,722;0,649;0,594;0,609;0,585;0
3552205;"Sorocaba";2022;0,453;0,441;0,69;0,697;0,61;0,556;0,584;0,565;0
3552205;"Sorocaba";2024;0,445;0,464;0,723;0,716;0,635;0,569;0,601;0,583;0
3552304;"Sud Mennucci";2014;0,333;0,457;0,789;0,698;0,525;0,449;0,549;0,535;0
3552304;"Sud Mennucci";2016;0,337;0,438;0,778;0,717;0,591;0,511;0,569;0,555;0
3552304;"Sud Mennucci";2018;0,334;0,451;0,743;0,721;0,66;0,563;0,579;0,578;0
3552304;"Sud Mennucci";2020;0,353;0,439;0,716;0,722;0,627;0,594;0,565;0,585;1
3552304;"Sud Mennucci";2022;0,345;0,441;0,731;0,697;0,567;0,556;0,548;0,565;1
3552304;"Sud Mennucci";2024;0,388;0,464;0,651;0,716;0,587;0,569;0,542;0,583;1
3552403;"Sumaré";2014;0,439;0,457;0,745;0,698;0,445;0,449;0,543;0,535;0
3552403;"Sumaré";2016;0,413;0,438;0,753;0,717;0,494;0,511;0,553;0,555;1
3552403;"Sumaré";2018;0,432;0,451;0,75;0,721;0,542;0,563;0,575;0,578;1
3552403;"Sumaré";2020;0,431;0,439;0,75;0,722;0,576;0,594;0,586;0,585;0
3552403;"Sumaré";2022;0,448;0,441;0,72;0,697;0,542;0,556;0,57;0,565;0
3552403;"Sumaré";2024;0,454;0,464;0,737;0,716;0,553;0,569;0,581;0,583;1
3552502;"Suzano";2014;0,401;0,457;0,684;0,698;0,409;0,449;0,498;0,535;1
3552502;"Suzano";2016;0,377;0,438;0,676;0,717;0,47;0,511;0,508;0,555;1
3552502;"Suzano";2018;0,392;0,451;0,674;0,721;0,537;0,563;0,534;0,578;1
3552502;"Suzano";2020;0,383;0,439;0,69;0,722;0,576;0,594;0,55;0,585;1
3552502;"Suzano";2022;0,377;0,441;0,673;0,697;0,547;0,556;0,532;0,565;1
3552502;"Suzano";2024;0,41;0,464;0,7;0,716;0,538;0,569;0,549;0,583;1
3552551;"Suzanápolis";2014;0,357;0,457;0,693;0,698;0,532;0,449;0,527;0,535;1
3552551;"Suzanápolis";2016;0,385;0,438;0,655;0,717;0,655;0,511;0,565;0,555;0
3552551;"Suzanápolis";2018;0,401;0,451;0,719;0,721;0,715;0,563;0,612;0,578;0
3552551;"Suzanápolis";2020;0,409;0,439;0,744;0,722;0,567;0,594;0,573;0,585;1
3552551;"Suzanápolis";2022;0,435;0,441;0,728;0,697;0,562;0,556;0,575;0,565;0
3552551;"Suzanápolis";2024;0,532;0,464;0,732;0,716;0,617;0,569;0,627;0,583;0
3552601;"Tabapuã";2014;0,333;0,457;0,727;0,698;0,57;0,449;0,543;0,535;0
3552601;"Tabapuã";2016;0,322;0,438;0,741;0,717;0,657;0,511;0,573;0,555;0
3552601;"Tabapuã";2018;0,339;0,451;0,709;0,721;0,756;0,563;0,601;0,578;0
3552601;"Tabapuã";2020;0,339;0,439;0,712;0,722;0,777;0,594;0,609;0,585;0
3552601;"Tabapuã";2022;0,337;0,441;0,729;0,697;0,77;0,556;0,612;0,565;0
3552601;"Tabapuã";2024;0,387;0,464;0,596;0,716;0,729;0,569;0,571;0,583;1
3552700;"Tabatinga";2014;0,302;0,457;0,686;0,698;0,441;0,449;0,476;0,535;1
3552700;"Tabatinga";2016;0,288;0,438;0,632;0,717;0,502;0,511;0,474;0,555;1
3552700;"Tabatinga";2018;0,316;0,451;0,618;0,721;0,6;0,563;0,511;0,578;1
3552700;"Tabatinga";2020;0,313;0,439;0,572;0,722;0,608;0,594;0,498;0,585;1
3552700;"Tabatinga";2022;0,315;0,441;0,623;0,697;0,543;0,556;0,494;0,565;1
3552700;"Tabatinga";2024;0,369;0,464;0,733;0,716;0,557;0,569;0,553;0,583;1
3552809;"Taboão da Serra";2014;0,437;0,457;0,634;0,698;0,429;0,449;0,5;0,535;1
3552809;"Taboão da Serra";2016;0,414;0,438;0,649;0,717;0,5;0,511;0,521;0,555;1
3552809;"Taboão da Serra";2018;0,421;0,451;0,66;0,721;0,548;0,563;0,543;0,578;1
3552809;"Taboão da Serra";2020;0,405;0,439;0,663;0,722;0,576;0,594;0,548;0,585;1
3552809;"Taboão da Serra";2022;0,401;0,441;0,636;0,697;0,513;0,556;0,517;0,565;1
3552809;"Taboão da Serra";2024;0,344;0,464;0,651;0,716;0,518;0,569;0,504;0,583;1
3552908;"Taciba";2014;0,285;0,457;0,814;0,698;0,466;0,449;0,522;0,535;1
3552908;"Taciba";2016;0,275;0,438;0,744;0,717;0,592;0,511;0,537;0,555;1
3552908;"Taciba";2018;0,304;0,451;0,783;0,721;0,593;0,563;0,56;0,578;1
3552908;"Taciba";2020;0,307;0,439;0,802;0,722;0,617;0,594;0,575;0,585;1
3552908;"Taciba";2022;0,31;0,441;0,717;0,697;0,602;0,556;0,543;0,565;1
3552908;"Taciba";2024;0,337;0,464;0,687;0,716;0,641;0,569;0,555;0,583;1
3553005;"Taguaí";2014;0,323;0,457;0,796;0,698;0,711;0,449;0,61;0,535;0
3553005;"Taguaí";2016;0,311;0,438;0,659;0,717;0,698;0,511;0,556;0,555;0
3553005;"Taguaí";2018;0,332;0,451;0,737;0,721;0,74;0,563;0,603;0,578;0
3553005;"Taguaí";2020;0,314;0,439;0,742;0,722;0,788;0,594;0,615;0,585;0
3553005;"Taguaí";2022;0,319;0,441;0,671;0,697;0,734;0,556;0,575;0,565;0
3553005;"Taguaí";2024;0,392;0,464;0,771;0,716;0,731;0,569;0,631;0,583;0
3553104;"Taiaçu";2014;0,285;0,457;0,745;0,698;0,412;0,449;0,481;0,535;1
3553104;"Taiaçu";2016;0,268;0,438;0,73;0,717;0,479;0,511;0,492;0,555;1
3553104;"Taiaçu";2018;0,295;0,451;0,739;0,721;0,541;0,563;0,525;0,578;1
3553104;"Taiaçu";2020;0,292;0,439;0,683;0,722;0,586;0,594;0,52;0,585;1
3553104;"Taiaçu";2022;0,278;0,441;0,701;0,697;0,538;0,556;0,506;0,565;1
3553104;"Taiaçu";2024;0,317;0,464;0,779;0,716;0,571;0,569;0,556;0,583;1
3553203;"Taiúva";2014;0,308;0,457;0,549;0,698;0,532;0,449;0,463;0,535;1
3553203;"Taiúva";2016;0,29;0,438;0,683;0,717;0,576;0,511;0,516;0,555;1
3553203;"Taiúva";2018;0,316;0,451;0,775;0,721;0,565;0,563;0,552;0,578;1
3553203;"Taiúva";2020;0,309;0,439;0,822;0,722;0,626;0,594;0,586;0,585;0
3553203;"Taiúva";2022;0,303;0,441;0,801;0,697;0,581;0,556;0,562;0,565;1
3553203;"Taiúva";2024;0,338;0,464;0,8;0,716;0,65;0,569;0,596;0,583;0
3553302;"Tambaú";2014;0,362;0,457;0,698;0,698;0,45;0,449;0,503;0,535;1
3553302;"Tambaú";2016;0,34;0,438;0,683;0,717;0,474;0,511;0,499;0,555;1
3553302;"Tambaú";2018;0,35;0,451;0,698;0,721;0,49;0,563;0,513;0,578;1
3553302;"Tambaú";2020;0,349;0,439;0,684;0,722;0,496;0,594;0,51;0,585;1
3553302;"Tambaú";2022;0,354;0,441;0,647;0,697;0,462;0,556;0,488;0,565;1
3553302;"Tambaú";2024;0,397;0,464;0,686;0,716;0,503;0,569;0,529;0,583;1
3553401;"Tanabi";2014;0,359;0,457;0,779;0,698;0,589;0,449;0,576;0,535;0
3553401;"Tanabi";2016;0,361;0,438;0,742;0,717;0,656;0,511;0,586;0,555;0
3553401;"Tanabi";2018;0,373;0,451;0,804;0,721;0,701;0,563;0,626;0,578;0
3553401;"Tanabi";2020;0,379;0,439;0,814;0,722;0,677;0,594;0,623;0,585;0
3553401;"Tanabi";2022;0,371;0,441;0,725;0,697;0,683;0,556;0,593;0,565;0
3553401;"Tanabi";2024;0,381;0,464;0,795;0,716;0,712;0,569;0,629;0,583;0
3553500;"Tapiraí";2014;0,279;0,457;0,611;0,698;0,454;0,449;0,448;0,535;1
3553500;"Tapiraí";2016;0,262;0,438;0,673;0,717;0,554;0,511;0,496;0,555;1
3553500;"Tapiraí";2018;0,29;0,451;0,658;0,721;0,598;0,563;0,515;0,578;1
3553500;"Tapiraí";2020;0,287;0,439;0,604;0,722;0,603;0,594;0,498;0,585;1
3553500;"Tapiraí";2022;0,288;0,441;0,563;0,697;0,515;0,556;0,455;0,565;1
3553500;"Tapiraí";2024;0,297;0,464;0,586;0,716;0,526;0,569;0,47;0,583;1
3553609;"Tapiratiba";2014;0,374;0,457;0,843;0,698;0,491;0,449;0,569;0,535;0
3553609;"Tapiratiba";2016;0,375;0,438;0,826;0,717;0,627;0,511;0,609;0,555;0
3553609;"Tapiratiba";2018;0,403;0,451;0,823;0,721;0,61;0,563;0,612;0,578;0
3553609;"Tapiratiba";2020;0,363;0,439;0,74;0,722;0,665;0,594;0,589;0,585;0
3553609;"Tapiratiba";2022;0,38;0,441;0,675;0,697;0,63;0,556;0,562;0,565;1
3553609;"Tapiratiba";2024;0,401;0,464;0,799;0,716;0,679;0,569;0,626;0,583;0
3553658;"Taquaral";2014;0,338;0,457;0,744;0,698;0,561;0,449;0,548;0,535;0
3553658;"Taquaral";2016;0,34;0,438;0,753;0,717;0,567;0,511;0,553;0,555;1
3553658;"Taquaral";2018;0,357;0,451;0,747;0,721;0,702;0,563;0,602;0,578;0
3553658;"Taquaral";2020;0,359;0,439;0,76;0,722;0,562;0,594;0,56;0,585;1
3553658;"Taquaral";2022;0,361;0,441;0,699;0,697;0,606;0,556;0,555;0,565;1
3553658;"Taquaral";2024;0,384;0,464;0,586;0,716;0,544;0,569;0,505;0,583;1
3553708;"Taquaritinga";2014;0,357;0,457;0,691;0,698;0,453;0,449;0,5;0,535;1
3553708;"Taquaritinga";2016;0,348;0,438;0,664;0,717;0,496;0,511;0,503;0,555;1
3553708;"Taquaritinga";2018;0,371;0,451;0,745;0,721;0,542;0,563;0,553;0,578;1
3553708;"Taquaritinga";2020;0,371;0,439;0,709;0,722;0,538;0,594;0,539;0,585;1
3553708;"Taquaritinga";2022;0,354;0,441;0,602;0,697;0,453;0,556;0,47;0,565;1
3553708;"Taquaritinga";2024;0,382;0,464;0,648;0,716;0,642;0,569;0,557;0,583;1
3553807;"Taquarituba";2014;0,364;0,457;0,668;0,698;0,523;0,449;0,518;0,535;1
3553807;"Taquarituba";2016;0,369;0,438;0,649;0,717;0,627;0,511;0,548;0,555;1
3553807;"Taquarituba";2018;0,387;0,451;0,631;0,721;0,682;0,563;0,567;0,578;1
3553807;"Taquarituba";2020;0,358;0,439;0,655;0,722;0,691;0,594;0,568;0,585;1
3553807;"Taquarituba";2022;0,353;0,441;0,633;0,697;0,666;0,556;0,551;0,565;1
3553807;"Taquarituba";2024;0,454;0,464;0,725;0,716;0,698;0,569;0,626;0,583;0
3553856;"Taquarivaí";2014;0,352;0,457;0,464;0,698;0,425;0,449;0,414;0,535;1
3553856;"Taquarivaí";2016;0,34;0,438;0,65;0,717;0,512;0,511;0,501;0,555;1
3553856;"Taquarivaí";2018;0,36;0,451;0,719;0,721;0,518;0,563;0,532;0,578;1
3553856;"Taquarivaí";2020;0,377;0,439;0,743;0,722;0,515;0,594;0,545;0,585;1
3553856;"Taquarivaí";2022;0,369;0,441;0,649;0,697;0,467;0,556;0,495;0,565;1
3553856;"Taquarivaí";2024;0,373;0,464;0,712;0,716;0,554;0,569;0,546;0,583;1
3553906;"Tarabai";2014;0,253;0,457;0,6;0,698;0,389;0,449;0,414;0,535;1
3553906;"Tarabai";2016;0,254;0,438;0,687;0,717;0,418;0,511;0,453;0,555;1
3553906;"Tarabai";2018;0,266;0,451;0,713;0,721;0,461;0,563;0,48;0,578;1
3553906;"Tarabai";2020;0,27;0,439;0,699;0,722;0,549;0,594;0,506;0,585;1
3553906;"Tarabai";2022;0,273;0,441;0,637;0,697;0,513;0,556;0,474;0,565;1
3553906;"Tarabai";2024;0,319;0,464;0,611;0,716;0,586;0,569;0,505;0,583;1
3553955;"Tarumã";2014;0,413;0,457;0,733;0,698;0,452;0,449;0,533;0,535;1
3553955;"Tarumã";2016;0,394;0,438;0,685;0,717;0,537;0,511;0,539;0,555;1
3553955;"Tarumã";2018;0,389;0,451;0,719;0,721;0,601;0,563;0,57;0,578;1
3553955;"Tarumã";2020;0,377;0,439;0,75;0,722;0,627;0,594;0,585;0,585;1
3553955;"Tarumã";2022;0,366;0,441;0,8;0,697;0,627;0,556;0,598;0,565;0
3553955;"Tarumã";2024;0,432;0,464;0,722;0,716;0,686;0,569;0,613;0,583;0
3554003;"Tatuí";2014;0,387;0,457;0,663;0,698;0,428;0,449;0,493;0,535;1
3554003;"Tatuí";2016;0,367;0,438;0,655;0,717;0,502;0,511;0,508;0,555;1
3554003;"Tatuí";2018;0,379;0,451;0,64;0,721;0,532;0,563;0,517;0,578;1
3554003;"Tatuí";2020;0,375;0,439;0,665;0,722;0,538;0,594;0,526;0,585;1
3554003;"Tatuí";2022;0,372;0,441;0,659;0,697;0,498;0,556;0,51;0,565;1
3554003;"Tatuí";2024;0,374;0,464;0,717;0,716;0,541;0,569;0,544;0,583;1
3554102;"Taubaté";2014;0,438;0,457;0,687;0,698;0,481;0,449;0,535;0,535;0
3554102;"Taubaté";2016;0,414;0,438;0,704;0,717;0,557;0,511;0,558;0,555;0
3554102;"Taubaté";2018;0,42;0,451;0,695;0,721;0,594;0,563;0,57;0,578;1
3554102;"Taubaté";2020;0,393;0,439;0,716;0,722;0,607;0,594;0,572;0,585;1
3554102;"Taubaté";2022;0,385;0,441;0,704;0,697;0,54;0,556;0,543;0,565;1
3554102;"Taubaté";2024;0,401;0,464;0,729;0,716;0,556;0,569;0,562;0,583;1
3554201;"Tejupá";2014;0,255;0,457;0,591;0,698;0,557;0,449;0,468;0,535;1
3554201;"Tejupá";2016;0,252;0,438;0,732;0,717;0,47;0,511;0,485;0,555;1
3554201;"Tejupá";2018;0,299;0,451;0,725;0,721;0,551;0,563;0,525;0,578;1
3554201;"Tejupá";2020;0,316;0,439;0,695;0,722;0,516;0,594;0,509;0,585;1
3554201;"Tejupá";2022;0,309;0,441;0,73;0,697;0,49;0,556;0,51;0,565;1
3554201;"Tejupá";2024;0,392;0,464;0,76;0,716;0,532;0,569;0,561;0,583;1
3554300;"Teodoro Sampaio";2014;0,314;0,457;0,588;0,698;0,452;0,449;0,451;0,535;1
3554300;"Teodoro Sampaio";2016;0,321;0,438;0,718;0,717;0,515;0,511;0,518;0,555;1
3554300;"Teodoro Sampaio";2018;0,297;0,451;0,673;0,721;0,563;0,563;0,511;0,578;1
3554300;"Teodoro Sampaio";2020;0,307;0,439;0,778;0,722;0,625;0,594;0,57;0,585;1
3554300;"Teodoro Sampaio";2022;0,3;0,441;0,719;0,697;0,554;0,556;0,524;0,565;1
3554300;"Teodoro Sampaio";2024;0,363;0,464;0,614;0,716;0,611;0,569;0,529;0,583;1
3554409;"Terra Roxa";2014;0,304;0,457;0,589;0,698;0,492;0,449;0,462;0,535;1
3554409;"Terra Roxa";2016;0,292;0,438;0,622;0,717;0,656;0,511;0,523;0,555;1
3554409;"Terra Roxa";2018;0,31;0,451;0,674;0,721;0,719;0,563;0,568;0,578;1
3554409;"Terra Roxa";2020;0,315;0,439;0,752;0,722;0,703;0,594;0,59;0,585;0
3554409;"Terra Roxa";2022;0,302;0,441;0,719;0,697;0,56;0,556;0,527;0,565;1
3554409;"Terra Roxa";2024;0,324;0,464;0,733;0,716;0,601;0,569;0,553;0,583;1
3554508;"Tietê";2014;0,418;0,457;0,694;0,698;0,511;0,449;0,541;0,535;0
3554508;"Tietê";2016;0,395;0,438;0,723;0,717;0,588;0,511;0,569;0,555;0
3554508;"Tietê";2018;0,413;0,451;0,705;0,721;0,579;0,563;0,566;0,578;1
3554508;"Tietê";2020;0,406;0,439;0,697;0,722;0,707;0,594;0,603;0,585;0
3554508;"Tietê";2022;0,402;0,441;0,739;0,697;0,59;0,556;0,577;0,565;0
3554508;"Tietê";2024;0,427;0,464;0,73;0,716;0,625;0,569;0,594;0,583;0
3554607;"Timburi";2014;0,267;0,457;0,662;0,698;0,461;0,449;0,463;0,535;1
3554607;"Timburi";2016;0,269;0,438;0,577;0,717;0,474;0,511;0,44;0,555;1
3554607;"Timburi";2018;0,282;0,451;0,461;0,721;0,641;0,563;0,461;0,578;1
3554607;"Timburi";2020;0,29;0,439;0,546;0,722;0,559;0,594;0,465;0,585;1
3554607;"Timburi";2022;0,306;0,441;0,551;0,697;0,591;0,556;0,483;0,565;1
3554607;"Timburi";2024;0,336;0,464;0,727;0,716;0,605;0,569;0,556;0,583;1
3554656;"Torre de Pedra";2014;0,206;0,457;0,677;0,698;0,421;0,449;0,435;0,535;1
3554656;"Torre de Pedra";2016;0,191;0,438;0,679;0,717;0,523;0,511;0,464;0,555;1
3554656;"Torre de Pedra";2018;0,24;0,451;0,676;0,721;0,546;0,563;0,487;0,578;1
3554656;"Torre de Pedra";2020;0,236;0,439;0,861;0,722;0,634;0,594;0,577;0,585;1
3554656;"Torre de Pedra";2022;0,25;0,441;0,833;0,697;0,605;0,556;0,563;0,565;1
3554656;"Torre de Pedra";2024;0,316;0,464;0,878;0,716;0,641;0,569;0,612;0,583;0
3554706;"Torrinha";2014;0,316;0,457;0,647;0,698;0,533;0,449;0,499;0,535;1
3554706;"Torrinha";2016;0,301;0,438;0,749;0,717;0,565;0,511;0,538;0,555;1
3554706;"Torrinha";2018;0,328;0,451;0,753;0,721;0,557;0,563;0,546;0,578;1
3554706;"Torrinha";2020;0,339;0,439;0,747;0,722;0,632;0,594;0,573;0,585;1
3554706;"Torrinha";2022;0,339;0,441;0,739;0,697;0,511;0,556;0,53;0,565;1
3554706;"Torrinha";2024;0,358;0,464;0,73;0,716;0,574;0,569;0,554;0,583;1
3554755;"Trabiju";2014;0,407;0,457;0,919;0,698;0,481;0,449;0,602;0,535;0
3554755;"Trabiju";2016;0,389;0,438;0,607;0,717;0,529;0,511;0,508;0,555;1
3554755;"Trabiju";2018;0,424;0,451;0,666;0,721;0,583;0,563;0,558;0,578;1
3554755;"Trabiju";2020;0,418;0,439;0,731;0,722;0,577;0,594;0,575;0,585;1
3554755;"Trabiju";2022;0,412;0,441;0,749;0,697;0,553;0,556;0,571;0,565;0
3554755;"Trabiju";2024;0,414;0,464;0,677;0,716;0,563;0,569;0,551;0,583;1
3554805;"Tremembé";2014;0,309;0,457;0,687;0,698;0,361;0,449;0,452;0,535;1
3554805;"Tremembé";2016;0,294;0,438;0,731;0,717;0,505;0,511;0,51;0,555;1
3554805;"Tremembé";2018;0,306;0,451;0,765;0,721;0,579;0,563;0,55;0,578;1
3554805;"Tremembé";2020;0,298;0,439;0,763;0,722;0,582;0,594;0,548;0,585;1
3554805;"Tremembé";2022;0,271;0,441;0,751;0,697;0,497;0,556;0,506;0,565;1
3554805;"Tremembé";2024;0,339;0,464;0,776;0,716;0,528;0,569;0,548;0,583;1
3554904;"Três Fronteiras";2014;0,286;0,457;0,571;0,698;0,479;0,449;0,445;0,535;1
3554904;"Três Fronteiras";2016;0,274;0,438;0,736;0,717;0,516;0,511;0,509;0,555;1
3554904;"Três Fronteiras";2018;0,315;0,451;0,77;0,721;0,626;0,563;0,57;0,578;1
3554904;"Três Fronteiras";2020;0,319;0,439;0,763;0,722;0,545;0,594;0,542;0,585;1
3554904;"Três Fronteiras";2022;0,277;0,441;0,592;0,697;0,636;0,556;0,502;0,565;1
3554904;"Três Fronteiras";2024;0,305;0,464;0,549;0,716;0,645;0,569;0,5;0,583;1
3554953;"Tuiuti";2014;0,233;0,457;0,677;0,698;0,429;0,449;0,446;0,535;1
3554953;"Tuiuti";2016;0,216;0,438;0,664;0,717;0,488;0,511;0,456;0,555;1
3554953;"Tuiuti";2018;0,271;0,451;0,69;0,721;0,431;0,563;0,464;0,578;1
3554953;"Tuiuti";2020;0,282;0,439;0,735;0,722;0,592;0,594;0,536;0,585;1
3554953;"Tuiuti";2022;0,265;0,441;0,709;0,697;0,543;0,556;0,506;0,565;1
3554953;"Tuiuti";2024;0,292;0,464;0,825;0,716;0,552;0,569;0,556;0,583;1
3555000;"Tupã";2014;0,378;0,457;0,699;0,698;0,485;0,449;0,521;0,535;1
3555000;"Tupã";2016;0,365;0,438;0,621;0,717;0,543;0,511;0,51;0,555;1
3555000;"Tupã";2018;0,382;0,451;0,645;0,721;0,597;0,563;0,541;0,578;1
3555000;"Tupã";2020;0,381;0,439;0,725;0,722;0,649;0,594;0,585;0,585;0
3555000;"Tupã";2022;0,373;0,441;0,69;0,697;0,607;0,556;0,557;0,565;1
3555000;"Tupã";2024;0,426;0,464;0,728;0,716;0,637;0,569;0,597;0,583;0
3555109;"Tupi Paulista";2014;0,31;0,457;0,651;0,698;0,579;0,449;0,513;0,535;1
3555109;"Tupi Paulista";2016;0,294;0,438;0,656;0,717;0,609;0,511;0,52;0,555;1
3555109;"Tupi Paulista";2018;0,312;0,451;0,706;0,721;0,801;0,563;0,606;0,578;0
3555109;"Tupi Paulista";2020;0,318;0,439;0,8;0,722;0,762;0,594;0,627;0,585;0
3555109;"Tupi Paulista";2022;0,3;0,441;0,771;0,697;0,671;0,556;0,581;0,565;0
3555109;"Tupi Paulista";2024;0,336;0,464;0,705;0,716;0,778;0,569;0,606;0,583;0
3555208;"Turiúba";2014;0,265;0,457;0,835;0,698;0,574;0,449;0,558;0,535;0
3555208;"Turiúba";2016;0,254;0,438;0,707;0,717;0,662;0,511;0,541;0,555;1
3555208;"Turiúba";2018;0,288;0,451;0,672;0,721;0,725;0,563;0,562;0,578;1
3555208;"Turiúba";2020;0,296;0,439;0,673;0,722;0,721;0,594;0,563;0,585;1
3555208;"Turiúba";2022;0,302;0,441;0,748;0,697;0,736;0,556;0,595;0,565;0
3555208;"Turiúba";2024;0,371;0,464;0,835;0,716;0,593;0,569;0,6;0,583;0
3555307;"Turmalina";2014;0,31;0,457;0,622;0,698;0,747;0,449;0,56;0,535;0
3555307;"Turmalina";2016;0,307;0,438;0,926;0,717;0,663;0,511;0,632;0,555;0
3555307;"Turmalina";2018;0,34;0,451;0,919;0,721;0,6;0,563;0,62;0,578;0
3555307;"Turmalina";2020;0,369;0,439;0,912;0,722;0,759;0,594;0,68;0,585;0
3555307;"Turmalina";2022;0,347;0,441;0,86;0,697;0,602;0,556;0,603;0,565;0
3555307;"Turmalina";2024;0,386;0,464;0,834;0,716;0,784;0,569;0,668;0,583;0
3555356;"Ubarana";2014;0,409;0,457;0,672;0,698;0,417;0,449;0,499;0,535;1
3555356;"Ubarana";2016;0,414;0,438;0,661;0,717;0,432;0,511;0,502;0,555;1
3555356;"Ubarana";2018;0,431;0,451;0,75;0,721;0,499;0,563;0,56;0,578;1
3555356;"Ubarana";2020;0,43;0,439;0,718;0,722;0,553;0,594;0,567;0,585;1
3555356;"Ubarana";2022;0,39;0,441;0,638;0,697;0,464;0,556;0,497;0,565;1
3555356;"Ubarana";2024;0,435;0,464;0,702;0,716;0,545;0,569;0,561;0,583;1
3555406;"Ubatuba";2014;0,419;0,457;0,642;0,698;0,4;0,449;0,487;0,535;1
3555406;"Ubatuba";2016;0,405;0,438;0,674;0,717;0,471;0,511;0,517;0,555;1
3555406;"Ubatuba";2018;0,424;0,451;0,686;0,721;0,52;0,563;0,543;0,578;1
3555406;"Ubatuba";2020;0,419;0,439;0,713;0,722;0,551;0,594;0,561;0,585;1
3555406;"Ubatuba";2022;0,416;0,441;0,665;0,697;0,518;0,556;0,533;0,565;1
3555406;"Ubatuba";2024;0,414;0,464;0,667;0,716;0,53;0,569;0,537;0,583;1
3555505;"Ubirajara";2014;0,311;0,457;0,722;0,698;0,399;0,449;0,477;0,535;1
3555505;"Ubirajara";2016;0,306;0,438;0,644;0,717;0,501;0,511;0,484;0,555;1
3555505;"Ubirajara";2018;0,32;0,451;0,619;0,721;0,477;0,563;0,472;0,578;1
3555505;"Ubirajara";2020;0,322;0,439;0,675;0,722;0,518;0,594;0,505;0,585;1
3555505;"Ubirajara";2022;0,319;0,441;0,705;0,697;0,529;0,556;0,518;0,565;1
3555505;"Ubirajara";2024;0,349;0,464;0,751;0,716;0,486;0,569;0,529;0,583;1
3555604;"Uchoa";2014;0,317;0,457;0,696;0,698;0,616;0,449;0,543;0,535;0
3555604;"Uchoa";2016;0,308;0,438;0,717;0,717;0,702;0,511;0,576;0,555;0
3555604;"Uchoa";2018;0,315;0,451;0,755;0,721;0,687;0,563;0,586;0,578;0
3555604;"Uchoa";2020;0,322;0,439;0,777;0,722;0,57;0,594;0,556;0,585;1
3555604;"Uchoa";2022;0,3;0,441;0,602;0,697;0,515;0,556;0,472;0,565;1
3555604;"Uchoa";2024;0,354;0,464;0,722;0,716;0,535;0,569;0,537;0,583;1
3555703;"União Paulista";2014;0,312;0,457;0,91;0,698;0,438;0,449;0,553;0,535;0
3555703;"União Paulista";2016;0,298;0,438;0,639;0,717;0,506;0,511;0,481;0,555;1
3555703;"União Paulista";2018;0,321;0,451;0,602;0,721;0,495;0,563;0,473;0,578;1
3555703;"União Paulista";2020;0,339;0,439;0,605;0,722;0,502;0,594;0,482;0,585;1
3555703;"União Paulista";2022;0,345;0,441;0,676;0,697;0,505;0,556;0,509;0,565;1
3555703;"União Paulista";2024;0,356;0,464;0,77;0,716;0,492;0,569;0,539;0,583;1
3555802;"Urânia";2014;0,302;0,457;0,702;0,698;0,594;0,449;0,533;0,535;1
3555802;"Urânia";2016;0,285;0,438;0,767;0,717;0,583;0,511;0,545;0,555;1
3555802;"Urânia";2018;0,319;0,451;0,777;0,721;0,653;0,563;0,583;0,578;0
3555802;"Urânia";2020;0,341;0,439;0,783;0,722;0,674;0,594;0,599;0,585;0
3555802;"Urânia";2022;0,329;0,441;0,779;0,697;0,612;0,556;0,573;0,565;0
3555802;"Urânia";2024;0,356;0,464;0,746;0,716;0,684;0,569;0,595;0,583;0
3555901;"Uru";2014;0,297;0,457;0,486;0,698;0,495;0,449;0,426;0,535;1
3555901;"Uru";2016;0,31;0,438;0,541;0,717;0,489;0,511;0,447;0,555;1
3555901;"Uru";2018;0,352;0,451;0,589;0,721;0,573;0,563;0,505;0,578;1
3555901;"Uru";2020;0,338;0,439;0,721;0,722;0,696;0,594;0,585;0,585;0
3555901;"Uru";2022;0,308;0,441;0,584;0,697;0,755;0,556;0,549;0,565;1
3555901;"Uru";2024;0,334;0,464;0,817;0,716;0,671;0,569;0,607;0,583;0
3556008;"Urupês";2014;0,356;0,457;0,691;0,698;0,566;0,449;0,538;0,535;0
3556008;"Urupês";2016;0,341;0,438;0,771;0,717;0,563;0,511;0,558;0,555;0
3556008;"Urupês";2018;0,38;0,451;0,737;0,721;0,666;0,563;0,594;0,578;0
3556008;"Urupês";2020;0,39;0,439;0,729;0,722;0,665;0,594;0,595;0,585;0
3556008;"Urupês";2022;0,359;0,441;0,751;0,697;0,607;0,556;0,572;0,565;0
3556008;"Urupês";2024;0,397;0,464;0,755;0,716;0,732;0,569;0,628;0,583;0
3556107;"Valentim Gentil";2014;0,345;0,457;0,726;0,698;0,438;0,449;0,503;0,535;1
3556107;"Valentim Gentil";2016;0,32;0,438;0,803;0,717;0,569;0,511;0,564;0,555;0
3556107;"Valentim Gentil";2018;0,339;0,451;0,785;0,721;0,575;0,563;0,566;0,578;1
3556107;"Valentim Gentil";2020;0,343;0,439;0,792;0,722;0,641;0,594;0,592;0,585;0
3556107;"Valentim Gentil";2022;0,318;0,441;0,723;0,697;0,57;0,556;0,537;0,565;1
3556107;"Valentim Gentil";2024;0,349;0,464;0,686;0,716;0,607;0,569;0,547;0,583;1
3556206;"Valinhos";2014;0,474;0,457;0,748;0,698;0,576;0,449;0,599;0,535;0
3556206;"Valinhos";2016;0,456;0,438;0,775;0,717;0,654;0,511;0,628;0,555;0
3556206;"Valinhos";2018;0,481;0,451;0,794;0,721;0,686;0,563;0,654;0,578;0
3556206;"Valinhos";2020;0,466;0,439;0,816;0,722;0,696;0,594;0,659;0,585;0
3556206;"Valinhos";2022;0,465;0,441;0,776;0,697;0,6;0,556;0,614;0,565;0
3556206;"Valinhos";2024;0,45;0,464;0,802;0,716;0,605;0,569;0,619;0,583;0
3556305;"Valparaíso";2014;0,377;0,457;0,684;0,698;0,425;0,449;0,495;0,535;1
3556305;"Valparaíso";2016;0,379;0,438;0,731;0,717;0,586;0,511;0,565;0,555;0
3556305;"Valparaíso";2018;0,386;0,451;0,704;0,721;0,578;0,563;0,556;0,578;1
3556305;"Valparaíso";2020;0,392;0,439;0,686;0,722;0,573;0,594;0,55;0,585;1
3556305;"Valparaíso";2022;0,374;0,441;0,736;0,697;0,524;0,556;0,545;0,565;1
3556305;"Valparaíso";2024;0,412;0,464;0,667;0,716;0,589;0,569;0,556;0,583;1
3556354;"Vargem";2014;0,264;0,457;0,729;0,698;0,254;0,449;0,416;0,535;1
3556354;"Vargem";2016;0,241;0,438;0,732;0,717;0,41;0,511;0,461;0,555;1
3556354;"Vargem";2018;0,292;0,451;0,761;0,721;0,377;0,563;0,477;0,578;1
3556354;"Vargem";2020;0,29;0,439;0,8;0,722;0,361;0,594;0,484;0,585;1
3556354;"Vargem";2022;0,283;0,441;0,737;0,697;0,367;0,556;0,462;0,565;1
3556354;"Vargem";2024;0,355;0,464;0,759;0,716;0,466;0,569;0,527;0,583;1
3556404;"Vargem Grande do Sul";2014;0,357;0,457;0,649;0,698;0,49;0,449;0,499;0,535;1
3556404;"Vargem Grande do Sul";2016;0,335;0,438;0,782;0,717;0,516;0,511;0,544;0,555;1
3556404;"Vargem Grande do Sul";2018;0,346;0,451;0,784;0,721;0,572;0,563;0,567;0,578;1
3556404;"Vargem Grande do Sul";2020;0,349;0,439;0,739;0,722;0,602;0,594;0,563;0,585;1
3556404;"Vargem Grande do Sul";2022;0,344;0,441;0,655;0,697;0,558;0,556;0,519;0,565;1
3556404;"Vargem Grande do Sul";2024;0,366;0,464;0,728;0,716;0,607;0,569;0,567;0,583;1
3556453;"Vargem Grande Paulista";2014;0,42;0,457;0,709;0,698;0,37;0,449;0,5;0,535;1
3556453;"Vargem Grande Paulista";2016;0,395;0,438;0,764;0,717;0,489;0,511;0,549;0,555;1
3556453;"Vargem Grande Paulista";2018;0,44;0,451;0,759;0,721;0,524;0,563;0,574;0,578;1
3556453;"Vargem Grande Paulista";2020;0,427;0,439;0,771;0,722;0,561;0,594;0,586;0,585;0
3556453;"Vargem Grande Paulista";2022;0,434;0,441;0,732;0,697;0,522;0,556;0,563;0,565;1
3556453;"Vargem Grande Paulista";2024;0,443;0,464;0,741;0,716;0,557;0,569;0,58;0,583;1
3556503;"Várzea Paulista";2014;0,367;0,457;0,709;0,698;0,449;0,449;0,508;0,535;1
3556503;"Várzea Paulista";2016;0,349;0,438;0,731;0,717;0,483;0,511;0,521;0,555;1
3556503;"Várzea Paulista";2018;0,364;0,451;0,695;0,721;0,539;0,563;0,533;0,578;1
3556503;"Várzea Paulista";2020;0,362;0,439;0,726;0,722;0,585;0,594;0,558;0,585;1
3556503;"Várzea Paulista";2022;0,38;0,441;0,729;0,697;0,516;0,556;0,542;0,565;1
3556503;"Várzea Paulista";2024;0,37;0,464;0,721;0,716;0,55;0,569;0,547;0,583;1
3556602;"Vera Cruz";2014;0,29;0,457;0,674;0,698;0,456;0,449;0,473;0,535;1
3556602;"Vera Cruz";2016;0,278;0,438;0,581;0,717;0,539;0,511;0,466;0,555;1
3556602;"Vera Cruz";2018;0,302;0,451;0,663;0,721;0,524;0,563;0,496;0,578;1
3556602;"Vera Cruz";2020;0,292;0,439;0,716;0,722;0,616;0,594;0,541;0,585;1
3556602;"Vera Cruz";2022;0,314;0,441;0,736;0,697;0,521;0,556;0,524;0,565;1
3556602;"Vera Cruz";2024;0,335;0,464;0,534;0,716;0,621;0,569;0,497;0,583;1
3556701;"Vinhedo";2014;0,563;0,457;0,786;0,698;0,579;0,449;0,643;0,535;0
3556701;"Vinhedo";2016;0,535;0,438;0,785;0,717;0,634;0,511;0,651;0,555;0
3556701;"Vinhedo";2018;0,558;0,451;0,798;0,721;0,711;0,563;0,689;0,578;0
3556701;"Vinhedo";2020;0,564;0,439;0,814;0,722;0,693;0,594;0,69;0,585;0
3556701;"Vinhedo";2022;0,578;0,441;0,793;0,697;0,662;0,556;0,678;0,565;0
3556701;"Vinhedo";2024;0,554;0,464;0,803;0,716;0,666;0,569;0,674;0,583;0
3556800;"Viradouro";2014;0,322;0,457;0,692;0,698;0,444;0,449;0,486;0,535;1
3556800;"Viradouro";2016;0,302;0,438;0,753;0,717;0,502;0,511;0,519;0,555;1
3556800;"Viradouro";2018;0,327;0,451;0,694;0,721;0,51;0,563;0,51;0,578;1
3556800;"Viradouro";2020;0,327;0,439;0,693;0,722;0,507;0,594;0,509;0,585;1
3556800;"Viradouro";2022;0,328;0,441;0,635;0,697;0,493;0,556;0,485;0,565;1
3556800;"Viradouro";2024;0,364;0,464;0,788;0,716;0,484;0,569;0,545;0,583;1
3556909;"Vista Alegre do Alto";2014;0,416;0,457;0,692;0,698;0,497;0,449;0,535;0,535;0
3556909;"Vista Alegre do Alto";2016;0,442;0,438;0,775;0,717;0,538;0,511;0,585;0,555;0
3556909;"Vista Alegre do Alto";2018;0,443;0,451;0,797;0,721;0,63;0,563;0,623;0,578;0
3556909;"Vista Alegre do Alto";2020;0,442;0,439;0,834;0,722;0,609;0,594;0,628;0,585;0
3556909;"Vista Alegre do Alto";2022;0,419;0,441;0,762;0,697;0,529;0,556;0,57;0,565;0
3556909;"Vista Alegre do Alto";2024;0,527;0,464;0,79;0,716;0,612;0,569;0,643;0,583;0
3556958;"Vitória Brasil";2014;0,248;0,457;0,69;0,698;0,542;0,449;0,493;0,535;1
3556958;"Vitória Brasil";2016;0,251;0,438;0,758;0,717;0,604;0,511;0,538;0,555;1
3556958;"Vitória Brasil";2018;0,289;0,451;0,725;0,721;0,585;0,563;0,533;0,578;1
3556958;"Vitória Brasil";2020;0,303;0,439;0,865;0,722;0,608;0,594;0,592;0,585;0
3556958;"Vitória Brasil";2022;0,282;0,441;0,723;0,697;0,621;0,556;0,542;0,565;1
3556958;"Vitória Brasil";2024;0,32;0,464;0,765;0,716;0,616;0,569;0,567;0,583;1
3557006;"Votorantim";2014;0,424;0,457;0,666;0,698;0,517;0,449;0,536;0,535;0
3557006;"Votorantim";2016;0,394;0,438;0,682;0,717;0,56;0,511;0,545;0,555;1
3557006;"Votorantim";2018;0,385;0,451;0,674;0,721;0,629;0,563;0,563;0,578;1
3557006;"Votorantim";2020;0,373;0,439;0,7;0,722;0,648;0,594;0,574;0,585;1
3557006;"Votorantim";2022;0,375;0,441;0,626;0,697;0,585;0,556;0,529;0,565;1
3557006;"Votorantim";2024;0,366;0,464;0,685;0,716;0,638;0,569;0,563;0,583;1
3557105;"Votuporanga";2014;0,391;0,457;0,76;0,698;0,555;0,449;0,569;0,535;0
3557105;"Votuporanga";2016;0,374;0,438;0,793;0,717;0,622;0,511;0,596;0,555;0
3557105;"Votuporanga";2018;0,396;0,451;0,784;0,721;0,664;0,563;0,615;0,578;0
3557105;"Votuporanga";2020;0,399;0,439;0,799;0,722;0,705;0,594;0,634;0,585;0
3557105;"Votuporanga";2022;0,393;0,441;0,759;0,697;0,63;0,556;0,594;0,565;0
3557105;"Votuporanga";2024;0,444;0,464;0,774;0,716;0,701;0,569;0,64;0,583;0
3557154;"Zacarias";2014;0,329;0,457;0,549;0,698;0,559;0,449;0,479;0,535;1
3557154;"Zacarias";2016;0,304;0,438;0,662;0,717;0,584;0,511;0,517;0,555;1
3557154;"Zacarias";2018;0,366;0,451;0,67;0,721;0,601;0,563;0,546;0,578;1
3557154;"Zacarias";2020;0,379;0,439;0,828;0,722;0,572;0,594;0,593;0,585;0
3557154;"Zacarias";2022;0,367;0,441;0,794;0,697;0,59;0,556;0,584;0,565;0
3557154;"Zacarias";2024;0,322;0,464;0,656;0,716;0,679;0,569;0,552;0,583;1
3557204;"Chavantes";2014;0,332;0,457;0,683;0,698;0,367;0,449;0,461;0,535;1
3557204;"Chavantes";2016;0,315;0,438;0,689;0,717;0,46;0,511;0,488;0,555;1
3557204;"Chavantes";2018;0,325;0,451;0,757;0,721;0,509;0,563;0,53;0,578;1
3557204;"Chavantes";2020;0,326;0,439;0,791;0,722;0,532;0,594;0,55;0,585;1
3557204;"Chavantes";2022;0,324;0,441;0,66;0,697;0,516;0,556;0,5;0,565;1
3557204;"Chavantes";2024;0,376;0,464;0,616;0,716;0,523;0,569;0,505;0,583;1
3557303;"Estiva Gerbi";2014;0,335;0,457;0,661;0,698;0,457;0,449;0,484;0,535;1
3557303;"Estiva Gerbi";2016;0,315;0,438;0,779;0,717;0,533;0,511;0,542;0,555;1
3557303;"Estiva Gerbi";2018;0,354;0,451;0,799;0,721;0,533;0,563;0,562;0,578;1
3557303;"Estiva Gerbi";2020;0,349;0,439;0,771;0,722;0,521;0,594;0,547;0,585;1
3557303;"Estiva Gerbi";2022;0,356;0,441;0,797;0,697;0,44;0,556;0,531;0,565;1
3557303;"Estiva Gerbi";2024;0,371;0,464;0,75;0,716;0,509;0,569;0,543;0,583;1
