"cod_ibge","municipio","valor","ano","tipo","valor_estado","metrica"
3500105,"Adamantina",7.421150278,2014,"Longevidade",11.45,"Taxas de mortalidade infantil (por mil nascidos vivos)"
3500105,"Adamantina",12.85583104,2016,"Longevidade",10.76,"Taxas de mortalidade infantil (por mil nascidos vivos)"
3500105,"Adamantina",10.81081081,2018,"Longevidade",10.78,"Taxas de mortalidade infantil (por mil nascidos vivos)"
3500105,"Adamantina",3.384094755,2020,"Longevidade",10.47,"Taxas de mortalidade infantil (por mil nascidos vivos)"
3500105,"Adamantina",8.802816901,2022,"Longevidade",10.33,"Taxas de mortalidade infantil (por mil nascidos vivos)"
3500105,"Adamantina",8.100810081,2024,"Longevidade",11.16,"Taxas de mortalidade infantil (por mil nascidos vivos)"
3500204,"Adolfo",7.326007326,2014,"Longevidade",11.45,"Taxas de mortalidade infantil (por mil nascidos vivos)"
3500204,"Adolfo",9.615384615,2016,"Longevidade",10.76,"Taxas de mortalidade infantil (por mil nascidos vivos)"
3500204,"Adolfo",12.01201201,2018,"Longevidade",10.78,"Taxas de mortalidade infantil (por mil nascidos vivos)"
3500204,"Adolfo",9.118541033,2020,"Longevidade",10.47,"Taxas de mortalidade infantil (por mil nascidos vivos)"
3500204,"Adolfo",6.134969325,2022,"Longevidade",10.33,"Taxas de mortalidade infantil (por mil nascidos vivos)"
3500204,"Adolfo",5.934718101,2024,"Longevidade",11.16,"Taxas de mortalidade infantil (por mil nascidos vivos)"
3500303,"Aguaí",11.72791243,2014,"Longevidade",11.45,"Taxas de mortalidade infantil (por mil nascidos vivos)"
3500303,"Aguaí",15.73564123,2016,"Longevidade",10.76,"Taxas de mortalidade infantil (por mil nascidos vivos)"
3500303,"Aguaí",14.55938697,2018,"Longevidade",10.78,"Taxas de mortalidade infantil (por mil nascidos vivos)"
3500303,"Aguaí",7.90513834,2020,"Longevidade",10.47,"Taxas de mortalidade infantil (por mil nascidos vivos)"
3500303,"Aguaí",10.3626943,2022,"Longevidade",10.33,"Taxas de mortalidade infantil (por mil nascidos vivos)"
3500303,"Aguaí",9.666080844,2024,"Longevidade",11.16,"Taxas de mortalidade infantil (por mil nascidos vivos)"
3500402,"Águas da Prata",10.54481547,2014,"Longevidade",11.45,"Taxas de mortalidade infantil (por mil nascidos vivos)"
3500402,"Águas da Prata",9.090909091,2016,"Longevidade",10.76,"Taxas de mortalidade infantil (por mil nascidos vivos)"
3500402,"Águas da Prata",8.849557522,2018,"Longevidade",10.78,"Taxas de mortalidade infantil (por mil nascidos vivos)"
3500402,"Águas da Prata",7.736943907,2020,"Longevidade",10.47,"Taxas de mortalidade infantil (por mil nascidos vivos)"
3500402,"Águas da Prata",8.316008316,2022,"Longevidade",10.33,"Taxas de mortalidade infantil (por mil nascidos vivos)"
3500402,"Águas da Prata",8.928571429,2024,"Longevidade",11.16,"Taxas de mortalidade infantil (por mil nascidos vivos)"
3500501,"Águas de Lindóia",5.738880918,2014,"Longevidade",11.45,"Taxas de mortalidade infantil (por mil nascidos vivos)"
3500501,"Águas de Lindóia",6.144393241,2016,"Longevidade",10.76,"Taxas de mortalidade infantil (por mil nascidos vivos)"
3500501,"Águas de Lindóia",7.886435331,2018,"Longevidade",10.78,"Taxas de mortalidade infantil (por mil nascidos vivos)"
3500501,"Águas de Lindóia",4.643962848,2020,"Longevidade",10.47,"Taxas de mortalidade infantil (por mil nascidos vivos)"
3500501,"Águas de Lindóia",3.273322422,2022,"Longevidade",10.33,"Taxas de mortalidade infantil (por mil nascidos vivos)"
3500501,"Águas de Lindóia",3.527336861,2024,"Longevidade",11.16,"Taxas de mortalidade infantil (por mil nascidos vivos)"
3500550,"Águas de Santa Bárbara",13.30798479,2014,"Longevidade",11.45,"Taxas de mortalidade infantil (por mil nascidos vivos)"
3500550,"Águas de Santa Bárbara",12.54480287,2016,"Longevidade",10.76,"Taxas de mortalidade infantil (por mil nascidos vivos)"
3500550,"Águas de Santa Bárbara",15.26717557,2018,"Longevidade",10.78,"Taxas de mortalidade infantil (por mil nascidos vivos)"
3500550,"Águas de Santa Bárbara",14.37371663,2020,"Longevidade",10.47,"Taxas de mortalidade infantil (por mil nascidos vivos)"
3500550,"Águas de Santa Bárbara",10.84598698,2022,"Longevidade",10.33,"Taxas de mortalidade infantil (por mil nascidos vivos)"
3500550,"Águas de Santa Bárbara",6.864988558,2024,"Longevidade",11.16,"Taxas de mortalidade infantil (por mil nascidos vivos)"
3500600,"Águas de São Pedro",5.494505495,2014,"Longevidade",11.45,"Taxas de mortalidade infantil (por mil nascidos vivos)"
3500600,"Águas de São Pedro",10.92896175,2016,"Longevidade",10.76,"Taxas de mortalidade infantil (por mil nascidos vivos)"
3500600,"Águas de São Pedro",10.52631579,2018,"Longevidade",10.78,"Taxas de mortalidade infantil (por mil nascidos vivos)"
3500600,"Águas de São Pedro",15,2020,"Longevidade",10.47,"Taxas de mortalidade infantil (por mil nascidos vivos)"
3500600,"Águas de São Pedro",4.830917874,2022,"Longevidade",10.33,"Taxas de mortalidade infantil (por mil nascidos vivos)"
3500600,"Águas de São Pedro",10.69518717,2024,"Longevidade",11.16,"Taxas de mortalidade infantil (por mil nascidos vivos)"
3500709,"Agudos",12.31367466,2014,"Longevidade",11.45,"Taxas de mortalidade infantil (por mil nascidos vivos)"
3500709,"Agudos",13.71652515,2016,"Longevidade",10.76,"Taxas de mortalidade infantil (por mil nascidos vivos)"
3500709,"Agudos",15.12287335,2018,"Longevidade",10.78,"Taxas de mortalidade infantil (por mil nascidos vivos)"
3500709,"Agudos",16.23376623,2020,"Longevidade",10.47,"Taxas de mortalidade infantil (por mil nascidos vivos)"
3500709,"Agudos",14.49275362,2022,"Longevidade",10.33,"Taxas de mortalidade infantil (por mil nascidos vivos)"
3500709,"Agudos",7.168458781,2024,"Longevidade",11.16,"Taxas de mortalidade infantil (por mil nascidos vivos)"
3500758,"Alambari",13.10043668,2014,"Longevidade",11.45,"Taxas de mortalidade infantil (por mil nascidos vivos)"
3500758,"Alambari",16.59751037,2016,"Longevidade",10.76,"Taxas de mortalidade infantil (por mil nascidos vivos)"
3500758,"Alambari",18.82845188,2018,"Longevidade",10.78,"Taxas de mortalidade infantil (por mil nascidos vivos)"
3500758,"Alambari",13.91650099,2020,"Longevidade",10.47,"Taxas de mortalidade infantil (por mil nascidos vivos)"
3500758,"Alambari",11.76470588,2022,"Longevidade",10.33,"Taxas de mortalidade infantil (por mil nascidos vivos)"
3500758,"Alambari",10.14198783,2024,"Longevidade",11.16,"Taxas de mortalidade infantil (por mil nascidos vivos)"
3500808,"Alfredo Marcondes",10.45296167,2014,"Longevidade",11.45,"Taxas de mortalidade infantil (por mil nascidos vivos)"
3500808,"Alfredo Marcondes",24.61538462,2016,"Longevidade",10.76,"Taxas de mortalidade infantil (por mil nascidos vivos)"
3500808,"Alfredo Marcondes",24.31610942,2018,"Longevidade",10.78,"Taxas de mortalidade infantil (por mil nascidos vivos)"
3500808,"Alfredo Marcondes",27.77777778,2020,"Longevidade",10.47,"Taxas de mortalidade infantil (por mil nascidos vivos)"
3500808,"Alfredo Marcondes",21.40672783,2022,"Longevidade",10.33,"Taxas de mortalidade infantil (por mil nascidos vivos)"
3500808,"Alfredo Marcondes",18.63354037,2024,"Longevidade",11.16,"Taxas de mortalidade infantil (por mil nascidos vivos)"
3500907,"Altair",8.902077151,2014,"Longevidade",11.45,"Taxas de mortalidade infantil (por mil nascidos vivos)"
3500907,"Altair",12.34567901,2016,"Longevidade",10.76,"Taxas de mortalidade infantil (por mil nascidos vivos)"
3500907,"Altair",12.46105919,2018,"Longevidade",10.78,"Taxas de mortalidade infantil (por mil nascidos vivos)"
3500907,"Altair",13.07189542,2020,"Longevidade",10.47,"Taxas de mortalidade infantil (por mil nascidos vivos)"
3500907,"Altair",10.45296167,2022,"Longevidade",10.33,"Taxas de mortalidade infantil (por mil nascidos vivos)"
3500907,"Altair",8.26446281,2024,"Longevidade",11.16,"Taxas de mortalidade infantil (por mil nascidos vivos)"
3501004,"Altinópolis",5.565862709,2014,"Longevidade",11.45,"Taxas de mortalidade infantil (por mil nascidos vivos)"
3501004,"Altinópolis",14.70588235,2016,"Longevidade",10.76,"Taxas de mortalidade infantil (por mil nascidos vivos)"
3501004,"Altinópolis",16.69758813,2018,"Longevidade",10.78,"Taxas de mortalidade infantil (por mil nascidos vivos)"
3501004,"Altinópolis",13.13320826,2020,"Longevidade",10.47,"Taxas de mortalidade infantil (por mil nascidos vivos)"
3501004,"Altinópolis",11.67315175,2022,"Longevidade",10.33,"Taxas de mortalidade infantil (por mil nascidos vivos)"
3501004,"Altinópolis",6.211180124,2024,"Longevidade",11.16,"Taxas de mortalidade infantil (por mil nascidos vivos)"
3501103,"Alto Alegre",9.433962264,2014,"Longevidade",11.45,"Taxas de mortalidade infantil (por mil nascidos vivos)"
3501103,"Alto Alegre",6.756756757,2016,"Longevidade",10.76,"Taxas de mortalidade infantil (por mil nascidos vivos)"
3501103,"Alto Alegre",13.98601399,2018,"Longevidade",10.78,"Taxas de mortalidade infantil (por mil nascidos vivos)"
3501103,"Alto Alegre",18.79699248,2020,"Longevidade",10.47,"Taxas de mortalidade infantil (por mil nascidos vivos)"
3501103,"Alto Alegre",28.34008097,2022,"Longevidade",10.33,"Taxas de mortalidade infantil (por mil nascidos vivos)"
3501103,"Alto Alegre",28.34008097,2024,"Longevidade",11.16,"Taxas de mortalidade infantil (por mil nascidos vivos)"
3501152,"Alumínio",16.15074024,2014,"Longevidade",11.45,"Taxas de mortalidade infantil (por mil nascidos vivos)"
3501152,"Alumínio",16.10738255,2016,"Longevidade",10.76,"Taxas de mortalidade infantil (por mil nascidos vivos)"
3501152,"Alumínio",16.68984701,2018,"Longevidade",10.78,"Taxas de mortalidade infantil (por mil nascidos vivos)"
3501152,"Alumínio",15.52795031,2020,"Longevidade",10.47,"Taxas de mortalidade infantil (por mil nascidos vivos)"
3501152,"Alumínio",13.26699834,2022,"Longevidade",10.33,"Taxas de mortalidade infantil (por mil nascidos vivos)"
3501152,"Alumínio",11.42857143,2024,"Longevidade",11.16,"Taxas de mortalidade infantil (por mil nascidos vivos)"
3501202,"Álvares Florence",20.74688797,2014,"Longevidade",11.45,"Taxas de mortalidade infantil (por mil nascidos vivos)"
3501202,"Álvares Florence",4.048582996,2016,"Longevidade",10.76,"Taxas de mortalidade infantil (por mil nascidos vivos)"
3501202,"Álvares Florence",4.237288136,2018,"Longevidade",10.78,"Taxas de mortalidade infantil (por mil nascidos vivos)"
3501202,"Álvares Florence",4.347826087,2020,"Longevidade",10.47,"Taxas de mortalidade infantil (por mil nascidos vivos)"
3501301,"Álvares Machado",4.87804878,2014,"Longevidade",11.45,"Taxas de mortalidade infantil (por mil nascidos vivos)"
3501301,"Álvares Machado",10.05025126,2016,"Longevidade",10.76,"Taxas de mortalidade infantil (por mil nascidos vivos)"
3501301,"Álvares Machado",10.35196687,2018,"Longevidade",10.78,"Taxas de mortalidade infantil (por mil nascidos vivos)"
3501301,"Álvares Machado",4.166666667,2020,"Longevidade",10.47,"Taxas de mortalidade infantil (por mil nascidos vivos)"
3501301,"Álvares Machado",8.298755187,2022,"Longevidade",10.33,"Taxas de mortalidade infantil (por mil nascidos vivos)"
3501301,"Álvares Machado",10.08064516,2024,"Longevidade",11.16,"Taxas de mortalidade infantil (por mil nascidos vivos)"
3501400,"Álvaro de Carvalho",13.6239782,2014,"Longevidade",11.45,"Taxas de mortalidade infantil (por mil nascidos vivos)"
3501400,"Álvaro de Carvalho",15.33742331,2016,"Longevidade",10.76,"Taxas de mortalidade infantil (por mil nascidos vivos)"
3501400,"Álvaro de Carvalho",9.554140127,2018,"Longevidade",10.78,"Taxas de mortalidade infantil (por mil nascidos vivos)"
3501400,"Álvaro de Carvalho",3.267973856,2020,"Longevidade",10.47,"Taxas de mortalidade infantil (por mil nascidos vivos)"
3501400,"Álvaro de Carvalho",7.462686567,2024,"Longevidade",11.16,"Taxas de mortalidade infantil (por mil nascidos vivos)"
3501509,"Alvinlândia",15.625,2014,"Longevidade",11.45,"Taxas de mortalidade infantil (por mil nascidos vivos)"
3501509,"Alvinlândia",13.51351351,2016,"Longevidade",10.76,"Taxas de mortalidade infantil (por mil nascidos vivos)"
3501509,"Alvinlândia",13.07189542,2018,"Longevidade",10.78,"Taxas de mortalidade infantil (por mil nascidos vivos)"
3501509,"Alvinlândia",10,2020,"Longevidade",10.47,"Taxas de mortalidade infantil (por mil nascidos vivos)"
3501509,"Alvinlândia",14.54545455,2022,"Longevidade",10.33,"Taxas de mortalidade infantil (por mil nascidos vivos)"
3501509,"Alvinlândia",19.08396947,2024,"Longevidade",11.16,"Taxas de mortalidade infantil (por mil nascidos vivos)"
3501608,"Americana",10.63172209,2014,"Longevidade",11.45,"Taxas de mortalidade infantil (por mil nascidos vivos)"
3501608,"Americana",8.589568032,2016,"Longevidade",10.76,"Taxas de mortalidade infantil (por mil nascidos vivos)"
3501608,"Americana",8.629441624,2018,"Longevidade",10.78,"Taxas de mortalidade infantil (por mil nascidos vivos)"
3501608,"Americana",8.20618028,2020,"Longevidade",10.47,"Taxas de mortalidade infantil (por mil nascidos vivos)"
3501608,"Americana",8.794833036,2022,"Longevidade",10.33,"Taxas de mortalidade infantil (por mil nascidos vivos)"
3501608,"Americana",9.037440826,2024,"Longevidade",11.16,"Taxas de mortalidade infantil (por mil nascidos vivos)"
3501707,"Américo Brasiliense",9.615384615,2014,"Longevidade",11.45,"Taxas de mortalidade infantil (por mil nascidos vivos)"
3501707,"Américo Brasiliense",10.63829787,2016,"Longevidade",10.76,"Taxas de mortalidade infantil (por mil nascidos vivos)"
3501707,"Américo Brasiliense",12.00564972,2018,"Longevidade",10.78,"Taxas de mortalidade infantil (por mil nascidos vivos)"
3501707,"Américo Brasiliense",15.03759398,2020,"Longevidade",10.47,"Taxas de mortalidade infantil (por mil nascidos vivos)"
3501707,"Américo Brasiliense",12.62626263,2022,"Longevidade",10.33,"Taxas de mortalidade infantil (por mil nascidos vivos)"
3501707,"Américo Brasiliense",15.02347418,2024,"Longevidade",11.16,"Taxas de mortalidade infantil (por mil nascidos vivos)"
3501806,"Américo de Campos",9.367681499,2014,"Longevidade",11.45,"Taxas de mortalidade infantil (por mil nascidos vivos)"
3501806,"Américo de Campos",2.487562189,2016,"Longevidade",10.76,"Taxas de mortalidade infantil (por mil nascidos vivos)"
3501806,"Américo de Campos",7.425742574,2018,"Longevidade",10.78,"Taxas de mortalidade infantil (por mil nascidos vivos)"
3501806,"Américo de Campos",7.462686567,2020,"Longevidade",10.47,"Taxas de mortalidade infantil (por mil nascidos vivos)"
3501806,"Américo de Campos",8.086253369,2022,"Longevidade",10.33,"Taxas de mortalidade infantil (por mil nascidos vivos)"
3501806,"Américo de Campos",7.407407407,2024,"Longevidade",11.16,"Taxas de mortalidade infantil (por mil nascidos vivos)"
3501905,"Amparo",7.228915663,2014,"Longevidade",11.45,"Taxas de mortalidade infantil (por mil nascidos vivos)"
3501905,"Amparo",4.71883602,2016,"Longevidade",10.76,"Taxas de mortalidade infantil (por mil nascidos vivos)"
3501905,"Amparo",5.631536605,2018,"Longevidade",10.78,"Taxas de mortalidade infantil (por mil nascidos vivos)"
3501905,"Amparo",8.298755187,2020,"Longevidade",10.47,"Taxas de mortalidade infantil (por mil nascidos vivos)"
3501905,"Amparo",8.467023173,2022,"Longevidade",10.33,"Taxas de mortalidade infantil (por mil nascidos vivos)"
3501905,"Amparo",9.671179884,2024,"Longevidade",11.16,"Taxas de mortalidade infantil (por mil nascidos vivos)"
3502002,"Analândia",15.10574018,2014,"Longevidade",11.45,"Taxas de mortalidade infantil (por mil nascidos vivos)"
3502002,"Analândia",11.73020528,2016,"Longevidade",10.76,"Taxas de mortalidade infantil (por mil nascidos vivos)"
3502002,"Analândia",14.83679525,2018,"Longevidade",10.78,"Taxas de mortalidade infantil (por mil nascidos vivos)"
3502002,"Analândia",14.70588235,2020,"Longevidade",10.47,"Taxas de mortalidade infantil (por mil nascidos vivos)"
3502002,"Analândia",12.42236025,2022,"Longevidade",10.33,"Taxas de mortalidade infantil (por mil nascidos vivos)"
3502002,"Analândia",16.39344262,2024,"Longevidade",11.16,"Taxas de mortalidade infantil (por mil nascidos vivos)"
3502101,"Andradina",7.400555042,2014,"Longevidade",11.45,"Taxas de mortalidade infantil (por mil nascidos vivos)"
3502101,"Andradina",12.43424199,2016,"Longevidade",10.76,"Taxas de mortalidade infantil (por mil nascidos vivos)"
3502101,"Andradina",13.50048216,2018,"Longevidade",10.78,"Taxas de mortalidade infantil (por mil nascidos vivos)"
3502101,"Andradina",8.950770761,2020,"Longevidade",10.47,"Taxas de mortalidade infantil (por mil nascidos vivos)"
3502101,"Andradina",9.15455035,2022,"Longevidade",10.33,"Taxas de mortalidade infantil (por mil nascidos vivos)"
3502101,"Andradina",13.81381381,2024,"Longevidade",11.16,"Taxas de mortalidade infantil (por mil nascidos vivos)"
3502200,"Angatuba",10.68376068,2014,"Longevidade",11.45,"Taxas de mortalidade infantil (por mil nascidos vivos)"
3502200,"Angatuba",6.937561943,2016,"Longevidade",10.76,"Taxas de mortalidade infantil (por mil nascidos vivos)"
3502200,"Angatuba",7.944389275,2018,"Longevidade",10.78,"Taxas de mortalidade infantil (por mil nascidos vivos)"
3502200,"Angatuba",16.58031088,2020,"Longevidade",10.47,"Taxas de mortalidade infantil (por mil nascidos vivos)"
3502200,"Angatuba",13.15789474,2022,"Longevidade",10.33,"Taxas de mortalidade infantil (por mil nascidos vivos)"
3502200,"Angatuba",11.95652174,2024,"Longevidade",11.16,"Taxas de mortalidade infantil (por mil nascidos vivos)"
3502309,"Anhembi",3.50262697,2014,"Longevidade",11.45,"Taxas de mortalidade infantil (por mil nascidos vivos)"
3502309,"Anhembi",5.263157895,2016,"Longevidade",10.76,"Taxas de mortalidade infantil (por mil nascidos vivos)"
3502309,"Anhembi",5.244755245,2018,"Longevidade",10.78,"Taxas de mortalidade infantil (por mil nascidos vivos)"
3502309,"Anhembi",5.395683453,2020,"Longevidade",10.47,"Taxas de mortalidade infantil (por mil nascidos vivos)"
3502309,"Anhembi",9.328358209,2022,"Longevidade",10.33,"Taxas de mortalidade infantil (por mil nascidos vivos)"
3502309,"Anhembi",19.08396947,2024,"Longevidade",11.16,"Taxas de mortalidade infantil (por mil nascidos vivos)"
3502408,"Anhumas",9.375,2014,"Longevidade",11.45,"Taxas de mortalidade infantil (por mil nascidos vivos)"
3502408,"Anhumas",8.2191780820000009,2016,"Longevidade",10.76,"Taxas de mortalidade infantil (por mil nascidos vivos)"
3502408,"Anhumas",10.58201058,2018,"Longevidade",10.78,"Taxas de mortalidade infantil (por mil nascidos vivos)"
3502408,"Anhumas",10.63829787,2020,"Longevidade",10.47,"Taxas de mortalidade infantil (por mil nascidos vivos)"
3502408,"Anhumas",16.08579088,2022,"Longevidade",10.33,"Taxas de mortalidade infantil (por mil nascidos vivos)"
3502408,"Anhumas",14.08450704,2024,"Longevidade",11.16,"Taxas de mortalidade infantil (por mil nascidos vivos)"
3502507,"Aparecida",19.59503592,2014,"Longevidade",11.45,"Taxas de mortalidade infantil (por mil nascidos vivos)"
3502507,"Aparecida",10.73825503,2016,"Longevidade",10.76,"Taxas de mortalidade infantil (por mil nascidos vivos)"
3502507,"Aparecida",7.612456747,2018,"Longevidade",10.78,"Taxas de mortalidade infantil (por mil nascidos vivos)"
3502507,"Aparecida",8.025682183,2020,"Longevidade",10.47,"Taxas de mortalidade infantil (por mil nascidos vivos)"
3502507,"Aparecida",10.27077498,2022,"Longevidade",10.33,"Taxas de mortalidade infantil (por mil nascidos vivos)"
3502507,"Aparecida",18.29268293,2024,"Longevidade",11.16,"Taxas de mortalidade infantil (por mil nascidos vivos)"
3502606,"Aparecida d'Oeste",13.55932203,2014,"Longevidade",11.45,"Taxas de mortalidade infantil (por mil nascidos vivos)"
3502606,"Aparecida d'Oeste",3.311258278,2016,"Longevidade",10.76,"Taxas de mortalidade infantil (por mil nascidos vivos)"
3502606,"Aparecida d'Oeste",3.236245955,2018,"Longevidade",10.78,"Taxas de mortalidade infantil (por mil nascidos vivos)"
3502606,"Aparecida d'Oeste",3.436426117,2020,"Longevidade",10.47,"Taxas de mortalidade infantil (por mil nascidos vivos)"
3502606,"Aparecida d'Oeste",7.067137809,2022,"Longevidade",10.33,"Taxas de mortalidade infantil (por mil nascidos vivos)"
3502606,"Aparecida d'Oeste",7.352941176,2024,"Longevidade",11.16,"Taxas de mortalidade infantil (por mil nascidos vivos)"
3502705,"Apiaí",7.366482505,2014,"Longevidade",11.45,"Taxas de mortalidade infantil (por mil nascidos vivos)"
3502705,"Apiaí",16.19047619,2016,"Longevidade",10.76,"Taxas de mortalidade infantil (por mil nascidos vivos)"
3502705,"Apiaí",19.37984496,2018,"Longevidade",10.78,"Taxas de mortalidade infantil (por mil nascidos vivos)"
3502705,"Apiaí",5.785920926,2020,"Longevidade",10.47,"Taxas de mortalidade infantil (por mil nascidos vivos)"
3502705,"Apiaí",8.611410118,2022,"Longevidade",10.33,"Taxas de mortalidade infantil (por mil nascidos vivos)"
3502705,"Apiaí",6.841505131,2024,"Longevidade",11.16,"Taxas de mortalidade infantil (por mil nascidos vivos)"
3502754,"Araçariguama",14.92537313,2014,"Longevidade",11.45,"Taxas de mortalidade infantil (por mil nascidos vivos)"
3502754,"Araçariguama",12.60504202,2016,"Longevidade",10.76,"Taxas de mortalidade infantil (por mil nascidos vivos)"
3502754,"Araçariguama",10.79489696,2018,"Longevidade",10.78,"Taxas de mortalidade infantil (por mil nascidos vivos)"
3502754,"Araçariguama",12.63537906,2020,"Longevidade",10.47,"Taxas de mortalidade infantil (por mil nascidos vivos)"
3502754,"Araçariguama",11.69590643,2022,"Longevidade",10.33,"Taxas de mortalidade infantil (por mil nascidos vivos)"
3502754,"Araçariguama",13.7254902,2024,"Longevidade",11.16,"Taxas de mortalidade infantil (por mil nascidos vivos)"
3502804,"Araçatuba",8.580672387,2014,"Longevidade",11.45,"Taxas de mortalidade infantil (por mil nascidos vivos)"
3502804,"Araçatuba",12.03133744,2016,"Longevidade",10.76,"Taxas de mortalidade infantil (por mil nascidos vivos)"
3502804,"Araçatuba",13.31633376,2018,"Longevidade",10.78,"Taxas de mortalidade infantil (por mil nascidos vivos)"
3502804,"Araçatuba",12.92175162,2020,"Longevidade",10.47,"Taxas de mortalidade infantil (por mil nascidos vivos)"
3502804,"Araçatuba",11.11287506,2022,"Longevidade",10.33,"Taxas de mortalidade infantil (por mil nascidos vivos)"
3502804,"Araçatuba",12.82483969,2024,"Longevidade",11.16,"Taxas de mortalidade infantil (por mil nascidos vivos)"
3502903,"Araçoiaba da Serra",11.72529313,2014,"Longevidade",11.45,"Taxas de mortalidade infantil (por mil nascidos vivos)"
3502903,"Araçoiaba da Serra",9.565857248,2016,"Longevidade",10.76,"Taxas de mortalidade infantil (por mil nascidos vivos)"
3502903,"Araçoiaba da Serra",8.757961783,2018,"Longevidade",10.78,"Taxas de mortalidade infantil (por mil nascidos vivos)"
3502903,"Araçoiaba da Serra",9.927797834,2020,"Longevidade",10.47,"Taxas de mortalidade infantil (por mil nascidos vivos)"
3502903,"Araçoiaba da Serra",1.771479185,2022,"Longevidade",10.33,"Taxas de mortalidade infantil (por mil nascidos vivos)"
3502903,"Araçoiaba da Serra",9.691629956,2024,"Longevidade",11.16,"Taxas de mortalidade infantil (por mil nascidos vivos)"
3503000,"Aramina",6.550218341,2014,"Longevidade",11.45,"Taxas de mortalidade infantil (por mil nascidos vivos)"
3503000,"Aramina",4.237288136,2016,"Longevidade",10.76,"Taxas de mortalidade infantil (por mil nascidos vivos)"
3503000,"Aramina",4.273504274,2018,"Longevidade",10.78,"Taxas de mortalidade infantil (por mil nascidos vivos)"
3503000,"Aramina",6.329113924,2020,"Longevidade",10.47,"Taxas de mortalidade infantil (por mil nascidos vivos)"
3503000,"Aramina",11.13585746,2022,"Longevidade",10.33,"Taxas de mortalidade infantil (por mil nascidos vivos)"
3503000,"Aramina",11.52073733,2024,"Longevidade",11.16,"Taxas de mortalidade infantil (por mil nascidos vivos)"
3503109,"Arandu",18.62197393,2014,"Longevidade",11.45,"Taxas de mortalidade infantil (por mil nascidos vivos)"
3503109,"Arandu",16.18705036,2016,"Longevidade",10.76,"Taxas de mortalidade infantil (por mil nascidos vivos)"
3503109,"Arandu",15.8172232,2018,"Longevidade",10.78,"Taxas de mortalidade infantil (por mil nascidos vivos)"
3503109,"Arandu",16.36661211,2020,"Longevidade",10.47,"Taxas de mortalidade infantil (por mil nascidos vivos)"
3503109,"Arandu",14.46945338,2022,"Longevidade",10.33,"Taxas de mortalidade infantil (por mil nascidos vivos)"
3503109,"Arandu",14.37699681,2024,"Longevidade",11.16,"Taxas de mortalidade infantil (por mil nascidos vivos)"
3503158,"Arapeí",6.802721088,2016,"Longevidade",10.76,"Taxas de mortalidade infantil (por mil nascidos vivos)"
3503158,"Arapeí",14.49275362,2018,"Longevidade",10.78,"Taxas de mortalidade infantil (por mil nascidos vivos)"
3503158,"Arapeí",17.39130435,2020,"Longevidade",10.47,"Taxas de mortalidade infantil (por mil nascidos vivos)"
3503158,"Arapeí",7.936507937,2022,"Longevidade",10.33,"Taxas de mortalidade infantil (por mil nascidos vivos)"
3503158,"Arapeí",6.993006993,2024,"Longevidade",11.16,"Taxas de mortalidade infantil (por mil nascidos vivos)"
3503208,"Araraquara",11.66250149,2014,"Longevidade",11.45,"Taxas de mortalidade infantil (por mil nascidos vivos)"
3503208,"Araraquara",9.672092475,2016,"Longevidade",10.76,"Taxas de mortalidade infantil (por mil nascidos vivos)"
3503208,"Araraquara",10.32412965,2018,"Longevidade",10.78,"Taxas de mortalidade infantil (por mil nascidos vivos)"
3503208,"Araraquara",9.513080486,2020,"Longevidade",10.47,"Taxas de mortalidade infantil (por mil nascidos vivos)"
3503208,"Araraquara",7.741766172,2022,"Longevidade",10.33,"Taxas de mortalidade infantil (por mil nascidos vivos)"
3503208,"Araraquara",9.834722033,2024,"Longevidade",11.16,"Taxas de mortalidade infantil (por mil nascidos vivos)"
3503307,"Araras",7.695596409,2014,"Longevidade",11.45,"Taxas de mortalidade infantil (por mil nascidos vivos)"
3503307,"Araras",10.93135111,2016,"Longevidade",10.76,"Taxas de mortalidade infantil (por mil nascidos vivos)"
3503307,"Araras",12.32937032,2018,"Longevidade",10.78,"Taxas de mortalidade infantil (por mil nascidos vivos)"
3503307,"Araras",10.89799477,2020,"Longevidade",10.47,"Taxas de mortalidade infantil (por mil nascidos vivos)"
3503307,"Araras",9.078212291,2022,"Longevidade",10.33,"Taxas de mortalidade infantil (por mil nascidos vivos)"
3503307,"Araras",11.82389937,2024,"Longevidade",11.16,"Taxas de mortalidade infantil (por mil nascidos vivos)"
3503356,"Arco-Íris",6.172839506,2016,"Longevidade",10.76,"Taxas de mortalidade infantil (por mil nascidos vivos)"
3503356,"Arco-Íris",12.04819277,2018,"Longevidade",10.78,"Taxas de mortalidade infantil (por mil nascidos vivos)"
3503356,"Arco-Íris",12.90322581,2020,"Longevidade",10.47,"Taxas de mortalidade infantil (por mil nascidos vivos)"
3503356,"Arco-Íris",7.407407407,2022,"Longevidade",10.33,"Taxas de mortalidade infantil (por mil nascidos vivos)"
3503356,"Arco-Íris",7.352941176,2024,"Longevidade",11.16,"Taxas de mortalidade infantil (por mil nascidos vivos)"
3503406,"Arealva",8.944543828,2014,"Longevidade",11.45,"Taxas de mortalidade infantil (por mil nascidos vivos)"
3503406,"Arealva",13.23251418,2016,"Longevidade",10.76,"Taxas de mortalidade infantil (por mil nascidos vivos)"
3503406,"Arealva",11.56069364,2018,"Longevidade",10.78,"Taxas de mortalidade infantil (por mil nascidos vivos)"
3503406,"Arealva",14.05975395,2020,"Longevidade",10.47,"Taxas de mortalidade infantil (por mil nascidos vivos)"
3503406,"Arealva",10.32702238,2022,"Longevidade",10.33,"Taxas de mortalidade infantil (por mil nascidos vivos)"
3503406,"Arealva",10.2739726,2024,"Longevidade",11.16,"Taxas de mortalidade infantil (por mil nascidos vivos)"
3503505,"Areias",11.9760479,2014,"Longevidade",11.45,"Taxas de mortalidade infantil (por mil nascidos vivos)"
3503505,"Areias",9.174311927,2016,"Longevidade",10.76,"Taxas de mortalidade infantil (por mil nascidos vivos)"
3503505,"Areias",6.097560976,2018,"Longevidade",10.78,"Taxas de mortalidade infantil (por mil nascidos vivos)"
3503505,"Areias",6.369426752,2020,"Longevidade",10.47,"Taxas de mortalidade infantil (por mil nascidos vivos)"
3503505,"Areias",9.345794393,2022,"Longevidade",10.33,"Taxas de mortalidade infantil (por mil nascidos vivos)"
3503505,"Areias",9.259259259,2024,"Longevidade",11.16,"Taxas de mortalidade infantil (por mil nascidos vivos)"
3503604,"Areiópolis",6.976744186,2014,"Longevidade",11.45,"Taxas de mortalidade infantil (por mil nascidos vivos)"
3503604,"Areiópolis",18.43317972,2016,"Longevidade",10.76,"Taxas de mortalidade infantil (por mil nascidos vivos)"
3503604,"Areiópolis",16.2037037,2018,"Longevidade",10.78,"Taxas de mortalidade infantil (por mil nascidos vivos)"
3503604,"Areiópolis",12.16545012,2020,"Longevidade",10.47,"Taxas de mortalidade infantil (por mil nascidos vivos)"
3503604,"Areiópolis",8.064516129,2022,"Longevidade",10.33,"Taxas de mortalidade infantil (por mil nascidos vivos)"
3503604,"Areiópolis",16.75977654,2024,"Longevidade",11.16,"Taxas de mortalidade infantil (por mil nascidos vivos)"
3503703,"Ariranha",6.596306069,2014,"Longevidade",11.45,"Taxas de mortalidade infantil (por mil nascidos vivos)"
3503703,"Ariranha",13.25478645,2016,"Longevidade",10.76,"Taxas de mortalidade infantil (por mil nascidos vivos)"
3503703,"Ariranha",12.21374046,2018,"Longevidade",10.78,"Taxas de mortalidade infantil (por mil nascidos vivos)"
3503703,"Ariranha",12.17391304,2020,"Longevidade",10.47,"Taxas de mortalidade infantil (por mil nascidos vivos)"
3503703,"Ariranha",7.31261426,2022,"Longevidade",10.33,"Taxas de mortalidade infantil (por mil nascidos vivos)"
3503703,"Ariranha",5.870841487,2024,"Longevidade",11.16,"Taxas de mortalidade infantil (por mil nascidos vivos)"
3503802,"Artur Nogueira",8.412197687,2014,"Longevidade",11.45,"Taxas de mortalidade infantil (por mil nascidos vivos)"
3503802,"Artur Nogueira",9.533366784,2016,"Longevidade",10.76,"Taxas de mortalidade infantil (por mil nascidos vivos)"
3503802,"Artur Nogueira",6.360078278,2018,"Longevidade",10.78,"Taxas de mortalidade infantil (por mil nascidos vivos)"
3503802,"Artur Nogueira",8.398950131,2020,"Longevidade",10.47,"Taxas de mortalidade infantil (por mil nascidos vivos)"
3503802,"Artur Nogueira",4.764425622,2022,"Longevidade",10.33,"Taxas de mortalidade infantil (por mil nascidos vivos)"
3503802,"Artur Nogueira",3.291278113,2024,"Longevidade",11.16,"Taxas de mortalidade infantil (por mil nascidos vivos)"
3503901,"Arujá",14.39757515,2014,"Longevidade",11.45,"Taxas de mortalidade infantil (por mil nascidos vivos)"
3503901,"Arujá",12.61682243,2016,"Longevidade",10.76,"Taxas de mortalidade infantil (por mil nascidos vivos)"
3503901,"Arujá",15.29636711,2018,"Longevidade",10.78,"Taxas de mortalidade infantil (por mil nascidos vivos)"
3503901,"Arujá",13.25804076,2020,"Longevidade",10.47,"Taxas de mortalidade infantil (por mil nascidos vivos)"
3503901,"Arujá",10.62215478,2022,"Longevidade",10.33,"Taxas de mortalidade infantil (por mil nascidos vivos)"
3503901,"Arujá",10.82937137,2024,"Longevidade",11.16,"Taxas de mortalidade infantil (por mil nascidos vivos)"
3504008,"Assis",10.84892867,2014,"Longevidade",11.45,"Taxas de mortalidade infantil (por mil nascidos vivos)"
3504008,"Assis",8.632317238,2016,"Longevidade",10.76,"Taxas de mortalidade infantil (por mil nascidos vivos)"
3504008,"Assis",10.413812,2018,"Longevidade",10.78,"Taxas de mortalidade infantil (por mil nascidos vivos)"
3504008,"Assis",10.77147016,2020,"Longevidade",10.47,"Taxas de mortalidade infantil (por mil nascidos vivos)"
3504008,"Assis",9.561490274,2022,"Longevidade",10.33,"Taxas de mortalidade infantil (por mil nascidos vivos)"
3504008,"Assis",13.38825953,2024,"Longevidade",11.16,"Taxas de mortalidade infantil (por mil nascidos vivos)"
3504107,"Atibaia",10.15143951,2014,"Longevidade",11.45,"Taxas de mortalidade infantil (por mil nascidos vivos)"
3504107,"Atibaia",11.63354338,2016,"Longevidade",10.76,"Taxas de mortalidade infantil (por mil nascidos vivos)"
3504107,"Atibaia",7.703418392,2018,"Longevidade",10.78,"Taxas de mortalidade infantil (por mil nascidos vivos)"
3504107,"Atibaia",6.610770719,2020,"Longevidade",10.47,"Taxas de mortalidade infantil (por mil nascidos vivos)"
3504107,"Atibaia",7.692307692,2022,"Longevidade",10.33,"Taxas de mortalidade infantil (por mil nascidos vivos)"
3504107,"Atibaia",9.508990318,2024,"Longevidade",11.16,"Taxas de mortalidade infantil (por mil nascidos vivos)"
3504206,"Auriflama",3.976143141,2014,"Longevidade",11.45,"Taxas de mortalidade infantil (por mil nascidos vivos)"
3504206,"Auriflama",6.172839506,2016,"Longevidade",10.76,"Taxas de mortalidade infantil (por mil nascidos vivos)"
3504206,"Auriflama",4.385964912,2018,"Longevidade",10.78,"Taxas de mortalidade infantil (por mil nascidos vivos)"
3504206,"Auriflama",2.232142857,2020,"Longevidade",10.47,"Taxas de mortalidade infantil (por mil nascidos vivos)"
3504206,"Auriflama",9.367681499,2022,"Longevidade",10.33,"Taxas de mortalidade infantil (por mil nascidos vivos)"
3504206,"Auriflama",19.04761905,2024,"Longevidade",11.16,"Taxas de mortalidade infantil (por mil nascidos vivos)"
3504305,"Avaí",8.1799591,2014,"Longevidade",11.45,"Taxas de mortalidade infantil (por mil nascidos vivos)"
3504305,"Avaí",2.028397566,2016,"Longevidade",10.76,"Taxas de mortalidade infantil (por mil nascidos vivos)"
3504305,"Avaí",2.05338809,2018,"Longevidade",10.78,"Taxas de mortalidade infantil (por mil nascidos vivos)"
3504305,"Avaí",4.338394794,2020,"Longevidade",10.47,"Taxas de mortalidade infantil (por mil nascidos vivos)"
3504305,"Avaí",8.830022075,2022,"Longevidade",10.33,"Taxas de mortalidade infantil (por mil nascidos vivos)"
3504305,"Avaí",13.04347826,2024,"Longevidade",11.16,"Taxas de mortalidade infantil (por mil nascidos vivos)"
3504404,"Avanhandava",13.66742597,2014,"Longevidade",11.45,"Taxas de mortalidade infantil (por mil nascidos vivos)"
3504404,"Avanhandava",8.602150538,2016,"Longevidade",10.76,"Taxas de mortalidade infantil (por mil nascidos vivos)"
3504404,"Avanhandava",8.71459695,2018,"Longevidade",10.78,"Taxas de mortalidade infantil (por mil nascidos vivos)"
3504404,"Avanhandava",14.85148515,2020,"Longevidade",10.47,"Taxas de mortalidade infantil (por mil nascidos vivos)"
3504404,"Avanhandava",10.75268817,2022,"Longevidade",10.33,"Taxas de mortalidade infantil (por mil nascidos vivos)"
3504404,"Avanhandava",8.174386921,2024,"Longevidade",11.16,"Taxas de mortalidade infantil (por mil nascidos vivos)"
3504503,"Avaré",12.1116377,2014,"Longevidade",11.45,"Taxas de mortalidade infantil (por mil nascidos vivos)"
3504503,"Avaré",10.63002333,2016,"Longevidade",10.76,"Taxas de mortalidade infantil (por mil nascidos vivos)"
3504503,"Avaré",11.11973106,2018,"Longevidade",10.78,"Taxas de mortalidade infantil (por mil nascidos vivos)"
3504503,"Avaré",10.81958345,2020,"Longevidade",10.47,"Taxas de mortalidade infantil (por mil nascidos vivos)"
3504503,"Avaré",12.7558588,2022,"Longevidade",10.33,"Taxas de mortalidade infantil (por mil nascidos vivos)"
3504503,"Avaré",13.02325581,2024,"Longevidade",11.16,"Taxas de mortalidade infantil (por mil nascidos vivos)"
3504602,"Bady Bassitt",6.106870229,2014,"Longevidade",11.45,"Taxas de mortalidade infantil (por mil nascidos vivos)"
3504602,"Bady Bassitt",1.508295626,2016,"Longevidade",10.76,"Taxas de mortalidade infantil (por mil nascidos vivos)"
3504602,"Bady Bassitt",4.304160689,2018,"Longevidade",10.78,"Taxas de mortalidade infantil (por mil nascidos vivos)"
3504602,"Bady Bassitt",6.810442679,2020,"Longevidade",10.47,"Taxas de mortalidade infantil (por mil nascidos vivos)"
3504602,"Bady Bassitt",10.03009027,2022,"Longevidade",10.33,"Taxas de mortalidade infantil (por mil nascidos vivos)"
3504602,"Bady Bassitt",6.194690265,2024,"Longevidade",11.16,"Taxas de mortalidade infantil (por mil nascidos vivos)"
3504701,"Balbinos",45.45454545,2014,"Longevidade",11.45,"Taxas de mortalidade infantil (por mil nascidos vivos)"
3504701,"Balbinos",16.94915254,2016,"Longevidade",10.76,"Taxas de mortalidade infantil (por mil nascidos vivos)"
3504701,"Balbinos",10.1010101,2020,"Longevidade",10.47,"Taxas de mortalidade infantil (por mil nascidos vivos)"
3504701,"Balbinos",9.900990099,2022,"Longevidade",10.33,"Taxas de mortalidade infantil (por mil nascidos vivos)"
3504701,"Balbinos",10.52631579,2024,"Longevidade",11.16,"Taxas de mortalidade infantil (por mil nascidos vivos)"
3504800,"Bálsamo",8.23723229,2014,"Longevidade",11.45,"Taxas de mortalidade infantil (por mil nascidos vivos)"
3504800,"Bálsamo",10.256410259999999,2016,"Longevidade",10.76,"Taxas de mortalidade infantil (por mil nascidos vivos)"
3504800,"Bálsamo",6.932409012,2018,"Longevidade",10.78,"Taxas de mortalidade infantil (por mil nascidos vivos)"
3504800,"Bálsamo",5.199306759,2020,"Longevidade",10.47,"Taxas de mortalidade infantil (por mil nascidos vivos)"
3504800,"Bálsamo",6.688963211,2022,"Longevidade",10.33,"Taxas de mortalidade infantil (por mil nascidos vivos)"
3504800,"Bálsamo",6.230529595,2024,"Longevidade",11.16,"Taxas de mortalidade infantil (por mil nascidos vivos)"
3504909,"Bananal",6.644518272,2014,"Longevidade",11.45,"Taxas de mortalidade infantil (por mil nascidos vivos)"
3504909,"Bananal",7.246376812,2020,"Longevidade",10.47,"Taxas de mortalidade infantil (por mil nascidos vivos)"
3504909,"Bananal",7.974481659,2022,"Longevidade",10.33,"Taxas de mortalidade infantil (por mil nascidos vivos)"
3504909,"Bananal",14.68189233,2024,"Longevidade",11.16,"Taxas de mortalidade infantil (por mil nascidos vivos)"
3505005,"Barão de Antonina",22.65372168,2014,"Longevidade",11.45,"Taxas de mortalidade infantil (por mil nascidos vivos)"
3505005,"Barão de Antonina",21.73913043,2016,"Longevidade",10.76,"Taxas de mortalidade infantil (por mil nascidos vivos)"
3505005,"Barão de Antonina",18.40490798,2018,"Longevidade",10.78,"Taxas de mortalidade infantil (por mil nascidos vivos)"
3505005,"Barão de Antonina",18.23708207,2020,"Longevidade",10.47,"Taxas de mortalidade infantil (por mil nascidos vivos)"
3505005,"Barão de Antonina",15.10574018,2022,"Longevidade",10.33,"Taxas de mortalidade infantil (por mil nascidos vivos)"
3505005,"Barão de Antonina",12.90322581,2024,"Longevidade",11.16,"Taxas de mortalidade infantil (por mil nascidos vivos)"
3505104,"Barbosa",11.3085622,2014,"Longevidade",11.45,"Taxas de mortalidade infantil (por mil nascidos vivos)"
3505104,"Barbosa",7.898894155,2016,"Longevidade",10.76,"Taxas de mortalidade infantil (por mil nascidos vivos)"
3505104,"Barbosa",7.73993808,2018,"Longevidade",10.78,"Taxas de mortalidade infantil (por mil nascidos vivos)"
3505104,"Barbosa",9.677419355,2020,"Longevidade",10.47,"Taxas de mortalidade infantil (por mil nascidos vivos)"
3505104,"Barbosa",12.02749141,2022,"Longevidade",10.33,"Taxas de mortalidade infantil (por mil nascidos vivos)"
3505104,"Barbosa",11.32075472,2024,"Longevidade",11.16,"Taxas de mortalidade infantil (por mil nascidos vivos)"
3505203,"Bariri",15.22435897,2014,"Longevidade",11.45,"Taxas de mortalidade infantil (por mil nascidos vivos)"
3505203,"Bariri",10.66447908,2016,"Longevidade",10.76,"Taxas de mortalidade infantil (por mil nascidos vivos)"
3505203,"Bariri",12.22493888,2018,"Longevidade",10.78,"Taxas de mortalidade infantil (por mil nascidos vivos)"
3505203,"Bariri",12.54180602,2020,"Longevidade",10.47,"Taxas de mortalidade infantil (por mil nascidos vivos)"
3505203,"Bariri",11.0701107,2022,"Longevidade",10.33,"Taxas de mortalidade infantil (por mil nascidos vivos)"
3505203,"Bariri",12.24105461,2024,"Longevidade",11.16,"Taxas de mortalidade infantil (por mil nascidos vivos)"
3505302,"Barra Bonita",11.9047619,2014,"Longevidade",11.45,"Taxas de mortalidade infantil (por mil nascidos vivos)"
3505302,"Barra Bonita",12.5,2016,"Longevidade",10.76,"Taxas de mortalidade infantil (por mil nascidos vivos)"
3505302,"Barra Bonita",12.48699272,2018,"Longevidade",10.78,"Taxas de mortalidade infantil (por mil nascidos vivos)"
3505302,"Barra Bonita",10.69518717,2020,"Longevidade",10.47,"Taxas de mortalidade infantil (por mil nascidos vivos)"
3505302,"Barra Bonita",9.687836383,2022,"Longevidade",10.33,"Taxas de mortalidade infantil (por mil nascidos vivos)"
3505302,"Barra Bonita",11.26126126,2024,"Longevidade",11.16,"Taxas de mortalidade infantil (por mil nascidos vivos)"
3505351,"Barra do Chapéu",14.59854015,2014,"Longevidade",11.45,"Taxas de mortalidade infantil (por mil nascidos vivos)"
3505351,"Barra do Chapéu",7.299270073,2016,"Longevidade",10.76,"Taxas de mortalidade infantil (por mil nascidos vivos)"
3505351,"Barra do Chapéu",7.434944238,2018,"Longevidade",10.78,"Taxas de mortalidade infantil (por mil nascidos vivos)"
3505351,"Barra do Chapéu",7.194244604,2020,"Longevidade",10.47,"Taxas de mortalidade infantil (por mil nascidos vivos)"
3505351,"Barra do Chapéu",5.235602094,2022,"Longevidade",10.33,"Taxas de mortalidade infantil (por mil nascidos vivos)"
3505351,"Barra do Chapéu",10.90909091,2024,"Longevidade",11.16,"Taxas de mortalidade infantil (por mil nascidos vivos)"
3505401,"Barra do Turvo",16.94915254,2014,"Longevidade",11.45,"Taxas de mortalidade infantil (por mil nascidos vivos)"
3505401,"Barra do Turvo",6.441223833,2016,"Longevidade",10.76,"Taxas de mortalidade infantil (por mil nascidos vivos)"
3505401,"Barra do Turvo",11.74496644,2018,"Longevidade",10.78,"Taxas de mortalidade infantil (por mil nascidos vivos)"
3505401,"Barra do Turvo",10.43478261,2020,"Longevidade",10.47,"Taxas de mortalidade infantil (por mil nascidos vivos)"
3505401,"Barra do Turvo",12.43339254,2022,"Longevidade",10.33,"Taxas de mortalidade infantil (por mil nascidos vivos)"
3505401,"Barra do Turvo",14.54545455,2024,"Longevidade",11.16,"Taxas de mortalidade infantil (por mil nascidos vivos)"
3505500,"Barretos",11.47396293,2014,"Longevidade",11.45,"Taxas de mortalidade infantil (por mil nascidos vivos)"
3505500,"Barretos",12.25382932,2016,"Longevidade",10.76,"Taxas de mortalidade infantil (por mil nascidos vivos)"
3505500,"Barretos",13.84237553,2018,"Longevidade",10.78,"Taxas de mortalidade infantil (por mil nascidos vivos)"
3505500,"Barretos",12.82344859,2020,"Longevidade",10.47,"Taxas de mortalidade infantil (por mil nascidos vivos)"
3505500,"Barretos",10.20408163,2022,"Longevidade",10.33,"Taxas de mortalidade infantil (por mil nascidos vivos)"
3505500,"Barretos",10.00750563,2024,"Longevidade",11.16,"Taxas de mortalidade infantil (por mil nascidos vivos)"
3505609,"Barrinha",10.66098081,2014,"Longevidade",11.45,"Taxas de mortalidade infantil (por mil nascidos vivos)"
3505609,"Barrinha",10.98901099,2016,"Longevidade",10.76,"Taxas de mortalidade infantil (por mil nascidos vivos)"
3505609,"Barrinha",11.78101178,2018,"Longevidade",10.78,"Taxas de mortalidade infantil (por mil nascidos vivos)"
3505609,"Barrinha",14.22475107,2020,"Longevidade",10.47,"Taxas de mortalidade infantil (por mil nascidos vivos)"
3505609,"Barrinha",7.323026851,2022,"Longevidade",10.33,"Taxas de mortalidade infantil (por mil nascidos vivos)"
3505609,"Barrinha",6.762468301,2024,"Longevidade",11.16,"Taxas de mortalidade infantil (por mil nascidos vivos)"
3505708,"Barueri",9.168919713,2014,"Longevidade",11.45,"Taxas de mortalidade infantil (por mil nascidos vivos)"
3505708,"Barueri",9.83626222,2016,"Longevidade",10.76,"Taxas de mortalidade infantil (por mil nascidos vivos)"
3505708,"Barueri",8.133484839,2018,"Longevidade",10.78,"Taxas de mortalidade infantil (por mil nascidos vivos)"
3505708,"Barueri",8.835912946,2020,"Longevidade",10.47,"Taxas de mortalidade infantil (por mil nascidos vivos)"
3505708,"Barueri",6.859660164,2022,"Longevidade",10.33,"Taxas de mortalidade infantil (por mil nascidos vivos)"
3505708,"Barueri",6.509032944,2024,"Longevidade",11.16,"Taxas de mortalidade infantil (por mil nascidos vivos)"
3505807,"Bastos",4.95049505,2014,"Longevidade",11.45,"Taxas de mortalidade infantil (por mil nascidos vivos)"
3505807,"Bastos",10.28571429,2016,"Longevidade",10.76,"Taxas de mortalidade infantil (por mil nascidos vivos)"
3505807,"Bastos",11.82033097,2018,"Longevidade",10.78,"Taxas de mortalidade infantil (por mil nascidos vivos)"
3505807,"Bastos",9.445100354,2020,"Longevidade",10.47,"Taxas de mortalidade infantil (por mil nascidos vivos)"
3505807,"Bastos",11.37800253,2022,"Longevidade",10.33,"Taxas de mortalidade infantil (por mil nascidos vivos)"
3505807,"Bastos",9.615384615,2024,"Longevidade",11.16,"Taxas de mortalidade infantil (por mil nascidos vivos)"
3505906,"Batatais",14.99531396,2014,"Longevidade",11.45,"Taxas de mortalidade infantil (por mil nascidos vivos)"
3505906,"Batatais",11.01422671,2016,"Longevidade",10.76,"Taxas de mortalidade infantil (por mil nascidos vivos)"
3505906,"Batatais",10.59419622,2018,"Longevidade",10.78,"Taxas de mortalidade infantil (por mil nascidos vivos)"
3505906,"Batatais",9.497964722,2020,"Longevidade",10.47,"Taxas de mortalidade infantil (por mil nascidos vivos)"
3505906,"Batatais",13.98601399,2022,"Longevidade",10.33,"Taxas de mortalidade infantil (por mil nascidos vivos)"
3505906,"Batatais",12.56144184,2024,"Longevidade",11.16,"Taxas de mortalidade infantil (por mil nascidos vivos)"
3506003,"Bauru",12.62765664,2014,"Longevidade",11.45,"Taxas de mortalidade infantil (por mil nascidos vivos)"
3506003,"Bauru",10.16949153,2016,"Longevidade",10.76,"Taxas de mortalidade infantil (por mil nascidos vivos)"
3506003,"Bauru",9.485382601,2018,"Longevidade",10.78,"Taxas de mortalidade infantil (por mil nascidos vivos)"
3506003,"Bauru",10.71323745,2020,"Longevidade",10.47,"Taxas de mortalidade infantil (por mil nascidos vivos)"
3506003,"Bauru",9.760632117,2022,"Longevidade",10.33,"Taxas de mortalidade infantil (por mil nascidos vivos)"
3506003,"Bauru",7.949383517,2024,"Longevidade",11.16,"Taxas de mortalidade infantil (por mil nascidos vivos)"
3506102,"Bebedouro",10.83707025,2014,"Longevidade",11.45,"Taxas de mortalidade infantil (por mil nascidos vivos)"
3506102,"Bebedouro",10.50788091,2016,"Longevidade",10.76,"Taxas de mortalidade infantil (por mil nascidos vivos)"
3506102,"Bebedouro",12.28932584,2018,"Longevidade",10.78,"Taxas de mortalidade infantil (por mil nascidos vivos)"
3506102,"Bebedouro",9.750812568,2020,"Longevidade",10.47,"Taxas de mortalidade infantil (por mil nascidos vivos)"
3506102,"Bebedouro",9.665726943,2022,"Longevidade",10.33,"Taxas de mortalidade infantil (por mil nascidos vivos)"
3506102,"Bebedouro",10.34037053,2024,"Longevidade",11.16,"Taxas de mortalidade infantil (por mil nascidos vivos)"
3506201,"Bento de Abreu",4.504504505,2020,"Longevidade",10.47,"Taxas de mortalidade infantil (por mil nascidos vivos)"
3506201,"Bento de Abreu",4.672897196,2022,"Longevidade",10.33,"Taxas de mortalidade infantil (por mil nascidos vivos)"
3506201,"Bento de Abreu",9.523809524,2024,"Longevidade",11.16,"Taxas de mortalidade infantil (por mil nascidos vivos)"
3506300,"Bernardino de Campos",8.241758242,2014,"Longevidade",11.45,"Taxas de mortalidade infantil (por mil nascidos vivos)"
3506300,"Bernardino de Campos",14.42307692,2016,"Longevidade",10.76,"Taxas de mortalidade infantil (por mil nascidos vivos)"
3506300,"Bernardino de Campos",12.16545012,2018,"Longevidade",10.78,"Taxas de mortalidade infantil (por mil nascidos vivos)"
3506300,"Bernardino de Campos",7.915567282,2020,"Longevidade",10.47,"Taxas de mortalidade infantil (por mil nascidos vivos)"
3506300,"Bernardino de Campos",3.164556962,2022,"Longevidade",10.33,"Taxas de mortalidade infantil (por mil nascidos vivos)"
3506300,"Bernardino de Campos",2.985074627,2024,"Longevidade",11.16,"Taxas de mortalidade infantil (por mil nascidos vivos)"
3506359,"Bertioga",13.89878831,2014,"Longevidade",11.45,"Taxas de mortalidade infantil (por mil nascidos vivos)"
3506359,"Bertioga",12.42236025,2016,"Longevidade",10.76,"Taxas de mortalidade infantil (por mil nascidos vivos)"
3506359,"Bertioga",13.77763537,2018,"Longevidade",10.78,"Taxas de mortalidade infantil (por mil nascidos vivos)"
3506359,"Bertioga",13.10483871,2020,"Longevidade",10.47,"Taxas de mortalidade infantil (por mil nascidos vivos)"
3506359,"Bertioga",14.43795119,2022,"Longevidade",10.33,"Taxas de mortalidade infantil (por mil nascidos vivos)"
3506359,"Bertioga",20.14588399,2024,"Longevidade",11.16,"Taxas de mortalidade infantil (por mil nascidos vivos)"
3506409,"Bilac",9.174311927,2014,"Longevidade",11.45,"Taxas de mortalidade infantil (por mil nascidos vivos)"
3506409,"Bilac",11.74496644,2016,"Longevidade",10.76,"Taxas de mortalidade infantil (por mil nascidos vivos)"
3506409,"Bilac",10.3626943,2018,"Longevidade",10.78,"Taxas de mortalidade infantil (por mil nascidos vivos)"
3506409,"Bilac",8.620689655,2020,"Longevidade",10.47,"Taxas de mortalidade infantil (por mil nascidos vivos)"
3506409,"Bilac",11.9760479,2022,"Longevidade",10.33,"Taxas de mortalidade infantil (por mil nascidos vivos)"
3506409,"Bilac",8.695652174,2024,"Longevidade",11.16,"Taxas de mortalidade infantil (por mil nascidos vivos)"
3506508,"Birigui",9.367146447,2014,"Longevidade",11.45,"Taxas de mortalidade infantil (por mil nascidos vivos)"
3506508,"Birigui",13.71115174,2016,"Longevidade",10.76,"Taxas de mortalidade infantil (por mil nascidos vivos)"
3506508,"Birigui",14.47943002,2018,"Longevidade",10.78,"Taxas de mortalidade infantil (por mil nascidos vivos)"
3506508,"Birigui",11.08700892,2020,"Longevidade",10.47,"Taxas de mortalidade infantil (por mil nascidos vivos)"
3506508,"Birigui",9.724473258,2022,"Longevidade",10.33,"Taxas de mortalidade infantil (por mil nascidos vivos)"
3506508,"Birigui",9.960159363,2024,"Longevidade",11.16,"Taxas de mortalidade infantil (por mil nascidos vivos)"
3506607,"Biritiba Mirim",15.98721023,2014,"Longevidade",11.45,"Taxas de mortalidade infantil (por mil nascidos vivos)"
3506607,"Biritiba Mirim",10.68200493,2016,"Longevidade",10.76,"Taxas de mortalidade infantil (por mil nascidos vivos)"
3506607,"Biritiba Mirim",7.395234182,2018,"Longevidade",10.78,"Taxas de mortalidade infantil (por mil nascidos vivos)"
3506607,"Biritiba Mirim",11.9047619,2020,"Longevidade",10.47,"Taxas de mortalidade infantil (por mil nascidos vivos)"
3506607,"Biritiba Mirim",7.352941176,2022,"Longevidade",10.33,"Taxas de mortalidade infantil (por mil nascidos vivos)"
3506607,"Biritiba Mirim",7.82778865,2024,"Longevidade",11.16,"Taxas de mortalidade infantil (por mil nascidos vivos)"
3506706,"Boa Esperança do Sul",13.33333333,2014,"Longevidade",11.45,"Taxas de mortalidade infantil (por mil nascidos vivos)"
3506706,"Boa Esperança do Sul",18.51851852,2016,"Longevidade",10.76,"Taxas de mortalidade infantil (por mil nascidos vivos)"
3506706,"Boa Esperança do Sul",12.44813278,2018,"Longevidade",10.78,"Taxas de mortalidade infantil (por mil nascidos vivos)"
3506706,"Boa Esperança do Sul",11.92842942,2020,"Longevidade",10.47,"Taxas de mortalidade infantil (por mil nascidos vivos)"
3506706,"Boa Esperança do Sul",3.795066414,2022,"Longevidade",10.33,"Taxas de mortalidade infantil (por mil nascidos vivos)"
3506706,"Boa Esperança do Sul",12.84796574,2024,"Longevidade",11.16,"Taxas de mortalidade infantil (por mil nascidos vivos)"
3506805,"Bocaina",4.115226337,2014,"Longevidade",11.45,"Taxas de mortalidade infantil (por mil nascidos vivos)"
3506805,"Bocaina",17.32673267,2016,"Longevidade",10.76,"Taxas de mortalidade infantil (por mil nascidos vivos)"
3506805,"Bocaina",26.12826603,2018,"Longevidade",10.78,"Taxas de mortalidade infantil (por mil nascidos vivos)"
3506805,"Bocaina",14.70588235,2020,"Longevidade",10.47,"Taxas de mortalidade infantil (por mil nascidos vivos)"
3506805,"Bocaina",19.12568306,2022,"Longevidade",10.33,"Taxas de mortalidade infantil (por mil nascidos vivos)"
3506805,"Bocaina",14.04494382,2024,"Longevidade",11.16,"Taxas de mortalidade infantil (por mil nascidos vivos)"
3506904,"Bofete",19.17808219,2014,"Longevidade",11.45,"Taxas de mortalidade infantil (por mil nascidos vivos)"
3506904,"Bofete",2.659574468,2016,"Longevidade",10.76,"Taxas de mortalidade infantil (por mil nascidos vivos)"
3506904,"Bofete",7.556675063,2018,"Longevidade",10.78,"Taxas de mortalidade infantil (por mil nascidos vivos)"
3506904,"Bofete",11.26760563,2020,"Longevidade",10.47,"Taxas de mortalidade infantil (por mil nascidos vivos)"
3506904,"Bofete",12.26993865,2022,"Longevidade",10.33,"Taxas de mortalidade infantil (por mil nascidos vivos)"
3506904,"Bofete",19.02173913,2024,"Longevidade",11.16,"Taxas de mortalidade infantil (por mil nascidos vivos)"
3507001,"Boituva",12.34060058,2014,"Longevidade",11.45,"Taxas de mortalidade infantil (por mil nascidos vivos)"
3507001,"Boituva",11.65695254,2016,"Longevidade",10.76,"Taxas de mortalidade infantil (por mil nascidos vivos)"
3507001,"Boituva",11.55592241,2018,"Longevidade",10.78,"Taxas de mortalidade infantil (por mil nascidos vivos)"
3507001,"Boituva",9.7416349,2020,"Longevidade",10.47,"Taxas de mortalidade infantil (por mil nascidos vivos)"
3507001,"Boituva",9.930915371,2022,"Longevidade",10.33,"Taxas de mortalidade infantil (por mil nascidos vivos)"
3507001,"Boituva",12.61966928,2024,"Longevidade",11.16,"Taxas de mortalidade infantil (por mil nascidos vivos)"
3507100,"Bom Jesus dos Perdões",9.433962264,2014,"Longevidade",11.45,"Taxas de mortalidade infantil (por mil nascidos vivos)"
3507100,"Bom Jesus dos Perdões",10.28999065,2016,"Longevidade",10.76,"Taxas de mortalidade infantil (por mil nascidos vivos)"
3507100,"Bom Jesus dos Perdões",7.662835249,2018,"Longevidade",10.78,"Taxas de mortalidade infantil (por mil nascidos vivos)"
3507100,"Bom Jesus dos Perdões",13,2020,"Longevidade",10.47,"Taxas de mortalidade infantil (por mil nascidos vivos)"
3507100,"Bom Jesus dos Perdões",14.72134595,2022,"Longevidade",10.33,"Taxas de mortalidade infantil (por mil nascidos vivos)"
3507100,"Bom Jesus dos Perdões",9.635974304,2024,"Longevidade",11.16,"Taxas de mortalidade infantil (por mil nascidos vivos)"
3507159,"Bom Sucesso de Itararé",27.95698925,2014,"Longevidade",11.45,"Taxas de mortalidade infantil (por mil nascidos vivos)"
3507159,"Bom Sucesso de Itararé",14.89361702,2016,"Longevidade",10.76,"Taxas de mortalidade infantil (por mil nascidos vivos)"
3507159,"Bom Sucesso de Itararé",15.28384279,2018,"Longevidade",10.78,"Taxas de mortalidade infantil (por mil nascidos vivos)"
3507159,"Bom Sucesso de Itararé",12.55230126,2020,"Longevidade",10.47,"Taxas de mortalidade infantil (por mil nascidos vivos)"
3507159,"Bom Sucesso de Itararé",8.71459695,2022,"Longevidade",10.33,"Taxas de mortalidade infantil (por mil nascidos vivos)"
3507159,"Bom Sucesso de Itararé",7.058823529,2024,"Longevidade",11.16,"Taxas de mortalidade infantil (por mil nascidos vivos)"
3507308,"Boracéia",15.45253863,2014,"Longevidade",11.45,"Taxas de mortalidade infantil (por mil nascidos vivos)"
3507308,"Boracéia",18.18181818,2016,"Longevidade",10.76,"Taxas de mortalidade infantil (por mil nascidos vivos)"
3507308,"Boracéia",24.83069977,2018,"Longevidade",10.78,"Taxas de mortalidade infantil (por mil nascidos vivos)"
3507308,"Boracéia",25.94339623,2020,"Longevidade",10.47,"Taxas de mortalidade infantil (por mil nascidos vivos)"
3507308,"Boracéia",22.37136465,2022,"Longevidade",10.33,"Taxas de mortalidade infantil (por mil nascidos vivos)"
3507308,"Boracéia",22.52252252,2024,"Longevidade",11.16,"Taxas de mortalidade infantil (por mil nascidos vivos)"
3507407,"Borborema",7.96812749,2014,"Longevidade",11.45,"Taxas de mortalidade infantil (por mil nascidos vivos)"
3507407,"Borborema",4.22832981,2016,"Longevidade",10.76,"Taxas de mortalidade infantil (por mil nascidos vivos)"
3507407,"Borborema",10.50420168,2018,"Longevidade",10.78,"Taxas de mortalidade infantil (por mil nascidos vivos)"
3507407,"Borborema",11.49425287,2020,"Longevidade",10.47,"Taxas de mortalidade infantil (por mil nascidos vivos)"
3507407,"Borborema",9.803921569,2022,"Longevidade",10.33,"Taxas de mortalidade infantil (por mil nascidos vivos)"
3507407,"Borborema",12.72264631,2024,"Longevidade",11.16,"Taxas de mortalidade infantil (por mil nascidos vivos)"
3507456,"Borebi",8.403361345,2014,"Longevidade",11.45,"Taxas de mortalidade infantil (por mil nascidos vivos)"
3507456,"Borebi",3.731343284,2020,"Longevidade",10.47,"Taxas de mortalidade infantil (por mil nascidos vivos)"
3507456,"Borebi",8.26446281,2022,"Longevidade",10.33,"Taxas de mortalidade infantil (por mil nascidos vivos)"
3507456,"Borebi",9.132420091,2024,"Longevidade",11.16,"Taxas de mortalidade infantil (por mil nascidos vivos)"
3507506,"Botucatu",7.827415044,2014,"Longevidade",11.45,"Taxas de mortalidade infantil (por mil nascidos vivos)"
3507506,"Botucatu",13.23529412,2016,"Longevidade",10.76,"Taxas de mortalidade infantil (por mil nascidos vivos)"
3507506,"Botucatu",14.14560543,2018,"Longevidade",10.78,"Taxas de mortalidade infantil (por mil nascidos vivos)"
3507506,"Botucatu",13.46153846,2020,"Longevidade",10.47,"Taxas de mortalidade infantil (por mil nascidos vivos)"
3507506,"Botucatu",10.33698573,2022,"Longevidade",10.33,"Taxas de mortalidade infantil (por mil nascidos vivos)"
3507506,"Botucatu",11.45698227,2024,"Longevidade",11.16,"Taxas de mortalidade infantil (por mil nascidos vivos)"
3507605,"Bragança Paulista",8.813345924,2014,"Longevidade",11.45,"Taxas de mortalidade infantil (por mil nascidos vivos)"
3507605,"Bragança Paulista",9.745698188,2016,"Longevidade",10.76,"Taxas de mortalidade infantil (por mil nascidos vivos)"
3507605,"Bragança Paulista",8.055935553,2018,"Longevidade",10.78,"Taxas de mortalidade infantil (por mil nascidos vivos)"
3507605,"Bragança Paulista",8.663366337,2020,"Longevidade",10.47,"Taxas de mortalidade infantil (por mil nascidos vivos)"
3507605,"Bragança Paulista",10.12618788,2022,"Longevidade",10.33,"Taxas de mortalidade infantil (por mil nascidos vivos)"
3507605,"Bragança Paulista",9.720534629,2024,"Longevidade",11.16,"Taxas de mortalidade infantil (por mil nascidos vivos)"
3507704,"Braúna",10.84598698,2014,"Longevidade",11.45,"Taxas de mortalidade infantil (por mil nascidos vivos)"
3507704,"Braúna",4.184100418,2016,"Longevidade",10.76,"Taxas de mortalidade infantil (por mil nascidos vivos)"
3507704,"Braúna",1.992031873,2018,"Longevidade",10.78,"Taxas de mortalidade infantil (por mil nascidos vivos)"
3507704,"Braúna",2.02020202,2020,"Longevidade",10.47,"Taxas de mortalidade infantil (por mil nascidos vivos)"
3507704,"Braúna",4.056795132,2022,"Longevidade",10.33,"Taxas de mortalidade infantil (por mil nascidos vivos)"
3507704,"Braúna",6.43776824,2024,"Longevidade",11.16,"Taxas de mortalidade infantil (por mil nascidos vivos)"
3507753,"Brejo Alegre",19.04761905,2014,"Longevidade",11.45,"Taxas de mortalidade infantil (por mil nascidos vivos)"
3507753,"Brejo Alegre",25,2016,"Longevidade",10.76,"Taxas de mortalidade infantil (por mil nascidos vivos)"
3507753,"Brejo Alegre",18.01801802,2018,"Longevidade",10.78,"Taxas de mortalidade infantil (por mil nascidos vivos)"
3507753,"Brejo Alegre",15.15151515,2020,"Longevidade",10.47,"Taxas de mortalidade infantil (por mil nascidos vivos)"
3507753,"Brejo Alegre",15.95744681,2022,"Longevidade",10.33,"Taxas de mortalidade infantil (por mil nascidos vivos)"
3507753,"Brejo Alegre",23.12138728,2024,"Longevidade",11.16,"Taxas de mortalidade infantil (por mil nascidos vivos)"
3507803,"Brodowski",5.636978579,2014,"Longevidade",11.45,"Taxas de mortalidade infantil (por mil nascidos vivos)"
3507803,"Brodowski",11.33786848,2016,"Longevidade",10.76,"Taxas de mortalidade infantil (por mil nascidos vivos)"
3507803,"Brodowski",13.97849462,2018,"Longevidade",10.78,"Taxas de mortalidade infantil (por mil nascidos vivos)"
3507803,"Brodowski",16.25135428,2020,"Longevidade",10.47,"Taxas de mortalidade infantil (por mil nascidos vivos)"
3507803,"Brodowski",9.280742459,2022,"Longevidade",10.33,"Taxas de mortalidade infantil (por mil nascidos vivos)"
3507803,"Brodowski",7.782101167,2024,"Longevidade",11.16,"Taxas de mortalidade infantil (por mil nascidos vivos)"
3507902,"Brotas",17.06484642,2014,"Longevidade",11.45,"Taxas de mortalidade infantil (por mil nascidos vivos)"
3507902,"Brotas",12.23581758,2016,"Longevidade",10.76,"Taxas de mortalidade infantil (por mil nascidos vivos)"
3507902,"Brotas",6.644518272,2018,"Longevidade",10.78,"Taxas de mortalidade infantil (por mil nascidos vivos)"
3507902,"Brotas",8.869179601,2020,"Longevidade",10.47,"Taxas de mortalidade infantil (por mil nascidos vivos)"
3507902,"Brotas",13.22115385,2022,"Longevidade",10.33,"Taxas de mortalidade infantil (por mil nascidos vivos)"
3507902,"Brotas",6.142506143,2024,"Longevidade",11.16,"Taxas de mortalidade infantil (por mil nascidos vivos)"
3508009,"Buri",17.22282024,2014,"Longevidade",11.45,"Taxas de mortalidade infantil (por mil nascidos vivos)"
3508009,"Buri",13.71308017,2016,"Longevidade",10.76,"Taxas de mortalidade infantil (por mil nascidos vivos)"
3508009,"Buri",10.66098081,2018,"Longevidade",10.78,"Taxas de mortalidade infantil (por mil nascidos vivos)"
3508009,"Buri",16.16161616,2020,"Longevidade",10.47,"Taxas de mortalidade infantil (por mil nascidos vivos)"
3508009,"Buri",11.71458999,2022,"Longevidade",10.33,"Taxas de mortalidade infantil (por mil nascidos vivos)"
3508009,"Buri",14.02373247,2024,"Longevidade",11.16,"Taxas de mortalidade infantil (por mil nascidos vivos)"
3508108,"Buritama",9.063444109,2014,"Longevidade",11.45,"Taxas de mortalidade infantil (por mil nascidos vivos)"
3508108,"Buritama",10.38062284,2016,"Longevidade",10.76,"Taxas de mortalidade infantil (por mil nascidos vivos)"
3508108,"Buritama",12.43339254,2018,"Longevidade",10.78,"Taxas de mortalidade infantil (por mil nascidos vivos)"
3508108,"Buritama",12.17391304,2020,"Longevidade",10.47,"Taxas de mortalidade infantil (por mil nascidos vivos)"
3508108,"Buritama",8.113590264,2022,"Longevidade",10.33,"Taxas de mortalidade infantil (por mil nascidos vivos)"
3508108,"Buritama",8.385744235,2024,"Longevidade",11.16,"Taxas de mortalidade infantil (por mil nascidos vivos)"
3508207,"Buritizal",6.191950464,2014,"Longevidade",11.45,"Taxas de mortalidade infantil (por mil nascidos vivos)"
3508207,"Buritizal",8.928571429,2016,"Longevidade",10.76,"Taxas de mortalidade infantil (por mil nascidos vivos)"
3508207,"Buritizal",8.720930233,2018,"Longevidade",10.78,"Taxas de mortalidade infantil (por mil nascidos vivos)"
3508207,"Buritizal",8.571428571,2020,"Longevidade",10.47,"Taxas de mortalidade infantil (por mil nascidos vivos)"
3508207,"Buritizal",2.898550725,2022,"Longevidade",10.33,"Taxas de mortalidade infantil (por mil nascidos vivos)"
3508207,"Buritizal",2.994011976,2024,"Longevidade",11.16,"Taxas de mortalidade infantil (por mil nascidos vivos)"
3508306,"Cabrália Paulista",17.03163017,2014,"Longevidade",11.45,"Taxas de mortalidade infantil (por mil nascidos vivos)"
3508306,"Cabrália Paulista",13.95348837,2016,"Longevidade",10.76,"Taxas de mortalidade infantil (por mil nascidos vivos)"
3508306,"Cabrália Paulista",11.76470588,2018,"Longevidade",10.78,"Taxas de mortalidade infantil (por mil nascidos vivos)"
3508306,"Cabrália Paulista",5.235602094,2020,"Longevidade",10.47,"Taxas de mortalidade infantil (por mil nascidos vivos)"
3508306,"Cabrália Paulista",8.695652174,2022,"Longevidade",10.33,"Taxas de mortalidade infantil (por mil nascidos vivos)"
3508306,"Cabrália Paulista",12.26993865,2024,"Longevidade",11.16,"Taxas de mortalidade infantil (por mil nascidos vivos)"
3508405,"Cabreúva",13.05361305,2014,"Longevidade",11.45,"Taxas de mortalidade infantil (por mil nascidos vivos)"
3508405,"Cabreúva",13.88888889,2016,"Longevidade",10.76,"Taxas de mortalidade infantil (por mil nascidos vivos)"
3508405,"Cabreúva",12.5813449,2018,"Longevidade",10.78,"Taxas de mortalidade infantil (por mil nascidos vivos)"
3508405,"Cabreúva",12.96296296,2020,"Longevidade",10.47,"Taxas de mortalidade infantil (por mil nascidos vivos)"
3508405,"Cabreúva",13.29665291,2022,"Longevidade",10.33,"Taxas de mortalidade infantil (por mil nascidos vivos)"
3508405,"Cabreúva",12.90322581,2024,"Longevidade",11.16,"Taxas de mortalidade infantil (por mil nascidos vivos)"
3508504,"Caçapava",12.36794641,2014,"Longevidade",11.45,"Taxas de mortalidade infantil (por mil nascidos vivos)"
3508504,"Caçapava",7.997867235,2016,"Longevidade",10.76,"Taxas de mortalidade infantil (por mil nascidos vivos)"
3508504,"Caçapava",7.991475759,2018,"Longevidade",10.78,"Taxas de mortalidade infantil (por mil nascidos vivos)"
3508504,"Caçapava",10.32328172,2020,"Longevidade",10.47,"Taxas de mortalidade infantil (por mil nascidos vivos)"
3508504,"Caçapava",7.174887892,2022,"Longevidade",10.33,"Taxas de mortalidade infantil (por mil nascidos vivos)"
3508504,"Caçapava",10.48836447,2024,"Longevidade",11.16,"Taxas de mortalidade infantil (por mil nascidos vivos)"
3508603,"Cachoeira Paulista",8.914100486,2014,"Longevidade",11.45,"Taxas de mortalidade infantil (por mil nascidos vivos)"
3508603,"Cachoeira Paulista",13.7987013,2016,"Longevidade",10.76,"Taxas de mortalidade infantil (por mil nascidos vivos)"
3508603,"Cachoeira Paulista",12.74900398,2018,"Longevidade",10.78,"Taxas de mortalidade infantil (por mil nascidos vivos)"
3508603,"Cachoeira Paulista",16.01281025,2020,"Longevidade",10.47,"Taxas de mortalidade infantil (por mil nascidos vivos)"
3508603,"Cachoeira Paulista",19.24759405,2022,"Longevidade",10.33,"Taxas de mortalidade infantil (por mil nascidos vivos)"
3508603,"Cachoeira Paulista",9.910802775,2024,"Longevidade",11.16,"Taxas de mortalidade infantil (por mil nascidos vivos)"
3508702,"Caconde",9.191176471,2014,"Longevidade",11.45,"Taxas de mortalidade infantil (por mil nascidos vivos)"
3508702,"Caconde",6.493506494,2016,"Longevidade",10.76,"Taxas de mortalidade infantil (por mil nascidos vivos)"
3508702,"Caconde",7.849293564,2018,"Longevidade",10.78,"Taxas de mortalidade infantil (por mil nascidos vivos)"
3508702,"Caconde",9.448818898,2020,"Longevidade",10.47,"Taxas de mortalidade infantil (por mil nascidos vivos)"
3508702,"Caconde",10.32702238,2022,"Longevidade",10.33,"Taxas de mortalidade infantil (por mil nascidos vivos)"
3508702,"Caconde",14.03508772,2024,"Longevidade",11.16,"Taxas de mortalidade infantil (por mil nascidos vivos)"
3508801,"Cafelândia",10.13024602,2014,"Longevidade",11.45,"Taxas de mortalidade infantil (por mil nascidos vivos)"
3508801,"Cafelândia",3.03030303,2016,"Longevidade",10.76,"Taxas de mortalidade infantil (por mil nascidos vivos)"
3508801,"Cafelândia",9.009009009,2018,"Longevidade",10.78,"Taxas de mortalidade infantil (por mil nascidos vivos)"
3508801,"Cafelândia",13.19648094,2020,"Longevidade",10.47,"Taxas de mortalidade infantil (por mil nascidos vivos)"
3508801,"Cafelândia",18.54974705,2022,"Longevidade",10.33,"Taxas de mortalidade infantil (por mil nascidos vivos)"
3508801,"Cafelândia",13.59223301,2024,"Longevidade",11.16,"Taxas de mortalidade infantil (por mil nascidos vivos)"
3508900,"Caiabu",8.670520231,2014,"Longevidade",11.45,"Taxas de mortalidade infantil (por mil nascidos vivos)"
3508900,"Caiabu",3.25732899,2016,"Longevidade",10.76,"Taxas de mortalidade infantil (por mil nascidos vivos)"
3508900,"Caiabu",6.896551724,2018,"Longevidade",10.78,"Taxas de mortalidade infantil (por mil nascidos vivos)"
3508900,"Caiabu",10.67615658,2020,"Longevidade",10.47,"Taxas de mortalidade infantil (por mil nascidos vivos)"
3508900,"Caiabu",21.35231317,2022,"Longevidade",10.33,"Taxas de mortalidade infantil (por mil nascidos vivos)"
3508900,"Caiabu",20.83333333,2024,"Longevidade",11.16,"Taxas de mortalidade infantil (por mil nascidos vivos)"
3509007,"Caieiras",12.3045373,2014,"Longevidade",11.45,"Taxas de mortalidade infantil (por mil nascidos vivos)"
3509007,"Caieiras",10.64883606,2016,"Longevidade",10.76,"Taxas de mortalidade infantil (por mil nascidos vivos)"
3509007,"Caieiras",8.128078818,2018,"Longevidade",10.78,"Taxas de mortalidade infantil (por mil nascidos vivos)"
3509007,"Caieiras",6.235385814,2020,"Longevidade",10.47,"Taxas de mortalidade infantil (por mil nascidos vivos)"
3509007,"Caieiras",10.70422535,2022,"Longevidade",10.33,"Taxas de mortalidade infantil (por mil nascidos vivos)"
3509007,"Caieiras",14.91146319,2024,"Longevidade",11.16,"Taxas de mortalidade infantil (por mil nascidos vivos)"
3509106,"Caiuá",9.287925697,2014,"Longevidade",11.45,"Taxas de mortalidade infantil (por mil nascidos vivos)"
3509106,"Caiuá",10.1010101,2016,"Longevidade",10.76,"Taxas de mortalidade infantil (por mil nascidos vivos)"
3509106,"Caiuá",13.1147541,2018,"Longevidade",10.78,"Taxas de mortalidade infantil (por mil nascidos vivos)"
3509106,"Caiuá",9.966777409,2020,"Longevidade",10.47,"Taxas de mortalidade infantil (por mil nascidos vivos)"
3509106,"Caiuá",3.50877193,2022,"Longevidade",10.33,"Taxas de mortalidade infantil (por mil nascidos vivos)"
3509106,"Caiuá",7.751937984,2024,"Longevidade",11.16,"Taxas de mortalidade infantil (por mil nascidos vivos)"
3509205,"Cajamar",11.68795868,2014,"Longevidade",11.45,"Taxas de mortalidade infantil (por mil nascidos vivos)"
3509205,"Cajamar",9.787129924,2016,"Longevidade",10.76,"Taxas de mortalidade infantil (por mil nascidos vivos)"
3509205,"Cajamar",7.852760736,2018,"Longevidade",10.78,"Taxas de mortalidade infantil (por mil nascidos vivos)"
3509205,"Cajamar",7.176441475,2020,"Longevidade",10.47,"Taxas de mortalidade infantil (por mil nascidos vivos)"
3509205,"Cajamar",9.879518072,2022,"Longevidade",10.33,"Taxas de mortalidade infantil (por mil nascidos vivos)"
3509205,"Cajamar",13.0751823,2024,"Longevidade",11.16,"Taxas de mortalidade infantil (por mil nascidos vivos)"
3509254,"Cajati",14.36388509,2014,"Longevidade",11.45,"Taxas de mortalidade infantil (por mil nascidos vivos)"
3509254,"Cajati",15.8839779,2016,"Longevidade",10.76,"Taxas de mortalidade infantil (por mil nascidos vivos)"
3509254,"Cajati",8.922443377,2018,"Longevidade",10.78,"Taxas de mortalidade infantil (por mil nascidos vivos)"
3509254,"Cajati",8.166295471,2020,"Longevidade",10.47,"Taxas de mortalidade infantil (por mil nascidos vivos)"
3509254,"Cajati",8.481110254,2022,"Longevidade",10.33,"Taxas de mortalidade infantil (por mil nascidos vivos)"
3509254,"Cajati",15.54828151,2024,"Longevidade",11.16,"Taxas de mortalidade infantil (por mil nascidos vivos)"
3509304,"Cajobi",14.66666667,2014,"Longevidade",11.45,"Taxas de mortalidade infantil (por mil nascidos vivos)"
3509304,"Cajobi",12.04819277,2016,"Longevidade",10.76,"Taxas de mortalidade infantil (por mil nascidos vivos)"
3509304,"Cajobi",10.71428571,2018,"Longevidade",10.78,"Taxas de mortalidade infantil (por mil nascidos vivos)"
3509304,"Cajobi",9.900990099,2020,"Longevidade",10.47,"Taxas de mortalidade infantil (por mil nascidos vivos)"
3509304,"Cajobi",8.955223881,2022,"Longevidade",10.33,"Taxas de mortalidade infantil (por mil nascidos vivos)"
3509304,"Cajobi",7.898894155,2024,"Longevidade",11.16,"Taxas de mortalidade infantil (por mil nascidos vivos)"
3509403,"Cajuru",9.652509653,2014,"Longevidade",11.45,"Taxas de mortalidade infantil (por mil nascidos vivos)"
3509403,"Cajuru",7.692307692,2016,"Longevidade",10.76,"Taxas de mortalidade infantil (por mil nascidos vivos)"
3509403,"Cajuru",7.82778865,2018,"Longevidade",10.78,"Taxas de mortalidade infantil (por mil nascidos vivos)"
3509403,"Cajuru",8.465608466,2020,"Longevidade",10.47,"Taxas de mortalidade infantil (por mil nascidos vivos)"
3509403,"Cajuru",13.15789474,2022,"Longevidade",10.33,"Taxas de mortalidade infantil (por mil nascidos vivos)"
3509403,"Cajuru",13.83647799,2024,"Longevidade",11.16,"Taxas de mortalidade infantil (por mil nascidos vivos)"
3509452,"Campina do Monte Alegre",15.84158416,2014,"Longevidade",11.45,"Taxas de mortalidade infantil (por mil nascidos vivos)"
3509452,"Campina do Monte Alegre",15.53398058,2016,"Longevidade",10.76,"Taxas de mortalidade infantil (por mil nascidos vivos)"
3509452,"Campina do Monte Alegre",18.41620626,2018,"Longevidade",10.78,"Taxas de mortalidade infantil (por mil nascidos vivos)"
3509452,"Campina do Monte Alegre",9.208103131,2020,"Longevidade",10.47,"Taxas de mortalidade infantil (por mil nascidos vivos)"
3509452,"Campina do Monte Alegre",9.36329588,2022,"Longevidade",10.33,"Taxas de mortalidade infantil (por mil nascidos vivos)"
3509452,"Campina do Monte Alegre",7.751937984,2024,"Longevidade",11.16,"Taxas de mortalidade infantil (por mil nascidos vivos)"
3509502,"Campinas",8.99726449,2014,"Longevidade",11.45,"Taxas de mortalidade infantil (por mil nascidos vivos)"
3509502,"Campinas",8.744932397,2016,"Longevidade",10.76,"Taxas de mortalidade infantil (por mil nascidos vivos)"
3509502,"Campinas",9.059430737,2018,"Longevidade",10.78,"Taxas de mortalidade infantil (por mil nascidos vivos)"
3509502,"Campinas",8.155930329,2020,"Longevidade",10.47,"Taxas de mortalidade infantil (por mil nascidos vivos)"
3509502,"Campinas",9.025593823,2022,"Longevidade",10.33,"Taxas de mortalidade infantil (por mil nascidos vivos)"
3509502,"Campinas",9.730086306,2024,"Longevidade",11.16,"Taxas de mortalidade infantil (por mil nascidos vivos)"
3509601,"Campo Limpo Paulista",10.98297639,2014,"Longevidade",11.45,"Taxas de mortalidade infantil (por mil nascidos vivos)"
3509601,"Campo Limpo Paulista",10.90159104,2016,"Longevidade",10.76,"Taxas de mortalidade infantil (por mil nascidos vivos)"
3509601,"Campo Limpo Paulista",8.855154965,2018,"Longevidade",10.78,"Taxas de mortalidade infantil (por mil nascidos vivos)"
3509601,"Campo Limpo Paulista",8.368200837,2020,"Longevidade",10.47,"Taxas de mortalidade infantil (por mil nascidos vivos)"
3509601,"Campo Limpo Paulista",10.13133208,2022,"Longevidade",10.33,"Taxas de mortalidade infantil (por mil nascidos vivos)"
3509601,"Campo Limpo Paulista",9.016393443,2024,"Longevidade",11.16,"Taxas de mortalidade infantil (por mil nascidos vivos)"
3509700,"Campos do Jordão",15.63937443,2014,"Longevidade",11.45,"Taxas de mortalidade infantil (por mil nascidos vivos)"
3509700,"Campos do Jordão",10.57268722,2016,"Longevidade",10.76,"Taxas de mortalidade infantil (por mil nascidos vivos)"
3509700,"Campos do Jordão",8.77577885,2018,"Longevidade",10.78,"Taxas de mortalidade infantil (por mil nascidos vivos)"
3509700,"Campos do Jordão",10.72261072,2020,"Longevidade",10.47,"Taxas de mortalidade infantil (por mil nascidos vivos)"
3509700,"Campos do Jordão",7.088607595,2022,"Longevidade",10.33,"Taxas de mortalidade infantil (por mil nascidos vivos)"
3509700,"Campos do Jordão",10.83032491,2024,"Longevidade",11.16,"Taxas de mortalidade infantil (por mil nascidos vivos)"
3509809,"Campos Novos Paulista",9.56937799,2014,"Longevidade",11.45,"Taxas de mortalidade infantil (por mil nascidos vivos)"
3509809,"Campos Novos Paulista",16.54846336,2016,"Longevidade",10.76,"Taxas de mortalidade infantil (por mil nascidos vivos)"
3509809,"Campos Novos Paulista",13.88888889,2018,"Longevidade",10.78,"Taxas de mortalidade infantil (por mil nascidos vivos)"
3509809,"Campos Novos Paulista",18.3908046,2020,"Longevidade",10.47,"Taxas de mortalidade infantil (por mil nascidos vivos)"
3509809,"Campos Novos Paulista",16.35514019,2022,"Longevidade",10.33,"Taxas de mortalidade infantil (por mil nascidos vivos)"
3509809,"Campos Novos Paulista",14.59854015,2024,"Longevidade",11.16,"Taxas de mortalidade infantil (por mil nascidos vivos)"
3509908,"Cananéia",7.604562738,2014,"Longevidade",11.45,"Taxas de mortalidade infantil (por mil nascidos vivos)"
3509908,"Cananéia",14.18439716,2016,"Longevidade",10.76,"Taxas de mortalidade infantil (por mil nascidos vivos)"
3509908,"Cananéia",11.11111111,2018,"Longevidade",10.78,"Taxas de mortalidade infantil (por mil nascidos vivos)"
3509908,"Cananéia",7.561436673,2020,"Longevidade",10.47,"Taxas de mortalidade infantil (por mil nascidos vivos)"
3509908,"Cananéia",19.96007984,2022,"Longevidade",10.33,"Taxas de mortalidade infantil (por mil nascidos vivos)"
3509908,"Cananéia",16.80672269,2024,"Longevidade",11.16,"Taxas de mortalidade infantil (por mil nascidos vivos)"
3509957,"Canas",14.62522852,2014,"Longevidade",11.45,"Taxas de mortalidade infantil (por mil nascidos vivos)"
3509957,"Canas",22.47191011,2016,"Longevidade",10.76,"Taxas de mortalidade infantil (por mil nascidos vivos)"
3509957,"Canas",20.03642987,2018,"Longevidade",10.78,"Taxas de mortalidade infantil (por mil nascidos vivos)"
3509957,"Canas",18.4501845,2020,"Longevidade",10.47,"Taxas de mortalidade infantil (por mil nascidos vivos)"
3509957,"Canas",16.63585952,2022,"Longevidade",10.33,"Taxas de mortalidade infantil (por mil nascidos vivos)"
3509957,"Canas",11.04972376,2024,"Longevidade",11.16,"Taxas de mortalidade infantil (por mil nascidos vivos)"
3510005,"Cândido Mota",13.38432122,2014,"Longevidade",11.45,"Taxas de mortalidade infantil (por mil nascidos vivos)"
3510005,"Cândido Mota",14.96725912,2016,"Longevidade",10.76,"Taxas de mortalidade infantil (por mil nascidos vivos)"
3510005,"Cândido Mota",18.3044316,2018,"Longevidade",10.78,"Taxas de mortalidade infantil (por mil nascidos vivos)"
3510005,"Cândido Mota",13.51351351,2020,"Longevidade",10.47,"Taxas de mortalidade infantil (por mil nascidos vivos)"
3510005,"Cândido Mota",8.138351984,2022,"Longevidade",10.33,"Taxas de mortalidade infantil (por mil nascidos vivos)"
3510005,"Cândido Mota",6.369426752,2024,"Longevidade",11.16,"Taxas de mortalidade infantil (por mil nascidos vivos)"
3510104,"Cândido Rodrigues",17.24137931,2014,"Longevidade",11.45,"Taxas de mortalidade infantil (por mil nascidos vivos)"
3510104,"Cândido Rodrigues",13.69863014,2016,"Longevidade",10.76,"Taxas de mortalidade infantil (por mil nascidos vivos)"
3510104,"Cândido Rodrigues",13.07189542,2018,"Longevidade",10.78,"Taxas de mortalidade infantil (por mil nascidos vivos)"
3510104,"Cândido Rodrigues",13.24503311,2020,"Longevidade",10.47,"Taxas de mortalidade infantil (por mil nascidos vivos)"
3510104,"Cândido Rodrigues",6.097560976,2022,"Longevidade",10.33,"Taxas de mortalidade infantil (por mil nascidos vivos)"
3510104,"Cândido Rodrigues",11.23595506,2024,"Longevidade",11.16,"Taxas de mortalidade infantil (por mil nascidos vivos)"
3510153,"Canitar",10.82251082,2014,"Longevidade",11.45,"Taxas de mortalidade infantil (por mil nascidos vivos)"
3510153,"Canitar",8.639308855,2016,"Longevidade",10.76,"Taxas de mortalidade infantil (por mil nascidos vivos)"
3510153,"Canitar",8.869179601,2018,"Longevidade",10.78,"Taxas de mortalidade infantil (por mil nascidos vivos)"
3510153,"Canitar",6.072874494,2020,"Longevidade",10.47,"Taxas de mortalidade infantil (por mil nascidos vivos)"
3510153,"Canitar",10.79136691,2022,"Longevidade",10.33,"Taxas de mortalidade infantil (por mil nascidos vivos)"
3510153,"Canitar",11.3085622,2024,"Longevidade",11.16,"Taxas de mortalidade infantil (por mil nascidos vivos)"
3510203,"Capão Bonito",13.50048216,2014,"Longevidade",11.45,"Taxas de mortalidade infantil (por mil nascidos vivos)"
3510203,"Capão Bonito",9.150991357,2016,"Longevidade",10.76,"Taxas de mortalidade infantil (por mil nascidos vivos)"
3510203,"Capão Bonito",11.25319693,2018,"Longevidade",10.78,"Taxas de mortalidade infantil (por mil nascidos vivos)"
3510203,"Capão Bonito",8.347245409,2020,"Longevidade",10.47,"Taxas de mortalidade infantil (por mil nascidos vivos)"
3510203,"Capão Bonito",7.558139535,2022,"Longevidade",10.33,"Taxas de mortalidade infantil (por mil nascidos vivos)"
3510203,"Capão Bonito",8.987417615,2024,"Longevidade",11.16,"Taxas de mortalidade infantil (por mil nascidos vivos)"
3510302,"Capela do Alto",12.09189843,2014,"Longevidade",11.45,"Taxas de mortalidade infantil (por mil nascidos vivos)"
3510302,"Capela do Alto",12.00873362,2016,"Longevidade",10.76,"Taxas de mortalidade infantil (por mil nascidos vivos)"
3510302,"Capela do Alto",11.9695321,2018,"Longevidade",10.78,"Taxas de mortalidade infantil (por mil nascidos vivos)"
3510302,"Capela do Alto",12.6002291,2020,"Longevidade",10.47,"Taxas de mortalidade infantil (por mil nascidos vivos)"
3510302,"Capela do Alto",13.02931596,2022,"Longevidade",10.33,"Taxas de mortalidade infantil (por mil nascidos vivos)"
3510302,"Capela do Alto",8.849557522,2024,"Longevidade",11.16,"Taxas de mortalidade infantil (por mil nascidos vivos)"
3510401,"Capivari",12.12686567,2014,"Longevidade",11.45,"Taxas de mortalidade infantil (por mil nascidos vivos)"
3510401,"Capivari",10.54650048,2016,"Longevidade",10.76,"Taxas de mortalidade infantil (por mil nascidos vivos)"
3510401,"Capivari",10.22395326,2018,"Longevidade",10.78,"Taxas de mortalidade infantil (por mil nascidos vivos)"
3510401,"Capivari",4.866180049,2020,"Longevidade",10.47,"Taxas de mortalidade infantil (por mil nascidos vivos)"
3510401,"Capivari",10.75268817,2022,"Longevidade",10.33,"Taxas de mortalidade infantil (por mil nascidos vivos)"
3510401,"Capivari",15.6587473,2024,"Longevidade",11.16,"Taxas de mortalidade infantil (por mil nascidos vivos)"
3510500,"Caraguatatuba",10.41449698,2014,"Longevidade",11.45,"Taxas de mortalidade infantil (por mil nascidos vivos)"
3510500,"Caraguatatuba",11.45324822,2016,"Longevidade",10.76,"Taxas de mortalidade infantil (por mil nascidos vivos)"
3510500,"Caraguatatuba",11.54992548,2018,"Longevidade",10.78,"Taxas de mortalidade infantil (por mil nascidos vivos)"
3510500,"Caraguatatuba",10.53225503,2020,"Longevidade",10.47,"Taxas de mortalidade infantil (por mil nascidos vivos)"
3510500,"Caraguatatuba",12.25538644,2022,"Longevidade",10.33,"Taxas de mortalidade infantil (por mil nascidos vivos)"
3510500,"Caraguatatuba",11.30756579,2024,"Longevidade",11.16,"Taxas de mortalidade infantil (por mil nascidos vivos)"
3510609,"Carapicuíba",10.83696178,2014,"Longevidade",11.45,"Taxas de mortalidade infantil (por mil nascidos vivos)"
3510609,"Carapicuíba",11.33765244,2016,"Longevidade",10.76,"Taxas de mortalidade infantil (por mil nascidos vivos)"
3510609,"Carapicuíba",10.09372747,2018,"Longevidade",10.78,"Taxas de mortalidade infantil (por mil nascidos vivos)"
3510609,"Carapicuíba",9.899434318,2020,"Longevidade",10.47,"Taxas de mortalidade infantil (por mil nascidos vivos)"
3510609,"Carapicuíba",11.51236064,2022,"Longevidade",10.33,"Taxas de mortalidade infantil (por mil nascidos vivos)"
3510609,"Carapicuíba",13.34846159,2024,"Longevidade",11.16,"Taxas de mortalidade infantil (por mil nascidos vivos)"
3510708,"Cardoso",7.556675063,2014,"Longevidade",11.45,"Taxas de mortalidade infantil (por mil nascidos vivos)"
3510708,"Cardoso",5.235602094,2016,"Longevidade",10.76,"Taxas de mortalidade infantil (por mil nascidos vivos)"
3510708,"Cardoso",13.19261214,2018,"Longevidade",10.78,"Taxas de mortalidade infantil (por mil nascidos vivos)"
3510708,"Cardoso",24.92211838,2020,"Longevidade",10.47,"Taxas de mortalidade infantil (por mil nascidos vivos)"
3510708,"Cardoso",6.920415225,2022,"Longevidade",10.33,"Taxas de mortalidade infantil (por mil nascidos vivos)"
3510708,"Cardoso",6.944444444,2024,"Longevidade",11.16,"Taxas de mortalidade infantil (por mil nascidos vivos)"
3510807,"Casa Branca",11.41078838,2014,"Longevidade",11.45,"Taxas de mortalidade infantil (por mil nascidos vivos)"
3510807,"Casa Branca",11.94353963,2016,"Longevidade",10.76,"Taxas de mortalidade infantil (por mil nascidos vivos)"
3510807,"Casa Branca",12.02185792,2018,"Longevidade",10.78,"Taxas de mortalidade infantil (por mil nascidos vivos)"
3510807,"Casa Branca",11.03752759,2020,"Longevidade",10.47,"Taxas de mortalidade infantil (por mil nascidos vivos)"
3510807,"Casa Branca",8.244994111,2022,"Longevidade",10.33,"Taxas de mortalidade infantil (por mil nascidos vivos)"
3510807,"Casa Branca",9.696969697,2024,"Longevidade",11.16,"Taxas de mortalidade infantil (por mil nascidos vivos)"
3510906,"Cássia dos Coqueiros",12.7388535,2014,"Longevidade",11.45,"Taxas de mortalidade infantil (por mil nascidos vivos)"
3510906,"Cássia dos Coqueiros",6.060606061,2016,"Longevidade",10.76,"Taxas de mortalidade infantil (por mil nascidos vivos)"
3510906,"Cássia dos Coqueiros",6.896551724,2020,"Longevidade",10.47,"Taxas de mortalidade infantil (por mil nascidos vivos)"
3510906,"Cássia dos Coqueiros",7.633587786,2022,"Longevidade",10.33,"Taxas de mortalidade infantil (por mil nascidos vivos)"
3510906,"Cássia dos Coqueiros",9.345794393,2024,"Longevidade",11.16,"Taxas de mortalidade infantil (por mil nascidos vivos)"
3511003,"Castilho",16.10904585,2014,"Longevidade",11.45,"Taxas de mortalidade infantil (por mil nascidos vivos)"
3511003,"Castilho",10.81081081,2016,"Longevidade",10.76,"Taxas de mortalidade infantil (por mil nascidos vivos)"
3511003,"Castilho",19.02173913,2018,"Longevidade",10.78,"Taxas de mortalidade infantil (por mil nascidos vivos)"
3511003,"Castilho",16.24815362,2020,"Longevidade",10.47,"Taxas de mortalidade infantil (por mil nascidos vivos)"
3511003,"Castilho",4.926108374,2022,"Longevidade",10.33,"Taxas de mortalidade infantil (por mil nascidos vivos)"
3511003,"Castilho",6.779661017,2024,"Longevidade",11.16,"Taxas de mortalidade infantil (por mil nascidos vivos)"
3511102,"Catanduva",14.91493824,2014,"Longevidade",11.45,"Taxas de mortalidade infantil (por mil nascidos vivos)"
3511102,"Catanduva",7.965242578,2016,"Longevidade",10.76,"Taxas de mortalidade infantil (por mil nascidos vivos)"
3511102,"Catanduva",8.09220206,2018,"Longevidade",10.78,"Taxas de mortalidade infantil (por mil nascidos vivos)"
3511102,"Catanduva",9.605662285,2020,"Longevidade",10.47,"Taxas de mortalidade infantil (por mil nascidos vivos)"
3511102,"Catanduva",10.42524005,2022,"Longevidade",10.33,"Taxas de mortalidade infantil (por mil nascidos vivos)"
3511102,"Catanduva",11.2294846,2024,"Longevidade",11.16,"Taxas de mortalidade infantil (por mil nascidos vivos)"
3511201,"Catiguá",9.404388715,2014,"Longevidade",11.45,"Taxas de mortalidade infantil (por mil nascidos vivos)"
3511201,"Catiguá",9.316770186,2016,"Longevidade",10.76,"Taxas de mortalidade infantil (por mil nascidos vivos)"
3511201,"Catiguá",9.375,2018,"Longevidade",10.78,"Taxas de mortalidade infantil (por mil nascidos vivos)"
3511201,"Catiguá",13.55932203,2020,"Longevidade",10.47,"Taxas de mortalidade infantil (por mil nascidos vivos)"
3511201,"Catiguá",7.590132827,2022,"Longevidade",10.33,"Taxas de mortalidade infantil (por mil nascidos vivos)"
3511201,"Catiguá",8.733624454,2024,"Longevidade",11.16,"Taxas de mortalidade infantil (por mil nascidos vivos)"
3511300,"Cedral",17.57469244,2014,"Longevidade",11.45,"Taxas de mortalidade infantil (por mil nascidos vivos)"
3511300,"Cedral",14.46945338,2016,"Longevidade",10.76,"Taxas de mortalidade infantil (por mil nascidos vivos)"
3511300,"Cedral",9.009009009,2018,"Longevidade",10.78,"Taxas de mortalidade infantil (por mil nascidos vivos)"
3511300,"Cedral",5.405405405,2020,"Longevidade",10.47,"Taxas de mortalidade infantil (por mil nascidos vivos)"
3511300,"Cedral",4.962779156,2022,"Longevidade",10.33,"Taxas de mortalidade infantil (por mil nascidos vivos)"
3511300,"Cedral",4.819277108,2024,"Longevidade",11.16,"Taxas de mortalidade infantil (por mil nascidos vivos)"
3511409,"Cerqueira César",11.87335092,2014,"Longevidade",11.45,"Taxas de mortalidade infantil (por mil nascidos vivos)"
3511409,"Cerqueira César",8.883248731,2016,"Longevidade",10.76,"Taxas de mortalidade infantil (por mil nascidos vivos)"
3511409,"Cerqueira César",11.4213198,2018,"Longevidade",10.78,"Taxas de mortalidade infantil (por mil nascidos vivos)"
3511409,"Cerqueira César",8.883248731,2020,"Longevidade",10.47,"Taxas de mortalidade infantil (por mil nascidos vivos)"
3511409,"Cerqueira César",12.65822785,2022,"Longevidade",10.33,"Taxas de mortalidade infantil (por mil nascidos vivos)"
3511409,"Cerqueira César",13.77410468,2024,"Longevidade",11.16,"Taxas de mortalidade infantil (por mil nascidos vivos)"
3511508,"Cerquilho",8.089607965,2014,"Longevidade",11.45,"Taxas de mortalidade infantil (por mil nascidos vivos)"
3511508,"Cerquilho",7.398273736,2016,"Longevidade",10.76,"Taxas de mortalidade infantil (por mil nascidos vivos)"
3511508,"Cerquilho",6.357279085,2018,"Longevidade",10.78,"Taxas de mortalidade infantil (por mil nascidos vivos)"
3511508,"Cerquilho",12.54953765,2020,"Longevidade",10.47,"Taxas de mortalidade infantil (por mil nascidos vivos)"
3511508,"Cerquilho",5.755395683,2022,"Longevidade",10.33,"Taxas de mortalidade infantil (por mil nascidos vivos)"
3511508,"Cerquilho",5.852231163,2024,"Longevidade",11.16,"Taxas de mortalidade infantil (por mil nascidos vivos)"
3511607,"Cesário Lange",11.28349788,2014,"Longevidade",11.45,"Taxas de mortalidade infantil (por mil nascidos vivos)"
3511607,"Cesário Lange",17.63224181,2016,"Longevidade",10.76,"Taxas de mortalidade infantil (por mil nascidos vivos)"
3511607,"Cesário Lange",12.33045623,2018,"Longevidade",10.78,"Taxas de mortalidade infantil (por mil nascidos vivos)"
3511607,"Cesário Lange",14.92537313,2020,"Longevidade",10.47,"Taxas de mortalidade infantil (por mil nascidos vivos)"
3511607,"Cesário Lange",16.92524683,2022,"Longevidade",10.33,"Taxas de mortalidade infantil (por mil nascidos vivos)"
3511607,"Cesário Lange",18.84057971,2024,"Longevidade",11.16,"Taxas de mortalidade infantil (por mil nascidos vivos)"
3511706,"Charqueada",11.51315789,2014,"Longevidade",11.45,"Taxas de mortalidade infantil (por mil nascidos vivos)"
3511706,"Charqueada",14.04056162,2016,"Longevidade",10.76,"Taxas de mortalidade infantil (por mil nascidos vivos)"
3511706,"Charqueada",9.302325581,2018,"Longevidade",10.78,"Taxas de mortalidade infantil (por mil nascidos vivos)"
3511706,"Charqueada",10.22146508,2020,"Longevidade",10.47,"Taxas de mortalidade infantil (por mil nascidos vivos)"
3511706,"Charqueada",10.65719361,2022,"Longevidade",10.33,"Taxas de mortalidade infantil (por mil nascidos vivos)"
3511706,"Charqueada",11.00917431,2024,"Longevidade",11.16,"Taxas de mortalidade infantil (por mil nascidos vivos)"
3511904,"Clementina",12.97169811,2014,"Longevidade",11.45,"Taxas de mortalidade infantil (por mil nascidos vivos)"
3511904,"Clementina",10.05025126,2016,"Longevidade",10.76,"Taxas de mortalidade infantil (por mil nascidos vivos)"
3511904,"Clementina",13.78446115,2018,"Longevidade",10.78,"Taxas de mortalidade infantil (por mil nascidos vivos)"
3511904,"Clementina",9.641873278,2020,"Longevidade",10.47,"Taxas de mortalidade infantil (por mil nascidos vivos)"
3511904,"Clementina",8.823529412,2022,"Longevidade",10.33,"Taxas de mortalidade infantil (por mil nascidos vivos)"
3511904,"Clementina",10.88646967,2024,"Longevidade",11.16,"Taxas de mortalidade infantil (por mil nascidos vivos)"
3512001,"Colina",13.9275766,2014,"Longevidade",11.45,"Taxas de mortalidade infantil (por mil nascidos vivos)"
3512001,"Colina",6.944444444,2016,"Longevidade",10.76,"Taxas de mortalidade infantil (por mil nascidos vivos)"
3512001,"Colina",7.246376812,2018,"Longevidade",10.78,"Taxas de mortalidade infantil (por mil nascidos vivos)"
3512001,"Colina",8.130081301,2020,"Longevidade",10.47,"Taxas de mortalidade infantil (por mil nascidos vivos)"
3512001,"Colina",3.139717425,2022,"Longevidade",10.33,"Taxas de mortalidade infantil (por mil nascidos vivos)"
3512001,"Colina",3.267973856,2024,"Longevidade",11.16,"Taxas de mortalidade infantil (por mil nascidos vivos)"
3512100,"Colômbia",6.747638327,2014,"Longevidade",11.45,"Taxas de mortalidade infantil (por mil nascidos vivos)"
3512100,"Colômbia",9.668508287,2016,"Longevidade",10.76,"Taxas de mortalidade infantil (por mil nascidos vivos)"
3512100,"Colômbia",11.31541726,2018,"Longevidade",10.78,"Taxas de mortalidade infantil (por mil nascidos vivos)"
3512100,"Colômbia",7.54147813,2020,"Longevidade",10.47,"Taxas de mortalidade infantil (por mil nascidos vivos)"
3512100,"Colômbia",11.57024793,2022,"Longevidade",10.33,"Taxas de mortalidade infantil (por mil nascidos vivos)"
3512100,"Colômbia",8.223684211,2024,"Longevidade",11.16,"Taxas de mortalidade infantil (por mil nascidos vivos)"
3512209,"Conchal",7.159904535,2014,"Longevidade",11.45,"Taxas de mortalidade infantil (por mil nascidos vivos)"
3512209,"Conchal",12.18521527,2016,"Longevidade",10.76,"Taxas de mortalidade infantil (por mil nascidos vivos)"
3512209,"Conchal",11.29518072,2018,"Longevidade",10.78,"Taxas de mortalidade infantil (por mil nascidos vivos)"
3512209,"Conchal",12.29211858,2020,"Longevidade",10.47,"Taxas de mortalidade infantil (por mil nascidos vivos)"
3512209,"Conchal",14.29706116,2022,"Longevidade",10.33,"Taxas de mortalidade infantil (por mil nascidos vivos)"
3512209,"Conchal",15.57093426,2024,"Longevidade",11.16,"Taxas de mortalidade infantil (por mil nascidos vivos)"
3512308,"Conchas",11.3452188,2014,"Longevidade",11.45,"Taxas de mortalidade infantil (por mil nascidos vivos)"
3512308,"Conchas",9.787928222,2016,"Longevidade",10.76,"Taxas de mortalidade infantil (por mil nascidos vivos)"
3512308,"Conchas",9.661835749,2018,"Longevidade",10.78,"Taxas de mortalidade infantil (por mil nascidos vivos)"
3512308,"Conchas",15.46391753,2020,"Longevidade",10.47,"Taxas de mortalidade infantil (por mil nascidos vivos)"
3512308,"Conchas",13.25757576,2022,"Longevidade",10.33,"Taxas de mortalidade infantil (por mil nascidos vivos)"
3512308,"Conchas",9.345794393,2024,"Longevidade",11.16,"Taxas de mortalidade infantil (por mil nascidos vivos)"
3512407,"Cordeirópolis",7.865168539,2014,"Longevidade",11.45,"Taxas de mortalidade infantil (por mil nascidos vivos)"
3512407,"Cordeirópolis",7.73480663,2016,"Longevidade",10.76,"Taxas de mortalidade infantil (por mil nascidos vivos)"
3512407,"Cordeirópolis",3.27510917,2018,"Longevidade",10.78,"Taxas de mortalidade infantil (por mil nascidos vivos)"
3512407,"Cordeirópolis",7.551240561,2020,"Longevidade",10.47,"Taxas de mortalidade infantil (por mil nascidos vivos)"
3512407,"Cordeirópolis",15.98173516,2022,"Longevidade",10.33,"Taxas de mortalidade infantil (por mil nascidos vivos)"
3512407,"Cordeirópolis",13.17365269,2024,"Longevidade",11.16,"Taxas de mortalidade infantil (por mil nascidos vivos)"
3512506,"Coroados",24.60850112,2014,"Longevidade",11.45,"Taxas de mortalidade infantil (por mil nascidos vivos)"
3512506,"Coroados",20,2016,"Longevidade",10.76,"Taxas de mortalidade infantil (por mil nascidos vivos)"
3512506,"Coroados",16.73640167,2018,"Longevidade",10.78,"Taxas de mortalidade infantil (por mil nascidos vivos)"
3512506,"Coroados",18.34862385,2020,"Longevidade",10.47,"Taxas de mortalidade infantil (por mil nascidos vivos)"
3512506,"Coroados",12.78772379,2022,"Longevidade",10.33,"Taxas de mortalidade infantil (por mil nascidos vivos)"
3512506,"Coroados",17.96407186,2024,"Longevidade",11.16,"Taxas de mortalidade infantil (por mil nascidos vivos)"
3512605,"Coronel Macedo",9.56937799,2014,"Longevidade",11.45,"Taxas de mortalidade infantil (por mil nascidos vivos)"
3512605,"Coronel Macedo",5.263157895,2016,"Longevidade",10.76,"Taxas de mortalidade infantil (por mil nascidos vivos)"
3512605,"Coronel Macedo",5.649717514,2018,"Longevidade",10.78,"Taxas de mortalidade infantil (por mil nascidos vivos)"
3512605,"Coronel Macedo",5.747126437,2020,"Longevidade",10.47,"Taxas de mortalidade infantil (por mil nascidos vivos)"
3512605,"Coronel Macedo",12.08459215,2022,"Longevidade",10.33,"Taxas de mortalidade infantil (por mil nascidos vivos)"
3512605,"Coronel Macedo",12.08459215,2024,"Longevidade",11.16,"Taxas de mortalidade infantil (por mil nascidos vivos)"
3512704,"Corumbataí",8.356545961,2014,"Longevidade",11.45,"Taxas de mortalidade infantil (por mil nascidos vivos)"
3512704,"Corumbataí",2.624671916,2020,"Longevidade",10.47,"Taxas de mortalidade infantil (por mil nascidos vivos)"
3512704,"Corumbataí",2.83286119,2022,"Longevidade",10.33,"Taxas de mortalidade infantil (por mil nascidos vivos)"
3512704,"Corumbataí",3.115264798,2024,"Longevidade",11.16,"Taxas de mortalidade infantil (por mil nascidos vivos)"
3512803,"Cosmópolis",12.33585356,2014,"Longevidade",11.45,"Taxas de mortalidade infantil (por mil nascidos vivos)"
3512803,"Cosmópolis",9.178522258,2016,"Longevidade",10.76,"Taxas de mortalidade infantil (por mil nascidos vivos)"
3512803,"Cosmópolis",8.71559633,2018,"Longevidade",10.78,"Taxas de mortalidade infantil (por mil nascidos vivos)"
3512803,"Cosmópolis",9.784735812,2020,"Longevidade",10.47,"Taxas de mortalidade infantil (por mil nascidos vivos)"
3512803,"Cosmópolis",8.316008316,2022,"Longevidade",10.33,"Taxas de mortalidade infantil (por mil nascidos vivos)"
3512803,"Cosmópolis",11.23595506,2024,"Longevidade",11.16,"Taxas de mortalidade infantil (por mil nascidos vivos)"
3512902,"Cosmorama",8.016032064,2014,"Longevidade",11.45,"Taxas de mortalidade infantil (por mil nascidos vivos)"
3512902,"Cosmorama",11.83431953,2016,"Longevidade",10.76,"Taxas de mortalidade infantil (por mil nascidos vivos)"
3512902,"Cosmorama",11.34215501,2018,"Longevidade",10.78,"Taxas de mortalidade infantil (por mil nascidos vivos)"
3512902,"Cosmorama",7.518796992,2020,"Longevidade",10.47,"Taxas de mortalidade infantil (por mil nascidos vivos)"
3512902,"Cosmorama",11.00917431,2022,"Longevidade",10.33,"Taxas de mortalidade infantil (por mil nascidos vivos)"
3512902,"Cosmorama",9.950248756,2024,"Longevidade",11.16,"Taxas de mortalidade infantil (por mil nascidos vivos)"
3513009,"Cotia",9.708737864,2014,"Longevidade",11.45,"Taxas de mortalidade infantil (por mil nascidos vivos)"
3513009,"Cotia",10.48049016,2016,"Longevidade",10.76,"Taxas de mortalidade infantil (por mil nascidos vivos)"
3513009,"Cotia",9.446148878,2018,"Longevidade",10.78,"Taxas de mortalidade infantil (por mil nascidos vivos)"
3513009,"Cotia",8.314810241,2020,"Longevidade",10.47,"Taxas de mortalidade infantil (por mil nascidos vivos)"
3513009,"Cotia",10.0564573,2022,"Longevidade",10.33,"Taxas de mortalidade infantil (por mil nascidos vivos)"
3513009,"Cotia",13.00904977,2024,"Longevidade",11.16,"Taxas de mortalidade infantil (por mil nascidos vivos)"
3513108,"Cravinhos",11.25401929,2014,"Longevidade",11.45,"Taxas de mortalidade infantil (por mil nascidos vivos)"
3513108,"Cravinhos",9.74025974,2016,"Longevidade",10.76,"Taxas de mortalidade infantil (por mil nascidos vivos)"
3513108,"Cravinhos",12.46882793,2018,"Longevidade",10.78,"Taxas de mortalidade infantil (por mil nascidos vivos)"
3513108,"Cravinhos",8.382229673,2020,"Longevidade",10.47,"Taxas de mortalidade infantil (por mil nascidos vivos)"
3513108,"Cravinhos",12.62398557,2022,"Longevidade",10.33,"Taxas de mortalidade infantil (por mil nascidos vivos)"
3513108,"Cravinhos",19.57129543,2024,"Longevidade",11.16,"Taxas de mortalidade infantil (por mil nascidos vivos)"
3513207,"Cristais Paulista",8.720930233,2014,"Longevidade",11.45,"Taxas de mortalidade infantil (por mil nascidos vivos)"
3513207,"Cristais Paulista",13.35113485,2016,"Longevidade",10.76,"Taxas de mortalidade infantil (por mil nascidos vivos)"
3513207,"Cristais Paulista",14.36031332,2018,"Longevidade",10.78,"Taxas de mortalidade infantil (por mil nascidos vivos)"
3513207,"Cristais Paulista",12.64222503,2020,"Longevidade",10.47,"Taxas de mortalidade infantil (por mil nascidos vivos)"
3513207,"Cristais Paulista",12.48439451,2022,"Longevidade",10.33,"Taxas de mortalidade infantil (por mil nascidos vivos)"
3513207,"Cristais Paulista",12.17861976,2024,"Longevidade",11.16,"Taxas de mortalidade infantil (por mil nascidos vivos)"
3513306,"Cruzália",30.3030303,2014,"Longevidade",11.45,"Taxas de mortalidade infantil (por mil nascidos vivos)"
3513306,"Cruzália",19.48051948,2016,"Longevidade",10.76,"Taxas de mortalidade infantil (por mil nascidos vivos)"
3513306,"Cruzália",18.75,2018,"Longevidade",10.78,"Taxas de mortalidade infantil (por mil nascidos vivos)"
3513306,"Cruzália",13.24503311,2020,"Longevidade",10.47,"Taxas de mortalidade infantil (por mil nascidos vivos)"
3513306,"Cruzália",6.711409396,2022,"Longevidade",10.33,"Taxas de mortalidade infantil (por mil nascidos vivos)"
3513306,"Cruzália",7.246376812,2024,"Longevidade",11.16,"Taxas de mortalidade infantil (por mil nascidos vivos)"
3513405,"Cruzeiro",15.4185022,2014,"Longevidade",11.45,"Taxas de mortalidade infantil (por mil nascidos vivos)"
3513405,"Cruzeiro",9.143244158,2016,"Longevidade",10.76,"Taxas de mortalidade infantil (por mil nascidos vivos)"
3513405,"Cruzeiro",9.615384615,2018,"Longevidade",10.78,"Taxas de mortalidade infantil (por mil nascidos vivos)"
3513405,"Cruzeiro",10.29790364,2020,"Longevidade",10.47,"Taxas de mortalidade infantil (por mil nascidos vivos)"
3513405,"Cruzeiro",9.237875289,2022,"Longevidade",10.33,"Taxas de mortalidade infantil (por mil nascidos vivos)"
3513405,"Cruzeiro",11.7085863,2024,"Longevidade",11.16,"Taxas de mortalidade infantil (por mil nascidos vivos)"
3513504,"Cubatão",19.49521323,2014,"Longevidade",11.45,"Taxas de mortalidade infantil (por mil nascidos vivos)"
3513504,"Cubatão",16.38080555,2016,"Longevidade",10.76,"Taxas de mortalidade infantil (por mil nascidos vivos)"
3513504,"Cubatão",14.439699,2018,"Longevidade",10.78,"Taxas de mortalidade infantil (por mil nascidos vivos)"
3513504,"Cubatão",12.75239107,2020,"Longevidade",10.47,"Taxas de mortalidade infantil (por mil nascidos vivos)"
3513504,"Cubatão",10.42149143,2022,"Longevidade",10.33,"Taxas de mortalidade infantil (por mil nascidos vivos)"
3513504,"Cubatão",17.4752217,2024,"Longevidade",11.16,"Taxas de mortalidade infantil (por mil nascidos vivos)"
3513603,"Cunha",8.356545961,2014,"Longevidade",11.45,"Taxas de mortalidade infantil (por mil nascidos vivos)"
3513603,"Cunha",5.805515239,2016,"Longevidade",10.76,"Taxas de mortalidade infantil (por mil nascidos vivos)"
3513603,"Cunha",8.438818565,2018,"Longevidade",10.78,"Taxas de mortalidade infantil (por mil nascidos vivos)"
3513603,"Cunha",6.720430108,2020,"Longevidade",10.47,"Taxas de mortalidade infantil (por mil nascidos vivos)"
3513603,"Cunha",7.062146893,2022,"Longevidade",10.33,"Taxas de mortalidade infantil (por mil nascidos vivos)"
3513603,"Cunha",9.762900976,2024,"Longevidade",11.16,"Taxas de mortalidade infantil (por mil nascidos vivos)"
3513702,"Descalvado",5.988023952,2014,"Longevidade",11.45,"Taxas de mortalidade infantil (por mil nascidos vivos)"
3513702,"Descalvado",10.05484461,2016,"Longevidade",10.76,"Taxas de mortalidade infantil (por mil nascidos vivos)"
3513702,"Descalvado",5.586592179,2018,"Longevidade",10.78,"Taxas de mortalidade infantil (por mil nascidos vivos)"
3513702,"Descalvado",3.770028275,2020,"Longevidade",10.47,"Taxas de mortalidade infantil (por mil nascidos vivos)"
3513702,"Descalvado",10.37344398,2022,"Longevidade",10.33,"Taxas de mortalidade infantil (por mil nascidos vivos)"
3513702,"Descalvado",12.08791209,2024,"Longevidade",11.16,"Taxas de mortalidade infantil (por mil nascidos vivos)"
3513801,"Diadema",14.00531056,2014,"Longevidade",11.45,"Taxas de mortalidade infantil (por mil nascidos vivos)"
3513801,"Diadema",14.09313725,2016,"Longevidade",10.76,"Taxas de mortalidade infantil (por mil nascidos vivos)"
3513801,"Diadema",13.02743832,2018,"Longevidade",10.78,"Taxas de mortalidade infantil (por mil nascidos vivos)"
3513801,"Diadema",11.49644309,2020,"Longevidade",10.47,"Taxas de mortalidade infantil (por mil nascidos vivos)"
3513801,"Diadema",11.79262775,2022,"Longevidade",10.33,"Taxas de mortalidade infantil (por mil nascidos vivos)"
3513801,"Diadema",12.26391955,2024,"Longevidade",11.16,"Taxas de mortalidade infantil (por mil nascidos vivos)"
3513850,"Dirce Reis",15.15151515,2014,"Longevidade",11.45,"Taxas de mortalidade infantil (por mil nascidos vivos)"
3513850,"Dirce Reis",30.76923077,2016,"Longevidade",10.76,"Taxas de mortalidade infantil (por mil nascidos vivos)"
3513850,"Dirce Reis",40,2018,"Longevidade",10.78,"Taxas de mortalidade infantil (por mil nascidos vivos)"
3513850,"Dirce Reis",25.86206897,2020,"Longevidade",10.47,"Taxas de mortalidade infantil (por mil nascidos vivos)"
3513850,"Dirce Reis",26.31578947,2022,"Longevidade",10.33,"Taxas de mortalidade infantil (por mil nascidos vivos)"
3513850,"Dirce Reis",9.174311927,2024,"Longevidade",11.16,"Taxas de mortalidade infantil (por mil nascidos vivos)"
3513900,"Divinolândia",7.444168734,2014,"Longevidade",11.45,"Taxas de mortalidade infantil (por mil nascidos vivos)"
3513900,"Divinolândia",11.17318436,2016,"Longevidade",10.76,"Taxas de mortalidade infantil (por mil nascidos vivos)"
3513900,"Divinolândia",10.95890411,2018,"Longevidade",10.78,"Taxas de mortalidade infantil (por mil nascidos vivos)"
3513900,"Divinolândia",2.590673575,2020,"Longevidade",10.47,"Taxas de mortalidade infantil (por mil nascidos vivos)"
3513900,"Divinolândia",8.498583569,2024,"Longevidade",11.16,"Taxas de mortalidade infantil (por mil nascidos vivos)"
3514007,"Dobrada",5.580357143,2014,"Longevidade",11.45,"Taxas de mortalidade infantil (por mil nascidos vivos)"
3514007,"Dobrada",10.47729919,2016,"Longevidade",10.76,"Taxas de mortalidade infantil (por mil nascidos vivos)"
3514007,"Dobrada",6.031363088,2018,"Longevidade",10.78,"Taxas de mortalidade infantil (por mil nascidos vivos)"
3514007,"Dobrada",7.722007722,2020,"Longevidade",10.47,"Taxas de mortalidade infantil (por mil nascidos vivos)"
3514007,"Dobrada",9.708737864,2022,"Longevidade",10.33,"Taxas de mortalidade infantil (por mil nascidos vivos)"
3514007,"Dobrada",12.48266297,2024,"Longevidade",11.16,"Taxas de mortalidade infantil (por mil nascidos vivos)"
3514106,"Dois Córregos",15.46860783,2014,"Longevidade",11.45,"Taxas de mortalidade infantil (por mil nascidos vivos)"
3514106,"Dois Córregos",14.09774436,2016,"Longevidade",10.76,"Taxas de mortalidade infantil (por mil nascidos vivos)"
3514106,"Dois Córregos",10.45627376,2018,"Longevidade",10.78,"Taxas de mortalidade infantil (por mil nascidos vivos)"
3514106,"Dois Córregos",7.216494845,2020,"Longevidade",10.47,"Taxas de mortalidade infantil (por mil nascidos vivos)"
3514106,"Dois Córregos",5.66893424,2022,"Longevidade",10.33,"Taxas de mortalidade infantil (por mil nascidos vivos)"
3514106,"Dois Córregos",13.55932203,2024,"Longevidade",11.16,"Taxas de mortalidade infantil (por mil nascidos vivos)"
3514304,"Dourado",8.319467554,2014,"Longevidade",11.45,"Taxas de mortalidade infantil (por mil nascidos vivos)"
3514304,"Dourado",12.94498382,2016,"Longevidade",10.76,"Taxas de mortalidade infantil (por mil nascidos vivos)"
3514304,"Dourado",15.67398119,2018,"Longevidade",10.78,"Taxas de mortalidade infantil (por mil nascidos vivos)"
3514304,"Dourado",20.93397746,2020,"Longevidade",10.47,"Taxas de mortalidade infantil (por mil nascidos vivos)"
3514304,"Dourado",18.06239737,2022,"Longevidade",10.33,"Taxas de mortalidade infantil (por mil nascidos vivos)"
3514304,"Dourado",13.96160558,2024,"Longevidade",11.16,"Taxas de mortalidade infantil (por mil nascidos vivos)"
3514403,"Dracena",11.69188446,2014,"Longevidade",11.45,"Taxas de mortalidade infantil (por mil nascidos vivos)"
3514403,"Dracena",7.90513834,2016,"Longevidade",10.76,"Taxas de mortalidade infantil (por mil nascidos vivos)"
3514403,"Dracena",12.4264225,2018,"Longevidade",10.78,"Taxas de mortalidade infantil (por mil nascidos vivos)"
3514403,"Dracena",10.20408163,2020,"Longevidade",10.47,"Taxas de mortalidade infantil (por mil nascidos vivos)"
3514403,"Dracena",9.393063584,2022,"Longevidade",10.33,"Taxas de mortalidade infantil (por mil nascidos vivos)"
3514403,"Dracena",13.96032329,2024,"Longevidade",11.16,"Taxas de mortalidade infantil (por mil nascidos vivos)"
3514502,"Duartina",19.27710843,2014,"Longevidade",11.45,"Taxas de mortalidade infantil (por mil nascidos vivos)"
3514502,"Duartina",12.46882793,2016,"Longevidade",10.76,"Taxas de mortalidade infantil (por mil nascidos vivos)"
3514502,"Duartina",17.67676768,2018,"Longevidade",10.78,"Taxas de mortalidade infantil (por mil nascidos vivos)"
3514502,"Duartina",14.5631068,2020,"Longevidade",10.47,"Taxas de mortalidade infantil (por mil nascidos vivos)"
3514502,"Duartina",7.518796992,2022,"Longevidade",10.33,"Taxas de mortalidade infantil (por mil nascidos vivos)"
3514502,"Duartina",7.633587786,2024,"Longevidade",11.16,"Taxas de mortalidade infantil (por mil nascidos vivos)"
3514601,"Dumont",7.645259939,2014,"Longevidade",11.45,"Taxas de mortalidade infantil (por mil nascidos vivos)"
3514601,"Dumont",9.971509972,2016,"Longevidade",10.76,"Taxas de mortalidade infantil (por mil nascidos vivos)"
3514601,"Dumont",9.35828877,2018,"Longevidade",10.78,"Taxas de mortalidade infantil (por mil nascidos vivos)"
3514601,"Dumont",11.64294955,2020,"Longevidade",10.47,"Taxas de mortalidade infantil (por mil nascidos vivos)"
3514601,"Dumont",6.402048656,2022,"Longevidade",10.33,"Taxas de mortalidade infantil (por mil nascidos vivos)"
3514601,"Dumont",7.682458387,2024,"Longevidade",11.16,"Taxas de mortalidade infantil (por mil nascidos vivos)"
3514700,"Echaporã",16.15798923,2014,"Longevidade",11.45,"Taxas de mortalidade infantil (por mil nascidos vivos)"
3514700,"Echaporã",14.13427562,2016,"Longevidade",10.76,"Taxas de mortalidade infantil (por mil nascidos vivos)"
3514700,"Echaporã",13.98601399,2018,"Longevidade",10.78,"Taxas de mortalidade infantil (por mil nascidos vivos)"
3514700,"Echaporã",15.17706577,2020,"Longevidade",10.47,"Taxas de mortalidade infantil (por mil nascidos vivos)"
3514700,"Echaporã",11.96581197,2022,"Longevidade",10.33,"Taxas de mortalidade infantil (por mil nascidos vivos)"
3514700,"Echaporã",10.3626943,2024,"Longevidade",11.16,"Taxas de mortalidade infantil (por mil nascidos vivos)"
3514809,"Eldorado",15.15151515,2014,"Longevidade",11.45,"Taxas de mortalidade infantil (por mil nascidos vivos)"
3514809,"Eldorado",7.680491551,2016,"Longevidade",10.76,"Taxas de mortalidade infantil (por mil nascidos vivos)"
3514809,"Eldorado",9.132420091,2018,"Longevidade",10.78,"Taxas de mortalidade infantil (por mil nascidos vivos)"
3514809,"Eldorado",13.07189542,2020,"Longevidade",10.47,"Taxas de mortalidade infantil (por mil nascidos vivos)"
3514809,"Eldorado",14.7601476,2022,"Longevidade",10.33,"Taxas de mortalidade infantil (por mil nascidos vivos)"
3514809,"Eldorado",18.36734694,2024,"Longevidade",11.16,"Taxas de mortalidade infantil (por mil nascidos vivos)"
3514908,"Elias Fausto",10.78582435,2014,"Longevidade",11.45,"Taxas de mortalidade infantil (por mil nascidos vivos)"
3514908,"Elias Fausto",13.10043668,2016,"Longevidade",10.76,"Taxas de mortalidade infantil (por mil nascidos vivos)"
3514908,"Elias Fausto",14.77104874,2018,"Longevidade",10.78,"Taxas de mortalidade infantil (por mil nascidos vivos)"
3514908,"Elias Fausto",7.473841555,2020,"Longevidade",10.47,"Taxas de mortalidade infantil (por mil nascidos vivos)"
3514908,"Elias Fausto",11.09350238,2022,"Longevidade",10.33,"Taxas de mortalidade infantil (por mil nascidos vivos)"
3514908,"Elias Fausto",15.73426573,2024,"Longevidade",11.16,"Taxas de mortalidade infantil (por mil nascidos vivos)"
3514924,"Elisiário",11.67315175,2014,"Longevidade",11.45,"Taxas de mortalidade infantil (por mil nascidos vivos)"
3514924,"Elisiário",11.40684411,2016,"Longevidade",10.76,"Taxas de mortalidade infantil (por mil nascidos vivos)"
3514924,"Elisiário",7.662835249,2018,"Longevidade",10.78,"Taxas de mortalidade infantil (por mil nascidos vivos)"
3514924,"Elisiário",12.29508197,2020,"Longevidade",10.47,"Taxas de mortalidade infantil (por mil nascidos vivos)"
3514924,"Elisiário",9.756097561,2022,"Longevidade",10.33,"Taxas de mortalidade infantil (por mil nascidos vivos)"
3514924,"Elisiário",5.319148936,2024,"Longevidade",11.16,"Taxas de mortalidade infantil (por mil nascidos vivos)"
3514957,"Embaúba",11.29943503,2014,"Longevidade",11.45,"Taxas de mortalidade infantil (por mil nascidos vivos)"
3514957,"Embaúba",27.21088435,2016,"Longevidade",10.76,"Taxas de mortalidade infantil (por mil nascidos vivos)"
3514957,"Embaúba",27.39726027,2018,"Longevidade",10.78,"Taxas de mortalidade infantil (por mil nascidos vivos)"
3514957,"Embaúba",19.60784314,2020,"Longevidade",10.47,"Taxas de mortalidade infantil (por mil nascidos vivos)"
3514957,"Embaúba",12.98701299,2022,"Longevidade",10.33,"Taxas de mortalidade infantil (por mil nascidos vivos)"
3515004,"Embu das Artes",12.86601597,2014,"Longevidade",11.45,"Taxas de mortalidade infantil (por mil nascidos vivos)"
3515004,"Embu das Artes",11.64763962,2016,"Longevidade",10.76,"Taxas de mortalidade infantil (por mil nascidos vivos)"
3515004,"Embu das Artes",10.8541765,2018,"Longevidade",10.78,"Taxas de mortalidade infantil (por mil nascidos vivos)"
3515004,"Embu das Artes",9.5213806,2020,"Longevidade",10.47,"Taxas de mortalidade infantil (por mil nascidos vivos)"
3515004,"Embu das Artes",8.905486929,2022,"Longevidade",10.33,"Taxas de mortalidade infantil (por mil nascidos vivos)"
3515004,"Embu das Artes",11.48257291,2024,"Longevidade",11.16,"Taxas de mortalidade infantil (por mil nascidos vivos)"
3515103,"Embu-Guaçu",10.99267155,2014,"Longevidade",11.45,"Taxas de mortalidade infantil (por mil nascidos vivos)"
3515103,"Embu-Guaçu",8.280887711,2016,"Longevidade",10.76,"Taxas de mortalidade infantil (por mil nascidos vivos)"
3515103,"Embu-Guaçu",10.05025126,2018,"Longevidade",10.78,"Taxas de mortalidade infantil (por mil nascidos vivos)"
3515103,"Embu-Guaçu",8.17539948,2020,"Longevidade",10.47,"Taxas de mortalidade infantil (por mil nascidos vivos)"
3515103,"Embu-Guaçu",8.928571429,2022,"Longevidade",10.33,"Taxas de mortalidade infantil (por mil nascidos vivos)"
3515103,"Embu-Guaçu",11.55327343,2024,"Longevidade",11.16,"Taxas de mortalidade infantil (por mil nascidos vivos)"
3515129,"Emilianópolis",4.237288136,2016,"Longevidade",10.76,"Taxas de mortalidade infantil (por mil nascidos vivos)"
3515129,"Emilianópolis",4.291845494,2018,"Longevidade",10.78,"Taxas de mortalidade infantil (por mil nascidos vivos)"
3515129,"Emilianópolis",8.368200837,2020,"Longevidade",10.47,"Taxas de mortalidade infantil (por mil nascidos vivos)"
3515129,"Emilianópolis",4.830917874,2022,"Longevidade",10.33,"Taxas de mortalidade infantil (por mil nascidos vivos)"
3515129,"Emilianópolis",9.389671362,2024,"Longevidade",11.16,"Taxas de mortalidade infantil (por mil nascidos vivos)"
3515152,"Engenheiro Coelho",10.61007958,2014,"Longevidade",11.45,"Taxas de mortalidade infantil (por mil nascidos vivos)"
3515152,"Engenheiro Coelho",9.661835749,2016,"Longevidade",10.76,"Taxas de mortalidade infantil (por mil nascidos vivos)"
3515152,"Engenheiro Coelho",7.151370679,2018,"Longevidade",10.78,"Taxas de mortalidade infantil (por mil nascidos vivos)"
3515152,"Engenheiro Coelho",9.195402299,2020,"Longevidade",10.47,"Taxas de mortalidade infantil (por mil nascidos vivos)"
3515152,"Engenheiro Coelho",12.95641932,2022,"Longevidade",10.33,"Taxas de mortalidade infantil (por mil nascidos vivos)"
3515152,"Engenheiro Coelho",10.90909091,2024,"Longevidade",11.16,"Taxas de mortalidade infantil (por mil nascidos vivos)"
3515186,"Espírito Santo do Pinhal",12.28668942,2014,"Longevidade",11.45,"Taxas de mortalidade infantil (por mil nascidos vivos)"
3515186,"Espírito Santo do Pinhal",9.916094584,2016,"Longevidade",10.76,"Taxas de mortalidade infantil (por mil nascidos vivos)"
3515186,"Espírito Santo do Pinhal",5.988023952,2018,"Longevidade",10.78,"Taxas de mortalidade infantil (por mil nascidos vivos)"
3515186,"Espírito Santo do Pinhal",11.33786848,2020,"Longevidade",10.47,"Taxas de mortalidade infantil (por mil nascidos vivos)"
3515186,"Espírito Santo do Pinhal",9.983361065,2022,"Longevidade",10.33,"Taxas de mortalidade infantil (por mil nascidos vivos)"
3515186,"Espírito Santo do Pinhal",17.45200698,2024,"Longevidade",11.16,"Taxas de mortalidade infantil (por mil nascidos vivos)"
3515194,"Espírito Santo do Turvo",2.325581395,2014,"Longevidade",11.45,"Taxas de mortalidade infantil (por mil nascidos vivos)"
3515194,"Espírito Santo do Turvo",9.345794393,2016,"Longevidade",10.76,"Taxas de mortalidade infantil (por mil nascidos vivos)"
3515194,"Espírito Santo do Turvo",14.11764706,2018,"Longevidade",10.78,"Taxas de mortalidade infantil (por mil nascidos vivos)"
3515194,"Espírito Santo do Turvo",13.72997712,2020,"Longevidade",10.47,"Taxas de mortalidade infantil (por mil nascidos vivos)"
3515194,"Espírito Santo do Turvo",8.908685969,2022,"Longevidade",10.33,"Taxas de mortalidade infantil (por mil nascidos vivos)"
3515194,"Espírito Santo do Turvo",11.13585746,2024,"Longevidade",11.16,"Taxas de mortalidade infantil (por mil nascidos vivos)"
3515202,"Estrela d'Oeste",7.911392405,2014,"Longevidade",11.45,"Taxas de mortalidade infantil (por mil nascidos vivos)"
3515202,"Estrela d'Oeste",4.846526656,2016,"Longevidade",10.76,"Taxas de mortalidade infantil (por mil nascidos vivos)"
3515202,"Estrela d'Oeste",4.731861199,2018,"Longevidade",10.78,"Taxas de mortalidade infantil (por mil nascidos vivos)"
3515202,"Estrela d'Oeste",7.73993808,2020,"Longevidade",10.47,"Taxas de mortalidade infantil (por mil nascidos vivos)"
3515202,"Estrela d'Oeste",9.6,2022,"Longevidade",10.33,"Taxas de mortalidade infantil (por mil nascidos vivos)"
3515202,"Estrela d'Oeste",8.305647841,2024,"Longevidade",11.16,"Taxas de mortalidade infantil (por mil nascidos vivos)"
3515301,"Estrela do Norte",15.26717557,2014,"Longevidade",11.45,"Taxas de mortalidade infantil (por mil nascidos vivos)"
3515301,"Estrela do Norte",4.739336493,2022,"Longevidade",10.33,"Taxas de mortalidade infantil (por mil nascidos vivos)"
3515301,"Estrela do Norte",16.39344262,2024,"Longevidade",11.16,"Taxas de mortalidade infantil (por mil nascidos vivos)"
3515350,"Euclides da Cunha Paulista",18.05869074,2014,"Longevidade",11.45,"Taxas de mortalidade infantil (por mil nascidos vivos)"
3515350,"Euclides da Cunha Paulista",15.73849879,2016,"Longevidade",10.76,"Taxas de mortalidade infantil (por mil nascidos vivos)"
3515350,"Euclides da Cunha Paulista",14.74201474,2018,"Longevidade",10.78,"Taxas de mortalidade infantil (por mil nascidos vivos)"
3515350,"Euclides da Cunha Paulista",10.49868766,2020,"Longevidade",10.47,"Taxas de mortalidade infantil (por mil nascidos vivos)"
3515350,"Euclides da Cunha Paulista",9.85915493,2022,"Longevidade",10.33,"Taxas de mortalidade infantil (por mil nascidos vivos)"
3515350,"Euclides da Cunha Paulista",6.024096386,2024,"Longevidade",11.16,"Taxas de mortalidade infantil (por mil nascidos vivos)"
3515400,"Fartura",15.35836177,2014,"Longevidade",11.45,"Taxas de mortalidade infantil (por mil nascidos vivos)"
3515400,"Fartura",8.445945946,2016,"Longevidade",10.76,"Taxas de mortalidade infantil (por mil nascidos vivos)"
3515400,"Fartura",5.154639175,2018,"Longevidade",10.78,"Taxas de mortalidade infantil (por mil nascidos vivos)"
3515400,"Fartura",3.231017771,2020,"Longevidade",10.47,"Taxas de mortalidade infantil (por mil nascidos vivos)"
3515400,"Fartura",5.217391304,2022,"Longevidade",10.33,"Taxas de mortalidade infantil (por mil nascidos vivos)"
3515400,"Fartura",7.843137255,2024,"Longevidade",11.16,"Taxas de mortalidade infantil (por mil nascidos vivos)"
3515509,"Fernandópolis",10.68832835,2014,"Longevidade",11.45,"Taxas de mortalidade infantil (por mil nascidos vivos)"
3515509,"Fernandópolis",8.421052632,2016,"Longevidade",10.76,"Taxas de mortalidade infantil (por mil nascidos vivos)"
3515509,"Fernandópolis",7.867132867,2018,"Longevidade",10.78,"Taxas de mortalidade infantil (por mil nascidos vivos)"
3515509,"Fernandópolis",4.016064257,2020,"Longevidade",10.47,"Taxas de mortalidade infantil (por mil nascidos vivos)"
3515509,"Fernandópolis",8.141112619,2022,"Longevidade",10.33,"Taxas de mortalidade infantil (por mil nascidos vivos)"
3515509,"Fernandópolis",7.045561296,2024,"Longevidade",11.16,"Taxas de mortalidade infantil (por mil nascidos vivos)"
3515608,"Fernando Prestes",10.61007958,2014,"Longevidade",11.45,"Taxas de mortalidade infantil (por mil nascidos vivos)"
3515608,"Fernando Prestes",10.52631579,2016,"Longevidade",10.76,"Taxas de mortalidade infantil (por mil nascidos vivos)"
3515608,"Fernando Prestes",10.20408163,2018,"Longevidade",10.78,"Taxas de mortalidade infantil (por mil nascidos vivos)"
3515608,"Fernando Prestes",10.20408163,2020,"Longevidade",10.47,"Taxas de mortalidade infantil (por mil nascidos vivos)"
3515608,"Fernando Prestes",5.063291139,2022,"Longevidade",10.33,"Taxas de mortalidade infantil (por mil nascidos vivos)"
3515608,"Fernando Prestes",5.277044855,2024,"Longevidade",11.16,"Taxas de mortalidade infantil (por mil nascidos vivos)"
3515657,"Fernão",7.8125,2014,"Longevidade",11.45,"Taxas de mortalidade infantil (por mil nascidos vivos)"
3515657,"Fernão",7.518796992,2016,"Longevidade",10.76,"Taxas de mortalidade infantil (por mil nascidos vivos)"
3515657,"Fernão",15.87301587,2018,"Longevidade",10.78,"Taxas de mortalidade infantil (por mil nascidos vivos)"
3515657,"Fernão",16.12903226,2020,"Longevidade",10.47,"Taxas de mortalidade infantil (por mil nascidos vivos)"
3515657,"Fernão",7.633587786,2022,"Longevidade",10.33,"Taxas de mortalidade infantil (por mil nascidos vivos)"
3515657,"Fernão",7.751937984,2024,"Longevidade",11.16,"Taxas de mortalidade infantil (por mil nascidos vivos)"
3515707,"Ferraz de Vasconcelos",17.11122295,2014,"Longevidade",11.45,"Taxas de mortalidade infantil (por mil nascidos vivos)"
3515707,"Ferraz de Vasconcelos",11.6238112,2016,"Longevidade",10.76,"Taxas de mortalidade infantil (por mil nascidos vivos)"
3515707,"Ferraz de Vasconcelos",12.63537906,2018,"Longevidade",10.78,"Taxas de mortalidade infantil (por mil nascidos vivos)"
3515707,"Ferraz de Vasconcelos",10.8478803,2020,"Longevidade",10.47,"Taxas de mortalidade infantil (por mil nascidos vivos)"
3515707,"Ferraz de Vasconcelos",11.29559064,2022,"Longevidade",10.33,"Taxas de mortalidade infantil (por mil nascidos vivos)"
3515707,"Ferraz de Vasconcelos",13.424821,2024,"Longevidade",11.16,"Taxas de mortalidade infantil (por mil nascidos vivos)"
3515806,"Flora Rica",9.259259259,2014,"Longevidade",11.45,"Taxas de mortalidade infantil (por mil nascidos vivos)"
3515806,"Flora Rica",8.333333333,2016,"Longevidade",10.76,"Taxas de mortalidade infantil (por mil nascidos vivos)"
3515905,"Floreal",6.896551724,2014,"Longevidade",11.45,"Taxas de mortalidade infantil (por mil nascidos vivos)"
3515905,"Floreal",5.988023952,2016,"Longevidade",10.76,"Taxas de mortalidade infantil (por mil nascidos vivos)"
3515905,"Floreal",5.813953488,2018,"Longevidade",10.78,"Taxas de mortalidade infantil (por mil nascidos vivos)"
3515905,"Floreal",6.097560976,2020,"Longevidade",10.47,"Taxas de mortalidade infantil (por mil nascidos vivos)"
3515905,"Floreal",7.042253521,2022,"Longevidade",10.33,"Taxas de mortalidade infantil (por mil nascidos vivos)"
3515905,"Floreal",6.993006993,2024,"Longevidade",11.16,"Taxas de mortalidade infantil (por mil nascidos vivos)"
3516002,"Flórida Paulista",10.95890411,2014,"Longevidade",11.45,"Taxas de mortalidade infantil (por mil nascidos vivos)"
3516002,"Flórida Paulista",25.64102564,2016,"Longevidade",10.76,"Taxas de mortalidade infantil (por mil nascidos vivos)"
3516002,"Flórida Paulista",27.86377709,2018,"Longevidade",10.78,"Taxas de mortalidade infantil (por mil nascidos vivos)"
3516002,"Flórida Paulista",25,2020,"Longevidade",10.47,"Taxas de mortalidade infantil (por mil nascidos vivos)"
3516002,"Flórida Paulista",20.4778157,2022,"Longevidade",10.33,"Taxas de mortalidade infantil (por mil nascidos vivos)"
3516002,"Flórida Paulista",3.546099291,2024,"Longevidade",11.16,"Taxas de mortalidade infantil (por mil nascidos vivos)"
3516101,"Florínea",17.36111111,2014,"Longevidade",11.45,"Taxas de mortalidade infantil (por mil nascidos vivos)"
3516101,"Florínea",11.67315175,2016,"Longevidade",10.76,"Taxas de mortalidade infantil (por mil nascidos vivos)"
3516101,"Florínea",12.04819277,2018,"Longevidade",10.78,"Taxas de mortalidade infantil (por mil nascidos vivos)"
3516101,"Florínea",8.810572687,2020,"Longevidade",10.47,"Taxas de mortalidade infantil (por mil nascidos vivos)"
3516200,"Franca",9.643545968,2014,"Longevidade",11.45,"Taxas de mortalidade infantil (por mil nascidos vivos)"
3516200,"Franca",9.207230384,2016,"Longevidade",10.76,"Taxas de mortalidade infantil (por mil nascidos vivos)"
3516200,"Franca",9.724473258,2018,"Longevidade",10.78,"Taxas de mortalidade infantil (por mil nascidos vivos)"
3516200,"Franca",9.259923911,2020,"Longevidade",10.47,"Taxas de mortalidade infantil (por mil nascidos vivos)"
3516200,"Franca",7.483046223,2022,"Longevidade",10.33,"Taxas de mortalidade infantil (por mil nascidos vivos)"
3516200,"Franca",9.166934706,2024,"Longevidade",11.16,"Taxas de mortalidade infantil (por mil nascidos vivos)"
3516309,"Francisco Morato",11.11489169,2014,"Longevidade",11.45,"Taxas de mortalidade infantil (por mil nascidos vivos)"
3516309,"Francisco Morato",11.277771510000001,2016,"Longevidade",10.76,"Taxas de mortalidade infantil (por mil nascidos vivos)"
3516309,"Francisco Morato",12.78029511,2018,"Longevidade",10.78,"Taxas de mortalidade infantil (por mil nascidos vivos)"
3516309,"Francisco Morato",13.46801347,2020,"Longevidade",10.47,"Taxas de mortalidade infantil (por mil nascidos vivos)"
3516309,"Francisco Morato",12.00707786,2022,"Longevidade",10.33,"Taxas de mortalidade infantil (por mil nascidos vivos)"
3516309,"Francisco Morato",11.44570105,2024,"Longevidade",11.16,"Taxas de mortalidade infantil (por mil nascidos vivos)"
3516408,"Franco da Rocha",11.46575767,2014,"Longevidade",11.45,"Taxas de mortalidade infantil (por mil nascidos vivos)"
3516408,"Franco da Rocha",12.66381976,2016,"Longevidade",10.76,"Taxas de mortalidade infantil (por mil nascidos vivos)"
3516408,"Franco da Rocha",12.47745039,2018,"Longevidade",10.78,"Taxas de mortalidade infantil (por mil nascidos vivos)"
3516408,"Franco da Rocha",10.3784129,2020,"Longevidade",10.47,"Taxas de mortalidade infantil (por mil nascidos vivos)"
3516408,"Franco da Rocha",9.24991591,2022,"Longevidade",10.33,"Taxas de mortalidade infantil (por mil nascidos vivos)"
3516408,"Franco da Rocha",10.9229929,2024,"Longevidade",11.16,"Taxas de mortalidade infantil (por mil nascidos vivos)"
3516507,"Gabriel Monteiro",18.77934272,2014,"Longevidade",11.45,"Taxas de mortalidade infantil (por mil nascidos vivos)"
3516507,"Gabriel Monteiro",22.93577982,2016,"Longevidade",10.76,"Taxas de mortalidade infantil (por mil nascidos vivos)"
3516507,"Gabriel Monteiro",17.09401709,2018,"Longevidade",10.78,"Taxas de mortalidade infantil (por mil nascidos vivos)"
3516507,"Gabriel Monteiro",14.42307692,2020,"Longevidade",10.47,"Taxas de mortalidade infantil (por mil nascidos vivos)"
3516507,"Gabriel Monteiro",5.291005291,2022,"Longevidade",10.33,"Taxas de mortalidade infantil (por mil nascidos vivos)"
3516507,"Gabriel Monteiro",11.17318436,2024,"Longevidade",11.16,"Taxas de mortalidade infantil (por mil nascidos vivos)"
3516606,"Gália",16.98113208,2014,"Longevidade",11.45,"Taxas de mortalidade infantil (por mil nascidos vivos)"
3516606,"Gália",17.71653543,2016,"Longevidade",10.76,"Taxas de mortalidade infantil (por mil nascidos vivos)"
3516606,"Gália",17.578125,2018,"Longevidade",10.78,"Taxas de mortalidade infantil (por mil nascidos vivos)"
3516606,"Gália",16.22718053,2020,"Longevidade",10.47,"Taxas de mortalidade infantil (por mil nascidos vivos)"
3516606,"Gália",19.48051948,2022,"Longevidade",10.33,"Taxas de mortalidade infantil (por mil nascidos vivos)"
3516606,"Gália",11.87648456,2024,"Longevidade",11.16,"Taxas de mortalidade infantil (por mil nascidos vivos)"
3516705,"Garça",14.15384615,2014,"Longevidade",11.45,"Taxas de mortalidade infantil (por mil nascidos vivos)"
3516705,"Garça",13.92405063,2016,"Longevidade",10.76,"Taxas de mortalidade infantil (por mil nascidos vivos)"
3516705,"Garça",11.6354234,2018,"Longevidade",10.78,"Taxas de mortalidade infantil (por mil nascidos vivos)"
3516705,"Garça",15.85204756,2020,"Longevidade",10.47,"Taxas de mortalidade infantil (por mil nascidos vivos)"
3516705,"Garça",12.75690999,2022,"Longevidade",10.33,"Taxas de mortalidade infantil (por mil nascidos vivos)"
3516705,"Garça",18.56148492,2024,"Longevidade",11.16,"Taxas de mortalidade infantil (por mil nascidos vivos)"
3516804,"Gastão Vidigal",4.87804878,2014,"Longevidade",11.45,"Taxas de mortalidade infantil (por mil nascidos vivos)"
3516804,"Gastão Vidigal",8.2191780820000009,2016,"Longevidade",10.76,"Taxas de mortalidade infantil (por mil nascidos vivos)"
3516804,"Gastão Vidigal",9.063444109,2018,"Longevidade",10.78,"Taxas de mortalidade infantil (por mil nascidos vivos)"
3516804,"Gastão Vidigal",6.600660066,2020,"Longevidade",10.47,"Taxas de mortalidade infantil (por mil nascidos vivos)"
3516853,"Gavião Peixoto",8.908685969,2014,"Longevidade",11.45,"Taxas de mortalidade infantil (por mil nascidos vivos)"
3516853,"Gavião Peixoto",15.38461538,2016,"Longevidade",10.76,"Taxas de mortalidade infantil (por mil nascidos vivos)"
3516853,"Gavião Peixoto",15.65995526,2018,"Longevidade",10.78,"Taxas de mortalidade infantil (por mil nascidos vivos)"
3516853,"Gavião Peixoto",8.565310493,2020,"Longevidade",10.47,"Taxas de mortalidade infantil (por mil nascidos vivos)"
3516853,"Gavião Peixoto",11.03752759,2022,"Longevidade",10.33,"Taxas de mortalidade infantil (por mil nascidos vivos)"
3516853,"Gavião Peixoto",6.681514477,2024,"Longevidade",11.16,"Taxas de mortalidade infantil (por mil nascidos vivos)"
3516903,"General Salgado",2.72479564,2014,"Longevidade",11.45,"Taxas de mortalidade infantil (por mil nascidos vivos)"
3516903,"General Salgado",14.70588235,2016,"Longevidade",10.76,"Taxas de mortalidade infantil (por mil nascidos vivos)"
3516903,"General Salgado",16.85393258,2018,"Longevidade",10.78,"Taxas de mortalidade infantil (por mil nascidos vivos)"
3516903,"General Salgado",6.666666667,2020,"Longevidade",10.47,"Taxas de mortalidade infantil (por mil nascidos vivos)"
3516903,"General Salgado",10.71428571,2022,"Longevidade",10.33,"Taxas de mortalidade infantil (por mil nascidos vivos)"
3516903,"General Salgado",17.24137931,2024,"Longevidade",11.16,"Taxas de mortalidade infantil (por mil nascidos vivos)"
3517000,"Getulina",20.40816327,2014,"Longevidade",11.45,"Taxas de mortalidade infantil (por mil nascidos vivos)"
3517000,"Getulina",6.25,2016,"Longevidade",10.76,"Taxas de mortalidade infantil (por mil nascidos vivos)"
3517000,"Getulina",6.666666667,2018,"Longevidade",10.78,"Taxas de mortalidade infantil (por mil nascidos vivos)"
3517000,"Getulina",14.70588235,2020,"Longevidade",10.47,"Taxas de mortalidade infantil (por mil nascidos vivos)"
3517000,"Getulina",23.90438247,2022,"Longevidade",10.33,"Taxas de mortalidade infantil (por mil nascidos vivos)"
3517000,"Getulina",4.405286344,2024,"Longevidade",11.16,"Taxas de mortalidade infantil (por mil nascidos vivos)"
3517109,"Glicério",24.44987775,2014,"Longevidade",11.45,"Taxas de mortalidade infantil (por mil nascidos vivos)"
3517109,"Glicério",7.462686567,2016,"Longevidade",10.76,"Taxas de mortalidade infantil (por mil nascidos vivos)"
3517109,"Glicério",5.037783375,2018,"Longevidade",10.78,"Taxas de mortalidade infantil (por mil nascidos vivos)"
3517109,"Glicério",5.319148936,2020,"Longevidade",10.47,"Taxas de mortalidade infantil (por mil nascidos vivos)"
3517109,"Glicério",11.83431953,2022,"Longevidade",10.33,"Taxas de mortalidade infantil (por mil nascidos vivos)"
3517109,"Glicério",12.42236025,2024,"Longevidade",11.16,"Taxas de mortalidade infantil (por mil nascidos vivos)"
3517208,"Guaiçara",13.33333333,2014,"Longevidade",11.45,"Taxas de mortalidade infantil (por mil nascidos vivos)"
3517208,"Guaiçara",6.818181818,2016,"Longevidade",10.76,"Taxas de mortalidade infantil (por mil nascidos vivos)"
3517208,"Guaiçara",13.33333333,2018,"Longevidade",10.78,"Taxas de mortalidade infantil (por mil nascidos vivos)"
3517208,"Guaiçara",11.96172249,2020,"Longevidade",10.47,"Taxas de mortalidade infantil (por mil nascidos vivos)"
3517208,"Guaiçara",7.317073171,2022,"Longevidade",10.33,"Taxas de mortalidade infantil (por mil nascidos vivos)"
3517208,"Guaiçara",16.99029126,2024,"Longevidade",11.16,"Taxas de mortalidade infantil (por mil nascidos vivos)"
3517307,"Guaimbê",10.8892922,2014,"Longevidade",11.45,"Taxas de mortalidade infantil (por mil nascidos vivos)"
3517307,"Guaimbê",22.05882353,2016,"Longevidade",10.76,"Taxas de mortalidade infantil (por mil nascidos vivos)"
3517307,"Guaimbê",26.0707635,2018,"Longevidade",10.78,"Taxas de mortalidade infantil (por mil nascidos vivos)"
3517307,"Guaimbê",17.92828685,2020,"Longevidade",10.47,"Taxas de mortalidade infantil (por mil nascidos vivos)"
3517307,"Guaimbê",25.26315789,2022,"Longevidade",10.33,"Taxas de mortalidade infantil (por mil nascidos vivos)"
3517307,"Guaimbê",18.60465116,2024,"Longevidade",11.16,"Taxas de mortalidade infantil (por mil nascidos vivos)"
3517406,"Guaíra",9.783368274,2014,"Longevidade",11.45,"Taxas de mortalidade infantil (por mil nascidos vivos)"
3517406,"Guaíra",6.651884701,2016,"Longevidade",10.76,"Taxas de mortalidade infantil (por mil nascidos vivos)"
3517406,"Guaíra",5.843681519,2018,"Longevidade",10.78,"Taxas de mortalidade infantil (por mil nascidos vivos)"
3517406,"Guaíra",9.544787078,2020,"Longevidade",10.47,"Taxas de mortalidade infantil (por mil nascidos vivos)"
3517406,"Guaíra",6.196746708,2022,"Longevidade",10.33,"Taxas de mortalidade infantil (por mil nascidos vivos)"
3517406,"Guaíra",10.44176707,2024,"Longevidade",11.16,"Taxas de mortalidade infantil (por mil nascidos vivos)"
3517505,"Guapiaçu",9.273570325,2014,"Longevidade",11.45,"Taxas de mortalidade infantil (por mil nascidos vivos)"
3517505,"Guapiaçu",8.368200837,2016,"Longevidade",10.76,"Taxas de mortalidade infantil (por mil nascidos vivos)"
3517505,"Guapiaçu",4.115226337,2018,"Longevidade",10.78,"Taxas de mortalidade infantil (por mil nascidos vivos)"
3517505,"Guapiaçu",4.037685061,2020,"Longevidade",10.47,"Taxas de mortalidade infantil (por mil nascidos vivos)"
3517505,"Guapiaçu",8.174386921,2022,"Longevidade",10.33,"Taxas de mortalidade infantil (por mil nascidos vivos)"
3517505,"Guapiaçu",11.95219124,2024,"Longevidade",11.16,"Taxas de mortalidade infantil (por mil nascidos vivos)"
3517604,"Guapiara",18.76675603,2014,"Longevidade",11.45,"Taxas de mortalidade infantil (por mil nascidos vivos)"
3517604,"Guapiara",30.42328042,2016,"Longevidade",10.76,"Taxas de mortalidade infantil (por mil nascidos vivos)"
3517604,"Guapiara",30.18372703,2018,"Longevidade",10.78,"Taxas de mortalidade infantil (por mil nascidos vivos)"
3517604,"Guapiara",24.46043165,2020,"Longevidade",10.47,"Taxas de mortalidade infantil (por mil nascidos vivos)"
3517604,"Guapiara",15.28013582,2022,"Longevidade",10.33,"Taxas de mortalidade infantil (por mil nascidos vivos)"
3517604,"Guapiara",5.226480836,2024,"Longevidade",11.16,"Taxas de mortalidade infantil (por mil nascidos vivos)"
3517703,"Guará",15.04787962,2014,"Longevidade",11.45,"Taxas de mortalidade infantil (por mil nascidos vivos)"
3517703,"Guará",8.450704225,2016,"Longevidade",10.76,"Taxas de mortalidade infantil (por mil nascidos vivos)"
3517703,"Guará",7.36377025,2018,"Longevidade",10.78,"Taxas de mortalidade infantil (por mil nascidos vivos)"
3517703,"Guará",10.55806938,2020,"Longevidade",10.47,"Taxas de mortalidade infantil (por mil nascidos vivos)"
3517703,"Guará",11.57024793,2022,"Longevidade",10.33,"Taxas de mortalidade infantil (por mil nascidos vivos)"
3517703,"Guará",6.908462867,2024,"Longevidade",11.16,"Taxas de mortalidade infantil (por mil nascidos vivos)"
3517802,"Guaraçaí",18.48739496,2014,"Longevidade",11.45,"Taxas de mortalidade infantil (por mil nascidos vivos)"
3517802,"Guaraçaí",19.78417266,2016,"Longevidade",10.76,"Taxas de mortalidade infantil (por mil nascidos vivos)"
3517802,"Guaraçaí",16.60516605,2018,"Longevidade",10.78,"Taxas de mortalidade infantil (por mil nascidos vivos)"
3517802,"Guaraçaí",17.11026616,2020,"Longevidade",10.47,"Taxas de mortalidade infantil (por mil nascidos vivos)"
3517802,"Guaraçaí",24.69135802,2022,"Longevidade",10.33,"Taxas de mortalidade infantil (por mil nascidos vivos)"
3517802,"Guaraçaí",17.81737194,2024,"Longevidade",11.16,"Taxas de mortalidade infantil (por mil nascidos vivos)"
3517901,"Guaraci",13.58695652,2014,"Longevidade",11.45,"Taxas de mortalidade infantil (por mil nascidos vivos)"
3517901,"Guaraci",8.695652174,2016,"Longevidade",10.76,"Taxas de mortalidade infantil (por mil nascidos vivos)"
3517901,"Guaraci",11.8694362,2018,"Longevidade",10.78,"Taxas de mortalidade infantil (por mil nascidos vivos)"
3517901,"Guaraci",8.645533141,2020,"Longevidade",10.47,"Taxas de mortalidade infantil (por mil nascidos vivos)"
3517901,"Guaraci",2.985074627,2022,"Longevidade",10.33,"Taxas de mortalidade infantil (por mil nascidos vivos)"
3517901,"Guaraci",9.259259259,2024,"Longevidade",11.16,"Taxas de mortalidade infantil (por mil nascidos vivos)"
3518008,"Guarani d'Oeste",7.352941176,2014,"Longevidade",11.45,"Taxas de mortalidade infantil (por mil nascidos vivos)"
3518008,"Guarani d'Oeste",8.26446281,2016,"Longevidade",10.76,"Taxas de mortalidade infantil (por mil nascidos vivos)"
3518008,"Guarani d'Oeste",8.474576271,2018,"Longevidade",10.78,"Taxas de mortalidade infantil (por mil nascidos vivos)"
3518008,"Guarani d'Oeste",7.936507937,2020,"Longevidade",10.47,"Taxas de mortalidade infantil (por mil nascidos vivos)"
3518008,"Guarani d'Oeste",14.81481481,2024,"Longevidade",11.16,"Taxas de mortalidade infantil (por mil nascidos vivos)"
3518107,"Guarantã",16.23376623,2014,"Longevidade",11.45,"Taxas de mortalidade infantil (por mil nascidos vivos)"
3518107,"Guarantã",8.305647841,2016,"Longevidade",10.76,"Taxas de mortalidade infantil (por mil nascidos vivos)"
3518107,"Guarantã",8.389261745,2018,"Longevidade",10.78,"Taxas de mortalidade infantil (por mil nascidos vivos)"
3518107,"Guarantã",9.191176471,2020,"Longevidade",10.47,"Taxas de mortalidade infantil (por mil nascidos vivos)"
3518107,"Guarantã",7.233273056,2022,"Longevidade",10.33,"Taxas de mortalidade infantil (por mil nascidos vivos)"
3518107,"Guarantã",11.9047619,2024,"Longevidade",11.16,"Taxas de mortalidade infantil (por mil nascidos vivos)"
3518206,"Guararapes",16.23931624,2014,"Longevidade",11.45,"Taxas de mortalidade infantil (por mil nascidos vivos)"
3518206,"Guararapes",14.68048359,2016,"Longevidade",10.76,"Taxas de mortalidade infantil (por mil nascidos vivos)"
3518206,"Guararapes",11.86131387,2018,"Longevidade",10.78,"Taxas de mortalidade infantil (por mil nascidos vivos)"
3518206,"Guararapes",11.32075472,2020,"Longevidade",10.47,"Taxas de mortalidade infantil (por mil nascidos vivos)"
3518206,"Guararapes",13.48547718,2022,"Longevidade",10.33,"Taxas de mortalidade infantil (por mil nascidos vivos)"
3518206,"Guararapes",10.66350711,2024,"Longevidade",11.16,"Taxas de mortalidade infantil (por mil nascidos vivos)"
3518305,"Guararema",7.942811755,2014,"Longevidade",11.45,"Taxas de mortalidade infantil (por mil nascidos vivos)"
3518305,"Guararema",11.7370892,2016,"Longevidade",10.76,"Taxas de mortalidade infantil (por mil nascidos vivos)"
3518305,"Guararema",10.28481013,2018,"Longevidade",10.78,"Taxas de mortalidade infantil (por mil nascidos vivos)"
3518305,"Guararema",6.168080185,2020,"Longevidade",10.47,"Taxas de mortalidade infantil (por mil nascidos vivos)"
3518305,"Guararema",9.22045264,2022,"Longevidade",10.33,"Taxas de mortalidade infantil (por mil nascidos vivos)"
3518305,"Guararema",9.596928983,2024,"Longevidade",11.16,"Taxas de mortalidade infantil (por mil nascidos vivos)"
3518404,"Guaratinguetá",13.09742647,2014,"Longevidade",11.45,"Taxas de mortalidade infantil (por mil nascidos vivos)"
3518404,"Guaratinguetá",10.81952118,2016,"Longevidade",10.76,"Taxas de mortalidade infantil (por mil nascidos vivos)"
3518404,"Guaratinguetá",11.68652612,2018,"Longevidade",10.78,"Taxas de mortalidade infantil (por mil nascidos vivos)"
3518404,"Guaratinguetá",11.09139308,2020,"Longevidade",10.47,"Taxas de mortalidade infantil (por mil nascidos vivos)"
3518404,"Guaratinguetá",11.86153474,2022,"Longevidade",10.33,"Taxas de mortalidade infantil (por mil nascidos vivos)"
3518404,"Guaratinguetá",11.27915919,2024,"Longevidade",11.16,"Taxas de mortalidade infantil (por mil nascidos vivos)"
3518503,"Guareí",10.52631579,2014,"Longevidade",11.45,"Taxas de mortalidade infantil (por mil nascidos vivos)"
3518503,"Guareí",13.51351351,2016,"Longevidade",10.76,"Taxas de mortalidade infantil (por mil nascidos vivos)"
3518503,"Guareí",6.072874494,2018,"Longevidade",10.78,"Taxas de mortalidade infantil (por mil nascidos vivos)"
3518503,"Guareí",12.7388535,2020,"Longevidade",10.47,"Taxas de mortalidade infantil (por mil nascidos vivos)"
3518503,"Guareí",17.5879397,2022,"Longevidade",10.33,"Taxas de mortalidade infantil (por mil nascidos vivos)"
3518503,"Guareí",4.962779156,2024,"Longevidade",11.16,"Taxas de mortalidade infantil (por mil nascidos vivos)"
3518602,"Guariba",10.35322777,2014,"Longevidade",11.45,"Taxas de mortalidade infantil (por mil nascidos vivos)"
3518602,"Guariba",8.922443377,2016,"Longevidade",10.76,"Taxas de mortalidade infantil (por mil nascidos vivos)"
3518602,"Guariba",11.69993118,2018,"Longevidade",10.78,"Taxas de mortalidade infantil (por mil nascidos vivos)"
3518602,"Guariba",9.783368274,2020,"Longevidade",10.47,"Taxas de mortalidade infantil (por mil nascidos vivos)"
3518602,"Guariba",10.51051051,2022,"Longevidade",10.33,"Taxas de mortalidade infantil (por mil nascidos vivos)"
3518602,"Guariba",5.892255892,2024,"Longevidade",11.16,"Taxas de mortalidade infantil (por mil nascidos vivos)"
3518701,"Guarujá",19.33277499,2014,"Longevidade",11.45,"Taxas de mortalidade infantil (por mil nascidos vivos)"
3518701,"Guarujá",16.06631942,2016,"Longevidade",10.76,"Taxas de mortalidade infantil (por mil nascidos vivos)"
3518701,"Guarujá",16.84005688,2018,"Longevidade",10.78,"Taxas de mortalidade infantil (por mil nascidos vivos)"
3518701,"Guarujá",17.41332911,2020,"Longevidade",10.47,"Taxas de mortalidade infantil (por mil nascidos vivos)"
3518701,"Guarujá",16.1233789,2022,"Longevidade",10.33,"Taxas de mortalidade infantil (por mil nascidos vivos)"
3518701,"Guarujá",15.73896353,2024,"Longevidade",11.16,"Taxas de mortalidade infantil (por mil nascidos vivos)"
3518800,"Guarulhos",13.09546107,2014,"Longevidade",11.45,"Taxas de mortalidade infantil (por mil nascidos vivos)"
3518800,"Guarulhos",12.08530433,2016,"Longevidade",10.76,"Taxas de mortalidade infantil (por mil nascidos vivos)"
3518800,"Guarulhos",12.52912823,2018,"Longevidade",10.78,"Taxas de mortalidade infantil (por mil nascidos vivos)"
3518800,"Guarulhos",12.05978468,2020,"Longevidade",10.47,"Taxas de mortalidade infantil (por mil nascidos vivos)"
3518800,"Guarulhos",12.0044515,2022,"Longevidade",10.33,"Taxas de mortalidade infantil (por mil nascidos vivos)"
3518800,"Guarulhos",13.2676417,2024,"Longevidade",11.16,"Taxas de mortalidade infantil (por mil nascidos vivos)"
3518859,"Guatapará",14.45086705,2014,"Longevidade",11.45,"Taxas de mortalidade infantil (por mil nascidos vivos)"
3518859,"Guatapará",16.83029453,2016,"Longevidade",10.76,"Taxas de mortalidade infantil (por mil nascidos vivos)"
3518859,"Guatapará",15.66951567,2018,"Longevidade",10.78,"Taxas de mortalidade infantil (por mil nascidos vivos)"
3518859,"Guatapará",12.80227596,2020,"Longevidade",10.47,"Taxas de mortalidade infantil (por mil nascidos vivos)"
3518859,"Guatapará",11.02362205,2022,"Longevidade",10.33,"Taxas de mortalidade infantil (por mil nascidos vivos)"
3518859,"Guatapará",5.025125628,2024,"Longevidade",11.16,"Taxas de mortalidade infantil (por mil nascidos vivos)"
3518909,"Guzolândia",24.33628319,2014,"Longevidade",11.45,"Taxas de mortalidade infantil (por mil nascidos vivos)"
3518909,"Guzolândia",26.66666667,2016,"Longevidade",10.76,"Taxas de mortalidade infantil (por mil nascidos vivos)"
3518909,"Guzolândia",18.735363,2018,"Longevidade",10.78,"Taxas de mortalidade infantil (por mil nascidos vivos)"
3518909,"Guzolândia",10,2020,"Longevidade",10.47,"Taxas de mortalidade infantil (por mil nascidos vivos)"
3518909,"Guzolândia",5.434782609,2022,"Longevidade",10.33,"Taxas de mortalidade infantil (por mil nascidos vivos)"
3518909,"Guzolândia",14.88095238,2024,"Longevidade",11.16,"Taxas de mortalidade infantil (por mil nascidos vivos)"
3519006,"Herculândia",15.89403974,2014,"Longevidade",11.45,"Taxas de mortalidade infantil (por mil nascidos vivos)"
3519006,"Herculândia",10.69518717,2016,"Longevidade",10.76,"Taxas de mortalidade infantil (por mil nascidos vivos)"
3519006,"Herculândia",12.09677419,2018,"Longevidade",10.78,"Taxas de mortalidade infantil (por mil nascidos vivos)"
3519006,"Herculândia",14.49275362,2020,"Longevidade",10.47,"Taxas de mortalidade infantil (por mil nascidos vivos)"
3519006,"Herculândia",12.77139208,2022,"Longevidade",10.33,"Taxas de mortalidade infantil (por mil nascidos vivos)"
3519006,"Herculândia",16.16915423,2024,"Longevidade",11.16,"Taxas de mortalidade infantil (por mil nascidos vivos)"
3519055,"Holambra",7.633587786,2014,"Longevidade",11.45,"Taxas de mortalidade infantil (por mil nascidos vivos)"
3519055,"Holambra",1.555209953,2016,"Longevidade",10.76,"Taxas de mortalidade infantil (por mil nascidos vivos)"
3519055,"Holambra",6.379585327,2018,"Longevidade",10.78,"Taxas de mortalidade infantil (por mil nascidos vivos)"
3519055,"Holambra",10.32702238,2020,"Longevidade",10.47,"Taxas de mortalidade infantil (por mil nascidos vivos)"
3519055,"Holambra",9.56937799,2022,"Longevidade",10.33,"Taxas de mortalidade infantil (por mil nascidos vivos)"
3519055,"Holambra",12.96596434,2024,"Longevidade",11.16,"Taxas de mortalidade infantil (por mil nascidos vivos)"
3519071,"Hortolândia",8.744394619,2014,"Longevidade",11.45,"Taxas de mortalidade infantil (por mil nascidos vivos)"
3519071,"Hortolândia",8.692852543,2016,"Longevidade",10.76,"Taxas de mortalidade infantil (por mil nascidos vivos)"
3519071,"Hortolândia",8.240268893,2018,"Longevidade",10.78,"Taxas de mortalidade infantil (por mil nascidos vivos)"
3519071,"Hortolândia",9.255079007,2020,"Longevidade",10.47,"Taxas de mortalidade infantil (por mil nascidos vivos)"
3519071,"Hortolândia",9.071117562,2022,"Longevidade",10.33,"Taxas de mortalidade infantil (por mil nascidos vivos)"
3519071,"Hortolândia",7.977417771,2024,"Longevidade",11.16,"Taxas de mortalidade infantil (por mil nascidos vivos)"
3519105,"Iacanga",12.95336788,2014,"Longevidade",11.45,"Taxas de mortalidade infantil (por mil nascidos vivos)"
3519105,"Iacanga",4.938271605,2016,"Longevidade",10.76,"Taxas de mortalidade infantil (por mil nascidos vivos)"
3519105,"Iacanga",4.975124378,2018,"Longevidade",10.78,"Taxas de mortalidade infantil (por mil nascidos vivos)"
3519105,"Iacanga",7.263922518,2020,"Longevidade",10.47,"Taxas de mortalidade infantil (por mil nascidos vivos)"
3519105,"Iacanga",5.154639175,2022,"Longevidade",10.33,"Taxas de mortalidade infantil (por mil nascidos vivos)"
3519105,"Iacanga",15.78947368,2024,"Longevidade",11.16,"Taxas de mortalidade infantil (por mil nascidos vivos)"
3519204,"Iacri",21.40077821,2014,"Longevidade",11.45,"Taxas de mortalidade infantil (por mil nascidos vivos)"
3519204,"Iacri",11.11111111,2016,"Longevidade",10.76,"Taxas de mortalidade infantil (por mil nascidos vivos)"
3519204,"Iacri",17.58241758,2018,"Longevidade",10.78,"Taxas de mortalidade infantil (por mil nascidos vivos)"
3519204,"Iacri",19.3236715,2020,"Longevidade",10.47,"Taxas de mortalidade infantil (por mil nascidos vivos)"
3519204,"Iacri",19.51219512,2022,"Longevidade",10.33,"Taxas de mortalidade infantil (por mil nascidos vivos)"
3519204,"Iacri",25.2293578,2024,"Longevidade",11.16,"Taxas de mortalidade infantil (por mil nascidos vivos)"
3519253,"Iaras",13.51351351,2014,"Longevidade",11.45,"Taxas de mortalidade infantil (por mil nascidos vivos)"
3519253,"Iaras",14.86988848,2016,"Longevidade",10.76,"Taxas de mortalidade infantil (por mil nascidos vivos)"
3519253,"Iaras",16.15798923,2018,"Longevidade",10.78,"Taxas de mortalidade infantil (por mil nascidos vivos)"
3519253,"Iaras",15.73426573,2020,"Longevidade",10.47,"Taxas de mortalidade infantil (por mil nascidos vivos)"
3519253,"Iaras",9.074410163,2022,"Longevidade",10.33,"Taxas de mortalidade infantil (por mil nascidos vivos)"
3519253,"Iaras",15.87301587,2024,"Longevidade",11.16,"Taxas de mortalidade infantil (por mil nascidos vivos)"
3519303,"Ibaté",7.717041801,2014,"Longevidade",11.45,"Taxas de mortalidade infantil (por mil nascidos vivos)"
3519303,"Ibaté",6.101694915,2016,"Longevidade",10.76,"Taxas de mortalidade infantil (por mil nascidos vivos)"
3519303,"Ibaté",4.635761589,2018,"Longevidade",10.78,"Taxas de mortalidade infantil (por mil nascidos vivos)"
3519303,"Ibaté",9.465855308,2020,"Longevidade",10.47,"Taxas de mortalidade infantil (por mil nascidos vivos)"
3519303,"Ibaté",7.971014493,2022,"Longevidade",10.33,"Taxas de mortalidade infantil (por mil nascidos vivos)"
3519303,"Ibaté",12.39669421,2024,"Longevidade",11.16,"Taxas de mortalidade infantil (por mil nascidos vivos)"
3519402,"Ibirá",2.369668246,2014,"Longevidade",11.45,"Taxas de mortalidade infantil (por mil nascidos vivos)"
3519402,"Ibirá",9.546539379,2016,"Longevidade",10.76,"Taxas de mortalidade infantil (por mil nascidos vivos)"
3519402,"Ibirá",4.830917874,2018,"Longevidade",10.78,"Taxas de mortalidade infantil (por mil nascidos vivos)"
3519402,"Ibirá",7.537688442,2020,"Longevidade",10.47,"Taxas de mortalidade infantil (por mil nascidos vivos)"
3519402,"Ibirá",5.115089514,2022,"Longevidade",10.33,"Taxas de mortalidade infantil (por mil nascidos vivos)"
3519402,"Ibirá",13.66120219,2024,"Longevidade",11.16,"Taxas de mortalidade infantil (por mil nascidos vivos)"
3519501,"Ibirarema",16.20745543,2014,"Longevidade",11.45,"Taxas de mortalidade infantil (por mil nascidos vivos)"
3519501,"Ibirarema",9.090909091,2016,"Longevidade",10.76,"Taxas de mortalidade infantil (por mil nascidos vivos)"
3519501,"Ibirarema",9.124087591,2018,"Longevidade",10.78,"Taxas de mortalidade infantil (por mil nascidos vivos)"
3519501,"Ibirarema",8.080808081,2020,"Longevidade",10.47,"Taxas de mortalidade infantil (por mil nascidos vivos)"
3519501,"Ibirarema",16.73640167,2022,"Longevidade",10.33,"Taxas de mortalidade infantil (por mil nascidos vivos)"
3519501,"Ibirarema",14.98929336,2024,"Longevidade",11.16,"Taxas de mortalidade infantil (por mil nascidos vivos)"
3519600,"Ibitinga",12.52319109,2014,"Longevidade",11.45,"Taxas de mortalidade infantil (por mil nascidos vivos)"
3519600,"Ibitinga",13.6425648,2016,"Longevidade",10.76,"Taxas de mortalidade infantil (por mil nascidos vivos)"
3519600,"Ibitinga",13.67989056,2018,"Longevidade",10.78,"Taxas de mortalidade infantil (por mil nascidos vivos)"
3519600,"Ibitinga",9.830205541,2020,"Longevidade",10.47,"Taxas de mortalidade infantil (por mil nascidos vivos)"
3519600,"Ibitinga",12.5464684,2022,"Longevidade",10.33,"Taxas de mortalidade infantil (por mil nascidos vivos)"
3519600,"Ibitinga",13.85452746,2024,"Longevidade",11.16,"Taxas de mortalidade infantil (por mil nascidos vivos)"
3519709,"Ibiúna",16.25037617,2014,"Longevidade",11.45,"Taxas de mortalidade infantil (por mil nascidos vivos)"
3519709,"Ibiúna",10.3961787,2016,"Longevidade",10.76,"Taxas de mortalidade infantil (por mil nascidos vivos)"
3519709,"Ibiúna",13.04594441,2018,"Longevidade",10.78,"Taxas de mortalidade infantil (por mil nascidos vivos)"
3519709,"Ibiúna",13.27980235,2020,"Longevidade",10.47,"Taxas de mortalidade infantil (por mil nascidos vivos)"
3519709,"Ibiúna",12.49599487,2022,"Longevidade",10.33,"Taxas de mortalidade infantil (por mil nascidos vivos)"
3519709,"Ibiúna",13.15356791,2024,"Longevidade",11.16,"Taxas de mortalidade infantil (por mil nascidos vivos)"
3519808,"Icém",12.90322581,2014,"Longevidade",11.45,"Taxas de mortalidade infantil (por mil nascidos vivos)"
3519808,"Icém",8.438818565,2016,"Longevidade",10.76,"Taxas de mortalidade infantil (por mil nascidos vivos)"
3519808,"Icém",8.498583569,2018,"Longevidade",10.78,"Taxas de mortalidade infantil (por mil nascidos vivos)"
3519808,"Icém",13.76146789,2020,"Longevidade",10.47,"Taxas de mortalidade infantil (por mil nascidos vivos)"
3519808,"Icém",14.9750416,2022,"Longevidade",10.33,"Taxas de mortalidade infantil (por mil nascidos vivos)"
3519808,"Icém",14.571949,2024,"Longevidade",11.16,"Taxas de mortalidade infantil (por mil nascidos vivos)"
3519907,"Iepê",8.888888889,2014,"Longevidade",11.45,"Taxas de mortalidade infantil (por mil nascidos vivos)"
3519907,"Iepê",10.1744186,2016,"Longevidade",10.76,"Taxas de mortalidade infantil (por mil nascidos vivos)"
3519907,"Iepê",11.41226819,2018,"Longevidade",10.78,"Taxas de mortalidade infantil (por mil nascidos vivos)"
3519907,"Iepê",9.090909091,2020,"Longevidade",10.47,"Taxas de mortalidade infantil (por mil nascidos vivos)"
3519907,"Iepê",14.33121019,2022,"Longevidade",10.33,"Taxas de mortalidade infantil (por mil nascidos vivos)"
3519907,"Iepê",18.3639399,2024,"Longevidade",11.16,"Taxas de mortalidade infantil (por mil nascidos vivos)"
3520004,"Igaraçu do Tietê",15.6424581,2014,"Longevidade",11.45,"Taxas de mortalidade infantil (por mil nascidos vivos)"
3520004,"Igaraçu do Tietê",8.988764045,2016,"Longevidade",10.76,"Taxas de mortalidade infantil (por mil nascidos vivos)"
3520004,"Igaraçu do Tietê",10.90512541,2018,"Longevidade",10.78,"Taxas de mortalidade infantil (por mil nascidos vivos)"
3520004,"Igaraçu do Tietê",7.981755986,2020,"Longevidade",10.47,"Taxas de mortalidade infantil (por mil nascidos vivos)"
3520004,"Igaraçu do Tietê",9.247027741,2022,"Longevidade",10.33,"Taxas de mortalidade infantil (por mil nascidos vivos)"
3520004,"Igaraçu do Tietê",11.37980085,2024,"Longevidade",11.16,"Taxas de mortalidade infantil (por mil nascidos vivos)"
3520103,"Igarapava",5.291005291,2014,"Longevidade",11.45,"Taxas de mortalidade infantil (por mil nascidos vivos)"
3520103,"Igarapava",6.085192698,2016,"Longevidade",10.76,"Taxas de mortalidade infantil (por mil nascidos vivos)"
3520103,"Igarapava",6.179196704,2018,"Longevidade",10.78,"Taxas de mortalidade infantil (por mil nascidos vivos)"
3520103,"Igarapava",15.36772777,2020,"Longevidade",10.47,"Taxas de mortalidade infantil (por mil nascidos vivos)"
3520103,"Igarapava",10.46511628,2022,"Longevidade",10.33,"Taxas de mortalidade infantil (por mil nascidos vivos)"
3520103,"Igarapava",7.290400972,2024,"Longevidade",11.16,"Taxas de mortalidade infantil (por mil nascidos vivos)"
3520202,"Igaratá",13.66982124,2014,"Longevidade",11.45,"Taxas de mortalidade infantil (por mil nascidos vivos)"
3520202,"Igaratá",12.51303441,2016,"Longevidade",10.76,"Taxas de mortalidade infantil (por mil nascidos vivos)"
3520202,"Igaratá",11.50627615,2018,"Longevidade",10.78,"Taxas de mortalidade infantil (por mil nascidos vivos)"
3520202,"Igaratá",10.30927835,2020,"Longevidade",10.47,"Taxas de mortalidade infantil (por mil nascidos vivos)"
3520202,"Igaratá",11.33786848,2022,"Longevidade",10.33,"Taxas de mortalidade infantil (por mil nascidos vivos)"
3520202,"Igaratá",14.96259352,2024,"Longevidade",11.16,"Taxas de mortalidade infantil (por mil nascidos vivos)"
3520301,"Iguape",20.19230769,2014,"Longevidade",11.45,"Taxas de mortalidade infantil (por mil nascidos vivos)"
3520301,"Iguape",16.04278075,2016,"Longevidade",10.76,"Taxas de mortalidade infantil (por mil nascidos vivos)"
3520301,"Iguape",18.00180018,2018,"Longevidade",10.78,"Taxas de mortalidade infantil (por mil nascidos vivos)"
3520301,"Iguape",8.76338851,2020,"Longevidade",10.47,"Taxas de mortalidade infantil (por mil nascidos vivos)"
3520301,"Iguape",10.83423619,2022,"Longevidade",10.33,"Taxas de mortalidade infantil (por mil nascidos vivos)"
3520301,"Iguape",5.753739931,2024,"Longevidade",11.16,"Taxas de mortalidade infantil (por mil nascidos vivos)"
3520400,"Ilhabela",5.105762217,2014,"Longevidade",11.45,"Taxas de mortalidade infantil (por mil nascidos vivos)"
3520400,"Ilhabela",10.7599193,2016,"Longevidade",10.76,"Taxas de mortalidade infantil (por mil nascidos vivos)"
3520400,"Ilhabela",11.81877873,2018,"Longevidade",10.78,"Taxas de mortalidade infantil (por mil nascidos vivos)"
3520400,"Ilhabela",9.138381201,2020,"Longevidade",10.47,"Taxas de mortalidade infantil (por mil nascidos vivos)"
3520400,"Ilhabela",9.880028229,2022,"Longevidade",10.33,"Taxas de mortalidade infantil (por mil nascidos vivos)"
3520400,"Ilhabela",11.85495119,2024,"Longevidade",11.16,"Taxas de mortalidade infantil (por mil nascidos vivos)"
3520426,"Ilha Comprida",10.85645356,2014,"Longevidade",11.45,"Taxas de mortalidade infantil (por mil nascidos vivos)"
3520426,"Ilha Comprida",11.77730193,2016,"Longevidade",10.76,"Taxas de mortalidade infantil (por mil nascidos vivos)"
3520426,"Ilha Comprida",8.385744235,2018,"Longevidade",10.78,"Taxas de mortalidade infantil (por mil nascidos vivos)"
3520426,"Ilha Comprida",12.68498943,2020,"Longevidade",10.47,"Taxas de mortalidade infantil (por mil nascidos vivos)"
3520426,"Ilha Comprida",14.92537313,2022,"Longevidade",10.33,"Taxas de mortalidade infantil (por mil nascidos vivos)"
3520426,"Ilha Comprida",25.18891688,2024,"Longevidade",11.16,"Taxas de mortalidade infantil (por mil nascidos vivos)"
3520442,"Ilha Solteira",13.85681293,2014,"Longevidade",11.45,"Taxas de mortalidade infantil (por mil nascidos vivos)"
3520442,"Ilha Solteira",4.767580453,2016,"Longevidade",10.76,"Taxas de mortalidade infantil (por mil nascidos vivos)"
3520442,"Ilha Solteira",7.255139057,2018,"Longevidade",10.78,"Taxas de mortalidade infantil (por mil nascidos vivos)"
3520442,"Ilha Solteira",10.62416999,2020,"Longevidade",10.47,"Taxas de mortalidade infantil (por mil nascidos vivos)"
3520442,"Ilha Solteira",11.44492132,2022,"Longevidade",10.33,"Taxas de mortalidade infantil (por mil nascidos vivos)"
3520442,"Ilha Solteira",14.90066225,2024,"Longevidade",11.16,"Taxas de mortalidade infantil (por mil nascidos vivos)"
3520509,"Indaiatuba",10.94769435,2014,"Longevidade",11.45,"Taxas de mortalidade infantil (por mil nascidos vivos)"
3520509,"Indaiatuba",11.10033409,2016,"Longevidade",10.76,"Taxas de mortalidade infantil (por mil nascidos vivos)"
3520509,"Indaiatuba",10.80004194,2018,"Longevidade",10.78,"Taxas de mortalidade infantil (por mil nascidos vivos)"
3520509,"Indaiatuba",8.416458853,2020,"Longevidade",10.47,"Taxas de mortalidade infantil (por mil nascidos vivos)"
3520509,"Indaiatuba",8.242346393,2022,"Longevidade",10.33,"Taxas de mortalidade infantil (por mil nascidos vivos)"
3520509,"Indaiatuba",8.891328211,2024,"Longevidade",11.16,"Taxas de mortalidade infantil (por mil nascidos vivos)"
3520608,"Indiana",15.87301587,2014,"Longevidade",11.45,"Taxas de mortalidade infantil (por mil nascidos vivos)"
3520608,"Indiana",20.59496568,2016,"Longevidade",10.76,"Taxas de mortalidade infantil (por mil nascidos vivos)"
3520608,"Indiana",22.93577982,2018,"Longevidade",10.78,"Taxas de mortalidade infantil (por mil nascidos vivos)"
3520608,"Indiana",21.27659574,2020,"Longevidade",10.47,"Taxas de mortalidade infantil (por mil nascidos vivos)"
3520608,"Indiana",18.66666667,2022,"Longevidade",10.33,"Taxas de mortalidade infantil (por mil nascidos vivos)"
3520608,"Indiana",10.86956522,2024,"Longevidade",11.16,"Taxas de mortalidade infantil (por mil nascidos vivos)"
3520707,"Indiaporã",13.46801347,2014,"Longevidade",11.45,"Taxas de mortalidade infantil (por mil nascidos vivos)"
3520707,"Indiaporã",10.71428571,2016,"Longevidade",10.76,"Taxas de mortalidade infantil (por mil nascidos vivos)"
3520707,"Indiaporã",10.63829787,2018,"Longevidade",10.78,"Taxas de mortalidade infantil (por mil nascidos vivos)"
3520707,"Indiaporã",11.23595506,2020,"Longevidade",10.47,"Taxas de mortalidade infantil (por mil nascidos vivos)"
3520707,"Indiaporã",3.95256917,2022,"Longevidade",10.33,"Taxas de mortalidade infantil (por mil nascidos vivos)"
3520707,"Indiaporã",3.984063745,2024,"Longevidade",11.16,"Taxas de mortalidade infantil (por mil nascidos vivos)"
3520806,"Inúbia Paulista",3.984063745,2020,"Longevidade",10.47,"Taxas de mortalidade infantil (por mil nascidos vivos)"
3520806,"Inúbia Paulista",4.016064257,2022,"Longevidade",10.33,"Taxas de mortalidade infantil (por mil nascidos vivos)"
3520806,"Inúbia Paulista",8.658008658,2024,"Longevidade",11.16,"Taxas de mortalidade infantil (por mil nascidos vivos)"
3520905,"Ipaussu",9.191176471,2014,"Longevidade",11.45,"Taxas de mortalidade infantil (por mil nascidos vivos)"
3520905,"Ipaussu",11.51631478,2016,"Longevidade",10.76,"Taxas de mortalidade infantil (por mil nascidos vivos)"
3520905,"Ipaussu",19.71326165,2018,"Longevidade",10.78,"Taxas de mortalidade infantil (por mil nascidos vivos)"
3520905,"Ipaussu",23.42342342,2020,"Longevidade",10.47,"Taxas de mortalidade infantil (por mil nascidos vivos)"
3520905,"Ipaussu",25.74257426,2022,"Longevidade",10.33,"Taxas de mortalidade infantil (por mil nascidos vivos)"
3520905,"Ipaussu",21.69197397,2024,"Longevidade",11.16,"Taxas de mortalidade infantil (por mil nascidos vivos)"
3521002,"Iperó",10.14760148,2014,"Longevidade",11.45,"Taxas de mortalidade infantil (por mil nascidos vivos)"
3521002,"Iperó",15.625,2016,"Longevidade",10.76,"Taxas de mortalidade infantil (por mil nascidos vivos)"
3521002,"Iperó",15.10859301,2018,"Longevidade",10.78,"Taxas de mortalidade infantil (por mil nascidos vivos)"
3521002,"Iperó",15.20912548,2020,"Longevidade",10.47,"Taxas de mortalidade infantil (por mil nascidos vivos)"
3521002,"Iperó",11.26760563,2022,"Longevidade",10.33,"Taxas de mortalidade infantil (por mil nascidos vivos)"
3521002,"Iperó",11.74168297,2024,"Longevidade",11.16,"Taxas de mortalidade infantil (por mil nascidos vivos)"
3521101,"Ipeúna",10.0286533,2014,"Longevidade",11.45,"Taxas de mortalidade infantil (por mil nascidos vivos)"
3521101,"Ipeúna",8.174386921,2016,"Longevidade",10.76,"Taxas de mortalidade infantil (por mil nascidos vivos)"
3521101,"Ipeúna",10.86956522,2018,"Longevidade",10.78,"Taxas de mortalidade infantil (por mil nascidos vivos)"
3521101,"Ipeúna",11.8694362,2020,"Longevidade",10.47,"Taxas de mortalidade infantil (por mil nascidos vivos)"
3521101,"Ipeúna",9.836065574,2022,"Longevidade",10.33,"Taxas de mortalidade infantil (por mil nascidos vivos)"
3521101,"Ipeúna",10.60070671,2024,"Longevidade",11.16,"Taxas de mortalidade infantil (por mil nascidos vivos)"
3521150,"Ipiguá",7.653061224,2014,"Longevidade",11.45,"Taxas de mortalidade infantil (por mil nascidos vivos)"
3521150,"Ipiguá",1.972386588,2022,"Longevidade",10.33,"Taxas de mortalidade infantil (por mil nascidos vivos)"
3521150,"Ipiguá",3.780718336,2024,"Longevidade",11.16,"Taxas de mortalidade infantil (por mil nascidos vivos)"
3521200,"Iporanga",4.761904762,2014,"Longevidade",11.45,"Taxas de mortalidade infantil (por mil nascidos vivos)"
3521200,"Iporanga",7.092198582,2016,"Longevidade",10.76,"Taxas de mortalidade infantil (por mil nascidos vivos)"
3521200,"Iporanga",9.852216749,2018,"Longevidade",10.78,"Taxas de mortalidade infantil (por mil nascidos vivos)"
3521200,"Iporanga",15.70680628,2020,"Longevidade",10.47,"Taxas de mortalidade infantil (por mil nascidos vivos)"
3521200,"Iporanga",16.48351648,2022,"Longevidade",10.33,"Taxas de mortalidade infantil (por mil nascidos vivos)"
3521200,"Iporanga",20.89552239,2024,"Longevidade",11.16,"Taxas de mortalidade infantil (por mil nascidos vivos)"
3521309,"Ipuã",15.70680628,2014,"Longevidade",11.45,"Taxas de mortalidade infantil (por mil nascidos vivos)"
3521309,"Ipuã",3.527336861,2016,"Longevidade",10.76,"Taxas de mortalidade infantil (por mil nascidos vivos)"
3521309,"Ipuã",9.191176471,2018,"Longevidade",10.78,"Taxas de mortalidade infantil (por mil nascidos vivos)"
3521309,"Ipuã",11.32075472,2020,"Longevidade",10.47,"Taxas de mortalidade infantil (por mil nascidos vivos)"
3521309,"Ipuã",11.9047619,2022,"Longevidade",10.33,"Taxas de mortalidade infantil (por mil nascidos vivos)"
3521309,"Ipuã",11.26126126,2024,"Longevidade",11.16,"Taxas de mortalidade infantil (por mil nascidos vivos)"
3521408,"Iracemápolis",10.75268817,2014,"Longevidade",11.45,"Taxas de mortalidade infantil (por mil nascidos vivos)"
3521408,"Iracemápolis",3.778337531,2016,"Longevidade",10.76,"Taxas de mortalidade infantil (por mil nascidos vivos)"
3521408,"Iracemápolis",3.584229391,2018,"Longevidade",10.78,"Taxas de mortalidade infantil (por mil nascidos vivos)"
3521408,"Iracemápolis",9.557945042,2020,"Longevidade",10.47,"Taxas de mortalidade infantil (por mil nascidos vivos)"
3521408,"Iracemápolis",9.536784741,2022,"Longevidade",10.33,"Taxas de mortalidade infantil (por mil nascidos vivos)"
3521408,"Iracemápolis",11.71303075,2024,"Longevidade",11.16,"Taxas de mortalidade infantil (por mil nascidos vivos)"
3521507,"Irapuã",9.493670886,2014,"Longevidade",11.45,"Taxas de mortalidade infantil (por mil nascidos vivos)"
3521507,"Irapuã",7.911392405,2016,"Longevidade",10.76,"Taxas de mortalidade infantil (por mil nascidos vivos)"
3521507,"Irapuã",4.739336493,2018,"Longevidade",10.78,"Taxas de mortalidade infantil (por mil nascidos vivos)"
3521507,"Irapuã",4.830917874,2020,"Longevidade",10.47,"Taxas de mortalidade infantil (por mil nascidos vivos)"
3521507,"Irapuã",7.220216606,2022,"Longevidade",10.33,"Taxas de mortalidade infantil (por mil nascidos vivos)"
3521507,"Irapuã",10.65719361,2024,"Longevidade",11.16,"Taxas de mortalidade infantil (por mil nascidos vivos)"
3521606,"Irapuru",14.70588235,2014,"Longevidade",11.45,"Taxas de mortalidade infantil (por mil nascidos vivos)"
3521606,"Irapuru",12.47401247,2016,"Longevidade",10.76,"Taxas de mortalidade infantil (por mil nascidos vivos)"
3521606,"Irapuru",15.05376344,2018,"Longevidade",10.78,"Taxas de mortalidade infantil (por mil nascidos vivos)"
3521606,"Irapuru",18.09954751,2020,"Longevidade",10.47,"Taxas de mortalidade infantil (por mil nascidos vivos)"
3521606,"Irapuru",19.0023753,2022,"Longevidade",10.33,"Taxas de mortalidade infantil (por mil nascidos vivos)"
3521606,"Irapuru",15.38461538,2024,"Longevidade",11.16,"Taxas de mortalidade infantil (por mil nascidos vivos)"
3521705,"Itaberá",14.08450704,2014,"Longevidade",11.45,"Taxas de mortalidade infantil (por mil nascidos vivos)"
3521705,"Itaberá",23.77622378,2016,"Longevidade",10.76,"Taxas de mortalidade infantil (por mil nascidos vivos)"
3521705,"Itaberá",30.03003003,2018,"Longevidade",10.78,"Taxas de mortalidade infantil (por mil nascidos vivos)"
3521705,"Itaberá",22.22222222,2020,"Longevidade",10.47,"Taxas de mortalidade infantil (por mil nascidos vivos)"
3521705,"Itaberá",15.06024096,2022,"Longevidade",10.33,"Taxas de mortalidade infantil (por mil nascidos vivos)"
3521705,"Itaberá",16.89708141,2024,"Longevidade",11.16,"Taxas de mortalidade infantil (por mil nascidos vivos)"
3521804,"Itaí",8.514664144,2014,"Longevidade",11.45,"Taxas de mortalidade infantil (por mil nascidos vivos)"
3521804,"Itaí",18.65284974,2016,"Longevidade",10.76,"Taxas de mortalidade infantil (por mil nascidos vivos)"
3521804,"Itaí",13.88888889,2018,"Longevidade",10.78,"Taxas de mortalidade infantil (por mil nascidos vivos)"
3521804,"Itaí",12.03610832,2020,"Longevidade",10.47,"Taxas de mortalidade infantil (por mil nascidos vivos)"
3521804,"Itaí",16.7539267,2022,"Longevidade",10.33,"Taxas de mortalidade infantil (por mil nascidos vivos)"
3521804,"Itaí",12.97297297,2024,"Longevidade",11.16,"Taxas de mortalidade infantil (por mil nascidos vivos)"
3521903,"Itajobi",12.57861635,2014,"Longevidade",11.45,"Taxas de mortalidade infantil (por mil nascidos vivos)"
3521903,"Itajobi",16.32653061,2016,"Longevidade",10.76,"Taxas de mortalidade infantil (por mil nascidos vivos)"
3521903,"Itajobi",11.67315175,2018,"Longevidade",10.78,"Taxas de mortalidade infantil (por mil nascidos vivos)"
3521903,"Itajobi",15.33219761,2020,"Longevidade",10.47,"Taxas de mortalidade infantil (por mil nascidos vivos)"
3521903,"Itajobi",22.29845626,2022,"Longevidade",10.33,"Taxas de mortalidade infantil (por mil nascidos vivos)"
3521903,"Itajobi",14.75409836,2024,"Longevidade",11.16,"Taxas de mortalidade infantil (por mil nascidos vivos)"
3522000,"Itaju",26.31578947,2014,"Longevidade",11.45,"Taxas de mortalidade infantil (por mil nascidos vivos)"
3522000,"Itaju",11.67315175,2016,"Longevidade",10.76,"Taxas de mortalidade infantil (por mil nascidos vivos)"
3522000,"Itaju",17.73049645,2018,"Longevidade",10.78,"Taxas de mortalidade infantil (por mil nascidos vivos)"
3522000,"Itaju",17.85714286,2020,"Longevidade",10.47,"Taxas de mortalidade infantil (por mil nascidos vivos)"
3522000,"Itaju",13.88888889,2022,"Longevidade",10.33,"Taxas de mortalidade infantil (por mil nascidos vivos)"
3522000,"Itaju",18.69158879,2024,"Longevidade",11.16,"Taxas de mortalidade infantil (por mil nascidos vivos)"
3522109,"Itanhaém",12.9330254,2014,"Longevidade",11.45,"Taxas de mortalidade infantil (por mil nascidos vivos)"
3522109,"Itanhaém",9.978617249,2016,"Longevidade",10.76,"Taxas de mortalidade infantil (por mil nascidos vivos)"
3522109,"Itanhaém",9.873060649,2018,"Longevidade",10.78,"Taxas de mortalidade infantil (por mil nascidos vivos)"
3522109,"Itanhaém",13.29144514,2020,"Longevidade",10.47,"Taxas de mortalidade infantil (por mil nascidos vivos)"
3522109,"Itanhaém",9.338717819,2022,"Longevidade",10.33,"Taxas de mortalidade infantil (por mil nascidos vivos)"
3522109,"Itanhaém",7.806401249,2024,"Longevidade",11.16,"Taxas de mortalidade infantil (por mil nascidos vivos)"
3522158,"Itaoca",26.11940299,2014,"Longevidade",11.45,"Taxas de mortalidade infantil (por mil nascidos vivos)"
3522158,"Itaoca",34.01360544,2016,"Longevidade",10.76,"Taxas de mortalidade infantil (por mil nascidos vivos)"
3522158,"Itaoca",29.03225806,2018,"Longevidade",10.78,"Taxas de mortalidade infantil (por mil nascidos vivos)"
3522158,"Itaoca",27.02702703,2020,"Longevidade",10.47,"Taxas de mortalidade infantil (por mil nascidos vivos)"
3522158,"Itaoca",23.17880795,2022,"Longevidade",10.33,"Taxas de mortalidade infantil (por mil nascidos vivos)"
3522158,"Itaoca",21.05263158,2024,"Longevidade",11.16,"Taxas de mortalidade infantil (por mil nascidos vivos)"
3522208,"Itapecerica da Serra",13.92691346,2014,"Longevidade",11.45,"Taxas de mortalidade infantil (por mil nascidos vivos)"
3522208,"Itapecerica da Serra",10.42063795,2016,"Longevidade",10.76,"Taxas de mortalidade infantil (por mil nascidos vivos)"
3522208,"Itapecerica da Serra",10.04378058,2018,"Longevidade",10.78,"Taxas de mortalidade infantil (por mil nascidos vivos)"
3522208,"Itapecerica da Serra",13.47205549,2020,"Longevidade",10.47,"Taxas de mortalidade infantil (por mil nascidos vivos)"
3522208,"Itapecerica da Serra",13.17957166,2022,"Longevidade",10.33,"Taxas de mortalidade infantil (por mil nascidos vivos)"
3522208,"Itapecerica da Serra",10.77407592,2024,"Longevidade",11.16,"Taxas de mortalidade infantil (por mil nascidos vivos)"
3522307,"Itapetininga",11.88614326,2014,"Longevidade",11.45,"Taxas de mortalidade infantil (por mil nascidos vivos)"
3522307,"Itapetininga",11.72115978,2016,"Longevidade",10.76,"Taxas de mortalidade infantil (por mil nascidos vivos)"
3522307,"Itapetininga",13.16196965,2018,"Longevidade",10.78,"Taxas de mortalidade infantil (por mil nascidos vivos)"
3522307,"Itapetininga",12.23721368,2020,"Longevidade",10.47,"Taxas de mortalidade infantil (por mil nascidos vivos)"
3522307,"Itapetininga",10.15744033,2022,"Longevidade",10.33,"Taxas de mortalidade infantil (por mil nascidos vivos)"
3522307,"Itapetininga",10.50195799,2024,"Longevidade",11.16,"Taxas de mortalidade infantil (por mil nascidos vivos)"
3522406,"Itapeva",17.61119892,2014,"Longevidade",11.45,"Taxas de mortalidade infantil (por mil nascidos vivos)"
3522406,"Itapeva",16.94516357,2016,"Longevidade",10.76,"Taxas de mortalidade infantil (por mil nascidos vivos)"
3522406,"Itapeva",14.47527141,2018,"Longevidade",10.78,"Taxas de mortalidade infantil (por mil nascidos vivos)"
3522406,"Itapeva",13.24662813,2020,"Longevidade",10.47,"Taxas de mortalidade infantil (por mil nascidos vivos)"
3522406,"Itapeva",14.04786681,2022,"Longevidade",10.33,"Taxas de mortalidade infantil (por mil nascidos vivos)"
3522406,"Itapeva",16.30284609,2024,"Longevidade",11.16,"Taxas de mortalidade infantil (por mil nascidos vivos)"
3522505,"Itapevi",10.96473284,2014,"Longevidade",11.45,"Taxas de mortalidade infantil (por mil nascidos vivos)"
3522505,"Itapevi",9.929078014,2016,"Longevidade",10.76,"Taxas de mortalidade infantil (por mil nascidos vivos)"
3522505,"Itapevi",12.54045307,2018,"Longevidade",10.78,"Taxas de mortalidade infantil (por mil nascidos vivos)"
3522505,"Itapevi",13.25012823,2020,"Longevidade",10.47,"Taxas de mortalidade infantil (por mil nascidos vivos)"
3522505,"Itapevi",11.03896104,2022,"Longevidade",10.33,"Taxas de mortalidade infantil (por mil nascidos vivos)"
3522505,"Itapevi",13.66653651,2024,"Longevidade",11.16,"Taxas de mortalidade infantil (por mil nascidos vivos)"
3522604,"Itapira",5.414410662,2014,"Longevidade",11.45,"Taxas de mortalidade infantil (por mil nascidos vivos)"
3522604,"Itapira",15.13292434,2016,"Longevidade",10.76,"Taxas de mortalidade infantil (por mil nascidos vivos)"
3522604,"Itapira",15.61216105,2018,"Longevidade",10.78,"Taxas de mortalidade infantil (por mil nascidos vivos)"
3522604,"Itapira",8.47098687,2020,"Longevidade",10.47,"Taxas de mortalidade infantil (por mil nascidos vivos)"
3522604,"Itapira",7.759456838,2022,"Longevidade",10.33,"Taxas de mortalidade infantil (por mil nascidos vivos)"
3522604,"Itapira",8.068582955,2024,"Longevidade",11.16,"Taxas de mortalidade infantil (por mil nascidos vivos)"
3522653,"Itapirapuã Paulista",27.02702703,2014,"Longevidade",11.45,"Taxas de mortalidade infantil (por mil nascidos vivos)"
3522653,"Itapirapuã Paulista",16.74641148,2016,"Longevidade",10.76,"Taxas de mortalidade infantil (por mil nascidos vivos)"
3522653,"Itapirapuã Paulista",9.389671362,2018,"Longevidade",10.78,"Taxas de mortalidade infantil (por mil nascidos vivos)"
3522653,"Itapirapuã Paulista",10.61571125,2020,"Longevidade",10.47,"Taxas de mortalidade infantil (por mil nascidos vivos)"
3522653,"Itapirapuã Paulista",12.63157895,2022,"Longevidade",10.33,"Taxas de mortalidade infantil (por mil nascidos vivos)"
3522653,"Itapirapuã Paulista",12.47401247,2024,"Longevidade",11.16,"Taxas de mortalidade infantil (por mil nascidos vivos)"
3522703,"Itápolis",11.58038147,2014,"Longevidade",11.45,"Taxas de mortalidade infantil (por mil nascidos vivos)"
3522703,"Itápolis",11.76470588,2016,"Longevidade",10.76,"Taxas de mortalidade infantil (por mil nascidos vivos)"
3522703,"Itápolis",9.35925126,2018,"Longevidade",10.78,"Taxas de mortalidade infantil (por mil nascidos vivos)"
3522703,"Itápolis",8.639308855,2020,"Longevidade",10.47,"Taxas de mortalidade infantil (por mil nascidos vivos)"
3522703,"Itápolis",9.531374106,2022,"Longevidade",10.33,"Taxas de mortalidade infantil (por mil nascidos vivos)"
3522703,"Itápolis",11.54163232,2024,"Longevidade",11.16,"Taxas de mortalidade infantil (por mil nascidos vivos)"
3522802,"Itaporanga",9.74025974,2014,"Longevidade",11.45,"Taxas de mortalidade infantil (por mil nascidos vivos)"
3522802,"Itaporanga",12.02749141,2016,"Longevidade",10.76,"Taxas de mortalidade infantil (por mil nascidos vivos)"
3522802,"Itaporanga",16.10017889,2018,"Longevidade",10.78,"Taxas de mortalidade infantil (por mil nascidos vivos)"
3522802,"Itaporanga",7.751937984,2020,"Longevidade",10.47,"Taxas de mortalidade infantil (por mil nascidos vivos)"
3522802,"Itaporanga",10.08064516,2024,"Longevidade",11.16,"Taxas de mortalidade infantil (por mil nascidos vivos)"
3522901,"Itapuí",2.159827214,2014,"Longevidade",11.45,"Taxas de mortalidade infantil (por mil nascidos vivos)"
3522901,"Itapuí",18.07228916,2016,"Longevidade",10.76,"Taxas de mortalidade infantil (por mil nascidos vivos)"
3522901,"Itapuí",17.11491443,2018,"Longevidade",10.78,"Taxas de mortalidade infantil (por mil nascidos vivos)"
3522901,"Itapuí",12.68498943,2020,"Longevidade",10.47,"Taxas de mortalidade infantil (por mil nascidos vivos)"
3522901,"Itapuí",14.90066225,2022,"Longevidade",10.33,"Taxas de mortalidade infantil (por mil nascidos vivos)"
3522901,"Itapuí",17.50972763,2024,"Longevidade",11.16,"Taxas de mortalidade infantil (por mil nascidos vivos)"
3523008,"Itapura",9.280742459,2014,"Longevidade",11.45,"Taxas de mortalidade infantil (por mil nascidos vivos)"
3523008,"Itapura",10.37344398,2016,"Longevidade",10.76,"Taxas de mortalidade infantil (por mil nascidos vivos)"
3523008,"Itapura",10.79913607,2018,"Longevidade",10.78,"Taxas de mortalidade infantil (por mil nascidos vivos)"
3523008,"Itapura",9.302325581,2020,"Longevidade",10.47,"Taxas de mortalidade infantil (por mil nascidos vivos)"
3523008,"Itapura",5.39083558,2022,"Longevidade",10.33,"Taxas de mortalidade infantil (por mil nascidos vivos)"
3523008,"Itapura",3.144654088,2024,"Longevidade",11.16,"Taxas de mortalidade infantil (por mil nascidos vivos)"
3523107,"Itaquaquecetuba",14.00414938,2014,"Longevidade",11.45,"Taxas de mortalidade infantil (por mil nascidos vivos)"
3523107,"Itaquaquecetuba",12.52275611,2016,"Longevidade",10.76,"Taxas de mortalidade infantil (por mil nascidos vivos)"
3523107,"Itaquaquecetuba",12.72929405,2018,"Longevidade",10.78,"Taxas de mortalidade infantil (por mil nascidos vivos)"
3523107,"Itaquaquecetuba",11.82480914,2020,"Longevidade",10.47,"Taxas de mortalidade infantil (por mil nascidos vivos)"
3523107,"Itaquaquecetuba",13.22482197,2022,"Longevidade",10.33,"Taxas de mortalidade infantil (por mil nascidos vivos)"
3523107,"Itaquaquecetuba",15.13232451,2024,"Longevidade",11.16,"Taxas de mortalidade infantil (por mil nascidos vivos)"
3523206,"Itararé",14.80019734,2014,"Longevidade",11.45,"Taxas de mortalidade infantil (por mil nascidos vivos)"
3523206,"Itararé",13.47150259,2016,"Longevidade",10.76,"Taxas de mortalidade infantil (por mil nascidos vivos)"
3523206,"Itararé",14.4107051,2018,"Longevidade",10.78,"Taxas de mortalidade infantil (por mil nascidos vivos)"
3523206,"Itararé",12.92407108,2020,"Longevidade",10.47,"Taxas de mortalidade infantil (por mil nascidos vivos)"
3523206,"Itararé",8.849557522,2022,"Longevidade",10.33,"Taxas de mortalidade infantil (por mil nascidos vivos)"
3523206,"Itararé",11.58536585,2024,"Longevidade",11.16,"Taxas de mortalidade infantil (por mil nascidos vivos)"
3523305,"Itariri",16.59751037,2014,"Longevidade",11.45,"Taxas de mortalidade infantil (por mil nascidos vivos)"
3523305,"Itariri",16.52892562,2016,"Longevidade",10.76,"Taxas de mortalidade infantil (por mil nascidos vivos)"
3523305,"Itariri",16.75977654,2018,"Longevidade",10.78,"Taxas de mortalidade infantil (por mil nascidos vivos)"
3523305,"Itariri",10.06036217,2020,"Longevidade",10.47,"Taxas de mortalidade infantil (por mil nascidos vivos)"
3523305,"Itariri",11.11111111,2022,"Longevidade",10.33,"Taxas de mortalidade infantil (por mil nascidos vivos)"
3523305,"Itariri",9.153318078,2024,"Longevidade",11.16,"Taxas de mortalidade infantil (por mil nascidos vivos)"
3523404,"Itatiba",12.52609603,2014,"Longevidade",11.45,"Taxas de mortalidade infantil (por mil nascidos vivos)"
3523404,"Itatiba",10.6357835,2016,"Longevidade",10.76,"Taxas de mortalidade infantil (por mil nascidos vivos)"
3523404,"Itatiba",12.65218429,2018,"Longevidade",10.78,"Taxas de mortalidade infantil (por mil nascidos vivos)"
3523404,"Itatiba",14.5203523,2020,"Longevidade",10.47,"Taxas de mortalidade infantil (por mil nascidos vivos)"
3523404,"Itatiba",14.9142431,2022,"Longevidade",10.33,"Taxas de mortalidade infantil (por mil nascidos vivos)"
3523404,"Itatiba",12.53517524,2024,"Longevidade",11.16,"Taxas de mortalidade infantil (por mil nascidos vivos)"
3523503,"Itatinga",10.97560976,2014,"Longevidade",11.45,"Taxas de mortalidade infantil (por mil nascidos vivos)"
3523503,"Itatinga",10.97560976,2016,"Longevidade",10.76,"Taxas de mortalidade infantil (por mil nascidos vivos)"
3523503,"Itatinga",11.2640801,2018,"Longevidade",10.78,"Taxas de mortalidade infantil (por mil nascidos vivos)"
3523503,"Itatinga",8.862629247,2020,"Longevidade",10.47,"Taxas de mortalidade infantil (por mil nascidos vivos)"
3523503,"Itatinga",21.60493827,2022,"Longevidade",10.33,"Taxas de mortalidade infantil (por mil nascidos vivos)"
3523503,"Itatinga",25.11078287,2024,"Longevidade",11.16,"Taxas de mortalidade infantil (por mil nascidos vivos)"
3523602,"Itirapina",9.487666034,2014,"Longevidade",11.45,"Taxas de mortalidade infantil (por mil nascidos vivos)"
3523602,"Itirapina",12.57861635,2016,"Longevidade",10.76,"Taxas de mortalidade infantil (por mil nascidos vivos)"
3523602,"Itirapina",17.54385965,2018,"Longevidade",10.78,"Taxas de mortalidade infantil (por mil nascidos vivos)"
3523602,"Itirapina",20.2020202,2020,"Longevidade",10.47,"Taxas de mortalidade infantil (por mil nascidos vivos)"
3523602,"Itirapina",10.28806584,2022,"Longevidade",10.33,"Taxas de mortalidade infantil (por mil nascidos vivos)"
3523602,"Itirapina",7.042253521,2024,"Longevidade",11.16,"Taxas de mortalidade infantil (por mil nascidos vivos)"
3523701,"Itirapuã",9.505703422,2014,"Longevidade",11.45,"Taxas de mortalidade infantil (por mil nascidos vivos)"
3523701,"Itirapuã",14.92537313,2016,"Longevidade",10.76,"Taxas de mortalidade infantil (por mil nascidos vivos)"
3523701,"Itirapuã",15.00938086,2018,"Longevidade",10.78,"Taxas de mortalidade infantil (por mil nascidos vivos)"
3523701,"Itirapuã",15.41425819,2020,"Longevidade",10.47,"Taxas de mortalidade infantil (por mil nascidos vivos)"
3523701,"Itirapuã",15.47388781,2022,"Longevidade",10.33,"Taxas de mortalidade infantil (por mil nascidos vivos)"
3523701,"Itirapuã",8.196721311,2024,"Longevidade",11.16,"Taxas de mortalidade infantil (por mil nascidos vivos)"
3523800,"Itobi",15.33219761,2014,"Longevidade",11.45,"Taxas de mortalidade infantil (por mil nascidos vivos)"
3523800,"Itobi",13.44537815,2016,"Longevidade",10.76,"Taxas de mortalidade infantil (por mil nascidos vivos)"
3523800,"Itobi",14.9750416,2018,"Longevidade",10.78,"Taxas de mortalidade infantil (por mil nascidos vivos)"
3523800,"Itobi",11.36363636,2020,"Longevidade",10.47,"Taxas de mortalidade infantil (por mil nascidos vivos)"
3523800,"Itobi",9.8199672669999991,2022,"Longevidade",10.33,"Taxas de mortalidade infantil (por mil nascidos vivos)"
3523800,"Itobi",5.291005291,2024,"Longevidade",11.16,"Taxas de mortalidade infantil (por mil nascidos vivos)"
3523909,"Itu",11.25909653,2014,"Longevidade",11.45,"Taxas de mortalidade infantil (por mil nascidos vivos)"
3523909,"Itu",8.381872425,2016,"Longevidade",10.76,"Taxas de mortalidade infantil (por mil nascidos vivos)"
3523909,"Itu",8.457276174,2018,"Longevidade",10.78,"Taxas de mortalidade infantil (por mil nascidos vivos)"
3523909,"Itu",9.599520024,2020,"Longevidade",10.47,"Taxas de mortalidade infantil (por mil nascidos vivos)"
3523909,"Itu",9.460297767,2022,"Longevidade",10.33,"Taxas de mortalidade infantil (por mil nascidos vivos)"
3523909,"Itu",10.36789298,2024,"Longevidade",11.16,"Taxas de mortalidade infantil (por mil nascidos vivos)"
3524006,"Itupeva",13.5501355,2014,"Longevidade",11.45,"Taxas de mortalidade infantil (por mil nascidos vivos)"
3524006,"Itupeva",10.3250478,2016,"Longevidade",10.76,"Taxas de mortalidade infantil (por mil nascidos vivos)"
3524006,"Itupeva",10.19208154,2018,"Longevidade",10.78,"Taxas de mortalidade infantil (por mil nascidos vivos)"
3524006,"Itupeva",12.30647082,2020,"Longevidade",10.47,"Taxas de mortalidade infantil (por mil nascidos vivos)"
3524006,"Itupeva",10.12066952,2022,"Longevidade",10.33,"Taxas de mortalidade infantil (por mil nascidos vivos)"
3524006,"Itupeva",10.13758146,2024,"Longevidade",11.16,"Taxas de mortalidade infantil (por mil nascidos vivos)"
3524105,"Ituverava",8.289374529,2014,"Longevidade",11.45,"Taxas de mortalidade infantil (por mil nascidos vivos)"
3524105,"Ituverava",6.637168142,2016,"Longevidade",10.76,"Taxas de mortalidade infantil (por mil nascidos vivos)"
3524105,"Ituverava",3.009781791,2018,"Longevidade",10.78,"Taxas de mortalidade infantil (por mil nascidos vivos)"
3524105,"Ituverava",7.23065799,2020,"Longevidade",10.47,"Taxas de mortalidade infantil (por mil nascidos vivos)"
3524105,"Ituverava",10.51051051,2022,"Longevidade",10.33,"Taxas de mortalidade infantil (por mil nascidos vivos)"
3524105,"Ituverava",9.764035801,2024,"Longevidade",11.16,"Taxas de mortalidade infantil (por mil nascidos vivos)"
3524204,"Jaborandi",14.95016611,2014,"Longevidade",11.45,"Taxas de mortalidade infantil (por mil nascidos vivos)"
3524204,"Jaborandi",17.50972763,2016,"Longevidade",10.76,"Taxas de mortalidade infantil (por mil nascidos vivos)"
3524204,"Jaborandi",16.06425703,2018,"Longevidade",10.78,"Taxas de mortalidade infantil (por mil nascidos vivos)"
3524204,"Jaborandi",15.65995526,2020,"Longevidade",10.47,"Taxas de mortalidade infantil (por mil nascidos vivos)"
3524204,"Jaborandi",20.64220183,2022,"Longevidade",10.33,"Taxas de mortalidade infantil (por mil nascidos vivos)"
3524204,"Jaborandi",31.8627451,2024,"Longevidade",11.16,"Taxas de mortalidade infantil (por mil nascidos vivos)"
3524303,"Jaboticabal",11.71875,2014,"Longevidade",11.45,"Taxas de mortalidade infantil (por mil nascidos vivos)"
3524303,"Jaboticabal",8.663366337,2016,"Longevidade",10.76,"Taxas de mortalidade infantil (por mil nascidos vivos)"
3524303,"Jaboticabal",8.179078777,2018,"Longevidade",10.78,"Taxas de mortalidade infantil (por mil nascidos vivos)"
3524303,"Jaboticabal",11.76983435,2020,"Longevidade",10.47,"Taxas de mortalidade infantil (por mil nascidos vivos)"
3524303,"Jaboticabal",8.204193254,2022,"Longevidade",10.33,"Taxas de mortalidade infantil (por mil nascidos vivos)"
3524303,"Jaboticabal",10.52631579,2024,"Longevidade",11.16,"Taxas de mortalidade infantil (por mil nascidos vivos)"
3524402,"Jacareí",10.74718526,2014,"Longevidade",11.45,"Taxas de mortalidade infantil (por mil nascidos vivos)"
3524402,"Jacareí",11.11111111,2016,"Longevidade",10.76,"Taxas de mortalidade infantil (por mil nascidos vivos)"
3524402,"Jacareí",10.26150281,2018,"Longevidade",10.78,"Taxas de mortalidade infantil (por mil nascidos vivos)"
3524402,"Jacareí",8.887849374,2020,"Longevidade",10.47,"Taxas de mortalidade infantil (por mil nascidos vivos)"
3524402,"Jacareí",9.787928222,2022,"Longevidade",10.33,"Taxas de mortalidade infantil (por mil nascidos vivos)"
3524402,"Jacareí",11.02750389,2024,"Longevidade",11.16,"Taxas de mortalidade infantil (por mil nascidos vivos)"
3524501,"Jaci",6.134969325,2014,"Longevidade",11.45,"Taxas de mortalidade infantil (por mil nascidos vivos)"
3524501,"Jaci",6.932409012,2016,"Longevidade",10.76,"Taxas de mortalidade infantil (por mil nascidos vivos)"
3524501,"Jaci",6.611570248,2018,"Longevidade",10.78,"Taxas de mortalidade infantil (por mil nascidos vivos)"
3524501,"Jaci",4.672897196,2020,"Longevidade",10.47,"Taxas de mortalidade infantil (por mil nascidos vivos)"
3524501,"Jaci",6.153846154,2022,"Longevidade",10.33,"Taxas de mortalidade infantil (por mil nascidos vivos)"
3524501,"Jaci",6.259780908,2024,"Longevidade",11.16,"Taxas de mortalidade infantil (por mil nascidos vivos)"
3524600,"Jacupiranga",12.48266297,2014,"Longevidade",11.45,"Taxas de mortalidade infantil (por mil nascidos vivos)"
3524600,"Jacupiranga",16.58163265,2016,"Longevidade",10.76,"Taxas de mortalidade infantil (por mil nascidos vivos)"
3524600,"Jacupiranga",15.40436457,2018,"Longevidade",10.78,"Taxas de mortalidade infantil (por mil nascidos vivos)"
3524600,"Jacupiranga",15.55869873,2020,"Longevidade",10.47,"Taxas de mortalidade infantil (por mil nascidos vivos)"
3524600,"Jacupiranga",9.389671362,2022,"Longevidade",10.33,"Taxas de mortalidade infantil (por mil nascidos vivos)"
3524600,"Jacupiranga",7.326007326,2024,"Longevidade",11.16,"Taxas de mortalidade infantil (por mil nascidos vivos)"
3524709,"Jaguariúna",11.37980085,2014,"Longevidade",11.45,"Taxas de mortalidade infantil (por mil nascidos vivos)"
3524709,"Jaguariúna",10.70399341,2016,"Longevidade",10.76,"Taxas de mortalidade infantil (por mil nascidos vivos)"
3524709,"Jaguariúna",7.936507937,2018,"Longevidade",10.78,"Taxas de mortalidade infantil (por mil nascidos vivos)"
3524709,"Jaguariúna",5.613126079,2020,"Longevidade",10.47,"Taxas de mortalidade infantil (por mil nascidos vivos)"
3524709,"Jaguariúna",9.615384615,2022,"Longevidade",10.33,"Taxas de mortalidade infantil (por mil nascidos vivos)"
3524709,"Jaguariúna",8.037825059,2024,"Longevidade",11.16,"Taxas de mortalidade infantil (por mil nascidos vivos)"
3524808,"Jales",9.47567909,2014,"Longevidade",11.45,"Taxas de mortalidade infantil (por mil nascidos vivos)"
3524808,"Jales",13.2408575,2016,"Longevidade",10.76,"Taxas de mortalidade infantil (por mil nascidos vivos)"
3524808,"Jales",9.664948454,2018,"Longevidade",10.78,"Taxas de mortalidade infantil (por mil nascidos vivos)"
3524808,"Jales",7.133592737,2020,"Longevidade",10.47,"Taxas de mortalidade infantil (por mil nascidos vivos)"
3524808,"Jales",6.724949563,2022,"Longevidade",10.33,"Taxas de mortalidade infantil (por mil nascidos vivos)"
3524808,"Jales",7.032348805,2024,"Longevidade",11.16,"Taxas de mortalidade infantil (por mil nascidos vivos)"
3524907,"Jambeiro",9.174311927,2014,"Longevidade",11.45,"Taxas de mortalidade infantil (por mil nascidos vivos)"
3524907,"Jambeiro",16.22718053,2016,"Longevidade",10.76,"Taxas de mortalidade infantil (por mil nascidos vivos)"
3524907,"Jambeiro",16,2018,"Longevidade",10.78,"Taxas de mortalidade infantil (por mil nascidos vivos)"
3524907,"Jambeiro",17.92828685,2020,"Longevidade",10.47,"Taxas de mortalidade infantil (por mil nascidos vivos)"
3524907,"Jambeiro",18.51851852,2022,"Longevidade",10.33,"Taxas de mortalidade infantil (por mil nascidos vivos)"
3524907,"Jambeiro",10.43841336,2024,"Longevidade",11.16,"Taxas de mortalidade infantil (por mil nascidos vivos)"
3525003,"Jandira",10.34612491,2014,"Longevidade",11.45,"Taxas de mortalidade infantil (por mil nascidos vivos)"
3525003,"Jandira",10.89285714,2016,"Longevidade",10.76,"Taxas de mortalidade infantil (por mil nascidos vivos)"
3525003,"Jandira",9.697873928,2018,"Longevidade",10.78,"Taxas de mortalidade infantil (por mil nascidos vivos)"
3525003,"Jandira",10.48951049,2020,"Longevidade",10.47,"Taxas de mortalidade infantil (por mil nascidos vivos)"
3525003,"Jandira",12.77663701,2022,"Longevidade",10.33,"Taxas de mortalidade infantil (por mil nascidos vivos)"
3525003,"Jandira",15.15151515,2024,"Longevidade",11.16,"Taxas de mortalidade infantil (por mil nascidos vivos)"
3525102,"Jardinópolis",10.1910828,2014,"Longevidade",11.45,"Taxas de mortalidade infantil (por mil nascidos vivos)"
3525102,"Jardinópolis",10.96364686,2016,"Longevidade",10.76,"Taxas de mortalidade infantil (por mil nascidos vivos)"
3525102,"Jardinópolis",10.92581944,2018,"Longevidade",10.78,"Taxas de mortalidade infantil (por mil nascidos vivos)"
3525102,"Jardinópolis",6.421482779,2020,"Longevidade",10.47,"Taxas de mortalidade infantil (por mil nascidos vivos)"
3525102,"Jardinópolis",7.585335019,2022,"Longevidade",10.33,"Taxas de mortalidade infantil (por mil nascidos vivos)"
3525102,"Jardinópolis",11.34751773,2024,"Longevidade",11.16,"Taxas de mortalidade infantil (por mil nascidos vivos)"
3525201,"Jarinu",14.29706116,2014,"Longevidade",11.45,"Taxas de mortalidade infantil (por mil nascidos vivos)"
3525201,"Jarinu",7.446016381,2016,"Longevidade",10.76,"Taxas de mortalidade infantil (por mil nascidos vivos)"
3525201,"Jarinu",5.847953216,2018,"Longevidade",10.78,"Taxas de mortalidade infantil (por mil nascidos vivos)"
3525201,"Jarinu",7.02247191,2020,"Longevidade",10.47,"Taxas de mortalidade infantil (por mil nascidos vivos)"
3525201,"Jarinu",12.9969419,2022,"Longevidade",10.33,"Taxas de mortalidade infantil (por mil nascidos vivos)"
3525201,"Jarinu",9.848484848,2024,"Longevidade",11.16,"Taxas de mortalidade infantil (por mil nascidos vivos)"
3525300,"Jaú",10.72657357,2014,"Longevidade",11.45,"Taxas de mortalidade infantil (por mil nascidos vivos)"
3525300,"Jaú",9.479628883,2016,"Longevidade",10.76,"Taxas de mortalidade infantil (por mil nascidos vivos)"
3525300,"Jaú",10.07815714,2018,"Longevidade",10.78,"Taxas de mortalidade infantil (por mil nascidos vivos)"
3525300,"Jaú",9.978308026,2020,"Longevidade",10.47,"Taxas de mortalidade infantil (por mil nascidos vivos)"
3525300,"Jaú",9.127076995,2022,"Longevidade",10.33,"Taxas de mortalidade infantil (por mil nascidos vivos)"
3525300,"Jaú",9.801577815,2024,"Longevidade",11.16,"Taxas de mortalidade infantil (por mil nascidos vivos)"
3525409,"Jeriquara",6.711409396,2014,"Longevidade",11.45,"Taxas de mortalidade infantil (por mil nascidos vivos)"
3525409,"Jeriquara",13.79310345,2016,"Longevidade",10.76,"Taxas de mortalidade infantil (por mil nascidos vivos)"
3525409,"Jeriquara",10.1010101,2018,"Longevidade",10.78,"Taxas de mortalidade infantil (por mil nascidos vivos)"
3525409,"Jeriquara",13.33333333,2020,"Longevidade",10.47,"Taxas de mortalidade infantil (por mil nascidos vivos)"
3525409,"Jeriquara",6.172839506,2022,"Longevidade",10.33,"Taxas de mortalidade infantil (por mil nascidos vivos)"
3525409,"Jeriquara",3.048780488,2024,"Longevidade",11.16,"Taxas de mortalidade infantil (por mil nascidos vivos)"
3525508,"Joanópolis",18.91252955,2014,"Longevidade",11.45,"Taxas de mortalidade infantil (por mil nascidos vivos)"
3525508,"Joanópolis",9.049773756,2016,"Longevidade",10.76,"Taxas de mortalidade infantil (por mil nascidos vivos)"
3525508,"Joanópolis",9.090909091,2018,"Longevidade",10.78,"Taxas de mortalidade infantil (por mil nascidos vivos)"
3525508,"Joanópolis",4.310344828,2020,"Longevidade",10.47,"Taxas de mortalidade infantil (por mil nascidos vivos)"
3525508,"Joanópolis",7.425742574,2022,"Longevidade",10.33,"Taxas de mortalidade infantil (por mil nascidos vivos)"
3525508,"Joanópolis",14.18439716,2024,"Longevidade",11.16,"Taxas de mortalidade infantil (por mil nascidos vivos)"
3525607,"João Ramalho",25.11415525,2014,"Longevidade",11.45,"Taxas de mortalidade infantil (por mil nascidos vivos)"
3525607,"João Ramalho",18.90756303,2016,"Longevidade",10.76,"Taxas de mortalidade infantil (por mil nascidos vivos)"
3525607,"João Ramalho",13.21585903,2018,"Longevidade",10.78,"Taxas de mortalidade infantil (por mil nascidos vivos)"
3525607,"João Ramalho",9.302325581,2020,"Longevidade",10.47,"Taxas de mortalidade infantil (por mil nascidos vivos)"
3525607,"João Ramalho",5.089058524,2022,"Longevidade",10.33,"Taxas de mortalidade infantil (por mil nascidos vivos)"
3525607,"João Ramalho",8.982035928,2024,"Longevidade",11.16,"Taxas de mortalidade infantil (por mil nascidos vivos)"
3525706,"José Bonifácio",3.759398496,2014,"Longevidade",11.45,"Taxas de mortalidade infantil (por mil nascidos vivos)"
3525706,"José Bonifácio",4.366812227,2016,"Longevidade",10.76,"Taxas de mortalidade infantil (por mil nascidos vivos)"
3525706,"José Bonifácio",5.196733482,2018,"Longevidade",10.78,"Taxas de mortalidade infantil (por mil nascidos vivos)"
3525706,"José Bonifácio",12.2324159,2020,"Longevidade",10.47,"Taxas de mortalidade infantil (por mil nascidos vivos)"
3525706,"José Bonifácio",10.81081081,2022,"Longevidade",10.33,"Taxas de mortalidade infantil (por mil nascidos vivos)"
3525706,"José Bonifácio",14.1620771,2024,"Longevidade",11.16,"Taxas de mortalidade infantil (por mil nascidos vivos)"
3525805,"Júlio Mesquita",6.741573034,2014,"Longevidade",11.45,"Taxas de mortalidade infantil (por mil nascidos vivos)"
3525805,"Júlio Mesquita",11.46788991,2016,"Longevidade",10.76,"Taxas de mortalidade infantil (por mil nascidos vivos)"
3525805,"Júlio Mesquita",11.49425287,2018,"Longevidade",10.78,"Taxas de mortalidade infantil (por mil nascidos vivos)"
3525805,"Júlio Mesquita",11.65501166,2020,"Longevidade",10.47,"Taxas de mortalidade infantil (por mil nascidos vivos)"
3525805,"Júlio Mesquita",11.9047619,2022,"Longevidade",10.33,"Taxas de mortalidade infantil (por mil nascidos vivos)"
3525805,"Júlio Mesquita",9.756097561,2024,"Longevidade",11.16,"Taxas de mortalidade infantil (por mil nascidos vivos)"
3525854,"Jumirim",13.15789474,2014,"Longevidade",11.45,"Taxas de mortalidade infantil (por mil nascidos vivos)"
3525854,"Jumirim",3.533568905,2016,"Longevidade",10.76,"Taxas de mortalidade infantil (por mil nascidos vivos)"
3525854,"Jumirim",3.50877193,2018,"Longevidade",10.78,"Taxas de mortalidade infantil (por mil nascidos vivos)"
3525854,"Jumirim",7.299270073,2020,"Longevidade",10.47,"Taxas de mortalidade infantil (por mil nascidos vivos)"
3525854,"Jumirim",3.558718861,2022,"Longevidade",10.33,"Taxas de mortalidade infantil (por mil nascidos vivos)"
3525854,"Jumirim",3.831417625,2024,"Longevidade",11.16,"Taxas de mortalidade infantil (por mil nascidos vivos)"
3525904,"Jundiaí",11.04012901,2014,"Longevidade",11.45,"Taxas de mortalidade infantil (por mil nascidos vivos)"
3525904,"Jundiaí",9.49098921,2016,"Longevidade",10.76,"Taxas de mortalidade infantil (por mil nascidos vivos)"
3525904,"Jundiaí",8.525195482,2018,"Longevidade",10.78,"Taxas de mortalidade infantil (por mil nascidos vivos)"
3525904,"Jundiaí",7.623269896,2020,"Longevidade",10.47,"Taxas de mortalidade infantil (por mil nascidos vivos)"
3525904,"Jundiaí",9.350275713,2022,"Longevidade",10.33,"Taxas de mortalidade infantil (por mil nascidos vivos)"
3525904,"Jundiaí",9.873693659,2024,"Longevidade",11.16,"Taxas de mortalidade infantil (por mil nascidos vivos)"
3526001,"Junqueirópolis",13.77410468,2014,"Longevidade",11.45,"Taxas de mortalidade infantil (por mil nascidos vivos)"
3526001,"Junqueirópolis",5.780346821,2016,"Longevidade",10.76,"Taxas de mortalidade infantil (por mil nascidos vivos)"
3526001,"Junqueirópolis",5.681818182,2018,"Longevidade",10.78,"Taxas de mortalidade infantil (por mil nascidos vivos)"
3526001,"Junqueirópolis",13.23529412,2020,"Longevidade",10.47,"Taxas de mortalidade infantil (por mil nascidos vivos)"
3526001,"Junqueirópolis",9.852216749,2022,"Longevidade",10.33,"Taxas de mortalidade infantil (por mil nascidos vivos)"
3526001,"Junqueirópolis",6.944444444,2024,"Longevidade",11.16,"Taxas de mortalidade infantil (por mil nascidos vivos)"
3526100,"Juquiá",13.00108342,2014,"Longevidade",11.45,"Taxas de mortalidade infantil (por mil nascidos vivos)"
3526100,"Juquiá",7.30816078,2016,"Longevidade",10.76,"Taxas de mortalidade infantil (por mil nascidos vivos)"
3526100,"Juquiá",12.15066829,2018,"Longevidade",10.78,"Taxas de mortalidade infantil (por mil nascidos vivos)"
3526100,"Juquiá",13.85390428,2020,"Longevidade",10.47,"Taxas de mortalidade infantil (por mil nascidos vivos)"
3526100,"Juquiá",15.36312849,2022,"Longevidade",10.33,"Taxas de mortalidade infantil (por mil nascidos vivos)"
3526100,"Juquiá",20.64896755,2024,"Longevidade",11.16,"Taxas de mortalidade infantil (por mil nascidos vivos)"
3526209,"Juquitiba",14.47178003,2014,"Longevidade",11.45,"Taxas de mortalidade infantil (por mil nascidos vivos)"
3526209,"Juquitiba",12.1602289,2016,"Longevidade",10.76,"Taxas de mortalidade infantil (por mil nascidos vivos)"
3526209,"Juquitiba",7.953723789,2018,"Longevidade",10.78,"Taxas de mortalidade infantil (por mil nascidos vivos)"
3526209,"Juquitiba",8.895478132,2020,"Longevidade",10.47,"Taxas de mortalidade infantil (por mil nascidos vivos)"
3526209,"Juquitiba",12.54480287,2022,"Longevidade",10.33,"Taxas de mortalidade infantil (por mil nascidos vivos)"
3526209,"Juquitiba",17.52677702,2024,"Longevidade",11.16,"Taxas de mortalidade infantil (por mil nascidos vivos)"
3526308,"Lagoinha",24.61538462,2014,"Longevidade",11.45,"Taxas de mortalidade infantil (por mil nascidos vivos)"
3526308,"Lagoinha",16.94915254,2016,"Longevidade",10.76,"Taxas de mortalidade infantil (por mil nascidos vivos)"
3526308,"Lagoinha",10.1010101,2018,"Longevidade",10.78,"Taxas de mortalidade infantil (por mil nascidos vivos)"
3526308,"Lagoinha",6.25,2020,"Longevidade",10.47,"Taxas de mortalidade infantil (por mil nascidos vivos)"
3526308,"Lagoinha",5.813953488,2022,"Longevidade",10.33,"Taxas de mortalidade infantil (por mil nascidos vivos)"
3526308,"Lagoinha",5.899705015,2024,"Longevidade",11.16,"Taxas de mortalidade infantil (por mil nascidos vivos)"
3526407,"Laranjal Paulista",12.17228464,2014,"Longevidade",11.45,"Taxas de mortalidade infantil (por mil nascidos vivos)"
3526407,"Laranjal Paulista",10.25163094,2016,"Longevidade",10.76,"Taxas de mortalidade infantil (por mil nascidos vivos)"
3526407,"Laranjal Paulista",13.239188,2018,"Longevidade",10.78,"Taxas de mortalidade infantil (por mil nascidos vivos)"
3526407,"Laranjal Paulista",15.76182137,2020,"Longevidade",10.47,"Taxas de mortalidade infantil (por mil nascidos vivos)"
3526407,"Laranjal Paulista",11.66180758,2022,"Longevidade",10.33,"Taxas de mortalidade infantil (por mil nascidos vivos)"
3526407,"Laranjal Paulista",15.38461538,2024,"Longevidade",11.16,"Taxas de mortalidade infantil (por mil nascidos vivos)"
3526506,"Lavínia",5.18134715,2014,"Longevidade",11.45,"Taxas de mortalidade infantil (por mil nascidos vivos)"
3526506,"Lavínia",10.20408163,2016,"Longevidade",10.76,"Taxas de mortalidade infantil (por mil nascidos vivos)"
3526506,"Lavínia",13.22751323,2018,"Longevidade",10.78,"Taxas de mortalidade infantil (por mil nascidos vivos)"
3526506,"Lavínia",19.71830986,2020,"Longevidade",10.47,"Taxas de mortalidade infantil (por mil nascidos vivos)"
3526506,"Lavínia",20.89552239,2022,"Longevidade",10.33,"Taxas de mortalidade infantil (por mil nascidos vivos)"
3526506,"Lavínia",14.33691756,2024,"Longevidade",11.16,"Taxas de mortalidade infantil (por mil nascidos vivos)"
3526605,"Lavrinhas",17.71117166,2014,"Longevidade",11.45,"Taxas de mortalidade infantil (por mil nascidos vivos)"
3526605,"Lavrinhas",16.37107776,2016,"Longevidade",10.76,"Taxas de mortalidade infantil (por mil nascidos vivos)"
3526605,"Lavrinhas",12.58741259,2018,"Longevidade",10.78,"Taxas de mortalidade infantil (por mil nascidos vivos)"
3526605,"Lavrinhas",14.30615165,2020,"Longevidade",10.47,"Taxas de mortalidade infantil (por mil nascidos vivos)"
3526605,"Lavrinhas",13.23529412,2022,"Longevidade",10.33,"Taxas de mortalidade infantil (por mil nascidos vivos)"
3526605,"Lavrinhas",12.19512195,2024,"Longevidade",11.16,"Taxas de mortalidade infantil (por mil nascidos vivos)"
3526704,"Leme",12.60173274,2014,"Longevidade",11.45,"Taxas de mortalidade infantil (por mil nascidos vivos)"
3526704,"Leme",8.476893629,2016,"Longevidade",10.76,"Taxas de mortalidade infantil (por mil nascidos vivos)"
3526704,"Leme",8.319467554,2018,"Longevidade",10.78,"Taxas de mortalidade infantil (por mil nascidos vivos)"
3526704,"Leme",11.66342683,2020,"Longevidade",10.47,"Taxas de mortalidade infantil (por mil nascidos vivos)"
3526704,"Leme",11.99261993,2022,"Longevidade",10.33,"Taxas de mortalidade infantil (por mil nascidos vivos)"
3526704,"Leme",14.15870925,2024,"Longevidade",11.16,"Taxas de mortalidade infantil (por mil nascidos vivos)"
3526803,"Lençóis Paulista",11.34215501,2014,"Longevidade",11.45,"Taxas de mortalidade infantil (por mil nascidos vivos)"
3526803,"Lençóis Paulista",7.258064516,2016,"Longevidade",10.76,"Taxas de mortalidade infantil (por mil nascidos vivos)"
3526803,"Lençóis Paulista",9.9626401,2018,"Longevidade",10.78,"Taxas de mortalidade infantil (por mil nascidos vivos)"
3526803,"Lençóis Paulista",8.760951189,2020,"Longevidade",10.47,"Taxas de mortalidade infantil (por mil nascidos vivos)"
3526803,"Lençóis Paulista",8.638420403,2022,"Longevidade",10.33,"Taxas de mortalidade infantil (por mil nascidos vivos)"
3526803,"Lençóis Paulista",10.23890785,2024,"Longevidade",11.16,"Taxas de mortalidade infantil (por mil nascidos vivos)"
3526902,"Limeira",10.28710371,2014,"Longevidade",11.45,"Taxas de mortalidade infantil (por mil nascidos vivos)"
3526902,"Limeira",8.642319487,2016,"Longevidade",10.76,"Taxas de mortalidade infantil (por mil nascidos vivos)"
3526902,"Limeira",8.150697337,2018,"Longevidade",10.78,"Taxas de mortalidade infantil (por mil nascidos vivos)"
3526902,"Limeira",10.31701369,2020,"Longevidade",10.47,"Taxas de mortalidade infantil (por mil nascidos vivos)"
3526902,"Limeira",12.61667863,2022,"Longevidade",10.33,"Taxas de mortalidade infantil (por mil nascidos vivos)"
3526902,"Limeira",10.44664748,2024,"Longevidade",11.16,"Taxas de mortalidade infantil (por mil nascidos vivos)"
3527009,"Lindóia",12.41134752,2014,"Longevidade",11.45,"Taxas de mortalidade infantil (por mil nascidos vivos)"
3527009,"Lindóia",12.21640489,2016,"Longevidade",10.76,"Taxas de mortalidade infantil (por mil nascidos vivos)"
3527009,"Lindóia",8.680555556,2018,"Longevidade",10.78,"Taxas de mortalidade infantil (por mil nascidos vivos)"
3527009,"Lindóia",6.944444444,2020,"Longevidade",10.47,"Taxas de mortalidade infantil (por mil nascidos vivos)"
3527009,"Lindóia",5.272407733,2022,"Longevidade",10.33,"Taxas de mortalidade infantil (por mil nascidos vivos)"
3527009,"Lindóia",10.90909091,2024,"Longevidade",11.16,"Taxas de mortalidade infantil (por mil nascidos vivos)"
3527108,"Lins",8.362369338,2014,"Longevidade",11.45,"Taxas de mortalidade infantil (por mil nascidos vivos)"
3527108,"Lins",8.651766402,2016,"Longevidade",10.76,"Taxas de mortalidade infantil (por mil nascidos vivos)"
3527108,"Lins",10.49317943,2018,"Longevidade",10.78,"Taxas de mortalidade infantil (por mil nascidos vivos)"
3527108,"Lins",15.8045977,2020,"Longevidade",10.47,"Taxas de mortalidade infantil (por mil nascidos vivos)"
3527108,"Lins",15.44715447,2022,"Longevidade",10.33,"Taxas de mortalidade infantil (por mil nascidos vivos)"
3527108,"Lins",17.16738197,2024,"Longevidade",11.16,"Taxas de mortalidade infantil (por mil nascidos vivos)"
3527207,"Lorena",12.40834743,2014,"Longevidade",11.45,"Taxas de mortalidade infantil (por mil nascidos vivos)"
3527207,"Lorena",8.205689278,2016,"Longevidade",10.76,"Taxas de mortalidade infantil (por mil nascidos vivos)"
3527207,"Lorena",9.088405398,2018,"Longevidade",10.78,"Taxas de mortalidade infantil (por mil nascidos vivos)"
3527207,"Lorena",11.64874552,2020,"Longevidade",10.47,"Taxas de mortalidade infantil (por mil nascidos vivos)"
3527207,"Lorena",11.47959184,2022,"Longevidade",10.33,"Taxas de mortalidade infantil (por mil nascidos vivos)"
3527207,"Lorena",10.6456044,2024,"Longevidade",11.16,"Taxas de mortalidade infantil (por mil nascidos vivos)"
3527256,"Lourdes",12.42236025,2016,"Longevidade",10.76,"Taxas de mortalidade infantil (por mil nascidos vivos)"
3527256,"Lourdes",19.23076923,2018,"Longevidade",10.78,"Taxas de mortalidade infantil (por mil nascidos vivos)"
3527256,"Lourdes",26.31578947,2020,"Longevidade",10.47,"Taxas de mortalidade infantil (por mil nascidos vivos)"
3527256,"Lourdes",38.75968992,2022,"Longevidade",10.33,"Taxas de mortalidade infantil (por mil nascidos vivos)"
3527256,"Lourdes",24.19354839,2024,"Longevidade",11.16,"Taxas de mortalidade infantil (por mil nascidos vivos)"
3527306,"Louveira",12.93900185,2014,"Longevidade",11.45,"Taxas de mortalidade infantil (por mil nascidos vivos)"
3527306,"Louveira",9.544468547,2016,"Longevidade",10.76,"Taxas de mortalidade infantil (por mil nascidos vivos)"
3527306,"Louveira",11.16358952,2018,"Longevidade",10.78,"Taxas de mortalidade infantil (por mil nascidos vivos)"
3527306,"Louveira",12.74426508,2020,"Longevidade",10.47,"Taxas de mortalidade infantil (por mil nascidos vivos)"
3527306,"Louveira",12.61829653,2022,"Longevidade",10.33,"Taxas de mortalidade infantil (por mil nascidos vivos)"
3527306,"Louveira",7.655502392,2024,"Longevidade",11.16,"Taxas de mortalidade infantil (por mil nascidos vivos)"
3527405,"Lucélia",6.504065041,2014,"Longevidade",11.45,"Taxas de mortalidade infantil (por mil nascidos vivos)"
3527405,"Lucélia",5.535055351,2016,"Longevidade",10.76,"Taxas de mortalidade infantil (por mil nascidos vivos)"
3527405,"Lucélia",5.434782609,2018,"Longevidade",10.78,"Taxas de mortalidade infantil (por mil nascidos vivos)"
3527405,"Lucélia",6.814310051,2020,"Longevidade",10.47,"Taxas de mortalidade infantil (por mil nascidos vivos)"
3527405,"Lucélia",12.89134438,2022,"Longevidade",10.33,"Taxas de mortalidade infantil (por mil nascidos vivos)"
3527405,"Lucélia",24.79338843,2024,"Longevidade",11.16,"Taxas de mortalidade infantil (por mil nascidos vivos)"
3527504,"Lucianópolis",5.917159763,2016,"Longevidade",10.76,"Taxas de mortalidade infantil (por mil nascidos vivos)"
3527504,"Lucianópolis",5.847953216,2018,"Longevidade",10.78,"Taxas de mortalidade infantil (por mil nascidos vivos)"
3527504,"Lucianópolis",5.586592179,2020,"Longevidade",10.47,"Taxas de mortalidade infantil (por mil nascidos vivos)"
3527504,"Lucianópolis",11.17318436,2022,"Longevidade",10.33,"Taxas de mortalidade infantil (por mil nascidos vivos)"
3527504,"Lucianópolis",10.58201058,2024,"Longevidade",11.16,"Taxas de mortalidade infantil (por mil nascidos vivos)"
3527603,"Luís Antônio",3.724394786,2014,"Longevidade",11.45,"Taxas de mortalidade infantil (por mil nascidos vivos)"
3527603,"Luís Antônio",14.52282158,2016,"Longevidade",10.76,"Taxas de mortalidade infantil (por mil nascidos vivos)"
3527603,"Luís Antônio",16.12903226,2018,"Longevidade",10.78,"Taxas de mortalidade infantil (por mil nascidos vivos)"
3527603,"Luís Antônio",6.666666667,2020,"Longevidade",10.47,"Taxas de mortalidade infantil (por mil nascidos vivos)"
3527603,"Luís Antônio",6.289308176,2022,"Longevidade",10.33,"Taxas de mortalidade infantil (por mil nascidos vivos)"
3527603,"Luís Antônio",4.576659039,2024,"Longevidade",11.16,"Taxas de mortalidade infantil (por mil nascidos vivos)"
3527702,"Luiziânia",11.81102362,2014,"Longevidade",11.45,"Taxas de mortalidade infantil (por mil nascidos vivos)"
3527702,"Luiziânia",8.064516129,2016,"Longevidade",10.76,"Taxas de mortalidade infantil (por mil nascidos vivos)"
3527702,"Luiziânia",6.147540984,2018,"Longevidade",10.78,"Taxas de mortalidade infantil (por mil nascidos vivos)"
3527702,"Luiziânia",8.908685969,2020,"Longevidade",10.47,"Taxas de mortalidade infantil (por mil nascidos vivos)"
3527702,"Luiziânia",11.49425287,2022,"Longevidade",10.33,"Taxas de mortalidade infantil (por mil nascidos vivos)"
3527702,"Luiziânia",11.79245283,2024,"Longevidade",11.16,"Taxas de mortalidade infantil (por mil nascidos vivos)"
3527801,"Lupércio",14.35406699,2014,"Longevidade",11.45,"Taxas de mortalidade infantil (por mil nascidos vivos)"
3527801,"Lupércio",23.98081535,2016,"Longevidade",10.76,"Taxas de mortalidade infantil (por mil nascidos vivos)"
3527801,"Lupércio",24.57002457,2018,"Longevidade",10.78,"Taxas de mortalidade infantil (por mil nascidos vivos)"
3527801,"Lupércio",22.67002519,2020,"Longevidade",10.47,"Taxas de mortalidade infantil (por mil nascidos vivos)"
3527801,"Lupércio",16.34877384,2022,"Longevidade",10.33,"Taxas de mortalidade infantil (por mil nascidos vivos)"
3527801,"Lupércio",12.30769231,2024,"Longevidade",11.16,"Taxas de mortalidade infantil (por mil nascidos vivos)"
3527900,"Lutécia",15.20912548,2014,"Longevidade",11.45,"Taxas de mortalidade infantil (por mil nascidos vivos)"
3527900,"Lutécia",11.76470588,2016,"Longevidade",10.76,"Taxas de mortalidade infantil (por mil nascidos vivos)"
3527900,"Lutécia",15.93625498,2018,"Longevidade",10.78,"Taxas de mortalidade infantil (por mil nascidos vivos)"
3527900,"Lutécia",16.66666667,2020,"Longevidade",10.47,"Taxas de mortalidade infantil (por mil nascidos vivos)"
3527900,"Lutécia",22.42152466,2022,"Longevidade",10.33,"Taxas de mortalidade infantil (por mil nascidos vivos)"
3527900,"Lutécia",32.11009174,2024,"Longevidade",11.16,"Taxas de mortalidade infantil (por mil nascidos vivos)"
3528007,"Macatuba",6.134969325,2014,"Longevidade",11.45,"Taxas de mortalidade infantil (por mil nascidos vivos)"
3528007,"Macatuba",8.090614887,2016,"Longevidade",10.76,"Taxas de mortalidade infantil (por mil nascidos vivos)"
3528007,"Macatuba",8.130081301,2018,"Longevidade",10.78,"Taxas de mortalidade infantil (por mil nascidos vivos)"
3528007,"Macatuba",9.523809524,2020,"Longevidade",10.47,"Taxas de mortalidade infantil (por mil nascidos vivos)"
3528007,"Macatuba",8.333333333,2022,"Longevidade",10.33,"Taxas de mortalidade infantil (por mil nascidos vivos)"
3528007,"Macatuba",14.86988848,2024,"Longevidade",11.16,"Taxas de mortalidade infantil (por mil nascidos vivos)"
3528106,"Macaubal",11.42857143,2014,"Longevidade",11.45,"Taxas de mortalidade infantil (por mil nascidos vivos)"
3528106,"Macaubal",5.434782609,2016,"Longevidade",10.76,"Taxas de mortalidade infantil (por mil nascidos vivos)"
3528106,"Macaubal",5.272407733,2018,"Longevidade",10.78,"Taxas de mortalidade infantil (por mil nascidos vivos)"
3528106,"Macaubal",5.347593583,2020,"Longevidade",10.47,"Taxas de mortalidade infantil (por mil nascidos vivos)"
3528106,"Macaubal",5.681818182,2022,"Longevidade",10.33,"Taxas de mortalidade infantil (por mil nascidos vivos)"
3528106,"Macaubal",7.96812749,2024,"Longevidade",11.16,"Taxas de mortalidade infantil (por mil nascidos vivos)"
3528205,"Macedônia",18.69158879,2014,"Longevidade",11.45,"Taxas de mortalidade infantil (por mil nascidos vivos)"
3528205,"Macedônia",15,2016,"Longevidade",10.76,"Taxas de mortalidade infantil (por mil nascidos vivos)"
3528205,"Macedônia",14.70588235,2018,"Longevidade",10.78,"Taxas de mortalidade infantil (por mil nascidos vivos)"
3528205,"Macedônia",18.01801802,2020,"Longevidade",10.47,"Taxas de mortalidade infantil (por mil nascidos vivos)"
3528205,"Macedônia",8.097165992,2022,"Longevidade",10.33,"Taxas de mortalidade infantil (por mil nascidos vivos)"
3528205,"Macedônia",4.132231405,2024,"Longevidade",11.16,"Taxas de mortalidade infantil (por mil nascidos vivos)"
3528304,"Magda",7.407407407,2014,"Longevidade",11.45,"Taxas de mortalidade infantil (por mil nascidos vivos)"
3528304,"Magda",4.132231405,2016,"Longevidade",10.76,"Taxas de mortalidade infantil (por mil nascidos vivos)"
3528304,"Magda",4.273504274,2018,"Longevidade",10.78,"Taxas de mortalidade infantil (por mil nascidos vivos)"
3528304,"Magda",9.478672986,2020,"Longevidade",10.47,"Taxas de mortalidade infantil (por mil nascidos vivos)"
3528304,"Magda",10.98901099,2022,"Longevidade",10.33,"Taxas de mortalidade infantil (por mil nascidos vivos)"
3528304,"Magda",6.25,2024,"Longevidade",11.16,"Taxas de mortalidade infantil (por mil nascidos vivos)"
3528403,"Mairinque",8.241758242,2014,"Longevidade",11.45,"Taxas de mortalidade infantil (por mil nascidos vivos)"
3528403,"Mairinque",10.14983084,2016,"Longevidade",10.76,"Taxas de mortalidade infantil (por mil nascidos vivos)"
3528403,"Mairinque",10.51051051,2018,"Longevidade",10.78,"Taxas de mortalidade infantil (por mil nascidos vivos)"
3528403,"Mairinque",8.353808354,2020,"Longevidade",10.47,"Taxas de mortalidade infantil (por mil nascidos vivos)"
3528403,"Mairinque",9.03774588,2022,"Longevidade",10.33,"Taxas de mortalidade infantil (por mil nascidos vivos)"
3528403,"Mairinque",15.25054466,2024,"Longevidade",11.16,"Taxas de mortalidade infantil (por mil nascidos vivos)"
3528502,"Mairiporã",12.64731245,2014,"Longevidade",11.45,"Taxas de mortalidade infantil (por mil nascidos vivos)"
3528502,"Mairiporã",12.70033263,2016,"Longevidade",10.76,"Taxas de mortalidade infantil (por mil nascidos vivos)"
3528502,"Mairiporã",11.90112908,2018,"Longevidade",10.78,"Taxas de mortalidade infantil (por mil nascidos vivos)"
3528502,"Mairiporã",11.4127082,2020,"Longevidade",10.47,"Taxas de mortalidade infantil (por mil nascidos vivos)"
3528502,"Mairiporã",10.03561023,2022,"Longevidade",10.33,"Taxas de mortalidade infantil (por mil nascidos vivos)"
3528502,"Mairiporã",10.72194425,2024,"Longevidade",11.16,"Taxas de mortalidade infantil (por mil nascidos vivos)"
3528601,"Manduri",8.075370121,2014,"Longevidade",11.45,"Taxas de mortalidade infantil (por mil nascidos vivos)"
3528601,"Manduri",6.720430108,2016,"Longevidade",10.76,"Taxas de mortalidade infantil (por mil nascidos vivos)"
3528601,"Manduri",8.032128514,2018,"Longevidade",10.78,"Taxas de mortalidade infantil (por mil nascidos vivos)"
3528601,"Manduri",9.497964722,2020,"Longevidade",10.47,"Taxas de mortalidade infantil (por mil nascidos vivos)"
3528601,"Manduri",8.2191780820000009,2022,"Longevidade",10.33,"Taxas de mortalidade infantil (por mil nascidos vivos)"
3528601,"Manduri",5.502063274,2024,"Longevidade",11.16,"Taxas de mortalidade infantil (por mil nascidos vivos)"
3528700,"Marabá Paulista",23.97260274,2014,"Longevidade",11.45,"Taxas de mortalidade infantil (por mil nascidos vivos)"
3528700,"Marabá Paulista",15.81027668,2016,"Longevidade",10.76,"Taxas de mortalidade infantil (por mil nascidos vivos)"
3528700,"Marabá Paulista",15.93625498,2018,"Longevidade",10.78,"Taxas de mortalidade infantil (por mil nascidos vivos)"
3528700,"Marabá Paulista",15.625,2020,"Longevidade",10.47,"Taxas de mortalidade infantil (por mil nascidos vivos)"
3528700,"Marabá Paulista",16,2022,"Longevidade",10.33,"Taxas de mortalidade infantil (por mil nascidos vivos)"
3528700,"Marabá Paulista",8.163265306,2024,"Longevidade",11.16,"Taxas de mortalidade infantil (por mil nascidos vivos)"
3528809,"Maracaí",5.791505792,2014,"Longevidade",11.45,"Taxas de mortalidade infantil (por mil nascidos vivos)"
3528809,"Maracaí",16.12903226,2016,"Longevidade",10.76,"Taxas de mortalidade infantil (por mil nascidos vivos)"
3528809,"Maracaí",14.46280992,2018,"Longevidade",10.78,"Taxas de mortalidade infantil (por mil nascidos vivos)"
3528809,"Maracaí",8.130081301,2020,"Longevidade",10.47,"Taxas de mortalidade infantil (por mil nascidos vivos)"
3528809,"Maracaí",9.523809524,2022,"Longevidade",10.33,"Taxas de mortalidade infantil (por mil nascidos vivos)"
3528809,"Maracaí",14.57725948,2024,"Longevidade",11.16,"Taxas de mortalidade infantil (por mil nascidos vivos)"
3528858,"Marapoama",21.39037433,2014,"Longevidade",11.45,"Taxas de mortalidade infantil (por mil nascidos vivos)"
3528858,"Marapoama",25.90673575,2016,"Longevidade",10.76,"Taxas de mortalidade infantil (por mil nascidos vivos)"
3528858,"Marapoama",24.03846154,2018,"Longevidade",10.78,"Taxas de mortalidade infantil (por mil nascidos vivos)"
3528858,"Marapoama",13.33333333,2020,"Longevidade",10.47,"Taxas de mortalidade infantil (por mil nascidos vivos)"
3528858,"Marapoama",8.771929825,2022,"Longevidade",10.33,"Taxas de mortalidade infantil (por mil nascidos vivos)"
3528858,"Marapoama",8.298755187,2024,"Longevidade",11.16,"Taxas de mortalidade infantil (por mil nascidos vivos)"
3528908,"Mariápolis",16.18122977,2014,"Longevidade",11.45,"Taxas de mortalidade infantil (por mil nascidos vivos)"
3528908,"Mariápolis",21.89781022,2016,"Longevidade",10.76,"Taxas de mortalidade infantil (por mil nascidos vivos)"
3528908,"Mariápolis",18.86792453,2018,"Longevidade",10.78,"Taxas de mortalidade infantil (por mil nascidos vivos)"
3528908,"Mariápolis",14.54545455,2020,"Longevidade",10.47,"Taxas de mortalidade infantil (por mil nascidos vivos)"
3528908,"Mariápolis",3.90625,2022,"Longevidade",10.33,"Taxas de mortalidade infantil (por mil nascidos vivos)"
3529005,"Marília",12.86681716,2014,"Longevidade",11.45,"Taxas de mortalidade infantil (por mil nascidos vivos)"
3529005,"Marília",10.93613298,2016,"Longevidade",10.76,"Taxas de mortalidade infantil (por mil nascidos vivos)"
3529005,"Marília",10.42571677,2018,"Longevidade",10.78,"Taxas de mortalidade infantil (por mil nascidos vivos)"
3529005,"Marília",10.45564605,2020,"Longevidade",10.47,"Taxas de mortalidade infantil (por mil nascidos vivos)"
3529005,"Marília",12.34277654,2022,"Longevidade",10.33,"Taxas de mortalidade infantil (por mil nascidos vivos)"
3529005,"Marília",14.76578411,2024,"Longevidade",11.16,"Taxas de mortalidade infantil (por mil nascidos vivos)"
3529104,"Marinópolis",21.42857143,2014,"Longevidade",11.45,"Taxas de mortalidade infantil (por mil nascidos vivos)"
3529104,"Marinópolis",14.59854015,2016,"Longevidade",10.76,"Taxas de mortalidade infantil (por mil nascidos vivos)"
3529104,"Marinópolis",15.625,2018,"Longevidade",10.78,"Taxas de mortalidade infantil (por mil nascidos vivos)"
3529104,"Marinópolis",17.69911504,2020,"Longevidade",10.47,"Taxas de mortalidade infantil (por mil nascidos vivos)"
3529104,"Marinópolis",10.41666667,2022,"Longevidade",10.33,"Taxas de mortalidade infantil (por mil nascidos vivos)"
3529104,"Marinópolis",9.803921569,2024,"Longevidade",11.16,"Taxas de mortalidade infantil (por mil nascidos vivos)"
3529203,"Martinópolis",5.827505828,2014,"Longevidade",11.45,"Taxas de mortalidade infantil (por mil nascidos vivos)"
3529203,"Martinópolis",16.72640382,2016,"Longevidade",10.76,"Taxas de mortalidade infantil (por mil nascidos vivos)"
3529203,"Martinópolis",10.70154578,2018,"Longevidade",10.78,"Taxas de mortalidade infantil (por mil nascidos vivos)"
3529203,"Martinópolis",11.27395716,2020,"Longevidade",10.47,"Taxas de mortalidade infantil (por mil nascidos vivos)"
3529203,"Martinópolis",7.352941176,2022,"Longevidade",10.33,"Taxas de mortalidade infantil (por mil nascidos vivos)"
3529203,"Martinópolis",5.018820577,2024,"Longevidade",11.16,"Taxas de mortalidade infantil (por mil nascidos vivos)"
3529302,"Matão",13.06148455,2014,"Longevidade",11.45,"Taxas de mortalidade infantil (por mil nascidos vivos)"
3529302,"Matão",11.78451178,2016,"Longevidade",10.76,"Taxas de mortalidade infantil (por mil nascidos vivos)"
3529302,"Matão",10.61195614,2018,"Longevidade",10.78,"Taxas de mortalidade infantil (por mil nascidos vivos)"
3529302,"Matão",9.074410163,2020,"Longevidade",10.47,"Taxas de mortalidade infantil (por mil nascidos vivos)"
3529302,"Matão",8.291873964,2022,"Longevidade",10.33,"Taxas de mortalidade infantil (por mil nascidos vivos)"
3529302,"Matão",10.99830795,2024,"Longevidade",11.16,"Taxas de mortalidade infantil (por mil nascidos vivos)"
3529401,"Mauá",14.90321475,2014,"Longevidade",11.45,"Taxas de mortalidade infantil (por mil nascidos vivos)"
3529401,"Mauá",10.32975765,2016,"Longevidade",10.76,"Taxas de mortalidade infantil (por mil nascidos vivos)"
3529401,"Mauá",10.26754283,2018,"Longevidade",10.78,"Taxas de mortalidade infantil (por mil nascidos vivos)"
3529401,"Mauá",10.53916843,2020,"Longevidade",10.47,"Taxas de mortalidade infantil (por mil nascidos vivos)"
3529401,"Mauá",11.83222332,2022,"Longevidade",10.33,"Taxas de mortalidade infantil (por mil nascidos vivos)"
3529401,"Mauá",13.13980138,2024,"Longevidade",11.16,"Taxas de mortalidade infantil (por mil nascidos vivos)"
3529500,"Mendonça",2.364066194,2016,"Longevidade",10.76,"Taxas de mortalidade infantil (por mil nascidos vivos)"
3529500,"Mendonça",4.555808656,2018,"Longevidade",10.78,"Taxas de mortalidade infantil (por mil nascidos vivos)"
3529500,"Mendonça",4.140786749,2020,"Longevidade",10.47,"Taxas de mortalidade infantil (por mil nascidos vivos)"
3529500,"Mendonça",10.24590164,2022,"Longevidade",10.33,"Taxas de mortalidade infantil (por mil nascidos vivos)"
3529500,"Mendonça",8.421052632,2024,"Longevidade",11.16,"Taxas de mortalidade infantil (por mil nascidos vivos)"
3529609,"Meridiano",11.40684411,2014,"Longevidade",11.45,"Taxas de mortalidade infantil (por mil nascidos vivos)"
3529609,"Meridiano",10.1010101,2016,"Longevidade",10.76,"Taxas de mortalidade infantil (por mil nascidos vivos)"
3529609,"Meridiano",13.98601399,2018,"Longevidade",10.78,"Taxas de mortalidade infantil (por mil nascidos vivos)"
3529609,"Meridiano",6.944444444,2020,"Longevidade",10.47,"Taxas de mortalidade infantil (por mil nascidos vivos)"
3529609,"Meridiano",11.0701107,2022,"Longevidade",10.33,"Taxas de mortalidade infantil (por mil nascidos vivos)"
3529609,"Meridiano",7.96812749,2024,"Longevidade",11.16,"Taxas de mortalidade infantil (por mil nascidos vivos)"
3529658,"Mesópolis",17.96407186,2014,"Longevidade",11.45,"Taxas de mortalidade infantil (por mil nascidos vivos)"
3529658,"Mesópolis",18.18181818,2016,"Longevidade",10.76,"Taxas de mortalidade infantil (por mil nascidos vivos)"
3529658,"Mesópolis",11.69590643,2018,"Longevidade",10.78,"Taxas de mortalidade infantil (por mil nascidos vivos)"
3529658,"Mesópolis",11.42857143,2020,"Longevidade",10.47,"Taxas de mortalidade infantil (por mil nascidos vivos)"
3529658,"Mesópolis",5.882352941,2022,"Longevidade",10.33,"Taxas de mortalidade infantil (por mil nascidos vivos)"
3529658,"Mesópolis",6.451612903,2024,"Longevidade",11.16,"Taxas de mortalidade infantil (por mil nascidos vivos)"
3529708,"Miguelópolis",6.289308176,2014,"Longevidade",11.45,"Taxas de mortalidade infantil (por mil nascidos vivos)"
3529708,"Miguelópolis",11.9205298,2016,"Longevidade",10.76,"Taxas de mortalidade infantil (por mil nascidos vivos)"
3529708,"Miguelópolis",9.345794393,2018,"Longevidade",10.78,"Taxas de mortalidade infantil (por mil nascidos vivos)"
3529708,"Miguelópolis",5.215123859,2020,"Longevidade",10.47,"Taxas de mortalidade infantil (por mil nascidos vivos)"
3529708,"Miguelópolis",5.617977528,2022,"Longevidade",10.33,"Taxas de mortalidade infantil (por mil nascidos vivos)"
3529708,"Miguelópolis",9.933774834,2024,"Longevidade",11.16,"Taxas de mortalidade infantil (por mil nascidos vivos)"
3529807,"Mineiros do Tietê",6.550218341,2014,"Longevidade",11.45,"Taxas de mortalidade infantil (por mil nascidos vivos)"
3529807,"Mineiros do Tietê",19.65601966,2016,"Longevidade",10.76,"Taxas de mortalidade infantil (por mil nascidos vivos)"
3529807,"Mineiros do Tietê",19.23076923,2018,"Longevidade",10.78,"Taxas de mortalidade infantil (por mil nascidos vivos)"
3529807,"Mineiros do Tietê",13.69863014,2020,"Longevidade",10.47,"Taxas de mortalidade infantil (por mil nascidos vivos)"
3529807,"Mineiros do Tietê",2.604166667,2022,"Longevidade",10.33,"Taxas de mortalidade infantil (por mil nascidos vivos)"
3529807,"Mineiros do Tietê",5.571030641,2024,"Longevidade",11.16,"Taxas de mortalidade infantil (por mil nascidos vivos)"
3529906,"Miracatu",13.78579003,2014,"Longevidade",11.45,"Taxas de mortalidade infantil (por mil nascidos vivos)"
3529906,"Miracatu",20.12711864,2016,"Longevidade",10.76,"Taxas de mortalidade infantil (por mil nascidos vivos)"
3529906,"Miracatu",17.39130435,2018,"Longevidade",10.78,"Taxas de mortalidade infantil (por mil nascidos vivos)"
3529906,"Miracatu",3.409090909,2020,"Longevidade",10.47,"Taxas de mortalidade infantil (por mil nascidos vivos)"
3529906,"Miracatu",12.39157373,2022,"Longevidade",10.33,"Taxas de mortalidade infantil (por mil nascidos vivos)"
3529906,"Miracatu",12.24489796,2024,"Longevidade",11.16,"Taxas de mortalidade infantil (por mil nascidos vivos)"
3530003,"Mira Estrela",10.52631579,2014,"Longevidade",11.45,"Taxas de mortalidade infantil (por mil nascidos vivos)"
3530003,"Mira Estrela",5,2016,"Longevidade",10.76,"Taxas de mortalidade infantil (por mil nascidos vivos)"
3530003,"Mira Estrela",4.62962963,2018,"Longevidade",10.78,"Taxas de mortalidade infantil (por mil nascidos vivos)"
3530003,"Mira Estrela",4.608294931,2020,"Longevidade",10.47,"Taxas de mortalidade infantil (por mil nascidos vivos)"
3530003,"Mira Estrela",14.08450704,2022,"Longevidade",10.33,"Taxas de mortalidade infantil (por mil nascidos vivos)"
3530003,"Mira Estrela",19.3236715,2024,"Longevidade",11.16,"Taxas de mortalidade infantil (por mil nascidos vivos)"
3530102,"Mirandópolis",9.345794393,2014,"Longevidade",11.45,"Taxas de mortalidade infantil (por mil nascidos vivos)"
3530102,"Mirandópolis",10.71428571,2016,"Longevidade",10.76,"Taxas de mortalidade infantil (por mil nascidos vivos)"
3530102,"Mirandópolis",9.56937799,2018,"Longevidade",10.78,"Taxas de mortalidade infantil (por mil nascidos vivos)"
3530102,"Mirandópolis",10.5680317,2020,"Longevidade",10.47,"Taxas de mortalidade infantil (por mil nascidos vivos)"
3530102,"Mirandópolis",8.759124088,2022,"Longevidade",10.33,"Taxas de mortalidade infantil (por mil nascidos vivos)"
3530102,"Mirandópolis",10.9375,2024,"Longevidade",11.16,"Taxas de mortalidade infantil (por mil nascidos vivos)"
3530201,"Mirante do Paranapanema",14.92537313,2014,"Longevidade",11.45,"Taxas de mortalidade infantil (por mil nascidos vivos)"
3530201,"Mirante do Paranapanema",18.71101871,2016,"Longevidade",10.76,"Taxas de mortalidade infantil (por mil nascidos vivos)"
3530201,"Mirante do Paranapanema",9.708737864,2018,"Longevidade",10.78,"Taxas de mortalidade infantil (por mil nascidos vivos)"
3530201,"Mirante do Paranapanema",14.19878296,2020,"Longevidade",10.47,"Taxas de mortalidade infantil (por mil nascidos vivos)"
3530201,"Mirante do Paranapanema",26.74897119,2022,"Longevidade",10.33,"Taxas de mortalidade infantil (por mil nascidos vivos)"
3530201,"Mirante do Paranapanema",14.05152225,2024,"Longevidade",11.16,"Taxas de mortalidade infantil (por mil nascidos vivos)"
3530300,"Mirassol",7.744874715,2014,"Longevidade",11.45,"Taxas de mortalidade infantil (por mil nascidos vivos)"
3530300,"Mirassol",9.672961769,2016,"Longevidade",10.76,"Taxas de mortalidade infantil (por mil nascidos vivos)"
3530300,"Mirassol",8.751727315,2018,"Longevidade",10.78,"Taxas de mortalidade infantil (por mil nascidos vivos)"
3530300,"Mirassol",5.354752343,2020,"Longevidade",10.47,"Taxas de mortalidade infantil (por mil nascidos vivos)"
3530300,"Mirassol",7.352941176,2022,"Longevidade",10.33,"Taxas de mortalidade infantil (por mil nascidos vivos)"
3530300,"Mirassol",6.812652068,2024,"Longevidade",11.16,"Taxas de mortalidade infantil (por mil nascidos vivos)"
3530409,"Mirassolândia",11.3960114,2014,"Longevidade",11.45,"Taxas de mortalidade infantil (por mil nascidos vivos)"
3530409,"Mirassolândia",6.024096386,2016,"Longevidade",10.76,"Taxas de mortalidade infantil (por mil nascidos vivos)"
3530409,"Mirassolândia",8.875739645,2018,"Longevidade",10.78,"Taxas de mortalidade infantil (por mil nascidos vivos)"
3530409,"Mirassolândia",5.698005698,2020,"Longevidade",10.47,"Taxas de mortalidade infantil (por mil nascidos vivos)"
3530409,"Mirassolândia",5.449591281,2022,"Longevidade",10.33,"Taxas de mortalidade infantil (por mil nascidos vivos)"
3530409,"Mirassolândia",10.61007958,2024,"Longevidade",11.16,"Taxas de mortalidade infantil (por mil nascidos vivos)"
3530508,"Mococa",9.550338241,2014,"Longevidade",11.45,"Taxas de mortalidade infantil (por mil nascidos vivos)"
3530508,"Mococa",9.361009361,2016,"Longevidade",10.76,"Taxas de mortalidade infantil (por mil nascidos vivos)"
3530508,"Mococa",10.72164948,2018,"Longevidade",10.78,"Taxas de mortalidade infantil (por mil nascidos vivos)"
3530508,"Mococa",8.928571429,2020,"Longevidade",10.47,"Taxas de mortalidade infantil (por mil nascidos vivos)"
3530508,"Mococa",6.259027443,2022,"Longevidade",10.33,"Taxas de mortalidade infantil (por mil nascidos vivos)"
3530508,"Mococa",8.57286939,2024,"Longevidade",11.16,"Taxas de mortalidade infantil (por mil nascidos vivos)"
3530607,"Mogi das Cruzes",13.96020539,2014,"Longevidade",11.45,"Taxas de mortalidade infantil (por mil nascidos vivos)"
3530607,"Mogi das Cruzes",10.98676478,2016,"Longevidade",10.76,"Taxas de mortalidade infantil (por mil nascidos vivos)"
3530607,"Mogi das Cruzes",11.61464275,2018,"Longevidade",10.78,"Taxas de mortalidade infantil (por mil nascidos vivos)"
3530607,"Mogi das Cruzes",11.47593242,2020,"Longevidade",10.47,"Taxas de mortalidade infantil (por mil nascidos vivos)"
3530607,"Mogi das Cruzes",10.83691619,2022,"Longevidade",10.33,"Taxas de mortalidade infantil (por mil nascidos vivos)"
3530607,"Mogi das Cruzes",13.16386745,2024,"Longevidade",11.16,"Taxas de mortalidade infantil (por mil nascidos vivos)"
3530706,"Mogi Guaçu",11.11883252,2014,"Longevidade",11.45,"Taxas de mortalidade infantil (por mil nascidos vivos)"
3530706,"Mogi Guaçu",10.78951875,2016,"Longevidade",10.76,"Taxas de mortalidade infantil (por mil nascidos vivos)"
3530706,"Mogi Guaçu",10.52095707,2018,"Longevidade",10.78,"Taxas de mortalidade infantil (por mil nascidos vivos)"
3530706,"Mogi Guaçu",9.079797451,2020,"Longevidade",10.47,"Taxas de mortalidade infantil (por mil nascidos vivos)"
3530706,"Mogi Guaçu",8.456659619,2022,"Longevidade",10.33,"Taxas de mortalidade infantil (por mil nascidos vivos)"
3530706,"Mogi Guaçu",10.56751468,2024,"Longevidade",11.16,"Taxas de mortalidade infantil (por mil nascidos vivos)"
3530805,"Mogi Mirim",9.87797792,2014,"Longevidade",11.45,"Taxas de mortalidade infantil (por mil nascidos vivos)"
3530805,"Mogi Mirim",6.632499246,2016,"Longevidade",10.76,"Taxas de mortalidade infantil (por mil nascidos vivos)"
3530805,"Mogi Mirim",5.714285714,2018,"Longevidade",10.78,"Taxas de mortalidade infantil (por mil nascidos vivos)"
3530805,"Mogi Mirim",5.638474295,2020,"Longevidade",10.47,"Taxas de mortalidade infantil (por mil nascidos vivos)"
3530805,"Mogi Mirim",4.682997118,2022,"Longevidade",10.33,"Taxas de mortalidade infantil (por mil nascidos vivos)"
3530805,"Mogi Mirim",10.41279286,2024,"Longevidade",11.16,"Taxas de mortalidade infantil (por mil nascidos vivos)"
3530904,"Mombuca",27.39726027,2014,"Longevidade",11.45,"Taxas de mortalidade infantil (por mil nascidos vivos)"
3530904,"Mombuca",23.74670185,2016,"Longevidade",10.76,"Taxas de mortalidade infantil (por mil nascidos vivos)"
3530904,"Mombuca",15.50387597,2018,"Longevidade",10.78,"Taxas de mortalidade infantil (por mil nascidos vivos)"
3530904,"Mombuca",15.50387597,2020,"Longevidade",10.47,"Taxas de mortalidade infantil (por mil nascidos vivos)"
3530904,"Mombuca",12.69035533,2022,"Longevidade",10.33,"Taxas de mortalidade infantil (por mil nascidos vivos)"
3530904,"Mombuca",10.55408971,2024,"Longevidade",11.16,"Taxas de mortalidade infantil (por mil nascidos vivos)"
3531001,"Monções",6.172839506,2014,"Longevidade",11.45,"Taxas de mortalidade infantil (por mil nascidos vivos)"
3531100,"Mongaguá",10.72647489,2014,"Longevidade",11.45,"Taxas de mortalidade infantil (por mil nascidos vivos)"
3531100,"Mongaguá",17.28844404,2016,"Longevidade",10.76,"Taxas de mortalidade infantil (por mil nascidos vivos)"
3531100,"Mongaguá",16.74008811,2018,"Longevidade",10.78,"Taxas de mortalidade infantil (por mil nascidos vivos)"
3531100,"Mongaguá",15.05757307,2020,"Longevidade",10.47,"Taxas de mortalidade infantil (por mil nascidos vivos)"
3531100,"Mongaguá",15.15847497,2022,"Longevidade",10.33,"Taxas de mortalidade infantil (por mil nascidos vivos)"
3531100,"Mongaguá",16.99150425,2024,"Longevidade",11.16,"Taxas de mortalidade infantil (por mil nascidos vivos)"
3531209,"Monte Alegre do Sul",11.51631478,2014,"Longevidade",11.45,"Taxas de mortalidade infantil (por mil nascidos vivos)"
3531209,"Monte Alegre do Sul",6.147540984,2016,"Longevidade",10.76,"Taxas de mortalidade infantil (por mil nascidos vivos)"
3531209,"Monte Alegre do Sul",8.421052632,2018,"Longevidade",10.78,"Taxas de mortalidade infantil (por mil nascidos vivos)"
3531209,"Monte Alegre do Sul",8.385744235,2020,"Longevidade",10.47,"Taxas de mortalidade infantil (por mil nascidos vivos)"
3531209,"Monte Alegre do Sul",12.63157895,2022,"Longevidade",10.33,"Taxas de mortalidade infantil (por mil nascidos vivos)"
3531209,"Monte Alegre do Sul",8.421052632,2024,"Longevidade",11.16,"Taxas de mortalidade infantil (por mil nascidos vivos)"
3531308,"Monte Alto",9.46969697,2014,"Longevidade",11.45,"Taxas de mortalidade infantil (por mil nascidos vivos)"
3531308,"Monte Alto",11.62040026,2016,"Longevidade",10.76,"Taxas de mortalidade infantil (por mil nascidos vivos)"
3531308,"Monte Alto",11.81102362,2018,"Longevidade",10.78,"Taxas de mortalidade infantil (por mil nascidos vivos)"
3531308,"Monte Alto",7.77705768,2020,"Longevidade",10.47,"Taxas de mortalidade infantil (por mil nascidos vivos)"
3531308,"Monte Alto",9.502923977,2022,"Longevidade",10.33,"Taxas de mortalidade infantil (por mil nascidos vivos)"
3531308,"Monte Alto",11.80173092,2024,"Longevidade",11.16,"Taxas de mortalidade infantil (por mil nascidos vivos)"
3531407,"Monte Aprazível",13.00578035,2014,"Longevidade",11.45,"Taxas de mortalidade infantil (por mil nascidos vivos)"
3531407,"Monte Aprazível",10.08645533,2016,"Longevidade",10.76,"Taxas de mortalidade infantil (por mil nascidos vivos)"
3531407,"Monte Aprazível",8.298755187,2018,"Longevidade",10.78,"Taxas de mortalidade infantil (por mil nascidos vivos)"
3531407,"Monte Aprazível",6.684491979,2020,"Longevidade",10.47,"Taxas de mortalidade infantil (por mil nascidos vivos)"
3531407,"Monte Aprazível",7.552870091,2022,"Longevidade",10.33,"Taxas de mortalidade infantil (por mil nascidos vivos)"
3531407,"Monte Aprazível",17.06970128,2024,"Longevidade",11.16,"Taxas de mortalidade infantil (por mil nascidos vivos)"
3531506,"Monte Azul Paulista",9.915014164,2014,"Longevidade",11.45,"Taxas de mortalidade infantil (por mil nascidos vivos)"
3531506,"Monte Azul Paulista",7.587253414,2016,"Longevidade",10.76,"Taxas de mortalidade infantil (por mil nascidos vivos)"
3531506,"Monte Azul Paulista",12.32665639,2018,"Longevidade",10.78,"Taxas de mortalidade infantil (por mil nascidos vivos)"
3531506,"Monte Azul Paulista",14.26307448,2020,"Longevidade",10.47,"Taxas de mortalidade infantil (por mil nascidos vivos)"
3531506,"Monte Azul Paulista",11.68614357,2022,"Longevidade",10.33,"Taxas de mortalidade infantil (por mil nascidos vivos)"
3531506,"Monte Azul Paulista",9.191176471,2024,"Longevidade",11.16,"Taxas de mortalidade infantil (por mil nascidos vivos)"
3531605,"Monte Castelo",9.900990099,2014,"Longevidade",11.45,"Taxas de mortalidade infantil (por mil nascidos vivos)"
3531605,"Monte Castelo",6.369426752,2016,"Longevidade",10.76,"Taxas de mortalidade infantil (por mil nascidos vivos)"
3531605,"Monte Castelo",9.345794393,2018,"Longevidade",10.78,"Taxas de mortalidade infantil (por mil nascidos vivos)"
3531605,"Monte Castelo",9.202453988,2020,"Longevidade",10.47,"Taxas de mortalidade infantil (por mil nascidos vivos)"
3531605,"Monte Castelo",6.451612903,2022,"Longevidade",10.33,"Taxas de mortalidade infantil (por mil nascidos vivos)"
3531605,"Monte Castelo",6.451612903,2024,"Longevidade",11.16,"Taxas de mortalidade infantil (por mil nascidos vivos)"
3531704,"Monteiro Lobato",20.34883721,2014,"Longevidade",11.45,"Taxas de mortalidade infantil (por mil nascidos vivos)"
3531704,"Monteiro Lobato",17.12328767,2016,"Longevidade",10.76,"Taxas de mortalidade infantil (por mil nascidos vivos)"
3531704,"Monteiro Lobato",17.6056338,2018,"Longevidade",10.78,"Taxas de mortalidade infantil (por mil nascidos vivos)"
3531704,"Monteiro Lobato",10.98901099,2020,"Longevidade",10.47,"Taxas de mortalidade infantil (por mil nascidos vivos)"
3531704,"Monteiro Lobato",7.326007326,2022,"Longevidade",10.33,"Taxas de mortalidade infantil (por mil nascidos vivos)"
3531704,"Monteiro Lobato",15.92356688,2024,"Longevidade",11.16,"Taxas de mortalidade infantil (por mil nascidos vivos)"
3531803,"Monte Mor",8.245877061,2014,"Longevidade",11.45,"Taxas de mortalidade infantil (por mil nascidos vivos)"
3531803,"Monte Mor",10.36084316,2016,"Longevidade",10.76,"Taxas de mortalidade infantil (por mil nascidos vivos)"
3531803,"Monte Mor",8.938547486,2018,"Longevidade",10.78,"Taxas de mortalidade infantil (por mil nascidos vivos)"
3531803,"Monte Mor",8.921933086,2020,"Longevidade",10.47,"Taxas de mortalidade infantil (por mil nascidos vivos)"
3531803,"Monte Mor",10.45946956,2022,"Longevidade",10.33,"Taxas de mortalidade infantil (por mil nascidos vivos)"
3531803,"Monte Mor",13.35428123,2024,"Longevidade",11.16,"Taxas de mortalidade infantil (por mil nascidos vivos)"
3531902,"Morro Agudo",10.2281668,2014,"Longevidade",11.45,"Taxas de mortalidade infantil (por mil nascidos vivos)"
3531902,"Morro Agudo",10.99830795,2016,"Longevidade",10.76,"Taxas de mortalidade infantil (por mil nascidos vivos)"
3531902,"Morro Agudo",11.94539249,2018,"Longevidade",10.78,"Taxas de mortalidade infantil (por mil nascidos vivos)"
3531902,"Morro Agudo",8.873114463,2020,"Longevidade",10.47,"Taxas de mortalidade infantil (por mil nascidos vivos)"
3531902,"Morro Agudo",7.186858316,2022,"Longevidade",10.33,"Taxas de mortalidade infantil (por mil nascidos vivos)"
3531902,"Morro Agudo",13.68421053,2024,"Longevidade",11.16,"Taxas de mortalidade infantil (por mil nascidos vivos)"
3532009,"Morungaba",5.639097744,2014,"Longevidade",11.45,"Taxas de mortalidade infantil (por mil nascidos vivos)"
3532009,"Morungaba",21.05263158,2016,"Longevidade",10.76,"Taxas de mortalidade infantil (por mil nascidos vivos)"
3532009,"Morungaba",20,2018,"Longevidade",10.78,"Taxas de mortalidade infantil (por mil nascidos vivos)"
3532009,"Morungaba",11.95219124,2020,"Longevidade",10.47,"Taxas de mortalidade infantil (por mil nascidos vivos)"
3532009,"Morungaba",5.964214712,2022,"Longevidade",10.33,"Taxas de mortalidade infantil (por mil nascidos vivos)"
3532009,"Morungaba",11.71875,2024,"Longevidade",11.16,"Taxas de mortalidade infantil (por mil nascidos vivos)"
3532058,"Motuca",2.83286119,2014,"Longevidade",11.45,"Taxas de mortalidade infantil (por mil nascidos vivos)"
3532058,"Motuca",10.02506266,2016,"Longevidade",10.76,"Taxas de mortalidade infantil (por mil nascidos vivos)"
3532058,"Motuca",9.756097561,2018,"Longevidade",10.78,"Taxas de mortalidade infantil (por mil nascidos vivos)"
3532058,"Motuca",9.852216749,2020,"Longevidade",10.47,"Taxas de mortalidade infantil (por mil nascidos vivos)"
3532058,"Motuca",8.474576271,2022,"Longevidade",10.33,"Taxas de mortalidade infantil (por mil nascidos vivos)"
3532058,"Motuca",3.50877193,2024,"Longevidade",11.16,"Taxas de mortalidade infantil (por mil nascidos vivos)"
3532108,"Murutinga do Sul",15.38461538,2014,"Longevidade",11.45,"Taxas de mortalidade infantil (por mil nascidos vivos)"
3532108,"Murutinga do Sul",17.92114695,2016,"Longevidade",10.76,"Taxas de mortalidade infantil (por mil nascidos vivos)"
3532108,"Murutinga do Sul",18.18181818,2018,"Longevidade",10.78,"Taxas de mortalidade infantil (por mil nascidos vivos)"
3532108,"Murutinga do Sul",20,2020,"Longevidade",10.47,"Taxas de mortalidade infantil (por mil nascidos vivos)"
3532108,"Murutinga do Sul",18.09954751,2022,"Longevidade",10.33,"Taxas de mortalidade infantil (por mil nascidos vivos)"
3532108,"Murutinga do Sul",15.2284264,2024,"Longevidade",11.16,"Taxas de mortalidade infantil (por mil nascidos vivos)"
3532157,"Nantes",7.117437722,2016,"Longevidade",10.76,"Taxas de mortalidade infantil (por mil nascidos vivos)"
3532157,"Nantes",7.490636704,2018,"Longevidade",10.78,"Taxas de mortalidade infantil (por mil nascidos vivos)"
3532157,"Nantes",11.23595506,2020,"Longevidade",10.47,"Taxas de mortalidade infantil (por mil nascidos vivos)"
3532157,"Nantes",7.490636704,2022,"Longevidade",10.33,"Taxas de mortalidade infantil (por mil nascidos vivos)"
3532157,"Nantes",4.366812227,2024,"Longevidade",11.16,"Taxas de mortalidade infantil (por mil nascidos vivos)"
3532207,"Narandiba",11.49425287,2014,"Longevidade",11.45,"Taxas de mortalidade infantil (por mil nascidos vivos)"
3532207,"Narandiba",5.628517824,2016,"Longevidade",10.76,"Taxas de mortalidade infantil (por mil nascidos vivos)"
3532207,"Narandiba",3.80952381,2018,"Longevidade",10.78,"Taxas de mortalidade infantil (por mil nascidos vivos)"
3532207,"Narandiba",11.13172542,2020,"Longevidade",10.47,"Taxas de mortalidade infantil (por mil nascidos vivos)"
3532207,"Narandiba",15.29636711,2022,"Longevidade",10.33,"Taxas de mortalidade infantil (por mil nascidos vivos)"
3532207,"Narandiba",23.46570397,2024,"Longevidade",11.16,"Taxas de mortalidade infantil (por mil nascidos vivos)"
3532306,"Natividade da Serra",12.21995927,2014,"Longevidade",11.45,"Taxas de mortalidade infantil (por mil nascidos vivos)"
3532306,"Natividade da Serra",8.032128514,2016,"Longevidade",10.76,"Taxas de mortalidade infantil (por mil nascidos vivos)"
3532306,"Natividade da Serra",8.24742268,2018,"Longevidade",10.78,"Taxas de mortalidade infantil (por mil nascidos vivos)"
3532306,"Natividade da Serra",12.98701299,2020,"Longevidade",10.47,"Taxas de mortalidade infantil (por mil nascidos vivos)"
3532306,"Natividade da Serra",11.16071429,2022,"Longevidade",10.33,"Taxas de mortalidade infantil (por mil nascidos vivos)"
3532306,"Natividade da Serra",11.99040767,2024,"Longevidade",11.16,"Taxas de mortalidade infantil (por mil nascidos vivos)"
3532405,"Nazaré Paulista",10.07194245,2014,"Longevidade",11.45,"Taxas de mortalidade infantil (por mil nascidos vivos)"
3532405,"Nazaré Paulista",9.836065574,2016,"Longevidade",10.76,"Taxas de mortalidade infantil (por mil nascidos vivos)"
3532405,"Nazaré Paulista",11.21794872,2018,"Longevidade",10.78,"Taxas de mortalidade infantil (por mil nascidos vivos)"
3532405,"Nazaré Paulista",9.244992296,2020,"Longevidade",10.47,"Taxas de mortalidade infantil (por mil nascidos vivos)"
3532405,"Nazaré Paulista",6.359300477,2022,"Longevidade",10.33,"Taxas de mortalidade infantil (por mil nascidos vivos)"
3532405,"Nazaré Paulista",8.23723229,2024,"Longevidade",11.16,"Taxas de mortalidade infantil (por mil nascidos vivos)"
3532504,"Neves Paulista",9.881422925,2014,"Longevidade",11.45,"Taxas de mortalidade infantil (por mil nascidos vivos)"
3532504,"Neves Paulista",10.81081081,2016,"Longevidade",10.76,"Taxas de mortalidade infantil (por mil nascidos vivos)"
3532504,"Neves Paulista",10.13513514,2018,"Longevidade",10.78,"Taxas de mortalidade infantil (por mil nascidos vivos)"
3532504,"Neves Paulista",8.210180624,2020,"Longevidade",10.47,"Taxas de mortalidade infantil (por mil nascidos vivos)"
3532504,"Neves Paulista",9.74025974,2022,"Longevidade",10.33,"Taxas de mortalidade infantil (por mil nascidos vivos)"
3532504,"Neves Paulista",5,2024,"Longevidade",11.16,"Taxas de mortalidade infantil (por mil nascidos vivos)"
3532603,"Nhandeara",9.615384615,2014,"Longevidade",11.45,"Taxas de mortalidade infantil (por mil nascidos vivos)"
3532603,"Nhandeara",13.55932203,2016,"Longevidade",10.76,"Taxas de mortalidade infantil (por mil nascidos vivos)"
3532603,"Nhandeara",6.535947712,2018,"Longevidade",10.78,"Taxas de mortalidade infantil (por mil nascidos vivos)"
3532603,"Nhandeara",3.610108303,2020,"Longevidade",10.47,"Taxas de mortalidade infantil (por mil nascidos vivos)"
3532603,"Nhandeara",6.430868167,2022,"Longevidade",10.33,"Taxas de mortalidade infantil (por mil nascidos vivos)"
3532603,"Nhandeara",6.779661017,2024,"Longevidade",11.16,"Taxas de mortalidade infantil (por mil nascidos vivos)"
3532702,"Nipoã",8.620689655,2014,"Longevidade",11.45,"Taxas de mortalidade infantil (por mil nascidos vivos)"
3532702,"Nipoã",1.949317739,2016,"Longevidade",10.76,"Taxas de mortalidade infantil (por mil nascidos vivos)"
3532702,"Nipoã",3.738317757,2018,"Longevidade",10.78,"Taxas de mortalidade infantil (por mil nascidos vivos)"
3532702,"Nipoã",3.968253968,2020,"Longevidade",10.47,"Taxas de mortalidade infantil (por mil nascidos vivos)"
3532702,"Nipoã",8.316008316,2022,"Longevidade",10.33,"Taxas de mortalidade infantil (por mil nascidos vivos)"
3532702,"Nipoã",11.18568233,2024,"Longevidade",11.16,"Taxas de mortalidade infantil (por mil nascidos vivos)"
3532801,"Nova Aliança",11.01321586,2014,"Longevidade",11.45,"Taxas de mortalidade infantil (por mil nascidos vivos)"
3532801,"Nova Aliança",6.036217304,2016,"Longevidade",10.76,"Taxas de mortalidade infantil (por mil nascidos vivos)"
3532801,"Nova Aliança",5.576208178,2018,"Longevidade",10.78,"Taxas de mortalidade infantil (por mil nascidos vivos)"
3532801,"Nova Aliança",5.347593583,2020,"Longevidade",10.47,"Taxas de mortalidade infantil (por mil nascidos vivos)"
3532801,"Nova Aliança",5.291005291,2022,"Longevidade",10.33,"Taxas de mortalidade infantil (por mil nascidos vivos)"
3532801,"Nova Aliança",5.300353357,2024,"Longevidade",11.16,"Taxas de mortalidade infantil (por mil nascidos vivos)"
3532827,"Nova Campina",12.62916188,2014,"Longevidade",11.45,"Taxas de mortalidade infantil (por mil nascidos vivos)"
3532827,"Nova Campina",11.62790698,2016,"Longevidade",10.76,"Taxas de mortalidade infantil (por mil nascidos vivos)"
3532827,"Nova Campina",11.65254237,2018,"Longevidade",10.78,"Taxas de mortalidade infantil (por mil nascidos vivos)"
3532827,"Nova Campina",15.3531218,2020,"Longevidade",10.47,"Taxas de mortalidade infantil (por mil nascidos vivos)"
3532827,"Nova Campina",17.0575693,2022,"Longevidade",10.33,"Taxas de mortalidade infantil (por mil nascidos vivos)"
3532827,"Nova Campina",11.48105626,2024,"Longevidade",11.16,"Taxas de mortalidade infantil (por mil nascidos vivos)"
3532843,"Nova Canaã Paulista",8.547008547,2016,"Longevidade",10.76,"Taxas de mortalidade infantil (por mil nascidos vivos)"
3532843,"Nova Canaã Paulista",8.849557522,2018,"Longevidade",10.78,"Taxas de mortalidade infantil (por mil nascidos vivos)"
3532843,"Nova Canaã Paulista",9.090909091,2020,"Longevidade",10.47,"Taxas de mortalidade infantil (por mil nascidos vivos)"
3532843,"Nova Canaã Paulista",9.433962264,2022,"Longevidade",10.33,"Taxas de mortalidade infantil (por mil nascidos vivos)"
3532843,"Nova Canaã Paulista",9.708737864,2024,"Longevidade",11.16,"Taxas de mortalidade infantil (por mil nascidos vivos)"
3532868,"Nova Castilho",9.259259259,2016,"Longevidade",10.76,"Taxas de mortalidade infantil (por mil nascidos vivos)"
3532868,"Nova Castilho",9.523809524,2018,"Longevidade",10.78,"Taxas de mortalidade infantil (por mil nascidos vivos)"
3532868,"Nova Castilho",10.75268817,2020,"Longevidade",10.47,"Taxas de mortalidade infantil (por mil nascidos vivos)"
3532868,"Nova Castilho",12.65822785,2022,"Longevidade",10.33,"Taxas de mortalidade infantil (por mil nascidos vivos)"
3532900,"Nova Europa",13.7524558,2014,"Longevidade",11.45,"Taxas de mortalidade infantil (por mil nascidos vivos)"
3532900,"Nova Europa",10.256410259999999,2016,"Longevidade",10.76,"Taxas de mortalidade infantil (por mil nascidos vivos)"
3532900,"Nova Europa",7.633587786,2018,"Longevidade",10.78,"Taxas de mortalidade infantil (por mil nascidos vivos)"
3532900,"Nova Europa",10.15228426,2020,"Longevidade",10.47,"Taxas de mortalidade infantil (por mil nascidos vivos)"
3532900,"Nova Europa",10.42873696,2022,"Longevidade",10.33,"Taxas de mortalidade infantil (por mil nascidos vivos)"
3532900,"Nova Europa",8.728179551,2024,"Longevidade",11.16,"Taxas de mortalidade infantil (por mil nascidos vivos)"
3533007,"Nova Granada",9.055627426,2014,"Longevidade",11.45,"Taxas de mortalidade infantil (por mil nascidos vivos)"
3533007,"Nova Granada",9.472259811,2016,"Longevidade",10.76,"Taxas de mortalidade infantil (por mil nascidos vivos)"
3533007,"Nova Granada",10.54018445,2018,"Longevidade",10.78,"Taxas de mortalidade infantil (por mil nascidos vivos)"
3533007,"Nova Granada",12.11305518,2020,"Longevidade",10.47,"Taxas de mortalidade infantil (por mil nascidos vivos)"
3533007,"Nova Granada",4.249291785,2022,"Longevidade",10.33,"Taxas de mortalidade infantil (por mil nascidos vivos)"
3533007,"Nova Granada",6.369426752,2024,"Longevidade",11.16,"Taxas de mortalidade infantil (por mil nascidos vivos)"
3533106,"Nova Guataporanga",5.780346821,2014,"Longevidade",11.45,"Taxas de mortalidade infantil (por mil nascidos vivos)"
3533106,"Nova Guataporanga",11.83431953,2016,"Longevidade",10.76,"Taxas de mortalidade infantil (por mil nascidos vivos)"
3533106,"Nova Guataporanga",11.11111111,2018,"Longevidade",10.78,"Taxas de mortalidade infantil (por mil nascidos vivos)"
3533106,"Nova Guataporanga",16.48351648,2020,"Longevidade",10.47,"Taxas de mortalidade infantil (por mil nascidos vivos)"
3533106,"Nova Guataporanga",5.524861878,2022,"Longevidade",10.33,"Taxas de mortalidade infantil (por mil nascidos vivos)"
3533106,"Nova Guataporanga",6.024096386,2024,"Longevidade",11.16,"Taxas de mortalidade infantil (por mil nascidos vivos)"
3533205,"Nova Independência",19.67213115,2014,"Longevidade",11.45,"Taxas de mortalidade infantil (por mil nascidos vivos)"
3533205,"Nova Independência",5.917159763,2016,"Longevidade",10.76,"Taxas de mortalidade infantil (por mil nascidos vivos)"
3533205,"Nova Independência",5.633802817,2018,"Longevidade",10.78,"Taxas de mortalidade infantil (por mil nascidos vivos)"
3533205,"Nova Independência",5.249343832,2020,"Longevidade",10.47,"Taxas de mortalidade infantil (por mil nascidos vivos)"
3533205,"Nova Independência",2.72479564,2022,"Longevidade",10.33,"Taxas de mortalidade infantil (por mil nascidos vivos)"
3533205,"Nova Independência",2.793296089,2024,"Longevidade",11.16,"Taxas de mortalidade infantil (por mil nascidos vivos)"
3533254,"Novais",11.92842942,2014,"Longevidade",11.45,"Taxas de mortalidade infantil (por mil nascidos vivos)"
3533254,"Novais",16.16161616,2016,"Longevidade",10.76,"Taxas de mortalidade infantil (por mil nascidos vivos)"
3533254,"Novais",19.18976546,2018,"Longevidade",10.78,"Taxas de mortalidade infantil (por mil nascidos vivos)"
3533254,"Novais",17.81737194,2020,"Longevidade",10.47,"Taxas de mortalidade infantil (por mil nascidos vivos)"
3533254,"Novais",14.49275362,2022,"Longevidade",10.33,"Taxas de mortalidade infantil (por mil nascidos vivos)"
3533254,"Novais",2.512562814,2024,"Longevidade",11.16,"Taxas de mortalidade infantil (por mil nascidos vivos)"
3533304,"Nova Luzitânia",6.289308176,2014,"Longevidade",11.45,"Taxas de mortalidade infantil (por mil nascidos vivos)"
3533304,"Nova Luzitânia",10.75268817,2016,"Longevidade",10.76,"Taxas de mortalidade infantil (por mil nascidos vivos)"
3533304,"Nova Luzitânia",7.575757576,2018,"Longevidade",10.78,"Taxas de mortalidade infantil (por mil nascidos vivos)"
3533304,"Nova Luzitânia",13.82488479,2020,"Longevidade",10.47,"Taxas de mortalidade infantil (por mil nascidos vivos)"
3533304,"Nova Luzitânia",5.235602094,2022,"Longevidade",10.33,"Taxas de mortalidade infantil (por mil nascidos vivos)"
3533304,"Nova Luzitânia",12.7388535,2024,"Longevidade",11.16,"Taxas de mortalidade infantil (por mil nascidos vivos)"
3533403,"Nova Odessa",10.74766355,2014,"Longevidade",11.45,"Taxas de mortalidade infantil (por mil nascidos vivos)"
3533403,"Nova Odessa",9.107468124,2016,"Longevidade",10.76,"Taxas de mortalidade infantil (por mil nascidos vivos)"
3533403,"Nova Odessa",10.61375173,2018,"Longevidade",10.78,"Taxas de mortalidade infantil (por mil nascidos vivos)"
3533403,"Nova Odessa",13.31360947,2020,"Longevidade",10.47,"Taxas de mortalidade infantil (por mil nascidos vivos)"
3533403,"Nova Odessa",8.956796628,2022,"Longevidade",10.33,"Taxas de mortalidade infantil (por mil nascidos vivos)"
3533403,"Nova Odessa",11.07419712,2024,"Longevidade",11.16,"Taxas de mortalidade infantil (por mil nascidos vivos)"
3533502,"Novo Horizonte",9.482129832,2014,"Longevidade",11.45,"Taxas de mortalidade infantil (por mil nascidos vivos)"
3533502,"Novo Horizonte",9.289980093,2016,"Longevidade",10.76,"Taxas de mortalidade infantil (por mil nascidos vivos)"
3533502,"Novo Horizonte",10.38781163,2018,"Longevidade",10.78,"Taxas de mortalidade infantil (por mil nascidos vivos)"
3533502,"Novo Horizonte",10.10830325,2020,"Longevidade",10.47,"Taxas de mortalidade infantil (por mil nascidos vivos)"
3533502,"Novo Horizonte",9.068425392,2022,"Longevidade",10.33,"Taxas de mortalidade infantil (por mil nascidos vivos)"
3533502,"Novo Horizonte",12.78772379,2024,"Longevidade",11.16,"Taxas de mortalidade infantil (por mil nascidos vivos)"
3533601,"Nuporanga",12.75045537,2014,"Longevidade",11.45,"Taxas de mortalidade infantil (por mil nascidos vivos)"
3533601,"Nuporanga",21.01576182,2016,"Longevidade",10.76,"Taxas de mortalidade infantil (por mil nascidos vivos)"
3533601,"Nuporanga",15.70680628,2018,"Longevidade",10.78,"Taxas de mortalidade infantil (por mil nascidos vivos)"
3533601,"Nuporanga",15.33219761,2020,"Longevidade",10.47,"Taxas de mortalidade infantil (por mil nascidos vivos)"
3533601,"Nuporanga",12.11072664,2022,"Longevidade",10.33,"Taxas de mortalidade infantil (por mil nascidos vivos)"
3533601,"Nuporanga",9.009009009,2024,"Longevidade",11.16,"Taxas de mortalidade infantil (por mil nascidos vivos)"
3533700,"Ocauçu",17.11491443,2014,"Longevidade",11.45,"Taxas de mortalidade infantil (por mil nascidos vivos)"
3533700,"Ocauçu",13.76146789,2016,"Longevidade",10.76,"Taxas de mortalidade infantil (por mil nascidos vivos)"
3533700,"Ocauçu",11.33786848,2018,"Longevidade",10.78,"Taxas de mortalidade infantil (por mil nascidos vivos)"
3533700,"Ocauçu",9.153318078,2020,"Longevidade",10.47,"Taxas de mortalidade infantil (por mil nascidos vivos)"
3533700,"Ocauçu",8.620689655,2022,"Longevidade",10.33,"Taxas de mortalidade infantil (por mil nascidos vivos)"
3533700,"Ocauçu",11.38952164,2024,"Longevidade",11.16,"Taxas de mortalidade infantil (por mil nascidos vivos)"
3533809,"Óleo",15.38461538,2014,"Longevidade",11.45,"Taxas de mortalidade infantil (por mil nascidos vivos)"
3533809,"Óleo",10.63829787,2016,"Longevidade",10.76,"Taxas de mortalidade infantil (por mil nascidos vivos)"
3533809,"Óleo",10.15228426,2018,"Longevidade",10.78,"Taxas de mortalidade infantil (por mil nascidos vivos)"
3533809,"Óleo",10.86956522,2020,"Longevidade",10.47,"Taxas de mortalidade infantil (por mil nascidos vivos)"
3533809,"Óleo",11.56069364,2022,"Longevidade",10.33,"Taxas de mortalidade infantil (por mil nascidos vivos)"
3533809,"Óleo",6.097560976,2024,"Longevidade",11.16,"Taxas de mortalidade infantil (por mil nascidos vivos)"
3533908,"Olímpia",9.950248756,2014,"Longevidade",11.45,"Taxas de mortalidade infantil (por mil nascidos vivos)"
3533908,"Olímpia",11.13924051,2016,"Longevidade",10.76,"Taxas de mortalidade infantil (por mil nascidos vivos)"
3533908,"Olímpia",14.58019105,2018,"Longevidade",10.78,"Taxas de mortalidade infantil (por mil nascidos vivos)"
3533908,"Olímpia",10.83743842,2020,"Longevidade",10.47,"Taxas de mortalidade infantil (por mil nascidos vivos)"
3533908,"Olímpia",11.0876452,2022,"Longevidade",10.33,"Taxas de mortalidade infantil (por mil nascidos vivos)"
3533908,"Olímpia",8.537886873,2024,"Longevidade",11.16,"Taxas de mortalidade infantil (por mil nascidos vivos)"
3534005,"Onda Verde",18.86792453,2014,"Longevidade",11.45,"Taxas de mortalidade infantil (por mil nascidos vivos)"
3534005,"Onda Verde",15.2284264,2016,"Longevidade",10.76,"Taxas de mortalidade infantil (por mil nascidos vivos)"
3534005,"Onda Verde",12.22493888,2018,"Longevidade",10.78,"Taxas de mortalidade infantil (por mil nascidos vivos)"
3534005,"Onda Verde",11.57407407,2020,"Longevidade",10.47,"Taxas de mortalidade infantil (por mil nascidos vivos)"
3534005,"Onda Verde",4.662004662,2022,"Longevidade",10.33,"Taxas de mortalidade infantil (por mil nascidos vivos)"
3534005,"Onda Verde",7.194244604,2024,"Longevidade",11.16,"Taxas de mortalidade infantil (por mil nascidos vivos)"
3534104,"Oriente",17.34104046,2014,"Longevidade",11.45,"Taxas de mortalidade infantil (por mil nascidos vivos)"
3534104,"Oriente",9.140767824,2016,"Longevidade",10.76,"Taxas de mortalidade infantil (por mil nascidos vivos)"
3534104,"Oriente",9.242144177,2018,"Longevidade",10.78,"Taxas de mortalidade infantil (por mil nascidos vivos)"
3534104,"Oriente",7.677543186,2020,"Longevidade",10.47,"Taxas de mortalidade infantil (por mil nascidos vivos)"
3534104,"Oriente",12.21995927,2022,"Longevidade",10.33,"Taxas de mortalidade infantil (por mil nascidos vivos)"
3534104,"Oriente",12.87553648,2024,"Longevidade",11.16,"Taxas de mortalidade infantil (por mil nascidos vivos)"
3534203,"Orindiúva",14.38848921,2014,"Longevidade",11.45,"Taxas de mortalidade infantil (por mil nascidos vivos)"
3534203,"Orindiúva",20.59925094,2016,"Longevidade",10.76,"Taxas de mortalidade infantil (por mil nascidos vivos)"
3534203,"Orindiúva",18.86792453,2018,"Longevidade",10.78,"Taxas de mortalidade infantil (por mil nascidos vivos)"
3534203,"Orindiúva",15.47388781,2020,"Longevidade",10.47,"Taxas de mortalidade infantil (por mil nascidos vivos)"
3534203,"Orindiúva",11.69590643,2022,"Longevidade",10.33,"Taxas de mortalidade infantil (por mil nascidos vivos)"
3534203,"Orindiúva",3.898635478,2024,"Longevidade",11.16,"Taxas de mortalidade infantil (por mil nascidos vivos)"
3534302,"Orlândia",18.19363223,2014,"Longevidade",11.45,"Taxas de mortalidade infantil (por mil nascidos vivos)"
3534302,"Orlândia",7.544581619,2016,"Longevidade",10.76,"Taxas de mortalidade infantil (por mil nascidos vivos)"
3534302,"Orlândia",7.225433526,2018,"Longevidade",10.78,"Taxas de mortalidade infantil (por mil nascidos vivos)"
3534302,"Orlândia",9.77443609,2020,"Longevidade",10.47,"Taxas de mortalidade infantil (por mil nascidos vivos)"
3534302,"Orlândia",13.5891287,2022,"Longevidade",10.33,"Taxas de mortalidade infantil (por mil nascidos vivos)"
3534302,"Orlândia",12.5,2024,"Longevidade",11.16,"Taxas de mortalidade infantil (por mil nascidos vivos)"
3534401,"Osasco",13.15373427,2014,"Longevidade",11.45,"Taxas de mortalidade infantil (por mil nascidos vivos)"
3534401,"Osasco",11.82303585,2016,"Longevidade",10.76,"Taxas de mortalidade infantil (por mil nascidos vivos)"
3534401,"Osasco",12.11883004,2018,"Longevidade",10.78,"Taxas de mortalidade infantil (por mil nascidos vivos)"
3534401,"Osasco",11.27793296,2020,"Longevidade",10.47,"Taxas de mortalidade infantil (por mil nascidos vivos)"
3534401,"Osasco",11.44497608,2022,"Longevidade",10.33,"Taxas de mortalidade infantil (por mil nascidos vivos)"
3534401,"Osasco",11.85722435,2024,"Longevidade",11.16,"Taxas de mortalidade infantil (por mil nascidos vivos)"
3534500,"Oscar Bressane",26.04166667,2014,"Longevidade",11.45,"Taxas de mortalidade infantil (por mil nascidos vivos)"
3534500,"Oscar Bressane",29.23976608,2016,"Longevidade",10.76,"Taxas de mortalidade infantil (por mil nascidos vivos)"
3534500,"Oscar Bressane",28.9017341,2018,"Longevidade",10.78,"Taxas de mortalidade infantil (por mil nascidos vivos)"
3534500,"Oscar Bressane",6.329113924,2020,"Longevidade",10.47,"Taxas de mortalidade infantil (por mil nascidos vivos)"
3534500,"Oscar Bressane",13.07189542,2022,"Longevidade",10.33,"Taxas de mortalidade infantil (por mil nascidos vivos)"
3534500,"Oscar Bressane",7.352941176,2024,"Longevidade",11.16,"Taxas de mortalidade infantil (por mil nascidos vivos)"
3534609,"Osvaldo Cruz",7.889546351,2014,"Longevidade",11.45,"Taxas de mortalidade infantil (por mil nascidos vivos)"
3534609,"Osvaldo Cruz",12.71186441,2016,"Longevidade",10.76,"Taxas de mortalidade infantil (por mil nascidos vivos)"
3534609,"Osvaldo Cruz",16.30988787,2018,"Longevidade",10.78,"Taxas de mortalidade infantil (por mil nascidos vivos)"
3534609,"Osvaldo Cruz",16.85985248,2020,"Longevidade",10.47,"Taxas de mortalidade infantil (por mil nascidos vivos)"
3534609,"Osvaldo Cruz",10.63829787,2022,"Longevidade",10.33,"Taxas de mortalidade infantil (por mil nascidos vivos)"
3534609,"Osvaldo Cruz",3.667481663,2024,"Longevidade",11.16,"Taxas de mortalidade infantil (por mil nascidos vivos)"
3534708,"Ourinhos",9.006873667,2014,"Longevidade",11.45,"Taxas de mortalidade infantil (por mil nascidos vivos)"
3534708,"Ourinhos",8.388847767,2016,"Longevidade",10.76,"Taxas de mortalidade infantil (por mil nascidos vivos)"
3534708,"Ourinhos",9.588695433,2018,"Longevidade",10.78,"Taxas de mortalidade infantil (por mil nascidos vivos)"
3534708,"Ourinhos",8.294453084,2020,"Longevidade",10.47,"Taxas de mortalidade infantil (por mil nascidos vivos)"
3534708,"Ourinhos",8.827586207,2022,"Longevidade",10.33,"Taxas de mortalidade infantil (por mil nascidos vivos)"
3534708,"Ourinhos",9.489916963,2024,"Longevidade",11.16,"Taxas de mortalidade infantil (por mil nascidos vivos)"
3534757,"Ouroeste",9.592326139,2014,"Longevidade",11.45,"Taxas de mortalidade infantil (por mil nascidos vivos)"
3534757,"Ouroeste",11.37656428,2016,"Longevidade",10.76,"Taxas de mortalidade infantil (por mil nascidos vivos)"
3534757,"Ouroeste",7.829977629,2018,"Longevidade",10.78,"Taxas de mortalidade infantil (por mil nascidos vivos)"
3534757,"Ouroeste",5.580357143,2020,"Longevidade",10.47,"Taxas de mortalidade infantil (por mil nascidos vivos)"
3534757,"Ouroeste",14.70588235,2022,"Longevidade",10.33,"Taxas de mortalidade infantil (por mil nascidos vivos)"
3534757,"Ouroeste",17.66784452,2024,"Longevidade",11.16,"Taxas de mortalidade infantil (por mil nascidos vivos)"
3534807,"Ouro Verde",13.71571072,2014,"Longevidade",11.45,"Taxas de mortalidade infantil (por mil nascidos vivos)"
3534807,"Ouro Verde",10.68090788,2016,"Longevidade",10.76,"Taxas de mortalidade infantil (por mil nascidos vivos)"
3534807,"Ouro Verde",11.204481790000001,2018,"Longevidade",10.78,"Taxas de mortalidade infantil (por mil nascidos vivos)"
3534807,"Ouro Verde",13.00578035,2020,"Longevidade",10.47,"Taxas de mortalidade infantil (por mil nascidos vivos)"
3534807,"Ouro Verde",17.72525849,2022,"Longevidade",10.33,"Taxas de mortalidade infantil (por mil nascidos vivos)"
3534807,"Ouro Verde",16.49175412,2024,"Longevidade",11.16,"Taxas de mortalidade infantil (por mil nascidos vivos)"
3534906,"Pacaembu",11.66180758,2014,"Longevidade",11.45,"Taxas de mortalidade infantil (por mil nascidos vivos)"
3534906,"Pacaembu",22.01257862,2016,"Longevidade",10.76,"Taxas de mortalidade infantil (por mil nascidos vivos)"
3534906,"Pacaembu",15.33742331,2018,"Longevidade",10.78,"Taxas de mortalidade infantil (por mil nascidos vivos)"
3534906,"Pacaembu",9.345794393,2020,"Longevidade",10.47,"Taxas de mortalidade infantil (por mil nascidos vivos)"
3534906,"Pacaembu",13.51351351,2022,"Longevidade",10.33,"Taxas de mortalidade infantil (por mil nascidos vivos)"
3534906,"Pacaembu",3.50877193,2024,"Longevidade",11.16,"Taxas de mortalidade infantil (por mil nascidos vivos)"
3535002,"Palestina",17.11491443,2014,"Longevidade",11.45,"Taxas de mortalidade infantil (por mil nascidos vivos)"
3535002,"Palestina",8.130081301,2016,"Longevidade",10.76,"Taxas de mortalidade infantil (por mil nascidos vivos)"
3535002,"Palestina",8.042895442,2018,"Longevidade",10.78,"Taxas de mortalidade infantil (por mil nascidos vivos)"
3535002,"Palestina",5.277044855,2020,"Longevidade",10.47,"Taxas de mortalidade infantil (por mil nascidos vivos)"
3535002,"Palestina",2.717391304,2022,"Longevidade",10.33,"Taxas de mortalidade infantil (por mil nascidos vivos)"
3535002,"Palestina",6.153846154,2024,"Longevidade",11.16,"Taxas de mortalidade infantil (por mil nascidos vivos)"
3535101,"Palmares Paulista",11.93317422,2014,"Longevidade",11.45,"Taxas de mortalidade infantil (por mil nascidos vivos)"
3535101,"Palmares Paulista",20.51282051,2016,"Longevidade",10.76,"Taxas de mortalidade infantil (por mil nascidos vivos)"
3535101,"Palmares Paulista",20.05012531,2018,"Longevidade",10.78,"Taxas de mortalidade infantil (por mil nascidos vivos)"
3535101,"Palmares Paulista",13.15789474,2020,"Longevidade",10.47,"Taxas de mortalidade infantil (por mil nascidos vivos)"
3535101,"Palmares Paulista",13.80897583,2022,"Longevidade",10.33,"Taxas de mortalidade infantil (por mil nascidos vivos)"
3535101,"Palmares Paulista",12.64222503,2024,"Longevidade",11.16,"Taxas de mortalidade infantil (por mil nascidos vivos)"
3535200,"Palmeira d'Oeste",11.02362205,2014,"Longevidade",11.45,"Taxas de mortalidade infantil (por mil nascidos vivos)"
3535200,"Palmeira d'Oeste",13.33333333,2016,"Longevidade",10.76,"Taxas de mortalidade infantil (por mil nascidos vivos)"
3535200,"Palmeira d'Oeste",13.35559265,2018,"Longevidade",10.78,"Taxas de mortalidade infantil (por mil nascidos vivos)"
3535200,"Palmeira d'Oeste",16.61129568,2020,"Longevidade",10.47,"Taxas de mortalidade infantil (por mil nascidos vivos)"
3535200,"Palmeira d'Oeste",12.23776224,2022,"Longevidade",10.33,"Taxas de mortalidade infantil (por mil nascidos vivos)"
3535200,"Palmeira d'Oeste",9.398496241,2024,"Longevidade",11.16,"Taxas de mortalidade infantil (por mil nascidos vivos)"
3535309,"Palmital",8.130081301,2014,"Longevidade",11.45,"Taxas de mortalidade infantil (por mil nascidos vivos)"
3535309,"Palmital",12,2016,"Longevidade",10.76,"Taxas de mortalidade infantil (por mil nascidos vivos)"
3535309,"Palmital",17.10526316,2018,"Longevidade",10.78,"Taxas de mortalidade infantil (por mil nascidos vivos)"
3535309,"Palmital",12.71186441,2020,"Longevidade",10.47,"Taxas de mortalidade infantil (por mil nascidos vivos)"
3535309,"Palmital",6.546644845,2022,"Longevidade",10.33,"Taxas de mortalidade infantil (por mil nascidos vivos)"
3535309,"Palmital",18.39464883,2024,"Longevidade",11.16,"Taxas de mortalidade infantil (por mil nascidos vivos)"
3535408,"Panorama",15.87301587,2014,"Longevidade",11.45,"Taxas de mortalidade infantil (por mil nascidos vivos)"
3535408,"Panorama",12.71186441,2016,"Longevidade",10.76,"Taxas de mortalidade infantil (por mil nascidos vivos)"
3535408,"Panorama",10.30927835,2018,"Longevidade",10.78,"Taxas de mortalidade infantil (por mil nascidos vivos)"
3535408,"Panorama",8.695652174,2020,"Longevidade",10.47,"Taxas de mortalidade infantil (por mil nascidos vivos)"
3535408,"Panorama",11.0701107,2022,"Longevidade",10.33,"Taxas de mortalidade infantil (por mil nascidos vivos)"
3535408,"Panorama",15.93625498,2024,"Longevidade",11.16,"Taxas de mortalidade infantil (por mil nascidos vivos)"
3535507,"Paraguaçu Paulista",10.49723757,2014,"Longevidade",11.45,"Taxas de mortalidade infantil (por mil nascidos vivos)"
3535507,"Paraguaçu Paulista",10.07274762,2016,"Longevidade",10.76,"Taxas de mortalidade infantil (por mil nascidos vivos)"
3535507,"Paraguaçu Paulista",10.98297639,2018,"Longevidade",10.78,"Taxas de mortalidade infantil (por mil nascidos vivos)"
3535507,"Paraguaçu Paulista",8.615384615,2020,"Longevidade",10.47,"Taxas de mortalidade infantil (por mil nascidos vivos)"
3535507,"Paraguaçu Paulista",13.86001386,2022,"Longevidade",10.33,"Taxas de mortalidade infantil (por mil nascidos vivos)"
3535507,"Paraguaçu Paulista",16.30434783,2024,"Longevidade",11.16,"Taxas de mortalidade infantil (por mil nascidos vivos)"
3535606,"Paraibuna",4.531722054,2014,"Longevidade",11.45,"Taxas de mortalidade infantil (por mil nascidos vivos)"
3535606,"Paraibuna",7.496251874,2016,"Longevidade",10.76,"Taxas de mortalidade infantil (por mil nascidos vivos)"
3535606,"Paraibuna",6.182380216,2018,"Longevidade",10.78,"Taxas de mortalidade infantil (por mil nascidos vivos)"
3535606,"Paraibuna",6.756756757,2020,"Longevidade",10.47,"Taxas de mortalidade infantil (por mil nascidos vivos)"
3535606,"Paraibuna",6.41025641,2022,"Longevidade",10.33,"Taxas de mortalidade infantil (por mil nascidos vivos)"
3535606,"Paraibuna",6.546644845,2024,"Longevidade",11.16,"Taxas de mortalidade infantil (por mil nascidos vivos)"
3535705,"Paraíso",4.301075269,2014,"Longevidade",11.45,"Taxas de mortalidade infantil (por mil nascidos vivos)"
3535705,"Paraíso",4.474272931,2016,"Longevidade",10.76,"Taxas de mortalidade infantil (por mil nascidos vivos)"
3535705,"Paraíso",4.357298475,2018,"Longevidade",10.78,"Taxas de mortalidade infantil (por mil nascidos vivos)"
3535705,"Paraíso",7.025761124,2020,"Longevidade",10.47,"Taxas de mortalidade infantil (por mil nascidos vivos)"
3535705,"Paraíso",11.54734411,2022,"Longevidade",10.33,"Taxas de mortalidade infantil (por mil nascidos vivos)"
3535705,"Paraíso",14.38848921,2024,"Longevidade",11.16,"Taxas de mortalidade infantil (por mil nascidos vivos)"
3535804,"Paranapanema",15.44401544,2014,"Longevidade",11.45,"Taxas de mortalidade infantil (por mil nascidos vivos)"
3535804,"Paranapanema",3.601440576,2016,"Longevidade",10.76,"Taxas de mortalidade infantil (por mil nascidos vivos)"
3535804,"Paranapanema",3.636363636,2018,"Longevidade",10.78,"Taxas de mortalidade infantil (por mil nascidos vivos)"
3535804,"Paranapanema",6.476683938,2020,"Longevidade",10.47,"Taxas de mortalidade infantil (por mil nascidos vivos)"
3535804,"Paranapanema",10.84337349,2022,"Longevidade",10.33,"Taxas de mortalidade infantil (por mil nascidos vivos)"
3535804,"Paranapanema",16.66666667,2024,"Longevidade",11.16,"Taxas de mortalidade infantil (por mil nascidos vivos)"
3535903,"Paranapuã",23.02631579,2014,"Longevidade",11.45,"Taxas de mortalidade infantil (por mil nascidos vivos)"
3535903,"Paranapuã",11.66180758,2016,"Longevidade",10.76,"Taxas de mortalidade infantil (por mil nascidos vivos)"
3535903,"Paranapuã",5.763688761,2018,"Longevidade",10.78,"Taxas de mortalidade infantil (por mil nascidos vivos)"
3535903,"Paranapuã",2.840909091,2020,"Longevidade",10.47,"Taxas de mortalidade infantil (por mil nascidos vivos)"
3535903,"Paranapuã",2.754820937,2022,"Longevidade",10.33,"Taxas de mortalidade infantil (por mil nascidos vivos)"
3536000,"Parapuã",2.865329513,2014,"Longevidade",11.45,"Taxas de mortalidade infantil (por mil nascidos vivos)"
3536000,"Parapuã",14.32664756,2016,"Longevidade",10.76,"Taxas de mortalidade infantil (por mil nascidos vivos)"
3536000,"Parapuã",6.097560976,2018,"Longevidade",10.78,"Taxas de mortalidade infantil (por mil nascidos vivos)"
3536000,"Parapuã",3.289473684,2020,"Longevidade",10.47,"Taxas de mortalidade infantil (por mil nascidos vivos)"
3536000,"Parapuã",13.74570447,2022,"Longevidade",10.33,"Taxas de mortalidade infantil (por mil nascidos vivos)"
3536000,"Parapuã",17.92114695,2024,"Longevidade",11.16,"Taxas de mortalidade infantil (por mil nascidos vivos)"
3536109,"Pardinho",9.316770186,2014,"Longevidade",11.45,"Taxas de mortalidade infantil (por mil nascidos vivos)"
3536109,"Pardinho",13.95348837,2016,"Longevidade",10.76,"Taxas de mortalidade infantil (por mil nascidos vivos)"
3536109,"Pardinho",15.67398119,2018,"Longevidade",10.78,"Taxas de mortalidade infantil (por mil nascidos vivos)"
3536109,"Pardinho",18.77934272,2020,"Longevidade",10.47,"Taxas de mortalidade infantil (por mil nascidos vivos)"
3536109,"Pardinho",20.83333333,2022,"Longevidade",10.33,"Taxas de mortalidade infantil (por mil nascidos vivos)"
3536109,"Pardinho",14.90066225,2024,"Longevidade",11.16,"Taxas de mortalidade infantil (por mil nascidos vivos)"
3536208,"Pariquera-Açu",19.76744186,2014,"Longevidade",11.45,"Taxas de mortalidade infantil (por mil nascidos vivos)"
3536208,"Pariquera-Açu",8.958566629,2016,"Longevidade",10.76,"Taxas de mortalidade infantil (por mil nascidos vivos)"
3536208,"Pariquera-Açu",4.597701149,2018,"Longevidade",10.78,"Taxas de mortalidade infantil (por mil nascidos vivos)"
3536208,"Pariquera-Açu",13.22115385,2020,"Longevidade",10.47,"Taxas de mortalidade infantil (por mil nascidos vivos)"
3536208,"Pariquera-Açu",11.76470588,2022,"Longevidade",10.33,"Taxas de mortalidade infantil (por mil nascidos vivos)"
3536208,"Pariquera-Açu",12.39669421,2024,"Longevidade",11.16,"Taxas de mortalidade infantil (por mil nascidos vivos)"
3536257,"Parisi",19.60784314,2014,"Longevidade",11.45,"Taxas de mortalidade infantil (por mil nascidos vivos)"
3536257,"Parisi",21.27659574,2016,"Longevidade",10.76,"Taxas de mortalidade infantil (por mil nascidos vivos)"
3536257,"Parisi",14.63414634,2018,"Longevidade",10.78,"Taxas de mortalidade infantil (por mil nascidos vivos)"
3536257,"Parisi",18.51851852,2020,"Longevidade",10.47,"Taxas de mortalidade infantil (por mil nascidos vivos)"
3536257,"Parisi",17.31601732,2022,"Longevidade",10.33,"Taxas de mortalidade infantil (por mil nascidos vivos)"
3536257,"Parisi",10.30927835,2024,"Longevidade",11.16,"Taxas de mortalidade infantil (por mil nascidos vivos)"
3536307,"Patrocínio Paulista",12.42236025,2014,"Longevidade",11.45,"Taxas de mortalidade infantil (por mil nascidos vivos)"
3536307,"Patrocínio Paulista",6.622516556,2016,"Longevidade",10.76,"Taxas de mortalidade infantil (por mil nascidos vivos)"
3536307,"Patrocínio Paulista",6.504065041,2018,"Longevidade",10.78,"Taxas de mortalidade infantil (por mil nascidos vivos)"
3536307,"Patrocínio Paulista",7.092198582,2020,"Longevidade",10.47,"Taxas de mortalidade infantil (por mil nascidos vivos)"
3536307,"Patrocínio Paulista",20.18348624,2022,"Longevidade",10.33,"Taxas de mortalidade infantil (por mil nascidos vivos)"
3536307,"Patrocínio Paulista",26.51515152,2024,"Longevidade",11.16,"Taxas de mortalidade infantil (por mil nascidos vivos)"
3536406,"Paulicéia",9.929078014,2014,"Longevidade",11.45,"Taxas de mortalidade infantil (por mil nascidos vivos)"
3536406,"Paulicéia",4.987531172,2016,"Longevidade",10.76,"Taxas de mortalidade infantil (por mil nascidos vivos)"
3536406,"Paulicéia",3.816793893,2018,"Longevidade",10.78,"Taxas de mortalidade infantil (por mil nascidos vivos)"
3536406,"Paulicéia",6.56167979,2020,"Longevidade",10.47,"Taxas de mortalidade infantil (por mil nascidos vivos)"
3536406,"Paulicéia",11.00412655,2022,"Longevidade",10.33,"Taxas de mortalidade infantil (por mil nascidos vivos)"
3536406,"Paulicéia",16.12903226,2024,"Longevidade",11.16,"Taxas de mortalidade infantil (por mil nascidos vivos)"
3536505,"Paulínia",7.49516441,2014,"Longevidade",11.45,"Taxas de mortalidade infantil (por mil nascidos vivos)"
3536505,"Paulínia",6.130790191,2016,"Longevidade",10.76,"Taxas de mortalidade infantil (por mil nascidos vivos)"
3536505,"Paulínia",7.599463567,2018,"Longevidade",10.78,"Taxas de mortalidade infantil (por mil nascidos vivos)"
3536505,"Paulínia",12.01334816,2020,"Longevidade",10.47,"Taxas de mortalidade infantil (por mil nascidos vivos)"
3536505,"Paulínia",11.19221411,2022,"Longevidade",10.33,"Taxas de mortalidade infantil (por mil nascidos vivos)"
3536505,"Paulínia",10.37293159,2024,"Longevidade",11.16,"Taxas de mortalidade infantil (por mil nascidos vivos)"
3536570,"Paulistânia",7.352941176,2014,"Longevidade",11.45,"Taxas de mortalidade infantil (por mil nascidos vivos)"
3536570,"Paulistânia",6.369426752,2016,"Longevidade",10.76,"Taxas de mortalidade infantil (por mil nascidos vivos)"
3536570,"Paulistânia",5.780346821,2018,"Longevidade",10.78,"Taxas de mortalidade infantil (por mil nascidos vivos)"
3536604,"Paulo de Faria",6.657789614,2014,"Longevidade",11.45,"Taxas de mortalidade infantil (por mil nascidos vivos)"
3536604,"Paulo de Faria",6.191950464,2016,"Longevidade",10.76,"Taxas de mortalidade infantil (por mil nascidos vivos)"
3536604,"Paulo de Faria",6.451612903,2018,"Longevidade",10.78,"Taxas de mortalidade infantil (por mil nascidos vivos)"
3536604,"Paulo de Faria",7.029876977,2020,"Longevidade",10.47,"Taxas de mortalidade infantil (por mil nascidos vivos)"
3536604,"Paulo de Faria",7.142857143,2022,"Longevidade",10.33,"Taxas de mortalidade infantil (por mil nascidos vivos)"
3536604,"Paulo de Faria",3.80952381,2024,"Longevidade",11.16,"Taxas de mortalidade infantil (por mil nascidos vivos)"
3536703,"Pederneiras",8.942661757,2014,"Longevidade",11.45,"Taxas de mortalidade infantil (por mil nascidos vivos)"
3536703,"Pederneiras",9.900990099,2016,"Longevidade",10.76,"Taxas de mortalidade infantil (por mil nascidos vivos)"
3536703,"Pederneiras",10.13714967,2018,"Longevidade",10.78,"Taxas de mortalidade infantil (por mil nascidos vivos)"
3536703,"Pederneiras",8.578431373,2020,"Longevidade",10.47,"Taxas de mortalidade infantil (por mil nascidos vivos)"
3536703,"Pederneiras",6.365372374,2022,"Longevidade",10.33,"Taxas de mortalidade infantil (por mil nascidos vivos)"
3536703,"Pederneiras",8.344030809,2024,"Longevidade",11.16,"Taxas de mortalidade infantil (por mil nascidos vivos)"
3536802,"Pedra Bela",23.86117137,2014,"Longevidade",11.45,"Taxas de mortalidade infantil (por mil nascidos vivos)"
3536802,"Pedra Bela",16.2037037,2016,"Longevidade",10.76,"Taxas de mortalidade infantil (por mil nascidos vivos)"
3536802,"Pedra Bela",13.85681293,2018,"Longevidade",10.78,"Taxas de mortalidade infantil (por mil nascidos vivos)"
3536802,"Pedra Bela",8.620689655,2020,"Longevidade",10.47,"Taxas de mortalidade infantil (por mil nascidos vivos)"
3536802,"Pedra Bela",4.098360656,2022,"Longevidade",10.33,"Taxas de mortalidade infantil (por mil nascidos vivos)"
3536802,"Pedra Bela",5.905511811,2024,"Longevidade",11.16,"Taxas de mortalidade infantil (por mil nascidos vivos)"
3536901,"Pedranópolis",20,2014,"Longevidade",11.45,"Taxas de mortalidade infantil (por mil nascidos vivos)"
3536901,"Pedranópolis",15.03759398,2016,"Longevidade",10.76,"Taxas de mortalidade infantil (por mil nascidos vivos)"
3536901,"Pedranópolis",20,2018,"Longevidade",10.78,"Taxas de mortalidade infantil (por mil nascidos vivos)"
3536901,"Pedranópolis",7.518796992,2020,"Longevidade",10.47,"Taxas de mortalidade infantil (por mil nascidos vivos)"
3536901,"Pedranópolis",13.51351351,2022,"Longevidade",10.33,"Taxas de mortalidade infantil (por mil nascidos vivos)"
3536901,"Pedranópolis",12.98701299,2024,"Longevidade",11.16,"Taxas de mortalidade infantil (por mil nascidos vivos)"
3537008,"Pedregulho",11.62790698,2014,"Longevidade",11.45,"Taxas de mortalidade infantil (por mil nascidos vivos)"
3537008,"Pedregulho",10.51051051,2016,"Longevidade",10.76,"Taxas de mortalidade infantil (por mil nascidos vivos)"
3537008,"Pedregulho",9.756097561,2018,"Longevidade",10.78,"Taxas de mortalidade infantil (por mil nascidos vivos)"
3537008,"Pedregulho",4.991680532,2020,"Longevidade",10.47,"Taxas de mortalidade infantil (por mil nascidos vivos)"
3537008,"Pedregulho",8.503401361,2022,"Longevidade",10.33,"Taxas de mortalidade infantil (por mil nascidos vivos)"
3537008,"Pedregulho",14.571949,2024,"Longevidade",11.16,"Taxas de mortalidade infantil (por mil nascidos vivos)"
3537107,"Pedreira",4.06504065,2014,"Longevidade",11.45,"Taxas de mortalidade infantil (por mil nascidos vivos)"
3537107,"Pedreira",8.316008316,2016,"Longevidade",10.76,"Taxas de mortalidade infantil (por mil nascidos vivos)"
3537107,"Pedreira",5.657708628,2018,"Longevidade",10.78,"Taxas de mortalidade infantil (por mil nascidos vivos)"
3537107,"Pedreira",6.93962526,2020,"Longevidade",10.47,"Taxas de mortalidade infantil (por mil nascidos vivos)"
3537107,"Pedreira",8.639308855,2022,"Longevidade",10.33,"Taxas de mortalidade infantil (por mil nascidos vivos)"
3537107,"Pedreira",5.48696845,2024,"Longevidade",11.16,"Taxas de mortalidade infantil (por mil nascidos vivos)"
3537156,"Pedrinhas Paulista",5.988023952,2014,"Longevidade",11.45,"Taxas de mortalidade infantil (por mil nascidos vivos)"
3537156,"Pedrinhas Paulista",4.830917874,2022,"Longevidade",10.33,"Taxas de mortalidade infantil (por mil nascidos vivos)"
3537156,"Pedrinhas Paulista",9.174311927,2024,"Longevidade",11.16,"Taxas de mortalidade infantil (por mil nascidos vivos)"
3537206,"Pedro de Toledo",15.42416452,2014,"Longevidade",11.45,"Taxas de mortalidade infantil (por mil nascidos vivos)"
3537206,"Pedro de Toledo",11.08033241,2016,"Longevidade",10.76,"Taxas de mortalidade infantil (por mil nascidos vivos)"
3537206,"Pedro de Toledo",15.7480315,2018,"Longevidade",10.78,"Taxas de mortalidade infantil (por mil nascidos vivos)"
3537206,"Pedro de Toledo",12.7388535,2020,"Longevidade",10.47,"Taxas de mortalidade infantil (por mil nascidos vivos)"
3537206,"Pedro de Toledo",15.50387597,2022,"Longevidade",10.33,"Taxas de mortalidade infantil (por mil nascidos vivos)"
3537206,"Pedro de Toledo",19.45525292,2024,"Longevidade",11.16,"Taxas de mortalidade infantil (por mil nascidos vivos)"
3537305,"Penápolis",14.27933958,2014,"Longevidade",11.45,"Taxas de mortalidade infantil (por mil nascidos vivos)"
3537305,"Penápolis",10.72607261,2016,"Longevidade",10.76,"Taxas de mortalidade infantil (por mil nascidos vivos)"
3537305,"Penápolis",14.41899915,2018,"Longevidade",10.78,"Taxas de mortalidade infantil (por mil nascidos vivos)"
3537305,"Penápolis",10.89918256,2020,"Longevidade",10.47,"Taxas de mortalidade infantil (por mil nascidos vivos)"
3537305,"Penápolis",13.7254902,2022,"Longevidade",10.33,"Taxas de mortalidade infantil (por mil nascidos vivos)"
3537305,"Penápolis",20.98950525,2024,"Longevidade",11.16,"Taxas de mortalidade infantil (por mil nascidos vivos)"
3537404,"Pereira Barreto",14.25661914,2014,"Longevidade",11.45,"Taxas de mortalidade infantil (por mil nascidos vivos)"
3537404,"Pereira Barreto",12.67281106,2016,"Longevidade",10.76,"Taxas de mortalidade infantil (por mil nascidos vivos)"
3537404,"Pereira Barreto",10.2622577,2018,"Longevidade",10.78,"Taxas de mortalidade infantil (por mil nascidos vivos)"
3537404,"Pereira Barreto",15.68154403,2020,"Longevidade",10.47,"Taxas de mortalidade infantil (por mil nascidos vivos)"
3537404,"Pereira Barreto",15.69186876,2022,"Longevidade",10.33,"Taxas de mortalidade infantil (por mil nascidos vivos)"
3537404,"Pereira Barreto",9.063444109,2024,"Longevidade",11.16,"Taxas de mortalidade infantil (por mil nascidos vivos)"
3537503,"Pereiras",9.022556391,2014,"Longevidade",11.45,"Taxas de mortalidade infantil (por mil nascidos vivos)"
3537503,"Pereiras",11.204481790000001,2016,"Longevidade",10.76,"Taxas de mortalidade infantil (por mil nascidos vivos)"
3537503,"Pereiras",12.3119015,2018,"Longevidade",10.78,"Taxas de mortalidade infantil (por mil nascidos vivos)"
3537503,"Pereiras",15.93625498,2020,"Longevidade",10.47,"Taxas de mortalidade infantil (por mil nascidos vivos)"
3537503,"Pereiras",15.08916324,2022,"Longevidade",10.33,"Taxas de mortalidade infantil (por mil nascidos vivos)"
3537503,"Pereiras",12.08459215,2024,"Longevidade",11.16,"Taxas de mortalidade infantil (por mil nascidos vivos)"
3537602,"Peruíbe",13.89348329,2014,"Longevidade",11.45,"Taxas de mortalidade infantil (por mil nascidos vivos)"
3537602,"Peruíbe",14.09869084,2016,"Longevidade",10.76,"Taxas de mortalidade infantil (por mil nascidos vivos)"
3537602,"Peruíbe",15.00682128,2018,"Longevidade",10.78,"Taxas de mortalidade infantil (por mil nascidos vivos)"
3537602,"Peruíbe",12.48266297,2020,"Longevidade",10.47,"Taxas de mortalidade infantil (por mil nascidos vivos)"
3537602,"Peruíbe",8.947745168,2022,"Longevidade",10.33,"Taxas de mortalidade infantil (por mil nascidos vivos)"
3537602,"Peruíbe",13.04181051,2024,"Longevidade",11.16,"Taxas de mortalidade infantil (por mil nascidos vivos)"
3537701,"Piacatu",14.89361702,2014,"Longevidade",11.45,"Taxas de mortalidade infantil (por mil nascidos vivos)"
3537701,"Piacatu",26.54867257,2016,"Longevidade",10.76,"Taxas de mortalidade infantil (por mil nascidos vivos)"
3537701,"Piacatu",31.39013453,2018,"Longevidade",10.78,"Taxas de mortalidade infantil (por mil nascidos vivos)"
3537701,"Piacatu",31.47699758,2020,"Longevidade",10.47,"Taxas de mortalidade infantil (por mil nascidos vivos)"
3537701,"Piacatu",30.22670025,2022,"Longevidade",10.33,"Taxas de mortalidade infantil (por mil nascidos vivos)"
3537701,"Piacatu",21.73913043,2024,"Longevidade",11.16,"Taxas de mortalidade infantil (por mil nascidos vivos)"
3537800,"Piedade",15.59546314,2014,"Longevidade",11.45,"Taxas de mortalidade infantil (por mil nascidos vivos)"
3537800,"Piedade",12.72149023,2016,"Longevidade",10.76,"Taxas de mortalidade infantil (por mil nascidos vivos)"
3537800,"Piedade",11.29411765,2018,"Longevidade",10.78,"Taxas de mortalidade infantil (por mil nascidos vivos)"
3537800,"Piedade",9.290953545,2020,"Longevidade",10.47,"Taxas de mortalidade infantil (por mil nascidos vivos)"
3537800,"Piedade",9.375,2022,"Longevidade",10.33,"Taxas de mortalidade infantil (por mil nascidos vivos)"
3537800,"Piedade",11.9760479,2024,"Longevidade",11.16,"Taxas de mortalidade infantil (por mil nascidos vivos)"
3537909,"Pilar do Sul",14.92537313,2014,"Longevidade",11.45,"Taxas de mortalidade infantil (por mil nascidos vivos)"
3537909,"Pilar do Sul",15.61216105,2016,"Longevidade",10.76,"Taxas de mortalidade infantil (por mil nascidos vivos)"
3537909,"Pilar do Sul",15.28013582,2018,"Longevidade",10.78,"Taxas de mortalidade infantil (por mil nascidos vivos)"
3537909,"Pilar do Sul",9.243697479,2020,"Longevidade",10.47,"Taxas de mortalidade infantil (por mil nascidos vivos)"
3537909,"Pilar do Sul",10.48034934,2022,"Longevidade",10.33,"Taxas de mortalidade infantil (por mil nascidos vivos)"
3537909,"Pilar do Sul",13.55932203,2024,"Longevidade",11.16,"Taxas de mortalidade infantil (por mil nascidos vivos)"
3538006,"Pindamonhangaba",13.51549875,2014,"Longevidade",11.45,"Taxas de mortalidade infantil (por mil nascidos vivos)"
3538006,"Pindamonhangaba",11.69857186,2016,"Longevidade",10.76,"Taxas de mortalidade infantil (por mil nascidos vivos)"
3538006,"Pindamonhangaba",12.38109618,2018,"Longevidade",10.78,"Taxas de mortalidade infantil (por mil nascidos vivos)"
3538006,"Pindamonhangaba",10.62730627,2020,"Longevidade",10.47,"Taxas de mortalidade infantil (por mil nascidos vivos)"
3538006,"Pindamonhangaba",10.10415047,2022,"Longevidade",10.33,"Taxas de mortalidade infantil (por mil nascidos vivos)"
3538006,"Pindamonhangaba",9.467841985,2024,"Longevidade",11.16,"Taxas de mortalidade infantil (por mil nascidos vivos)"
3538105,"Pindorama",14.11290323,2014,"Longevidade",11.45,"Taxas de mortalidade infantil (por mil nascidos vivos)"
3538105,"Pindorama",6.578947368,2016,"Longevidade",10.76,"Taxas de mortalidade infantil (por mil nascidos vivos)"
3538105,"Pindorama",11.21076233,2018,"Longevidade",10.78,"Taxas de mortalidade infantil (por mil nascidos vivos)"
3538105,"Pindorama",14.52784504,2020,"Longevidade",10.47,"Taxas de mortalidade infantil (por mil nascidos vivos)"
3538105,"Pindorama",20.51282051,2022,"Longevidade",10.33,"Taxas de mortalidade infantil (por mil nascidos vivos)"
3538105,"Pindorama",2.777777778,2024,"Longevidade",11.16,"Taxas de mortalidade infantil (por mil nascidos vivos)"
3538204,"Pinhalzinho",11.11111111,2014,"Longevidade",11.45,"Taxas de mortalidade infantil (por mil nascidos vivos)"
3538204,"Pinhalzinho",6.41025641,2016,"Longevidade",10.76,"Taxas de mortalidade infantil (por mil nascidos vivos)"
3538204,"Pinhalzinho",10.84598698,2018,"Longevidade",10.78,"Taxas de mortalidade infantil (por mil nascidos vivos)"
3538204,"Pinhalzinho",6.072874494,2020,"Longevidade",10.47,"Taxas de mortalidade infantil (por mil nascidos vivos)"
3538204,"Pinhalzinho",11.16071429,2022,"Longevidade",10.33,"Taxas de mortalidade infantil (por mil nascidos vivos)"
3538204,"Pinhalzinho",8.968609865,2024,"Longevidade",11.16,"Taxas de mortalidade infantil (por mil nascidos vivos)"
3538303,"Piquerobi",3.875968992,2014,"Longevidade",11.45,"Taxas de mortalidade infantil (por mil nascidos vivos)"
3538303,"Piquerobi",8.928571429,2016,"Longevidade",10.76,"Taxas de mortalidade infantil (por mil nascidos vivos)"
3538303,"Piquerobi",13.27433628,2018,"Longevidade",10.78,"Taxas de mortalidade infantil (por mil nascidos vivos)"
3538303,"Piquerobi",9.900990099,2020,"Longevidade",10.47,"Taxas de mortalidade infantil (por mil nascidos vivos)"
3538303,"Piquerobi",5.102040816,2022,"Longevidade",10.33,"Taxas de mortalidade infantil (por mil nascidos vivos)"
3538303,"Piquerobi",4.424778761,2024,"Longevidade",11.16,"Taxas de mortalidade infantil (por mil nascidos vivos)"
3538501,"Piquete",14.25661914,2014,"Longevidade",11.45,"Taxas de mortalidade infantil (por mil nascidos vivos)"
3538501,"Piquete",10.86956522,2016,"Longevidade",10.76,"Taxas de mortalidade infantil (por mil nascidos vivos)"
3538501,"Piquete",11.03752759,2018,"Longevidade",10.78,"Taxas de mortalidade infantil (por mil nascidos vivos)"
3538501,"Piquete",7.317073171,2020,"Longevidade",10.47,"Taxas de mortalidade infantil (por mil nascidos vivos)"
3538501,"Piquete",5.509641873,2022,"Longevidade",10.33,"Taxas de mortalidade infantil (por mil nascidos vivos)"
3538501,"Piquete",6.134969325,2024,"Longevidade",11.16,"Taxas de mortalidade infantil (por mil nascidos vivos)"
3538600,"Piracaia",10.07049345,2014,"Longevidade",11.45,"Taxas de mortalidade infantil (por mil nascidos vivos)"
3538600,"Piracaia",11.52737752,2016,"Longevidade",10.76,"Taxas de mortalidade infantil (por mil nascidos vivos)"
3538600,"Piracaia",6.685768863,2018,"Longevidade",10.78,"Taxas de mortalidade infantil (por mil nascidos vivos)"
3538600,"Piracaia",5.994005994,2020,"Longevidade",10.47,"Taxas de mortalidade infantil (por mil nascidos vivos)"
3538600,"Piracaia",7.172131148,2022,"Longevidade",10.33,"Taxas de mortalidade infantil (por mil nascidos vivos)"
3538600,"Piracaia",11.71458999,2024,"Longevidade",11.16,"Taxas de mortalidade infantil (por mil nascidos vivos)"
3538709,"Piracicaba",11.0490221,2014,"Longevidade",11.45,"Taxas de mortalidade infantil (por mil nascidos vivos)"
3538709,"Piracicaba",10.31786721,2016,"Longevidade",10.76,"Taxas de mortalidade infantil (por mil nascidos vivos)"
3538709,"Piracicaba",9.854158455,2018,"Longevidade",10.78,"Taxas de mortalidade infantil (por mil nascidos vivos)"
3538709,"Piracicaba",10.42230644,2020,"Longevidade",10.47,"Taxas de mortalidade infantil (por mil nascidos vivos)"
3538709,"Piracicaba",10.51008969,2022,"Longevidade",10.33,"Taxas de mortalidade infantil (por mil nascidos vivos)"
3538709,"Piracicaba",10.84848049,2024,"Longevidade",11.16,"Taxas de mortalidade infantil (por mil nascidos vivos)"
3538808,"Piraju",11.62790698,2014,"Longevidade",11.45,"Taxas de mortalidade infantil (por mil nascidos vivos)"
3538808,"Piraju",8.007117438,2016,"Longevidade",10.76,"Taxas de mortalidade infantil (por mil nascidos vivos)"
3538808,"Piraju",6.463527239,2018,"Longevidade",10.78,"Taxas de mortalidade infantil (por mil nascidos vivos)"
3538808,"Piraju",13.27014218,2020,"Longevidade",10.47,"Taxas de mortalidade infantil (por mil nascidos vivos)"
3538808,"Piraju",12.2324159,2022,"Longevidade",10.33,"Taxas de mortalidade infantil (por mil nascidos vivos)"
3538808,"Piraju",8.130081301,2024,"Longevidade",11.16,"Taxas de mortalidade infantil (por mil nascidos vivos)"
3538907,"Pirajuí",17.75956284,2014,"Longevidade",11.45,"Taxas de mortalidade infantil (por mil nascidos vivos)"
3538907,"Pirajuí",20.83333333,2016,"Longevidade",10.76,"Taxas de mortalidade infantil (por mil nascidos vivos)"
3538907,"Pirajuí",21.6802168,2018,"Longevidade",10.78,"Taxas de mortalidade infantil (por mil nascidos vivos)"
3538907,"Pirajuí",21.67630058,2020,"Longevidade",10.47,"Taxas de mortalidade infantil (por mil nascidos vivos)"
3538907,"Pirajuí",8.532423208,2022,"Longevidade",10.33,"Taxas de mortalidade infantil (por mil nascidos vivos)"
3538907,"Pirajuí",5.309734513,2024,"Longevidade",11.16,"Taxas de mortalidade infantil (por mil nascidos vivos)"
3539004,"Pirangi",9.230769231,2014,"Longevidade",11.45,"Taxas de mortalidade infantil (por mil nascidos vivos)"
3539004,"Pirangi",5.66572238,2016,"Longevidade",10.76,"Taxas de mortalidade infantil (por mil nascidos vivos)"
3539004,"Pirangi",5.633802817,2018,"Longevidade",10.78,"Taxas de mortalidade infantil (por mil nascidos vivos)"
3539004,"Pirangi",5.464480874,2020,"Longevidade",10.47,"Taxas de mortalidade infantil (por mil nascidos vivos)"
3539004,"Pirangi",6.968641115,2024,"Longevidade",11.16,"Taxas de mortalidade infantil (por mil nascidos vivos)"
3539103,"Pirapora do Bom Jesus",10.9739369,2014,"Longevidade",11.45,"Taxas de mortalidade infantil (por mil nascidos vivos)"
3539103,"Pirapora do Bom Jesus",10.07556675,2016,"Longevidade",10.76,"Taxas de mortalidade infantil (por mil nascidos vivos)"
3539103,"Pirapora do Bom Jesus",9.888751545,2018,"Longevidade",10.78,"Taxas de mortalidade infantil (por mil nascidos vivos)"
3539103,"Pirapora do Bom Jesus",11.23595506,2020,"Longevidade",10.47,"Taxas de mortalidade infantil (por mil nascidos vivos)"
3539103,"Pirapora do Bom Jesus",9.615384615,2022,"Longevidade",10.33,"Taxas de mortalidade infantil (por mil nascidos vivos)"
3539103,"Pirapora do Bom Jesus",16.03498542,2024,"Longevidade",11.16,"Taxas de mortalidade infantil (por mil nascidos vivos)"
3539202,"Pirapozinho",13.65546218,2014,"Longevidade",11.45,"Taxas de mortalidade infantil (por mil nascidos vivos)"
3539202,"Pirapozinho",13.26530612,2016,"Longevidade",10.76,"Taxas de mortalidade infantil (por mil nascidos vivos)"
3539202,"Pirapozinho",13.30603889,2018,"Longevidade",10.78,"Taxas de mortalidade infantil (por mil nascidos vivos)"
3539202,"Pirapozinho",11.11111111,2020,"Longevidade",10.47,"Taxas de mortalidade infantil (por mil nascidos vivos)"
3539202,"Pirapozinho",9.975062344,2022,"Longevidade",10.33,"Taxas de mortalidade infantil (por mil nascidos vivos)"
3539202,"Pirapozinho",10.26957638,2024,"Longevidade",11.16,"Taxas de mortalidade infantil (por mil nascidos vivos)"
3539301,"Pirassununga",10.14436208,2014,"Longevidade",11.45,"Taxas de mortalidade infantil (por mil nascidos vivos)"
3539301,"Pirassununga",8.643367155,2016,"Longevidade",10.76,"Taxas de mortalidade infantil (por mil nascidos vivos)"
3539301,"Pirassununga",11.32502831,2018,"Longevidade",10.78,"Taxas de mortalidade infantil (por mil nascidos vivos)"
3539301,"Pirassununga",8.540372671,2020,"Longevidade",10.47,"Taxas de mortalidade infantil (por mil nascidos vivos)"
3539301,"Pirassununga",6.313131313,2022,"Longevidade",10.33,"Taxas de mortalidade infantil (por mil nascidos vivos)"
3539301,"Pirassununga",11.35847342,2024,"Longevidade",11.16,"Taxas de mortalidade infantil (por mil nascidos vivos)"
3539400,"Piratininga",9.487666034,2014,"Longevidade",11.45,"Taxas de mortalidade infantil (por mil nascidos vivos)"
3539400,"Piratininga",5.836575875,2016,"Longevidade",10.76,"Taxas de mortalidade infantil (por mil nascidos vivos)"
3539400,"Piratininga",7.326007326,2018,"Longevidade",10.78,"Taxas de mortalidade infantil (por mil nascidos vivos)"
3539400,"Piratininga",5.649717514,2020,"Longevidade",10.47,"Taxas de mortalidade infantil (por mil nascidos vivos)"
3539400,"Piratininga",2.028397566,2022,"Longevidade",10.33,"Taxas de mortalidade infantil (por mil nascidos vivos)"
3539400,"Piratininga",4.405286344,2024,"Longevidade",11.16,"Taxas de mortalidade infantil (por mil nascidos vivos)"
3539509,"Pitangueiras",9.395973154,2014,"Longevidade",11.45,"Taxas de mortalidade infantil (por mil nascidos vivos)"
3539509,"Pitangueiras",7.062146893,2016,"Longevidade",10.76,"Taxas de mortalidade infantil (por mil nascidos vivos)"
3539509,"Pitangueiras",10.86956522,2018,"Longevidade",10.78,"Taxas de mortalidade infantil (por mil nascidos vivos)"
3539509,"Pitangueiras",11.89591078,2020,"Longevidade",10.47,"Taxas de mortalidade infantil (por mil nascidos vivos)"
3539509,"Pitangueiras",5.586592179,2022,"Longevidade",10.33,"Taxas de mortalidade infantil (por mil nascidos vivos)"
3539509,"Pitangueiras",10.30042918,2024,"Longevidade",11.16,"Taxas de mortalidade infantil (por mil nascidos vivos)"
3539608,"Planalto",4.132231405,2014,"Longevidade",11.45,"Taxas de mortalidade infantil (por mil nascidos vivos)"
3539608,"Planalto",6.198347107,2016,"Longevidade",10.76,"Taxas de mortalidade infantil (por mil nascidos vivos)"
3539608,"Planalto",8.032128514,2018,"Longevidade",10.78,"Taxas de mortalidade infantil (por mil nascidos vivos)"
3539608,"Planalto",6.237006237,2020,"Longevidade",10.47,"Taxas de mortalidade infantil (por mil nascidos vivos)"
3539608,"Planalto",6.833712984,2022,"Longevidade",10.33,"Taxas de mortalidade infantil (por mil nascidos vivos)"
3539608,"Planalto",8.2191780820000009,2024,"Longevidade",11.16,"Taxas de mortalidade infantil (por mil nascidos vivos)"
3539707,"Platina",11.79941003,2014,"Longevidade",11.45,"Taxas de mortalidade infantil (por mil nascidos vivos)"
3539707,"Platina",12.5,2016,"Longevidade",10.76,"Taxas de mortalidade infantil (por mil nascidos vivos)"
3539707,"Platina",16.02564103,2018,"Longevidade",10.78,"Taxas de mortalidade infantil (por mil nascidos vivos)"
3539707,"Platina",19.73684211,2020,"Longevidade",10.47,"Taxas de mortalidade infantil (por mil nascidos vivos)"
3539707,"Platina",22.55639098,2022,"Longevidade",10.33,"Taxas de mortalidade infantil (por mil nascidos vivos)"
3539707,"Platina",15.38461538,2024,"Longevidade",11.16,"Taxas de mortalidade infantil (por mil nascidos vivos)"
3539806,"Poá",13.13841599,2014,"Longevidade",11.45,"Taxas de mortalidade infantil (por mil nascidos vivos)"
3539806,"Poá",13.48359831,2016,"Longevidade",10.76,"Taxas de mortalidade infantil (por mil nascidos vivos)"
3539806,"Poá",12.67095736,2018,"Longevidade",10.78,"Taxas de mortalidade infantil (por mil nascidos vivos)"
3539806,"Poá",10.80050826,2020,"Longevidade",10.47,"Taxas de mortalidade infantil (por mil nascidos vivos)"
3539806,"Poá",11.53846154,2022,"Longevidade",10.33,"Taxas de mortalidade infantil (por mil nascidos vivos)"
3539806,"Poá",13.29243354,2024,"Longevidade",11.16,"Taxas de mortalidade infantil (por mil nascidos vivos)"
3539905,"Poloni",4.201680672,2014,"Longevidade",11.45,"Taxas de mortalidade infantil (por mil nascidos vivos)"
3539905,"Poloni",4.338394794,2016,"Longevidade",10.76,"Taxas de mortalidade infantil (por mil nascidos vivos)"
3539905,"Poloni",4.273504274,2018,"Longevidade",10.78,"Taxas de mortalidade infantil (por mil nascidos vivos)"
3539905,"Poloni",6.396588486,2020,"Longevidade",10.47,"Taxas de mortalidade infantil (por mil nascidos vivos)"
3539905,"Poloni",4.376367615,2022,"Longevidade",10.33,"Taxas de mortalidade infantil (por mil nascidos vivos)"
3539905,"Poloni",4.555808656,2024,"Longevidade",11.16,"Taxas de mortalidade infantil (por mil nascidos vivos)"
3540002,"Pompéia",12.97016861,2014,"Longevidade",11.45,"Taxas de mortalidade infantil (por mil nascidos vivos)"
3540002,"Pompéia",20.88772846,2016,"Longevidade",10.76,"Taxas de mortalidade infantil (por mil nascidos vivos)"
3540002,"Pompéia",20.10723861,2018,"Longevidade",10.78,"Taxas de mortalidade infantil (por mil nascidos vivos)"
3540002,"Pompéia",8.78477306,2020,"Longevidade",10.47,"Taxas de mortalidade infantil (por mil nascidos vivos)"
3540002,"Pompéia",8,2022,"Longevidade",10.33,"Taxas de mortalidade infantil (por mil nascidos vivos)"
3540002,"Pompéia",9.884678748,2024,"Longevidade",11.16,"Taxas de mortalidade infantil (por mil nascidos vivos)"
3540101,"Pongaí",4.464285714,2014,"Longevidade",11.45,"Taxas de mortalidade infantil (por mil nascidos vivos)"
3540101,"Pongaí",17.85714286,2016,"Longevidade",10.76,"Taxas de mortalidade infantil (por mil nascidos vivos)"
3540101,"Pongaí",17.0212766,2018,"Longevidade",10.78,"Taxas de mortalidade infantil (por mil nascidos vivos)"
3540101,"Pongaí",17.31601732,2020,"Longevidade",10.47,"Taxas de mortalidade infantil (por mil nascidos vivos)"
3540101,"Pongaí",4.761904762,2022,"Longevidade",10.33,"Taxas de mortalidade infantil (por mil nascidos vivos)"
3540200,"Pontal",19.24198251,2014,"Longevidade",11.45,"Taxas de mortalidade infantil (por mil nascidos vivos)"
3540200,"Pontal",7.705986959,2016,"Longevidade",10.76,"Taxas de mortalidade infantil (por mil nascidos vivos)"
3540200,"Pontal",7.8125,2018,"Longevidade",10.78,"Taxas de mortalidade infantil (por mil nascidos vivos)"
3540200,"Pontal",11.03617413,2020,"Longevidade",10.47,"Taxas de mortalidade infantil (por mil nascidos vivos)"
3540200,"Pontal",11.42473118,2022,"Longevidade",10.33,"Taxas de mortalidade infantil (por mil nascidos vivos)"
3540200,"Pontal",14.06469761,2024,"Longevidade",11.16,"Taxas de mortalidade infantil (por mil nascidos vivos)"
3540259,"Pontalinda",21.07728337,2014,"Longevidade",11.45,"Taxas de mortalidade infantil (por mil nascidos vivos)"
3540259,"Pontalinda",20.77922078,2016,"Longevidade",10.76,"Taxas de mortalidade infantil (por mil nascidos vivos)"
3540259,"Pontalinda",17.67676768,2018,"Longevidade",10.78,"Taxas de mortalidade infantil (por mil nascidos vivos)"
3540259,"Pontalinda",5.18134715,2020,"Longevidade",10.47,"Taxas de mortalidade infantil (por mil nascidos vivos)"
3540259,"Pontalinda",8.426966292,2022,"Longevidade",10.33,"Taxas de mortalidade infantil (por mil nascidos vivos)"
3540259,"Pontalinda",8.695652174,2024,"Longevidade",11.16,"Taxas de mortalidade infantil (por mil nascidos vivos)"
3540408,"Populina",20.17291066,2014,"Longevidade",11.45,"Taxas de mortalidade infantil (por mil nascidos vivos)"
3540408,"Populina",22.29299363,2016,"Longevidade",10.76,"Taxas de mortalidade infantil (por mil nascidos vivos)"
3540408,"Populina",26.14379085,2018,"Longevidade",10.78,"Taxas de mortalidade infantil (por mil nascidos vivos)"
3540408,"Populina",16.72240803,2020,"Longevidade",10.47,"Taxas de mortalidade infantil (por mil nascidos vivos)"
3540408,"Populina",17.98561151,2022,"Longevidade",10.33,"Taxas de mortalidade infantil (por mil nascidos vivos)"
3540408,"Populina",16.39344262,2024,"Longevidade",11.16,"Taxas de mortalidade infantil (por mil nascidos vivos)"
3540507,"Porangaba",11.2,2014,"Longevidade",11.45,"Taxas de mortalidade infantil (por mil nascidos vivos)"
3540507,"Porangaba",9.118541033,2016,"Longevidade",10.76,"Taxas de mortalidade infantil (por mil nascidos vivos)"
3540507,"Porangaba",9.146341463,2018,"Longevidade",10.78,"Taxas de mortalidade infantil (por mil nascidos vivos)"
3540507,"Porangaba",10.73619632,2020,"Longevidade",10.47,"Taxas de mortalidade infantil (por mil nascidos vivos)"
3540507,"Porangaba",14.86988848,2022,"Longevidade",10.33,"Taxas de mortalidade infantil (por mil nascidos vivos)"
3540507,"Porangaba",3.610108303,2024,"Longevidade",11.16,"Taxas de mortalidade infantil (por mil nascidos vivos)"
3540606,"Porto Feliz",14.24501425,2014,"Longevidade",11.45,"Taxas de mortalidade infantil (por mil nascidos vivos)"
3540606,"Porto Feliz",9.345794393,2016,"Longevidade",10.76,"Taxas de mortalidade infantil (por mil nascidos vivos)"
3540606,"Porto Feliz",10.55155875,2018,"Longevidade",10.78,"Taxas de mortalidade infantil (por mil nascidos vivos)"
3540606,"Porto Feliz",14.01643306,2020,"Longevidade",10.47,"Taxas de mortalidade infantil (por mil nascidos vivos)"
3540606,"Porto Feliz",6.227296316,2022,"Longevidade",10.33,"Taxas de mortalidade infantil (por mil nascidos vivos)"
3540606,"Porto Feliz",8.144269924,2024,"Longevidade",11.16,"Taxas de mortalidade infantil (por mil nascidos vivos)"
3540705,"Porto Ferreira",11.52882206,2014,"Longevidade",11.45,"Taxas de mortalidade infantil (por mil nascidos vivos)"
3540705,"Porto Ferreira",5.42888165,2016,"Longevidade",10.76,"Taxas de mortalidade infantil (por mil nascidos vivos)"
3540705,"Porto Ferreira",3.914988814,2018,"Longevidade",10.78,"Taxas de mortalidade infantil (por mil nascidos vivos)"
3540705,"Porto Ferreira",9.248554913,2020,"Longevidade",10.47,"Taxas de mortalidade infantil (por mil nascidos vivos)"
3540705,"Porto Ferreira",15.80547112,2022,"Longevidade",10.33,"Taxas de mortalidade infantil (por mil nascidos vivos)"
3540705,"Porto Ferreira",8.463541667,2024,"Longevidade",11.16,"Taxas de mortalidade infantil (por mil nascidos vivos)"
3540754,"Potim",19.7044335,2014,"Longevidade",11.45,"Taxas de mortalidade infantil (por mil nascidos vivos)"
3540754,"Potim",17.94871795,2016,"Longevidade",10.76,"Taxas de mortalidade infantil (por mil nascidos vivos)"
3540754,"Potim",16.77419355,2018,"Longevidade",10.78,"Taxas de mortalidade infantil (por mil nascidos vivos)"
3540754,"Potim",9.421265141,2020,"Longevidade",10.47,"Taxas de mortalidade infantil (por mil nascidos vivos)"
3540754,"Potim",12.11305518,2022,"Longevidade",10.33,"Taxas de mortalidade infantil (por mil nascidos vivos)"
3540754,"Potim",8.955223881,2024,"Longevidade",11.16,"Taxas de mortalidade infantil (por mil nascidos vivos)"
3540804,"Potirendaba",12.61829653,2014,"Longevidade",11.45,"Taxas de mortalidade infantil (por mil nascidos vivos)"
3540804,"Potirendaba",8.995502249,2016,"Longevidade",10.76,"Taxas de mortalidade infantil (por mil nascidos vivos)"
3540804,"Potirendaba",6.163328197,2018,"Longevidade",10.78,"Taxas de mortalidade infantil (por mil nascidos vivos)"
3540804,"Potirendaba",12.65822785,2020,"Longevidade",10.47,"Taxas de mortalidade infantil (por mil nascidos vivos)"
3540804,"Potirendaba",12.90322581,2022,"Longevidade",10.33,"Taxas de mortalidade infantil (por mil nascidos vivos)"
3540804,"Potirendaba",5.110732538,2024,"Longevidade",11.16,"Taxas de mortalidade infantil (por mil nascidos vivos)"
3540853,"Pracinha",10.20408163,2020,"Longevidade",10.47,"Taxas de mortalidade infantil (por mil nascidos vivos)"
3540853,"Pracinha",10.52631579,2022,"Longevidade",10.33,"Taxas de mortalidade infantil (por mil nascidos vivos)"
3540853,"Pracinha",10.30927835,2024,"Longevidade",11.16,"Taxas de mortalidade infantil (por mil nascidos vivos)"
3540903,"Pradópolis",5.988023952,2014,"Longevidade",11.45,"Taxas de mortalidade infantil (por mil nascidos vivos)"
3540903,"Pradópolis",3.120124805,2016,"Longevidade",10.76,"Taxas de mortalidade infantil (por mil nascidos vivos)"
3540903,"Pradópolis",4.601226994,2018,"Longevidade",10.78,"Taxas de mortalidade infantil (por mil nascidos vivos)"
3540903,"Pradópolis",19.13875598,2020,"Longevidade",10.47,"Taxas de mortalidade infantil (por mil nascidos vivos)"
3540903,"Pradópolis",18.90359168,2022,"Longevidade",10.33,"Taxas de mortalidade infantil (por mil nascidos vivos)"
3540903,"Pradópolis",10,2024,"Longevidade",11.16,"Taxas de mortalidade infantil (por mil nascidos vivos)"
3541000,"Praia Grande",13.21887108,2014,"Longevidade",11.45,"Taxas de mortalidade infantil (por mil nascidos vivos)"
3541000,"Praia Grande",14.72016738,2016,"Longevidade",10.76,"Taxas de mortalidade infantil (por mil nascidos vivos)"
3541000,"Praia Grande",13.38588533,2018,"Longevidade",10.78,"Taxas de mortalidade infantil (por mil nascidos vivos)"
3541000,"Praia Grande",13.41361177,2020,"Longevidade",10.47,"Taxas de mortalidade infantil (por mil nascidos vivos)"
3541000,"Praia Grande",11.31398252,2022,"Longevidade",10.33,"Taxas de mortalidade infantil (por mil nascidos vivos)"
3541000,"Praia Grande",12.04719861,2024,"Longevidade",11.16,"Taxas de mortalidade infantil (por mil nascidos vivos)"
3541059,"Pratânia",5.780346821,2014,"Longevidade",11.45,"Taxas de mortalidade infantil (por mil nascidos vivos)"
3541059,"Pratânia",5.494505495,2016,"Longevidade",10.76,"Taxas de mortalidade infantil (por mil nascidos vivos)"
3541059,"Pratânia",5.524861878,2018,"Longevidade",10.78,"Taxas de mortalidade infantil (por mil nascidos vivos)"
3541059,"Pratânia",2.057613169,2020,"Longevidade",10.47,"Taxas de mortalidade infantil (por mil nascidos vivos)"
3541059,"Pratânia",9.345794393,2024,"Longevidade",11.16,"Taxas de mortalidade infantil (por mil nascidos vivos)"
3541109,"Presidente Alves",5.291005291,2014,"Longevidade",11.45,"Taxas de mortalidade infantil (por mil nascidos vivos)"
3541109,"Presidente Alves",3.012048193,2020,"Longevidade",10.47,"Taxas de mortalidade infantil (por mil nascidos vivos)"
3541109,"Presidente Alves",6.644518272,2022,"Longevidade",10.33,"Taxas de mortalidade infantil (por mil nascidos vivos)"
3541109,"Presidente Alves",10.75268817,2024,"Longevidade",11.16,"Taxas de mortalidade infantil (por mil nascidos vivos)"
3541208,"Presidente Bernardes",8.086253369,2014,"Longevidade",11.45,"Taxas de mortalidade infantil (por mil nascidos vivos)"
3541208,"Presidente Bernardes",10.47120419,2016,"Longevidade",10.76,"Taxas de mortalidade infantil (por mil nascidos vivos)"
3541208,"Presidente Bernardes",18.13471503,2018,"Longevidade",10.78,"Taxas de mortalidade infantil (por mil nascidos vivos)"
3541208,"Presidente Bernardes",16.2601626,2020,"Longevidade",10.47,"Taxas de mortalidade infantil (por mil nascidos vivos)"
3541208,"Presidente Bernardes",8.695652174,2022,"Longevidade",10.33,"Taxas de mortalidade infantil (por mil nascidos vivos)"
3541208,"Presidente Bernardes",15.87301587,2024,"Longevidade",11.16,"Taxas de mortalidade infantil (por mil nascidos vivos)"
3541307,"Presidente Epitácio",13.04347826,2014,"Longevidade",11.45,"Taxas de mortalidade infantil (por mil nascidos vivos)"
3541307,"Presidente Epitácio",8.928571429,2016,"Longevidade",10.76,"Taxas de mortalidade infantil (por mil nascidos vivos)"
3541307,"Presidente Epitácio",13.5301353,2018,"Longevidade",10.78,"Taxas de mortalidade infantil (por mil nascidos vivos)"
3541307,"Presidente Epitácio",14.92537313,2020,"Longevidade",10.47,"Taxas de mortalidade infantil (por mil nascidos vivos)"
3541307,"Presidente Epitácio",10.96319499,2022,"Longevidade",10.33,"Taxas de mortalidade infantil (por mil nascidos vivos)"
3541307,"Presidente Epitácio",15.8870256,2024,"Longevidade",11.16,"Taxas de mortalidade infantil (por mil nascidos vivos)"
3541406,"Presidente Prudente",12.1907061,2014,"Longevidade",11.45,"Taxas de mortalidade infantil (por mil nascidos vivos)"
3541406,"Presidente Prudente",10.60230092,2016,"Longevidade",10.76,"Taxas de mortalidade infantil (por mil nascidos vivos)"
3541406,"Presidente Prudente",11.9566432,2018,"Longevidade",10.78,"Taxas de mortalidade infantil (por mil nascidos vivos)"
3541406,"Presidente Prudente",10.01430615,2020,"Longevidade",10.47,"Taxas de mortalidade infantil (por mil nascidos vivos)"
3541406,"Presidente Prudente",11.2911796,2022,"Longevidade",10.33,"Taxas de mortalidade infantil (por mil nascidos vivos)"
3541406,"Presidente Prudente",10.33230941,2024,"Longevidade",11.16,"Taxas de mortalidade infantil (por mil nascidos vivos)"
3541505,"Presidente Venceslau",6.349206349,2014,"Longevidade",11.45,"Taxas de mortalidade infantil (por mil nascidos vivos)"
3541505,"Presidente Venceslau",12.07729469,2016,"Longevidade",10.76,"Taxas de mortalidade infantil (por mil nascidos vivos)"
3541505,"Presidente Venceslau",8.196721311,2018,"Longevidade",10.78,"Taxas de mortalidade infantil (por mil nascidos vivos)"
3541505,"Presidente Venceslau",7.233273056,2020,"Longevidade",10.47,"Taxas de mortalidade infantil (por mil nascidos vivos)"
3541505,"Presidente Venceslau",9.365244537,2022,"Longevidade",10.33,"Taxas de mortalidade infantil (por mil nascidos vivos)"
3541505,"Presidente Venceslau",9.478672986,2024,"Longevidade",11.16,"Taxas de mortalidade infantil (por mil nascidos vivos)"
3541604,"Promissão",10.92150171,2014,"Longevidade",11.45,"Taxas de mortalidade infantil (por mil nascidos vivos)"
3541604,"Promissão",12.64880952,2016,"Longevidade",10.76,"Taxas de mortalidade infantil (por mil nascidos vivos)"
3541604,"Promissão",12.41272304,2018,"Longevidade",10.78,"Taxas de mortalidade infantil (por mil nascidos vivos)"
3541604,"Promissão",5.586592179,2020,"Longevidade",10.47,"Taxas de mortalidade infantil (por mil nascidos vivos)"
3541604,"Promissão",7.174887892,2022,"Longevidade",10.33,"Taxas de mortalidade infantil (por mil nascidos vivos)"
3541604,"Promissão",14.92537313,2024,"Longevidade",11.16,"Taxas de mortalidade infantil (por mil nascidos vivos)"
3541653,"Quadra",18.86792453,2014,"Longevidade",11.45,"Taxas de mortalidade infantil (por mil nascidos vivos)"
3541653,"Quadra",17.00680272,2016,"Longevidade",10.76,"Taxas de mortalidade infantil (por mil nascidos vivos)"
3541653,"Quadra",10.23890785,2018,"Longevidade",10.78,"Taxas de mortalidade infantil (por mil nascidos vivos)"
3541653,"Quadra",6.968641115,2020,"Longevidade",10.47,"Taxas de mortalidade infantil (por mil nascidos vivos)"
3541653,"Quadra",6.349206349,2022,"Longevidade",10.33,"Taxas de mortalidade infantil (por mil nascidos vivos)"
3541653,"Quadra",3.496503497,2024,"Longevidade",11.16,"Taxas de mortalidade infantil (por mil nascidos vivos)"
3541703,"Quatá",11.27819549,2014,"Longevidade",11.45,"Taxas de mortalidade infantil (por mil nascidos vivos)"
3541703,"Quatá",5.847953216,2016,"Longevidade",10.76,"Taxas de mortalidade infantil (por mil nascidos vivos)"
3541703,"Quatá",10.26694045,2018,"Longevidade",10.78,"Taxas de mortalidade infantil (por mil nascidos vivos)"
3541703,"Quatá",15.56420233,2020,"Longevidade",10.47,"Taxas de mortalidade infantil (por mil nascidos vivos)"
3541703,"Quatá",19.06779661,2022,"Longevidade",10.33,"Taxas de mortalidade infantil (por mil nascidos vivos)"
3541703,"Quatá",9.456264775,2024,"Longevidade",11.16,"Taxas de mortalidade infantil (por mil nascidos vivos)"
3541802,"Queiroz",3.597122302,2014,"Longevidade",11.45,"Taxas de mortalidade infantil (por mil nascidos vivos)"
3541802,"Queiroz",6.25,2016,"Longevidade",10.76,"Taxas de mortalidade infantil (por mil nascidos vivos)"
3541802,"Queiroz",5.847953216,2018,"Longevidade",10.78,"Taxas de mortalidade infantil (por mil nascidos vivos)"
3541802,"Queiroz",5.899705015,2020,"Longevidade",10.47,"Taxas de mortalidade infantil (por mil nascidos vivos)"
3541802,"Queiroz",5.277044855,2022,"Longevidade",10.33,"Taxas de mortalidade infantil (por mil nascidos vivos)"
3541802,"Queiroz",5.464480874,2024,"Longevidade",11.16,"Taxas de mortalidade infantil (por mil nascidos vivos)"
3541901,"Queluz",19.66292135,2014,"Longevidade",11.45,"Taxas de mortalidade infantil (por mil nascidos vivos)"
3541901,"Queluz",13.73626374,2016,"Longevidade",10.76,"Taxas de mortalidade infantil (por mil nascidos vivos)"
3541901,"Queluz",10.44386423,2018,"Longevidade",10.78,"Taxas de mortalidade infantil (por mil nascidos vivos)"
3541901,"Queluz",16.85393258,2020,"Longevidade",10.47,"Taxas de mortalidade infantil (por mil nascidos vivos)"
3541901,"Queluz",10.65088757,2022,"Longevidade",10.33,"Taxas de mortalidade infantil (por mil nascidos vivos)"
3541901,"Queluz",10.33591731,2024,"Longevidade",11.16,"Taxas de mortalidade infantil (por mil nascidos vivos)"
3542008,"Quintana",11.9047619,2014,"Longevidade",11.45,"Taxas de mortalidade infantil (por mil nascidos vivos)"
3542008,"Quintana",18.58736059,2016,"Longevidade",10.76,"Taxas de mortalidade infantil (por mil nascidos vivos)"
3542008,"Quintana",19.60784314,2018,"Longevidade",10.78,"Taxas de mortalidade infantil (por mil nascidos vivos)"
3542008,"Quintana",18.24212272,2020,"Longevidade",10.47,"Taxas de mortalidade infantil (por mil nascidos vivos)"
3542008,"Quintana",11.32686084,2022,"Longevidade",10.33,"Taxas de mortalidade infantil (por mil nascidos vivos)"
3542008,"Quintana",14.37699681,2024,"Longevidade",11.16,"Taxas de mortalidade infantil (por mil nascidos vivos)"
3542107,"Rafard",13.85390428,2014,"Longevidade",11.45,"Taxas de mortalidade infantil (por mil nascidos vivos)"
3542107,"Rafard",11.00412655,2016,"Longevidade",10.76,"Taxas de mortalidade infantil (por mil nascidos vivos)"
3542107,"Rafard",9.602194787,2018,"Longevidade",10.78,"Taxas de mortalidade infantil (por mil nascidos vivos)"
3542107,"Rafard",7.802340702,2020,"Longevidade",10.47,"Taxas de mortalidade infantil (por mil nascidos vivos)"
3542107,"Rafard",7.662835249,2022,"Longevidade",10.33,"Taxas de mortalidade infantil (por mil nascidos vivos)"
3542107,"Rafard",7.481296758,2024,"Longevidade",11.16,"Taxas de mortalidade infantil (por mil nascidos vivos)"
3542206,"Rancharia",11.24567474,2014,"Longevidade",11.45,"Taxas de mortalidade infantil (por mil nascidos vivos)"
3542206,"Rancharia",17.67676768,2016,"Longevidade",10.76,"Taxas de mortalidade infantil (por mil nascidos vivos)"
3542206,"Rancharia",15.03759398,2018,"Longevidade",10.78,"Taxas de mortalidade infantil (por mil nascidos vivos)"
3542206,"Rancharia",14.54545455,2020,"Longevidade",10.47,"Taxas de mortalidade infantil (por mil nascidos vivos)"
3542206,"Rancharia",16.2601626,2022,"Longevidade",10.33,"Taxas de mortalidade infantil (por mil nascidos vivos)"
3542206,"Rancharia",9.708737864,2024,"Longevidade",11.16,"Taxas de mortalidade infantil (por mil nascidos vivos)"
3542305,"Redenção da Serra",15.52795031,2014,"Longevidade",11.45,"Taxas de mortalidade infantil (por mil nascidos vivos)"
3542305,"Redenção da Serra",9.202453988,2016,"Longevidade",10.76,"Taxas de mortalidade infantil (por mil nascidos vivos)"
3542305,"Redenção da Serra",6.153846154,2018,"Longevidade",10.78,"Taxas de mortalidade infantil (por mil nascidos vivos)"
3542305,"Redenção da Serra",6.006006006,2020,"Longevidade",10.47,"Taxas de mortalidade infantil (por mil nascidos vivos)"
3542305,"Redenção da Serra",9.174311927,2022,"Longevidade",10.33,"Taxas de mortalidade infantil (por mil nascidos vivos)"
3542305,"Redenção da Serra",11.9760479,2024,"Longevidade",11.16,"Taxas de mortalidade infantil (por mil nascidos vivos)"
3542404,"Regente Feijó",17.09401709,2014,"Longevidade",11.45,"Taxas de mortalidade infantil (por mil nascidos vivos)"
3542404,"Regente Feijó",6.983240223,2016,"Longevidade",10.76,"Taxas de mortalidade infantil (por mil nascidos vivos)"
3542404,"Regente Feijó",5.657708628,2018,"Longevidade",10.78,"Taxas de mortalidade infantil (por mil nascidos vivos)"
3542404,"Regente Feijó",9.132420091,2020,"Longevidade",10.47,"Taxas de mortalidade infantil (por mil nascidos vivos)"
3542404,"Regente Feijó",11.62790698,2022,"Longevidade",10.33,"Taxas de mortalidade infantil (por mil nascidos vivos)"
3542404,"Regente Feijó",17.43264659,2024,"Longevidade",11.16,"Taxas de mortalidade infantil (por mil nascidos vivos)"
3542503,"Reginópolis",18.47575058,2014,"Longevidade",11.45,"Taxas de mortalidade infantil (por mil nascidos vivos)"
3542503,"Reginópolis",12.93103448,2016,"Longevidade",10.76,"Taxas de mortalidade infantil (por mil nascidos vivos)"
3542503,"Reginópolis",13.48314607,2018,"Longevidade",10.78,"Taxas de mortalidade infantil (por mil nascidos vivos)"
3542503,"Reginópolis",7.042253521,2020,"Longevidade",10.47,"Taxas de mortalidade infantil (por mil nascidos vivos)"
3542503,"Reginópolis",4.975124378,2022,"Longevidade",10.33,"Taxas de mortalidade infantil (por mil nascidos vivos)"
3542503,"Reginópolis",9.501187648,2024,"Longevidade",11.16,"Taxas de mortalidade infantil (por mil nascidos vivos)"
3542602,"Registro",16.49175412,2014,"Longevidade",11.45,"Taxas de mortalidade infantil (por mil nascidos vivos)"
3542602,"Registro",9.309542281,2016,"Longevidade",10.76,"Taxas de mortalidade infantil (por mil nascidos vivos)"
3542602,"Registro",9.240658899,2018,"Longevidade",10.78,"Taxas de mortalidade infantil (por mil nascidos vivos)"
3542602,"Registro",12.11631664,2020,"Longevidade",10.47,"Taxas de mortalidade infantil (por mil nascidos vivos)"
3542602,"Registro",10.75268817,2022,"Longevidade",10.33,"Taxas de mortalidade infantil (por mil nascidos vivos)"
3542602,"Registro",13.48210135,2024,"Longevidade",11.16,"Taxas de mortalidade infantil (por mil nascidos vivos)"
3542701,"Restinga",7.853403141,2014,"Longevidade",11.45,"Taxas de mortalidade infantil (por mil nascidos vivos)"
3542701,"Restinga",10.47120419,2016,"Longevidade",10.76,"Taxas de mortalidade infantil (por mil nascidos vivos)"
3542701,"Restinga",11.47959184,2018,"Longevidade",10.78,"Taxas de mortalidade infantil (por mil nascidos vivos)"
3542701,"Restinga",12.85347044,2020,"Longevidade",10.47,"Taxas de mortalidade infantil (por mil nascidos vivos)"
3542701,"Restinga",16.32653061,2022,"Longevidade",10.33,"Taxas de mortalidade infantil (por mil nascidos vivos)"
3542701,"Restinga",16.46706587,2024,"Longevidade",11.16,"Taxas de mortalidade infantil (por mil nascidos vivos)"
3542800,"Ribeira",18.69158879,2014,"Longevidade",11.45,"Taxas de mortalidade infantil (por mil nascidos vivos)"
3542800,"Ribeira",13.1147541,2016,"Longevidade",10.76,"Taxas de mortalidade infantil (por mil nascidos vivos)"
3542800,"Ribeira",13.74570447,2018,"Longevidade",10.78,"Taxas de mortalidade infantil (por mil nascidos vivos)"
3542800,"Ribeira",10.06711409,2020,"Longevidade",10.47,"Taxas de mortalidade infantil (por mil nascidos vivos)"
3542800,"Ribeira",3.424657534,2022,"Longevidade",10.33,"Taxas de mortalidade infantil (por mil nascidos vivos)"
3542800,"Ribeira",14.49275362,2024,"Longevidade",11.16,"Taxas de mortalidade infantil (por mil nascidos vivos)"
3542909,"Ribeirão Bonito",11.51631478,2014,"Longevidade",11.45,"Taxas de mortalidade infantil (por mil nascidos vivos)"
3542909,"Ribeirão Bonito",8.791208791,2016,"Longevidade",10.76,"Taxas de mortalidade infantil (por mil nascidos vivos)"
3542909,"Ribeirão Bonito",13.60544218,2018,"Longevidade",10.78,"Taxas de mortalidade infantil (por mil nascidos vivos)"
3542909,"Ribeirão Bonito",13.54401806,2020,"Longevidade",10.47,"Taxas de mortalidade infantil (por mil nascidos vivos)"
3542909,"Ribeirão Bonito",10.58201058,2022,"Longevidade",10.33,"Taxas de mortalidade infantil (por mil nascidos vivos)"
3542909,"Ribeirão Bonito",14.32664756,2024,"Longevidade",11.16,"Taxas de mortalidade infantil (por mil nascidos vivos)"
3543006,"Ribeirão Branco",13.90644753,2014,"Longevidade",11.45,"Taxas de mortalidade infantil (por mil nascidos vivos)"
3543006,"Ribeirão Branco",20.2020202,2016,"Longevidade",10.76,"Taxas de mortalidade infantil (por mil nascidos vivos)"
3543006,"Ribeirão Branco",19.54397394,2018,"Longevidade",10.78,"Taxas de mortalidade infantil (por mil nascidos vivos)"
3543006,"Ribeirão Branco",12.55230126,2020,"Longevidade",10.47,"Taxas de mortalidade infantil (por mil nascidos vivos)"
3543006,"Ribeirão Branco",10.45296167,2022,"Longevidade",10.33,"Taxas de mortalidade infantil (por mil nascidos vivos)"
3543006,"Ribeirão Branco",11.0701107,2024,"Longevidade",11.16,"Taxas de mortalidade infantil (por mil nascidos vivos)"
3543105,"Ribeirão Corrente",6.507592191,2014,"Longevidade",11.45,"Taxas de mortalidade infantil (por mil nascidos vivos)"
3543105,"Ribeirão Corrente",6.772009029,2016,"Longevidade",10.76,"Taxas de mortalidade infantil (por mil nascidos vivos)"
3543105,"Ribeirão Corrente",6.578947368,2018,"Longevidade",10.78,"Taxas de mortalidade infantil (por mil nascidos vivos)"
3543105,"Ribeirão Corrente",12.95896328,2020,"Longevidade",10.47,"Taxas de mortalidade infantil (por mil nascidos vivos)"
3543105,"Ribeirão Corrente",11.0619469,2022,"Longevidade",10.33,"Taxas de mortalidade infantil (por mil nascidos vivos)"
3543105,"Ribeirão Corrente",9.732360097,2024,"Longevidade",11.16,"Taxas de mortalidade infantil (por mil nascidos vivos)"
3543204,"Ribeirão do Sul",8.403361345,2014,"Longevidade",11.45,"Taxas de mortalidade infantil (por mil nascidos vivos)"
3543204,"Ribeirão do Sul",5.449591281,2016,"Longevidade",10.76,"Taxas de mortalidade infantil (por mil nascidos vivos)"
3543204,"Ribeirão do Sul",10.92896175,2018,"Longevidade",10.78,"Taxas de mortalidade infantil (por mil nascidos vivos)"
3543204,"Ribeirão do Sul",10.81081081,2020,"Longevidade",10.47,"Taxas de mortalidade infantil (por mil nascidos vivos)"
3543204,"Ribeirão do Sul",8.042895442,2022,"Longevidade",10.33,"Taxas de mortalidade infantil (por mil nascidos vivos)"
3543204,"Ribeirão do Sul",8.379888268,2024,"Longevidade",11.16,"Taxas de mortalidade infantil (por mil nascidos vivos)"
3543238,"Ribeirão dos Índios",7.575757576,2016,"Longevidade",10.76,"Taxas de mortalidade infantil (por mil nascidos vivos)"
3543238,"Ribeirão dos Índios",7.633587786,2018,"Longevidade",10.78,"Taxas de mortalidade infantil (por mil nascidos vivos)"
3543238,"Ribeirão dos Índios",7.575757576,2020,"Longevidade",10.47,"Taxas de mortalidade infantil (por mil nascidos vivos)"
3543238,"Ribeirão dos Índios",7.751937984,2022,"Longevidade",10.33,"Taxas de mortalidade infantil (por mil nascidos vivos)"
3543253,"Ribeirão Grande",7.978723404,2014,"Longevidade",11.45,"Taxas de mortalidade infantil (por mil nascidos vivos)"
3543253,"Ribeirão Grande",8.559201141,2016,"Longevidade",10.76,"Taxas de mortalidade infantil (por mil nascidos vivos)"
3543253,"Ribeirão Grande",10.13024602,2018,"Longevidade",10.78,"Taxas de mortalidade infantil (por mil nascidos vivos)"
3543253,"Ribeirão Grande",10.80246914,2020,"Longevidade",10.47,"Taxas de mortalidade infantil (por mil nascidos vivos)"
3543253,"Ribeirão Grande",14.1509434,2022,"Longevidade",10.33,"Taxas de mortalidade infantil (por mil nascidos vivos)"
3543253,"Ribeirão Grande",14.49275362,2024,"Longevidade",11.16,"Taxas de mortalidade infantil (por mil nascidos vivos)"
3543303,"Ribeirão Pires",11.21830828,2014,"Longevidade",11.45,"Taxas de mortalidade infantil (por mil nascidos vivos)"
3543303,"Ribeirão Pires",9.830425166,2016,"Longevidade",10.76,"Taxas de mortalidade infantil (por mil nascidos vivos)"
3543303,"Ribeirão Pires",8.98652022,2018,"Longevidade",10.78,"Taxas de mortalidade infantil (por mil nascidos vivos)"
3543303,"Ribeirão Pires",11.64556962,2020,"Longevidade",10.47,"Taxas de mortalidade infantil (por mil nascidos vivos)"
3543303,"Ribeirão Pires",10.11603689,2022,"Longevidade",10.33,"Taxas de mortalidade infantil (por mil nascidos vivos)"
3543303,"Ribeirão Pires",8.500510031,2024,"Longevidade",11.16,"Taxas de mortalidade infantil (por mil nascidos vivos)"
3543402,"Ribeirão Preto",10.12097731,2014,"Longevidade",11.45,"Taxas de mortalidade infantil (por mil nascidos vivos)"
3543402,"Ribeirão Preto",9.092346616,2016,"Longevidade",10.76,"Taxas de mortalidade infantil (por mil nascidos vivos)"
3543402,"Ribeirão Preto",8.682020982,2018,"Longevidade",10.78,"Taxas de mortalidade infantil (por mil nascidos vivos)"
3543402,"Ribeirão Preto",8.055001831,2020,"Longevidade",10.47,"Taxas de mortalidade infantil (por mil nascidos vivos)"
3543402,"Ribeirão Preto",8.225418653,2022,"Longevidade",10.33,"Taxas de mortalidade infantil (por mil nascidos vivos)"
3543402,"Ribeirão Preto",9.784300645,2024,"Longevidade",11.16,"Taxas de mortalidade infantil (por mil nascidos vivos)"
3543501,"Riversul",18.31501832,2014,"Longevidade",11.45,"Taxas de mortalidade infantil (por mil nascidos vivos)"
3543501,"Riversul",13.33333333,2016,"Longevidade",10.76,"Taxas de mortalidade infantil (por mil nascidos vivos)"
3543501,"Riversul",13.51351351,2018,"Longevidade",10.78,"Taxas de mortalidade infantil (por mil nascidos vivos)"
3543501,"Riversul",12.8440367,2020,"Longevidade",10.47,"Taxas de mortalidade infantil (por mil nascidos vivos)"
3543501,"Riversul",13.64522417,2022,"Longevidade",10.33,"Taxas de mortalidade infantil (por mil nascidos vivos)"
3543501,"Riversul",11.45038168,2024,"Longevidade",11.16,"Taxas de mortalidade infantil (por mil nascidos vivos)"
3543600,"Rifaina",11.53846154,2014,"Longevidade",11.45,"Taxas de mortalidade infantil (por mil nascidos vivos)"
3543600,"Rifaina",3.703703704,2016,"Longevidade",10.76,"Taxas de mortalidade infantil (por mil nascidos vivos)"
3543600,"Rifaina",6.920415225,2018,"Longevidade",10.78,"Taxas de mortalidade infantil (por mil nascidos vivos)"
3543600,"Rifaina",9.584664537,2020,"Longevidade",10.47,"Taxas de mortalidade infantil (por mil nascidos vivos)"
3543600,"Rifaina",9.375,2022,"Longevidade",10.33,"Taxas de mortalidade infantil (por mil nascidos vivos)"
3543600,"Rifaina",15.06024096,2024,"Longevidade",11.16,"Taxas de mortalidade infantil (por mil nascidos vivos)"
3543709,"Rincão",14.5631068,2014,"Longevidade",11.45,"Taxas de mortalidade infantil (por mil nascidos vivos)"
3543709,"Rincão",5.208333333,2016,"Longevidade",10.76,"Taxas de mortalidade infantil (por mil nascidos vivos)"
3543709,"Rincão",5.420054201,2018,"Longevidade",10.78,"Taxas de mortalidade infantil (por mil nascidos vivos)"
3543709,"Rincão",5.917159763,2020,"Longevidade",10.47,"Taxas de mortalidade infantil (por mil nascidos vivos)"
3543709,"Rincão",6.426735219,2022,"Longevidade",10.33,"Taxas de mortalidade infantil (por mil nascidos vivos)"
3543709,"Rincão",5.780346821,2024,"Longevidade",11.16,"Taxas de mortalidade infantil (por mil nascidos vivos)"
3543808,"Rinópolis",15.34526854,2014,"Longevidade",11.45,"Taxas de mortalidade infantil (por mil nascidos vivos)"
3543808,"Rinópolis",17.49663526,2016,"Longevidade",10.76,"Taxas de mortalidade infantil (por mil nascidos vivos)"
3543808,"Rinópolis",16.66666667,2018,"Longevidade",10.78,"Taxas de mortalidade infantil (por mil nascidos vivos)"
3543808,"Rinópolis",17.04545455,2020,"Longevidade",10.47,"Taxas de mortalidade infantil (por mil nascidos vivos)"
3543808,"Rinópolis",15.29051988,2022,"Longevidade",10.33,"Taxas de mortalidade infantil (por mil nascidos vivos)"
3543808,"Rinópolis",13.51351351,2024,"Longevidade",11.16,"Taxas de mortalidade infantil (por mil nascidos vivos)"
3543907,"Rio Claro",11.43168209,2014,"Longevidade",11.45,"Taxas de mortalidade infantil (por mil nascidos vivos)"
3543907,"Rio Claro",10.25290499,2016,"Longevidade",10.76,"Taxas de mortalidade infantil (por mil nascidos vivos)"
3543907,"Rio Claro",9.829710647,2018,"Longevidade",10.78,"Taxas de mortalidade infantil (por mil nascidos vivos)"
3543907,"Rio Claro",8.363534987,2020,"Longevidade",10.47,"Taxas de mortalidade infantil (por mil nascidos vivos)"
3543907,"Rio Claro",10.7639408,2022,"Longevidade",10.33,"Taxas de mortalidade infantil (por mil nascidos vivos)"
3543907,"Rio Claro",9.635799445,2024,"Longevidade",11.16,"Taxas de mortalidade infantil (por mil nascidos vivos)"
3544004,"Rio das Pedras",8.046817849,2014,"Longevidade",11.45,"Taxas de mortalidade infantil (por mil nascidos vivos)"
3544004,"Rio das Pedras",9.654062751,2016,"Longevidade",10.76,"Taxas de mortalidade infantil (por mil nascidos vivos)"
3544004,"Rio das Pedras",7.293354943,2018,"Longevidade",10.78,"Taxas de mortalidade infantil (por mil nascidos vivos)"
3544004,"Rio das Pedras",10.00834028,2020,"Longevidade",10.47,"Taxas de mortalidade infantil (por mil nascidos vivos)"
3544004,"Rio das Pedras",12.14953271,2022,"Longevidade",10.33,"Taxas de mortalidade infantil (por mil nascidos vivos)"
3544004,"Rio das Pedras",7.714561234,2024,"Longevidade",11.16,"Taxas de mortalidade infantil (por mil nascidos vivos)"
3544103,"Rio Grande da Serra",14.442231080000001,2014,"Longevidade",11.45,"Taxas de mortalidade infantil (por mil nascidos vivos)"
3544103,"Rio Grande da Serra",6.711409396,2016,"Longevidade",10.76,"Taxas de mortalidade infantil (por mil nascidos vivos)"
3544103,"Rio Grande da Serra",9.402654867,2018,"Longevidade",10.78,"Taxas de mortalidade infantil (por mil nascidos vivos)"
3544103,"Rio Grande da Serra",10.74626866,2020,"Longevidade",10.47,"Taxas de mortalidade infantil (por mil nascidos vivos)"
3544103,"Rio Grande da Serra",7.133592737,2022,"Longevidade",10.33,"Taxas de mortalidade infantil (por mil nascidos vivos)"
3544103,"Rio Grande da Serra",9.992862241,2024,"Longevidade",11.16,"Taxas de mortalidade infantil (por mil nascidos vivos)"
3544202,"Riolândia",14.11764706,2014,"Longevidade",11.45,"Taxas de mortalidade infantil (por mil nascidos vivos)"
3544202,"Riolândia",2.824858757,2016,"Longevidade",10.76,"Taxas de mortalidade infantil (por mil nascidos vivos)"
3544202,"Riolândia",5.952380952,2018,"Longevidade",10.78,"Taxas de mortalidade infantil (por mil nascidos vivos)"
3544202,"Riolândia",8.152173913,2020,"Longevidade",10.47,"Taxas de mortalidade infantil (por mil nascidos vivos)"
3544202,"Riolândia",11.42857143,2022,"Longevidade",10.33,"Taxas de mortalidade infantil (por mil nascidos vivos)"
3544202,"Riolândia",9.933774834,2024,"Longevidade",11.16,"Taxas de mortalidade infantil (por mil nascidos vivos)"
3544251,"Rosana",6.83994528,2014,"Longevidade",11.45,"Taxas de mortalidade infantil (por mil nascidos vivos)"
3544251,"Rosana",9.510869565,2016,"Longevidade",10.76,"Taxas de mortalidade infantil (por mil nascidos vivos)"
3544251,"Rosana",11.47776184,2018,"Longevidade",10.78,"Taxas de mortalidade infantil (por mil nascidos vivos)"
3544251,"Rosana",6.369426752,2020,"Longevidade",10.47,"Taxas de mortalidade infantil (por mil nascidos vivos)"
3544251,"Rosana",8.169934641,2022,"Longevidade",10.33,"Taxas de mortalidade infantil (por mil nascidos vivos)"
3544251,"Rosana",7.766990291,2024,"Longevidade",11.16,"Taxas de mortalidade infantil (por mil nascidos vivos)"
3544301,"Roseira",11.38952164,2014,"Longevidade",11.45,"Taxas de mortalidade infantil (por mil nascidos vivos)"
3544301,"Roseira",13.82488479,2016,"Longevidade",10.76,"Taxas de mortalidade infantil (por mil nascidos vivos)"
3544301,"Roseira",11.57407407,2018,"Longevidade",10.78,"Taxas de mortalidade infantil (por mil nascidos vivos)"
3544301,"Roseira",7.058823529,2020,"Longevidade",10.47,"Taxas de mortalidade infantil (por mil nascidos vivos)"
3544301,"Roseira",22.29299363,2022,"Longevidade",10.33,"Taxas de mortalidade infantil (por mil nascidos vivos)"
3544301,"Roseira",9.036144578,2024,"Longevidade",11.16,"Taxas de mortalidade infantil (por mil nascidos vivos)"
3544400,"Rubiácea",3.95256917,2016,"Longevidade",10.76,"Taxas de mortalidade infantil (por mil nascidos vivos)"
3544400,"Rubiácea",3.773584906,2018,"Longevidade",10.78,"Taxas de mortalidade infantil (por mil nascidos vivos)"
3544400,"Rubiácea",7.299270073,2020,"Longevidade",10.47,"Taxas de mortalidade infantil (por mil nascidos vivos)"
3544400,"Rubiácea",8.547008547,2022,"Longevidade",10.33,"Taxas de mortalidade infantil (por mil nascidos vivos)"
3544400,"Rubiácea",9.478672986,2024,"Longevidade",11.16,"Taxas de mortalidade infantil (por mil nascidos vivos)"
3544509,"Rubinéia",10.75268817,2014,"Longevidade",11.45,"Taxas de mortalidade infantil (por mil nascidos vivos)"
3544509,"Rubinéia",16.66666667,2016,"Longevidade",10.76,"Taxas de mortalidade infantil (por mil nascidos vivos)"
3544509,"Rubinéia",15.2284264,2018,"Longevidade",10.78,"Taxas de mortalidade infantil (por mil nascidos vivos)"
3544509,"Rubinéia",8.928571429,2020,"Longevidade",10.47,"Taxas de mortalidade infantil (por mil nascidos vivos)"
3544509,"Rubinéia",4.464285714,2022,"Longevidade",10.33,"Taxas de mortalidade infantil (por mil nascidos vivos)"
3544608,"Sabino",16.985138,2014,"Longevidade",11.45,"Taxas de mortalidade infantil (por mil nascidos vivos)"
3544608,"Sabino",4.587155963,2016,"Longevidade",10.76,"Taxas de mortalidade infantil (por mil nascidos vivos)"
3544608,"Sabino",4.662004662,2018,"Longevidade",10.78,"Taxas de mortalidade infantil (por mil nascidos vivos)"
3544608,"Sabino",2.380952381,2020,"Longevidade",10.47,"Taxas de mortalidade infantil (por mil nascidos vivos)"
3544608,"Sabino",5.263157895,2022,"Longevidade",10.33,"Taxas de mortalidade infantil (por mil nascidos vivos)"
3544608,"Sabino",5.780346821,2024,"Longevidade",11.16,"Taxas de mortalidade infantil (por mil nascidos vivos)"
3544707,"Sagres",9.661835749,2014,"Longevidade",11.45,"Taxas de mortalidade infantil (por mil nascidos vivos)"
3544707,"Sagres",14.35406699,2016,"Longevidade",10.76,"Taxas de mortalidade infantil (por mil nascidos vivos)"
3544707,"Sagres",9.433962264,2018,"Longevidade",10.78,"Taxas de mortalidade infantil (por mil nascidos vivos)"
3544707,"Sagres",5,2020,"Longevidade",10.47,"Taxas de mortalidade infantil (por mil nascidos vivos)"
3544707,"Sagres",10.15228426,2022,"Longevidade",10.33,"Taxas de mortalidade infantil (por mil nascidos vivos)"
3544707,"Sagres",10.52631579,2024,"Longevidade",11.16,"Taxas de mortalidade infantil (por mil nascidos vivos)"
3544806,"Sales",6.451612903,2014,"Longevidade",11.45,"Taxas de mortalidade infantil (por mil nascidos vivos)"
3544806,"Sales",6.928406467,2016,"Longevidade",10.76,"Taxas de mortalidade infantil (por mil nascidos vivos)"
3544806,"Sales",2.288329519,2018,"Longevidade",10.78,"Taxas de mortalidade infantil (por mil nascidos vivos)"
3544806,"Sales",2.386634845,2020,"Longevidade",10.47,"Taxas de mortalidade infantil (por mil nascidos vivos)"
3544806,"Sales",2.604166667,2022,"Longevidade",10.33,"Taxas de mortalidade infantil (por mil nascidos vivos)"
3544806,"Sales",2.564102564,2024,"Longevidade",11.16,"Taxas de mortalidade infantil (por mil nascidos vivos)"
3544905,"Sales Oliveira",7.092198582,2014,"Longevidade",11.45,"Taxas de mortalidade infantil (por mil nascidos vivos)"
3544905,"Sales Oliveira",10.66666667,2016,"Longevidade",10.76,"Taxas de mortalidade infantil (por mil nascidos vivos)"
3544905,"Sales Oliveira",10.38961039,2018,"Longevidade",10.78,"Taxas de mortalidade infantil (por mil nascidos vivos)"
3544905,"Sales Oliveira",5.208333333,2020,"Longevidade",10.47,"Taxas de mortalidade infantil (por mil nascidos vivos)"
3544905,"Sales Oliveira",2.717391304,2022,"Longevidade",10.33,"Taxas de mortalidade infantil (por mil nascidos vivos)"
3545001,"Salesópolis",20.96774194,2014,"Longevidade",11.45,"Taxas de mortalidade infantil (por mil nascidos vivos)"
3545001,"Salesópolis",8.417508418,2016,"Longevidade",10.76,"Taxas de mortalidade infantil (por mil nascidos vivos)"
3545001,"Salesópolis",7.86163522,2018,"Longevidade",10.78,"Taxas de mortalidade infantil (por mil nascidos vivos)"
3545001,"Salesópolis",7.704160247,2020,"Longevidade",10.47,"Taxas de mortalidade infantil (por mil nascidos vivos)"
3545001,"Salesópolis",6.25,2022,"Longevidade",10.33,"Taxas de mortalidade infantil (por mil nascidos vivos)"
3545001,"Salesópolis",5.217391304,2024,"Longevidade",11.16,"Taxas de mortalidade infantil (por mil nascidos vivos)"
3545100,"Salmourão",12.98701299,2014,"Longevidade",11.45,"Taxas de mortalidade infantil (por mil nascidos vivos)"
3545100,"Salmourão",14.96259352,2016,"Longevidade",10.76,"Taxas de mortalidade infantil (por mil nascidos vivos)"
3545100,"Salmourão",14.49275362,2018,"Longevidade",10.78,"Taxas de mortalidade infantil (por mil nascidos vivos)"
3545100,"Salmourão",11.87648456,2020,"Longevidade",10.47,"Taxas de mortalidade infantil (por mil nascidos vivos)"
3545100,"Salmourão",11.79245283,2022,"Longevidade",10.33,"Taxas de mortalidade infantil (por mil nascidos vivos)"
3545100,"Salmourão",7.407407407,2024,"Longevidade",11.16,"Taxas de mortalidade infantil (por mil nascidos vivos)"
3545159,"Saltinho",10.256410259999999,2014,"Longevidade",11.45,"Taxas de mortalidade infantil (por mil nascidos vivos)"
3545159,"Saltinho",8.116883117,2016,"Longevidade",10.76,"Taxas de mortalidade infantil (por mil nascidos vivos)"
3545159,"Saltinho",6.41025641,2018,"Longevidade",10.78,"Taxas de mortalidade infantil (por mil nascidos vivos)"
3545159,"Saltinho",9.63081862,2020,"Longevidade",10.47,"Taxas de mortalidade infantil (por mil nascidos vivos)"
3545159,"Saltinho",4.909983633,2022,"Longevidade",10.33,"Taxas de mortalidade infantil (por mil nascidos vivos)"
3545159,"Saltinho",8.116883117,2024,"Longevidade",11.16,"Taxas de mortalidade infantil (por mil nascidos vivos)"
3545209,"Salto",11.48447469,2014,"Longevidade",11.45,"Taxas de mortalidade infantil (por mil nascidos vivos)"
3545209,"Salto",10.02807862,2016,"Longevidade",10.76,"Taxas de mortalidade infantil (por mil nascidos vivos)"
3545209,"Salto",8.971291866,2018,"Longevidade",10.78,"Taxas de mortalidade infantil (por mil nascidos vivos)"
3545209,"Salto",10.31746032,2020,"Longevidade",10.47,"Taxas de mortalidade infantil (por mil nascidos vivos)"
3545209,"Salto",10.27326895,2022,"Longevidade",10.33,"Taxas de mortalidade infantil (por mil nascidos vivos)"
3545209,"Salto",14.58465441,2024,"Longevidade",11.16,"Taxas de mortalidade infantil (por mil nascidos vivos)"
3545308,"Salto de Pirapora",17.66381766,2014,"Longevidade",11.45,"Taxas de mortalidade infantil (por mil nascidos vivos)"
3545308,"Salto de Pirapora",12.24489796,2016,"Longevidade",10.76,"Taxas de mortalidade infantil (por mil nascidos vivos)"
3545308,"Salto de Pirapora",15.13317191,2018,"Longevidade",10.78,"Taxas de mortalidade infantil (por mil nascidos vivos)"
3545308,"Salto de Pirapora",9.752925878,2020,"Longevidade",10.47,"Taxas de mortalidade infantil (por mil nascidos vivos)"
3545308,"Salto de Pirapora",9.021512838,2022,"Longevidade",10.33,"Taxas de mortalidade infantil (por mil nascidos vivos)"
3545308,"Salto de Pirapora",17.0212766,2024,"Longevidade",11.16,"Taxas de mortalidade infantil (por mil nascidos vivos)"
3545407,"Salto Grande",13.04863582,2014,"Longevidade",11.45,"Taxas de mortalidade infantil (por mil nascidos vivos)"
3545407,"Salto Grande",9.756097561,2016,"Longevidade",10.76,"Taxas de mortalidade infantil (por mil nascidos vivos)"
3545407,"Salto Grande",8.578431373,2018,"Longevidade",10.78,"Taxas de mortalidade infantil (por mil nascidos vivos)"
3545407,"Salto Grande",7.682458387,2020,"Longevidade",10.47,"Taxas de mortalidade infantil (por mil nascidos vivos)"
3545407,"Salto Grande",7.9893475370000004,2022,"Longevidade",10.33,"Taxas de mortalidade infantil (por mil nascidos vivos)"
3545407,"Salto Grande",5.494505495,2024,"Longevidade",11.16,"Taxas de mortalidade infantil (por mil nascidos vivos)"
3545506,"Sandovalina",2.427184466,2014,"Longevidade",11.45,"Taxas de mortalidade infantil (por mil nascidos vivos)"
3545506,"Sandovalina",7.462686567,2016,"Longevidade",10.76,"Taxas de mortalidade infantil (por mil nascidos vivos)"
3545506,"Sandovalina",7.832898172,2018,"Longevidade",10.78,"Taxas de mortalidade infantil (por mil nascidos vivos)"
3545506,"Sandovalina",5.434782609,2020,"Longevidade",10.47,"Taxas de mortalidade infantil (por mil nascidos vivos)"
3545506,"Sandovalina",8.902077151,2022,"Longevidade",10.33,"Taxas de mortalidade infantil (por mil nascidos vivos)"
3545506,"Sandovalina",6.230529595,2024,"Longevidade",11.16,"Taxas de mortalidade infantil (por mil nascidos vivos)"
3545605,"Santa Adélia",18.51851852,2014,"Longevidade",11.45,"Taxas de mortalidade infantil (por mil nascidos vivos)"
3545605,"Santa Adélia",9.633911368,2016,"Longevidade",10.76,"Taxas de mortalidade infantil (por mil nascidos vivos)"
3545605,"Santa Adélia",7.858546169,2018,"Longevidade",10.78,"Taxas de mortalidade infantil (por mil nascidos vivos)"
3545605,"Santa Adélia",4.524886878,2020,"Longevidade",10.47,"Taxas de mortalidade infantil (por mil nascidos vivos)"
3545605,"Santa Adélia",11.0864745,2022,"Longevidade",10.33,"Taxas de mortalidade infantil (por mil nascidos vivos)"
3545605,"Santa Adélia",14.63414634,2024,"Longevidade",11.16,"Taxas de mortalidade infantil (por mil nascidos vivos)"
3545704,"Santa Albertina",6.833712984,2014,"Longevidade",11.45,"Taxas de mortalidade infantil (por mil nascidos vivos)"
3545704,"Santa Albertina",6.315789474,2016,"Longevidade",10.76,"Taxas de mortalidade infantil (por mil nascidos vivos)"
3545704,"Santa Albertina",10.54852321,2018,"Longevidade",10.78,"Taxas de mortalidade infantil (por mil nascidos vivos)"
3545704,"Santa Albertina",12.44813278,2020,"Longevidade",10.47,"Taxas de mortalidade infantil (por mil nascidos vivos)"
3545704,"Santa Albertina",15.0862069,2022,"Longevidade",10.33,"Taxas de mortalidade infantil (por mil nascidos vivos)"
3545704,"Santa Albertina",19.10828025,2024,"Longevidade",11.16,"Taxas de mortalidade infantil (por mil nascidos vivos)"
3545803,"Santa Bárbara d'Oeste",9.625200525,2014,"Longevidade",11.45,"Taxas de mortalidade infantil (por mil nascidos vivos)"
3545803,"Santa Bárbara d'Oeste",8.504112645,2016,"Longevidade",10.76,"Taxas de mortalidade infantil (por mil nascidos vivos)"
3545803,"Santa Bárbara d'Oeste",9.285312324,2018,"Longevidade",10.78,"Taxas de mortalidade infantil (por mil nascidos vivos)"
3545803,"Santa Bárbara d'Oeste",11.48556748,2020,"Longevidade",10.47,"Taxas de mortalidade infantil (por mil nascidos vivos)"
3545803,"Santa Bárbara d'Oeste",10.31613977,2022,"Longevidade",10.33,"Taxas de mortalidade infantil (por mil nascidos vivos)"
3545803,"Santa Bárbara d'Oeste",11.03714085,2024,"Longevidade",11.16,"Taxas de mortalidade infantil (por mil nascidos vivos)"
3546009,"Santa Branca",8.583690987,2014,"Longevidade",11.45,"Taxas de mortalidade infantil (por mil nascidos vivos)"
3546009,"Santa Branca",20.36659878,2016,"Longevidade",10.76,"Taxas de mortalidade infantil (por mil nascidos vivos)"
3546009,"Santa Branca",20.83333333,2018,"Longevidade",10.78,"Taxas de mortalidade infantil (por mil nascidos vivos)"
3546009,"Santa Branca",8.71459695,2020,"Longevidade",10.47,"Taxas de mortalidade infantil (por mil nascidos vivos)"
3546009,"Santa Branca",7.462686567,2022,"Longevidade",10.33,"Taxas de mortalidade infantil (por mil nascidos vivos)"
3546009,"Santa Branca",15.34526854,2024,"Longevidade",11.16,"Taxas de mortalidade infantil (por mil nascidos vivos)"
3546108,"Santa Clara d'Oeste",22.59887006,2014,"Longevidade",11.45,"Taxas de mortalidade infantil (por mil nascidos vivos)"
3546108,"Santa Clara d'Oeste",18.63354037,2016,"Longevidade",10.76,"Taxas de mortalidade infantil (por mil nascidos vivos)"
3546108,"Santa Clara d'Oeste",12.5,2018,"Longevidade",10.78,"Taxas de mortalidade infantil (por mil nascidos vivos)"
3546108,"Santa Clara d'Oeste",11.49425287,2020,"Longevidade",10.47,"Taxas de mortalidade infantil (por mil nascidos vivos)"
3546207,"Santa Cruz da Conceição",15.20912548,2014,"Longevidade",11.45,"Taxas de mortalidade infantil (por mil nascidos vivos)"
3546207,"Santa Cruz da Conceição",7.692307692,2016,"Longevidade",10.76,"Taxas de mortalidade infantil (por mil nascidos vivos)"
3546207,"Santa Cruz da Conceição",7.782101167,2018,"Longevidade",10.78,"Taxas de mortalidade infantil (por mil nascidos vivos)"
3546207,"Santa Cruz da Conceição",8.733624454,2020,"Longevidade",10.47,"Taxas de mortalidade infantil (por mil nascidos vivos)"
3546207,"Santa Cruz da Conceição",9.661835749,2022,"Longevidade",10.33,"Taxas de mortalidade infantil (por mil nascidos vivos)"
3546207,"Santa Cruz da Conceição",4.926108374,2024,"Longevidade",11.16,"Taxas de mortalidade infantil (por mil nascidos vivos)"
3546256,"Santa Cruz da Esperança",20.40816327,2014,"Longevidade",11.45,"Taxas de mortalidade infantil (por mil nascidos vivos)"
3546256,"Santa Cruz da Esperança",15.07537688,2016,"Longevidade",10.76,"Taxas de mortalidade infantil (por mil nascidos vivos)"
3546256,"Santa Cruz da Esperança",10.30927835,2018,"Longevidade",10.78,"Taxas de mortalidade infantil (por mil nascidos vivos)"
3546256,"Santa Cruz da Esperança",5.988023952,2020,"Longevidade",10.47,"Taxas de mortalidade infantil (por mil nascidos vivos)"
3546256,"Santa Cruz da Esperança",6.097560976,2022,"Longevidade",10.33,"Taxas de mortalidade infantil (por mil nascidos vivos)"
3546256,"Santa Cruz da Esperança",6.756756757,2024,"Longevidade",11.16,"Taxas de mortalidade infantil (por mil nascidos vivos)"
3546306,"Santa Cruz das Palmeiras",12.82051282,2014,"Longevidade",11.45,"Taxas de mortalidade infantil (por mil nascidos vivos)"
3546306,"Santa Cruz das Palmeiras",11.10162254,2016,"Longevidade",10.76,"Taxas de mortalidade infantil (por mil nascidos vivos)"
3546306,"Santa Cruz das Palmeiras",8.620689655,2018,"Longevidade",10.78,"Taxas de mortalidade infantil (por mil nascidos vivos)"
3546306,"Santa Cruz das Palmeiras",8.189262966,2020,"Longevidade",10.47,"Taxas de mortalidade infantil (por mil nascidos vivos)"
3546306,"Santa Cruz das Palmeiras",9.624639076,2022,"Longevidade",10.33,"Taxas de mortalidade infantil (por mil nascidos vivos)"
3546306,"Santa Cruz das Palmeiras",16.68404588,2024,"Longevidade",11.16,"Taxas de mortalidade infantil (por mil nascidos vivos)"
3546405,"Santa Cruz do Rio Pardo",9.714285714,2014,"Longevidade",11.45,"Taxas de mortalidade infantil (por mil nascidos vivos)"
3546405,"Santa Cruz do Rio Pardo",8.933556672,2016,"Longevidade",10.76,"Taxas de mortalidade infantil (por mil nascidos vivos)"
3546405,"Santa Cruz do Rio Pardo",6.677796327,2018,"Longevidade",10.78,"Taxas de mortalidade infantil (por mil nascidos vivos)"
3546405,"Santa Cruz do Rio Pardo",10,2020,"Longevidade",10.47,"Taxas de mortalidade infantil (por mil nascidos vivos)"
3546405,"Santa Cruz do Rio Pardo",11.97946378,2022,"Longevidade",10.33,"Taxas de mortalidade infantil (por mil nascidos vivos)"
3546405,"Santa Cruz do Rio Pardo",9.656004828,2024,"Longevidade",11.16,"Taxas de mortalidade infantil (por mil nascidos vivos)"
3546504,"Santa Ernestina",10.06036217,2014,"Longevidade",11.45,"Taxas de mortalidade infantil (por mil nascidos vivos)"
3546504,"Santa Ernestina",15.83710407,2016,"Longevidade",10.76,"Taxas de mortalidade infantil (por mil nascidos vivos)"
3546504,"Santa Ernestina",15.87301587,2018,"Longevidade",10.78,"Taxas de mortalidade infantil (por mil nascidos vivos)"
3546504,"Santa Ernestina",18.09954751,2020,"Longevidade",10.47,"Taxas de mortalidade infantil (por mil nascidos vivos)"
3546504,"Santa Ernestina",18.78914405,2022,"Longevidade",10.33,"Taxas de mortalidade infantil (por mil nascidos vivos)"
3546504,"Santa Ernestina",16.32653061,2024,"Longevidade",11.16,"Taxas de mortalidade infantil (por mil nascidos vivos)"
3546603,"Santa Fé do Sul",6.529850746,2014,"Longevidade",11.45,"Taxas de mortalidade infantil (por mil nascidos vivos)"
3546603,"Santa Fé do Sul",7.293354943,2016,"Longevidade",10.76,"Taxas de mortalidade infantil (por mil nascidos vivos)"
3546603,"Santa Fé do Sul",8.203445447,2018,"Longevidade",10.78,"Taxas de mortalidade infantil (por mil nascidos vivos)"
3546603,"Santa Fé do Sul",8.675078864,2020,"Longevidade",10.47,"Taxas de mortalidade infantil (por mil nascidos vivos)"
3546603,"Santa Fé do Sul",7.114624506,2022,"Longevidade",10.33,"Taxas de mortalidade infantil (por mil nascidos vivos)"
3546603,"Santa Fé do Sul",6.375227687,2024,"Longevidade",11.16,"Taxas de mortalidade infantil (por mil nascidos vivos)"
3546702,"Santa Gertrudes",10.54650048,2014,"Longevidade",11.45,"Taxas de mortalidade infantil (por mil nascidos vivos)"
3546702,"Santa Gertrudes",7.590132827,2016,"Longevidade",10.76,"Taxas de mortalidade infantil (por mil nascidos vivos)"
3546702,"Santa Gertrudes",5.934718101,2018,"Longevidade",10.78,"Taxas de mortalidade infantil (por mil nascidos vivos)"
3546702,"Santa Gertrudes",6.048387097,2020,"Longevidade",10.47,"Taxas de mortalidade infantil (por mil nascidos vivos)"
3546702,"Santa Gertrudes",3.246753247,2022,"Longevidade",10.33,"Taxas de mortalidade infantil (por mil nascidos vivos)"
3546702,"Santa Gertrudes",6.928406467,2024,"Longevidade",11.16,"Taxas de mortalidade infantil (por mil nascidos vivos)"
3546801,"Santa Isabel",11.20573734,2014,"Longevidade",11.45,"Taxas de mortalidade infantil (por mil nascidos vivos)"
3546801,"Santa Isabel",10.36036036,2016,"Longevidade",10.76,"Taxas de mortalidade infantil (por mil nascidos vivos)"
3546801,"Santa Isabel",12.19512195,2018,"Longevidade",10.78,"Taxas de mortalidade infantil (por mil nascidos vivos)"
3546801,"Santa Isabel",9.130225853,2020,"Longevidade",10.47,"Taxas de mortalidade infantil (por mil nascidos vivos)"
3546801,"Santa Isabel",8.849557522,2022,"Longevidade",10.33,"Taxas de mortalidade infantil (por mil nascidos vivos)"
3546801,"Santa Isabel",7.927519819,2024,"Longevidade",11.16,"Taxas de mortalidade infantil (por mil nascidos vivos)"
3546900,"Santa Lúcia",5.780346821,2014,"Longevidade",11.45,"Taxas de mortalidade infantil (por mil nascidos vivos)"
3546900,"Santa Lúcia",9.81595092,2016,"Longevidade",10.76,"Taxas de mortalidade infantil (por mil nascidos vivos)"
3546900,"Santa Lúcia",14.26718547,2018,"Longevidade",10.78,"Taxas de mortalidade infantil (por mil nascidos vivos)"
3546900,"Santa Lúcia",17.06970128,2020,"Longevidade",10.47,"Taxas de mortalidade infantil (por mil nascidos vivos)"
3546900,"Santa Lúcia",15.82278481,2022,"Longevidade",10.33,"Taxas de mortalidade infantil (por mil nascidos vivos)"
3546900,"Santa Lúcia",12.32394366,2024,"Longevidade",11.16,"Taxas de mortalidade infantil (por mil nascidos vivos)"
3547007,"Santa Maria da Serra",6.861063465,2014,"Longevidade",11.45,"Taxas de mortalidade infantil (por mil nascidos vivos)"
3547007,"Santa Maria da Serra",5.300353357,2016,"Longevidade",10.76,"Taxas de mortalidade infantil (por mil nascidos vivos)"
3547007,"Santa Maria da Serra",6.968641115,2018,"Longevidade",10.78,"Taxas de mortalidade infantil (por mil nascidos vivos)"
3547007,"Santa Maria da Serra",7.054673721,2020,"Longevidade",10.47,"Taxas de mortalidade infantil (por mil nascidos vivos)"
3547007,"Santa Maria da Serra",7.285974499,2022,"Longevidade",10.33,"Taxas de mortalidade infantil (por mil nascidos vivos)"
3547007,"Santa Maria da Serra",10.96892139,2024,"Longevidade",11.16,"Taxas de mortalidade infantil (por mil nascidos vivos)"
3547106,"Santa Mercedes",3.937007874,2014,"Longevidade",11.45,"Taxas de mortalidade infantil (por mil nascidos vivos)"
3547106,"Santa Mercedes",3.636363636,2016,"Longevidade",10.76,"Taxas de mortalidade infantil (por mil nascidos vivos)"
3547106,"Santa Mercedes",3.875968992,2018,"Longevidade",10.78,"Taxas de mortalidade infantil (por mil nascidos vivos)"
3547106,"Santa Mercedes",4.098360656,2020,"Longevidade",10.47,"Taxas de mortalidade infantil (por mil nascidos vivos)"
3547106,"Santa Mercedes",4.366812227,2022,"Longevidade",10.33,"Taxas de mortalidade infantil (por mil nascidos vivos)"
3547106,"Santa Mercedes",9.090909091,2024,"Longevidade",11.16,"Taxas de mortalidade infantil (por mil nascidos vivos)"
3547205,"Santana da Ponte Pensa",24.3902439,2014,"Longevidade",11.45,"Taxas de mortalidade infantil (por mil nascidos vivos)"
3547205,"Santana da Ponte Pensa",21.27659574,2016,"Longevidade",10.76,"Taxas de mortalidade infantil (por mil nascidos vivos)"
3547205,"Santana da Ponte Pensa",20.83333333,2018,"Longevidade",10.78,"Taxas de mortalidade infantil (por mil nascidos vivos)"
3547205,"Santana da Ponte Pensa",11.9047619,2020,"Longevidade",10.47,"Taxas de mortalidade infantil (por mil nascidos vivos)"
3547304,"Santana de Parnaíba",9.63108064,2014,"Longevidade",11.45,"Taxas de mortalidade infantil (por mil nascidos vivos)"
3547304,"Santana de Parnaíba",8.539046732,2016,"Longevidade",10.76,"Taxas de mortalidade infantil (por mil nascidos vivos)"
3547304,"Santana de Parnaíba",7.975460123,2018,"Longevidade",10.78,"Taxas de mortalidade infantil (por mil nascidos vivos)"
3547304,"Santana de Parnaíba",7.597199464,2020,"Longevidade",10.47,"Taxas de mortalidade infantil (por mil nascidos vivos)"
3547304,"Santana de Parnaíba",7.298160255,2022,"Longevidade",10.33,"Taxas de mortalidade infantil (por mil nascidos vivos)"
3547304,"Santana de Parnaíba",8.986284093,2024,"Longevidade",11.16,"Taxas de mortalidade infantil (por mil nascidos vivos)"
3547403,"Santa Rita d'Oeste",12.34567901,2014,"Longevidade",11.45,"Taxas de mortalidade infantil (por mil nascidos vivos)"
3547403,"Santa Rita d'Oeste",24.09638554,2016,"Longevidade",10.76,"Taxas de mortalidade infantil (por mil nascidos vivos)"
3547403,"Santa Rita d'Oeste",23.66863905,2018,"Longevidade",10.78,"Taxas de mortalidade infantil (por mil nascidos vivos)"
3547403,"Santa Rita d'Oeste",18.75,2020,"Longevidade",10.47,"Taxas de mortalidade infantil (por mil nascidos vivos)"
3547403,"Santa Rita d'Oeste",12.04819277,2022,"Longevidade",10.33,"Taxas de mortalidade infantil (por mil nascidos vivos)"
3547403,"Santa Rita d'Oeste",6.289308176,2024,"Longevidade",11.16,"Taxas de mortalidade infantil (por mil nascidos vivos)"
3547502,"Santa Rita do Passa Quatro",7.614213198,2014,"Longevidade",11.45,"Taxas de mortalidade infantil (por mil nascidos vivos)"
3547502,"Santa Rita do Passa Quatro",10.54018445,2016,"Longevidade",10.76,"Taxas de mortalidade infantil (por mil nascidos vivos)"
3547502,"Santa Rita do Passa Quatro",13.28021248,2018,"Longevidade",10.78,"Taxas de mortalidade infantil (por mil nascidos vivos)"
3547502,"Santa Rita do Passa Quatro",14.16430595,2020,"Longevidade",10.47,"Taxas de mortalidade infantil (por mil nascidos vivos)"
3547502,"Santa Rita do Passa Quatro",11.95814649,2022,"Longevidade",10.33,"Taxas de mortalidade infantil (por mil nascidos vivos)"
3547502,"Santa Rita do Passa Quatro",10.11804384,2024,"Longevidade",11.16,"Taxas de mortalidade infantil (por mil nascidos vivos)"
3547601,"Santa Rosa de Viterbo",5.422993492,2014,"Longevidade",11.45,"Taxas de mortalidade infantil (por mil nascidos vivos)"
3547601,"Santa Rosa de Viterbo",4.9200492,2016,"Longevidade",10.76,"Taxas de mortalidade infantil (por mil nascidos vivos)"
3547601,"Santa Rosa de Viterbo",4.944375773,2018,"Longevidade",10.78,"Taxas de mortalidade infantil (por mil nascidos vivos)"
3547601,"Santa Rosa de Viterbo",13.1061599,2020,"Longevidade",10.47,"Taxas de mortalidade infantil (por mil nascidos vivos)"
3547601,"Santa Rosa de Viterbo",8.968609865,2022,"Longevidade",10.33,"Taxas de mortalidade infantil (por mil nascidos vivos)"
3547601,"Santa Rosa de Viterbo",10.71975498,2024,"Longevidade",11.16,"Taxas de mortalidade infantil (por mil nascidos vivos)"
3547650,"Santa Salete",9.345794393,2020,"Longevidade",10.47,"Taxas de mortalidade infantil (por mil nascidos vivos)"
3547650,"Santa Salete",8.849557522,2022,"Longevidade",10.33,"Taxas de mortalidade infantil (por mil nascidos vivos)"
3547650,"Santa Salete",9.174311927,2024,"Longevidade",11.16,"Taxas de mortalidade infantil (por mil nascidos vivos)"
3547700,"Santo Anastácio",6.172839506,2014,"Longevidade",11.45,"Taxas de mortalidade infantil (por mil nascidos vivos)"
3547700,"Santo Anastácio",10.51051051,2016,"Longevidade",10.76,"Taxas de mortalidade infantil (por mil nascidos vivos)"
3547700,"Santo Anastácio",10.88646967,2018,"Longevidade",10.78,"Taxas de mortalidade infantil (por mil nascidos vivos)"
3547700,"Santo Anastácio",11.62790698,2020,"Longevidade",10.47,"Taxas de mortalidade infantil (por mil nascidos vivos)"
3547700,"Santo Anastácio",15.625,2022,"Longevidade",10.33,"Taxas de mortalidade infantil (por mil nascidos vivos)"
3547700,"Santo Anastácio",10.8892922,2024,"Longevidade",11.16,"Taxas de mortalidade infantil (por mil nascidos vivos)"
3547809,"Santo André",10.06934199,2014,"Longevidade",11.45,"Taxas de mortalidade infantil (por mil nascidos vivos)"
3547809,"Santo André",8.673827188,2016,"Longevidade",10.76,"Taxas de mortalidade infantil (por mil nascidos vivos)"
3547809,"Santo André",8.363379549,2018,"Longevidade",10.78,"Taxas de mortalidade infantil (por mil nascidos vivos)"
3547809,"Santo André",8.70157385,2020,"Longevidade",10.47,"Taxas de mortalidade infantil (por mil nascidos vivos)"
3547809,"Santo André",9.168958906,2022,"Longevidade",10.33,"Taxas de mortalidade infantil (por mil nascidos vivos)"
3547809,"Santo André",9.904605413,2024,"Longevidade",11.16,"Taxas de mortalidade infantil (por mil nascidos vivos)"
3547908,"Santo Antônio da Alegria",10.52631579,2014,"Longevidade",11.45,"Taxas de mortalidade infantil (por mil nascidos vivos)"
3547908,"Santo Antônio da Alegria",10.22494888,2016,"Longevidade",10.76,"Taxas de mortalidade infantil (por mil nascidos vivos)"
3547908,"Santo Antônio da Alegria",10.18329939,2018,"Longevidade",10.78,"Taxas de mortalidade infantil (por mil nascidos vivos)"
3547908,"Santo Antônio da Alegria",13.77952756,2020,"Longevidade",10.47,"Taxas de mortalidade infantil (por mil nascidos vivos)"
3547908,"Santo Antônio da Alegria",7.155635063,2022,"Longevidade",10.33,"Taxas de mortalidade infantil (por mil nascidos vivos)"
3547908,"Santo Antônio da Alegria",7.326007326,2024,"Longevidade",11.16,"Taxas de mortalidade infantil (por mil nascidos vivos)"
3548005,"Santo Antônio de Posse",8.333333333,2014,"Longevidade",11.45,"Taxas de mortalidade infantil (por mil nascidos vivos)"
3548005,"Santo Antônio de Posse",8.403361345,2016,"Longevidade",10.76,"Taxas de mortalidade infantil (por mil nascidos vivos)"
3548005,"Santo Antônio de Posse",8.423586041,2018,"Longevidade",10.78,"Taxas de mortalidade infantil (por mil nascidos vivos)"
3548005,"Santo Antônio de Posse",6.896551724,2020,"Longevidade",10.47,"Taxas de mortalidade infantil (por mil nascidos vivos)"
3548005,"Santo Antônio de Posse",11.54734411,2022,"Longevidade",10.33,"Taxas de mortalidade infantil (por mil nascidos vivos)"
3548005,"Santo Antônio de Posse",10.36866359,2024,"Longevidade",11.16,"Taxas de mortalidade infantil (por mil nascidos vivos)"
3548054,"Santo Antônio do Aracanguá",8.450704225,2014,"Longevidade",11.45,"Taxas de mortalidade infantil (por mil nascidos vivos)"
3548054,"Santo Antônio do Aracanguá",8.95140665,2016,"Longevidade",10.76,"Taxas de mortalidade infantil (por mil nascidos vivos)"
3548054,"Santo Antônio do Aracanguá",12.75510204,2018,"Longevidade",10.78,"Taxas de mortalidade infantil (por mil nascidos vivos)"
3548054,"Santo Antônio do Aracanguá",13.17523057,2020,"Longevidade",10.47,"Taxas de mortalidade infantil (por mil nascidos vivos)"
3548054,"Santo Antônio do Aracanguá",17.24137931,2022,"Longevidade",10.33,"Taxas de mortalidade infantil (por mil nascidos vivos)"
3548054,"Santo Antônio do Aracanguá",16.33986928,2024,"Longevidade",11.16,"Taxas de mortalidade infantil (por mil nascidos vivos)"
3548104,"Santo Antônio do Jardim",5.194805195,2016,"Longevidade",10.76,"Taxas de mortalidade infantil (por mil nascidos vivos)"
3548104,"Santo Antônio do Jardim",5.025125628,2018,"Longevidade",10.78,"Taxas de mortalidade infantil (por mil nascidos vivos)"
3548104,"Santo Antônio do Jardim",5.194805195,2020,"Longevidade",10.47,"Taxas de mortalidade infantil (por mil nascidos vivos)"
3548104,"Santo Antônio do Jardim",10.07556675,2022,"Longevidade",10.33,"Taxas de mortalidade infantil (por mil nascidos vivos)"
3548104,"Santo Antônio do Jardim",7.299270073,2024,"Longevidade",11.16,"Taxas de mortalidade infantil (por mil nascidos vivos)"
3548203,"Santo Antônio do Pinhal",17.37756714,2014,"Longevidade",11.45,"Taxas de mortalidade infantil (por mil nascidos vivos)"
3548203,"Santo Antônio do Pinhal",14.7299509,2016,"Longevidade",10.76,"Taxas de mortalidade infantil (por mil nascidos vivos)"
3548203,"Santo Antônio do Pinhal",13.28903654,2018,"Longevidade",10.78,"Taxas de mortalidade infantil (por mil nascidos vivos)"
3548203,"Santo Antônio do Pinhal",17.30103806,2020,"Longevidade",10.47,"Taxas de mortalidade infantil (por mil nascidos vivos)"
3548203,"Santo Antônio do Pinhal",19.13043478,2022,"Longevidade",10.33,"Taxas de mortalidade infantil (por mil nascidos vivos)"
3548203,"Santo Antônio do Pinhal",14.03508772,2024,"Longevidade",11.16,"Taxas de mortalidade infantil (por mil nascidos vivos)"
3548302,"Santo Expedito",9.302325581,2014,"Longevidade",11.45,"Taxas de mortalidade infantil (por mil nascidos vivos)"
3548302,"Santo Expedito",8.968609865,2016,"Longevidade",10.76,"Taxas de mortalidade infantil (por mil nascidos vivos)"
3548302,"Santo Expedito",8.230452675,2018,"Longevidade",10.78,"Taxas de mortalidade infantil (por mil nascidos vivos)"
3548302,"Santo Expedito",3.984063745,2020,"Longevidade",10.47,"Taxas de mortalidade infantil (por mil nascidos vivos)"
3548302,"Santo Expedito",8.196721311,2022,"Longevidade",10.33,"Taxas de mortalidade infantil (por mil nascidos vivos)"
3548302,"Santo Expedito",8.298755187,2024,"Longevidade",11.16,"Taxas de mortalidade infantil (por mil nascidos vivos)"
3548401,"Santópolis do Aguapeí",16.62707838,2014,"Longevidade",11.45,"Taxas de mortalidade infantil (por mil nascidos vivos)"
3548401,"Santópolis do Aguapeí",14.31980907,2016,"Longevidade",10.76,"Taxas de mortalidade infantil (por mil nascidos vivos)"
3548401,"Santópolis do Aguapeí",14.1509434,2018,"Longevidade",10.78,"Taxas de mortalidade infantil (por mil nascidos vivos)"
3548401,"Santópolis do Aguapeí",16,2020,"Longevidade",10.47,"Taxas de mortalidade infantil (por mil nascidos vivos)"
3548401,"Santópolis do Aguapeí",14.16430595,2022,"Longevidade",10.33,"Taxas de mortalidade infantil (por mil nascidos vivos)"
3548401,"Santópolis do Aguapeí",6.25,2024,"Longevidade",11.16,"Taxas de mortalidade infantil (por mil nascidos vivos)"
3548500,"Santos",13.65461847,2014,"Longevidade",11.45,"Taxas de mortalidade infantil (por mil nascidos vivos)"
3548500,"Santos",11.86859767,2016,"Longevidade",10.76,"Taxas de mortalidade infantil (por mil nascidos vivos)"
3548500,"Santos",12.32876712,2018,"Longevidade",10.78,"Taxas de mortalidade infantil (por mil nascidos vivos)"
3548500,"Santos",10.31959954,2020,"Longevidade",10.47,"Taxas de mortalidade infantil (por mil nascidos vivos)"
3548500,"Santos",9.163208852,2022,"Longevidade",10.33,"Taxas de mortalidade infantil (por mil nascidos vivos)"
3548500,"Santos",10.44169285,2024,"Longevidade",11.16,"Taxas de mortalidade infantil (por mil nascidos vivos)"
3548609,"São Bento do Sapucaí",4.62962963,2014,"Longevidade",11.45,"Taxas de mortalidade infantil (por mil nascidos vivos)"
3548609,"São Bento do Sapucaí",5.333333333,2016,"Longevidade",10.76,"Taxas de mortalidade infantil (por mil nascidos vivos)"
3548609,"São Bento do Sapucaí",8.108108108,2018,"Longevidade",10.78,"Taxas de mortalidade infantil (por mil nascidos vivos)"
3548609,"São Bento do Sapucaí",5.780346821,2020,"Longevidade",10.47,"Taxas de mortalidade infantil (por mil nascidos vivos)"
3548609,"São Bento do Sapucaí",15.87301587,2024,"Longevidade",11.16,"Taxas de mortalidade infantil (por mil nascidos vivos)"
3548708,"São Bernardo do Campo",10.2666946,2014,"Longevidade",11.45,"Taxas de mortalidade infantil (por mil nascidos vivos)"
3548708,"São Bernardo do Campo",9.255338455,2016,"Longevidade",10.76,"Taxas de mortalidade infantil (por mil nascidos vivos)"
3548708,"São Bernardo do Campo",9.618634953,2018,"Longevidade",10.78,"Taxas de mortalidade infantil (por mil nascidos vivos)"
3548708,"São Bernardo do Campo",9.528267193,2020,"Longevidade",10.47,"Taxas de mortalidade infantil (por mil nascidos vivos)"
3548708,"São Bernardo do Campo",9.50109628,2022,"Longevidade",10.33,"Taxas de mortalidade infantil (por mil nascidos vivos)"
3548708,"São Bernardo do Campo",9.100274725,2024,"Longevidade",11.16,"Taxas de mortalidade infantil (por mil nascidos vivos)"
3548807,"São Caetano do Sul",6.450388921,2014,"Longevidade",11.45,"Taxas de mortalidade infantil (por mil nascidos vivos)"
3548807,"São Caetano do Sul",10.42238069,2016,"Longevidade",10.76,"Taxas de mortalidade infantil (por mil nascidos vivos)"
3548807,"São Caetano do Sul",10.28806584,2018,"Longevidade",10.78,"Taxas de mortalidade infantil (por mil nascidos vivos)"
3548807,"São Caetano do Sul",8.759421471,2020,"Longevidade",10.47,"Taxas de mortalidade infantil (por mil nascidos vivos)"
3548807,"São Caetano do Sul",8.007320979,2022,"Longevidade",10.33,"Taxas de mortalidade infantil (por mil nascidos vivos)"
3548807,"São Caetano do Sul",7.482500603,2024,"Longevidade",11.16,"Taxas de mortalidade infantil (por mil nascidos vivos)"
3548906,"São Carlos",10.4498955,2014,"Longevidade",11.45,"Taxas de mortalidade infantil (por mil nascidos vivos)"
3548906,"São Carlos",8.407777194,2016,"Longevidade",10.76,"Taxas de mortalidade infantil (por mil nascidos vivos)"
3548906,"São Carlos",8.244625339,2018,"Longevidade",10.78,"Taxas de mortalidade infantil (por mil nascidos vivos)"
3548906,"São Carlos",7.421150278,2020,"Longevidade",10.47,"Taxas de mortalidade infantil (por mil nascidos vivos)"
3548906,"São Carlos",9.857482185,2022,"Longevidade",10.33,"Taxas de mortalidade infantil (por mil nascidos vivos)"
3548906,"São Carlos",11.28312779,2024,"Longevidade",11.16,"Taxas de mortalidade infantil (por mil nascidos vivos)"
3549003,"São Francisco",10.15228426,2014,"Longevidade",11.45,"Taxas de mortalidade infantil (por mil nascidos vivos)"
3549003,"São Francisco",10.1010101,2016,"Longevidade",10.76,"Taxas de mortalidade infantil (por mil nascidos vivos)"
3549003,"São Francisco",10.256410259999999,2018,"Longevidade",10.78,"Taxas de mortalidade infantil (por mil nascidos vivos)"
3549003,"São Francisco",6.097560976,2024,"Longevidade",11.16,"Taxas de mortalidade infantil (por mil nascidos vivos)"
3549102,"São João da Boa Vista",9.121621622,2014,"Longevidade",11.45,"Taxas de mortalidade infantil (por mil nascidos vivos)"
3549102,"São João da Boa Vista",11.34572959,2016,"Longevidade",10.76,"Taxas de mortalidade infantil (por mil nascidos vivos)"
3549102,"São João da Boa Vista",9.699624531,2018,"Longevidade",10.78,"Taxas de mortalidade infantil (por mil nascidos vivos)"
3549102,"São João da Boa Vista",11.81877873,2020,"Longevidade",10.47,"Taxas de mortalidade infantil (por mil nascidos vivos)"
3549102,"São João da Boa Vista",10.57082452,2022,"Longevidade",10.33,"Taxas de mortalidade infantil (por mil nascidos vivos)"
3549102,"São João da Boa Vista",8.695652174,2024,"Longevidade",11.16,"Taxas de mortalidade infantil (por mil nascidos vivos)"
3549201,"São João das Duas Pontes",15.07537688,2014,"Longevidade",11.45,"Taxas de mortalidade infantil (por mil nascidos vivos)"
3549201,"São João das Duas Pontes",10.41666667,2016,"Longevidade",10.76,"Taxas de mortalidade infantil (por mil nascidos vivos)"
3549201,"São João das Duas Pontes",5.263157895,2018,"Longevidade",10.78,"Taxas de mortalidade infantil (por mil nascidos vivos)"
3549201,"São João das Duas Pontes",5.649717514,2020,"Longevidade",10.47,"Taxas de mortalidade infantil (por mil nascidos vivos)"
3549201,"São João das Duas Pontes",11.42857143,2024,"Longevidade",11.16,"Taxas de mortalidade infantil (por mil nascidos vivos)"
3549250,"São João de Iracema",32,2014,"Longevidade",11.45,"Taxas de mortalidade infantil (por mil nascidos vivos)"
3549250,"São João de Iracema",14.92537313,2016,"Longevidade",10.76,"Taxas de mortalidade infantil (por mil nascidos vivos)"
3549250,"São João de Iracema",13.69863014,2018,"Longevidade",10.78,"Taxas de mortalidade infantil (por mil nascidos vivos)"
3549300,"São João do Pau d'Alho",6.896551724,2014,"Longevidade",11.45,"Taxas de mortalidade infantil (por mil nascidos vivos)"
3549300,"São João do Pau d'Alho",6.944444444,2016,"Longevidade",10.76,"Taxas de mortalidade infantil (por mil nascidos vivos)"
3549300,"São João do Pau d'Alho",7.352941176,2018,"Longevidade",10.78,"Taxas de mortalidade infantil (por mil nascidos vivos)"
3549300,"São João do Pau d'Alho",27.39726027,2020,"Longevidade",10.47,"Taxas de mortalidade infantil (por mil nascidos vivos)"
3549300,"São João do Pau d'Alho",21.42857143,2022,"Longevidade",10.33,"Taxas de mortalidade infantil (por mil nascidos vivos)"
3549300,"São João do Pau d'Alho",20.97902098,2024,"Longevidade",11.16,"Taxas de mortalidade infantil (por mil nascidos vivos)"
3549409,"São Joaquim da Barra",7.138934651,2014,"Longevidade",11.45,"Taxas de mortalidade infantil (por mil nascidos vivos)"
3549409,"São Joaquim da Barra",8.484162896,2016,"Longevidade",10.76,"Taxas de mortalidade infantil (por mil nascidos vivos)"
3549409,"São Joaquim da Barra",11.68907072,2018,"Longevidade",10.78,"Taxas de mortalidade infantil (por mil nascidos vivos)"
3549409,"São Joaquim da Barra",12.15066829,2020,"Longevidade",10.47,"Taxas de mortalidade infantil (por mil nascidos vivos)"
3549409,"São Joaquim da Barra",7.318695941,2022,"Longevidade",10.33,"Taxas de mortalidade infantil (por mil nascidos vivos)"
3549409,"São Joaquim da Barra",13.51351351,2024,"Longevidade",11.16,"Taxas de mortalidade infantil (por mil nascidos vivos)"
3549508,"São José da Bela Vista",18.79699248,2014,"Longevidade",11.45,"Taxas de mortalidade infantil (por mil nascidos vivos)"
3549508,"São José da Bela Vista",18.46965699,2016,"Longevidade",10.76,"Taxas de mortalidade infantil (por mil nascidos vivos)"
3549508,"São José da Bela Vista",18.66666667,2018,"Longevidade",10.78,"Taxas de mortalidade infantil (por mil nascidos vivos)"
3549508,"São José da Bela Vista",15.0273224,2020,"Longevidade",10.47,"Taxas de mortalidade infantil (por mil nascidos vivos)"
3549508,"São José da Bela Vista",14.97005988,2022,"Longevidade",10.33,"Taxas de mortalidade infantil (por mil nascidos vivos)"
3549508,"São José da Bela Vista",10.43478261,2024,"Longevidade",11.16,"Taxas de mortalidade infantil (por mil nascidos vivos)"
3549607,"São José do Barreiro",14.32664756,2014,"Longevidade",11.45,"Taxas de mortalidade infantil (por mil nascidos vivos)"
3549607,"São José do Barreiro",12.57861635,2016,"Longevidade",10.76,"Taxas de mortalidade infantil (por mil nascidos vivos)"
3549607,"São José do Barreiro",9.677419355,2018,"Longevidade",10.78,"Taxas de mortalidade infantil (por mil nascidos vivos)"
3549607,"São José do Barreiro",20.13422819,2020,"Longevidade",10.47,"Taxas de mortalidade infantil (por mil nascidos vivos)"
3549607,"São José do Barreiro",13.79310345,2022,"Longevidade",10.33,"Taxas de mortalidade infantil (por mil nascidos vivos)"
3549607,"São José do Barreiro",25.17985612,2024,"Longevidade",11.16,"Taxas de mortalidade infantil (por mil nascidos vivos)"
3549706,"São José do Rio Pardo",14.79289941,2014,"Longevidade",11.45,"Taxas de mortalidade infantil (por mil nascidos vivos)"
3549706,"São José do Rio Pardo",7.808687164,2016,"Longevidade",10.76,"Taxas de mortalidade infantil (por mil nascidos vivos)"
3549706,"São José do Rio Pardo",6.842619746,2018,"Longevidade",10.78,"Taxas de mortalidade infantil (por mil nascidos vivos)"
3549706,"São José do Rio Pardo",9.054325956,2020,"Longevidade",10.47,"Taxas de mortalidade infantil (por mil nascidos vivos)"
3549706,"São José do Rio Pardo",17.73455378,2022,"Longevidade",10.33,"Taxas de mortalidade infantil (por mil nascidos vivos)"
3549706,"São José do Rio Pardo",15.89319771,2024,"Longevidade",11.16,"Taxas de mortalidade infantil (por mil nascidos vivos)"
3549805,"São José do Rio Preto",8.758498193,2014,"Longevidade",11.45,"Taxas de mortalidade infantil (por mil nascidos vivos)"
3549805,"São José do Rio Preto",7.787973919,2016,"Longevidade",10.76,"Taxas de mortalidade infantil (por mil nascidos vivos)"
3549805,"São José do Rio Preto",8.409970958,2018,"Longevidade",10.78,"Taxas de mortalidade infantil (por mil nascidos vivos)"
3549805,"São José do Rio Preto",8.663440282,2020,"Longevidade",10.47,"Taxas de mortalidade infantil (por mil nascidos vivos)"
3549805,"São José do Rio Preto",7.797021793,2022,"Longevidade",10.33,"Taxas de mortalidade infantil (por mil nascidos vivos)"
3549805,"São José do Rio Preto",10.17182131,2024,"Longevidade",11.16,"Taxas de mortalidade infantil (por mil nascidos vivos)"
3549904,"São José dos Campos",10.74454164,2014,"Longevidade",11.45,"Taxas de mortalidade infantil (por mil nascidos vivos)"
3549904,"São José dos Campos",10.39658496,2016,"Longevidade",10.76,"Taxas de mortalidade infantil (por mil nascidos vivos)"
3549904,"São José dos Campos",9.768726269,2018,"Longevidade",10.78,"Taxas de mortalidade infantil (por mil nascidos vivos)"
3549904,"São José dos Campos",10.26649192,2020,"Longevidade",10.47,"Taxas de mortalidade infantil (por mil nascidos vivos)"
3549904,"São José dos Campos",9.676395939,2022,"Longevidade",10.33,"Taxas de mortalidade infantil (por mil nascidos vivos)"
3549904,"São José dos Campos",9.579359673,2024,"Longevidade",11.16,"Taxas de mortalidade infantil (por mil nascidos vivos)"
3549953,"São Lourenço da Serra",7.974481659,2014,"Longevidade",11.45,"Taxas de mortalidade infantil (por mil nascidos vivos)"
3549953,"São Lourenço da Serra",13.99688958,2016,"Longevidade",10.76,"Taxas de mortalidade infantil (por mil nascidos vivos)"
3549953,"São Lourenço da Serra",10.97178683,2018,"Longevidade",10.78,"Taxas de mortalidade infantil (por mil nascidos vivos)"
3549953,"São Lourenço da Serra",8.517887564,2020,"Longevidade",10.47,"Taxas de mortalidade infantil (por mil nascidos vivos)"
3549953,"São Lourenço da Serra",12.30228471,2022,"Longevidade",10.33,"Taxas de mortalidade infantil (por mil nascidos vivos)"
3549953,"São Lourenço da Serra",21.56862745,2024,"Longevidade",11.16,"Taxas de mortalidade infantil (por mil nascidos vivos)"
3550001,"São Luiz do Paraitinga",15.01501502,2014,"Longevidade",11.45,"Taxas de mortalidade infantil (por mil nascidos vivos)"
3550001,"São Luiz do Paraitinga",3.164556962,2020,"Longevidade",10.47,"Taxas de mortalidade infantil (por mil nascidos vivos)"
3550001,"São Luiz do Paraitinga",15.57632399,2022,"Longevidade",10.33,"Taxas de mortalidade infantil (por mil nascidos vivos)"
3550001,"São Luiz do Paraitinga",18.46153846,2024,"Longevidade",11.16,"Taxas de mortalidade infantil (por mil nascidos vivos)"
3550100,"São Manuel",13.61867704,2014,"Longevidade",11.45,"Taxas de mortalidade infantil (por mil nascidos vivos)"
3550100,"São Manuel",9.090909091,2016,"Longevidade",10.76,"Taxas de mortalidade infantil (por mil nascidos vivos)"
3550100,"São Manuel",6.565988181,2018,"Longevidade",10.78,"Taxas de mortalidade infantil (por mil nascidos vivos)"
3550100,"São Manuel",7.062146893,2020,"Longevidade",10.47,"Taxas de mortalidade infantil (por mil nascidos vivos)"
3550100,"São Manuel",9.332376167,2022,"Longevidade",10.33,"Taxas de mortalidade infantil (por mil nascidos vivos)"
3550100,"São Manuel",12.74426508,2024,"Longevidade",11.16,"Taxas de mortalidade infantil (por mil nascidos vivos)"
3550209,"São Miguel Arcanjo",13.27088212,2014,"Longevidade",11.45,"Taxas de mortalidade infantil (por mil nascidos vivos)"
3550209,"São Miguel Arcanjo",17.14731099,2016,"Longevidade",10.76,"Taxas de mortalidade infantil (por mil nascidos vivos)"
3550209,"São Miguel Arcanjo",20.1863354,2018,"Longevidade",10.78,"Taxas de mortalidade infantil (por mil nascidos vivos)"
3550209,"São Miguel Arcanjo",15,2020,"Longevidade",10.47,"Taxas de mortalidade infantil (por mil nascidos vivos)"
3550209,"São Miguel Arcanjo",9.90990991,2022,"Longevidade",10.33,"Taxas de mortalidade infantil (por mil nascidos vivos)"
3550209,"São Miguel Arcanjo",8.58778626,2024,"Longevidade",11.16,"Taxas de mortalidade infantil (por mil nascidos vivos)"
3550308,"São Paulo",11.065419,2014,"Longevidade",11.45,"Taxas de mortalidade infantil (por mil nascidos vivos)"
3550308,"São Paulo",10.91644571,2016,"Longevidade",10.76,"Taxas de mortalidade infantil (por mil nascidos vivos)"
3550308,"São Paulo",11.02579444,2018,"Longevidade",10.78,"Taxas de mortalidade infantil (por mil nascidos vivos)"
3550308,"São Paulo",10.84838456,2020,"Longevidade",10.47,"Taxas de mortalidade infantil (por mil nascidos vivos)"
3550308,"São Paulo",10.53684142,2022,"Longevidade",10.33,"Taxas de mortalidade infantil (por mil nascidos vivos)"
3550308,"São Paulo",11.0666842,2024,"Longevidade",11.16,"Taxas de mortalidade infantil (por mil nascidos vivos)"
3550407,"São Pedro",12.24489796,2014,"Longevidade",11.45,"Taxas de mortalidade infantil (por mil nascidos vivos)"
3550407,"São Pedro",8.513931889,2016,"Longevidade",10.76,"Taxas de mortalidade infantil (por mil nascidos vivos)"
3550407,"São Pedro",7.025761124,2018,"Longevidade",10.78,"Taxas de mortalidade infantil (por mil nascidos vivos)"
3550407,"São Pedro",8.196721311,2020,"Longevidade",10.47,"Taxas de mortalidade infantil (por mil nascidos vivos)"
3550407,"São Pedro",8.417508418,2022,"Longevidade",10.33,"Taxas de mortalidade infantil (por mil nascidos vivos)"
3550407,"São Pedro",9.417808219,2024,"Longevidade",11.16,"Taxas de mortalidade infantil (por mil nascidos vivos)"
3550506,"São Pedro do Turvo",4.838709677,2014,"Longevidade",11.45,"Taxas de mortalidade infantil (por mil nascidos vivos)"
3550506,"São Pedro do Turvo",8.210180624,2016,"Longevidade",10.76,"Taxas de mortalidade infantil (por mil nascidos vivos)"
3550506,"São Pedro do Turvo",7.751937984,2018,"Longevidade",10.78,"Taxas de mortalidade infantil (por mil nascidos vivos)"
3550506,"São Pedro do Turvo",6.25,2020,"Longevidade",10.47,"Taxas de mortalidade infantil (por mil nascidos vivos)"
3550506,"São Pedro do Turvo",10.97178683,2022,"Longevidade",10.33,"Taxas de mortalidade infantil (por mil nascidos vivos)"
3550506,"São Pedro do Turvo",6.430868167,2024,"Longevidade",11.16,"Taxas de mortalidade infantil (por mil nascidos vivos)"
3550605,"São Roque",12.04427083,2014,"Longevidade",11.45,"Taxas de mortalidade infantil (por mil nascidos vivos)"
3550605,"São Roque",13.36573512,2016,"Longevidade",10.76,"Taxas de mortalidade infantil (por mil nascidos vivos)"
3550605,"São Roque",15.07692308,2018,"Longevidade",10.78,"Taxas de mortalidade infantil (por mil nascidos vivos)"
3550605,"São Roque",11.07491857,2020,"Longevidade",10.47,"Taxas de mortalidade infantil (por mil nascidos vivos)"
3550605,"São Roque",5.976839746,2022,"Longevidade",10.33,"Taxas de mortalidade infantil (por mil nascidos vivos)"
3550605,"São Roque",8.678500986,2024,"Longevidade",11.16,"Taxas de mortalidade infantil (por mil nascidos vivos)"
3550704,"São Sebastião",12.5293657,2014,"Longevidade",11.45,"Taxas de mortalidade infantil (por mil nascidos vivos)"
3550704,"São Sebastião",9.071504803,2016,"Longevidade",10.76,"Taxas de mortalidade infantil (por mil nascidos vivos)"
3550704,"São Sebastião",8.85193133,2018,"Longevidade",10.78,"Taxas de mortalidade infantil (por mil nascidos vivos)"
3550704,"São Sebastião",11.1049417,2020,"Longevidade",10.47,"Taxas de mortalidade infantil (por mil nascidos vivos)"
3550704,"São Sebastião",12.76102088,2022,"Longevidade",10.33,"Taxas de mortalidade infantil (por mil nascidos vivos)"
3550704,"São Sebastião",13.0027215,2024,"Longevidade",11.16,"Taxas de mortalidade infantil (por mil nascidos vivos)"
3550803,"São Sebastião da Grama",12.91989664,2014,"Longevidade",11.45,"Taxas de mortalidade infantil (por mil nascidos vivos)"
3550803,"São Sebastião da Grama",12.6984127,2016,"Longevidade",10.76,"Taxas de mortalidade infantil (por mil nascidos vivos)"
3550803,"São Sebastião da Grama",6.389776358,2018,"Longevidade",10.78,"Taxas de mortalidade infantil (por mil nascidos vivos)"
3550803,"São Sebastião da Grama",6.644518272,2020,"Longevidade",10.47,"Taxas de mortalidade infantil (por mil nascidos vivos)"
3550803,"São Sebastião da Grama",18.18181818,2022,"Longevidade",10.33,"Taxas de mortalidade infantil (por mil nascidos vivos)"
3550803,"São Sebastião da Grama",12.19512195,2024,"Longevidade",11.16,"Taxas de mortalidade infantil (por mil nascidos vivos)"
3550902,"São Simão",4.319654428,2014,"Longevidade",11.45,"Taxas de mortalidade infantil (por mil nascidos vivos)"
3550902,"São Simão",14.08450704,2016,"Longevidade",10.76,"Taxas de mortalidade infantil (por mil nascidos vivos)"
3550902,"São Simão",12.75510204,2018,"Longevidade",10.78,"Taxas de mortalidade infantil (por mil nascidos vivos)"
3550902,"São Simão",18.13471503,2020,"Longevidade",10.47,"Taxas de mortalidade infantil (por mil nascidos vivos)"
3550902,"São Simão",13.66120219,2022,"Longevidade",10.33,"Taxas de mortalidade infantil (por mil nascidos vivos)"
3550902,"São Simão",13.73626374,2024,"Longevidade",11.16,"Taxas de mortalidade infantil (por mil nascidos vivos)"
3551009,"São Vicente",15.361178110000001,2014,"Longevidade",11.45,"Taxas de mortalidade infantil (por mil nascidos vivos)"
3551009,"São Vicente",14.65125877,2016,"Longevidade",10.76,"Taxas de mortalidade infantil (por mil nascidos vivos)"
3551009,"São Vicente",14.08248312,2018,"Longevidade",10.78,"Taxas de mortalidade infantil (por mil nascidos vivos)"
3551009,"São Vicente",12.71738298,2020,"Longevidade",10.47,"Taxas de mortalidade infantil (por mil nascidos vivos)"
3551009,"São Vicente",11.9047619,2022,"Longevidade",10.33,"Taxas de mortalidade infantil (por mil nascidos vivos)"
3551009,"São Vicente",13.09390198,2024,"Longevidade",11.16,"Taxas de mortalidade infantil (por mil nascidos vivos)"
3551108,"Sarapuí",15.73849879,2014,"Longevidade",11.45,"Taxas de mortalidade infantil (por mil nascidos vivos)"
3551108,"Sarapuí",13.76146789,2016,"Longevidade",10.76,"Taxas de mortalidade infantil (por mil nascidos vivos)"
3551108,"Sarapuí",12.89566237,2018,"Longevidade",10.78,"Taxas de mortalidade infantil (por mil nascidos vivos)"
3551108,"Sarapuí",11.8694362,2020,"Longevidade",10.47,"Taxas de mortalidade infantil (por mil nascidos vivos)"
3551108,"Sarapuí",17.09401709,2022,"Longevidade",10.33,"Taxas de mortalidade infantil (por mil nascidos vivos)"
3551108,"Sarapuí",5.83090379,2024,"Longevidade",11.16,"Taxas de mortalidade infantil (por mil nascidos vivos)"
3551207,"Sarutaiá",8.849557522,2014,"Longevidade",11.45,"Taxas de mortalidade infantil (por mil nascidos vivos)"
3551207,"Sarutaiá",12.04819277,2016,"Longevidade",10.76,"Taxas de mortalidade infantil (por mil nascidos vivos)"
3551207,"Sarutaiá",9.404388715,2018,"Longevidade",10.78,"Taxas de mortalidade infantil (por mil nascidos vivos)"
3551207,"Sarutaiá",9.174311927,2020,"Longevidade",10.47,"Taxas de mortalidade infantil (por mil nascidos vivos)"
3551207,"Sarutaiá",9.345794393,2022,"Longevidade",10.33,"Taxas de mortalidade infantil (por mil nascidos vivos)"
3551207,"Sarutaiá",6.369426752,2024,"Longevidade",11.16,"Taxas de mortalidade infantil (por mil nascidos vivos)"
3551306,"Sebastianópolis do Sul",7.751937984,2014,"Longevidade",11.45,"Taxas de mortalidade infantil (por mil nascidos vivos)"
3551306,"Sebastianópolis do Sul",8.032128514,2016,"Longevidade",10.76,"Taxas de mortalidade infantil (por mil nascidos vivos)"
3551306,"Sebastianópolis do Sul",7.722007722,2018,"Longevidade",10.78,"Taxas de mortalidade infantil (por mil nascidos vivos)"
3551306,"Sebastianópolis do Sul",7.874015748,2020,"Longevidade",10.47,"Taxas de mortalidade infantil (por mil nascidos vivos)"
3551306,"Sebastianópolis do Sul",8.510638298,2022,"Longevidade",10.33,"Taxas de mortalidade infantil (por mil nascidos vivos)"
3551306,"Sebastianópolis do Sul",8.695652174,2024,"Longevidade",11.16,"Taxas de mortalidade infantil (por mil nascidos vivos)"
3551405,"Serra Azul",10.20408163,2014,"Longevidade",11.45,"Taxas de mortalidade infantil (por mil nascidos vivos)"
3551405,"Serra Azul",10.41666667,2016,"Longevidade",10.76,"Taxas de mortalidade infantil (por mil nascidos vivos)"
3551405,"Serra Azul",11.29943503,2018,"Longevidade",10.78,"Taxas de mortalidade infantil (por mil nascidos vivos)"
3551405,"Serra Azul",29.94011976,2020,"Longevidade",10.47,"Taxas de mortalidade infantil (por mil nascidos vivos)"
3551405,"Serra Azul",12.38390093,2022,"Longevidade",10.33,"Taxas de mortalidade infantil (por mil nascidos vivos)"
3551405,"Serra Azul",3.448275862,2024,"Longevidade",11.16,"Taxas de mortalidade infantil (por mil nascidos vivos)"
3551504,"Serrana",8.840353614,2014,"Longevidade",11.45,"Taxas de mortalidade infantil (por mil nascidos vivos)"
3551504,"Serrana",7.911392405,2016,"Longevidade",10.76,"Taxas de mortalidade infantil (por mil nascidos vivos)"
3551504,"Serrana",8.055853921,2018,"Longevidade",10.78,"Taxas de mortalidade infantil (por mil nascidos vivos)"
3551504,"Serrana",8.918617614,2020,"Longevidade",10.47,"Taxas de mortalidade infantil (por mil nascidos vivos)"
3551504,"Serrana",9.276437848,2022,"Longevidade",10.33,"Taxas de mortalidade infantil (por mil nascidos vivos)"
3551504,"Serrana",10.48735349,2024,"Longevidade",11.16,"Taxas de mortalidade infantil (por mil nascidos vivos)"
3551603,"Serra Negra",14.33296582,2014,"Longevidade",11.45,"Taxas de mortalidade infantil (por mil nascidos vivos)"
3551603,"Serra Negra",7.194244604,2016,"Longevidade",10.76,"Taxas de mortalidade infantil (por mil nascidos vivos)"
3551603,"Serra Negra",5.117707267,2018,"Longevidade",10.78,"Taxas de mortalidade infantil (por mil nascidos vivos)"
3551603,"Serra Negra",10.83423619,2020,"Longevidade",10.47,"Taxas de mortalidade infantil (por mil nascidos vivos)"
3551603,"Serra Negra",9.661835749,2022,"Longevidade",10.33,"Taxas de mortalidade infantil (por mil nascidos vivos)"
3551603,"Serra Negra",6.868131868,2024,"Longevidade",11.16,"Taxas de mortalidade infantil (por mil nascidos vivos)"
3551702,"Sertãozinho",12.85092922,2014,"Longevidade",11.45,"Taxas de mortalidade infantil (por mil nascidos vivos)"
3551702,"Sertãozinho",11.66180758,2016,"Longevidade",10.76,"Taxas de mortalidade infantil (por mil nascidos vivos)"
3551702,"Sertãozinho",11.32478632,2018,"Longevidade",10.78,"Taxas de mortalidade infantil (por mil nascidos vivos)"
3551702,"Sertãozinho",10.38355584,2020,"Longevidade",10.47,"Taxas de mortalidade infantil (por mil nascidos vivos)"
3551702,"Sertãozinho",7.978723404,2022,"Longevidade",10.33,"Taxas de mortalidade infantil (por mil nascidos vivos)"
3551702,"Sertãozinho",11.89088366,2024,"Longevidade",11.16,"Taxas de mortalidade infantil (por mil nascidos vivos)"
3551801,"Sete Barras",18.37672282,2014,"Longevidade",11.45,"Taxas de mortalidade infantil (por mil nascidos vivos)"
3551801,"Sete Barras",6.578947368,2016,"Longevidade",10.76,"Taxas de mortalidade infantil (por mil nascidos vivos)"
3551801,"Sete Barras",11.38211382,2018,"Longevidade",10.78,"Taxas de mortalidade infantil (por mil nascidos vivos)"
3551801,"Sete Barras",14.5631068,2020,"Longevidade",10.47,"Taxas de mortalidade infantil (por mil nascidos vivos)"
3551801,"Sete Barras",14.46654611,2022,"Longevidade",10.33,"Taxas de mortalidade infantil (por mil nascidos vivos)"
3551801,"Sete Barras",12.42236025,2024,"Longevidade",11.16,"Taxas de mortalidade infantil (por mil nascidos vivos)"
3551900,"Severínia",9.146341463,2014,"Longevidade",11.45,"Taxas de mortalidade infantil (por mil nascidos vivos)"
3551900,"Severínia",11.11111111,2016,"Longevidade",10.76,"Taxas de mortalidade infantil (por mil nascidos vivos)"
3551900,"Severínia",14.58670989,2018,"Longevidade",10.78,"Taxas de mortalidade infantil (por mil nascidos vivos)"
3551900,"Severínia",24.07704655,2020,"Longevidade",10.47,"Taxas de mortalidade infantil (por mil nascidos vivos)"
3551900,"Severínia",17.11026616,2022,"Longevidade",10.33,"Taxas de mortalidade infantil (por mil nascidos vivos)"
3551900,"Severínia",19.78021978,2024,"Longevidade",11.16,"Taxas de mortalidade infantil (por mil nascidos vivos)"
3552007,"Silveiras",17.40812379,2014,"Longevidade",11.45,"Taxas de mortalidade infantil (por mil nascidos vivos)"
3552007,"Silveiras",15.23809524,2016,"Longevidade",10.76,"Taxas de mortalidade infantil (por mil nascidos vivos)"
3552007,"Silveiras",15.26717557,2018,"Longevidade",10.78,"Taxas de mortalidade infantil (por mil nascidos vivos)"
3552007,"Silveiras",17.71653543,2020,"Longevidade",10.47,"Taxas de mortalidade infantil (por mil nascidos vivos)"
3552007,"Silveiras",19.30501931,2022,"Longevidade",10.33,"Taxas de mortalidade infantil (por mil nascidos vivos)"
3552007,"Silveiras",15.3256705,2024,"Longevidade",11.16,"Taxas de mortalidade infantil (por mil nascidos vivos)"
3552106,"Socorro",16.20745543,2014,"Longevidade",11.45,"Taxas de mortalidade infantil (por mil nascidos vivos)"
3552106,"Socorro",11.46601147,2016,"Longevidade",10.76,"Taxas de mortalidade infantil (por mil nascidos vivos)"
3552106,"Socorro",12.934519,2018,"Longevidade",10.78,"Taxas de mortalidade infantil (por mil nascidos vivos)"
3552106,"Socorro",14.38848921,2020,"Longevidade",10.47,"Taxas de mortalidade infantil (por mil nascidos vivos)"
3552106,"Socorro",9.337860781,2022,"Longevidade",10.33,"Taxas de mortalidade infantil (por mil nascidos vivos)"
3552106,"Socorro",9.548611111,2024,"Longevidade",11.16,"Taxas de mortalidade infantil (por mil nascidos vivos)"
3552205,"Sorocaba",12.21256464,2014,"Longevidade",11.45,"Taxas de mortalidade infantil (por mil nascidos vivos)"
3552205,"Sorocaba",10.40609137,2016,"Longevidade",10.76,"Taxas de mortalidade infantil (por mil nascidos vivos)"
3552205,"Sorocaba",10.33432446,2018,"Longevidade",10.78,"Taxas de mortalidade infantil (por mil nascidos vivos)"
3552205,"Sorocaba",9.871559633,2020,"Longevidade",10.47,"Taxas de mortalidade infantil (por mil nascidos vivos)"
3552205,"Sorocaba",10.88362889,2022,"Longevidade",10.33,"Taxas de mortalidade infantil (por mil nascidos vivos)"
3552205,"Sorocaba",10.9800257,2024,"Longevidade",11.16,"Taxas de mortalidade infantil (por mil nascidos vivos)"
3552304,"Sud Mennucci",5.148005148,2014,"Longevidade",11.45,"Taxas de mortalidade infantil (por mil nascidos vivos)"
3552304,"Sud Mennucci",5.625879044,2016,"Longevidade",10.76,"Taxas de mortalidade infantil (por mil nascidos vivos)"
3552304,"Sud Mennucci",6.784260516,2018,"Longevidade",10.78,"Taxas de mortalidade infantil (por mil nascidos vivos)"
3552304,"Sud Mennucci",12.74787535,2020,"Longevidade",10.47,"Taxas de mortalidade infantil (por mil nascidos vivos)"
3552304,"Sud Mennucci",8.995502249,2022,"Longevidade",10.33,"Taxas de mortalidade infantil (por mil nascidos vivos)"
3552304,"Sud Mennucci",12.51956182,2024,"Longevidade",11.16,"Taxas de mortalidade infantil (por mil nascidos vivos)"
3552403,"Sumaré",8.897719419,2014,"Longevidade",11.45,"Taxas de mortalidade infantil (por mil nascidos vivos)"
3552403,"Sumaré",7.431804746,2016,"Longevidade",10.76,"Taxas de mortalidade infantil (por mil nascidos vivos)"
3552403,"Sumaré",8.455034589,2018,"Longevidade",10.78,"Taxas de mortalidade infantil (por mil nascidos vivos)"
3552403,"Sumaré",9.012989308,2020,"Longevidade",10.47,"Taxas de mortalidade infantil (por mil nascidos vivos)"
3552403,"Sumaré",8.910212474,2022,"Longevidade",10.33,"Taxas de mortalidade infantil (por mil nascidos vivos)"
3552403,"Sumaré",9.811161515,2024,"Longevidade",11.16,"Taxas de mortalidade infantil (por mil nascidos vivos)"
3552502,"Suzano",11.42768898,2014,"Longevidade",11.45,"Taxas de mortalidade infantil (por mil nascidos vivos)"
3552502,"Suzano",12.54284824,2016,"Longevidade",10.76,"Taxas de mortalidade infantil (por mil nascidos vivos)"
3552502,"Suzano",12.98407187,2018,"Longevidade",10.78,"Taxas de mortalidade infantil (por mil nascidos vivos)"
3552502,"Suzano",11.28753104,2020,"Longevidade",10.47,"Taxas de mortalidade infantil (por mil nascidos vivos)"
3552502,"Suzano",9.955399809,2022,"Longevidade",10.33,"Taxas de mortalidade infantil (por mil nascidos vivos)"
3552502,"Suzano",11.68144611,2024,"Longevidade",11.16,"Taxas de mortalidade infantil (por mil nascidos vivos)"
3552551,"Suzanápolis",12.42236025,2014,"Longevidade",11.45,"Taxas de mortalidade infantil (por mil nascidos vivos)"
3552551,"Suzanápolis",13.422818790000001,2016,"Longevidade",10.76,"Taxas de mortalidade infantil (por mil nascidos vivos)"
3552551,"Suzanápolis",9.803921569,2018,"Longevidade",10.78,"Taxas de mortalidade infantil (por mil nascidos vivos)"
3552551,"Suzanápolis",7.782101167,2020,"Longevidade",10.47,"Taxas de mortalidade infantil (por mil nascidos vivos)"
3552551,"Suzanápolis",7.96812749,2022,"Longevidade",10.33,"Taxas de mortalidade infantil (por mil nascidos vivos)"
3552551,"Suzanápolis",8.333333333,2024,"Longevidade",11.16,"Taxas de mortalidade infantil (por mil nascidos vivos)"
3552601,"Tabapuã",7.142857143,2014,"Longevidade",11.45,"Taxas de mortalidade infantil (por mil nascidos vivos)"
3552601,"Tabapuã",10.78167116,2016,"Longevidade",10.76,"Taxas de mortalidade infantil (por mil nascidos vivos)"
3552601,"Tabapuã",17.75147929,2018,"Longevidade",10.78,"Taxas de mortalidade infantil (por mil nascidos vivos)"
3552601,"Tabapuã",15.38461538,2020,"Longevidade",10.47,"Taxas de mortalidade infantil (por mil nascidos vivos)"
3552601,"Tabapuã",10.13513514,2022,"Longevidade",10.33,"Taxas de mortalidade infantil (por mil nascidos vivos)"
3552601,"Tabapuã",18.86792453,2024,"Longevidade",11.16,"Taxas de mortalidade infantil (por mil nascidos vivos)"
3552700,"Tabatinga",7.246376812,2014,"Longevidade",11.45,"Taxas de mortalidade infantil (por mil nascidos vivos)"
3552700,"Tabatinga",16.05136437,2016,"Longevidade",10.76,"Taxas de mortalidade infantil (por mil nascidos vivos)"
3552700,"Tabatinga",19.35483871,2018,"Longevidade",10.78,"Taxas de mortalidade infantil (por mil nascidos vivos)"
3552700,"Tabatinga",18.61252115,2020,"Longevidade",10.47,"Taxas de mortalidade infantil (por mil nascidos vivos)"
3552700,"Tabatinga",14.26024955,2022,"Longevidade",10.33,"Taxas de mortalidade infantil (por mil nascidos vivos)"
3552700,"Tabatinga",9.523809524,2024,"Longevidade",11.16,"Taxas de mortalidade infantil (por mil nascidos vivos)"
3552809,"Taboão da Serra",12.7597521,2014,"Longevidade",11.45,"Taxas de mortalidade infantil (por mil nascidos vivos)"
3552809,"Taboão da Serra",12.4251497,2016,"Longevidade",10.76,"Taxas de mortalidade infantil (por mil nascidos vivos)"
3552809,"Taboão da Serra",12.04449559,2018,"Longevidade",10.78,"Taxas de mortalidade infantil (por mil nascidos vivos)"
3552809,"Taboão da Serra",11.37675185,2020,"Longevidade",10.47,"Taxas de mortalidade infantil (por mil nascidos vivos)"
3552809,"Taboão da Serra",11.07565234,2022,"Longevidade",10.33,"Taxas de mortalidade infantil (por mil nascidos vivos)"
3552809,"Taboão da Serra",12.54836348,2024,"Longevidade",11.16,"Taxas de mortalidade infantil (por mil nascidos vivos)"
3552908,"Taciba",5.681818182,2014,"Longevidade",11.45,"Taxas de mortalidade infantil (por mil nascidos vivos)"
3552908,"Taciba",3.597122302,2016,"Longevidade",10.76,"Taxas de mortalidade infantil (por mil nascidos vivos)"
3552908,"Taciba",3.623188406,2018,"Longevidade",10.78,"Taxas de mortalidade infantil (por mil nascidos vivos)"
3552908,"Taciba",5.484460695,2020,"Longevidade",10.47,"Taxas de mortalidade infantil (por mil nascidos vivos)"
3552908,"Taciba",7.220216606,2022,"Longevidade",10.33,"Taxas de mortalidade infantil (por mil nascidos vivos)"
3552908,"Taciba",8.912655971,2024,"Longevidade",11.16,"Taxas de mortalidade infantil (por mil nascidos vivos)"
3553005,"Taguaí",5.376344086,2014,"Longevidade",11.45,"Taxas de mortalidade infantil (por mil nascidos vivos)"
3553005,"Taguaí",13.08411215,2016,"Longevidade",10.76,"Taxas de mortalidade infantil (por mil nascidos vivos)"
3553005,"Taguaí",7.380073801,2018,"Longevidade",10.78,"Taxas de mortalidade infantil (por mil nascidos vivos)"
3553005,"Taguaí",8.503401361,2020,"Longevidade",10.47,"Taxas de mortalidade infantil (por mil nascidos vivos)"
3553005,"Taguaí",11.34215501,2022,"Longevidade",10.33,"Taxas de mortalidade infantil (por mil nascidos vivos)"
3553005,"Taguaí",6.109979633,2024,"Longevidade",11.16,"Taxas de mortalidade infantil (por mil nascidos vivos)"
3553104,"Taiaçu",8.510638298,2014,"Longevidade",11.45,"Taxas de mortalidade infantil (por mil nascidos vivos)"
3553104,"Taiaçu",8.24742268,2016,"Longevidade",10.76,"Taxas de mortalidade infantil (por mil nascidos vivos)"
3553104,"Taiaçu",6.147540984,2018,"Longevidade",10.78,"Taxas de mortalidade infantil (por mil nascidos vivos)"
3553104,"Taiaçu",8.113590264,2020,"Longevidade",10.47,"Taxas de mortalidade infantil (por mil nascidos vivos)"
3553104,"Taiaçu",8.968609865,2022,"Longevidade",10.33,"Taxas de mortalidade infantil (por mil nascidos vivos)"
3553104,"Taiaçu",4.338394794,2024,"Longevidade",11.16,"Taxas de mortalidade infantil (por mil nascidos vivos)"
3553203,"Taiúva",28.06122449,2014,"Longevidade",11.45,"Taxas de mortalidade infantil (por mil nascidos vivos)"
3553203,"Taiúva",17.99485861,2016,"Longevidade",10.76,"Taxas de mortalidade infantil (por mil nascidos vivos)"
3553203,"Taiúva",10.23017903,2018,"Longevidade",10.78,"Taxas de mortalidade infantil (por mil nascidos vivos)"
3553203,"Taiúva",7.518796992,2020,"Longevidade",10.47,"Taxas de mortalidade infantil (por mil nascidos vivos)"
3553203,"Taiúva",5.167958656,2022,"Longevidade",10.33,"Taxas de mortalidade infantil (por mil nascidos vivos)"
3553203,"Taiúva",2.680965147,2024,"Longevidade",11.16,"Taxas de mortalidade infantil (por mil nascidos vivos)"
3553302,"Tambaú",12.02185792,2014,"Longevidade",11.45,"Taxas de mortalidade infantil (por mil nascidos vivos)"
3553302,"Tambaú",11.16071429,2016,"Longevidade",10.76,"Taxas de mortalidade infantil (por mil nascidos vivos)"
3553302,"Tambaú",12.91079812,2018,"Longevidade",10.78,"Taxas de mortalidade infantil (por mil nascidos vivos)"
3553302,"Tambaú",8.805031447,2020,"Longevidade",10.47,"Taxas de mortalidade infantil (por mil nascidos vivos)"
3553302,"Tambaú",9.615384615,2022,"Longevidade",10.33,"Taxas de mortalidade infantil (por mil nascidos vivos)"
3553302,"Tambaú",5.908419498,2024,"Longevidade",11.16,"Taxas de mortalidade infantil (por mil nascidos vivos)"
3553401,"Tanabi",5.847953216,2014,"Longevidade",11.45,"Taxas de mortalidade infantil (por mil nascidos vivos)"
3553401,"Tanabi",7.614213198,2016,"Longevidade",10.76,"Taxas de mortalidade infantil (por mil nascidos vivos)"
3553401,"Tanabi",5.961251863,2018,"Longevidade",10.78,"Taxas de mortalidade infantil (por mil nascidos vivos)"
3553401,"Tanabi",8.571428571,2020,"Longevidade",10.47,"Taxas de mortalidade infantil (por mil nascidos vivos)"
3553401,"Tanabi",8.536585366,2022,"Longevidade",10.33,"Taxas de mortalidade infantil (por mil nascidos vivos)"
3553401,"Tanabi",7.772020725,2024,"Longevidade",11.16,"Taxas de mortalidade infantil (por mil nascidos vivos)"
3553500,"Tapiraí",12.3119015,2014,"Longevidade",11.45,"Taxas de mortalidade infantil (por mil nascidos vivos)"
3553500,"Tapiraí",12.91248207,2016,"Longevidade",10.76,"Taxas de mortalidade infantil (por mil nascidos vivos)"
3553500,"Tapiraí",15.34170153,2018,"Longevidade",10.78,"Taxas de mortalidade infantil (por mil nascidos vivos)"
3553500,"Tapiraí",20.94972067,2020,"Longevidade",10.47,"Taxas de mortalidade infantil (por mil nascidos vivos)"
3553500,"Tapiraí",20.94972067,2022,"Longevidade",10.33,"Taxas de mortalidade infantil (por mil nascidos vivos)"
3553500,"Tapiraí",17.34104046,2024,"Longevidade",11.16,"Taxas de mortalidade infantil (por mil nascidos vivos)"
3553609,"Tapiratiba",4.79616307,2014,"Longevidade",11.45,"Taxas de mortalidade infantil (por mil nascidos vivos)"
3553609,"Tapiratiba",2.375296912,2016,"Longevidade",10.76,"Taxas de mortalidade infantil (por mil nascidos vivos)"
3553609,"Tapiratiba",5.617977528,2020,"Longevidade",10.47,"Taxas de mortalidade infantil (por mil nascidos vivos)"
3553609,"Tapiratiba",15.72327044,2022,"Longevidade",10.33,"Taxas de mortalidade infantil (por mil nascidos vivos)"
3553609,"Tapiratiba",10.60070671,2024,"Longevidade",11.16,"Taxas de mortalidade infantil (por mil nascidos vivos)"
3553658,"Taquaral",4.166666667,2014,"Longevidade",11.45,"Taxas de mortalidade infantil (por mil nascidos vivos)"
3553658,"Taquaral",9.615384615,2016,"Longevidade",10.76,"Taxas de mortalidade infantil (por mil nascidos vivos)"
3553658,"Taquaral",10.3626943,2018,"Longevidade",10.78,"Taxas de mortalidade infantil (por mil nascidos vivos)"
3553658,"Taquaral",11.17318436,2020,"Longevidade",10.47,"Taxas de mortalidade infantil (por mil nascidos vivos)"
3553658,"Taquaral",12.7388535,2022,"Longevidade",10.33,"Taxas de mortalidade infantil (por mil nascidos vivos)"
3553658,"Taquaral",24.3902439,2024,"Longevidade",11.16,"Taxas de mortalidade infantil (por mil nascidos vivos)"
3553708,"Taquaritinga",11.20733571,2014,"Longevidade",11.45,"Taxas de mortalidade infantil (por mil nascidos vivos)"
3553708,"Taquaritinga",14.46280992,2016,"Longevidade",10.76,"Taxas de mortalidade infantil (por mil nascidos vivos)"
3553708,"Taquaritinga",9.574468085,2018,"Longevidade",10.78,"Taxas de mortalidade infantil (por mil nascidos vivos)"
3553708,"Taquaritinga",10.94470046,2020,"Longevidade",10.47,"Taxas de mortalidade infantil (por mil nascidos vivos)"
3553708,"Taquaritinga",15.9803319,2022,"Longevidade",10.33,"Taxas de mortalidade infantil (por mil nascidos vivos)"
3553708,"Taquaritinga",16.37197119,2024,"Longevidade",11.16,"Taxas de mortalidade infantil (por mil nascidos vivos)"
3553807,"Taquarituba",11.33786848,2014,"Longevidade",11.45,"Taxas de mortalidade infantil (por mil nascidos vivos)"
3553807,"Taquarituba",11.93058568,2016,"Longevidade",10.76,"Taxas de mortalidade infantil (por mil nascidos vivos)"
3553807,"Taquarituba",13.08615049,2018,"Longevidade",10.78,"Taxas de mortalidade infantil (por mil nascidos vivos)"
3553807,"Taquarituba",13.58411703,2020,"Longevidade",10.47,"Taxas de mortalidade infantil (por mil nascidos vivos)"
3553807,"Taquarituba",11.76470588,2022,"Longevidade",10.33,"Taxas de mortalidade infantil (por mil nascidos vivos)"
3553807,"Taquarituba",7.237635706,2024,"Longevidade",11.16,"Taxas de mortalidade infantil (por mil nascidos vivos)"
3553856,"Taquarivaí",26.26970228,2014,"Longevidade",11.45,"Taxas de mortalidade infantil (por mil nascidos vivos)"
3553856,"Taquarivaí",17.27115717,2016,"Longevidade",10.76,"Taxas de mortalidade infantil (por mil nascidos vivos)"
3553856,"Taquarivaí",14.61038961,2018,"Longevidade",10.78,"Taxas de mortalidade infantil (por mil nascidos vivos)"
3553856,"Taquarivaí",11.61103048,2020,"Longevidade",10.47,"Taxas de mortalidade infantil (por mil nascidos vivos)"
3553856,"Taquarivaí",12.48266297,2022,"Longevidade",10.33,"Taxas de mortalidade infantil (por mil nascidos vivos)"
3553856,"Taquarivaí",11.23595506,2024,"Longevidade",11.16,"Taxas de mortalidade infantil (por mil nascidos vivos)"
3553906,"Tarabai",14.49275362,2014,"Longevidade",11.45,"Taxas de mortalidade infantil (por mil nascidos vivos)"
3553906,"Tarabai",7.763975155,2016,"Longevidade",10.76,"Taxas de mortalidade infantil (por mil nascidos vivos)"
3553906,"Tarabai",7.776049767,2018,"Longevidade",10.78,"Taxas de mortalidade infantil (por mil nascidos vivos)"
3553906,"Tarabai",12.57861635,2020,"Longevidade",10.47,"Taxas de mortalidade infantil (por mil nascidos vivos)"
3553906,"Tarabai",12.2591944,2022,"Longevidade",10.33,"Taxas de mortalidade infantil (por mil nascidos vivos)"
3553906,"Tarabai",14.62522852,2024,"Longevidade",11.16,"Taxas de mortalidade infantil (por mil nascidos vivos)"
3553955,"Tarumã",17.91530945,2014,"Longevidade",11.45,"Taxas de mortalidade infantil (por mil nascidos vivos)"
3553955,"Tarumã",15.43209877,2016,"Longevidade",10.76,"Taxas de mortalidade infantil (por mil nascidos vivos)"
3553955,"Tarumã",12.57861635,2018,"Longevidade",10.78,"Taxas de mortalidade infantil (por mil nascidos vivos)"
3553955,"Tarumã",8.474576271,2020,"Longevidade",10.47,"Taxas de mortalidade infantil (por mil nascidos vivos)"
3553955,"Tarumã",3.669724771,2022,"Longevidade",10.33,"Taxas de mortalidade infantil (por mil nascidos vivos)"
3553955,"Tarumã",14.98127341,2024,"Longevidade",11.16,"Taxas de mortalidade infantil (por mil nascidos vivos)"
3554003,"Tatuí",11.98530833,2014,"Longevidade",11.45,"Taxas de mortalidade infantil (por mil nascidos vivos)"
3554003,"Tatuí",12.1703854,2016,"Longevidade",10.76,"Taxas de mortalidade infantil (por mil nascidos vivos)"
3554003,"Tatuí",13.13662086,2018,"Longevidade",10.78,"Taxas de mortalidade infantil (por mil nascidos vivos)"
3554003,"Tatuí",13.90041494,2020,"Longevidade",10.47,"Taxas de mortalidade infantil (por mil nascidos vivos)"
3554003,"Tatuí",11.85687063,2022,"Longevidade",10.33,"Taxas de mortalidade infantil (por mil nascidos vivos)"
3554003,"Tatuí",11.70323929,2024,"Longevidade",11.16,"Taxas de mortalidade infantil (por mil nascidos vivos)"
3554102,"Taubaté",11.91530473,2014,"Longevidade",11.45,"Taxas de mortalidade infantil (por mil nascidos vivos)"
3554102,"Taubaté",10.50281178,2016,"Longevidade",10.76,"Taxas de mortalidade infantil (por mil nascidos vivos)"
3554102,"Taubaté",10.78122408,2018,"Longevidade",10.78,"Taxas de mortalidade infantil (por mil nascidos vivos)"
3554102,"Taubaté",9.291420632,2020,"Longevidade",10.47,"Taxas de mortalidade infantil (por mil nascidos vivos)"
3554102,"Taubaté",9.305858893,2022,"Longevidade",10.33,"Taxas de mortalidade infantil (por mil nascidos vivos)"
3554102,"Taubaté",10.00909918,2024,"Longevidade",11.16,"Taxas de mortalidade infantil (por mil nascidos vivos)"
3554201,"Tejupá",16.19433198,2014,"Longevidade",11.45,"Taxas de mortalidade infantil (por mil nascidos vivos)"
3554201,"Tejupá",8.064516129,2016,"Longevidade",10.76,"Taxas de mortalidade infantil (por mil nascidos vivos)"
3554201,"Tejupá",8.403361345,2018,"Longevidade",10.78,"Taxas de mortalidade infantil (por mil nascidos vivos)"
3554201,"Tejupá",8.771929825,2020,"Longevidade",10.47,"Taxas de mortalidade infantil (por mil nascidos vivos)"
3554201,"Tejupá",6.637168142,2022,"Longevidade",10.33,"Taxas de mortalidade infantil (por mil nascidos vivos)"
3554201,"Tejupá",7.299270073,2024,"Longevidade",11.16,"Taxas de mortalidade infantil (por mil nascidos vivos)"
3554300,"Teodoro Sampaio",22.30843841,2014,"Longevidade",11.45,"Taxas de mortalidade infantil (por mil nascidos vivos)"
3554300,"Teodoro Sampaio",9.276437848,2016,"Longevidade",10.76,"Taxas de mortalidade infantil (por mil nascidos vivos)"
3554300,"Teodoro Sampaio",12.77013752,2018,"Longevidade",10.78,"Taxas de mortalidade infantil (por mil nascidos vivos)"
3554300,"Teodoro Sampaio",11.54249738,2020,"Longevidade",10.47,"Taxas de mortalidade infantil (por mil nascidos vivos)"
3554300,"Teodoro Sampaio",10.48951049,2022,"Longevidade",10.33,"Taxas de mortalidade infantil (por mil nascidos vivos)"
3554300,"Teodoro Sampaio",14.98127341,2024,"Longevidade",11.16,"Taxas de mortalidade infantil (por mil nascidos vivos)"
3554409,"Terra Roxa",18.18181818,2014,"Longevidade",11.45,"Taxas de mortalidade infantil (por mil nascidos vivos)"
3554409,"Terra Roxa",13.8121547,2016,"Longevidade",10.76,"Taxas de mortalidade infantil (por mil nascidos vivos)"
3554409,"Terra Roxa",11.204481790000001,2018,"Longevidade",10.78,"Taxas de mortalidade infantil (por mil nascidos vivos)"
3554409,"Terra Roxa",10.2189781,2020,"Longevidade",10.47,"Taxas de mortalidade infantil (por mil nascidos vivos)"
3554409,"Terra Roxa",6.299212598,2022,"Longevidade",10.33,"Taxas de mortalidade infantil (por mil nascidos vivos)"
3554409,"Terra Roxa",8.503401361,2024,"Longevidade",11.16,"Taxas de mortalidade infantil (por mil nascidos vivos)"
3554508,"Tietê",13.54240912,2014,"Longevidade",11.45,"Taxas de mortalidade infantil (por mil nascidos vivos)"
3554508,"Tietê",11.34846462,2016,"Longevidade",10.76,"Taxas de mortalidade infantil (por mil nascidos vivos)"
3554508,"Tietê",14.00933956,2018,"Longevidade",10.78,"Taxas de mortalidade infantil (por mil nascidos vivos)"
3554508,"Tietê",16.31205674,2020,"Longevidade",10.47,"Taxas de mortalidade infantil (por mil nascidos vivos)"
3554508,"Tietê",10.77752117,2022,"Longevidade",10.33,"Taxas de mortalidade infantil (por mil nascidos vivos)"
3554508,"Tietê",10.71155318,2024,"Longevidade",11.16,"Taxas de mortalidade infantil (por mil nascidos vivos)"
3554607,"Timburi",11.36363636,2014,"Longevidade",11.45,"Taxas de mortalidade infantil (por mil nascidos vivos)"
3554607,"Timburi",17.44186047,2016,"Longevidade",10.76,"Taxas de mortalidade infantil (por mil nascidos vivos)"
3554607,"Timburi",24.24242424,2018,"Longevidade",10.78,"Taxas de mortalidade infantil (por mil nascidos vivos)"
3554607,"Timburi",18.07228916,2020,"Longevidade",10.47,"Taxas de mortalidade infantil (por mil nascidos vivos)"
3554607,"Timburi",13.51351351,2022,"Longevidade",10.33,"Taxas de mortalidade infantil (por mil nascidos vivos)"
3554607,"Timburi",6.944444444,2024,"Longevidade",11.16,"Taxas de mortalidade infantil (por mil nascidos vivos)"
3554656,"Torre de Pedra",5.555555556,2014,"Longevidade",11.45,"Taxas de mortalidade infantil (por mil nascidos vivos)"
3554656,"Torre de Pedra",5.586592179,2016,"Longevidade",10.76,"Taxas de mortalidade infantil (por mil nascidos vivos)"
3554656,"Torre de Pedra",5.555555556,2018,"Longevidade",10.78,"Taxas de mortalidade infantil (por mil nascidos vivos)"
3554656,"Torre de Pedra",6.024096386,2020,"Longevidade",10.47,"Taxas de mortalidade infantil (por mil nascidos vivos)"
3554706,"Torrinha",15.625,2014,"Longevidade",11.45,"Taxas de mortalidade infantil (por mil nascidos vivos)"
3554706,"Torrinha",11.816839,2016,"Longevidade",10.76,"Taxas de mortalidade infantil (por mil nascidos vivos)"
3554706,"Torrinha",11.41226819,2018,"Longevidade",10.78,"Taxas de mortalidade infantil (por mil nascidos vivos)"
3554706,"Torrinha",9.915014164,2020,"Longevidade",10.47,"Taxas de mortalidade infantil (por mil nascidos vivos)"
3554706,"Torrinha",8.522727273,2022,"Longevidade",10.33,"Taxas de mortalidade infantil (por mil nascidos vivos)"
3554706,"Torrinha",5.961251863,2024,"Longevidade",11.16,"Taxas de mortalidade infantil (por mil nascidos vivos)"
3554755,"Trabiju",15.03759398,2016,"Longevidade",10.76,"Taxas de mortalidade infantil (por mil nascidos vivos)"
3554755,"Trabiju",15.625,2018,"Longevidade",10.78,"Taxas de mortalidade infantil (por mil nascidos vivos)"
3554755,"Trabiju",14.92537313,2020,"Longevidade",10.47,"Taxas de mortalidade infantil (por mil nascidos vivos)"
3554755,"Trabiju",7.092198582,2022,"Longevidade",10.33,"Taxas de mortalidade infantil (por mil nascidos vivos)"
3554755,"Trabiju",6.896551724,2024,"Longevidade",11.16,"Taxas de mortalidade infantil (por mil nascidos vivos)"
3554805,"Tremembé",11.11111111,2014,"Longevidade",11.45,"Taxas de mortalidade infantil (por mil nascidos vivos)"
3554805,"Tremembé",11.3058225,2016,"Longevidade",10.76,"Taxas de mortalidade infantil (por mil nascidos vivos)"
3554805,"Tremembé",8.298755187,2018,"Longevidade",10.78,"Taxas de mortalidade infantil (por mil nascidos vivos)"
3554805,"Tremembé",8.054522924,2020,"Longevidade",10.47,"Taxas de mortalidade infantil (por mil nascidos vivos)"
3554805,"Tremembé",7.79588944,2022,"Longevidade",10.33,"Taxas de mortalidade infantil (por mil nascidos vivos)"
3554805,"Tremembé",9.478672986,2024,"Longevidade",11.16,"Taxas de mortalidade infantil (por mil nascidos vivos)"
3554904,"Três Fronteiras",17.58241758,2014,"Longevidade",11.45,"Taxas de mortalidade infantil (por mil nascidos vivos)"
3554904,"Três Fronteiras",2.096436059,2016,"Longevidade",10.76,"Taxas de mortalidade infantil (por mil nascidos vivos)"
3554904,"Três Fronteiras",4.246284501,2018,"Longevidade",10.78,"Taxas de mortalidade infantil (por mil nascidos vivos)"
3554904,"Três Fronteiras",8.163265306,2020,"Longevidade",10.47,"Taxas de mortalidade infantil (por mil nascidos vivos)"
3554904,"Três Fronteiras",13.07189542,2022,"Longevidade",10.33,"Taxas de mortalidade infantil (por mil nascidos vivos)"
3554904,"Três Fronteiras",21.97802198,2024,"Longevidade",11.16,"Taxas de mortalidade infantil (por mil nascidos vivos)"
3554953,"Tuiuti",10.66098081,2014,"Longevidade",11.45,"Taxas de mortalidade infantil (por mil nascidos vivos)"
3554953,"Tuiuti",16,2016,"Longevidade",10.76,"Taxas de mortalidade infantil (por mil nascidos vivos)"
3554953,"Tuiuti",13.88888889,2018,"Longevidade",10.78,"Taxas de mortalidade infantil (por mil nascidos vivos)"
3554953,"Tuiuti",12.0240481,2020,"Longevidade",10.47,"Taxas de mortalidade infantil (por mil nascidos vivos)"
3554953,"Tuiuti",8.676789588,2022,"Longevidade",10.33,"Taxas de mortalidade infantil (por mil nascidos vivos)"
3554953,"Tuiuti",2.277904328,2024,"Longevidade",11.16,"Taxas de mortalidade infantil (por mil nascidos vivos)"
3555000,"Tupã",8.570139829,2014,"Longevidade",11.45,"Taxas de mortalidade infantil (por mil nascidos vivos)"
3555000,"Tupã",14.67318808,2016,"Longevidade",10.76,"Taxas de mortalidade infantil (por mil nascidos vivos)"
3555000,"Tupã",13.36898396,2018,"Longevidade",10.78,"Taxas de mortalidade infantil (por mil nascidos vivos)"
3555000,"Tupã",7.626310772,2020,"Longevidade",10.47,"Taxas de mortalidade infantil (por mil nascidos vivos)"
3555000,"Tupã",9.052183174,2022,"Longevidade",10.33,"Taxas de mortalidade infantil (por mil nascidos vivos)"
3555000,"Tupã",7.747648035,2024,"Longevidade",11.16,"Taxas de mortalidade infantil (por mil nascidos vivos)"
3555109,"Tupi Paulista",11.85770751,2014,"Longevidade",11.45,"Taxas de mortalidade infantil (por mil nascidos vivos)"
3555109,"Tupi Paulista",14.25661914,2016,"Longevidade",10.76,"Taxas de mortalidade infantil (por mil nascidos vivos)"
3555109,"Tupi Paulista",14.28571429,2018,"Longevidade",10.78,"Taxas de mortalidade infantil (por mil nascidos vivos)"
3555109,"Tupi Paulista",5.208333333,2020,"Longevidade",10.47,"Taxas de mortalidade infantil (por mil nascidos vivos)"
3555109,"Tupi Paulista",2.551020408,2022,"Longevidade",10.33,"Taxas de mortalidade infantil (por mil nascidos vivos)"
3555109,"Tupi Paulista",12.37623762,2024,"Longevidade",11.16,"Taxas de mortalidade infantil (por mil nascidos vivos)"
3555208,"Turiúba",17.85714286,2016,"Longevidade",10.76,"Taxas de mortalidade infantil (por mil nascidos vivos)"
3555208,"Turiúba",18.86792453,2018,"Longevidade",10.78,"Taxas de mortalidade infantil (por mil nascidos vivos)"
3555208,"Turiúba",18.86792453,2020,"Longevidade",10.47,"Taxas de mortalidade infantil (por mil nascidos vivos)"
3555208,"Turiúba",18.34862385,2022,"Longevidade",10.33,"Taxas de mortalidade infantil (por mil nascidos vivos)"
3555208,"Turiúba",10.20408163,2024,"Longevidade",11.16,"Taxas de mortalidade infantil (por mil nascidos vivos)"
3555307,"Turmalina",22.72727273,2014,"Longevidade",11.45,"Taxas de mortalidade infantil (por mil nascidos vivos)"
3555356,"Ubarana",8.620689655,2014,"Longevidade",11.45,"Taxas de mortalidade infantil (por mil nascidos vivos)"
3555356,"Ubarana",6.956521739,2016,"Longevidade",10.76,"Taxas de mortalidade infantil (por mil nascidos vivos)"
3555356,"Ubarana",7.130124777,2018,"Longevidade",10.78,"Taxas de mortalidade infantil (por mil nascidos vivos)"
3555356,"Ubarana",10.75268817,2020,"Longevidade",10.47,"Taxas de mortalidade infantil (por mil nascidos vivos)"
3555356,"Ubarana",13.10861423,2022,"Longevidade",10.33,"Taxas de mortalidade infantil (por mil nascidos vivos)"
3555356,"Ubarana",14.08450704,2024,"Longevidade",11.16,"Taxas de mortalidade infantil (por mil nascidos vivos)"
3555406,"Ubatuba",11.42355009,2014,"Longevidade",11.45,"Taxas de mortalidade infantil (por mil nascidos vivos)"
3555406,"Ubatuba",11.74015132,2016,"Longevidade",10.76,"Taxas de mortalidade infantil (por mil nascidos vivos)"
3555406,"Ubatuba",11.24744376,2018,"Longevidade",10.78,"Taxas de mortalidade infantil (por mil nascidos vivos)"
3555406,"Ubatuba",9.084213111,2020,"Longevidade",10.47,"Taxas de mortalidade infantil (por mil nascidos vivos)"
3555406,"Ubatuba",10.05673027,2022,"Longevidade",10.33,"Taxas de mortalidade infantil (por mil nascidos vivos)"
3555406,"Ubatuba",12.32876712,2024,"Longevidade",11.16,"Taxas de mortalidade infantil (por mil nascidos vivos)"
3555505,"Ubirajara",17.4291939,2014,"Longevidade",11.45,"Taxas de mortalidade infantil (por mil nascidos vivos)"
3555505,"Ubirajara",17.68172888,2016,"Longevidade",10.76,"Taxas de mortalidade infantil (por mil nascidos vivos)"
3555505,"Ubirajara",18.38235294,2018,"Longevidade",10.78,"Taxas de mortalidade infantil (por mil nascidos vivos)"
3555505,"Ubirajara",12.82051282,2020,"Longevidade",10.47,"Taxas de mortalidade infantil (por mil nascidos vivos)"
3555505,"Ubirajara",12.43339254,2022,"Longevidade",10.33,"Taxas de mortalidade infantil (por mil nascidos vivos)"
3555505,"Ubirajara",11.74168297,2024,"Longevidade",11.16,"Taxas de mortalidade infantil (por mil nascidos vivos)"
3555604,"Uchoa",14.24870466,2014,"Longevidade",11.45,"Taxas de mortalidade infantil (por mil nascidos vivos)"
3555604,"Uchoa",15.91511936,2016,"Longevidade",10.76,"Taxas de mortalidade infantil (por mil nascidos vivos)"
3555604,"Uchoa",14.90514905,2018,"Longevidade",10.78,"Taxas de mortalidade infantil (por mil nascidos vivos)"
3555604,"Uchoa",11.22019635,2020,"Longevidade",10.47,"Taxas de mortalidade infantil (por mil nascidos vivos)"
3555604,"Uchoa",27.21088435,2022,"Longevidade",10.33,"Taxas de mortalidade infantil (por mil nascidos vivos)"
3555604,"Uchoa",18.38235294,2024,"Longevidade",11.16,"Taxas de mortalidade infantil (por mil nascidos vivos)"
3555703,"União Paulista",12.19512195,2016,"Longevidade",10.76,"Taxas de mortalidade infantil (por mil nascidos vivos)"
3555703,"União Paulista",12.5,2018,"Longevidade",10.78,"Taxas de mortalidade infantil (por mil nascidos vivos)"
3555703,"União Paulista",12.98701299,2020,"Longevidade",10.47,"Taxas de mortalidade infantil (por mil nascidos vivos)"
3555802,"Urânia",12.61829653,2014,"Longevidade",11.45,"Taxas de mortalidade infantil (por mil nascidos vivos)"
3555802,"Urânia",6.051437216,2016,"Longevidade",10.76,"Taxas de mortalidade infantil (por mil nascidos vivos)"
3555802,"Urânia",6.134969325,2018,"Longevidade",10.78,"Taxas de mortalidade infantil (por mil nascidos vivos)"
3555802,"Urânia",3.076923077,2020,"Longevidade",10.47,"Taxas de mortalidade infantil (por mil nascidos vivos)"
3555802,"Urânia",3.311258278,2022,"Longevidade",10.33,"Taxas de mortalidade infantil (por mil nascidos vivos)"
3555802,"Urânia",8.561643836,2024,"Longevidade",11.16,"Taxas de mortalidade infantil (por mil nascidos vivos)"
3555901,"Uru",9.523809524,2014,"Longevidade",11.45,"Taxas de mortalidade infantil (por mil nascidos vivos)"
3555901,"Uru",9.345794393,2016,"Longevidade",10.76,"Taxas de mortalidade infantil (por mil nascidos vivos)"
3555901,"Uru",8.928571429,2018,"Longevidade",10.78,"Taxas de mortalidade infantil (por mil nascidos vivos)"
3555901,"Uru",9.615384615,2020,"Longevidade",10.47,"Taxas de mortalidade infantil (por mil nascidos vivos)"
3555901,"Uru",10,2022,"Longevidade",10.33,"Taxas de mortalidade infantil (por mil nascidos vivos)"
3556008,"Urupês",9.523809524,2014,"Longevidade",11.45,"Taxas de mortalidade infantil (por mil nascidos vivos)"
3556008,"Urupês",5,2016,"Longevidade",10.76,"Taxas de mortalidade infantil (por mil nascidos vivos)"
3556008,"Urupês",10.07556675,2018,"Longevidade",10.78,"Taxas de mortalidade infantil (por mil nascidos vivos)"
3556008,"Urupês",13.08900524,2020,"Longevidade",10.47,"Taxas de mortalidade infantil (por mil nascidos vivos)"
3556008,"Urupês",9.925558313,2022,"Longevidade",10.33,"Taxas de mortalidade infantil (por mil nascidos vivos)"
3556008,"Urupês",16.12903226,2024,"Longevidade",11.16,"Taxas de mortalidade infantil (por mil nascidos vivos)"
3556107,"Valentim Gentil",8.620689655,2014,"Longevidade",11.45,"Taxas de mortalidade infantil (por mil nascidos vivos)"
3556107,"Valentim Gentil",7.352941176,2016,"Longevidade",10.76,"Taxas de mortalidade infantil (por mil nascidos vivos)"
3556107,"Valentim Gentil",7.82778865,2018,"Longevidade",10.78,"Taxas de mortalidade infantil (por mil nascidos vivos)"
3556107,"Valentim Gentil",5.671077505,2020,"Longevidade",10.47,"Taxas de mortalidade infantil (por mil nascidos vivos)"
3556107,"Valentim Gentil",3.937007874,2022,"Longevidade",10.33,"Taxas de mortalidade infantil (por mil nascidos vivos)"
3556107,"Valentim Gentil",14.98929336,2024,"Longevidade",11.16,"Taxas de mortalidade infantil (por mil nascidos vivos)"
3556206,"Valinhos",8.312958435,2014,"Longevidade",11.45,"Taxas de mortalidade infantil (por mil nascidos vivos)"
3556206,"Valinhos",8.206330598,2016,"Longevidade",10.76,"Taxas de mortalidade infantil (por mil nascidos vivos)"
3556206,"Valinhos",8.35920707,2018,"Longevidade",10.78,"Taxas de mortalidade infantil (por mil nascidos vivos)"
3556206,"Valinhos",6.411837238,2020,"Longevidade",10.47,"Taxas de mortalidade infantil (por mil nascidos vivos)"
3556206,"Valinhos",8.551576697,2022,"Longevidade",10.33,"Taxas de mortalidade infantil (por mil nascidos vivos)"
3556206,"Valinhos",7.352941176,2024,"Longevidade",11.16,"Taxas de mortalidade infantil (por mil nascidos vivos)"
3556305,"Valparaíso",7.8125,2014,"Longevidade",11.45,"Taxas de mortalidade infantil (por mil nascidos vivos)"
3556305,"Valparaíso",15.57935735,2016,"Longevidade",10.76,"Taxas de mortalidade infantil (por mil nascidos vivos)"
3556305,"Valparaíso",13.38825953,2018,"Longevidade",10.78,"Taxas de mortalidade infantil (por mil nascidos vivos)"
3556305,"Valparaíso",12.76102088,2020,"Longevidade",10.47,"Taxas de mortalidade infantil (por mil nascidos vivos)"
3556305,"Valparaíso",11.46496815,2022,"Longevidade",10.33,"Taxas de mortalidade infantil (por mil nascidos vivos)"
3556305,"Valparaíso",16.39344262,2024,"Longevidade",11.16,"Taxas de mortalidade infantil (por mil nascidos vivos)"
3556354,"Vargem",14.83679525,2014,"Longevidade",11.45,"Taxas de mortalidade infantil (por mil nascidos vivos)"
3556354,"Vargem",11.55327343,2016,"Longevidade",10.76,"Taxas de mortalidade infantil (por mil nascidos vivos)"
3556354,"Vargem",11.02941176,2018,"Longevidade",10.78,"Taxas de mortalidade infantil (por mil nascidos vivos)"
3556354,"Vargem",8.928571429,2020,"Longevidade",10.47,"Taxas de mortalidade infantil (por mil nascidos vivos)"
3556354,"Vargem",8.823529412,2022,"Longevidade",10.33,"Taxas de mortalidade infantil (por mil nascidos vivos)"
3556354,"Vargem",8,2024,"Longevidade",11.16,"Taxas de mortalidade infantil (por mil nascidos vivos)"
3556404,"Vargem Grande do Sul",9.975062344,2014,"Longevidade",11.45,"Taxas de mortalidade infantil (por mil nascidos vivos)"
3556404,"Vargem Grande do Sul",8.6047941,2016,"Longevidade",10.76,"Taxas de mortalidade infantil (por mil nascidos vivos)"
3556404,"Vargem Grande do Sul",6.634499397,2018,"Longevidade",10.78,"Taxas de mortalidade infantil (por mil nascidos vivos)"
3556404,"Vargem Grande do Sul",9.517766497,2020,"Longevidade",10.47,"Taxas de mortalidade infantil (por mil nascidos vivos)"
3556404,"Vargem Grande do Sul",13.12154696,2022,"Longevidade",10.33,"Taxas de mortalidade infantil (por mil nascidos vivos)"
3556404,"Vargem Grande do Sul",7.272727273,2024,"Longevidade",11.16,"Taxas de mortalidade infantil (por mil nascidos vivos)"
3556453,"Vargem Grande Paulista",12.21915648,2014,"Longevidade",11.45,"Taxas de mortalidade infantil (por mil nascidos vivos)"
3556453,"Vargem Grande Paulista",6.417970317,2016,"Longevidade",10.76,"Taxas de mortalidade infantil (por mil nascidos vivos)"
3556453,"Vargem Grande Paulista",5.949851254,2018,"Longevidade",10.78,"Taxas de mortalidade infantil (por mil nascidos vivos)"
3556453,"Vargem Grande Paulista",5.295675199,2020,"Longevidade",10.47,"Taxas de mortalidade infantil (por mil nascidos vivos)"
3556453,"Vargem Grande Paulista",7.336084365,2022,"Longevidade",10.33,"Taxas de mortalidade infantil (por mil nascidos vivos)"
3556453,"Vargem Grande Paulista",9.947891994,2024,"Longevidade",11.16,"Taxas de mortalidade infantil (por mil nascidos vivos)"
3556503,"Várzea Paulista",11.59196291,2014,"Longevidade",11.45,"Taxas de mortalidade infantil (por mil nascidos vivos)"
3556503,"Várzea Paulista",12.09934197,2016,"Longevidade",10.76,"Taxas de mortalidade infantil (por mil nascidos vivos)"
3556503,"Várzea Paulista",15.64689397,2018,"Longevidade",10.78,"Taxas de mortalidade infantil (por mil nascidos vivos)"
3556503,"Várzea Paulista",13.57807393,2020,"Longevidade",10.47,"Taxas de mortalidade infantil (por mil nascidos vivos)"
3556503,"Várzea Paulista",10.04493788,2022,"Longevidade",10.33,"Taxas de mortalidade infantil (por mil nascidos vivos)"
3556503,"Várzea Paulista",10.37577117,2024,"Longevidade",11.16,"Taxas de mortalidade infantil (por mil nascidos vivos)"
3556602,"Vera Cruz",10.89918256,2014,"Longevidade",11.45,"Taxas de mortalidade infantil (por mil nascidos vivos)"
3556602,"Vera Cruz",16.39344262,2016,"Longevidade",10.76,"Taxas de mortalidade infantil (por mil nascidos vivos)"
3556602,"Vera Cruz",13.15789474,2018,"Longevidade",10.78,"Taxas de mortalidade infantil (por mil nascidos vivos)"
3556602,"Vera Cruz",11.204481790000001,2020,"Longevidade",10.47,"Taxas de mortalidade infantil (por mil nascidos vivos)"
3556602,"Vera Cruz",9.803921569,2022,"Longevidade",10.33,"Taxas de mortalidade infantil (por mil nascidos vivos)"
3556602,"Vera Cruz",24.30555556,2024,"Longevidade",11.16,"Taxas de mortalidade infantil (por mil nascidos vivos)"
3556701,"Vinhedo",8.12433769,2014,"Longevidade",11.45,"Taxas de mortalidade infantil (por mil nascidos vivos)"
3556701,"Vinhedo",9.038322487,2016,"Longevidade",10.76,"Taxas de mortalidade infantil (por mil nascidos vivos)"
3556701,"Vinhedo",8.375819374,2018,"Longevidade",10.78,"Taxas de mortalidade infantil (por mil nascidos vivos)"
3556701,"Vinhedo",6.644518272,2020,"Longevidade",10.47,"Taxas de mortalidade infantil (por mil nascidos vivos)"
3556701,"Vinhedo",5.056398289,2022,"Longevidade",10.33,"Taxas de mortalidade infantil (por mil nascidos vivos)"
3556701,"Vinhedo",5.721291377,2024,"Longevidade",11.16,"Taxas de mortalidade infantil (por mil nascidos vivos)"
3556800,"Viradouro",15.00682128,2014,"Longevidade",11.45,"Taxas de mortalidade infantil (por mil nascidos vivos)"
3556800,"Viradouro",9.273570325,2016,"Longevidade",10.76,"Taxas de mortalidade infantil (por mil nascidos vivos)"
3556800,"Viradouro",11.7820324,2018,"Longevidade",10.78,"Taxas de mortalidade infantil (por mil nascidos vivos)"
3556800,"Viradouro",12.6984127,2020,"Longevidade",10.47,"Taxas de mortalidade infantil (por mil nascidos vivos)"
3556800,"Viradouro",9.389671362,2022,"Longevidade",10.33,"Taxas de mortalidade infantil (por mil nascidos vivos)"
3556800,"Viradouro",5.300353357,2024,"Longevidade",11.16,"Taxas de mortalidade infantil (por mil nascidos vivos)"
3556909,"Vista Alegre do Alto",11.60862355,2014,"Longevidade",11.45,"Taxas de mortalidade infantil (por mil nascidos vivos)"
3556909,"Vista Alegre do Alto",12.08459215,2016,"Longevidade",10.76,"Taxas de mortalidade infantil (por mil nascidos vivos)"
3556909,"Vista Alegre do Alto",11.73020528,2018,"Longevidade",10.78,"Taxas de mortalidade infantil (por mil nascidos vivos)"
3556909,"Vista Alegre do Alto",8.450704225,2020,"Longevidade",10.47,"Taxas de mortalidade infantil (por mil nascidos vivos)"
3556909,"Vista Alegre do Alto",6.993006993,2022,"Longevidade",10.33,"Taxas de mortalidade infantil (por mil nascidos vivos)"
3556909,"Vista Alegre do Alto",6.711409396,2024,"Longevidade",11.16,"Taxas de mortalidade infantil (por mil nascidos vivos)"
3556958,"Vitória Brasil",6.535947712,2014,"Longevidade",11.45,"Taxas de mortalidade infantil (por mil nascidos vivos)"
3556958,"Vitória Brasil",6.535947712,2016,"Longevidade",10.76,"Taxas de mortalidade infantil (por mil nascidos vivos)"
3556958,"Vitória Brasil",7.299270073,2018,"Longevidade",10.78,"Taxas de mortalidade infantil (por mil nascidos vivos)"
3556958,"Vitória Brasil",7.751937984,2020,"Longevidade",10.47,"Taxas de mortalidade infantil (por mil nascidos vivos)"
3556958,"Vitória Brasil",15.15151515,2022,"Longevidade",10.33,"Taxas de mortalidade infantil (por mil nascidos vivos)"
3556958,"Vitória Brasil",7.633587786,2024,"Longevidade",11.16,"Taxas de mortalidade infantil (por mil nascidos vivos)"
3557006,"Votorantim",13.75961149,2014,"Longevidade",11.45,"Taxas de mortalidade infantil (por mil nascidos vivos)"
3557006,"Votorantim",11.8226601,2016,"Longevidade",10.76,"Taxas de mortalidade infantil (por mil nascidos vivos)"
3557006,"Votorantim",12.35552013,2018,"Longevidade",10.78,"Taxas de mortalidade infantil (por mil nascidos vivos)"
3557006,"Votorantim",12.12494862,2020,"Longevidade",10.47,"Taxas de mortalidade infantil (por mil nascidos vivos)"
3557006,"Votorantim",14.48657861,2022,"Longevidade",10.33,"Taxas de mortalidade infantil (por mil nascidos vivos)"
3557006,"Votorantim",13.0044843,2024,"Longevidade",11.16,"Taxas de mortalidade infantil (por mil nascidos vivos)"
3557105,"Votuporanga",7.158418923,2014,"Longevidade",11.45,"Taxas de mortalidade infantil (por mil nascidos vivos)"
3557105,"Votuporanga",6.234413965,2016,"Longevidade",10.76,"Taxas de mortalidade infantil (por mil nascidos vivos)"
3557105,"Votuporanga",6.885758998,2018,"Longevidade",10.78,"Taxas de mortalidade infantil (por mil nascidos vivos)"
3557105,"Votuporanga",6.291192331,2020,"Longevidade",10.47,"Taxas de mortalidade infantil (por mil nascidos vivos)"
3557105,"Votuporanga",7.098765432,2022,"Longevidade",10.33,"Taxas de mortalidade infantil (por mil nascidos vivos)"
3557105,"Votuporanga",8.595041322,2024,"Longevidade",11.16,"Taxas de mortalidade infantil (por mil nascidos vivos)"
3557154,"Zacarias",25.64102564,2014,"Longevidade",11.45,"Taxas de mortalidade infantil (por mil nascidos vivos)"
3557154,"Zacarias",4.926108374,2016,"Longevidade",10.76,"Taxas de mortalidade infantil (por mil nascidos vivos)"
3557154,"Zacarias",5.050505051,2018,"Longevidade",10.78,"Taxas de mortalidade infantil (por mil nascidos vivos)"
3557154,"Zacarias",5.347593583,2020,"Longevidade",10.47,"Taxas de mortalidade infantil (por mil nascidos vivos)"
3557154,"Zacarias",5.847953216,2022,"Longevidade",10.33,"Taxas de mortalidade infantil (por mil nascidos vivos)"
3557154,"Zacarias",17.64705882,2024,"Longevidade",11.16,"Taxas de mortalidade infantil (por mil nascidos vivos)"
3557204,"Chavantes",14.81481481,2014,"Longevidade",11.45,"Taxas de mortalidade infantil (por mil nascidos vivos)"
3557204,"Chavantes",7.092198582,2016,"Longevidade",10.76,"Taxas de mortalidade infantil (por mil nascidos vivos)"
3557204,"Chavantes",3.787878788,2018,"Longevidade",10.78,"Taxas de mortalidade infantil (por mil nascidos vivos)"
3557204,"Chavantes",6.382978723,2020,"Longevidade",10.47,"Taxas de mortalidade infantil (por mil nascidos vivos)"
3557204,"Chavantes",16.39344262,2022,"Longevidade",10.33,"Taxas de mortalidade infantil (por mil nascidos vivos)"
3557204,"Chavantes",13.82488479,2024,"Longevidade",11.16,"Taxas de mortalidade infantil (por mil nascidos vivos)"
3557303,"Estiva Gerbi",11.04972376,2014,"Longevidade",11.45,"Taxas de mortalidade infantil (por mil nascidos vivos)"
3557303,"Estiva Gerbi",4.87804878,2016,"Longevidade",10.76,"Taxas de mortalidade infantil (por mil nascidos vivos)"
3557303,"Estiva Gerbi",7.389162562,2018,"Longevidade",10.78,"Taxas de mortalidade infantil (por mil nascidos vivos)"
3557303,"Estiva Gerbi",9.685230024,2020,"Longevidade",10.47,"Taxas de mortalidade infantil (por mil nascidos vivos)"
3557303,"Estiva Gerbi",2.597402597,2022,"Longevidade",10.33,"Taxas de mortalidade infantil (por mil nascidos vivos)"
3557303,"Estiva Gerbi",7.371007371,2024,"Longevidade",11.16,"Taxas de mortalidade infantil (por mil nascidos vivos)"
