"cod_ibge","municipio","valor","ano","tipo","valor_estado","metrica"
3500105,"Adamantina",52821.25838,2014,"Riqueza",90454.96,"Produto Interno Bruto per capita (R$ de 2024)"
3500105,"Adamantina",59981.76541,2016,"Riqueza",82888.73,"Produto Interno Bruto per capita (R$ de 2024)"
3500105,"Adamantina",52821.25838,2018,"Riqueza",82943.19,"Produto Interno Bruto per capita (R$ de 2024)"
3500105,"Adamantina",51047.14557,2020,"Riqueza",73338.7,"Produto Interno Bruto per capita (R$ de 2024)"
3500105,"Adamantina",43612.84463,2022,"Riqueza",63120.7,"Produto Interno Bruto per capita (R$ de 2024)"
3500105,"Adamantina",52682.10454,2024,"Riqueza",82440.92,"Produto Interno Bruto per capita (R$ de 2024)"
3500204,"Adolfo",43955.03402,2014,"Riqueza",90454.96,"Produto Interno Bruto per capita (R$ de 2024)"
3500204,"Adolfo",43690.75232,2016,"Riqueza",82888.73,"Produto Interno Bruto per capita (R$ de 2024)"
3500204,"Adolfo",43955.03402,2018,"Riqueza",82943.19,"Produto Interno Bruto per capita (R$ de 2024)"
3500204,"Adolfo",54606.21347,2020,"Riqueza",73338.7,"Produto Interno Bruto per capita (R$ de 2024)"
3500204,"Adolfo",34438.4752,2022,"Riqueza",63120.7,"Produto Interno Bruto per capita (R$ de 2024)"
3500204,"Adolfo",51635.38874,2024,"Riqueza",82440.92,"Produto Interno Bruto per capita (R$ de 2024)"
3500303,"Aguaí",47658.73004,2014,"Riqueza",90454.96,"Produto Interno Bruto per capita (R$ de 2024)"
3500303,"Aguaí",39361.12469,2016,"Riqueza",82888.73,"Produto Interno Bruto per capita (R$ de 2024)"
3500303,"Aguaí",47658.73004,2018,"Riqueza",82943.19,"Produto Interno Bruto per capita (R$ de 2024)"
3500303,"Aguaí",44563.82827,2020,"Riqueza",73338.7,"Produto Interno Bruto per capita (R$ de 2024)"
3500303,"Aguaí",47067.2859,2022,"Riqueza",63120.7,"Produto Interno Bruto per capita (R$ de 2024)"
3500303,"Aguaí",59564.44903,2024,"Riqueza",82440.92,"Produto Interno Bruto per capita (R$ de 2024)"
3500402,"Águas da Prata",35810.50235,2014,"Riqueza",90454.96,"Produto Interno Bruto per capita (R$ de 2024)"
3500402,"Águas da Prata",32586.38879,2016,"Riqueza",82888.73,"Produto Interno Bruto per capita (R$ de 2024)"
3500402,"Águas da Prata",35810.50235,2018,"Riqueza",82943.19,"Produto Interno Bruto per capita (R$ de 2024)"
3500402,"Águas da Prata",32982.65931,2020,"Riqueza",73338.7,"Produto Interno Bruto per capita (R$ de 2024)"
3500402,"Águas da Prata",31610.02554,2022,"Riqueza",63120.7,"Produto Interno Bruto per capita (R$ de 2024)"
3500402,"Águas da Prata",40015.73833,2024,"Riqueza",82440.92,"Produto Interno Bruto per capita (R$ de 2024)"
3500501,"Águas de Lindóia",44670.26703,2014,"Riqueza",90454.96,"Produto Interno Bruto per capita (R$ de 2024)"
3500501,"Águas de Lindóia",44717.88036,2016,"Riqueza",82888.73,"Produto Interno Bruto per capita (R$ de 2024)"
3500501,"Águas de Lindóia",44670.26703,2018,"Riqueza",82943.19,"Produto Interno Bruto per capita (R$ de 2024)"
3500501,"Águas de Lindóia",37235.36448,2020,"Riqueza",73338.7,"Produto Interno Bruto per capita (R$ de 2024)"
3500501,"Águas de Lindóia",39043.28837,2022,"Riqueza",63120.7,"Produto Interno Bruto per capita (R$ de 2024)"
3500501,"Águas de Lindóia",47991.07193,2024,"Riqueza",82440.92,"Produto Interno Bruto per capita (R$ de 2024)"
3500550,"Águas de Santa Bárbara",46953.6441,2014,"Riqueza",90454.96,"Produto Interno Bruto per capita (R$ de 2024)"
3500550,"Águas de Santa Bárbara",47900.21853,2016,"Riqueza",82888.73,"Produto Interno Bruto per capita (R$ de 2024)"
3500550,"Águas de Santa Bárbara",46953.6441,2018,"Riqueza",82943.19,"Produto Interno Bruto per capita (R$ de 2024)"
3500550,"Águas de Santa Bárbara",46553.71335,2020,"Riqueza",73338.7,"Produto Interno Bruto per capita (R$ de 2024)"
3500550,"Águas de Santa Bárbara",34829.82296,2022,"Riqueza",63120.7,"Produto Interno Bruto per capita (R$ de 2024)"
3500550,"Águas de Santa Bárbara",54677.24437,2024,"Riqueza",82440.92,"Produto Interno Bruto per capita (R$ de 2024)"
3500600,"Águas de São Pedro",73744.70562,2014,"Riqueza",90454.96,"Produto Interno Bruto per capita (R$ de 2024)"
3500600,"Águas de São Pedro",78849.26221,2016,"Riqueza",82888.73,"Produto Interno Bruto per capita (R$ de 2024)"
3500600,"Águas de São Pedro",73744.70562,2018,"Riqueza",82943.19,"Produto Interno Bruto per capita (R$ de 2024)"
3500600,"Águas de São Pedro",60853.05311,2020,"Riqueza",73338.7,"Produto Interno Bruto per capita (R$ de 2024)"
3500600,"Águas de São Pedro",56694.7174,2022,"Riqueza",63120.7,"Produto Interno Bruto per capita (R$ de 2024)"
3500600,"Águas de São Pedro",71825.33381,2024,"Riqueza",82440.92,"Produto Interno Bruto per capita (R$ de 2024)"
3500709,"Agudos",101513.5685,2014,"Riqueza",90454.96,"Produto Interno Bruto per capita (R$ de 2024)"
3500709,"Agudos",127227.7154,2016,"Riqueza",82888.73,"Produto Interno Bruto per capita (R$ de 2024)"
3500709,"Agudos",101513.5685,2018,"Riqueza",82943.19,"Produto Interno Bruto per capita (R$ de 2024)"
3500709,"Agudos",88076.45331,2020,"Riqueza",73338.7,"Produto Interno Bruto per capita (R$ de 2024)"
3500709,"Agudos",69915.21436,2022,"Riqueza",63120.7,"Produto Interno Bruto per capita (R$ de 2024)"
3500709,"Agudos",96446.55726,2024,"Riqueza",82440.92,"Produto Interno Bruto per capita (R$ de 2024)"
3500758,"Alambari",29622.94559,2014,"Riqueza",90454.96,"Produto Interno Bruto per capita (R$ de 2024)"
3500758,"Alambari",28367.72007,2016,"Riqueza",82888.73,"Produto Interno Bruto per capita (R$ de 2024)"
3500758,"Alambari",29622.94559,2018,"Riqueza",82943.19,"Produto Interno Bruto per capita (R$ de 2024)"
3500758,"Alambari",28962.34902,2020,"Riqueza",73338.7,"Produto Interno Bruto per capita (R$ de 2024)"
3500758,"Alambari",21359.0353,2022,"Riqueza",63120.7,"Produto Interno Bruto per capita (R$ de 2024)"
3500758,"Alambari",27217.37067,2024,"Riqueza",82440.92,"Produto Interno Bruto per capita (R$ de 2024)"
3500808,"Alfredo Marcondes",35080.86483,2014,"Riqueza",90454.96,"Produto Interno Bruto per capita (R$ de 2024)"
3500808,"Alfredo Marcondes",33492.9967,2016,"Riqueza",82888.73,"Produto Interno Bruto per capita (R$ de 2024)"
3500808,"Alfredo Marcondes",35080.86483,2018,"Riqueza",82943.19,"Produto Interno Bruto per capita (R$ de 2024)"
3500808,"Alfredo Marcondes",38528.9666,2020,"Riqueza",73338.7,"Produto Interno Bruto per capita (R$ de 2024)"
3500808,"Alfredo Marcondes",28682.74077,2022,"Riqueza",63120.7,"Produto Interno Bruto per capita (R$ de 2024)"
3500808,"Alfredo Marcondes",37651.36394,2024,"Riqueza",82440.92,"Produto Interno Bruto per capita (R$ de 2024)"
3500907,"Altair",44153.03219,2014,"Riqueza",90454.96,"Produto Interno Bruto per capita (R$ de 2024)"
3500907,"Altair",89312.41047,2016,"Riqueza",82888.73,"Produto Interno Bruto per capita (R$ de 2024)"
3500907,"Altair",44153.03219,2018,"Riqueza",82943.19,"Produto Interno Bruto per capita (R$ de 2024)"
3500907,"Altair",38100.53804,2020,"Riqueza",73338.7,"Produto Interno Bruto per capita (R$ de 2024)"
3500907,"Altair",36082.61059,2022,"Riqueza",63120.7,"Produto Interno Bruto per capita (R$ de 2024)"
3500907,"Altair",67106.88836,2024,"Riqueza",82440.92,"Produto Interno Bruto per capita (R$ de 2024)"
3501004,"Altinópolis",52811.07754,2014,"Riqueza",90454.96,"Produto Interno Bruto per capita (R$ de 2024)"
3501004,"Altinópolis",52399.04069,2016,"Riqueza",82888.73,"Produto Interno Bruto per capita (R$ de 2024)"
3501004,"Altinópolis",52811.07754,2018,"Riqueza",82943.19,"Produto Interno Bruto per capita (R$ de 2024)"
3501004,"Altinópolis",57663.4886,2020,"Riqueza",73338.7,"Produto Interno Bruto per capita (R$ de 2024)"
3501004,"Altinópolis",37714.54241,2022,"Riqueza",63120.7,"Produto Interno Bruto per capita (R$ de 2024)"
3501004,"Altinópolis",60075.02217,2024,"Riqueza",82440.92,"Produto Interno Bruto per capita (R$ de 2024)"
3501103,"Alto Alegre",44042.14992,2014,"Riqueza",90454.96,"Produto Interno Bruto per capita (R$ de 2024)"
3501103,"Alto Alegre",44398.56474,2016,"Riqueza",82888.73,"Produto Interno Bruto per capita (R$ de 2024)"
3501103,"Alto Alegre",44042.14992,2018,"Riqueza",82943.19,"Produto Interno Bruto per capita (R$ de 2024)"
3501103,"Alto Alegre",40040.13668,2020,"Riqueza",73338.7,"Produto Interno Bruto per capita (R$ de 2024)"
3501103,"Alto Alegre",28876.18289,2022,"Riqueza",63120.7,"Produto Interno Bruto per capita (R$ de 2024)"
3501103,"Alto Alegre",48833.24538,2024,"Riqueza",82440.92,"Produto Interno Bruto per capita (R$ de 2024)"
3501152,"Alumínio",195799.6828,2014,"Riqueza",90454.96,"Produto Interno Bruto per capita (R$ de 2024)"
3501152,"Alumínio",181967.6915,2016,"Riqueza",82888.73,"Produto Interno Bruto per capita (R$ de 2024)"
3501152,"Alumínio",195799.6828,2018,"Riqueza",82943.19,"Produto Interno Bruto per capita (R$ de 2024)"
3501152,"Alumínio",172471.2786,2020,"Riqueza",73338.7,"Produto Interno Bruto per capita (R$ de 2024)"
3501152,"Alumínio",203801.5677,2022,"Riqueza",63120.7,"Produto Interno Bruto per capita (R$ de 2024)"
3501152,"Alumínio",214201.787,2024,"Riqueza",82440.92,"Produto Interno Bruto per capita (R$ de 2024)"
3501202,"Álvares Florence",53792.51869,2014,"Riqueza",90454.96,"Produto Interno Bruto per capita (R$ de 2024)"
3501202,"Álvares Florence",44928.18551,2016,"Riqueza",82888.73,"Produto Interno Bruto per capita (R$ de 2024)"
3501202,"Álvares Florence",53792.51869,2018,"Riqueza",82943.19,"Produto Interno Bruto per capita (R$ de 2024)"
3501202,"Álvares Florence",42645.52454,2020,"Riqueza",73338.7,"Produto Interno Bruto per capita (R$ de 2024)"
3501202,"Álvares Florence",33860.85639,2022,"Riqueza",63120.7,"Produto Interno Bruto per capita (R$ de 2024)"
3501202,"Álvares Florence",48474.15788,2024,"Riqueza",82440.92,"Produto Interno Bruto per capita (R$ de 2024)"
3501301,"Álvares Machado",36942.15043,2014,"Riqueza",90454.96,"Produto Interno Bruto per capita (R$ de 2024)"
3501301,"Álvares Machado",35101.44783,2016,"Riqueza",82888.73,"Produto Interno Bruto per capita (R$ de 2024)"
3501301,"Álvares Machado",36942.15043,2018,"Riqueza",82943.19,"Produto Interno Bruto per capita (R$ de 2024)"
3501301,"Álvares Machado",35591.74032,2020,"Riqueza",73338.7,"Produto Interno Bruto per capita (R$ de 2024)"
3501301,"Álvares Machado",29541.45348,2022,"Riqueza",63120.7,"Produto Interno Bruto per capita (R$ de 2024)"
3501301,"Álvares Machado",33267.97621,2024,"Riqueza",82440.92,"Produto Interno Bruto per capita (R$ de 2024)"
3501400,"Álvaro de Carvalho",16595.29943,2014,"Riqueza",90454.96,"Produto Interno Bruto per capita (R$ de 2024)"
3501400,"Álvaro de Carvalho",17910.31556,2016,"Riqueza",82888.73,"Produto Interno Bruto per capita (R$ de 2024)"
3501400,"Álvaro de Carvalho",16595.29943,2018,"Riqueza",82943.19,"Produto Interno Bruto per capita (R$ de 2024)"
3501400,"Álvaro de Carvalho",14559.02714,2020,"Riqueza",73338.7,"Produto Interno Bruto per capita (R$ de 2024)"
3501400,"Álvaro de Carvalho",12165.79155,2022,"Riqueza",63120.7,"Produto Interno Bruto per capita (R$ de 2024)"
3501400,"Álvaro de Carvalho",15439.67662,2024,"Riqueza",82440.92,"Produto Interno Bruto per capita (R$ de 2024)"
3501509,"Alvinlândia",27269.33531,2014,"Riqueza",90454.96,"Produto Interno Bruto per capita (R$ de 2024)"
3501509,"Alvinlândia",26755.03531,2016,"Riqueza",82888.73,"Produto Interno Bruto per capita (R$ de 2024)"
3501509,"Alvinlândia",27269.33531,2018,"Riqueza",82943.19,"Produto Interno Bruto per capita (R$ de 2024)"
3501509,"Alvinlândia",24965.60639,2020,"Riqueza",73338.7,"Produto Interno Bruto per capita (R$ de 2024)"
3501509,"Alvinlândia",21899.48427,2022,"Riqueza",63120.7,"Produto Interno Bruto per capita (R$ de 2024)"
3501509,"Alvinlândia",31053.92157,2024,"Riqueza",82440.92,"Produto Interno Bruto per capita (R$ de 2024)"
3501608,"Americana",81585.60096,2014,"Riqueza",90454.96,"Produto Interno Bruto per capita (R$ de 2024)"
3501608,"Americana",80567.77092,2016,"Riqueza",82888.73,"Produto Interno Bruto per capita (R$ de 2024)"
3501608,"Americana",81585.60096,2018,"Riqueza",82943.19,"Produto Interno Bruto per capita (R$ de 2024)"
3501608,"Americana",71239.24474,2020,"Riqueza",73338.7,"Produto Interno Bruto per capita (R$ de 2024)"
3501608,"Americana",68960.23676,2022,"Riqueza",63120.7,"Produto Interno Bruto per capita (R$ de 2024)"
3501608,"Americana",78603.51598,2024,"Riqueza",82440.92,"Produto Interno Bruto per capita (R$ de 2024)"
3501707,"Américo Brasiliense",40482.63569,2014,"Riqueza",90454.96,"Produto Interno Bruto per capita (R$ de 2024)"
3501707,"Américo Brasiliense",38841.96411,2016,"Riqueza",82888.73,"Produto Interno Bruto per capita (R$ de 2024)"
3501707,"Américo Brasiliense",40482.63569,2018,"Riqueza",82943.19,"Produto Interno Bruto per capita (R$ de 2024)"
3501707,"Américo Brasiliense",37493.05815,2020,"Riqueza",73338.7,"Produto Interno Bruto per capita (R$ de 2024)"
3501707,"Américo Brasiliense",40905.11604,2022,"Riqueza",63120.7,"Produto Interno Bruto per capita (R$ de 2024)"
3501707,"Américo Brasiliense",49746.72086,2024,"Riqueza",82440.92,"Produto Interno Bruto per capita (R$ de 2024)"
3501806,"Américo de Campos",33892.21896,2014,"Riqueza",90454.96,"Produto Interno Bruto per capita (R$ de 2024)"
3501806,"Américo de Campos",30514.41291,2016,"Riqueza",82888.73,"Produto Interno Bruto per capita (R$ de 2024)"
3501806,"Américo de Campos",33892.21896,2018,"Riqueza",82943.19,"Produto Interno Bruto per capita (R$ de 2024)"
3501806,"Américo de Campos",26200.14013,2020,"Riqueza",73338.7,"Produto Interno Bruto per capita (R$ de 2024)"
3501806,"Américo de Campos",23679.58536,2022,"Riqueza",63120.7,"Produto Interno Bruto per capita (R$ de 2024)"
3501806,"Américo de Campos",32046.17213,2024,"Riqueza",82440.92,"Produto Interno Bruto per capita (R$ de 2024)"
3501905,"Amparo",111246.7342,2014,"Riqueza",90454.96,"Produto Interno Bruto per capita (R$ de 2024)"
3501905,"Amparo",88968.76499,2016,"Riqueza",82888.73,"Produto Interno Bruto per capita (R$ de 2024)"
3501905,"Amparo",111246.7342,2018,"Riqueza",82943.19,"Produto Interno Bruto per capita (R$ de 2024)"
3501905,"Amparo",91279.64466,2020,"Riqueza",73338.7,"Produto Interno Bruto per capita (R$ de 2024)"
3501905,"Amparo",88803.1269,2022,"Riqueza",63120.7,"Produto Interno Bruto per capita (R$ de 2024)"
3501905,"Amparo",105781.501,2024,"Riqueza",82440.92,"Produto Interno Bruto per capita (R$ de 2024)"
3502002,"Analândia",63993.9765,2014,"Riqueza",90454.96,"Produto Interno Bruto per capita (R$ de 2024)"
3502002,"Analândia",54152.73181,2016,"Riqueza",82888.73,"Produto Interno Bruto per capita (R$ de 2024)"
3502002,"Analândia",63993.9765,2018,"Riqueza",82943.19,"Produto Interno Bruto per capita (R$ de 2024)"
3502002,"Analândia",55639.98511,2020,"Riqueza",73338.7,"Produto Interno Bruto per capita (R$ de 2024)"
3502002,"Analândia",45091.02534,2022,"Riqueza",63120.7,"Produto Interno Bruto per capita (R$ de 2024)"
3502002,"Analândia",61692.0587,2024,"Riqueza",82440.92,"Produto Interno Bruto per capita (R$ de 2024)"
3502101,"Andradina",56725.79669,2014,"Riqueza",90454.96,"Produto Interno Bruto per capita (R$ de 2024)"
3502101,"Andradina",98223.73383,2016,"Riqueza",82888.73,"Produto Interno Bruto per capita (R$ de 2024)"
3502101,"Andradina",56725.79669,2018,"Riqueza",82943.19,"Produto Interno Bruto per capita (R$ de 2024)"
3502101,"Andradina",65666.59274,2020,"Riqueza",73338.7,"Produto Interno Bruto per capita (R$ de 2024)"
3502101,"Andradina",66275.2574,2022,"Riqueza",63120.7,"Produto Interno Bruto per capita (R$ de 2024)"
3502101,"Andradina",79617.98854,2024,"Riqueza",82440.92,"Produto Interno Bruto per capita (R$ de 2024)"
3502200,"Angatuba",69247.3,2014,"Riqueza",90454.96,"Produto Interno Bruto per capita (R$ de 2024)"
3502200,"Angatuba",62387.62181,2016,"Riqueza",82888.73,"Produto Interno Bruto per capita (R$ de 2024)"
3502200,"Angatuba",69247.3,2018,"Riqueza",82943.19,"Produto Interno Bruto per capita (R$ de 2024)"
3502200,"Angatuba",74197.33769,2020,"Riqueza",73338.7,"Produto Interno Bruto per capita (R$ de 2024)"
3502200,"Angatuba",67853.47983,2022,"Riqueza",63120.7,"Produto Interno Bruto per capita (R$ de 2024)"
3502200,"Angatuba",78733.43516,2024,"Riqueza",82440.92,"Produto Interno Bruto per capita (R$ de 2024)"
3502309,"Anhembi",45915.32622,2014,"Riqueza",90454.96,"Produto Interno Bruto per capita (R$ de 2024)"
3502309,"Anhembi",36202.87906,2016,"Riqueza",82888.73,"Produto Interno Bruto per capita (R$ de 2024)"
3502309,"Anhembi",45915.32622,2018,"Riqueza",82943.19,"Produto Interno Bruto per capita (R$ de 2024)"
3502309,"Anhembi",32018.54206,2020,"Riqueza",73338.7,"Produto Interno Bruto per capita (R$ de 2024)"
3502309,"Anhembi",29669.54181,2022,"Riqueza",63120.7,"Produto Interno Bruto per capita (R$ de 2024)"
3502309,"Anhembi",60008.33629,2024,"Riqueza",82440.92,"Produto Interno Bruto per capita (R$ de 2024)"
3502408,"Anhumas",31516.25694,2014,"Riqueza",90454.96,"Produto Interno Bruto per capita (R$ de 2024)"
3502408,"Anhumas",30933.38149,2016,"Riqueza",82888.73,"Produto Interno Bruto per capita (R$ de 2024)"
3502408,"Anhumas",31516.25694,2018,"Riqueza",82943.19,"Produto Interno Bruto per capita (R$ de 2024)"
3502408,"Anhumas",28821.21632,2020,"Riqueza",73338.7,"Produto Interno Bruto per capita (R$ de 2024)"
3502408,"Anhumas",24565.089,2022,"Riqueza",63120.7,"Produto Interno Bruto per capita (R$ de 2024)"
3502408,"Anhumas",35133.25093,2024,"Riqueza",82440.92,"Produto Interno Bruto per capita (R$ de 2024)"
3502507,"Aparecida",50247.76195,2014,"Riqueza",90454.96,"Produto Interno Bruto per capita (R$ de 2024)"
3502507,"Aparecida",55494.50092,2016,"Riqueza",82888.73,"Produto Interno Bruto per capita (R$ de 2024)"
3502507,"Aparecida",50247.76195,2018,"Riqueza",82943.19,"Produto Interno Bruto per capita (R$ de 2024)"
3502507,"Aparecida",37960.94668,2020,"Riqueza",73338.7,"Produto Interno Bruto per capita (R$ de 2024)"
3502507,"Aparecida",34500.36609,2022,"Riqueza",63120.7,"Produto Interno Bruto per capita (R$ de 2024)"
3502507,"Aparecida",46082.92331,2024,"Riqueza",82440.92,"Produto Interno Bruto per capita (R$ de 2024)"
3502606,"Aparecida d'Oeste",50626.53012,2014,"Riqueza",90454.96,"Produto Interno Bruto per capita (R$ de 2024)"
3502606,"Aparecida d'Oeste",40817.02918,2016,"Riqueza",82888.73,"Produto Interno Bruto per capita (R$ de 2024)"
3502606,"Aparecida d'Oeste",50626.53012,2018,"Riqueza",82943.19,"Produto Interno Bruto per capita (R$ de 2024)"
3502606,"Aparecida d'Oeste",51946.93439,2020,"Riqueza",73338.7,"Produto Interno Bruto per capita (R$ de 2024)"
3502606,"Aparecida d'Oeste",40384.07112,2022,"Riqueza",63120.7,"Produto Interno Bruto per capita (R$ de 2024)"
3502606,"Aparecida d'Oeste",60299.50249,2024,"Riqueza",82440.92,"Produto Interno Bruto per capita (R$ de 2024)"
3502705,"Apiaí",39773.04698,2014,"Riqueza",90454.96,"Produto Interno Bruto per capita (R$ de 2024)"
3502705,"Apiaí",43871.52952,2016,"Riqueza",82888.73,"Produto Interno Bruto per capita (R$ de 2024)"
3502705,"Apiaí",39773.04698,2018,"Riqueza",82943.19,"Produto Interno Bruto per capita (R$ de 2024)"
3502705,"Apiaí",40141.45781,2020,"Riqueza",73338.7,"Produto Interno Bruto per capita (R$ de 2024)"
3502705,"Apiaí",39196.89234,2022,"Riqueza",63120.7,"Produto Interno Bruto per capita (R$ de 2024)"
3502705,"Apiaí",54423.7302,2024,"Riqueza",82440.92,"Produto Interno Bruto per capita (R$ de 2024)"
3502754,"Araçariguama",266980.4197,2014,"Riqueza",90454.96,"Produto Interno Bruto per capita (R$ de 2024)"
3502754,"Araçariguama",191925.7828,2016,"Riqueza",82888.73,"Produto Interno Bruto per capita (R$ de 2024)"
3502754,"Araçariguama",266980.4197,2018,"Riqueza",82943.19,"Produto Interno Bruto per capita (R$ de 2024)"
3502754,"Araçariguama",211257.7887,2020,"Riqueza",73338.7,"Produto Interno Bruto per capita (R$ de 2024)"
3502754,"Araçariguama",233778.3567,2022,"Riqueza",63120.7,"Produto Interno Bruto per capita (R$ de 2024)"
3502754,"Araçariguama",233757.4802,2024,"Riqueza",82440.92,"Produto Interno Bruto per capita (R$ de 2024)"
3502804,"Araçatuba",64227.51587,2014,"Riqueza",90454.96,"Produto Interno Bruto per capita (R$ de 2024)"
3502804,"Araçatuba",65323.66935,2016,"Riqueza",82888.73,"Produto Interno Bruto per capita (R$ de 2024)"
3502804,"Araçatuba",64227.51587,2018,"Riqueza",82943.19,"Produto Interno Bruto per capita (R$ de 2024)"
3502804,"Araçatuba",60032.04972,2020,"Riqueza",73338.7,"Produto Interno Bruto per capita (R$ de 2024)"
3502804,"Araçatuba",50495.77989,2022,"Riqueza",63120.7,"Produto Interno Bruto per capita (R$ de 2024)"
3502804,"Araçatuba",60925.23415,2024,"Riqueza",82440.92,"Produto Interno Bruto per capita (R$ de 2024)"
3502903,"Araçoiaba da Serra",45352.92668,2014,"Riqueza",90454.96,"Produto Interno Bruto per capita (R$ de 2024)"
3502903,"Araçoiaba da Serra",37787.99457,2016,"Riqueza",82888.73,"Produto Interno Bruto per capita (R$ de 2024)"
3502903,"Araçoiaba da Serra",45352.92668,2018,"Riqueza",82943.19,"Produto Interno Bruto per capita (R$ de 2024)"
3502903,"Araçoiaba da Serra",41495.93984,2020,"Riqueza",73338.7,"Produto Interno Bruto per capita (R$ de 2024)"
3502903,"Araçoiaba da Serra",36758.78001,2022,"Riqueza",63120.7,"Produto Interno Bruto per capita (R$ de 2024)"
3502903,"Araçoiaba da Serra",49389.80338,2024,"Riqueza",82440.92,"Produto Interno Bruto per capita (R$ de 2024)"
3503000,"Aramina",38466.67195,2014,"Riqueza",90454.96,"Produto Interno Bruto per capita (R$ de 2024)"
3503000,"Aramina",41249.44974,2016,"Riqueza",82888.73,"Produto Interno Bruto per capita (R$ de 2024)"
3503000,"Aramina",38466.67195,2018,"Riqueza",82943.19,"Produto Interno Bruto per capita (R$ de 2024)"
3503000,"Aramina",39008.46533,2020,"Riqueza",73338.7,"Produto Interno Bruto per capita (R$ de 2024)"
3503000,"Aramina",31230.71457,2022,"Riqueza",63120.7,"Produto Interno Bruto per capita (R$ de 2024)"
3503000,"Aramina",43135.28873,2024,"Riqueza",82440.92,"Produto Interno Bruto per capita (R$ de 2024)"
3503109,"Arandu",31538.09381,2014,"Riqueza",90454.96,"Produto Interno Bruto per capita (R$ de 2024)"
3503109,"Arandu",37678.5156,2016,"Riqueza",82888.73,"Produto Interno Bruto per capita (R$ de 2024)"
3503109,"Arandu",31538.09381,2018,"Riqueza",82943.19,"Produto Interno Bruto per capita (R$ de 2024)"
3503109,"Arandu",40793.09164,2020,"Riqueza",73338.7,"Produto Interno Bruto per capita (R$ de 2024)"
3503109,"Arandu",26919.46372,2022,"Riqueza",63120.7,"Produto Interno Bruto per capita (R$ de 2024)"
3503109,"Arandu",33369.43769,2024,"Riqueza",82440.92,"Produto Interno Bruto per capita (R$ de 2024)"
3503158,"Arapeí",20510.93141,2014,"Riqueza",90454.96,"Produto Interno Bruto per capita (R$ de 2024)"
3503158,"Arapeí",18476.17689,2016,"Riqueza",82888.73,"Produto Interno Bruto per capita (R$ de 2024)"
3503158,"Arapeí",20510.93141,2018,"Riqueza",82943.19,"Produto Interno Bruto per capita (R$ de 2024)"
3503158,"Arapeí",22224.05224,2020,"Riqueza",73338.7,"Produto Interno Bruto per capita (R$ de 2024)"
3503158,"Arapeí",20025.36476,2022,"Riqueza",63120.7,"Produto Interno Bruto per capita (R$ de 2024)"
3503158,"Arapeí",25022.76708,2024,"Riqueza",82440.92,"Produto Interno Bruto per capita (R$ de 2024)"
3503208,"Araraquara",69216.612,2014,"Riqueza",90454.96,"Produto Interno Bruto per capita (R$ de 2024)"
3503208,"Araraquara",71214.50758,2016,"Riqueza",82888.73,"Produto Interno Bruto per capita (R$ de 2024)"
3503208,"Araraquara",69216.612,2018,"Riqueza",82943.19,"Produto Interno Bruto per capita (R$ de 2024)"
3503208,"Araraquara",64611.25995,2020,"Riqueza",73338.7,"Produto Interno Bruto per capita (R$ de 2024)"
3503208,"Araraquara",53437.63241,2022,"Riqueza",63120.7,"Produto Interno Bruto per capita (R$ de 2024)"
3503208,"Araraquara",63939.59642,2024,"Riqueza",82440.92,"Produto Interno Bruto per capita (R$ de 2024)"
3503307,"Araras",71390.68621,2014,"Riqueza",90454.96,"Produto Interno Bruto per capita (R$ de 2024)"
3503307,"Araras",69756.89965,2016,"Riqueza",82888.73,"Produto Interno Bruto per capita (R$ de 2024)"
3503307,"Araras",71390.68621,2018,"Riqueza",82943.19,"Produto Interno Bruto per capita (R$ de 2024)"
3503307,"Araras",68022.35404,2020,"Riqueza",73338.7,"Produto Interno Bruto per capita (R$ de 2024)"
3503307,"Araras",63320.66178,2022,"Riqueza",63120.7,"Produto Interno Bruto per capita (R$ de 2024)"
3503307,"Araras",81437.70435,2024,"Riqueza",82440.92,"Produto Interno Bruto per capita (R$ de 2024)"
3503356,"Arco-Íris",47767.93495,2014,"Riqueza",90454.96,"Produto Interno Bruto per capita (R$ de 2024)"
3503356,"Arco-Íris",49582.38653,2016,"Riqueza",82888.73,"Produto Interno Bruto per capita (R$ de 2024)"
3503356,"Arco-Íris",47767.93495,2018,"Riqueza",82943.19,"Produto Interno Bruto per capita (R$ de 2024)"
3503356,"Arco-Íris",63737.88022,2020,"Riqueza",73338.7,"Produto Interno Bruto per capita (R$ de 2024)"
3503356,"Arco-Íris",29766.85637,2022,"Riqueza",63120.7,"Produto Interno Bruto per capita (R$ de 2024)"
3503356,"Arco-Íris",71047.08738,2024,"Riqueza",82440.92,"Produto Interno Bruto per capita (R$ de 2024)"
3503406,"Arealva",46875.52386,2014,"Riqueza",90454.96,"Produto Interno Bruto per capita (R$ de 2024)"
3503406,"Arealva",37350.03025,2016,"Riqueza",82888.73,"Produto Interno Bruto per capita (R$ de 2024)"
3503406,"Arealva",46875.52386,2018,"Riqueza",82943.19,"Produto Interno Bruto per capita (R$ de 2024)"
3503406,"Arealva",41040.30958,2020,"Riqueza",73338.7,"Produto Interno Bruto per capita (R$ de 2024)"
3503406,"Arealva",30419.531,2022,"Riqueza",63120.7,"Produto Interno Bruto per capita (R$ de 2024)"
3503406,"Arealva",39644.46897,2024,"Riqueza",82440.92,"Produto Interno Bruto per capita (R$ de 2024)"
3503505,"Areias",18699.91414,2014,"Riqueza",90454.96,"Produto Interno Bruto per capita (R$ de 2024)"
3503505,"Areias",17650.18921,2016,"Riqueza",82888.73,"Produto Interno Bruto per capita (R$ de 2024)"
3503505,"Areias",18699.91414,2018,"Riqueza",82943.19,"Produto Interno Bruto per capita (R$ de 2024)"
3503505,"Areias",20352.65722,2020,"Riqueza",73338.7,"Produto Interno Bruto per capita (R$ de 2024)"
3503505,"Areias",17489.29041,2022,"Riqueza",63120.7,"Produto Interno Bruto per capita (R$ de 2024)"
3503505,"Areias",22693.80282,2024,"Riqueza",82440.92,"Produto Interno Bruto per capita (R$ de 2024)"
3503604,"Areiópolis",21880.85782,2014,"Riqueza",90454.96,"Produto Interno Bruto per capita (R$ de 2024)"
3503604,"Areiópolis",21356.00996,2016,"Riqueza",82888.73,"Produto Interno Bruto per capita (R$ de 2024)"
3503604,"Areiópolis",21880.85782,2018,"Riqueza",82943.19,"Produto Interno Bruto per capita (R$ de 2024)"
3503604,"Areiópolis",18654.41802,2020,"Riqueza",73338.7,"Produto Interno Bruto per capita (R$ de 2024)"
3503604,"Areiópolis",16859.43369,2022,"Riqueza",63120.7,"Produto Interno Bruto per capita (R$ de 2024)"
3503604,"Areiópolis",23787.3276,2024,"Riqueza",82440.92,"Produto Interno Bruto per capita (R$ de 2024)"
3503703,"Ariranha",131137.0804,2014,"Riqueza",90454.96,"Produto Interno Bruto per capita (R$ de 2024)"
3503703,"Ariranha",127796.818,2016,"Riqueza",82888.73,"Produto Interno Bruto per capita (R$ de 2024)"
3503703,"Ariranha",131137.0804,2018,"Riqueza",82943.19,"Produto Interno Bruto per capita (R$ de 2024)"
3503703,"Ariranha",143060.5317,2020,"Riqueza",73338.7,"Produto Interno Bruto per capita (R$ de 2024)"
3503703,"Ariranha",165589.9068,2022,"Riqueza",63120.7,"Produto Interno Bruto per capita (R$ de 2024)"
3503703,"Ariranha",181758.6207,2024,"Riqueza",82440.92,"Produto Interno Bruto per capita (R$ de 2024)"
3503802,"Artur Nogueira",38261.37983,2014,"Riqueza",90454.96,"Produto Interno Bruto per capita (R$ de 2024)"
3503802,"Artur Nogueira",35229.32695,2016,"Riqueza",82888.73,"Produto Interno Bruto per capita (R$ de 2024)"
3503802,"Artur Nogueira",38261.37983,2018,"Riqueza",82943.19,"Produto Interno Bruto per capita (R$ de 2024)"
3503802,"Artur Nogueira",38675.30879,2020,"Riqueza",73338.7,"Produto Interno Bruto per capita (R$ de 2024)"
3503802,"Artur Nogueira",43978.60808,2022,"Riqueza",63120.7,"Produto Interno Bruto per capita (R$ de 2024)"
3503802,"Artur Nogueira",44236.69721,2024,"Riqueza",82440.92,"Produto Interno Bruto per capita (R$ de 2024)"
3503901,"Arujá",117130.7652,2014,"Riqueza",90454.96,"Produto Interno Bruto per capita (R$ de 2024)"
3503901,"Arujá",99487.73875,2016,"Riqueza",82888.73,"Produto Interno Bruto per capita (R$ de 2024)"
3503901,"Arujá",117130.7652,2018,"Riqueza",82943.19,"Produto Interno Bruto per capita (R$ de 2024)"
3503901,"Arujá",117112.5773,2020,"Riqueza",73338.7,"Produto Interno Bruto per capita (R$ de 2024)"
3503901,"Arujá",106936.057,2022,"Riqueza",63120.7,"Produto Interno Bruto per capita (R$ de 2024)"
3503901,"Arujá",126788.2468,2024,"Riqueza",82440.92,"Produto Interno Bruto per capita (R$ de 2024)"
3503950,"Aspásia",32757.73789,2014,"Riqueza",90454.96,"Produto Interno Bruto per capita (R$ de 2024)"
3503950,"Aspásia",30689.63032,2016,"Riqueza",82888.73,"Produto Interno Bruto per capita (R$ de 2024)"
3503950,"Aspásia",32757.73789,2018,"Riqueza",82943.19,"Produto Interno Bruto per capita (R$ de 2024)"
3503950,"Aspásia",31219.72909,2020,"Riqueza",73338.7,"Produto Interno Bruto per capita (R$ de 2024)"
3503950,"Aspásia",23633.63562,2022,"Riqueza",63120.7,"Produto Interno Bruto per capita (R$ de 2024)"
3503950,"Aspásia",38337.85249,2024,"Riqueza",82440.92,"Produto Interno Bruto per capita (R$ de 2024)"
3504008,"Assis",55415.9852,2014,"Riqueza",90454.96,"Produto Interno Bruto per capita (R$ de 2024)"
3504008,"Assis",50864.01558,2016,"Riqueza",82888.73,"Produto Interno Bruto per capita (R$ de 2024)"
3504008,"Assis",55415.9852,2018,"Riqueza",82943.19,"Produto Interno Bruto per capita (R$ de 2024)"
3504008,"Assis",50718.5242,2020,"Riqueza",73338.7,"Produto Interno Bruto per capita (R$ de 2024)"
3504008,"Assis",44323.53522,2022,"Riqueza",63120.7,"Produto Interno Bruto per capita (R$ de 2024)"
3504008,"Assis",49363.52835,2024,"Riqueza",82440.92,"Produto Interno Bruto per capita (R$ de 2024)"
3504107,"Atibaia",85965.92226,2014,"Riqueza",90454.96,"Produto Interno Bruto per capita (R$ de 2024)"
3504107,"Atibaia",76902.65624,2016,"Riqueza",82888.73,"Produto Interno Bruto per capita (R$ de 2024)"
3504107,"Atibaia",85965.92226,2018,"Riqueza",82943.19,"Produto Interno Bruto per capita (R$ de 2024)"
3504107,"Atibaia",73107.36994,2020,"Riqueza",73338.7,"Produto Interno Bruto per capita (R$ de 2024)"
3504107,"Atibaia",54579.9013,2022,"Riqueza",63120.7,"Produto Interno Bruto per capita (R$ de 2024)"
3504107,"Atibaia",62008.93979,2024,"Riqueza",82440.92,"Produto Interno Bruto per capita (R$ de 2024)"
3504206,"Auriflama",34870.45167,2014,"Riqueza",90454.96,"Produto Interno Bruto per capita (R$ de 2024)"
3504206,"Auriflama",35802.1075,2016,"Riqueza",82888.73,"Produto Interno Bruto per capita (R$ de 2024)"
3504206,"Auriflama",34870.45167,2018,"Riqueza",82943.19,"Produto Interno Bruto per capita (R$ de 2024)"
3504206,"Auriflama",30947.80613,2020,"Riqueza",73338.7,"Produto Interno Bruto per capita (R$ de 2024)"
3504206,"Auriflama",28127.90063,2022,"Riqueza",63120.7,"Produto Interno Bruto per capita (R$ de 2024)"
3504206,"Auriflama",35203.96245,2024,"Riqueza",82440.92,"Produto Interno Bruto per capita (R$ de 2024)"
3504305,"Avaí",85934.02028,2014,"Riqueza",90454.96,"Produto Interno Bruto per capita (R$ de 2024)"
3504305,"Avaí",96928.6201,2016,"Riqueza",82888.73,"Produto Interno Bruto per capita (R$ de 2024)"
3504305,"Avaí",85934.02028,2018,"Riqueza",82943.19,"Produto Interno Bruto per capita (R$ de 2024)"
3504305,"Avaí",103080.1144,2020,"Riqueza",73338.7,"Produto Interno Bruto per capita (R$ de 2024)"
3504305,"Avaí",72369.25802,2022,"Riqueza",63120.7,"Produto Interno Bruto per capita (R$ de 2024)"
3504305,"Avaí",122284.2201,2024,"Riqueza",82440.92,"Produto Interno Bruto per capita (R$ de 2024)"
3504404,"Avanhandava",44132.13051,2014,"Riqueza",90454.96,"Produto Interno Bruto per capita (R$ de 2024)"
3504404,"Avanhandava",50446.4582,2016,"Riqueza",82888.73,"Produto Interno Bruto per capita (R$ de 2024)"
3504404,"Avanhandava",44132.13051,2018,"Riqueza",82943.19,"Produto Interno Bruto per capita (R$ de 2024)"
3504404,"Avanhandava",55824.83662,2020,"Riqueza",73338.7,"Produto Interno Bruto per capita (R$ de 2024)"
3504404,"Avanhandava",19151.54475,2022,"Riqueza",63120.7,"Produto Interno Bruto per capita (R$ de 2024)"
3504404,"Avanhandava",28400,2024,"Riqueza",82440.92,"Produto Interno Bruto per capita (R$ de 2024)"
3504503,"Avaré",52131.44081,2014,"Riqueza",90454.96,"Produto Interno Bruto per capita (R$ de 2024)"
3504503,"Avaré",51223.81253,2016,"Riqueza",82888.73,"Produto Interno Bruto per capita (R$ de 2024)"
3504503,"Avaré",52131.44081,2018,"Riqueza",82943.19,"Produto Interno Bruto per capita (R$ de 2024)"
3504503,"Avaré",44337.43641,2020,"Riqueza",73338.7,"Produto Interno Bruto per capita (R$ de 2024)"
3504503,"Avaré",40922.71506,2022,"Riqueza",63120.7,"Produto Interno Bruto per capita (R$ de 2024)"
3504503,"Avaré",50419.19676,2024,"Riqueza",82440.92,"Produto Interno Bruto per capita (R$ de 2024)"
3504602,"Bady Bassitt",36377.46174,2014,"Riqueza",90454.96,"Produto Interno Bruto per capita (R$ de 2024)"
3504602,"Bady Bassitt",35902.2463,2016,"Riqueza",82888.73,"Produto Interno Bruto per capita (R$ de 2024)"
3504602,"Bady Bassitt",36377.46174,2018,"Riqueza",82943.19,"Produto Interno Bruto per capita (R$ de 2024)"
3504602,"Bady Bassitt",39313.42692,2020,"Riqueza",73338.7,"Produto Interno Bruto per capita (R$ de 2024)"
3504602,"Bady Bassitt",23969.85155,2022,"Riqueza",63120.7,"Produto Interno Bruto per capita (R$ de 2024)"
3504602,"Bady Bassitt",27804.75042,2024,"Riqueza",82440.92,"Produto Interno Bruto per capita (R$ de 2024)"
3504701,"Balbinos",25687.52483,2014,"Riqueza",90454.96,"Produto Interno Bruto per capita (R$ de 2024)"
3504701,"Balbinos",20392.37006,2016,"Riqueza",82888.73,"Produto Interno Bruto per capita (R$ de 2024)"
3504701,"Balbinos",25687.52483,2018,"Riqueza",82943.19,"Produto Interno Bruto per capita (R$ de 2024)"
3504701,"Balbinos",23033.91787,2020,"Riqueza",73338.7,"Produto Interno Bruto per capita (R$ de 2024)"
3504701,"Balbinos",15677.56209,2022,"Riqueza",63120.7,"Produto Interno Bruto per capita (R$ de 2024)"
3504701,"Balbinos",22737.0976,2024,"Riqueza",82440.92,"Produto Interno Bruto per capita (R$ de 2024)"
3504800,"Bálsamo",39616.34564,2014,"Riqueza",90454.96,"Produto Interno Bruto per capita (R$ de 2024)"
3504800,"Bálsamo",37181.68733,2016,"Riqueza",82888.73,"Produto Interno Bruto per capita (R$ de 2024)"
3504800,"Bálsamo",39616.34564,2018,"Riqueza",82943.19,"Produto Interno Bruto per capita (R$ de 2024)"
3504800,"Bálsamo",39896.93245,2020,"Riqueza",73338.7,"Produto Interno Bruto per capita (R$ de 2024)"
3504800,"Bálsamo",31817.98636,2022,"Riqueza",63120.7,"Produto Interno Bruto per capita (R$ de 2024)"
3504800,"Bálsamo",40123.23479,2024,"Riqueza",82440.92,"Produto Interno Bruto per capita (R$ de 2024)"
3504909,"Bananal",28848.46533,2014,"Riqueza",90454.96,"Produto Interno Bruto per capita (R$ de 2024)"
3504909,"Bananal",36584.54849,2016,"Riqueza",82888.73,"Produto Interno Bruto per capita (R$ de 2024)"
3504909,"Bananal",28848.46533,2018,"Riqueza",82943.19,"Produto Interno Bruto per capita (R$ de 2024)"
3504909,"Bananal",26359.47689,2020,"Riqueza",73338.7,"Produto Interno Bruto per capita (R$ de 2024)"
3504909,"Bananal",23232.63489,2022,"Riqueza",63120.7,"Produto Interno Bruto per capita (R$ de 2024)"
3504909,"Bananal",30687.37982,2024,"Riqueza",82440.92,"Produto Interno Bruto per capita (R$ de 2024)"
3505005,"Barão de Antonina",26424.78503,2014,"Riqueza",90454.96,"Produto Interno Bruto per capita (R$ de 2024)"
3505005,"Barão de Antonina",36935.50627,2016,"Riqueza",82888.73,"Produto Interno Bruto per capita (R$ de 2024)"
3505005,"Barão de Antonina",26424.78503,2018,"Riqueza",82943.19,"Produto Interno Bruto per capita (R$ de 2024)"
3505005,"Barão de Antonina",28093.86043,2020,"Riqueza",73338.7,"Produto Interno Bruto per capita (R$ de 2024)"
3505005,"Barão de Antonina",21688.93362,2022,"Riqueza",63120.7,"Produto Interno Bruto per capita (R$ de 2024)"
3505005,"Barão de Antonina",24070.83101,2024,"Riqueza",82440.92,"Produto Interno Bruto per capita (R$ de 2024)"
3505104,"Barbosa",21936.12306,2014,"Riqueza",90454.96,"Produto Interno Bruto per capita (R$ de 2024)"
3505104,"Barbosa",25216.29804,2016,"Riqueza",82888.73,"Produto Interno Bruto per capita (R$ de 2024)"
3505104,"Barbosa",21936.12306,2018,"Riqueza",82943.19,"Produto Interno Bruto per capita (R$ de 2024)"
3505104,"Barbosa",22576.75904,2020,"Riqueza",73338.7,"Produto Interno Bruto per capita (R$ de 2024)"
3505104,"Barbosa",22460.77935,2022,"Riqueza",63120.7,"Produto Interno Bruto per capita (R$ de 2024)"
3505104,"Barbosa",36976.78275,2024,"Riqueza",82440.92,"Produto Interno Bruto per capita (R$ de 2024)"
3505203,"Bariri",57099.5386,2014,"Riqueza",90454.96,"Produto Interno Bruto per capita (R$ de 2024)"
3505203,"Bariri",75935.14395,2016,"Riqueza",82888.73,"Produto Interno Bruto per capita (R$ de 2024)"
3505203,"Bariri",57099.5386,2018,"Riqueza",82943.19,"Produto Interno Bruto per capita (R$ de 2024)"
3505203,"Bariri",55464.827,2020,"Riqueza",73338.7,"Produto Interno Bruto per capita (R$ de 2024)"
3505203,"Bariri",56225.86134,2022,"Riqueza",63120.7,"Produto Interno Bruto per capita (R$ de 2024)"
3505203,"Bariri",63499.5557,2024,"Riqueza",82440.92,"Produto Interno Bruto per capita (R$ de 2024)"
3505302,"Barra Bonita",60537.33928,2014,"Riqueza",90454.96,"Produto Interno Bruto per capita (R$ de 2024)"
3505302,"Barra Bonita",69727.81229,2016,"Riqueza",82888.73,"Produto Interno Bruto per capita (R$ de 2024)"
3505302,"Barra Bonita",60537.33928,2018,"Riqueza",82943.19,"Produto Interno Bruto per capita (R$ de 2024)"
3505302,"Barra Bonita",54224.52989,2020,"Riqueza",73338.7,"Produto Interno Bruto per capita (R$ de 2024)"
3505302,"Barra Bonita",50282.86505,2022,"Riqueza",63120.7,"Produto Interno Bruto per capita (R$ de 2024)"
3505302,"Barra Bonita",65672.39755,2024,"Riqueza",82440.92,"Produto Interno Bruto per capita (R$ de 2024)"
3505351,"Barra do Chapéu",24508.53997,2014,"Riqueza",90454.96,"Produto Interno Bruto per capita (R$ de 2024)"
3505351,"Barra do Chapéu",26657.53825,2016,"Riqueza",82888.73,"Produto Interno Bruto per capita (R$ de 2024)"
3505351,"Barra do Chapéu",24508.53997,2018,"Riqueza",82943.19,"Produto Interno Bruto per capita (R$ de 2024)"
3505351,"Barra do Chapéu",35829.82526,2020,"Riqueza",73338.7,"Produto Interno Bruto per capita (R$ de 2024)"
3505351,"Barra do Chapéu",31020.74271,2022,"Riqueza",63120.7,"Produto Interno Bruto per capita (R$ de 2024)"
3505351,"Barra do Chapéu",42281.88701,2024,"Riqueza",82440.92,"Produto Interno Bruto per capita (R$ de 2024)"
3505401,"Barra do Turvo",19573.3443,2014,"Riqueza",90454.96,"Produto Interno Bruto per capita (R$ de 2024)"
3505401,"Barra do Turvo",18469.22008,2016,"Riqueza",82888.73,"Produto Interno Bruto per capita (R$ de 2024)"
3505401,"Barra do Turvo",19573.3443,2018,"Riqueza",82943.19,"Produto Interno Bruto per capita (R$ de 2024)"
3505401,"Barra do Turvo",19554.26873,2020,"Riqueza",73338.7,"Produto Interno Bruto per capita (R$ de 2024)"
3505401,"Barra do Turvo",19739.40513,2022,"Riqueza",63120.7,"Produto Interno Bruto per capita (R$ de 2024)"
3505401,"Barra do Turvo",23228.20092,2024,"Riqueza",82440.92,"Produto Interno Bruto per capita (R$ de 2024)"
3505500,"Barretos",68573.67437,2014,"Riqueza",90454.96,"Produto Interno Bruto per capita (R$ de 2024)"
3505500,"Barretos",67235.57924,2016,"Riqueza",82888.73,"Produto Interno Bruto per capita (R$ de 2024)"
3505500,"Barretos",68573.67437,2018,"Riqueza",82943.19,"Produto Interno Bruto per capita (R$ de 2024)"
3505500,"Barretos",58199.4299,2020,"Riqueza",73338.7,"Produto Interno Bruto per capita (R$ de 2024)"
3505500,"Barretos",49449.01072,2022,"Riqueza",63120.7,"Produto Interno Bruto per capita (R$ de 2024)"
3505500,"Barretos",58261.78662,2024,"Riqueza",82440.92,"Produto Interno Bruto per capita (R$ de 2024)"
3505609,"Barrinha",27062.93023,2014,"Riqueza",90454.96,"Produto Interno Bruto per capita (R$ de 2024)"
3505609,"Barrinha",27430.5795,2016,"Riqueza",82888.73,"Produto Interno Bruto per capita (R$ de 2024)"
3505609,"Barrinha",27062.93023,2018,"Riqueza",82943.19,"Produto Interno Bruto per capita (R$ de 2024)"
3505609,"Barrinha",23577.39222,2020,"Riqueza",73338.7,"Produto Interno Bruto per capita (R$ de 2024)"
3505609,"Barrinha",20133.39177,2022,"Riqueza",63120.7,"Produto Interno Bruto per capita (R$ de 2024)"
3505609,"Barrinha",24373.30707,2024,"Riqueza",82440.92,"Produto Interno Bruto per capita (R$ de 2024)"
3505708,"Barueri",321291.9591,2014,"Riqueza",90454.96,"Produto Interno Bruto per capita (R$ de 2024)"
3505708,"Barueri",325291.4328,2016,"Riqueza",82888.73,"Produto Interno Bruto per capita (R$ de 2024)"
3505708,"Barueri",321291.9591,2018,"Riqueza",82943.19,"Produto Interno Bruto per capita (R$ de 2024)"
3505708,"Barueri",266930.4311,2020,"Riqueza",73338.7,"Produto Interno Bruto per capita (R$ de 2024)"
3505708,"Barueri",215947.8669,2022,"Riqueza",63120.7,"Produto Interno Bruto per capita (R$ de 2024)"
3505708,"Barueri",235462.5166,2024,"Riqueza",82440.92,"Produto Interno Bruto per capita (R$ de 2024)"
3505807,"Bastos",78084.68508,2014,"Riqueza",90454.96,"Produto Interno Bruto per capita (R$ de 2024)"
3505807,"Bastos",71561.35079,2016,"Riqueza",82888.73,"Produto Interno Bruto per capita (R$ de 2024)"
3505807,"Bastos",78084.68508,2018,"Riqueza",82943.19,"Produto Interno Bruto per capita (R$ de 2024)"
3505807,"Bastos",66353.40504,2020,"Riqueza",73338.7,"Produto Interno Bruto per capita (R$ de 2024)"
3505807,"Bastos",52080.76137,2022,"Riqueza",63120.7,"Produto Interno Bruto per capita (R$ de 2024)"
3505807,"Bastos",79542.25254,2024,"Riqueza",82440.92,"Produto Interno Bruto per capita (R$ de 2024)"
3505906,"Batatais",44099.92347,2014,"Riqueza",90454.96,"Produto Interno Bruto per capita (R$ de 2024)"
3505906,"Batatais",49830.36474,2016,"Riqueza",82888.73,"Produto Interno Bruto per capita (R$ de 2024)"
3505906,"Batatais",44099.92347,2018,"Riqueza",82943.19,"Produto Interno Bruto per capita (R$ de 2024)"
3505906,"Batatais",47690.76615,2020,"Riqueza",73338.7,"Produto Interno Bruto per capita (R$ de 2024)"
3505906,"Batatais",46961.07373,2022,"Riqueza",63120.7,"Produto Interno Bruto per capita (R$ de 2024)"
3505906,"Batatais",61138.8195,2024,"Riqueza",82440.92,"Produto Interno Bruto per capita (R$ de 2024)"
3506003,"Bauru",67048.12192,2014,"Riqueza",90454.96,"Produto Interno Bruto per capita (R$ de 2024)"
3506003,"Bauru",64955.17061,2016,"Riqueza",82888.73,"Produto Interno Bruto per capita (R$ de 2024)"
3506003,"Bauru",67048.12192,2018,"Riqueza",82943.19,"Produto Interno Bruto per capita (R$ de 2024)"
3506003,"Bauru",57387.66944,2020,"Riqueza",73338.7,"Produto Interno Bruto per capita (R$ de 2024)"
3506003,"Bauru",48158.46465,2022,"Riqueza",63120.7,"Produto Interno Bruto per capita (R$ de 2024)"
3506003,"Bauru",57863.94512,2024,"Riqueza",82440.92,"Produto Interno Bruto per capita (R$ de 2024)"
3506102,"Bebedouro",74231.06528,2014,"Riqueza",90454.96,"Produto Interno Bruto per capita (R$ de 2024)"
3506102,"Bebedouro",76126.05309,2016,"Riqueza",82888.73,"Produto Interno Bruto per capita (R$ de 2024)"
3506102,"Bebedouro",74231.06528,2018,"Riqueza",82943.19,"Produto Interno Bruto per capita (R$ de 2024)"
3506102,"Bebedouro",59769.51828,2020,"Riqueza",73338.7,"Produto Interno Bruto per capita (R$ de 2024)"
3506102,"Bebedouro",61091.77575,2022,"Riqueza",63120.7,"Produto Interno Bruto per capita (R$ de 2024)"
3506102,"Bebedouro",75315.28161,2024,"Riqueza",82440.92,"Produto Interno Bruto per capita (R$ de 2024)"
3506201,"Bento de Abreu",95631.6255,2014,"Riqueza",90454.96,"Produto Interno Bruto per capita (R$ de 2024)"
3506201,"Bento de Abreu",79478.75073,2016,"Riqueza",82888.73,"Produto Interno Bruto per capita (R$ de 2024)"
3506201,"Bento de Abreu",95631.6255,2018,"Riqueza",82943.19,"Produto Interno Bruto per capita (R$ de 2024)"
3506201,"Bento de Abreu",97499.72973,2020,"Riqueza",73338.7,"Produto Interno Bruto per capita (R$ de 2024)"
3506201,"Bento de Abreu",93858.81452,2022,"Riqueza",63120.7,"Produto Interno Bruto per capita (R$ de 2024)"
3506201,"Bento de Abreu",119063.5348,2024,"Riqueza",82440.92,"Produto Interno Bruto per capita (R$ de 2024)"
3506300,"Bernardino de Campos",33727.02796,2014,"Riqueza",90454.96,"Produto Interno Bruto per capita (R$ de 2024)"
3506300,"Bernardino de Campos",33366.9062,2016,"Riqueza",82888.73,"Produto Interno Bruto per capita (R$ de 2024)"
3506300,"Bernardino de Campos",33727.02796,2018,"Riqueza",82943.19,"Produto Interno Bruto per capita (R$ de 2024)"
3506300,"Bernardino de Campos",38488.32958,2020,"Riqueza",73338.7,"Produto Interno Bruto per capita (R$ de 2024)"
3506300,"Bernardino de Campos",40807.38946,2022,"Riqueza",63120.7,"Produto Interno Bruto per capita (R$ de 2024)"
3506300,"Bernardino de Campos",55649.60192,2024,"Riqueza",82440.92,"Produto Interno Bruto per capita (R$ de 2024)"
3506359,"Bertioga",46417.7447,2014,"Riqueza",90454.96,"Produto Interno Bruto per capita (R$ de 2024)"
3506359,"Bertioga",45937.18017,2016,"Riqueza",82888.73,"Produto Interno Bruto per capita (R$ de 2024)"
3506359,"Bertioga",46417.7447,2018,"Riqueza",82943.19,"Produto Interno Bruto per capita (R$ de 2024)"
3506359,"Bertioga",41444.8355,2020,"Riqueza",73338.7,"Produto Interno Bruto per capita (R$ de 2024)"
3506359,"Bertioga",34785.52129,2022,"Riqueza",63120.7,"Produto Interno Bruto per capita (R$ de 2024)"
3506359,"Bertioga",42939.19873,2024,"Riqueza",82440.92,"Produto Interno Bruto per capita (R$ de 2024)"
3506409,"Bilac",41512.39241,2014,"Riqueza",90454.96,"Produto Interno Bruto per capita (R$ de 2024)"
3506409,"Bilac",43843.33395,2016,"Riqueza",82888.73,"Produto Interno Bruto per capita (R$ de 2024)"
3506409,"Bilac",41512.39241,2018,"Riqueza",82943.19,"Produto Interno Bruto per capita (R$ de 2024)"
3506409,"Bilac",47195.0409,2020,"Riqueza",73338.7,"Produto Interno Bruto per capita (R$ de 2024)"
3506409,"Bilac",37428.31792,2022,"Riqueza",63120.7,"Produto Interno Bruto per capita (R$ de 2024)"
3506409,"Bilac",45301.65913,2024,"Riqueza",82440.92,"Produto Interno Bruto per capita (R$ de 2024)"
3506508,"Birigui",46298.02398,2014,"Riqueza",90454.96,"Produto Interno Bruto per capita (R$ de 2024)"
3506508,"Birigui",49501.85417,2016,"Riqueza",82888.73,"Produto Interno Bruto per capita (R$ de 2024)"
3506508,"Birigui",46298.02398,2018,"Riqueza",82943.19,"Produto Interno Bruto per capita (R$ de 2024)"
3506508,"Birigui",41642.24912,2020,"Riqueza",73338.7,"Produto Interno Bruto per capita (R$ de 2024)"
3506508,"Birigui",37016.04557,2022,"Riqueza",63120.7,"Produto Interno Bruto per capita (R$ de 2024)"
3506508,"Birigui",43520.73372,2024,"Riqueza",82440.92,"Produto Interno Bruto per capita (R$ de 2024)"
3506607,"Biritiba Mirim",35951.1341,2014,"Riqueza",90454.96,"Produto Interno Bruto per capita (R$ de 2024)"
3506607,"Biritiba Mirim",42252.88081,2016,"Riqueza",82888.73,"Produto Interno Bruto per capita (R$ de 2024)"
3506607,"Biritiba Mirim",35951.1341,2018,"Riqueza",82943.19,"Produto Interno Bruto per capita (R$ de 2024)"
3506607,"Biritiba Mirim",42379.22811,2020,"Riqueza",73338.7,"Produto Interno Bruto per capita (R$ de 2024)"
3506607,"Biritiba Mirim",30740.09027,2022,"Riqueza",63120.7,"Produto Interno Bruto per capita (R$ de 2024)"
3506607,"Biritiba Mirim",40168.00189,2024,"Riqueza",82440.92,"Produto Interno Bruto per capita (R$ de 2024)"
3506706,"Boa Esperança do Sul",35486.20309,2014,"Riqueza",90454.96,"Produto Interno Bruto per capita (R$ de 2024)"
3506706,"Boa Esperança do Sul",38721.52272,2016,"Riqueza",82888.73,"Produto Interno Bruto per capita (R$ de 2024)"
3506706,"Boa Esperança do Sul",35486.20309,2018,"Riqueza",82943.19,"Produto Interno Bruto per capita (R$ de 2024)"
3506706,"Boa Esperança do Sul",34199.36119,2020,"Riqueza",73338.7,"Produto Interno Bruto per capita (R$ de 2024)"
3506706,"Boa Esperança do Sul",32214.12137,2022,"Riqueza",63120.7,"Produto Interno Bruto per capita (R$ de 2024)"
3506706,"Boa Esperança do Sul",53051.19401,2024,"Riqueza",82440.92,"Produto Interno Bruto per capita (R$ de 2024)"
3506805,"Bocaina",30195.74438,2014,"Riqueza",90454.96,"Produto Interno Bruto per capita (R$ de 2024)"
3506805,"Bocaina",158273.7225,2016,"Riqueza",82888.73,"Produto Interno Bruto per capita (R$ de 2024)"
3506805,"Bocaina",30195.74438,2018,"Riqueza",82943.19,"Produto Interno Bruto per capita (R$ de 2024)"
3506805,"Bocaina",26818.86511,2020,"Riqueza",73338.7,"Produto Interno Bruto per capita (R$ de 2024)"
3506805,"Bocaina",26703.4097,2022,"Riqueza",63120.7,"Produto Interno Bruto per capita (R$ de 2024)"
3506805,"Bocaina",36335.81825,2024,"Riqueza",82440.92,"Produto Interno Bruto per capita (R$ de 2024)"
3506904,"Bofete",28625.47162,2014,"Riqueza",90454.96,"Produto Interno Bruto per capita (R$ de 2024)"
3506904,"Bofete",26621.07439,2016,"Riqueza",82888.73,"Produto Interno Bruto per capita (R$ de 2024)"
3506904,"Bofete",28625.47162,2018,"Riqueza",82943.19,"Produto Interno Bruto per capita (R$ de 2024)"
3506904,"Bofete",25473.12695,2020,"Riqueza",73338.7,"Produto Interno Bruto per capita (R$ de 2024)"
3506904,"Bofete",22318.19194,2022,"Riqueza",63120.7,"Produto Interno Bruto per capita (R$ de 2024)"
3506904,"Bofete",31507.43723,2024,"Riqueza",82440.92,"Produto Interno Bruto per capita (R$ de 2024)"
3507001,"Boituva",70665.55862,2014,"Riqueza",90454.96,"Produto Interno Bruto per capita (R$ de 2024)"
3507001,"Boituva",85236.35467,2016,"Riqueza",82888.73,"Produto Interno Bruto per capita (R$ de 2024)"
3507001,"Boituva",70665.55862,2018,"Riqueza",82943.19,"Produto Interno Bruto per capita (R$ de 2024)"
3507001,"Boituva",71755.87614,2020,"Riqueza",73338.7,"Produto Interno Bruto per capita (R$ de 2024)"
3507001,"Boituva",63927.99488,2022,"Riqueza",63120.7,"Produto Interno Bruto per capita (R$ de 2024)"
3507001,"Boituva",76284.71373,2024,"Riqueza",82440.92,"Produto Interno Bruto per capita (R$ de 2024)"
3507100,"Bom Jesus dos Perdões",64084.99942,2014,"Riqueza",90454.96,"Produto Interno Bruto per capita (R$ de 2024)"
3507100,"Bom Jesus dos Perdões",43089.88675,2016,"Riqueza",82888.73,"Produto Interno Bruto per capita (R$ de 2024)"
3507100,"Bom Jesus dos Perdões",64084.99942,2018,"Riqueza",82943.19,"Produto Interno Bruto per capita (R$ de 2024)"
3507100,"Bom Jesus dos Perdões",61768.55341,2020,"Riqueza",73338.7,"Produto Interno Bruto per capita (R$ de 2024)"
3507100,"Bom Jesus dos Perdões",82490.16852,2022,"Riqueza",63120.7,"Produto Interno Bruto per capita (R$ de 2024)"
3507100,"Bom Jesus dos Perdões",78301.03527,2024,"Riqueza",82440.92,"Produto Interno Bruto per capita (R$ de 2024)"
3507159,"Bom Sucesso de Itararé",27240.36759,2014,"Riqueza",90454.96,"Produto Interno Bruto per capita (R$ de 2024)"
3507159,"Bom Sucesso de Itararé",23329.45716,2016,"Riqueza",82888.73,"Produto Interno Bruto per capita (R$ de 2024)"
3507159,"Bom Sucesso de Itararé",27240.36759,2018,"Riqueza",82943.19,"Produto Interno Bruto per capita (R$ de 2024)"
3507159,"Bom Sucesso de Itararé",23288.02834,2020,"Riqueza",73338.7,"Produto Interno Bruto per capita (R$ de 2024)"
3507159,"Bom Sucesso de Itararé",18471.16686,2022,"Riqueza",63120.7,"Produto Interno Bruto per capita (R$ de 2024)"
3507159,"Bom Sucesso de Itararé",23565.72238,2024,"Riqueza",82440.92,"Produto Interno Bruto per capita (R$ de 2024)"
3507209,"Borá",144465.1616,2014,"Riqueza",90454.96,"Produto Interno Bruto per capita (R$ de 2024)"
3507209,"Borá",182723.5911,2016,"Riqueza",82888.73,"Produto Interno Bruto per capita (R$ de 2024)"
3507209,"Borá",144465.1616,2018,"Riqueza",82943.19,"Produto Interno Bruto per capita (R$ de 2024)"
3507209,"Borá",115956.5977,2020,"Riqueza",73338.7,"Produto Interno Bruto per capita (R$ de 2024)"
3507209,"Borá",99694.09771,2022,"Riqueza",63120.7,"Produto Interno Bruto per capita (R$ de 2024)"
3507209,"Borá",144129.8557,2024,"Riqueza",82440.92,"Produto Interno Bruto per capita (R$ de 2024)"
3507308,"Boracéia",135670.263,2014,"Riqueza",90454.96,"Produto Interno Bruto per capita (R$ de 2024)"
3507308,"Boracéia",77167.52195,2016,"Riqueza",82888.73,"Produto Interno Bruto per capita (R$ de 2024)"
3507308,"Boracéia",135670.263,2018,"Riqueza",82943.19,"Produto Interno Bruto per capita (R$ de 2024)"
3507308,"Boracéia",129906.7666,2020,"Riqueza",73338.7,"Produto Interno Bruto per capita (R$ de 2024)"
3507308,"Boracéia",121112.797,2022,"Riqueza",63120.7,"Produto Interno Bruto per capita (R$ de 2024)"
3507308,"Boracéia",147278.5312,2024,"Riqueza",82440.92,"Produto Interno Bruto per capita (R$ de 2024)"
3507407,"Borborema",40470.1162,2014,"Riqueza",90454.96,"Produto Interno Bruto per capita (R$ de 2024)"
3507407,"Borborema",45436.02946,2016,"Riqueza",82888.73,"Produto Interno Bruto per capita (R$ de 2024)"
3507407,"Borborema",40470.1162,2018,"Riqueza",82943.19,"Produto Interno Bruto per capita (R$ de 2024)"
3507407,"Borborema",41989.78325,2020,"Riqueza",73338.7,"Produto Interno Bruto per capita (R$ de 2024)"
3507407,"Borborema",38611.8376,2022,"Riqueza",63120.7,"Produto Interno Bruto per capita (R$ de 2024)"
3507407,"Borborema",53664.58658,2024,"Riqueza",82440.92,"Produto Interno Bruto per capita (R$ de 2024)"
3507456,"Borebi",42691.42582,2014,"Riqueza",90454.96,"Produto Interno Bruto per capita (R$ de 2024)"
3507456,"Borebi",43377.22864,2016,"Riqueza",82888.73,"Produto Interno Bruto per capita (R$ de 2024)"
3507456,"Borebi",42691.42582,2018,"Riqueza",82943.19,"Produto Interno Bruto per capita (R$ de 2024)"
3507456,"Borebi",36479.67097,2020,"Riqueza",73338.7,"Produto Interno Bruto per capita (R$ de 2024)"
3507456,"Borebi",29583.8324,2022,"Riqueza",63120.7,"Produto Interno Bruto per capita (R$ de 2024)"
3507456,"Borebi",45974.6927,2024,"Riqueza",82440.92,"Produto Interno Bruto per capita (R$ de 2024)"
3507506,"Botucatu",55067.27547,2014,"Riqueza",90454.96,"Produto Interno Bruto per capita (R$ de 2024)"
3507506,"Botucatu",62754.61617,2016,"Riqueza",82888.73,"Produto Interno Bruto per capita (R$ de 2024)"
3507506,"Botucatu",55067.27547,2018,"Riqueza",82943.19,"Produto Interno Bruto per capita (R$ de 2024)"
3507506,"Botucatu",49653.11818,2020,"Riqueza",73338.7,"Produto Interno Bruto per capita (R$ de 2024)"
3507506,"Botucatu",45346.15233,2022,"Riqueza",63120.7,"Produto Interno Bruto per capita (R$ de 2024)"
3507506,"Botucatu",58210.3285,2024,"Riqueza",82440.92,"Produto Interno Bruto per capita (R$ de 2024)"
3507605,"Bragança Paulista",64712.64008,2014,"Riqueza",90454.96,"Produto Interno Bruto per capita (R$ de 2024)"
3507605,"Bragança Paulista",56917.23421,2016,"Riqueza",82888.73,"Produto Interno Bruto per capita (R$ de 2024)"
3507605,"Bragança Paulista",64712.64008,2018,"Riqueza",82943.19,"Produto Interno Bruto per capita (R$ de 2024)"
3507605,"Bragança Paulista",57026.0772,2020,"Riqueza",73338.7,"Produto Interno Bruto per capita (R$ de 2024)"
3507605,"Bragança Paulista",50628.52794,2022,"Riqueza",63120.7,"Produto Interno Bruto per capita (R$ de 2024)"
3507605,"Bragança Paulista",61823.70263,2024,"Riqueza",82440.92,"Produto Interno Bruto per capita (R$ de 2024)"
3507704,"Braúna",29720.43392,2014,"Riqueza",90454.96,"Produto Interno Bruto per capita (R$ de 2024)"
3507704,"Braúna",28791.80308,2016,"Riqueza",82888.73,"Produto Interno Bruto per capita (R$ de 2024)"
3507704,"Braúna",29720.43392,2018,"Riqueza",82943.19,"Produto Interno Bruto per capita (R$ de 2024)"
3507704,"Braúna",28709.05052,2020,"Riqueza",73338.7,"Produto Interno Bruto per capita (R$ de 2024)"
3507704,"Braúna",21698.66508,2022,"Riqueza",63120.7,"Produto Interno Bruto per capita (R$ de 2024)"
3507704,"Braúna",31564.16465,2024,"Riqueza",82440.92,"Produto Interno Bruto per capita (R$ de 2024)"
3507753,"Brejo Alegre",50244.87078,2014,"Riqueza",90454.96,"Produto Interno Bruto per capita (R$ de 2024)"
3507753,"Brejo Alegre",501269.5575,2016,"Riqueza",82888.73,"Produto Interno Bruto per capita (R$ de 2024)"
3507753,"Brejo Alegre",50244.87078,2018,"Riqueza",82943.19,"Produto Interno Bruto per capita (R$ de 2024)"
3507753,"Brejo Alegre",30131.66381,2020,"Riqueza",73338.7,"Produto Interno Bruto per capita (R$ de 2024)"
3507753,"Brejo Alegre",30051.00115,2022,"Riqueza",63120.7,"Produto Interno Bruto per capita (R$ de 2024)"
3507753,"Brejo Alegre",38034.76563,2024,"Riqueza",82440.92,"Produto Interno Bruto per capita (R$ de 2024)"
3507803,"Brodowski",47130.71366,2014,"Riqueza",90454.96,"Produto Interno Bruto per capita (R$ de 2024)"
3507803,"Brodowski",41304.58411,2016,"Riqueza",82888.73,"Produto Interno Bruto per capita (R$ de 2024)"
3507803,"Brodowski",47130.71366,2018,"Riqueza",82943.19,"Produto Interno Bruto per capita (R$ de 2024)"
3507803,"Brodowski",46295.82305,2020,"Riqueza",73338.7,"Produto Interno Bruto per capita (R$ de 2024)"
3507803,"Brodowski",37819.62644,2022,"Riqueza",63120.7,"Produto Interno Bruto per capita (R$ de 2024)"
3507803,"Brodowski",50504.91701,2024,"Riqueza",82440.92,"Produto Interno Bruto per capita (R$ de 2024)"
3507902,"Brotas",46360.71996,2014,"Riqueza",90454.96,"Produto Interno Bruto per capita (R$ de 2024)"
3507902,"Brotas",51394.40808,2016,"Riqueza",82888.73,"Produto Interno Bruto per capita (R$ de 2024)"
3507902,"Brotas",46360.71996,2018,"Riqueza",82943.19,"Produto Interno Bruto per capita (R$ de 2024)"
3507902,"Brotas",58881.34957,2020,"Riqueza",73338.7,"Produto Interno Bruto per capita (R$ de 2024)"
3507902,"Brotas",55641.38538,2022,"Riqueza",63120.7,"Produto Interno Bruto per capita (R$ de 2024)"
3507902,"Brotas",69158.11046,2024,"Riqueza",82440.92,"Produto Interno Bruto per capita (R$ de 2024)"
3508009,"Buri",35150.12673,2014,"Riqueza",90454.96,"Produto Interno Bruto per capita (R$ de 2024)"
3508009,"Buri",35289.47296,2016,"Riqueza",82888.73,"Produto Interno Bruto per capita (R$ de 2024)"
3508009,"Buri",35150.12673,2018,"Riqueza",82943.19,"Produto Interno Bruto per capita (R$ de 2024)"
3508009,"Buri",46641.49108,2020,"Riqueza",73338.7,"Produto Interno Bruto per capita (R$ de 2024)"
3508009,"Buri",34048.39293,2022,"Riqueza",63120.7,"Produto Interno Bruto per capita (R$ de 2024)"
3508009,"Buri",47632.91139,2024,"Riqueza",82440.92,"Produto Interno Bruto per capita (R$ de 2024)"
3508108,"Buritama",64070.05125,2014,"Riqueza",90454.96,"Produto Interno Bruto per capita (R$ de 2024)"
3508108,"Buritama",56487.54464,2016,"Riqueza",82888.73,"Produto Interno Bruto per capita (R$ de 2024)"
3508108,"Buritama",64070.05125,2018,"Riqueza",82943.19,"Produto Interno Bruto per capita (R$ de 2024)"
3508108,"Buritama",59080.14846,2020,"Riqueza",73338.7,"Produto Interno Bruto per capita (R$ de 2024)"
3508108,"Buritama",36836.50413,2022,"Riqueza",63120.7,"Produto Interno Bruto per capita (R$ de 2024)"
3508108,"Buritama",46053.34866,2024,"Riqueza",82440.92,"Produto Interno Bruto per capita (R$ de 2024)"
3508207,"Buritizal",68975.13665,2014,"Riqueza",90454.96,"Produto Interno Bruto per capita (R$ de 2024)"
3508207,"Buritizal",139101.0359,2016,"Riqueza",82888.73,"Produto Interno Bruto per capita (R$ de 2024)"
3508207,"Buritizal",68975.13665,2018,"Riqueza",82943.19,"Produto Interno Bruto per capita (R$ de 2024)"
3508207,"Buritizal",74786.29131,2020,"Riqueza",73338.7,"Produto Interno Bruto per capita (R$ de 2024)"
3508207,"Buritizal",57980.19173,2022,"Riqueza",63120.7,"Produto Interno Bruto per capita (R$ de 2024)"
3508207,"Buritizal",75050.78929,2024,"Riqueza",82440.92,"Produto Interno Bruto per capita (R$ de 2024)"
3508306,"Cabrália Paulista",31593.72182,2014,"Riqueza",90454.96,"Produto Interno Bruto per capita (R$ de 2024)"
3508306,"Cabrália Paulista",32954.42397,2016,"Riqueza",82888.73,"Produto Interno Bruto per capita (R$ de 2024)"
3508306,"Cabrália Paulista",31593.72182,2018,"Riqueza",82943.19,"Produto Interno Bruto per capita (R$ de 2024)"
3508306,"Cabrália Paulista",26186.3524,2020,"Riqueza",73338.7,"Produto Interno Bruto per capita (R$ de 2024)"
3508306,"Cabrália Paulista",27580.83977,2022,"Riqueza",63120.7,"Produto Interno Bruto per capita (R$ de 2024)"
3508306,"Cabrália Paulista",44748.00376,2024,"Riqueza",82440.92,"Produto Interno Bruto per capita (R$ de 2024)"
3508405,"Cabreúva",161374.3103,2014,"Riqueza",90454.96,"Produto Interno Bruto per capita (R$ de 2024)"
3508405,"Cabreúva",157722.6515,2016,"Riqueza",82888.73,"Produto Interno Bruto per capita (R$ de 2024)"
3508405,"Cabreúva",161374.3103,2018,"Riqueza",82943.19,"Produto Interno Bruto per capita (R$ de 2024)"
3508405,"Cabreúva",146478.4179,2020,"Riqueza",73338.7,"Produto Interno Bruto per capita (R$ de 2024)"
3508405,"Cabreúva",138254.3841,2022,"Riqueza",63120.7,"Produto Interno Bruto per capita (R$ de 2024)"
3508405,"Cabreúva",162788.9557,2024,"Riqueza",82440.92,"Produto Interno Bruto per capita (R$ de 2024)"
3508504,"Caçapava",79154.04029,2014,"Riqueza",90454.96,"Produto Interno Bruto per capita (R$ de 2024)"
3508504,"Caçapava",71008.44933,2016,"Riqueza",82888.73,"Produto Interno Bruto per capita (R$ de 2024)"
3508504,"Caçapava",79154.04029,2018,"Riqueza",82943.19,"Produto Interno Bruto per capita (R$ de 2024)"
3508504,"Caçapava",68878.00056,2020,"Riqueza",73338.7,"Produto Interno Bruto per capita (R$ de 2024)"
3508504,"Caçapava",59861.03105,2022,"Riqueza",63120.7,"Produto Interno Bruto per capita (R$ de 2024)"
3508504,"Caçapava",71850.3451,2024,"Riqueza",82440.92,"Produto Interno Bruto per capita (R$ de 2024)"
3508603,"Cachoeira Paulista",31560.91829,2014,"Riqueza",90454.96,"Produto Interno Bruto per capita (R$ de 2024)"
3508603,"Cachoeira Paulista",31410.33637,2016,"Riqueza",82888.73,"Produto Interno Bruto per capita (R$ de 2024)"
3508603,"Cachoeira Paulista",31560.91829,2018,"Riqueza",82943.19,"Produto Interno Bruto per capita (R$ de 2024)"
3508603,"Cachoeira Paulista",27167.70885,2020,"Riqueza",73338.7,"Produto Interno Bruto per capita (R$ de 2024)"
3508603,"Cachoeira Paulista",22603.53353,2022,"Riqueza",63120.7,"Produto Interno Bruto per capita (R$ de 2024)"
3508603,"Cachoeira Paulista",28786.82354,2024,"Riqueza",82440.92,"Produto Interno Bruto per capita (R$ de 2024)"
3508702,"Caconde",31398.79029,2014,"Riqueza",90454.96,"Produto Interno Bruto per capita (R$ de 2024)"
3508702,"Caconde",29088.26482,2016,"Riqueza",82888.73,"Produto Interno Bruto per capita (R$ de 2024)"
3508702,"Caconde",31398.79029,2018,"Riqueza",82943.19,"Produto Interno Bruto per capita (R$ de 2024)"
3508702,"Caconde",34836.21428,2020,"Riqueza",73338.7,"Produto Interno Bruto per capita (R$ de 2024)"
3508702,"Caconde",27486.63495,2022,"Riqueza",63120.7,"Produto Interno Bruto per capita (R$ de 2024)"
3508702,"Caconde",35474.50653,2024,"Riqueza",82440.92,"Produto Interno Bruto per capita (R$ de 2024)"
3508801,"Cafelândia",48691.57245,2014,"Riqueza",90454.96,"Produto Interno Bruto per capita (R$ de 2024)"
3508801,"Cafelândia",45643.94851,2016,"Riqueza",82888.73,"Produto Interno Bruto per capita (R$ de 2024)"
3508801,"Cafelândia",48691.57245,2018,"Riqueza",82943.19,"Produto Interno Bruto per capita (R$ de 2024)"
3508801,"Cafelândia",49074.74137,2020,"Riqueza",73338.7,"Produto Interno Bruto per capita (R$ de 2024)"
3508801,"Cafelândia",43441.31791,2022,"Riqueza",63120.7,"Produto Interno Bruto per capita (R$ de 2024)"
3508801,"Cafelândia",60353.81177,2024,"Riqueza",82440.92,"Produto Interno Bruto per capita (R$ de 2024)"
3508900,"Caiabu",23442.97334,2014,"Riqueza",90454.96,"Produto Interno Bruto per capita (R$ de 2024)"
3508900,"Caiabu",24751.10857,2016,"Riqueza",82888.73,"Produto Interno Bruto per capita (R$ de 2024)"
3508900,"Caiabu",23442.97334,2018,"Riqueza",82943.19,"Produto Interno Bruto per capita (R$ de 2024)"
3508900,"Caiabu",22815.24928,2020,"Riqueza",73338.7,"Produto Interno Bruto per capita (R$ de 2024)"
3508900,"Caiabu",18663.32388,2022,"Riqueza",63120.7,"Produto Interno Bruto per capita (R$ de 2024)"
3508900,"Caiabu",25937.41422,2024,"Riqueza",82440.92,"Produto Interno Bruto per capita (R$ de 2024)"
3509007,"Caieiras",60046.61162,2014,"Riqueza",90454.96,"Produto Interno Bruto per capita (R$ de 2024)"
3509007,"Caieiras",50242.88135,2016,"Riqueza",82888.73,"Produto Interno Bruto per capita (R$ de 2024)"
3509007,"Caieiras",60046.61162,2018,"Riqueza",82943.19,"Produto Interno Bruto per capita (R$ de 2024)"
3509007,"Caieiras",54887.67692,2020,"Riqueza",73338.7,"Produto Interno Bruto per capita (R$ de 2024)"
3509007,"Caieiras",53393.37979,2022,"Riqueza",63120.7,"Produto Interno Bruto per capita (R$ de 2024)"
3509007,"Caieiras",61747.80956,2024,"Riqueza",82440.92,"Produto Interno Bruto per capita (R$ de 2024)"
3509106,"Caiuá",22738.13923,2014,"Riqueza",90454.96,"Produto Interno Bruto per capita (R$ de 2024)"
3509106,"Caiuá",25816.35957,2016,"Riqueza",82888.73,"Produto Interno Bruto per capita (R$ de 2024)"
3509106,"Caiuá",22738.13923,2018,"Riqueza",82943.19,"Produto Interno Bruto per capita (R$ de 2024)"
3509106,"Caiuá",21858.33445,2020,"Riqueza",73338.7,"Produto Interno Bruto per capita (R$ de 2024)"
3509106,"Caiuá",16416.79959,2022,"Riqueza",63120.7,"Produto Interno Bruto per capita (R$ de 2024)"
3509106,"Caiuá",21703.1617,2024,"Riqueza",82440.92,"Produto Interno Bruto per capita (R$ de 2024)"
3509205,"Cajamar",373945.2804,2014,"Riqueza",90454.96,"Produto Interno Bruto per capita (R$ de 2024)"
3509205,"Cajamar",317635.2518,2016,"Riqueza",82888.73,"Produto Interno Bruto per capita (R$ de 2024)"
3509205,"Cajamar",373945.2804,2018,"Riqueza",82943.19,"Produto Interno Bruto per capita (R$ de 2024)"
3509205,"Cajamar",368920.4795,2020,"Riqueza",73338.7,"Produto Interno Bruto per capita (R$ de 2024)"
3509205,"Cajamar",257503.4209,2022,"Riqueza",63120.7,"Produto Interno Bruto per capita (R$ de 2024)"
3509205,"Cajamar",320623.5794,2024,"Riqueza",82440.92,"Produto Interno Bruto per capita (R$ de 2024)"
3509254,"Cajati",83263.51744,2014,"Riqueza",90454.96,"Produto Interno Bruto per capita (R$ de 2024)"
3509254,"Cajati",64877.68258,2016,"Riqueza",82888.73,"Produto Interno Bruto per capita (R$ de 2024)"
3509254,"Cajati",83263.51744,2018,"Riqueza",82943.19,"Produto Interno Bruto per capita (R$ de 2024)"
3509254,"Cajati",75711.53254,2020,"Riqueza",73338.7,"Produto Interno Bruto per capita (R$ de 2024)"
3509254,"Cajati",76675.2017,2022,"Riqueza",63120.7,"Produto Interno Bruto per capita (R$ de 2024)"
3509254,"Cajati",75031.36428,2024,"Riqueza",82440.92,"Produto Interno Bruto per capita (R$ de 2024)"
3509304,"Cajobi",25627.12756,2014,"Riqueza",90454.96,"Produto Interno Bruto per capita (R$ de 2024)"
3509304,"Cajobi",25849.13069,2016,"Riqueza",82888.73,"Produto Interno Bruto per capita (R$ de 2024)"
3509304,"Cajobi",25627.12756,2018,"Riqueza",82943.19,"Produto Interno Bruto per capita (R$ de 2024)"
3509304,"Cajobi",23351.53867,2020,"Riqueza",73338.7,"Produto Interno Bruto per capita (R$ de 2024)"
3509304,"Cajobi",20928.85001,2022,"Riqueza",63120.7,"Produto Interno Bruto per capita (R$ de 2024)"
3509304,"Cajobi",32887.49025,2024,"Riqueza",82440.92,"Produto Interno Bruto per capita (R$ de 2024)"
3509403,"Cajuru",37469.79228,2014,"Riqueza",90454.96,"Produto Interno Bruto per capita (R$ de 2024)"
3509403,"Cajuru",38934.15925,2016,"Riqueza",82888.73,"Produto Interno Bruto per capita (R$ de 2024)"
3509403,"Cajuru",37469.79228,2018,"Riqueza",82943.19,"Produto Interno Bruto per capita (R$ de 2024)"
3509403,"Cajuru",37127.14662,2020,"Riqueza",73338.7,"Produto Interno Bruto per capita (R$ de 2024)"
3509403,"Cajuru",34634.28152,2022,"Riqueza",63120.7,"Produto Interno Bruto per capita (R$ de 2024)"
3509403,"Cajuru",50862.98482,2024,"Riqueza",82440.92,"Produto Interno Bruto per capita (R$ de 2024)"
3509452,"Campina do Monte Alegre",31120.62272,2014,"Riqueza",90454.96,"Produto Interno Bruto per capita (R$ de 2024)"
3509452,"Campina do Monte Alegre",33908.1829,2016,"Riqueza",82888.73,"Produto Interno Bruto per capita (R$ de 2024)"
3509452,"Campina do Monte Alegre",31120.62272,2018,"Riqueza",82943.19,"Produto Interno Bruto per capita (R$ de 2024)"
3509452,"Campina do Monte Alegre",32492.10037,2020,"Riqueza",73338.7,"Produto Interno Bruto per capita (R$ de 2024)"
3509452,"Campina do Monte Alegre",29145.78935,2022,"Riqueza",63120.7,"Produto Interno Bruto per capita (R$ de 2024)"
3509452,"Campina do Monte Alegre",37901.15211,2024,"Riqueza",82440.92,"Produto Interno Bruto per capita (R$ de 2024)"
3509502,"Campinas",87447.9696,2014,"Riqueza",90454.96,"Produto Interno Bruto per capita (R$ de 2024)"
3509502,"Campinas",90323.29664,2016,"Riqueza",82888.73,"Produto Interno Bruto per capita (R$ de 2024)"
3509502,"Campinas",87447.9696,2018,"Riqueza",82943.19,"Produto Interno Bruto per capita (R$ de 2024)"
3509502,"Campinas",76629.52943,2020,"Riqueza",73338.7,"Produto Interno Bruto per capita (R$ de 2024)"
3509502,"Campinas",69501.14679,2022,"Riqueza",63120.7,"Produto Interno Bruto per capita (R$ de 2024)"
3509502,"Campinas",86554.88034,2024,"Riqueza",82440.92,"Produto Interno Bruto per capita (R$ de 2024)"
3509601,"Campo Limpo Paulista",42953.76289,2014,"Riqueza",90454.96,"Produto Interno Bruto per capita (R$ de 2024)"
3509601,"Campo Limpo Paulista",37202.34056,2016,"Riqueza",82888.73,"Produto Interno Bruto per capita (R$ de 2024)"
3509601,"Campo Limpo Paulista",42953.76289,2018,"Riqueza",82943.19,"Produto Interno Bruto per capita (R$ de 2024)"
3509601,"Campo Limpo Paulista",36495.88619,2020,"Riqueza",73338.7,"Produto Interno Bruto per capita (R$ de 2024)"
3509601,"Campo Limpo Paulista",37607.18248,2022,"Riqueza",63120.7,"Produto Interno Bruto per capita (R$ de 2024)"
3509601,"Campo Limpo Paulista",44742.48673,2024,"Riqueza",82440.92,"Produto Interno Bruto per capita (R$ de 2024)"
3509700,"Campos do Jordão",41473.91854,2014,"Riqueza",90454.96,"Produto Interno Bruto per capita (R$ de 2024)"
3509700,"Campos do Jordão",42891.78491,2016,"Riqueza",82888.73,"Produto Interno Bruto per capita (R$ de 2024)"
3509700,"Campos do Jordão",41473.91854,2018,"Riqueza",82943.19,"Produto Interno Bruto per capita (R$ de 2024)"
3509700,"Campos do Jordão",35066.40358,2020,"Riqueza",73338.7,"Produto Interno Bruto per capita (R$ de 2024)"
3509700,"Campos do Jordão",34719.11784,2022,"Riqueza",63120.7,"Produto Interno Bruto per capita (R$ de 2024)"
3509700,"Campos do Jordão",44885.74619,2024,"Riqueza",82440.92,"Produto Interno Bruto per capita (R$ de 2024)"
3509809,"Campos Novos Paulista",49166.02111,2014,"Riqueza",90454.96,"Produto Interno Bruto per capita (R$ de 2024)"
3509809,"Campos Novos Paulista",51670.41233,2016,"Riqueza",82888.73,"Produto Interno Bruto per capita (R$ de 2024)"
3509809,"Campos Novos Paulista",49166.02111,2018,"Riqueza",82943.19,"Produto Interno Bruto per capita (R$ de 2024)"
3509809,"Campos Novos Paulista",54226.35188,2020,"Riqueza",73338.7,"Produto Interno Bruto per capita (R$ de 2024)"
3509809,"Campos Novos Paulista",46965.93946,2022,"Riqueza",63120.7,"Produto Interno Bruto per capita (R$ de 2024)"
3509809,"Campos Novos Paulista",74614.2132,2024,"Riqueza",82440.92,"Produto Interno Bruto per capita (R$ de 2024)"
3509908,"Cananéia",40384.80088,2014,"Riqueza",90454.96,"Produto Interno Bruto per capita (R$ de 2024)"
3509908,"Cananéia",29341.35432,2016,"Riqueza",82888.73,"Produto Interno Bruto per capita (R$ de 2024)"
3509908,"Cananéia",40384.80088,2018,"Riqueza",82943.19,"Produto Interno Bruto per capita (R$ de 2024)"
3509908,"Cananéia",29284.88926,2020,"Riqueza",73338.7,"Produto Interno Bruto per capita (R$ de 2024)"
3509908,"Cananéia",22890.15042,2022,"Riqueza",63120.7,"Produto Interno Bruto per capita (R$ de 2024)"
3509908,"Cananéia",29129.28912,2024,"Riqueza",82440.92,"Produto Interno Bruto per capita (R$ de 2024)"
3509957,"Canas",35022.97142,2014,"Riqueza",90454.96,"Produto Interno Bruto per capita (R$ de 2024)"
3509957,"Canas",55401.53027,2016,"Riqueza",82888.73,"Produto Interno Bruto per capita (R$ de 2024)"
3509957,"Canas",35022.97142,2018,"Riqueza",82943.19,"Produto Interno Bruto per capita (R$ de 2024)"
3509957,"Canas",30712.95896,2020,"Riqueza",73338.7,"Produto Interno Bruto per capita (R$ de 2024)"
3509957,"Canas",26231.11036,2022,"Riqueza",63120.7,"Produto Interno Bruto per capita (R$ de 2024)"
3509957,"Canas",25999.59976,2024,"Riqueza",82440.92,"Produto Interno Bruto per capita (R$ de 2024)"
3510005,"Cândido Mota",64188.97051,2014,"Riqueza",90454.96,"Produto Interno Bruto per capita (R$ de 2024)"
3510005,"Cândido Mota",53868.08875,2016,"Riqueza",82888.73,"Produto Interno Bruto per capita (R$ de 2024)"
3510005,"Cândido Mota",64188.97051,2018,"Riqueza",82943.19,"Produto Interno Bruto per capita (R$ de 2024)"
3510005,"Cândido Mota",63827.74133,2020,"Riqueza",73338.7,"Produto Interno Bruto per capita (R$ de 2024)"
3510005,"Cândido Mota",69097.88977,2022,"Riqueza",63120.7,"Produto Interno Bruto per capita (R$ de 2024)"
3510005,"Cândido Mota",91221.39704,2024,"Riqueza",82440.92,"Produto Interno Bruto per capita (R$ de 2024)"
3510104,"Cândido Rodrigues",61793.1285,2014,"Riqueza",90454.96,"Produto Interno Bruto per capita (R$ de 2024)"
3510104,"Cândido Rodrigues",58217.12602,2016,"Riqueza",82888.73,"Produto Interno Bruto per capita (R$ de 2024)"
3510104,"Cândido Rodrigues",61793.1285,2018,"Riqueza",82943.19,"Produto Interno Bruto per capita (R$ de 2024)"
3510104,"Cândido Rodrigues",56779.41262,2020,"Riqueza",73338.7,"Produto Interno Bruto per capita (R$ de 2024)"
3510104,"Cândido Rodrigues",37072.07012,2022,"Riqueza",63120.7,"Produto Interno Bruto per capita (R$ de 2024)"
3510104,"Cândido Rodrigues",57676.87075,2024,"Riqueza",82440.92,"Produto Interno Bruto per capita (R$ de 2024)"
3510153,"Canitar",64054.0304,2014,"Riqueza",90454.96,"Produto Interno Bruto per capita (R$ de 2024)"
3510153,"Canitar",37668.98174,2016,"Riqueza",82888.73,"Produto Interno Bruto per capita (R$ de 2024)"
3510153,"Canitar",64054.0304,2018,"Riqueza",82943.19,"Produto Interno Bruto per capita (R$ de 2024)"
3510153,"Canitar",43400.82415,2020,"Riqueza",73338.7,"Produto Interno Bruto per capita (R$ de 2024)"
3510153,"Canitar",33654.47496,2022,"Riqueza",63120.7,"Produto Interno Bruto per capita (R$ de 2024)"
3510153,"Canitar",35443.67156,2024,"Riqueza",82440.92,"Produto Interno Bruto per capita (R$ de 2024)"
3510203,"Capão Bonito",32314.99715,2014,"Riqueza",90454.96,"Produto Interno Bruto per capita (R$ de 2024)"
3510203,"Capão Bonito",31784.60483,2016,"Riqueza",82888.73,"Produto Interno Bruto per capita (R$ de 2024)"
3510203,"Capão Bonito",32314.99715,2018,"Riqueza",82943.19,"Produto Interno Bruto per capita (R$ de 2024)"
3510203,"Capão Bonito",33508.10299,2020,"Riqueza",73338.7,"Produto Interno Bruto per capita (R$ de 2024)"
3510203,"Capão Bonito",29535.97954,2022,"Riqueza",63120.7,"Produto Interno Bruto per capita (R$ de 2024)"
3510203,"Capão Bonito",38793.7814,2024,"Riqueza",82440.92,"Produto Interno Bruto per capita (R$ de 2024)"
3510302,"Capela do Alto",22586.38685,2014,"Riqueza",90454.96,"Produto Interno Bruto per capita (R$ de 2024)"
3510302,"Capela do Alto",26207.95544,2016,"Riqueza",82888.73,"Produto Interno Bruto per capita (R$ de 2024)"
3510302,"Capela do Alto",22586.38685,2018,"Riqueza",82943.19,"Produto Interno Bruto per capita (R$ de 2024)"
3510302,"Capela do Alto",22748.41056,2020,"Riqueza",73338.7,"Produto Interno Bruto per capita (R$ de 2024)"
3510302,"Capela do Alto",18971.14984,2022,"Riqueza",63120.7,"Produto Interno Bruto per capita (R$ de 2024)"
3510302,"Capela do Alto",24308.6086,2024,"Riqueza",82440.92,"Produto Interno Bruto per capita (R$ de 2024)"
3510401,"Capivari",64028.51976,2014,"Riqueza",90454.96,"Produto Interno Bruto per capita (R$ de 2024)"
3510401,"Capivari",54504.7856,2016,"Riqueza",82888.73,"Produto Interno Bruto per capita (R$ de 2024)"
3510401,"Capivari",64028.51976,2018,"Riqueza",82943.19,"Produto Interno Bruto per capita (R$ de 2024)"
3510401,"Capivari",60944.94375,2020,"Riqueza",73338.7,"Produto Interno Bruto per capita (R$ de 2024)"
3510401,"Capivari",65346.99225,2022,"Riqueza",63120.7,"Produto Interno Bruto per capita (R$ de 2024)"
3510401,"Capivari",82027.51029,2024,"Riqueza",82440.92,"Produto Interno Bruto per capita (R$ de 2024)"
3510500,"Caraguatatuba",48495.0991,2014,"Riqueza",90454.96,"Produto Interno Bruto per capita (R$ de 2024)"
3510500,"Caraguatatuba",42467.08139,2016,"Riqueza",82888.73,"Produto Interno Bruto per capita (R$ de 2024)"
3510500,"Caraguatatuba",48495.0991,2018,"Riqueza",82943.19,"Produto Interno Bruto per capita (R$ de 2024)"
3510500,"Caraguatatuba",46132.2284,2020,"Riqueza",73338.7,"Produto Interno Bruto per capita (R$ de 2024)"
3510500,"Caraguatatuba",40551.69349,2022,"Riqueza",63120.7,"Produto Interno Bruto per capita (R$ de 2024)"
3510500,"Caraguatatuba",44736.19162,2024,"Riqueza",82440.92,"Produto Interno Bruto per capita (R$ de 2024)"
3510609,"Carapicuíba",24316.4947,2014,"Riqueza",90454.96,"Produto Interno Bruto per capita (R$ de 2024)"
3510609,"Carapicuíba",23853.65479,2016,"Riqueza",82888.73,"Produto Interno Bruto per capita (R$ de 2024)"
3510609,"Carapicuíba",24316.4947,2018,"Riqueza",82943.19,"Produto Interno Bruto per capita (R$ de 2024)"
3510609,"Carapicuíba",21718.68632,2020,"Riqueza",73338.7,"Produto Interno Bruto per capita (R$ de 2024)"
3510609,"Carapicuíba",19810.33097,2022,"Riqueza",63120.7,"Produto Interno Bruto per capita (R$ de 2024)"
3510609,"Carapicuíba",23455.82546,2024,"Riqueza",82440.92,"Produto Interno Bruto per capita (R$ de 2024)"
3510708,"Cardoso",35929.59025,2014,"Riqueza",90454.96,"Produto Interno Bruto per capita (R$ de 2024)"
3510708,"Cardoso",31363.30045,2016,"Riqueza",82888.73,"Produto Interno Bruto per capita (R$ de 2024)"
3510708,"Cardoso",35929.59025,2018,"Riqueza",82943.19,"Produto Interno Bruto per capita (R$ de 2024)"
3510708,"Cardoso",35204.30176,2020,"Riqueza",73338.7,"Produto Interno Bruto per capita (R$ de 2024)"
3510708,"Cardoso",32189.25318,2022,"Riqueza",63120.7,"Produto Interno Bruto per capita (R$ de 2024)"
3510708,"Cardoso",42155.54167,2024,"Riqueza",82440.92,"Produto Interno Bruto per capita (R$ de 2024)"
3510807,"Casa Branca",46928.21461,2014,"Riqueza",90454.96,"Produto Interno Bruto per capita (R$ de 2024)"
3510807,"Casa Branca",51456.32807,2016,"Riqueza",82888.73,"Produto Interno Bruto per capita (R$ de 2024)"
3510807,"Casa Branca",46928.21461,2018,"Riqueza",82943.19,"Produto Interno Bruto per capita (R$ de 2024)"
3510807,"Casa Branca",49243.59467,2020,"Riqueza",73338.7,"Produto Interno Bruto per capita (R$ de 2024)"
3510807,"Casa Branca",44045.18811,2022,"Riqueza",63120.7,"Produto Interno Bruto per capita (R$ de 2024)"
3510807,"Casa Branca",57329.89064,2024,"Riqueza",82440.92,"Produto Interno Bruto per capita (R$ de 2024)"
3510906,"Cássia dos Coqueiros",97621.59305,2014,"Riqueza",90454.96,"Produto Interno Bruto per capita (R$ de 2024)"
3510906,"Cássia dos Coqueiros",97801.46951,2016,"Riqueza",82888.73,"Produto Interno Bruto per capita (R$ de 2024)"
3510906,"Cássia dos Coqueiros",97621.59305,2018,"Riqueza",82943.19,"Produto Interno Bruto per capita (R$ de 2024)"
3510906,"Cássia dos Coqueiros",140520.0054,2020,"Riqueza",73338.7,"Produto Interno Bruto per capita (R$ de 2024)"
3510906,"Cássia dos Coqueiros",74495.43402,2022,"Riqueza",63120.7,"Produto Interno Bruto per capita (R$ de 2024)"
3510906,"Cássia dos Coqueiros",117304.8911,2024,"Riqueza",82440.92,"Produto Interno Bruto per capita (R$ de 2024)"
3511003,"Castilho",70712.03437,2014,"Riqueza",90454.96,"Produto Interno Bruto per capita (R$ de 2024)"
3511003,"Castilho",53262.93219,2016,"Riqueza",82888.73,"Produto Interno Bruto per capita (R$ de 2024)"
3511003,"Castilho",70712.03437,2018,"Riqueza",82943.19,"Produto Interno Bruto per capita (R$ de 2024)"
3511003,"Castilho",77550.1088,2020,"Riqueza",73338.7,"Produto Interno Bruto per capita (R$ de 2024)"
3511003,"Castilho",88035.09724,2022,"Riqueza",63120.7,"Produto Interno Bruto per capita (R$ de 2024)"
3511003,"Castilho",121243.7342,2024,"Riqueza",82440.92,"Produto Interno Bruto per capita (R$ de 2024)"
3511102,"Catanduva",59475.00221,2014,"Riqueza",90454.96,"Produto Interno Bruto per capita (R$ de 2024)"
3511102,"Catanduva",58791.67956,2016,"Riqueza",82888.73,"Produto Interno Bruto per capita (R$ de 2024)"
3511102,"Catanduva",59475.00221,2018,"Riqueza",82943.19,"Produto Interno Bruto per capita (R$ de 2024)"
3511102,"Catanduva",57375.80119,2020,"Riqueza",73338.7,"Produto Interno Bruto per capita (R$ de 2024)"
3511102,"Catanduva",51141.28346,2022,"Riqueza",63120.7,"Produto Interno Bruto per capita (R$ de 2024)"
3511102,"Catanduva",65213.62839,2024,"Riqueza",82440.92,"Produto Interno Bruto per capita (R$ de 2024)"
3511201,"Catiguá",25882.36916,2014,"Riqueza",90454.96,"Produto Interno Bruto per capita (R$ de 2024)"
3511201,"Catiguá",24586.66013,2016,"Riqueza",82888.73,"Produto Interno Bruto per capita (R$ de 2024)"
3511201,"Catiguá",25882.36916,2018,"Riqueza",82943.19,"Produto Interno Bruto per capita (R$ de 2024)"
3511201,"Catiguá",24532.60059,2020,"Riqueza",73338.7,"Produto Interno Bruto per capita (R$ de 2024)"
3511201,"Catiguá",23845.94225,2022,"Riqueza",63120.7,"Produto Interno Bruto per capita (R$ de 2024)"
3511201,"Catiguá",30620.56481,2024,"Riqueza",82440.92,"Produto Interno Bruto per capita (R$ de 2024)"
3511300,"Cedral",59462.01231,2014,"Riqueza",90454.96,"Produto Interno Bruto per capita (R$ de 2024)"
3511300,"Cedral",56530.87524,2016,"Riqueza",82888.73,"Produto Interno Bruto per capita (R$ de 2024)"
3511300,"Cedral",59462.01231,2018,"Riqueza",82943.19,"Produto Interno Bruto per capita (R$ de 2024)"
3511300,"Cedral",60659.08689,2020,"Riqueza",73338.7,"Produto Interno Bruto per capita (R$ de 2024)"
3511300,"Cedral",50007.21567,2022,"Riqueza",63120.7,"Produto Interno Bruto per capita (R$ de 2024)"
3511300,"Cedral",64813.70354,2024,"Riqueza",82440.92,"Produto Interno Bruto per capita (R$ de 2024)"
3511409,"Cerqueira César",52914.38761,2014,"Riqueza",90454.96,"Produto Interno Bruto per capita (R$ de 2024)"
3511409,"Cerqueira César",65195.67294,2016,"Riqueza",82888.73,"Produto Interno Bruto per capita (R$ de 2024)"
3511409,"Cerqueira César",52914.38761,2018,"Riqueza",82943.19,"Produto Interno Bruto per capita (R$ de 2024)"
3511409,"Cerqueira César",59099.57851,2020,"Riqueza",73338.7,"Produto Interno Bruto per capita (R$ de 2024)"
3511409,"Cerqueira César",55765.9127,2022,"Riqueza",63120.7,"Produto Interno Bruto per capita (R$ de 2024)"
3511409,"Cerqueira César",68236.24977,2024,"Riqueza",82440.92,"Produto Interno Bruto per capita (R$ de 2024)"
3511508,"Cerquilho",67001.81121,2014,"Riqueza",90454.96,"Produto Interno Bruto per capita (R$ de 2024)"
3511508,"Cerquilho",68319.74261,2016,"Riqueza",82888.73,"Produto Interno Bruto per capita (R$ de 2024)"
3511508,"Cerquilho",67001.81121,2018,"Riqueza",82943.19,"Produto Interno Bruto per capita (R$ de 2024)"
3511508,"Cerquilho",59554.13792,2020,"Riqueza",73338.7,"Produto Interno Bruto per capita (R$ de 2024)"
3511508,"Cerquilho",56337.41012,2022,"Riqueza",63120.7,"Produto Interno Bruto per capita (R$ de 2024)"
3511508,"Cerquilho",68632.16663,2024,"Riqueza",82440.92,"Produto Interno Bruto per capita (R$ de 2024)"
3511607,"Cesário Lange",42092.70807,2014,"Riqueza",90454.96,"Produto Interno Bruto per capita (R$ de 2024)"
3511607,"Cesário Lange",38570.36338,2016,"Riqueza",82888.73,"Produto Interno Bruto per capita (R$ de 2024)"
3511607,"Cesário Lange",42092.70807,2018,"Riqueza",82943.19,"Produto Interno Bruto per capita (R$ de 2024)"
3511607,"Cesário Lange",40972.35341,2020,"Riqueza",73338.7,"Produto Interno Bruto per capita (R$ de 2024)"
3511607,"Cesário Lange",53199.55509,2022,"Riqueza",63120.7,"Produto Interno Bruto per capita (R$ de 2024)"
3511607,"Cesário Lange",66830.32972,2024,"Riqueza",82440.92,"Produto Interno Bruto per capita (R$ de 2024)"
3511706,"Charqueada",35253.41159,2014,"Riqueza",90454.96,"Produto Interno Bruto per capita (R$ de 2024)"
3511706,"Charqueada",29584.14139,2016,"Riqueza",82888.73,"Produto Interno Bruto per capita (R$ de 2024)"
3511706,"Charqueada",35253.41159,2018,"Riqueza",82943.19,"Produto Interno Bruto per capita (R$ de 2024)"
3511706,"Charqueada",35524.15975,2020,"Riqueza",73338.7,"Produto Interno Bruto per capita (R$ de 2024)"
3511706,"Charqueada",38568.78179,2022,"Riqueza",63120.7,"Produto Interno Bruto per capita (R$ de 2024)"
3511706,"Charqueada",54614.76095,2024,"Riqueza",82440.92,"Produto Interno Bruto per capita (R$ de 2024)"
3511904,"Clementina",44866.3973,2014,"Riqueza",90454.96,"Produto Interno Bruto per capita (R$ de 2024)"
3511904,"Clementina",48133.06589,2016,"Riqueza",82888.73,"Produto Interno Bruto per capita (R$ de 2024)"
3511904,"Clementina",44866.3973,2018,"Riqueza",82943.19,"Produto Interno Bruto per capita (R$ de 2024)"
3511904,"Clementina",22880.46712,2020,"Riqueza",73338.7,"Produto Interno Bruto per capita (R$ de 2024)"
3511904,"Clementina",28114.41197,2022,"Riqueza",63120.7,"Produto Interno Bruto per capita (R$ de 2024)"
3511904,"Clementina",39524.92031,2024,"Riqueza",82440.92,"Produto Interno Bruto per capita (R$ de 2024)"
3512001,"Colina",104097.1084,2014,"Riqueza",90454.96,"Produto Interno Bruto per capita (R$ de 2024)"
3512001,"Colina",114297.4518,2016,"Riqueza",82888.73,"Produto Interno Bruto per capita (R$ de 2024)"
3512001,"Colina",104097.1084,2018,"Riqueza",82943.19,"Produto Interno Bruto per capita (R$ de 2024)"
3512001,"Colina",96381.31725,2020,"Riqueza",73338.7,"Produto Interno Bruto per capita (R$ de 2024)"
3512001,"Colina",112348.4731,2022,"Riqueza",63120.7,"Produto Interno Bruto per capita (R$ de 2024)"
3512001,"Colina",118618.3453,2024,"Riqueza",82440.92,"Produto Interno Bruto per capita (R$ de 2024)"
3512100,"Colômbia",90243.61171,2014,"Riqueza",90454.96,"Produto Interno Bruto per capita (R$ de 2024)"
3512100,"Colômbia",99432.38239,2016,"Riqueza",82888.73,"Produto Interno Bruto per capita (R$ de 2024)"
3512100,"Colômbia",90243.61171,2018,"Riqueza",82943.19,"Produto Interno Bruto per capita (R$ de 2024)"
3512100,"Colômbia",85766.57743,2020,"Riqueza",73338.7,"Produto Interno Bruto per capita (R$ de 2024)"
3512100,"Colômbia",70019.58226,2022,"Riqueza",63120.7,"Produto Interno Bruto per capita (R$ de 2024)"
3512100,"Colômbia",119069.5211,2024,"Riqueza",82440.92,"Produto Interno Bruto per capita (R$ de 2024)"
3512209,"Conchal",42511.19356,2014,"Riqueza",90454.96,"Produto Interno Bruto per capita (R$ de 2024)"
3512209,"Conchal",42686.12323,2016,"Riqueza",82888.73,"Produto Interno Bruto per capita (R$ de 2024)"
3512209,"Conchal",42511.19356,2018,"Riqueza",82943.19,"Produto Interno Bruto per capita (R$ de 2024)"
3512209,"Conchal",42787.53854,2020,"Riqueza",73338.7,"Produto Interno Bruto per capita (R$ de 2024)"
3512209,"Conchal",34163.64986,2022,"Riqueza",63120.7,"Produto Interno Bruto per capita (R$ de 2024)"
3512209,"Conchal",41409.28969,2024,"Riqueza",82440.92,"Produto Interno Bruto per capita (R$ de 2024)"
3512308,"Conchas",34285.44165,2014,"Riqueza",90454.96,"Produto Interno Bruto per capita (R$ de 2024)"
3512308,"Conchas",33969.09116,2016,"Riqueza",82888.73,"Produto Interno Bruto per capita (R$ de 2024)"
3512308,"Conchas",34285.44165,2018,"Riqueza",82943.19,"Produto Interno Bruto per capita (R$ de 2024)"
3512308,"Conchas",30960.59826,2020,"Riqueza",73338.7,"Produto Interno Bruto per capita (R$ de 2024)"
3512308,"Conchas",30385.09813,2022,"Riqueza",63120.7,"Produto Interno Bruto per capita (R$ de 2024)"
3512308,"Conchas",39458.78351,2024,"Riqueza",82440.92,"Produto Interno Bruto per capita (R$ de 2024)"
3512407,"Cordeirópolis",196299.8663,2014,"Riqueza",90454.96,"Produto Interno Bruto per capita (R$ de 2024)"
3512407,"Cordeirópolis",172279.8638,2016,"Riqueza",82888.73,"Produto Interno Bruto per capita (R$ de 2024)"
3512407,"Cordeirópolis",196299.8663,2018,"Riqueza",82943.19,"Produto Interno Bruto per capita (R$ de 2024)"
3512407,"Cordeirópolis",186141.9138,2020,"Riqueza",73338.7,"Produto Interno Bruto per capita (R$ de 2024)"
3512407,"Cordeirópolis",168729.351,2022,"Riqueza",63120.7,"Produto Interno Bruto per capita (R$ de 2024)"
3512407,"Cordeirópolis",178823.6752,2024,"Riqueza",82440.92,"Produto Interno Bruto per capita (R$ de 2024)"
3512506,"Coroados",47086.23225,2014,"Riqueza",90454.96,"Produto Interno Bruto per capita (R$ de 2024)"
3512506,"Coroados",40817.02072,2016,"Riqueza",82888.73,"Produto Interno Bruto per capita (R$ de 2024)"
3512506,"Coroados",47086.23225,2018,"Riqueza",82943.19,"Produto Interno Bruto per capita (R$ de 2024)"
3512506,"Coroados",46244.91906,2020,"Riqueza",73338.7,"Produto Interno Bruto per capita (R$ de 2024)"
3512506,"Coroados",46714.8934,2022,"Riqueza",63120.7,"Produto Interno Bruto per capita (R$ de 2024)"
3512506,"Coroados",66966.33811,2024,"Riqueza",82440.92,"Produto Interno Bruto per capita (R$ de 2024)"
3512605,"Coronel Macedo",26087.48035,2014,"Riqueza",90454.96,"Produto Interno Bruto per capita (R$ de 2024)"
3512605,"Coronel Macedo",28032.55426,2016,"Riqueza",82888.73,"Produto Interno Bruto per capita (R$ de 2024)"
3512605,"Coronel Macedo",26087.48035,2018,"Riqueza",82943.19,"Produto Interno Bruto per capita (R$ de 2024)"
3512605,"Coronel Macedo",36132.01813,2020,"Riqueza",73338.7,"Produto Interno Bruto per capita (R$ de 2024)"
3512605,"Coronel Macedo",32946.2761,2022,"Riqueza",63120.7,"Produto Interno Bruto per capita (R$ de 2024)"
3512605,"Coronel Macedo",43007.24638,2024,"Riqueza",82440.92,"Produto Interno Bruto per capita (R$ de 2024)"
3512704,"Corumbataí",104003.7863,2014,"Riqueza",90454.96,"Produto Interno Bruto per capita (R$ de 2024)"
3512704,"Corumbataí",74683.30319,2016,"Riqueza",82888.73,"Produto Interno Bruto per capita (R$ de 2024)"
3512704,"Corumbataí",104003.7863,2018,"Riqueza",82943.19,"Produto Interno Bruto per capita (R$ de 2024)"
3512704,"Corumbataí",90104.81199,2020,"Riqueza",73338.7,"Produto Interno Bruto per capita (R$ de 2024)"
3512704,"Corumbataí",79559.83286,2022,"Riqueza",63120.7,"Produto Interno Bruto per capita (R$ de 2024)"
3512704,"Corumbataí",90168.16675,2024,"Riqueza",82440.92,"Produto Interno Bruto per capita (R$ de 2024)"
3512803,"Cosmópolis",38153.11008,2014,"Riqueza",90454.96,"Produto Interno Bruto per capita (R$ de 2024)"
3512803,"Cosmópolis",34968.65061,2016,"Riqueza",82888.73,"Produto Interno Bruto per capita (R$ de 2024)"
3512803,"Cosmópolis",38153.11008,2018,"Riqueza",82943.19,"Produto Interno Bruto per capita (R$ de 2024)"
3512803,"Cosmópolis",38137.15747,2020,"Riqueza",73338.7,"Produto Interno Bruto per capita (R$ de 2024)"
3512803,"Cosmópolis",33800.31928,2022,"Riqueza",63120.7,"Produto Interno Bruto per capita (R$ de 2024)"
3512803,"Cosmópolis",41724.82443,2024,"Riqueza",82440.92,"Produto Interno Bruto per capita (R$ de 2024)"
3512902,"Cosmorama",78780.5013,2014,"Riqueza",90454.96,"Produto Interno Bruto per capita (R$ de 2024)"
3512902,"Cosmorama",56724.6916,2016,"Riqueza",82888.73,"Produto Interno Bruto per capita (R$ de 2024)"
3512902,"Cosmorama",78780.5013,2018,"Riqueza",82943.19,"Produto Interno Bruto per capita (R$ de 2024)"
3512902,"Cosmorama",77449.78572,2020,"Riqueza",73338.7,"Produto Interno Bruto per capita (R$ de 2024)"
3512902,"Cosmorama",70027.07706,2022,"Riqueza",63120.7,"Produto Interno Bruto per capita (R$ de 2024)"
3512902,"Cosmorama",105462.76,2024,"Riqueza",82440.92,"Produto Interno Bruto per capita (R$ de 2024)"
3513009,"Cotia",86866.21023,2014,"Riqueza",90454.96,"Produto Interno Bruto per capita (R$ de 2024)"
3513009,"Cotia",84531.93909,2016,"Riqueza",82888.73,"Produto Interno Bruto per capita (R$ de 2024)"
3513009,"Cotia",86866.21023,2018,"Riqueza",82943.19,"Produto Interno Bruto per capita (R$ de 2024)"
3513009,"Cotia",78133.14422,2020,"Riqueza",73338.7,"Produto Interno Bruto per capita (R$ de 2024)"
3513009,"Cotia",61927.70979,2022,"Riqueza",63120.7,"Produto Interno Bruto per capita (R$ de 2024)"
3513009,"Cotia",71863.93839,2024,"Riqueza",82440.92,"Produto Interno Bruto per capita (R$ de 2024)"
3513108,"Cravinhos",58230.09273,2014,"Riqueza",90454.96,"Produto Interno Bruto per capita (R$ de 2024)"
3513108,"Cravinhos",54806.47235,2016,"Riqueza",82888.73,"Produto Interno Bruto per capita (R$ de 2024)"
3513108,"Cravinhos",58230.09273,2018,"Riqueza",82943.19,"Produto Interno Bruto per capita (R$ de 2024)"
3513108,"Cravinhos",56334.69989,2020,"Riqueza",73338.7,"Produto Interno Bruto per capita (R$ de 2024)"
3513108,"Cravinhos",60563.56958,2022,"Riqueza",63120.7,"Produto Interno Bruto per capita (R$ de 2024)"
3513108,"Cravinhos",75953.5114,2024,"Riqueza",82440.92,"Produto Interno Bruto per capita (R$ de 2024)"
3513207,"Cristais Paulista",38580.40097,2014,"Riqueza",90454.96,"Produto Interno Bruto per capita (R$ de 2024)"
3513207,"Cristais Paulista",38549.42691,2016,"Riqueza",82888.73,"Produto Interno Bruto per capita (R$ de 2024)"
3513207,"Cristais Paulista",38580.40097,2018,"Riqueza",82943.19,"Produto Interno Bruto per capita (R$ de 2024)"
3513207,"Cristais Paulista",45702.37828,2020,"Riqueza",73338.7,"Produto Interno Bruto per capita (R$ de 2024)"
3513207,"Cristais Paulista",45632.04328,2022,"Riqueza",63120.7,"Produto Interno Bruto per capita (R$ de 2024)"
3513207,"Cristais Paulista",50861.0906,2024,"Riqueza",82440.92,"Produto Interno Bruto per capita (R$ de 2024)"
3513306,"Cruzália",80481.48078,2014,"Riqueza",90454.96,"Produto Interno Bruto per capita (R$ de 2024)"
3513306,"Cruzália",56414.18544,2016,"Riqueza",82888.73,"Produto Interno Bruto per capita (R$ de 2024)"
3513306,"Cruzália",80481.48078,2018,"Riqueza",82943.19,"Produto Interno Bruto per capita (R$ de 2024)"
3513306,"Cruzália",76614.0709,2020,"Riqueza",73338.7,"Produto Interno Bruto per capita (R$ de 2024)"
3513306,"Cruzália",101402.4587,2022,"Riqueza",63120.7,"Produto Interno Bruto per capita (R$ de 2024)"
3513306,"Cruzália",112728.5852,2024,"Riqueza",82440.92,"Produto Interno Bruto per capita (R$ de 2024)"
3513405,"Cruzeiro",50648.20823,2014,"Riqueza",90454.96,"Produto Interno Bruto per capita (R$ de 2024)"
3513405,"Cruzeiro",44469.3755,2016,"Riqueza",82888.73,"Produto Interno Bruto per capita (R$ de 2024)"
3513405,"Cruzeiro",50648.20823,2018,"Riqueza",82943.19,"Produto Interno Bruto per capita (R$ de 2024)"
3513405,"Cruzeiro",46027.67425,2020,"Riqueza",73338.7,"Produto Interno Bruto per capita (R$ de 2024)"
3513405,"Cruzeiro",49929.06973,2022,"Riqueza",63120.7,"Produto Interno Bruto per capita (R$ de 2024)"
3513405,"Cruzeiro",62071.61857,2024,"Riqueza",82440.92,"Produto Interno Bruto per capita (R$ de 2024)"
3513504,"Cubatão",171242.4794,2014,"Riqueza",90454.96,"Produto Interno Bruto per capita (R$ de 2024)"
3513504,"Cubatão",249163.0965,2016,"Riqueza",82888.73,"Produto Interno Bruto per capita (R$ de 2024)"
3513504,"Cubatão",171242.4794,2018,"Riqueza",82943.19,"Produto Interno Bruto per capita (R$ de 2024)"
3513504,"Cubatão",169725.1933,2020,"Riqueza",73338.7,"Produto Interno Bruto per capita (R$ de 2024)"
3513504,"Cubatão",250463.458,2022,"Riqueza",63120.7,"Produto Interno Bruto per capita (R$ de 2024)"
3513504,"Cubatão",270118.7332,2024,"Riqueza",82440.92,"Produto Interno Bruto per capita (R$ de 2024)"
3513603,"Cunha",19717.29288,2014,"Riqueza",90454.96,"Produto Interno Bruto per capita (R$ de 2024)"
3513603,"Cunha",17364.96408,2016,"Riqueza",82888.73,"Produto Interno Bruto per capita (R$ de 2024)"
3513603,"Cunha",19717.29288,2018,"Riqueza",82943.19,"Produto Interno Bruto per capita (R$ de 2024)"
3513603,"Cunha",18885.32903,2020,"Riqueza",73338.7,"Produto Interno Bruto per capita (R$ de 2024)"
3513603,"Cunha",15785.32423,2022,"Riqueza",63120.7,"Produto Interno Bruto per capita (R$ de 2024)"
3513603,"Cunha",21038.83759,2024,"Riqueza",82440.92,"Produto Interno Bruto per capita (R$ de 2024)"
3513702,"Descalvado",81386.33347,2014,"Riqueza",90454.96,"Produto Interno Bruto per capita (R$ de 2024)"
3513702,"Descalvado",76515.46248,2016,"Riqueza",82888.73,"Produto Interno Bruto per capita (R$ de 2024)"
3513702,"Descalvado",81386.33347,2018,"Riqueza",82943.19,"Produto Interno Bruto per capita (R$ de 2024)"
3513702,"Descalvado",78883.26595,2020,"Riqueza",73338.7,"Produto Interno Bruto per capita (R$ de 2024)"
3513702,"Descalvado",71924.77966,2022,"Riqueza",63120.7,"Produto Interno Bruto per capita (R$ de 2024)"
3513702,"Descalvado",87397.54937,2024,"Riqueza",82440.92,"Produto Interno Bruto per capita (R$ de 2024)"
3513801,"Diadema",60371.93423,2014,"Riqueza",90454.96,"Produto Interno Bruto per capita (R$ de 2024)"
3513801,"Diadema",58638.39085,2016,"Riqueza",82888.73,"Produto Interno Bruto per capita (R$ de 2024)"
3513801,"Diadema",60371.93423,2018,"Riqueza",82943.19,"Produto Interno Bruto per capita (R$ de 2024)"
3513801,"Diadema",51258.02778,2020,"Riqueza",73338.7,"Produto Interno Bruto per capita (R$ de 2024)"
3513801,"Diadema",50034.64425,2022,"Riqueza",63120.7,"Produto Interno Bruto per capita (R$ de 2024)"
3513801,"Diadema",58292.34681,2024,"Riqueza",82440.92,"Produto Interno Bruto per capita (R$ de 2024)"
3513850,"Dirce Reis",55303.1157,2014,"Riqueza",90454.96,"Produto Interno Bruto per capita (R$ de 2024)"
3513850,"Dirce Reis",54325.37702,2016,"Riqueza",82888.73,"Produto Interno Bruto per capita (R$ de 2024)"
3513850,"Dirce Reis",55303.1157,2018,"Riqueza",82943.19,"Produto Interno Bruto per capita (R$ de 2024)"
3513850,"Dirce Reis",52494.41664,2020,"Riqueza",73338.7,"Produto Interno Bruto per capita (R$ de 2024)"
3513850,"Dirce Reis",49305.45213,2022,"Riqueza",63120.7,"Produto Interno Bruto per capita (R$ de 2024)"
3513850,"Dirce Reis",67003.76412,2024,"Riqueza",82440.92,"Produto Interno Bruto per capita (R$ de 2024)"
3513900,"Divinolândia",42177.91899,2014,"Riqueza",90454.96,"Produto Interno Bruto per capita (R$ de 2024)"
3513900,"Divinolândia",43208.13251,2016,"Riqueza",82888.73,"Produto Interno Bruto per capita (R$ de 2024)"
3513900,"Divinolândia",42177.91899,2018,"Riqueza",82943.19,"Produto Interno Bruto per capita (R$ de 2024)"
3513900,"Divinolândia",42857.11034,2020,"Riqueza",73338.7,"Produto Interno Bruto per capita (R$ de 2024)"
3513900,"Divinolândia",36803.56237,2022,"Riqueza",63120.7,"Produto Interno Bruto per capita (R$ de 2024)"
3513900,"Divinolândia",51058.93468,2024,"Riqueza",82440.92,"Produto Interno Bruto per capita (R$ de 2024)"
3514007,"Dobrada",21870.2923,2014,"Riqueza",90454.96,"Produto Interno Bruto per capita (R$ de 2024)"
3514007,"Dobrada",20341.54485,2016,"Riqueza",82888.73,"Produto Interno Bruto per capita (R$ de 2024)"
3514007,"Dobrada",21870.2923,2018,"Riqueza",82943.19,"Produto Interno Bruto per capita (R$ de 2024)"
3514007,"Dobrada",20334.27246,2020,"Riqueza",73338.7,"Produto Interno Bruto per capita (R$ de 2024)"
3514007,"Dobrada",17977.50147,2022,"Riqueza",63120.7,"Produto Interno Bruto per capita (R$ de 2024)"
3514007,"Dobrada",25900.6772,2024,"Riqueza",82440.92,"Produto Interno Bruto per capita (R$ de 2024)"
3514106,"Dois Córregos",40317.22858,2014,"Riqueza",90454.96,"Produto Interno Bruto per capita (R$ de 2024)"
3514106,"Dois Córregos",46207.71152,2016,"Riqueza",82888.73,"Produto Interno Bruto per capita (R$ de 2024)"
3514106,"Dois Córregos",40317.22858,2018,"Riqueza",82943.19,"Produto Interno Bruto per capita (R$ de 2024)"
3514106,"Dois Córregos",38517.56707,2020,"Riqueza",73338.7,"Produto Interno Bruto per capita (R$ de 2024)"
3514106,"Dois Córregos",40342.37889,2022,"Riqueza",63120.7,"Produto Interno Bruto per capita (R$ de 2024)"
3514106,"Dois Córregos",52501.64785,2024,"Riqueza",82440.92,"Produto Interno Bruto per capita (R$ de 2024)"
3514205,"Dolcinópolis",37255.81537,2014,"Riqueza",90454.96,"Produto Interno Bruto per capita (R$ de 2024)"
3514205,"Dolcinópolis",37046.67536,2016,"Riqueza",82888.73,"Produto Interno Bruto per capita (R$ de 2024)"
3514205,"Dolcinópolis",37255.81537,2018,"Riqueza",82943.19,"Produto Interno Bruto per capita (R$ de 2024)"
3514205,"Dolcinópolis",34928.85441,2020,"Riqueza",73338.7,"Produto Interno Bruto per capita (R$ de 2024)"
3514205,"Dolcinópolis",28005.22739,2022,"Riqueza",63120.7,"Produto Interno Bruto per capita (R$ de 2024)"
3514205,"Dolcinópolis",40828.30104,2024,"Riqueza",82440.92,"Produto Interno Bruto per capita (R$ de 2024)"
3514304,"Dourado",121711.0454,2014,"Riqueza",90454.96,"Produto Interno Bruto per capita (R$ de 2024)"
3514304,"Dourado",144733.0422,2016,"Riqueza",82888.73,"Produto Interno Bruto per capita (R$ de 2024)"
3514304,"Dourado",121711.0454,2018,"Riqueza",82943.19,"Produto Interno Bruto per capita (R$ de 2024)"
3514304,"Dourado",106036.4803,2020,"Riqueza",73338.7,"Produto Interno Bruto per capita (R$ de 2024)"
3514304,"Dourado",103729.2675,2022,"Riqueza",63120.7,"Produto Interno Bruto per capita (R$ de 2024)"
3514304,"Dourado",158318.8134,2024,"Riqueza",82440.92,"Produto Interno Bruto per capita (R$ de 2024)"
3514403,"Dracena",44308.12238,2014,"Riqueza",90454.96,"Produto Interno Bruto per capita (R$ de 2024)"
3514403,"Dracena",44533.76981,2016,"Riqueza",82888.73,"Produto Interno Bruto per capita (R$ de 2024)"
3514403,"Dracena",44308.12238,2018,"Riqueza",82943.19,"Produto Interno Bruto per capita (R$ de 2024)"
3514403,"Dracena",41875.6545,2020,"Riqueza",73338.7,"Produto Interno Bruto per capita (R$ de 2024)"
3514403,"Dracena",35091.44413,2022,"Riqueza",63120.7,"Produto Interno Bruto per capita (R$ de 2024)"
3514403,"Dracena",43613.59406,2024,"Riqueza",82440.92,"Produto Interno Bruto per capita (R$ de 2024)"
3514502,"Duartina",32555.22843,2014,"Riqueza",90454.96,"Produto Interno Bruto per capita (R$ de 2024)"
3514502,"Duartina",31405.28043,2016,"Riqueza",82888.73,"Produto Interno Bruto per capita (R$ de 2024)"
3514502,"Duartina",32555.22843,2018,"Riqueza",82943.19,"Produto Interno Bruto per capita (R$ de 2024)"
3514502,"Duartina",29581.91444,2020,"Riqueza",73338.7,"Produto Interno Bruto per capita (R$ de 2024)"
3514502,"Duartina",25858.04832,2022,"Riqueza",63120.7,"Produto Interno Bruto per capita (R$ de 2024)"
3514502,"Duartina",37973.86364,2024,"Riqueza",82440.92,"Produto Interno Bruto per capita (R$ de 2024)"
3514601,"Dumont",40552.63475,2014,"Riqueza",90454.96,"Produto Interno Bruto per capita (R$ de 2024)"
3514601,"Dumont",45655.36518,2016,"Riqueza",82888.73,"Produto Interno Bruto per capita (R$ de 2024)"
3514601,"Dumont",40552.63475,2018,"Riqueza",82943.19,"Produto Interno Bruto per capita (R$ de 2024)"
3514601,"Dumont",40665.91327,2020,"Riqueza",73338.7,"Produto Interno Bruto per capita (R$ de 2024)"
3514601,"Dumont",43704.01817,2022,"Riqueza",63120.7,"Produto Interno Bruto per capita (R$ de 2024)"
3514601,"Dumont",46062.59716,2024,"Riqueza",82440.92,"Produto Interno Bruto per capita (R$ de 2024)"
3514700,"Echaporã",33210.06168,2014,"Riqueza",90454.96,"Produto Interno Bruto per capita (R$ de 2024)"
3514700,"Echaporã",36345.99569,2016,"Riqueza",82888.73,"Produto Interno Bruto per capita (R$ de 2024)"
3514700,"Echaporã",33210.06168,2018,"Riqueza",82943.19,"Produto Interno Bruto per capita (R$ de 2024)"
3514700,"Echaporã",30010.21438,2020,"Riqueza",73338.7,"Produto Interno Bruto per capita (R$ de 2024)"
3514700,"Echaporã",26337.69531,2022,"Riqueza",63120.7,"Produto Interno Bruto per capita (R$ de 2024)"
3514700,"Echaporã",32628.77068,2024,"Riqueza",82440.92,"Produto Interno Bruto per capita (R$ de 2024)"
3514809,"Eldorado",35171.37869,2014,"Riqueza",90454.96,"Produto Interno Bruto per capita (R$ de 2024)"
3514809,"Eldorado",26504.18607,2016,"Riqueza",82888.73,"Produto Interno Bruto per capita (R$ de 2024)"
3514809,"Eldorado",35171.37869,2018,"Riqueza",82943.19,"Produto Interno Bruto per capita (R$ de 2024)"
3514809,"Eldorado",29226.86431,2020,"Riqueza",73338.7,"Produto Interno Bruto per capita (R$ de 2024)"
3514809,"Eldorado",23208.34549,2022,"Riqueza",63120.7,"Produto Interno Bruto per capita (R$ de 2024)"
3514809,"Eldorado",35810.40044,2024,"Riqueza",82440.92,"Produto Interno Bruto per capita (R$ de 2024)"
3514908,"Elias Fausto",68426.96584,2014,"Riqueza",90454.96,"Produto Interno Bruto per capita (R$ de 2024)"
3514908,"Elias Fausto",62555.30531,2016,"Riqueza",82888.73,"Produto Interno Bruto per capita (R$ de 2024)"
3514908,"Elias Fausto",68426.96584,2018,"Riqueza",82943.19,"Produto Interno Bruto per capita (R$ de 2024)"
3514908,"Elias Fausto",68290.79425,2020,"Riqueza",73338.7,"Produto Interno Bruto per capita (R$ de 2024)"
3514908,"Elias Fausto",83744.78079,2022,"Riqueza",63120.7,"Produto Interno Bruto per capita (R$ de 2024)"
3514908,"Elias Fausto",129330.135,2024,"Riqueza",82440.92,"Produto Interno Bruto per capita (R$ de 2024)"
3514924,"Elisiário",30691.20748,2014,"Riqueza",90454.96,"Produto Interno Bruto per capita (R$ de 2024)"
3514924,"Elisiário",32882.87076,2016,"Riqueza",82888.73,"Produto Interno Bruto per capita (R$ de 2024)"
3514924,"Elisiário",30691.20748,2018,"Riqueza",82943.19,"Produto Interno Bruto per capita (R$ de 2024)"
3514924,"Elisiário",26707.69292,2020,"Riqueza",73338.7,"Produto Interno Bruto per capita (R$ de 2024)"
3514924,"Elisiário",26431.84126,2022,"Riqueza",63120.7,"Produto Interno Bruto per capita (R$ de 2024)"
3514924,"Elisiário",42090.32465,2024,"Riqueza",82440.92,"Produto Interno Bruto per capita (R$ de 2024)"
3514957,"Embaúba",35742.82963,2014,"Riqueza",90454.96,"Produto Interno Bruto per capita (R$ de 2024)"
3514957,"Embaúba",35054.94648,2016,"Riqueza",82888.73,"Produto Interno Bruto per capita (R$ de 2024)"
3514957,"Embaúba",35742.82963,2018,"Riqueza",82943.19,"Produto Interno Bruto per capita (R$ de 2024)"
3514957,"Embaúba",34275.32137,2020,"Riqueza",73338.7,"Produto Interno Bruto per capita (R$ de 2024)"
3514957,"Embaúba",27927.09125,2022,"Riqueza",63120.7,"Produto Interno Bruto per capita (R$ de 2024)"
3514957,"Embaúba",43518.51852,2024,"Riqueza",82440.92,"Produto Interno Bruto per capita (R$ de 2024)"
3515004,"Embu das Artes",82589.18064,2014,"Riqueza",90454.96,"Produto Interno Bruto per capita (R$ de 2024)"
3515004,"Embu das Artes",68141.35807,2016,"Riqueza",82888.73,"Produto Interno Bruto per capita (R$ de 2024)"
3515004,"Embu das Artes",82589.18064,2018,"Riqueza",82943.19,"Produto Interno Bruto per capita (R$ de 2024)"
3515004,"Embu das Artes",70345.87376,2020,"Riqueza",73338.7,"Produto Interno Bruto per capita (R$ de 2024)"
3515004,"Embu das Artes",64918.56294,2022,"Riqueza",63120.7,"Produto Interno Bruto per capita (R$ de 2024)"
3515004,"Embu das Artes",74220.81967,2024,"Riqueza",82440.92,"Produto Interno Bruto per capita (R$ de 2024)"
3515103,"Embu-Guaçu",27643.00055,2014,"Riqueza",90454.96,"Produto Interno Bruto per capita (R$ de 2024)"
3515103,"Embu-Guaçu",28443.33218,2016,"Riqueza",82888.73,"Produto Interno Bruto per capita (R$ de 2024)"
3515103,"Embu-Guaçu",27643.00055,2018,"Riqueza",82943.19,"Produto Interno Bruto per capita (R$ de 2024)"
3515103,"Embu-Guaçu",24915.44856,2020,"Riqueza",73338.7,"Produto Interno Bruto per capita (R$ de 2024)"
3515103,"Embu-Guaçu",22678.68745,2022,"Riqueza",63120.7,"Produto Interno Bruto per capita (R$ de 2024)"
3515103,"Embu-Guaçu",27905.34353,2024,"Riqueza",82440.92,"Produto Interno Bruto per capita (R$ de 2024)"
3515129,"Emilianópolis",33276.07049,2014,"Riqueza",90454.96,"Produto Interno Bruto per capita (R$ de 2024)"
3515129,"Emilianópolis",34444.60541,2016,"Riqueza",82888.73,"Produto Interno Bruto per capita (R$ de 2024)"
3515129,"Emilianópolis",33276.07049,2018,"Riqueza",82943.19,"Produto Interno Bruto per capita (R$ de 2024)"
3515129,"Emilianópolis",31648.435,2020,"Riqueza",73338.7,"Produto Interno Bruto per capita (R$ de 2024)"
3515129,"Emilianópolis",25686.00167,2022,"Riqueza",63120.7,"Produto Interno Bruto per capita (R$ de 2024)"
3515129,"Emilianópolis",34963.39434,2024,"Riqueza",82440.92,"Produto Interno Bruto per capita (R$ de 2024)"
3515152,"Engenheiro Coelho",55783.56746,2014,"Riqueza",90454.96,"Produto Interno Bruto per capita (R$ de 2024)"
3515152,"Engenheiro Coelho",41337.86907,2016,"Riqueza",82888.73,"Produto Interno Bruto per capita (R$ de 2024)"
3515152,"Engenheiro Coelho",55783.56746,2018,"Riqueza",82943.19,"Produto Interno Bruto per capita (R$ de 2024)"
3515152,"Engenheiro Coelho",37141.40756,2020,"Riqueza",73338.7,"Produto Interno Bruto per capita (R$ de 2024)"
3515152,"Engenheiro Coelho",37804.88211,2022,"Riqueza",63120.7,"Produto Interno Bruto per capita (R$ de 2024)"
3515152,"Engenheiro Coelho",43400.34748,2024,"Riqueza",82440.92,"Produto Interno Bruto per capita (R$ de 2024)"
3515186,"Espírito Santo do Pinhal",55717.26006,2014,"Riqueza",90454.96,"Produto Interno Bruto per capita (R$ de 2024)"
3515186,"Espírito Santo do Pinhal",55267.966,2016,"Riqueza",82888.73,"Produto Interno Bruto per capita (R$ de 2024)"
3515186,"Espírito Santo do Pinhal",55717.26006,2018,"Riqueza",82943.19,"Produto Interno Bruto per capita (R$ de 2024)"
3515186,"Espírito Santo do Pinhal",53729.58891,2020,"Riqueza",73338.7,"Produto Interno Bruto per capita (R$ de 2024)"
3515186,"Espírito Santo do Pinhal",59116.42751,2022,"Riqueza",63120.7,"Produto Interno Bruto per capita (R$ de 2024)"
3515186,"Espírito Santo do Pinhal",74020.28897,2024,"Riqueza",82440.92,"Produto Interno Bruto per capita (R$ de 2024)"
3515194,"Espírito Santo do Turvo",27725.80462,2014,"Riqueza",90454.96,"Produto Interno Bruto per capita (R$ de 2024)"
3515194,"Espírito Santo do Turvo",27646.43112,2016,"Riqueza",82888.73,"Produto Interno Bruto per capita (R$ de 2024)"
3515194,"Espírito Santo do Turvo",27725.80462,2018,"Riqueza",82943.19,"Produto Interno Bruto per capita (R$ de 2024)"
3515194,"Espírito Santo do Turvo",27330.8273,2020,"Riqueza",73338.7,"Produto Interno Bruto per capita (R$ de 2024)"
3515194,"Espírito Santo do Turvo",22759.26626,2022,"Riqueza",63120.7,"Produto Interno Bruto per capita (R$ de 2024)"
3515194,"Espírito Santo do Turvo",47054.96625,2024,"Riqueza",82440.92,"Produto Interno Bruto per capita (R$ de 2024)"
3515202,"Estrela d'Oeste",127295.5876,2014,"Riqueza",90454.96,"Produto Interno Bruto per capita (R$ de 2024)"
3515202,"Estrela d'Oeste",125213.7332,2016,"Riqueza",82888.73,"Produto Interno Bruto per capita (R$ de 2024)"
3515202,"Estrela d'Oeste",127295.5876,2018,"Riqueza",82943.19,"Produto Interno Bruto per capita (R$ de 2024)"
3515202,"Estrela d'Oeste",111418.7797,2020,"Riqueza",73338.7,"Produto Interno Bruto per capita (R$ de 2024)"
3515202,"Estrela d'Oeste",126234.2701,2022,"Riqueza",63120.7,"Produto Interno Bruto per capita (R$ de 2024)"
3515202,"Estrela d'Oeste",147620.7329,2024,"Riqueza",82440.92,"Produto Interno Bruto per capita (R$ de 2024)"
3515301,"Estrela do Norte",31382.17033,2014,"Riqueza",90454.96,"Produto Interno Bruto per capita (R$ de 2024)"
3515301,"Estrela do Norte",55347.65392,2016,"Riqueza",82888.73,"Produto Interno Bruto per capita (R$ de 2024)"
3515301,"Estrela do Norte",31382.17033,2018,"Riqueza",82943.19,"Produto Interno Bruto per capita (R$ de 2024)"
3515301,"Estrela do Norte",35930.06259,2020,"Riqueza",73338.7,"Produto Interno Bruto per capita (R$ de 2024)"
3515301,"Estrela do Norte",20463.6923,2022,"Riqueza",63120.7,"Produto Interno Bruto per capita (R$ de 2024)"
3515301,"Estrela do Norte",28095.75667,2024,"Riqueza",82440.92,"Produto Interno Bruto per capita (R$ de 2024)"
3515350,"Euclides da Cunha Paulista",27580.91675,2014,"Riqueza",90454.96,"Produto Interno Bruto per capita (R$ de 2024)"
3515350,"Euclides da Cunha Paulista",20816.69752,2016,"Riqueza",82888.73,"Produto Interno Bruto per capita (R$ de 2024)"
3515350,"Euclides da Cunha Paulista",27580.91675,2018,"Riqueza",82943.19,"Produto Interno Bruto per capita (R$ de 2024)"
3515350,"Euclides da Cunha Paulista",19084.95949,2020,"Riqueza",73338.7,"Produto Interno Bruto per capita (R$ de 2024)"
3515350,"Euclides da Cunha Paulista",16708.95909,2022,"Riqueza",63120.7,"Produto Interno Bruto per capita (R$ de 2024)"
3515350,"Euclides da Cunha Paulista",22901.23619,2024,"Riqueza",82440.92,"Produto Interno Bruto per capita (R$ de 2024)"
3515400,"Fartura",39292.78247,2014,"Riqueza",90454.96,"Produto Interno Bruto per capita (R$ de 2024)"
3515400,"Fartura",40568.82659,2016,"Riqueza",82888.73,"Produto Interno Bruto per capita (R$ de 2024)"
3515400,"Fartura",39292.78247,2018,"Riqueza",82943.19,"Produto Interno Bruto per capita (R$ de 2024)"
3515400,"Fartura",37703.98365,2020,"Riqueza",73338.7,"Produto Interno Bruto per capita (R$ de 2024)"
3515400,"Fartura",28453.77688,2022,"Riqueza",63120.7,"Produto Interno Bruto per capita (R$ de 2024)"
3515400,"Fartura",36330.34594,2024,"Riqueza",82440.92,"Produto Interno Bruto per capita (R$ de 2024)"
3515509,"Fernandópolis",50259.35152,2014,"Riqueza",90454.96,"Produto Interno Bruto per capita (R$ de 2024)"
3515509,"Fernandópolis",53056.02243,2016,"Riqueza",82888.73,"Produto Interno Bruto per capita (R$ de 2024)"
3515509,"Fernandópolis",50259.35152,2018,"Riqueza",82943.19,"Produto Interno Bruto per capita (R$ de 2024)"
3515509,"Fernandópolis",48067.43765,2020,"Riqueza",73338.7,"Produto Interno Bruto per capita (R$ de 2024)"
3515509,"Fernandópolis",38047.5603,2022,"Riqueza",63120.7,"Produto Interno Bruto per capita (R$ de 2024)"
3515509,"Fernandópolis",41586.34427,2024,"Riqueza",82440.92,"Produto Interno Bruto per capita (R$ de 2024)"
3515608,"Fernando Prestes",56754.72641,2014,"Riqueza",90454.96,"Produto Interno Bruto per capita (R$ de 2024)"
3515608,"Fernando Prestes",51977.68971,2016,"Riqueza",82888.73,"Produto Interno Bruto per capita (R$ de 2024)"
3515608,"Fernando Prestes",56754.72641,2018,"Riqueza",82943.19,"Produto Interno Bruto per capita (R$ de 2024)"
3515608,"Fernando Prestes",55553.04293,2020,"Riqueza",73338.7,"Produto Interno Bruto per capita (R$ de 2024)"
3515608,"Fernando Prestes",36510.5396,2022,"Riqueza",63120.7,"Produto Interno Bruto per capita (R$ de 2024)"
3515608,"Fernando Prestes",50413.8046,2024,"Riqueza",82440.92,"Produto Interno Bruto per capita (R$ de 2024)"
3515657,"Fernão",50632.69354,2014,"Riqueza",90454.96,"Produto Interno Bruto per capita (R$ de 2024)"
3515657,"Fernão",53055.15736,2016,"Riqueza",82888.73,"Produto Interno Bruto per capita (R$ de 2024)"
3515657,"Fernão",50632.69354,2018,"Riqueza",82943.19,"Produto Interno Bruto per capita (R$ de 2024)"
3515657,"Fernão",67574.58633,2020,"Riqueza",73338.7,"Produto Interno Bruto per capita (R$ de 2024)"
3515657,"Fernão",47274.26573,2022,"Riqueza",63120.7,"Produto Interno Bruto per capita (R$ de 2024)"
3515657,"Fernão",66216.94712,2024,"Riqueza",82440.92,"Produto Interno Bruto per capita (R$ de 2024)"
3515707,"Ferraz de Vasconcelos",27546.67031,2014,"Riqueza",90454.96,"Produto Interno Bruto per capita (R$ de 2024)"
3515707,"Ferraz de Vasconcelos",27526.26938,2016,"Riqueza",82888.73,"Produto Interno Bruto per capita (R$ de 2024)"
3515707,"Ferraz de Vasconcelos",27546.67031,2018,"Riqueza",82943.19,"Produto Interno Bruto per capita (R$ de 2024)"
3515707,"Ferraz de Vasconcelos",28198.84984,2020,"Riqueza",73338.7,"Produto Interno Bruto per capita (R$ de 2024)"
3515707,"Ferraz de Vasconcelos",28354.45128,2022,"Riqueza",63120.7,"Produto Interno Bruto per capita (R$ de 2024)"
3515707,"Ferraz de Vasconcelos",32995.3264,2024,"Riqueza",82440.92,"Produto Interno Bruto per capita (R$ de 2024)"
3515806,"Flora Rica",38806.84756,2014,"Riqueza",90454.96,"Produto Interno Bruto per capita (R$ de 2024)"
3515806,"Flora Rica",38164.58908,2016,"Riqueza",82888.73,"Produto Interno Bruto per capita (R$ de 2024)"
3515806,"Flora Rica",38806.84756,2018,"Riqueza",82943.19,"Produto Interno Bruto per capita (R$ de 2024)"
3515806,"Flora Rica",34309.47472,2020,"Riqueza",73338.7,"Produto Interno Bruto per capita (R$ de 2024)"
3515806,"Flora Rica",31336.43625,2022,"Riqueza",63120.7,"Produto Interno Bruto per capita (R$ de 2024)"
3515806,"Flora Rica",49125.43554,2024,"Riqueza",82440.92,"Produto Interno Bruto per capita (R$ de 2024)"
3515905,"Floreal",36618.90571,2014,"Riqueza",90454.96,"Produto Interno Bruto per capita (R$ de 2024)"
3515905,"Floreal",33374.02768,2016,"Riqueza",82888.73,"Produto Interno Bruto per capita (R$ de 2024)"
3515905,"Floreal",36618.90571,2018,"Riqueza",82943.19,"Produto Interno Bruto per capita (R$ de 2024)"
3515905,"Floreal",33482.4902,2020,"Riqueza",73338.7,"Produto Interno Bruto per capita (R$ de 2024)"
3515905,"Floreal",29789.70371,2022,"Riqueza",63120.7,"Produto Interno Bruto per capita (R$ de 2024)"
3515905,"Floreal",52584.39134,2024,"Riqueza",82440.92,"Produto Interno Bruto per capita (R$ de 2024)"
3516002,"Flórida Paulista",27846.09616,2014,"Riqueza",90454.96,"Produto Interno Bruto per capita (R$ de 2024)"
3516002,"Flórida Paulista",26780.76362,2016,"Riqueza",82888.73,"Produto Interno Bruto per capita (R$ de 2024)"
3516002,"Flórida Paulista",27846.09616,2018,"Riqueza",82943.19,"Produto Interno Bruto per capita (R$ de 2024)"
3516002,"Flórida Paulista",28065.186420000002,2020,"Riqueza",73338.7,"Produto Interno Bruto per capita (R$ de 2024)"
3516002,"Flórida Paulista",21939.9993,2022,"Riqueza",63120.7,"Produto Interno Bruto per capita (R$ de 2024)"
3516002,"Flórida Paulista",30081.42237,2024,"Riqueza",82440.92,"Produto Interno Bruto per capita (R$ de 2024)"
3516101,"Florínea",82528.59562,2014,"Riqueza",90454.96,"Produto Interno Bruto per capita (R$ de 2024)"
3516101,"Florínea",78380.7208,2016,"Riqueza",82888.73,"Produto Interno Bruto per capita (R$ de 2024)"
3516101,"Florínea",82528.59562,2018,"Riqueza",82943.19,"Produto Interno Bruto per capita (R$ de 2024)"
3516101,"Florínea",82100.53471,2020,"Riqueza",73338.7,"Produto Interno Bruto per capita (R$ de 2024)"
3516101,"Florínea",50019.72334,2022,"Riqueza",63120.7,"Produto Interno Bruto per capita (R$ de 2024)"
3516101,"Florínea",58190.32096,2024,"Riqueza",82440.92,"Produto Interno Bruto per capita (R$ de 2024)"
3516200,"Franca",48840.29796,2014,"Riqueza",90454.96,"Produto Interno Bruto per capita (R$ de 2024)"
3516200,"Franca",51248.04237,2016,"Riqueza",82888.73,"Produto Interno Bruto per capita (R$ de 2024)"
3516200,"Franca",48840.29796,2018,"Riqueza",82943.19,"Produto Interno Bruto per capita (R$ de 2024)"
3516200,"Franca",39876.55023,2020,"Riqueza",73338.7,"Produto Interno Bruto per capita (R$ de 2024)"
3516200,"Franca",36386.25752,2022,"Riqueza",63120.7,"Produto Interno Bruto per capita (R$ de 2024)"
3516200,"Franca",43303.41164,2024,"Riqueza",82440.92,"Produto Interno Bruto per capita (R$ de 2024)"
3516309,"Francisco Morato",14715.91935,2014,"Riqueza",90454.96,"Produto Interno Bruto per capita (R$ de 2024)"
3516309,"Francisco Morato",14570.71913,2016,"Riqueza",82888.73,"Produto Interno Bruto per capita (R$ de 2024)"
3516309,"Francisco Morato",14715.91935,2018,"Riqueza",82943.19,"Produto Interno Bruto per capita (R$ de 2024)"
3516309,"Francisco Morato",13598.09993,2020,"Riqueza",73338.7,"Produto Interno Bruto per capita (R$ de 2024)"
3516309,"Francisco Morato",12114.55426,2022,"Riqueza",63120.7,"Produto Interno Bruto per capita (R$ de 2024)"
3516309,"Francisco Morato",14500.24448,2024,"Riqueza",82440.92,"Produto Interno Bruto per capita (R$ de 2024)"
3516408,"Franco da Rocha",33379.09222,2014,"Riqueza",90454.96,"Produto Interno Bruto per capita (R$ de 2024)"
3516408,"Franco da Rocha",30093.82587,2016,"Riqueza",82888.73,"Produto Interno Bruto per capita (R$ de 2024)"
3516408,"Franco da Rocha",33379.09222,2018,"Riqueza",82943.19,"Produto Interno Bruto per capita (R$ de 2024)"
3516408,"Franco da Rocha",32181.60377,2020,"Riqueza",73338.7,"Produto Interno Bruto per capita (R$ de 2024)"
3516408,"Franco da Rocha",34452.80752,2022,"Riqueza",63120.7,"Produto Interno Bruto per capita (R$ de 2024)"
3516408,"Franco da Rocha",39945.93947,2024,"Riqueza",82440.92,"Produto Interno Bruto per capita (R$ de 2024)"
3516507,"Gabriel Monteiro",45447.68924,2014,"Riqueza",90454.96,"Produto Interno Bruto per capita (R$ de 2024)"
3516507,"Gabriel Monteiro",38842.88176,2016,"Riqueza",82888.73,"Produto Interno Bruto per capita (R$ de 2024)"
3516507,"Gabriel Monteiro",45447.68924,2018,"Riqueza",82943.19,"Produto Interno Bruto per capita (R$ de 2024)"
3516507,"Gabriel Monteiro",39360.78282,2020,"Riqueza",73338.7,"Produto Interno Bruto per capita (R$ de 2024)"
3516507,"Gabriel Monteiro",38896.15896,2022,"Riqueza",63120.7,"Produto Interno Bruto per capita (R$ de 2024)"
3516507,"Gabriel Monteiro",48250.54387,2024,"Riqueza",82440.92,"Produto Interno Bruto per capita (R$ de 2024)"
3516606,"Gália",35651.87237,2014,"Riqueza",90454.96,"Produto Interno Bruto per capita (R$ de 2024)"
3516606,"Gália",32340.92992,2016,"Riqueza",82888.73,"Produto Interno Bruto per capita (R$ de 2024)"
3516606,"Gália",35651.87237,2018,"Riqueza",82943.19,"Produto Interno Bruto per capita (R$ de 2024)"
3516606,"Gália",39102.07668,2020,"Riqueza",73338.7,"Produto Interno Bruto per capita (R$ de 2024)"
3516606,"Gália",25758.66386,2022,"Riqueza",63120.7,"Produto Interno Bruto per capita (R$ de 2024)"
3516606,"Gália",38130.58861,2024,"Riqueza",82440.92,"Produto Interno Bruto per capita (R$ de 2024)"
3516705,"Garça",46207.44458,2014,"Riqueza",90454.96,"Produto Interno Bruto per capita (R$ de 2024)"
3516705,"Garça",45048.03695,2016,"Riqueza",82888.73,"Produto Interno Bruto per capita (R$ de 2024)"
3516705,"Garça",46207.44458,2018,"Riqueza",82943.19,"Produto Interno Bruto per capita (R$ de 2024)"
3516705,"Garça",42925.33964,2020,"Riqueza",73338.7,"Produto Interno Bruto per capita (R$ de 2024)"
3516705,"Garça",38621.30418,2022,"Riqueza",63120.7,"Produto Interno Bruto per capita (R$ de 2024)"
3516705,"Garça",48679.03747,2024,"Riqueza",82440.92,"Produto Interno Bruto per capita (R$ de 2024)"
3516804,"Gastão Vidigal",27081.57476,2014,"Riqueza",90454.96,"Produto Interno Bruto per capita (R$ de 2024)"
3516804,"Gastão Vidigal",23011.37294,2016,"Riqueza",82888.73,"Produto Interno Bruto per capita (R$ de 2024)"
3516804,"Gastão Vidigal",27081.57476,2018,"Riqueza",82943.19,"Produto Interno Bruto per capita (R$ de 2024)"
3516804,"Gastão Vidigal",24799.99777,2020,"Riqueza",73338.7,"Produto Interno Bruto per capita (R$ de 2024)"
3516804,"Gastão Vidigal",25120.49812,2022,"Riqueza",63120.7,"Produto Interno Bruto per capita (R$ de 2024)"
3516804,"Gastão Vidigal",35695.0424,2024,"Riqueza",82440.92,"Produto Interno Bruto per capita (R$ de 2024)"
3516853,"Gavião Peixoto",320280.5068,2014,"Riqueza",90454.96,"Produto Interno Bruto per capita (R$ de 2024)"
3516853,"Gavião Peixoto",334478.7283,2016,"Riqueza",82888.73,"Produto Interno Bruto per capita (R$ de 2024)"
3516853,"Gavião Peixoto",320280.5068,2018,"Riqueza",82943.19,"Produto Interno Bruto per capita (R$ de 2024)"
3516853,"Gavião Peixoto",480262.6011,2020,"Riqueza",73338.7,"Produto Interno Bruto per capita (R$ de 2024)"
3516853,"Gavião Peixoto",262536.2808,2022,"Riqueza",63120.7,"Produto Interno Bruto per capita (R$ de 2024)"
3516853,"Gavião Peixoto",392938.4226,2024,"Riqueza",82440.92,"Produto Interno Bruto per capita (R$ de 2024)"
3516903,"General Salgado",38469.39862,2014,"Riqueza",90454.96,"Produto Interno Bruto per capita (R$ de 2024)"
3516903,"General Salgado",87266.71939,2016,"Riqueza",82888.73,"Produto Interno Bruto per capita (R$ de 2024)"
3516903,"General Salgado",38469.39862,2018,"Riqueza",82943.19,"Produto Interno Bruto per capita (R$ de 2024)"
3516903,"General Salgado",31122.50648,2020,"Riqueza",73338.7,"Produto Interno Bruto per capita (R$ de 2024)"
3516903,"General Salgado",28370.63768,2022,"Riqueza",63120.7,"Produto Interno Bruto per capita (R$ de 2024)"
3516903,"General Salgado",36746.32137,2024,"Riqueza",82440.92,"Produto Interno Bruto per capita (R$ de 2024)"
3517000,"Getulina",28228.67398,2014,"Riqueza",90454.96,"Produto Interno Bruto per capita (R$ de 2024)"
3517000,"Getulina",27756.26876,2016,"Riqueza",82888.73,"Produto Interno Bruto per capita (R$ de 2024)"
3517000,"Getulina",28228.67398,2018,"Riqueza",82943.19,"Produto Interno Bruto per capita (R$ de 2024)"
3517000,"Getulina",27455.80373,2020,"Riqueza",73338.7,"Produto Interno Bruto per capita (R$ de 2024)"
3517000,"Getulina",21176.49202,2022,"Riqueza",63120.7,"Produto Interno Bruto per capita (R$ de 2024)"
3517000,"Getulina",29125.18644,2024,"Riqueza",82440.92,"Produto Interno Bruto per capita (R$ de 2024)"
3517109,"Glicério",35543.91865,2014,"Riqueza",90454.96,"Produto Interno Bruto per capita (R$ de 2024)"
3517109,"Glicério",38416.35328,2016,"Riqueza",82888.73,"Produto Interno Bruto per capita (R$ de 2024)"
3517109,"Glicério",35543.91865,2018,"Riqueza",82943.19,"Produto Interno Bruto per capita (R$ de 2024)"
3517109,"Glicério",33584.75799,2020,"Riqueza",73338.7,"Produto Interno Bruto per capita (R$ de 2024)"
3517109,"Glicério",32869.54278,2022,"Riqueza",63120.7,"Produto Interno Bruto per capita (R$ de 2024)"
3517109,"Glicério",50323.46355,2024,"Riqueza",82440.92,"Produto Interno Bruto per capita (R$ de 2024)"
3517208,"Guaiçara",27688.48868,2014,"Riqueza",90454.96,"Produto Interno Bruto per capita (R$ de 2024)"
3517208,"Guaiçara",28772.34294,2016,"Riqueza",82888.73,"Produto Interno Bruto per capita (R$ de 2024)"
3517208,"Guaiçara",27688.48868,2018,"Riqueza",82943.19,"Produto Interno Bruto per capita (R$ de 2024)"
3517208,"Guaiçara",25545.46924,2020,"Riqueza",73338.7,"Produto Interno Bruto per capita (R$ de 2024)"
3517208,"Guaiçara",22694.02038,2022,"Riqueza",63120.7,"Produto Interno Bruto per capita (R$ de 2024)"
3517208,"Guaiçara",29608.73037,2024,"Riqueza",82440.92,"Produto Interno Bruto per capita (R$ de 2024)"
3517307,"Guaimbê",22660.52093,2014,"Riqueza",90454.96,"Produto Interno Bruto per capita (R$ de 2024)"
3517307,"Guaimbê",23464.62842,2016,"Riqueza",82888.73,"Produto Interno Bruto per capita (R$ de 2024)"
3517307,"Guaimbê",22660.52093,2018,"Riqueza",82943.19,"Produto Interno Bruto per capita (R$ de 2024)"
3517307,"Guaimbê",58767.74241,2020,"Riqueza",73338.7,"Produto Interno Bruto per capita (R$ de 2024)"
3517307,"Guaimbê",82299.82634,2022,"Riqueza",63120.7,"Produto Interno Bruto per capita (R$ de 2024)"
3517307,"Guaimbê",116323.5401,2024,"Riqueza",82440.92,"Produto Interno Bruto per capita (R$ de 2024)"
3517406,"Guaíra",138366.8098,2014,"Riqueza",90454.96,"Produto Interno Bruto per capita (R$ de 2024)"
3517406,"Guaíra",175143.7099,2016,"Riqueza",82888.73,"Produto Interno Bruto per capita (R$ de 2024)"
3517406,"Guaíra",138366.8098,2018,"Riqueza",82943.19,"Produto Interno Bruto per capita (R$ de 2024)"
3517406,"Guaíra",90354.77322,2020,"Riqueza",73338.7,"Produto Interno Bruto per capita (R$ de 2024)"
3517406,"Guaíra",74559.67929,2022,"Riqueza",63120.7,"Produto Interno Bruto per capita (R$ de 2024)"
3517406,"Guaíra",87975.44598,2024,"Riqueza",82440.92,"Produto Interno Bruto per capita (R$ de 2024)"
3517505,"Guapiaçu",44692.02927,2014,"Riqueza",90454.96,"Produto Interno Bruto per capita (R$ de 2024)"
3517505,"Guapiaçu",45372.57182,2016,"Riqueza",82888.73,"Produto Interno Bruto per capita (R$ de 2024)"
3517505,"Guapiaçu",44692.02927,2018,"Riqueza",82943.19,"Produto Interno Bruto per capita (R$ de 2024)"
3517505,"Guapiaçu",47425.85062,2020,"Riqueza",73338.7,"Produto Interno Bruto per capita (R$ de 2024)"
3517505,"Guapiaçu",42592.9645,2022,"Riqueza",63120.7,"Produto Interno Bruto per capita (R$ de 2024)"
3517505,"Guapiaçu",54572.12013,2024,"Riqueza",82440.92,"Produto Interno Bruto per capita (R$ de 2024)"
3517604,"Guapiara",30368.77271,2014,"Riqueza",90454.96,"Produto Interno Bruto per capita (R$ de 2024)"
3517604,"Guapiara",52724.22101,2016,"Riqueza",82888.73,"Produto Interno Bruto per capita (R$ de 2024)"
3517604,"Guapiara",30368.77271,2018,"Riqueza",82943.19,"Produto Interno Bruto per capita (R$ de 2024)"
3517604,"Guapiara",39497.37023,2020,"Riqueza",73338.7,"Produto Interno Bruto per capita (R$ de 2024)"
3517604,"Guapiara",30108.12441,2022,"Riqueza",63120.7,"Produto Interno Bruto per capita (R$ de 2024)"
3517604,"Guapiara",37345.79717,2024,"Riqueza",82440.92,"Produto Interno Bruto per capita (R$ de 2024)"
3517703,"Guará",35186.1136,2014,"Riqueza",90454.96,"Produto Interno Bruto per capita (R$ de 2024)"
3517703,"Guará",35056.05021,2016,"Riqueza",82888.73,"Produto Interno Bruto per capita (R$ de 2024)"
3517703,"Guará",35186.1136,2018,"Riqueza",82943.19,"Produto Interno Bruto per capita (R$ de 2024)"
3517703,"Guará",37900.20622,2020,"Riqueza",73338.7,"Produto Interno Bruto per capita (R$ de 2024)"
3517703,"Guará",39493.868520000004,2022,"Riqueza",63120.7,"Produto Interno Bruto per capita (R$ de 2024)"
3517703,"Guará",50155.28833,2024,"Riqueza",82440.92,"Produto Interno Bruto per capita (R$ de 2024)"
3517802,"Guaraçaí",53663.2026,2014,"Riqueza",90454.96,"Produto Interno Bruto per capita (R$ de 2024)"
3517802,"Guaraçaí",54343.66798,2016,"Riqueza",82888.73,"Produto Interno Bruto per capita (R$ de 2024)"
3517802,"Guaraçaí",53663.2026,2018,"Riqueza",82943.19,"Produto Interno Bruto per capita (R$ de 2024)"
3517802,"Guaraçaí",52618.83664,2020,"Riqueza",73338.7,"Produto Interno Bruto per capita (R$ de 2024)"
3517802,"Guaraçaí",36996.49437,2022,"Riqueza",63120.7,"Produto Interno Bruto per capita (R$ de 2024)"
3517802,"Guaraçaí",55786.98307,2024,"Riqueza",82440.92,"Produto Interno Bruto per capita (R$ de 2024)"
3517901,"Guaraci",50392.70086,2014,"Riqueza",90454.96,"Produto Interno Bruto per capita (R$ de 2024)"
3517901,"Guaraci",54205.78173,2016,"Riqueza",82888.73,"Produto Interno Bruto per capita (R$ de 2024)"
3517901,"Guaraci",50392.70086,2018,"Riqueza",82943.19,"Produto Interno Bruto per capita (R$ de 2024)"
3517901,"Guaraci",49752.78118,2020,"Riqueza",73338.7,"Produto Interno Bruto per capita (R$ de 2024)"
3517901,"Guaraci",42607.4832,2022,"Riqueza",63120.7,"Produto Interno Bruto per capita (R$ de 2024)"
3517901,"Guaraci",68351.06998,2024,"Riqueza",82440.92,"Produto Interno Bruto per capita (R$ de 2024)"
3518008,"Guarani d'Oeste",30370.13937,2014,"Riqueza",90454.96,"Produto Interno Bruto per capita (R$ de 2024)"
3518008,"Guarani d'Oeste",27817.88221,2016,"Riqueza",82888.73,"Produto Interno Bruto per capita (R$ de 2024)"
3518008,"Guarani d'Oeste",30370.13937,2018,"Riqueza",82943.19,"Produto Interno Bruto per capita (R$ de 2024)"
3518008,"Guarani d'Oeste",28879.4062,2020,"Riqueza",73338.7,"Produto Interno Bruto per capita (R$ de 2024)"
3518008,"Guarani d'Oeste",19029.12656,2022,"Riqueza",63120.7,"Produto Interno Bruto per capita (R$ de 2024)"
3518008,"Guarani d'Oeste",26710.1227,2024,"Riqueza",82440.92,"Produto Interno Bruto per capita (R$ de 2024)"
3518107,"Guarantã",44499.15272,2014,"Riqueza",90454.96,"Produto Interno Bruto per capita (R$ de 2024)"
3518107,"Guarantã",40312.5988,2016,"Riqueza",82888.73,"Produto Interno Bruto per capita (R$ de 2024)"
3518107,"Guarantã",44499.15272,2018,"Riqueza",82943.19,"Produto Interno Bruto per capita (R$ de 2024)"
3518107,"Guarantã",39792.88676,2020,"Riqueza",73338.7,"Produto Interno Bruto per capita (R$ de 2024)"
3518107,"Guarantã",32369.71676,2022,"Riqueza",63120.7,"Produto Interno Bruto per capita (R$ de 2024)"
3518107,"Guarantã",52393.02471,2024,"Riqueza",82440.92,"Produto Interno Bruto per capita (R$ de 2024)"
3518206,"Guararapes",47201.42797,2014,"Riqueza",90454.96,"Produto Interno Bruto per capita (R$ de 2024)"
3518206,"Guararapes",69116.5332,2016,"Riqueza",82888.73,"Produto Interno Bruto per capita (R$ de 2024)"
3518206,"Guararapes",47201.42797,2018,"Riqueza",82943.19,"Produto Interno Bruto per capita (R$ de 2024)"
3518206,"Guararapes",47234.33596,2020,"Riqueza",73338.7,"Produto Interno Bruto per capita (R$ de 2024)"
3518206,"Guararapes",46644.90932,2022,"Riqueza",63120.7,"Produto Interno Bruto per capita (R$ de 2024)"
3518206,"Guararapes",59829.6796,2024,"Riqueza",82440.92,"Produto Interno Bruto per capita (R$ de 2024)"
3518305,"Guararema",81324.86567,2014,"Riqueza",90454.96,"Produto Interno Bruto per capita (R$ de 2024)"
3518305,"Guararema",89964.01162,2016,"Riqueza",82888.73,"Produto Interno Bruto per capita (R$ de 2024)"
3518305,"Guararema",81324.86567,2018,"Riqueza",82943.19,"Produto Interno Bruto per capita (R$ de 2024)"
3518305,"Guararema",76025.57807,2020,"Riqueza",73338.7,"Produto Interno Bruto per capita (R$ de 2024)"
3518305,"Guararema",51833.88453,2022,"Riqueza",63120.7,"Produto Interno Bruto per capita (R$ de 2024)"
3518305,"Guararema",68401.76614,2024,"Riqueza",82440.92,"Produto Interno Bruto per capita (R$ de 2024)"
3518404,"Guaratinguetá",79904.47566,2014,"Riqueza",90454.96,"Produto Interno Bruto per capita (R$ de 2024)"
3518404,"Guaratinguetá",64340.47615,2016,"Riqueza",82888.73,"Produto Interno Bruto per capita (R$ de 2024)"
3518404,"Guaratinguetá",79904.47566,2018,"Riqueza",82943.19,"Produto Interno Bruto per capita (R$ de 2024)"
3518404,"Guaratinguetá",79725.80613,2020,"Riqueza",73338.7,"Produto Interno Bruto per capita (R$ de 2024)"
3518404,"Guaratinguetá",69334.3877,2022,"Riqueza",63120.7,"Produto Interno Bruto per capita (R$ de 2024)"
3518404,"Guaratinguetá",75719.37069,2024,"Riqueza",82440.92,"Produto Interno Bruto per capita (R$ de 2024)"
3518503,"Guareí",23706.93848,2014,"Riqueza",90454.96,"Produto Interno Bruto per capita (R$ de 2024)"
3518503,"Guareí",26438.40692,2016,"Riqueza",82888.73,"Produto Interno Bruto per capita (R$ de 2024)"
3518503,"Guareí",23706.93848,2018,"Riqueza",82943.19,"Produto Interno Bruto per capita (R$ de 2024)"
3518503,"Guareí",23467.40728,2020,"Riqueza",73338.7,"Produto Interno Bruto per capita (R$ de 2024)"
3518503,"Guareí",21672.38426,2022,"Riqueza",63120.7,"Produto Interno Bruto per capita (R$ de 2024)"
3518503,"Guareí",27600.31953,2024,"Riqueza",82440.92,"Produto Interno Bruto per capita (R$ de 2024)"
3518602,"Guariba",38736.03119,2014,"Riqueza",90454.96,"Produto Interno Bruto per capita (R$ de 2024)"
3518602,"Guariba",54976.42283,2016,"Riqueza",82888.73,"Produto Interno Bruto per capita (R$ de 2024)"
3518602,"Guariba",38736.03119,2018,"Riqueza",82943.19,"Produto Interno Bruto per capita (R$ de 2024)"
3518602,"Guariba",35581.76759,2020,"Riqueza",73338.7,"Produto Interno Bruto per capita (R$ de 2024)"
3518602,"Guariba",34340.57205,2022,"Riqueza",63120.7,"Produto Interno Bruto per capita (R$ de 2024)"
3518602,"Guariba",43454.23033,2024,"Riqueza",82440.92,"Produto Interno Bruto per capita (R$ de 2024)"
3518701,"Guarujá",45621.80634,2014,"Riqueza",90454.96,"Produto Interno Bruto per capita (R$ de 2024)"
3518701,"Guarujá",45570.60383,2016,"Riqueza",82888.73,"Produto Interno Bruto per capita (R$ de 2024)"
3518701,"Guarujá",45621.80634,2018,"Riqueza",82943.19,"Produto Interno Bruto per capita (R$ de 2024)"
3518701,"Guarujá",40321.08939,2020,"Riqueza",73338.7,"Produto Interno Bruto per capita (R$ de 2024)"
3518701,"Guarujá",39134.75621,2022,"Riqueza",63120.7,"Produto Interno Bruto per capita (R$ de 2024)"
3518701,"Guarujá",43481.55417,2024,"Riqueza",82440.92,"Produto Interno Bruto per capita (R$ de 2024)"
3518800,"Guarulhos",76356.18451,2014,"Riqueza",90454.96,"Produto Interno Bruto per capita (R$ de 2024)"
3518800,"Guarulhos",73178.20785,2016,"Riqueza",82888.73,"Produto Interno Bruto per capita (R$ de 2024)"
3518800,"Guarulhos",76356.18451,2018,"Riqueza",82943.19,"Produto Interno Bruto per capita (R$ de 2024)"
3518800,"Guarulhos",67099.30074,2020,"Riqueza",73338.7,"Produto Interno Bruto per capita (R$ de 2024)"
3518800,"Guarulhos",65593.04505,2022,"Riqueza",63120.7,"Produto Interno Bruto per capita (R$ de 2024)"
3518800,"Guarulhos",80929.64605,2024,"Riqueza",82440.92,"Produto Interno Bruto per capita (R$ de 2024)"
3518859,"Guatapará",47837.16436,2014,"Riqueza",90454.96,"Produto Interno Bruto per capita (R$ de 2024)"
3518859,"Guatapará",50127.72066,2016,"Riqueza",82888.73,"Produto Interno Bruto per capita (R$ de 2024)"
3518859,"Guatapará",47837.16436,2018,"Riqueza",82943.19,"Produto Interno Bruto per capita (R$ de 2024)"
3518859,"Guatapará",46633.90393,2020,"Riqueza",73338.7,"Produto Interno Bruto per capita (R$ de 2024)"
3518859,"Guatapará",30531.67818,2022,"Riqueza",63120.7,"Produto Interno Bruto per capita (R$ de 2024)"
3518859,"Guatapará",51824.94201,2024,"Riqueza",82440.92,"Produto Interno Bruto per capita (R$ de 2024)"
3518909,"Guzolândia",21565.99416,2014,"Riqueza",90454.96,"Produto Interno Bruto per capita (R$ de 2024)"
3518909,"Guzolândia",22956.05918,2016,"Riqueza",82888.73,"Produto Interno Bruto per capita (R$ de 2024)"
3518909,"Guzolândia",21565.99416,2018,"Riqueza",82943.19,"Produto Interno Bruto per capita (R$ de 2024)"
3518909,"Guzolândia",23246.3221,2020,"Riqueza",73338.7,"Produto Interno Bruto per capita (R$ de 2024)"
3518909,"Guzolândia",22452.70577,2022,"Riqueza",63120.7,"Produto Interno Bruto per capita (R$ de 2024)"
3518909,"Guzolândia",31317.06725,2024,"Riqueza",82440.92,"Produto Interno Bruto per capita (R$ de 2024)"
3519006,"Herculândia",56659.84874,2014,"Riqueza",90454.96,"Produto Interno Bruto per capita (R$ de 2024)"
3519006,"Herculândia",52660.52713,2016,"Riqueza",82888.73,"Produto Interno Bruto per capita (R$ de 2024)"
3519006,"Herculândia",56659.84874,2018,"Riqueza",82943.19,"Produto Interno Bruto per capita (R$ de 2024)"
3519006,"Herculândia",49874.43223,2020,"Riqueza",73338.7,"Produto Interno Bruto per capita (R$ de 2024)"
3519006,"Herculândia",45214.97388,2022,"Riqueza",63120.7,"Produto Interno Bruto per capita (R$ de 2024)"
3519006,"Herculândia",64691.23419,2024,"Riqueza",82440.92,"Produto Interno Bruto per capita (R$ de 2024)"
3519055,"Holambra",115189.4196,2014,"Riqueza",90454.96,"Produto Interno Bruto per capita (R$ de 2024)"
3519055,"Holambra",120246.1927,2016,"Riqueza",82888.73,"Produto Interno Bruto per capita (R$ de 2024)"
3519055,"Holambra",115189.4196,2018,"Riqueza",82943.19,"Produto Interno Bruto per capita (R$ de 2024)"
3519055,"Holambra",121765.327,2020,"Riqueza",73338.7,"Produto Interno Bruto per capita (R$ de 2024)"
3519055,"Holambra",98554.39902,2022,"Riqueza",63120.7,"Produto Interno Bruto per capita (R$ de 2024)"
3519055,"Holambra",123584.6183,2024,"Riqueza",82440.92,"Produto Interno Bruto per capita (R$ de 2024)"
3519071,"Hortolândia",97242.66271,2014,"Riqueza",90454.96,"Produto Interno Bruto per capita (R$ de 2024)"
3519071,"Hortolândia",94325.80866,2016,"Riqueza",82888.73,"Produto Interno Bruto per capita (R$ de 2024)"
3519071,"Hortolândia",97242.66271,2018,"Riqueza",82943.19,"Produto Interno Bruto per capita (R$ de 2024)"
3519071,"Hortolândia",92982.03586,2020,"Riqueza",73338.7,"Produto Interno Bruto per capita (R$ de 2024)"
3519071,"Hortolândia",88799.76209,2022,"Riqueza",63120.7,"Produto Interno Bruto per capita (R$ de 2024)"
3519071,"Hortolândia",97917.33503,2024,"Riqueza",82440.92,"Produto Interno Bruto per capita (R$ de 2024)"
3519105,"Iacanga",63871.35774,2014,"Riqueza",90454.96,"Produto Interno Bruto per capita (R$ de 2024)"
3519105,"Iacanga",102671.9589,2016,"Riqueza",82888.73,"Produto Interno Bruto per capita (R$ de 2024)"
3519105,"Iacanga",63871.35774,2018,"Riqueza",82943.19,"Produto Interno Bruto per capita (R$ de 2024)"
3519105,"Iacanga",71196.0692,2020,"Riqueza",73338.7,"Produto Interno Bruto per capita (R$ de 2024)"
3519105,"Iacanga",79251.85975,2022,"Riqueza",63120.7,"Produto Interno Bruto per capita (R$ de 2024)"
3519105,"Iacanga",70383.14103,2024,"Riqueza",82440.92,"Produto Interno Bruto per capita (R$ de 2024)"
3519204,"Iacri",50120.2275,2014,"Riqueza",90454.96,"Produto Interno Bruto per capita (R$ de 2024)"
3519204,"Iacri",41599.33569,2016,"Riqueza",82888.73,"Produto Interno Bruto per capita (R$ de 2024)"
3519204,"Iacri",50120.2275,2018,"Riqueza",82943.19,"Produto Interno Bruto per capita (R$ de 2024)"
3519204,"Iacri",55437.4671,2020,"Riqueza",73338.7,"Produto Interno Bruto per capita (R$ de 2024)"
3519204,"Iacri",46085.51736,2022,"Riqueza",63120.7,"Produto Interno Bruto per capita (R$ de 2024)"
3519204,"Iacri",65708.71711,2024,"Riqueza",82440.92,"Produto Interno Bruto per capita (R$ de 2024)"
3519253,"Iaras",37109.54863,2014,"Riqueza",90454.96,"Produto Interno Bruto per capita (R$ de 2024)"
3519253,"Iaras",35625.5453,2016,"Riqueza",82888.73,"Produto Interno Bruto per capita (R$ de 2024)"
3519253,"Iaras",37109.54863,2018,"Riqueza",82943.19,"Produto Interno Bruto per capita (R$ de 2024)"
3519253,"Iaras",32327.35246,2020,"Riqueza",73338.7,"Produto Interno Bruto per capita (R$ de 2024)"
3519253,"Iaras",22672.78187,2022,"Riqueza",63120.7,"Produto Interno Bruto per capita (R$ de 2024)"
3519253,"Iaras",42572.55808,2024,"Riqueza",82440.92,"Produto Interno Bruto per capita (R$ de 2024)"
3519303,"Ibaté",41281.31874,2014,"Riqueza",90454.96,"Produto Interno Bruto per capita (R$ de 2024)"
3519303,"Ibaté",41134.38733,2016,"Riqueza",82888.73,"Produto Interno Bruto per capita (R$ de 2024)"
3519303,"Ibaté",41281.31874,2018,"Riqueza",82943.19,"Produto Interno Bruto per capita (R$ de 2024)"
3519303,"Ibaté",42914.48045,2020,"Riqueza",73338.7,"Produto Interno Bruto per capita (R$ de 2024)"
3519303,"Ibaté",37533.81397,2022,"Riqueza",63120.7,"Produto Interno Bruto per capita (R$ de 2024)"
3519303,"Ibaté",50609.8645,2024,"Riqueza",82440.92,"Produto Interno Bruto per capita (R$ de 2024)"
3519402,"Ibirá",35005.14486,2014,"Riqueza",90454.96,"Produto Interno Bruto per capita (R$ de 2024)"
3519402,"Ibirá",33524.85333,2016,"Riqueza",82888.73,"Produto Interno Bruto per capita (R$ de 2024)"
3519402,"Ibirá",35005.14486,2018,"Riqueza",82943.19,"Produto Interno Bruto per capita (R$ de 2024)"
3519402,"Ibirá",30665.46381,2020,"Riqueza",73338.7,"Produto Interno Bruto per capita (R$ de 2024)"
3519402,"Ibirá",28732.34962,2022,"Riqueza",63120.7,"Produto Interno Bruto per capita (R$ de 2024)"
3519402,"Ibirá",38129.86241,2024,"Riqueza",82440.92,"Produto Interno Bruto per capita (R$ de 2024)"
3519501,"Ibirarema",41213.58335,2014,"Riqueza",90454.96,"Produto Interno Bruto per capita (R$ de 2024)"
3519501,"Ibirarema",85906.54924,2016,"Riqueza",82888.73,"Produto Interno Bruto per capita (R$ de 2024)"
3519501,"Ibirarema",41213.58335,2018,"Riqueza",82943.19,"Produto Interno Bruto per capita (R$ de 2024)"
3519501,"Ibirarema",39356.88477,2020,"Riqueza",73338.7,"Produto Interno Bruto per capita (R$ de 2024)"
3519501,"Ibirarema",43205.40858,2022,"Riqueza",63120.7,"Produto Interno Bruto per capita (R$ de 2024)"
3519501,"Ibirarema",56731.78122,2024,"Riqueza",82440.92,"Produto Interno Bruto per capita (R$ de 2024)"
3519600,"Ibitinga",43734.88259,2014,"Riqueza",90454.96,"Produto Interno Bruto per capita (R$ de 2024)"
3519600,"Ibitinga",42233.97096,2016,"Riqueza",82888.73,"Produto Interno Bruto per capita (R$ de 2024)"
3519600,"Ibitinga",43734.88259,2018,"Riqueza",82943.19,"Produto Interno Bruto per capita (R$ de 2024)"
3519600,"Ibitinga",41040.86554,2020,"Riqueza",73338.7,"Produto Interno Bruto per capita (R$ de 2024)"
3519600,"Ibitinga",32057.76081,2022,"Riqueza",63120.7,"Produto Interno Bruto per capita (R$ de 2024)"
3519600,"Ibitinga",44628.94529,2024,"Riqueza",82440.92,"Produto Interno Bruto per capita (R$ de 2024)"
3519709,"Ibiúna",37264.01017,2014,"Riqueza",90454.96,"Produto Interno Bruto per capita (R$ de 2024)"
3519709,"Ibiúna",37892.4926,2016,"Riqueza",82888.73,"Produto Interno Bruto per capita (R$ de 2024)"
3519709,"Ibiúna",37264.01017,2018,"Riqueza",82943.19,"Produto Interno Bruto per capita (R$ de 2024)"
3519709,"Ibiúna",40005.62965,2020,"Riqueza",73338.7,"Produto Interno Bruto per capita (R$ de 2024)"
3519709,"Ibiúna",35026.86533,2022,"Riqueza",63120.7,"Produto Interno Bruto per capita (R$ de 2024)"
3519709,"Ibiúna",42765.22048,2024,"Riqueza",82440.92,"Produto Interno Bruto per capita (R$ de 2024)"
3519808,"Icém",36212.25872,2014,"Riqueza",90454.96,"Produto Interno Bruto per capita (R$ de 2024)"
3519808,"Icém",91453.63653,2016,"Riqueza",82888.73,"Produto Interno Bruto per capita (R$ de 2024)"
3519808,"Icém",36212.25872,2018,"Riqueza",82943.19,"Produto Interno Bruto per capita (R$ de 2024)"
3519808,"Icém",31419.43291,2020,"Riqueza",73338.7,"Produto Interno Bruto per capita (R$ de 2024)"
3519808,"Icém",29625.04394,2022,"Riqueza",63120.7,"Produto Interno Bruto per capita (R$ de 2024)"
3519808,"Icém",36150.54861,2024,"Riqueza",82440.92,"Produto Interno Bruto per capita (R$ de 2024)"
3519907,"Iepê",51933.54756,2014,"Riqueza",90454.96,"Produto Interno Bruto per capita (R$ de 2024)"
3519907,"Iepê",55062.78359,2016,"Riqueza",82888.73,"Produto Interno Bruto per capita (R$ de 2024)"
3519907,"Iepê",51933.54756,2018,"Riqueza",82943.19,"Produto Interno Bruto per capita (R$ de 2024)"
3519907,"Iepê",63900.22457,2020,"Riqueza",73338.7,"Produto Interno Bruto per capita (R$ de 2024)"
3519907,"Iepê",61397.03152,2022,"Riqueza",63120.7,"Produto Interno Bruto per capita (R$ de 2024)"
3519907,"Iepê",71381.73178,2024,"Riqueza",82440.92,"Produto Interno Bruto per capita (R$ de 2024)"
3520004,"Igaraçu do Tietê",20889.96927,2014,"Riqueza",90454.96,"Produto Interno Bruto per capita (R$ de 2024)"
3520004,"Igaraçu do Tietê",20836.96187,2016,"Riqueza",82888.73,"Produto Interno Bruto per capita (R$ de 2024)"
3520004,"Igaraçu do Tietê",20889.96927,2018,"Riqueza",82943.19,"Produto Interno Bruto per capita (R$ de 2024)"
3520004,"Igaraçu do Tietê",20006.7991,2020,"Riqueza",73338.7,"Produto Interno Bruto per capita (R$ de 2024)"
3520004,"Igaraçu do Tietê",17665.14332,2022,"Riqueza",63120.7,"Produto Interno Bruto per capita (R$ de 2024)"
3520004,"Igaraçu do Tietê",22396.03701,2024,"Riqueza",82440.92,"Produto Interno Bruto per capita (R$ de 2024)"
3520103,"Igarapava",66741.97587,2014,"Riqueza",90454.96,"Produto Interno Bruto per capita (R$ de 2024)"
3520103,"Igarapava",66538.13407,2016,"Riqueza",82888.73,"Produto Interno Bruto per capita (R$ de 2024)"
3520103,"Igarapava",66741.97587,2018,"Riqueza",82943.19,"Produto Interno Bruto per capita (R$ de 2024)"
3520103,"Igarapava",63310.99372,2020,"Riqueza",73338.7,"Produto Interno Bruto per capita (R$ de 2024)"
3520103,"Igarapava",59615.65513,2022,"Riqueza",63120.7,"Produto Interno Bruto per capita (R$ de 2024)"
3520103,"Igarapava",59185.14498,2024,"Riqueza",82440.92,"Produto Interno Bruto per capita (R$ de 2024)"
3520202,"Igaratá",32351.34312,2014,"Riqueza",90454.96,"Produto Interno Bruto per capita (R$ de 2024)"
3520202,"Igaratá",34364.0057,2016,"Riqueza",82888.73,"Produto Interno Bruto per capita (R$ de 2024)"
3520202,"Igaratá",32351.34312,2018,"Riqueza",82943.19,"Produto Interno Bruto per capita (R$ de 2024)"
3520202,"Igaratá",33179.13523,2020,"Riqueza",73338.7,"Produto Interno Bruto per capita (R$ de 2024)"
3520202,"Igaratá",28735.74386,2022,"Riqueza",63120.7,"Produto Interno Bruto per capita (R$ de 2024)"
3520202,"Igaratá",34889.48192,2024,"Riqueza",82440.92,"Produto Interno Bruto per capita (R$ de 2024)"
3520301,"Iguape",65879.69456,2014,"Riqueza",90454.96,"Produto Interno Bruto per capita (R$ de 2024)"
3520301,"Iguape",37532.20038,2016,"Riqueza",82888.73,"Produto Interno Bruto per capita (R$ de 2024)"
3520301,"Iguape",65879.69456,2018,"Riqueza",82943.19,"Produto Interno Bruto per capita (R$ de 2024)"
3520301,"Iguape",50487.49805,2020,"Riqueza",73338.7,"Produto Interno Bruto per capita (R$ de 2024)"
3520301,"Iguape",80074.65828,2022,"Riqueza",63120.7,"Produto Interno Bruto per capita (R$ de 2024)"
3520301,"Iguape",70295.5228,2024,"Riqueza",82440.92,"Produto Interno Bruto per capita (R$ de 2024)"
3520400,"Ilhabela",732026.5279,2014,"Riqueza",90454.96,"Produto Interno Bruto per capita (R$ de 2024)"
3520400,"Ilhabela",168568.2347,2016,"Riqueza",82888.73,"Produto Interno Bruto per capita (R$ de 2024)"
3520400,"Ilhabela",732026.5279,2018,"Riqueza",82943.19,"Produto Interno Bruto per capita (R$ de 2024)"
3520400,"Ilhabela",442328.4151,2020,"Riqueza",73338.7,"Produto Interno Bruto per capita (R$ de 2024)"
3520400,"Ilhabela",699604.519,2022,"Riqueza",63120.7,"Produto Interno Bruto per capita (R$ de 2024)"
3520400,"Ilhabela",443885.5,2024,"Riqueza",82440.92,"Produto Interno Bruto per capita (R$ de 2024)"
3520426,"Ilha Comprida",220502.4235,2014,"Riqueza",90454.96,"Produto Interno Bruto per capita (R$ de 2024)"
3520426,"Ilha Comprida",100177.1348,2016,"Riqueza",82888.73,"Produto Interno Bruto per capita (R$ de 2024)"
3520426,"Ilha Comprida",220502.4235,2018,"Riqueza",82943.19,"Produto Interno Bruto per capita (R$ de 2024)"
3520426,"Ilha Comprida",102837.6409,2020,"Riqueza",73338.7,"Produto Interno Bruto per capita (R$ de 2024)"
3520426,"Ilha Comprida",168366.3736,2022,"Riqueza",63120.7,"Produto Interno Bruto per capita (R$ de 2024)"
3520426,"Ilha Comprida",214157.8048,2024,"Riqueza",82440.92,"Produto Interno Bruto per capita (R$ de 2024)"
3520442,"Ilha Solteira",40254.33262,2014,"Riqueza",90454.96,"Produto Interno Bruto per capita (R$ de 2024)"
3520442,"Ilha Solteira",39256.48772,2016,"Riqueza",82888.73,"Produto Interno Bruto per capita (R$ de 2024)"
3520442,"Ilha Solteira",40254.33262,2018,"Riqueza",82943.19,"Produto Interno Bruto per capita (R$ de 2024)"
3520442,"Ilha Solteira",36279.84532,2020,"Riqueza",73338.7,"Produto Interno Bruto per capita (R$ de 2024)"
3520442,"Ilha Solteira",29509.79682,2022,"Riqueza",63120.7,"Produto Interno Bruto per capita (R$ de 2024)"
3520442,"Ilha Solteira",38734.23494,2024,"Riqueza",82440.92,"Produto Interno Bruto per capita (R$ de 2024)"
3520509,"Indaiatuba",109103.615,2014,"Riqueza",90454.96,"Produto Interno Bruto per capita (R$ de 2024)"
3520509,"Indaiatuba",90272.99884,2016,"Riqueza",82888.73,"Produto Interno Bruto per capita (R$ de 2024)"
3520509,"Indaiatuba",109103.615,2018,"Riqueza",82943.19,"Produto Interno Bruto per capita (R$ de 2024)"
3520509,"Indaiatuba",104002.8992,2020,"Riqueza",73338.7,"Produto Interno Bruto per capita (R$ de 2024)"
3520509,"Indaiatuba",103341.4317,2022,"Riqueza",63120.7,"Produto Interno Bruto per capita (R$ de 2024)"
3520509,"Indaiatuba",115063.7542,2024,"Riqueza",82440.92,"Produto Interno Bruto per capita (R$ de 2024)"
3520608,"Indiana",22122.92098,2014,"Riqueza",90454.96,"Produto Interno Bruto per capita (R$ de 2024)"
3520608,"Indiana",22069.92562,2016,"Riqueza",82888.73,"Produto Interno Bruto per capita (R$ de 2024)"
3520608,"Indiana",22122.92098,2018,"Riqueza",82943.19,"Produto Interno Bruto per capita (R$ de 2024)"
3520608,"Indiana",24233.15001,2020,"Riqueza",73338.7,"Produto Interno Bruto per capita (R$ de 2024)"
3520608,"Indiana",17398.65642,2022,"Riqueza",63120.7,"Produto Interno Bruto per capita (R$ de 2024)"
3520608,"Indiana",21026.27451,2024,"Riqueza",82440.92,"Produto Interno Bruto per capita (R$ de 2024)"
3520707,"Indiaporã",40860.771,2014,"Riqueza",90454.96,"Produto Interno Bruto per capita (R$ de 2024)"
3520707,"Indiaporã",33100.52875,2016,"Riqueza",82888.73,"Produto Interno Bruto per capita (R$ de 2024)"
3520707,"Indiaporã",40860.771,2018,"Riqueza",82943.19,"Produto Interno Bruto per capita (R$ de 2024)"
3520707,"Indiaporã",37416.58159,2020,"Riqueza",73338.7,"Produto Interno Bruto per capita (R$ de 2024)"
3520707,"Indiaporã",29490.1279,2022,"Riqueza",63120.7,"Produto Interno Bruto per capita (R$ de 2024)"
3520707,"Indiaporã",44182.0197,2024,"Riqueza",82440.92,"Produto Interno Bruto per capita (R$ de 2024)"
3520806,"Inúbia Paulista",59403.0364,2014,"Riqueza",90454.96,"Produto Interno Bruto per capita (R$ de 2024)"
3520806,"Inúbia Paulista",57678.64043,2016,"Riqueza",82888.73,"Produto Interno Bruto per capita (R$ de 2024)"
3520806,"Inúbia Paulista",59403.0364,2018,"Riqueza",82943.19,"Produto Interno Bruto per capita (R$ de 2024)"
3520806,"Inúbia Paulista",44486.61341,2020,"Riqueza",73338.7,"Produto Interno Bruto per capita (R$ de 2024)"
3520806,"Inúbia Paulista",43556.93781,2022,"Riqueza",63120.7,"Produto Interno Bruto per capita (R$ de 2024)"
3520806,"Inúbia Paulista",52877.0903,2024,"Riqueza",82440.92,"Produto Interno Bruto per capita (R$ de 2024)"
3520905,"Ipaussu",42958.36154,2014,"Riqueza",90454.96,"Produto Interno Bruto per capita (R$ de 2024)"
3520905,"Ipaussu",45784.2626,2016,"Riqueza",82888.73,"Produto Interno Bruto per capita (R$ de 2024)"
3520905,"Ipaussu",42958.36154,2018,"Riqueza",82943.19,"Produto Interno Bruto per capita (R$ de 2024)"
3520905,"Ipaussu",42582.10285,2020,"Riqueza",73338.7,"Produto Interno Bruto per capita (R$ de 2024)"
3520905,"Ipaussu",41764.5743,2022,"Riqueza",63120.7,"Produto Interno Bruto per capita (R$ de 2024)"
3520905,"Ipaussu",53298.4113,2024,"Riqueza",82440.92,"Produto Interno Bruto per capita (R$ de 2024)"
3521002,"Iperó",32244.49698,2014,"Riqueza",90454.96,"Produto Interno Bruto per capita (R$ de 2024)"
3521002,"Iperó",26195.23725,2016,"Riqueza",82888.73,"Produto Interno Bruto per capita (R$ de 2024)"
3521002,"Iperó",32244.49698,2018,"Riqueza",82943.19,"Produto Interno Bruto per capita (R$ de 2024)"
3521002,"Iperó",31920.88592,2020,"Riqueza",73338.7,"Produto Interno Bruto per capita (R$ de 2024)"
3521002,"Iperó",30696.74997,2022,"Riqueza",63120.7,"Produto Interno Bruto per capita (R$ de 2024)"
3521002,"Iperó",36832.62909,2024,"Riqueza",82440.92,"Produto Interno Bruto per capita (R$ de 2024)"
3521101,"Ipeúna",158663.4005,2014,"Riqueza",90454.96,"Produto Interno Bruto per capita (R$ de 2024)"
3521101,"Ipeúna",167847.9719,2016,"Riqueza",82888.73,"Produto Interno Bruto per capita (R$ de 2024)"
3521101,"Ipeúna",158663.4005,2018,"Riqueza",82943.19,"Produto Interno Bruto per capita (R$ de 2024)"
3521101,"Ipeúna",166363.9453,2020,"Riqueza",73338.7,"Produto Interno Bruto per capita (R$ de 2024)"
3521101,"Ipeúna",141541.6444,2022,"Riqueza",63120.7,"Produto Interno Bruto per capita (R$ de 2024)"
3521101,"Ipeúna",164053.2639,2024,"Riqueza",82440.92,"Produto Interno Bruto per capita (R$ de 2024)"
3521150,"Ipiguá",34899.09339,2014,"Riqueza",90454.96,"Produto Interno Bruto per capita (R$ de 2024)"
3521150,"Ipiguá",30568.10923,2016,"Riqueza",82888.73,"Produto Interno Bruto per capita (R$ de 2024)"
3521150,"Ipiguá",34899.09339,2018,"Riqueza",82943.19,"Produto Interno Bruto per capita (R$ de 2024)"
3521150,"Ipiguá",29787.89022,2020,"Riqueza",73338.7,"Produto Interno Bruto per capita (R$ de 2024)"
3521150,"Ipiguá",21253.86298,2022,"Riqueza",63120.7,"Produto Interno Bruto per capita (R$ de 2024)"
3521150,"Ipiguá",26080.5614,2024,"Riqueza",82440.92,"Produto Interno Bruto per capita (R$ de 2024)"
3521200,"Iporanga",19323.5208,2014,"Riqueza",90454.96,"Produto Interno Bruto per capita (R$ de 2024)"
3521200,"Iporanga",17757.51171,2016,"Riqueza",82888.73,"Produto Interno Bruto per capita (R$ de 2024)"
3521200,"Iporanga",19323.5208,2018,"Riqueza",82943.19,"Produto Interno Bruto per capita (R$ de 2024)"
3521200,"Iporanga",19836.09466,2020,"Riqueza",73338.7,"Produto Interno Bruto per capita (R$ de 2024)"
3521200,"Iporanga",15874.50635,2022,"Riqueza",63120.7,"Produto Interno Bruto per capita (R$ de 2024)"
3521200,"Iporanga",19038.30746,2024,"Riqueza",82440.92,"Produto Interno Bruto per capita (R$ de 2024)"
3521309,"Ipuã",38152.25128,2014,"Riqueza",90454.96,"Produto Interno Bruto per capita (R$ de 2024)"
3521309,"Ipuã",41029.22069,2016,"Riqueza",82888.73,"Produto Interno Bruto per capita (R$ de 2024)"
3521309,"Ipuã",38152.25128,2018,"Riqueza",82943.19,"Produto Interno Bruto per capita (R$ de 2024)"
3521309,"Ipuã",38649.13852,2020,"Riqueza",73338.7,"Produto Interno Bruto per capita (R$ de 2024)"
3521309,"Ipuã",34404.15024,2022,"Riqueza",63120.7,"Produto Interno Bruto per capita (R$ de 2024)"
3521309,"Ipuã",43938.58858,2024,"Riqueza",82440.92,"Produto Interno Bruto per capita (R$ de 2024)"
3521408,"Iracemápolis",142974.5358,2014,"Riqueza",90454.96,"Produto Interno Bruto per capita (R$ de 2024)"
3521408,"Iracemápolis",91871.41178,2016,"Riqueza",82888.73,"Produto Interno Bruto per capita (R$ de 2024)"
3521408,"Iracemápolis",142974.5358,2018,"Riqueza",82943.19,"Produto Interno Bruto per capita (R$ de 2024)"
3521408,"Iracemápolis",120355.0997,2020,"Riqueza",73338.7,"Produto Interno Bruto per capita (R$ de 2024)"
3521408,"Iracemápolis",94586.74116,2022,"Riqueza",63120.7,"Produto Interno Bruto per capita (R$ de 2024)"
3521408,"Iracemápolis",116416.7456,2024,"Riqueza",82440.92,"Produto Interno Bruto per capita (R$ de 2024)"
3521507,"Irapuã",33835.18435,2014,"Riqueza",90454.96,"Produto Interno Bruto per capita (R$ de 2024)"
3521507,"Irapuã",34015.02828,2016,"Riqueza",82888.73,"Produto Interno Bruto per capita (R$ de 2024)"
3521507,"Irapuã",33835.18435,2018,"Riqueza",82943.19,"Produto Interno Bruto per capita (R$ de 2024)"
3521507,"Irapuã",30986.51778,2020,"Riqueza",73338.7,"Produto Interno Bruto per capita (R$ de 2024)"
3521507,"Irapuã",28512.03809,2022,"Riqueza",63120.7,"Produto Interno Bruto per capita (R$ de 2024)"
3521507,"Irapuã",44652.57732,2024,"Riqueza",82440.92,"Produto Interno Bruto per capita (R$ de 2024)"
3521606,"Irapuru",19593.02137,2014,"Riqueza",90454.96,"Produto Interno Bruto per capita (R$ de 2024)"
3521606,"Irapuru",19751.77871,2016,"Riqueza",82888.73,"Produto Interno Bruto per capita (R$ de 2024)"
3521606,"Irapuru",19593.02137,2018,"Riqueza",82943.19,"Produto Interno Bruto per capita (R$ de 2024)"
3521606,"Irapuru",19592.47491,2020,"Riqueza",73338.7,"Produto Interno Bruto per capita (R$ de 2024)"
3521606,"Irapuru",19204.67536,2022,"Riqueza",63120.7,"Produto Interno Bruto per capita (R$ de 2024)"
3521606,"Irapuru",21971.40394,2024,"Riqueza",82440.92,"Produto Interno Bruto per capita (R$ de 2024)"
3521705,"Itaberá",48799.10716,2014,"Riqueza",90454.96,"Produto Interno Bruto per capita (R$ de 2024)"
3521705,"Itaberá",57720.42501,2016,"Riqueza",82888.73,"Produto Interno Bruto per capita (R$ de 2024)"
3521705,"Itaberá",48799.10716,2018,"Riqueza",82943.19,"Produto Interno Bruto per capita (R$ de 2024)"
3521705,"Itaberá",61734.98217,2020,"Riqueza",73338.7,"Produto Interno Bruto per capita (R$ de 2024)"
3521705,"Itaberá",65723.86054,2022,"Riqueza",63120.7,"Produto Interno Bruto per capita (R$ de 2024)"
3521705,"Itaberá",63297.54276,2024,"Riqueza",82440.92,"Produto Interno Bruto per capita (R$ de 2024)"
3521804,"Itaí",38157.50974,2014,"Riqueza",90454.96,"Produto Interno Bruto per capita (R$ de 2024)"
3521804,"Itaí",53311.32452,2016,"Riqueza",82888.73,"Produto Interno Bruto per capita (R$ de 2024)"
3521804,"Itaí",38157.50974,2018,"Riqueza",82943.19,"Produto Interno Bruto per capita (R$ de 2024)"
3521804,"Itaí",47028.71179,2020,"Riqueza",73338.7,"Produto Interno Bruto per capita (R$ de 2024)"
3521804,"Itaí",38845.3533,2022,"Riqueza",63120.7,"Produto Interno Bruto per capita (R$ de 2024)"
3521804,"Itaí",46008.5098,2024,"Riqueza",82440.92,"Produto Interno Bruto per capita (R$ de 2024)"
3521903,"Itajobi",180620.4905,2014,"Riqueza",90454.96,"Produto Interno Bruto per capita (R$ de 2024)"
3521903,"Itajobi",67615.96134,2016,"Riqueza",82888.73,"Produto Interno Bruto per capita (R$ de 2024)"
3521903,"Itajobi",180620.4905,2018,"Riqueza",82943.19,"Produto Interno Bruto per capita (R$ de 2024)"
3521903,"Itajobi",86243.72653,2020,"Riqueza",73338.7,"Produto Interno Bruto per capita (R$ de 2024)"
3521903,"Itajobi",60108.86926,2022,"Riqueza",63120.7,"Produto Interno Bruto per capita (R$ de 2024)"
3521903,"Itajobi",78753.17,2024,"Riqueza",82440.92,"Produto Interno Bruto per capita (R$ de 2024)"
3522000,"Itaju",40297.47655,2014,"Riqueza",90454.96,"Produto Interno Bruto per capita (R$ de 2024)"
3522000,"Itaju",47236.18313,2016,"Riqueza",82888.73,"Produto Interno Bruto per capita (R$ de 2024)"
3522000,"Itaju",40297.47655,2018,"Riqueza",82943.19,"Produto Interno Bruto per capita (R$ de 2024)"
3522000,"Itaju",36348.51439,2020,"Riqueza",73338.7,"Produto Interno Bruto per capita (R$ de 2024)"
3522000,"Itaju",91772.62382,2022,"Riqueza",63120.7,"Produto Interno Bruto per capita (R$ de 2024)"
3522000,"Itaju",89868.31387,2024,"Riqueza",82440.92,"Produto Interno Bruto per capita (R$ de 2024)"
3522109,"Itanhaém",32290.13625,2014,"Riqueza",90454.96,"Produto Interno Bruto per capita (R$ de 2024)"
3522109,"Itanhaém",30050.07305,2016,"Riqueza",82888.73,"Produto Interno Bruto per capita (R$ de 2024)"
3522109,"Itanhaém",32290.13625,2018,"Riqueza",82943.19,"Produto Interno Bruto per capita (R$ de 2024)"
3522109,"Itanhaém",30616.06891,2020,"Riqueza",73338.7,"Produto Interno Bruto per capita (R$ de 2024)"
3522109,"Itanhaém",22776.60042,2022,"Riqueza",63120.7,"Produto Interno Bruto per capita (R$ de 2024)"
3522109,"Itanhaém",27386.64446,2024,"Riqueza",82440.92,"Produto Interno Bruto per capita (R$ de 2024)"
3522158,"Itaoca",21397.19945,2014,"Riqueza",90454.96,"Produto Interno Bruto per capita (R$ de 2024)"
3522158,"Itaoca",19873.14701,2016,"Riqueza",82888.73,"Produto Interno Bruto per capita (R$ de 2024)"
3522158,"Itaoca",21397.19945,2018,"Riqueza",82943.19,"Produto Interno Bruto per capita (R$ de 2024)"
3522158,"Itaoca",20965.91381,2020,"Riqueza",73338.7,"Produto Interno Bruto per capita (R$ de 2024)"
3522158,"Itaoca",16216.29432,2022,"Riqueza",63120.7,"Produto Interno Bruto per capita (R$ de 2024)"
3522158,"Itaoca",21179.04817,2024,"Riqueza",82440.92,"Produto Interno Bruto per capita (R$ de 2024)"
3522208,"Itapecerica da Serra",36353.71114,2014,"Riqueza",90454.96,"Produto Interno Bruto per capita (R$ de 2024)"
3522208,"Itapecerica da Serra",41712.2012,2016,"Riqueza",82888.73,"Produto Interno Bruto per capita (R$ de 2024)"
3522208,"Itapecerica da Serra",36353.71114,2018,"Riqueza",82943.19,"Produto Interno Bruto per capita (R$ de 2024)"
3522208,"Itapecerica da Serra",35160.98993,2020,"Riqueza",73338.7,"Produto Interno Bruto per capita (R$ de 2024)"
3522208,"Itapecerica da Serra",32648.64265,2022,"Riqueza",63120.7,"Produto Interno Bruto per capita (R$ de 2024)"
3522208,"Itapecerica da Serra",42250.36727,2024,"Riqueza",82440.92,"Produto Interno Bruto per capita (R$ de 2024)"
3522307,"Itapetininga",49993.19692,2014,"Riqueza",90454.96,"Produto Interno Bruto per capita (R$ de 2024)"
3522307,"Itapetininga",53320.6449,2016,"Riqueza",82888.73,"Produto Interno Bruto per capita (R$ de 2024)"
3522307,"Itapetininga",49993.19692,2018,"Riqueza",82943.19,"Produto Interno Bruto per capita (R$ de 2024)"
3522307,"Itapetininga",45847.44663,2020,"Riqueza",73338.7,"Produto Interno Bruto per capita (R$ de 2024)"
3522307,"Itapetininga",45071.35642,2022,"Riqueza",63120.7,"Produto Interno Bruto per capita (R$ de 2024)"
3522307,"Itapetininga",53690.03461,2024,"Riqueza",82440.92,"Produto Interno Bruto per capita (R$ de 2024)"
3522406,"Itapeva",45828.05553,2014,"Riqueza",90454.96,"Produto Interno Bruto per capita (R$ de 2024)"
3522406,"Itapeva",47222.54411,2016,"Riqueza",82888.73,"Produto Interno Bruto per capita (R$ de 2024)"
3522406,"Itapeva",45828.05553,2018,"Riqueza",82943.19,"Produto Interno Bruto per capita (R$ de 2024)"
3522406,"Itapeva",61741.46135,2020,"Riqueza",73338.7,"Produto Interno Bruto per capita (R$ de 2024)"
3522406,"Itapeva",45882.95201,2022,"Riqueza",63120.7,"Produto Interno Bruto per capita (R$ de 2024)"
3522406,"Itapeva",54633.56256,2024,"Riqueza",82440.92,"Produto Interno Bruto per capita (R$ de 2024)"
3522505,"Itapevi",87364.18787,2014,"Riqueza",90454.96,"Produto Interno Bruto per capita (R$ de 2024)"
3522505,"Itapevi",96278.72131,2016,"Riqueza",82888.73,"Produto Interno Bruto per capita (R$ de 2024)"
3522505,"Itapevi",87364.18787,2018,"Riqueza",82943.19,"Produto Interno Bruto per capita (R$ de 2024)"
3522505,"Itapevi",72892.13983,2020,"Riqueza",73338.7,"Produto Interno Bruto per capita (R$ de 2024)"
3522505,"Itapevi",63359.1952,2022,"Riqueza",63120.7,"Produto Interno Bruto per capita (R$ de 2024)"
3522505,"Itapevi",71131.06609,2024,"Riqueza",82440.92,"Produto Interno Bruto per capita (R$ de 2024)"
3522604,"Itapira",90756.8312,2014,"Riqueza",90454.96,"Produto Interno Bruto per capita (R$ de 2024)"
3522604,"Itapira",85736.01003,2016,"Riqueza",82888.73,"Produto Interno Bruto per capita (R$ de 2024)"
3522604,"Itapira",90756.8312,2018,"Riqueza",82943.19,"Produto Interno Bruto per capita (R$ de 2024)"
3522604,"Itapira",79589.35468,2020,"Riqueza",73338.7,"Produto Interno Bruto per capita (R$ de 2024)"
3522604,"Itapira",74876.39306,2022,"Riqueza",63120.7,"Produto Interno Bruto per capita (R$ de 2024)"
3522604,"Itapira",94573.82652,2024,"Riqueza",82440.92,"Produto Interno Bruto per capita (R$ de 2024)"
3522653,"Itapirapuã Paulista",16915.76501,2014,"Riqueza",90454.96,"Produto Interno Bruto per capita (R$ de 2024)"
3522653,"Itapirapuã Paulista",14680.06564,2016,"Riqueza",82888.73,"Produto Interno Bruto per capita (R$ de 2024)"
3522653,"Itapirapuã Paulista",16915.76501,2018,"Riqueza",82943.19,"Produto Interno Bruto per capita (R$ de 2024)"
3522653,"Itapirapuã Paulista",16041.21946,2020,"Riqueza",73338.7,"Produto Interno Bruto per capita (R$ de 2024)"
3522653,"Itapirapuã Paulista",14418.71192,2022,"Riqueza",63120.7,"Produto Interno Bruto per capita (R$ de 2024)"
3522653,"Itapirapuã Paulista",18883.95904,2024,"Riqueza",82440.92,"Produto Interno Bruto per capita (R$ de 2024)"
3522703,"Itápolis",52356.4575,2014,"Riqueza",90454.96,"Produto Interno Bruto per capita (R$ de 2024)"
3522703,"Itápolis",50703.35952,2016,"Riqueza",82888.73,"Produto Interno Bruto per capita (R$ de 2024)"
3522703,"Itápolis",52356.4575,2018,"Riqueza",82943.19,"Produto Interno Bruto per capita (R$ de 2024)"
3522703,"Itápolis",51859.17439,2020,"Riqueza",73338.7,"Produto Interno Bruto per capita (R$ de 2024)"
3522703,"Itápolis",49008.83891,2022,"Riqueza",63120.7,"Produto Interno Bruto per capita (R$ de 2024)"
3522703,"Itápolis",69045.74864,2024,"Riqueza",82440.92,"Produto Interno Bruto per capita (R$ de 2024)"
3522802,"Itaporanga",36172.59212,2014,"Riqueza",90454.96,"Produto Interno Bruto per capita (R$ de 2024)"
3522802,"Itaporanga",33832.75432,2016,"Riqueza",82888.73,"Produto Interno Bruto per capita (R$ de 2024)"
3522802,"Itaporanga",36172.59212,2018,"Riqueza",82943.19,"Produto Interno Bruto per capita (R$ de 2024)"
3522802,"Itaporanga",36227.71173,2020,"Riqueza",73338.7,"Produto Interno Bruto per capita (R$ de 2024)"
3522802,"Itaporanga",25588.78521,2022,"Riqueza",63120.7,"Produto Interno Bruto per capita (R$ de 2024)"
3522802,"Itaporanga",31454.07577,2024,"Riqueza",82440.92,"Produto Interno Bruto per capita (R$ de 2024)"
3522901,"Itapuí",81561.07456,2014,"Riqueza",90454.96,"Produto Interno Bruto per capita (R$ de 2024)"
3522901,"Itapuí",81766.71901,2016,"Riqueza",82888.73,"Produto Interno Bruto per capita (R$ de 2024)"
3522901,"Itapuí",81561.07456,2018,"Riqueza",82943.19,"Produto Interno Bruto per capita (R$ de 2024)"
3522901,"Itapuí",87088.14424,2020,"Riqueza",73338.7,"Produto Interno Bruto per capita (R$ de 2024)"
3522901,"Itapuí",88755.19556,2022,"Riqueza",63120.7,"Produto Interno Bruto per capita (R$ de 2024)"
3522901,"Itapuí",101426.9452,2024,"Riqueza",82440.92,"Produto Interno Bruto per capita (R$ de 2024)"
3523008,"Itapura",31442.65679,2014,"Riqueza",90454.96,"Produto Interno Bruto per capita (R$ de 2024)"
3523008,"Itapura",37419.95628,2016,"Riqueza",82888.73,"Produto Interno Bruto per capita (R$ de 2024)"
3523008,"Itapura",31442.65679,2018,"Riqueza",82943.19,"Produto Interno Bruto per capita (R$ de 2024)"
3523008,"Itapura",30011.70527,2020,"Riqueza",73338.7,"Produto Interno Bruto per capita (R$ de 2024)"
3523008,"Itapura",33627.22296,2022,"Riqueza",63120.7,"Produto Interno Bruto per capita (R$ de 2024)"
3523008,"Itapura",57910.07472,2024,"Riqueza",82440.92,"Produto Interno Bruto per capita (R$ de 2024)"
3523107,"Itaquaquecetuba",33028.8248,2014,"Riqueza",90454.96,"Produto Interno Bruto per capita (R$ de 2024)"
3523107,"Itaquaquecetuba",32731.96962,2016,"Riqueza",82888.73,"Produto Interno Bruto per capita (R$ de 2024)"
3523107,"Itaquaquecetuba",33028.8248,2018,"Riqueza",82943.19,"Produto Interno Bruto per capita (R$ de 2024)"
3523107,"Itaquaquecetuba",28504.99996,2020,"Riqueza",73338.7,"Produto Interno Bruto per capita (R$ de 2024)"
3523107,"Itaquaquecetuba",28572.81064,2022,"Riqueza",63120.7,"Produto Interno Bruto per capita (R$ de 2024)"
3523107,"Itaquaquecetuba",34313.99534,2024,"Riqueza",82440.92,"Produto Interno Bruto per capita (R$ de 2024)"
3523206,"Itararé",29753.01846,2014,"Riqueza",90454.96,"Produto Interno Bruto per capita (R$ de 2024)"
3523206,"Itararé",33564.07246,2016,"Riqueza",82888.73,"Produto Interno Bruto per capita (R$ de 2024)"
3523206,"Itararé",29753.01846,2018,"Riqueza",82943.19,"Produto Interno Bruto per capita (R$ de 2024)"
3523206,"Itararé",31015.40408,2020,"Riqueza",73338.7,"Produto Interno Bruto per capita (R$ de 2024)"
3523206,"Itararé",28794.08354,2022,"Riqueza",63120.7,"Produto Interno Bruto per capita (R$ de 2024)"
3523206,"Itararé",34558.83363,2024,"Riqueza",82440.92,"Produto Interno Bruto per capita (R$ de 2024)"
3523305,"Itariri",26971.6716,2014,"Riqueza",90454.96,"Produto Interno Bruto per capita (R$ de 2024)"
3523305,"Itariri",24700.71498,2016,"Riqueza",82888.73,"Produto Interno Bruto per capita (R$ de 2024)"
3523305,"Itariri",26971.6716,2018,"Riqueza",82943.19,"Produto Interno Bruto per capita (R$ de 2024)"
3523305,"Itariri",28483.17559,2020,"Riqueza",73338.7,"Produto Interno Bruto per capita (R$ de 2024)"
3523305,"Itariri",20666.41461,2022,"Riqueza",63120.7,"Produto Interno Bruto per capita (R$ de 2024)"
3523305,"Itariri",27794.88174,2024,"Riqueza",82440.92,"Produto Interno Bruto per capita (R$ de 2024)"
3523404,"Itatiba",86981.973,2014,"Riqueza",90454.96,"Produto Interno Bruto per capita (R$ de 2024)"
3523404,"Itatiba",80779.75776,2016,"Riqueza",82888.73,"Produto Interno Bruto per capita (R$ de 2024)"
3523404,"Itatiba",86981.973,2018,"Riqueza",82943.19,"Produto Interno Bruto per capita (R$ de 2024)"
3523404,"Itatiba",83626.82042,2020,"Riqueza",73338.7,"Produto Interno Bruto per capita (R$ de 2024)"
3523404,"Itatiba",72380.25496,2022,"Riqueza",63120.7,"Produto Interno Bruto per capita (R$ de 2024)"
3523404,"Itatiba",89218.65293,2024,"Riqueza",82440.92,"Produto Interno Bruto per capita (R$ de 2024)"
3523503,"Itatinga",33815.60204,2014,"Riqueza",90454.96,"Produto Interno Bruto per capita (R$ de 2024)"
3523503,"Itatinga",23978.23612,2016,"Riqueza",82888.73,"Produto Interno Bruto per capita (R$ de 2024)"
3523503,"Itatinga",33815.60204,2018,"Riqueza",82943.19,"Produto Interno Bruto per capita (R$ de 2024)"
3523503,"Itatinga",28658.82583,2020,"Riqueza",73338.7,"Produto Interno Bruto per capita (R$ de 2024)"
3523503,"Itatinga",22225.38995,2022,"Riqueza",63120.7,"Produto Interno Bruto per capita (R$ de 2024)"
3523503,"Itatinga",33773.87618,2024,"Riqueza",82440.92,"Produto Interno Bruto per capita (R$ de 2024)"
3523602,"Itirapina",40305.14231,2014,"Riqueza",90454.96,"Produto Interno Bruto per capita (R$ de 2024)"
3523602,"Itirapina",43171.0137,2016,"Riqueza",82888.73,"Produto Interno Bruto per capita (R$ de 2024)"
3523602,"Itirapina",40305.14231,2018,"Riqueza",82943.19,"Produto Interno Bruto per capita (R$ de 2024)"
3523602,"Itirapina",56645.54131,2020,"Riqueza",73338.7,"Produto Interno Bruto per capita (R$ de 2024)"
3523602,"Itirapina",105411.9364,2022,"Riqueza",63120.7,"Produto Interno Bruto per capita (R$ de 2024)"
3523602,"Itirapina",104054.688,2024,"Riqueza",82440.92,"Produto Interno Bruto per capita (R$ de 2024)"
3523701,"Itirapuã",26227.31071,2014,"Riqueza",90454.96,"Produto Interno Bruto per capita (R$ de 2024)"
3523701,"Itirapuã",22410.0393,2016,"Riqueza",82888.73,"Produto Interno Bruto per capita (R$ de 2024)"
3523701,"Itirapuã",26227.31071,2018,"Riqueza",82943.19,"Produto Interno Bruto per capita (R$ de 2024)"
3523701,"Itirapuã",29060.93419,2020,"Riqueza",73338.7,"Produto Interno Bruto per capita (R$ de 2024)"
3523701,"Itirapuã",32042.7516,2022,"Riqueza",63120.7,"Produto Interno Bruto per capita (R$ de 2024)"
3523701,"Itirapuã",35906.4307,2024,"Riqueza",82440.92,"Produto Interno Bruto per capita (R$ de 2024)"
3523800,"Itobi",27121.71565,2014,"Riqueza",90454.96,"Produto Interno Bruto per capita (R$ de 2024)"
3523800,"Itobi",29620.77158,2016,"Riqueza",82888.73,"Produto Interno Bruto per capita (R$ de 2024)"
3523800,"Itobi",27121.71565,2018,"Riqueza",82943.19,"Produto Interno Bruto per capita (R$ de 2024)"
3523800,"Itobi",28565.37971,2020,"Riqueza",73338.7,"Produto Interno Bruto per capita (R$ de 2024)"
3523800,"Itobi",30584.23001,2022,"Riqueza",63120.7,"Produto Interno Bruto per capita (R$ de 2024)"
3523800,"Itobi",33429.88221,2024,"Riqueza",82440.92,"Produto Interno Bruto per capita (R$ de 2024)"
3523909,"Itu",77526.46515,2014,"Riqueza",90454.96,"Produto Interno Bruto per capita (R$ de 2024)"
3523909,"Itu",82284.96374,2016,"Riqueza",82888.73,"Produto Interno Bruto per capita (R$ de 2024)"
3523909,"Itu",77526.46515,2018,"Riqueza",82943.19,"Produto Interno Bruto per capita (R$ de 2024)"
3523909,"Itu",74693.8716,2020,"Riqueza",73338.7,"Produto Interno Bruto per capita (R$ de 2024)"
3523909,"Itu",68705.62969,2022,"Riqueza",63120.7,"Produto Interno Bruto per capita (R$ de 2024)"
3523909,"Itu",88713.15009,2024,"Riqueza",82440.92,"Produto Interno Bruto per capita (R$ de 2024)"
3524006,"Itupeva",196204.3773,2014,"Riqueza",90454.96,"Produto Interno Bruto per capita (R$ de 2024)"
3524006,"Itupeva",154296.273,2016,"Riqueza",82888.73,"Produto Interno Bruto per capita (R$ de 2024)"
3524006,"Itupeva",196204.3773,2018,"Riqueza",82943.19,"Produto Interno Bruto per capita (R$ de 2024)"
3524006,"Itupeva",197803.1095,2020,"Riqueza",73338.7,"Produto Interno Bruto per capita (R$ de 2024)"
3524006,"Itupeva",131688.1626,2022,"Riqueza",63120.7,"Produto Interno Bruto per capita (R$ de 2024)"
3524006,"Itupeva",151268.4839,2024,"Riqueza",82440.92,"Produto Interno Bruto per capita (R$ de 2024)"
3524105,"Ituverava",62970.14141,2014,"Riqueza",90454.96,"Produto Interno Bruto per capita (R$ de 2024)"
3524105,"Ituverava",55415.13071,2016,"Riqueza",82888.73,"Produto Interno Bruto per capita (R$ de 2024)"
3524105,"Ituverava",62970.14141,2018,"Riqueza",82943.19,"Produto Interno Bruto per capita (R$ de 2024)"
3524105,"Ituverava",61891.94271,2020,"Riqueza",73338.7,"Produto Interno Bruto per capita (R$ de 2024)"
3524105,"Ituverava",57666.03835,2022,"Riqueza",63120.7,"Produto Interno Bruto per capita (R$ de 2024)"
3524105,"Ituverava",63880.19632,2024,"Riqueza",82440.92,"Produto Interno Bruto per capita (R$ de 2024)"
3524204,"Jaborandi",34145.36834,2014,"Riqueza",90454.96,"Produto Interno Bruto per capita (R$ de 2024)"
3524204,"Jaborandi",37442.91179,2016,"Riqueza",82888.73,"Produto Interno Bruto per capita (R$ de 2024)"
3524204,"Jaborandi",34145.36834,2018,"Riqueza",82943.19,"Produto Interno Bruto per capita (R$ de 2024)"
3524204,"Jaborandi",31622.23857,2020,"Riqueza",73338.7,"Produto Interno Bruto per capita (R$ de 2024)"
3524204,"Jaborandi",27580.4768,2022,"Riqueza",63120.7,"Produto Interno Bruto per capita (R$ de 2024)"
3524204,"Jaborandi",43423.14618,2024,"Riqueza",82440.92,"Produto Interno Bruto per capita (R$ de 2024)"
3524303,"Jaboticabal",65047.27532,2014,"Riqueza",90454.96,"Produto Interno Bruto per capita (R$ de 2024)"
3524303,"Jaboticabal",64183.60314,2016,"Riqueza",82888.73,"Produto Interno Bruto per capita (R$ de 2024)"
3524303,"Jaboticabal",65047.27532,2018,"Riqueza",82943.19,"Produto Interno Bruto per capita (R$ de 2024)"
3524303,"Jaboticabal",58811.91967,2020,"Riqueza",73338.7,"Produto Interno Bruto per capita (R$ de 2024)"
3524303,"Jaboticabal",52956.81804,2022,"Riqueza",63120.7,"Produto Interno Bruto per capita (R$ de 2024)"
3524303,"Jaboticabal",62422.26606,2024,"Riqueza",82440.92,"Produto Interno Bruto per capita (R$ de 2024)"
3524402,"Jacareí",93304.64549,2014,"Riqueza",90454.96,"Produto Interno Bruto per capita (R$ de 2024)"
3524402,"Jacareí",79409.89029,2016,"Riqueza",82888.73,"Produto Interno Bruto per capita (R$ de 2024)"
3524402,"Jacareí",93304.64549,2018,"Riqueza",82943.19,"Produto Interno Bruto per capita (R$ de 2024)"
3524402,"Jacareí",85262.9714,2020,"Riqueza",73338.7,"Produto Interno Bruto per capita (R$ de 2024)"
3524402,"Jacareí",72517.9276,2022,"Riqueza",63120.7,"Produto Interno Bruto per capita (R$ de 2024)"
3524402,"Jacareí",86827.44742,2024,"Riqueza",82440.92,"Produto Interno Bruto per capita (R$ de 2024)"
3524501,"Jaci",96694.69345,2014,"Riqueza",90454.96,"Produto Interno Bruto per capita (R$ de 2024)"
3524501,"Jaci",105844.0327,2016,"Riqueza",82888.73,"Produto Interno Bruto per capita (R$ de 2024)"
3524501,"Jaci",96694.69345,2018,"Riqueza",82943.19,"Produto Interno Bruto per capita (R$ de 2024)"
3524501,"Jaci",110507.1224,2020,"Riqueza",73338.7,"Produto Interno Bruto per capita (R$ de 2024)"
3524501,"Jaci",91952.77347,2022,"Riqueza",63120.7,"Produto Interno Bruto per capita (R$ de 2024)"
3524501,"Jaci",119969.0434,2024,"Riqueza",82440.92,"Produto Interno Bruto per capita (R$ de 2024)"
3524600,"Jacupiranga",50919.50305,2014,"Riqueza",90454.96,"Produto Interno Bruto per capita (R$ de 2024)"
3524600,"Jacupiranga",45755.06146,2016,"Riqueza",82888.73,"Produto Interno Bruto per capita (R$ de 2024)"
3524600,"Jacupiranga",50919.50305,2018,"Riqueza",82943.19,"Produto Interno Bruto per capita (R$ de 2024)"
3524600,"Jacupiranga",41543.82335,2020,"Riqueza",73338.7,"Produto Interno Bruto per capita (R$ de 2024)"
3524600,"Jacupiranga",35280.37368,2022,"Riqueza",63120.7,"Produto Interno Bruto per capita (R$ de 2024)"
3524600,"Jacupiranga",47611.84085,2024,"Riqueza",82440.92,"Produto Interno Bruto per capita (R$ de 2024)"
3524709,"Jaguariúna",358974.2203,2014,"Riqueza",90454.96,"Produto Interno Bruto per capita (R$ de 2024)"
3524709,"Jaguariúna",289815.3312,2016,"Riqueza",82888.73,"Produto Interno Bruto per capita (R$ de 2024)"
3524709,"Jaguariúna",358974.2203,2018,"Riqueza",82943.19,"Produto Interno Bruto per capita (R$ de 2024)"
3524709,"Jaguariúna",288805.6129,2020,"Riqueza",73338.7,"Produto Interno Bruto per capita (R$ de 2024)"
3524709,"Jaguariúna",230265.2128,2022,"Riqueza",63120.7,"Produto Interno Bruto per capita (R$ de 2024)"
3524709,"Jaguariúna",256278.4598,2024,"Riqueza",82440.92,"Produto Interno Bruto per capita (R$ de 2024)"
3524808,"Jales",54064.03481,2014,"Riqueza",90454.96,"Produto Interno Bruto per capita (R$ de 2024)"
3524808,"Jales",49113.40958,2016,"Riqueza",82888.73,"Produto Interno Bruto per capita (R$ de 2024)"
3524808,"Jales",54064.03481,2018,"Riqueza",82943.19,"Produto Interno Bruto per capita (R$ de 2024)"
3524808,"Jales",51690.16778,2020,"Riqueza",73338.7,"Produto Interno Bruto per capita (R$ de 2024)"
3524808,"Jales",47966.87661,2022,"Riqueza",63120.7,"Produto Interno Bruto per capita (R$ de 2024)"
3524808,"Jales",56880.13418,2024,"Riqueza",82440.92,"Produto Interno Bruto per capita (R$ de 2024)"
3524907,"Jambeiro",64881.23889,2014,"Riqueza",90454.96,"Produto Interno Bruto per capita (R$ de 2024)"
3524907,"Jambeiro",81961.69576,2016,"Riqueza",82888.73,"Produto Interno Bruto per capita (R$ de 2024)"
3524907,"Jambeiro",64881.23889,2018,"Riqueza",82943.19,"Produto Interno Bruto per capita (R$ de 2024)"
3524907,"Jambeiro",59783.67284,2020,"Riqueza",73338.7,"Produto Interno Bruto per capita (R$ de 2024)"
3524907,"Jambeiro",56694.02089,2022,"Riqueza",63120.7,"Produto Interno Bruto per capita (R$ de 2024)"
3524907,"Jambeiro",75618.40098,2024,"Riqueza",82440.92,"Produto Interno Bruto per capita (R$ de 2024)"
3525003,"Jandira",54985.41724,2014,"Riqueza",90454.96,"Produto Interno Bruto per capita (R$ de 2024)"
3525003,"Jandira",51315.02705,2016,"Riqueza",82888.73,"Produto Interno Bruto per capita (R$ de 2024)"
3525003,"Jandira",54985.41724,2018,"Riqueza",82943.19,"Produto Interno Bruto per capita (R$ de 2024)"
3525003,"Jandira",51208.99436,2020,"Riqueza",73338.7,"Produto Interno Bruto per capita (R$ de 2024)"
3525003,"Jandira",47805.48355,2022,"Riqueza",63120.7,"Produto Interno Bruto per capita (R$ de 2024)"
3525003,"Jandira",50129.01841,2024,"Riqueza",82440.92,"Produto Interno Bruto per capita (R$ de 2024)"
3525102,"Jardinópolis",43200.02795,2014,"Riqueza",90454.96,"Produto Interno Bruto per capita (R$ de 2024)"
3525102,"Jardinópolis",43582.42519,2016,"Riqueza",82888.73,"Produto Interno Bruto per capita (R$ de 2024)"
3525102,"Jardinópolis",43200.02795,2018,"Riqueza",82943.19,"Produto Interno Bruto per capita (R$ de 2024)"
3525102,"Jardinópolis",44433.87815,2020,"Riqueza",73338.7,"Produto Interno Bruto per capita (R$ de 2024)"
3525102,"Jardinópolis",41880.81223,2022,"Riqueza",63120.7,"Produto Interno Bruto per capita (R$ de 2024)"
3525102,"Jardinópolis",55603.74425,2024,"Riqueza",82440.92,"Produto Interno Bruto per capita (R$ de 2024)"
3525201,"Jarinu",144671.3436,2014,"Riqueza",90454.96,"Produto Interno Bruto per capita (R$ de 2024)"
3525201,"Jarinu",126804.8942,2016,"Riqueza",82888.73,"Produto Interno Bruto per capita (R$ de 2024)"
3525201,"Jarinu",144671.3436,2018,"Riqueza",82943.19,"Produto Interno Bruto per capita (R$ de 2024)"
3525201,"Jarinu",120217.7476,2020,"Riqueza",73338.7,"Produto Interno Bruto per capita (R$ de 2024)"
3525201,"Jarinu",84833.08523,2022,"Riqueza",63120.7,"Produto Interno Bruto per capita (R$ de 2024)"
3525201,"Jarinu",96154.56107,2024,"Riqueza",82440.92,"Produto Interno Bruto per capita (R$ de 2024)"
3525300,"Jaú",54108.52793,2014,"Riqueza",90454.96,"Produto Interno Bruto per capita (R$ de 2024)"
3525300,"Jaú",53980.25535,2016,"Riqueza",82888.73,"Produto Interno Bruto per capita (R$ de 2024)"
3525300,"Jaú",54108.52793,2018,"Riqueza",82943.19,"Produto Interno Bruto per capita (R$ de 2024)"
3525300,"Jaú",47150.13261,2020,"Riqueza",73338.7,"Produto Interno Bruto per capita (R$ de 2024)"
3525300,"Jaú",45915.93301,2022,"Riqueza",63120.7,"Produto Interno Bruto per capita (R$ de 2024)"
3525300,"Jaú",52620.90974,2024,"Riqueza",82440.92,"Produto Interno Bruto per capita (R$ de 2024)"
3525409,"Jeriquara",43254.77433,2014,"Riqueza",90454.96,"Produto Interno Bruto per capita (R$ de 2024)"
3525409,"Jeriquara",54395.89495,2016,"Riqueza",82888.73,"Produto Interno Bruto per capita (R$ de 2024)"
3525409,"Jeriquara",43254.77433,2018,"Riqueza",82943.19,"Produto Interno Bruto per capita (R$ de 2024)"
3525409,"Jeriquara",57656.48087,2020,"Riqueza",73338.7,"Produto Interno Bruto per capita (R$ de 2024)"
3525409,"Jeriquara",38885.17183,2022,"Riqueza",63120.7,"Produto Interno Bruto per capita (R$ de 2024)"
3525409,"Jeriquara",83670.8733,2024,"Riqueza",82440.92,"Produto Interno Bruto per capita (R$ de 2024)"
3525508,"Joanópolis",28128.26568,2014,"Riqueza",90454.96,"Produto Interno Bruto per capita (R$ de 2024)"
3525508,"Joanópolis",28901.65234,2016,"Riqueza",82888.73,"Produto Interno Bruto per capita (R$ de 2024)"
3525508,"Joanópolis",28128.26568,2018,"Riqueza",82943.19,"Produto Interno Bruto per capita (R$ de 2024)"
3525508,"Joanópolis",25218.88783,2020,"Riqueza",73338.7,"Produto Interno Bruto per capita (R$ de 2024)"
3525508,"Joanópolis",21843.99927,2022,"Riqueza",63120.7,"Produto Interno Bruto per capita (R$ de 2024)"
3525508,"Joanópolis",27897.44582,2024,"Riqueza",82440.92,"Produto Interno Bruto per capita (R$ de 2024)"
3525607,"João Ramalho",46015.78032,2014,"Riqueza",90454.96,"Produto Interno Bruto per capita (R$ de 2024)"
3525607,"João Ramalho",65309.86513,2016,"Riqueza",82888.73,"Produto Interno Bruto per capita (R$ de 2024)"
3525607,"João Ramalho",46015.78032,2018,"Riqueza",82943.19,"Produto Interno Bruto per capita (R$ de 2024)"
3525607,"João Ramalho",41368.02705,2020,"Riqueza",73338.7,"Produto Interno Bruto per capita (R$ de 2024)"
3525607,"João Ramalho",26723.4514,2022,"Riqueza",63120.7,"Produto Interno Bruto per capita (R$ de 2024)"
3525607,"João Ramalho",46066.08536,2024,"Riqueza",82440.92,"Produto Interno Bruto per capita (R$ de 2024)"
3525706,"José Bonifácio",61676.01606,2014,"Riqueza",90454.96,"Produto Interno Bruto per capita (R$ de 2024)"
3525706,"José Bonifácio",62723.75675,2016,"Riqueza",82888.73,"Produto Interno Bruto per capita (R$ de 2024)"
3525706,"José Bonifácio",61676.01606,2018,"Riqueza",82943.19,"Produto Interno Bruto per capita (R$ de 2024)"
3525706,"José Bonifácio",51301.71567,2020,"Riqueza",73338.7,"Produto Interno Bruto per capita (R$ de 2024)"
3525706,"José Bonifácio",43972.83984,2022,"Riqueza",63120.7,"Produto Interno Bruto per capita (R$ de 2024)"
3525706,"José Bonifácio",56056.80228,2024,"Riqueza",82440.92,"Produto Interno Bruto per capita (R$ de 2024)"
3525805,"Júlio Mesquita",18374.56368,2014,"Riqueza",90454.96,"Produto Interno Bruto per capita (R$ de 2024)"
3525805,"Júlio Mesquita",19771.33248,2016,"Riqueza",82888.73,"Produto Interno Bruto per capita (R$ de 2024)"
3525805,"Júlio Mesquita",18374.56368,2018,"Riqueza",82943.19,"Produto Interno Bruto per capita (R$ de 2024)"
3525805,"Júlio Mesquita",16672.71857,2020,"Riqueza",73338.7,"Produto Interno Bruto per capita (R$ de 2024)"
3525805,"Júlio Mesquita",15646.88642,2022,"Riqueza",63120.7,"Produto Interno Bruto per capita (R$ de 2024)"
3525805,"Júlio Mesquita",21094.16509,2024,"Riqueza",82440.92,"Produto Interno Bruto per capita (R$ de 2024)"
3525854,"Jumirim",67605.9539,2014,"Riqueza",90454.96,"Produto Interno Bruto per capita (R$ de 2024)"
3525854,"Jumirim",40616.47228,2016,"Riqueza",82888.73,"Produto Interno Bruto per capita (R$ de 2024)"
3525854,"Jumirim",67605.9539,2018,"Riqueza",82943.19,"Produto Interno Bruto per capita (R$ de 2024)"
3525854,"Jumirim",71771.52916,2020,"Riqueza",73338.7,"Produto Interno Bruto per capita (R$ de 2024)"
3525854,"Jumirim",76293.93855,2022,"Riqueza",63120.7,"Produto Interno Bruto per capita (R$ de 2024)"
3525854,"Jumirim",99946.00711,2024,"Riqueza",82440.92,"Produto Interno Bruto per capita (R$ de 2024)"
3525904,"Jundiaí",179813.1742,2014,"Riqueza",90454.96,"Produto Interno Bruto per capita (R$ de 2024)"
3525904,"Jundiaí",177977.1038,2016,"Riqueza",82888.73,"Produto Interno Bruto per capita (R$ de 2024)"
3525904,"Jundiaí",179813.1742,2018,"Riqueza",82943.19,"Produto Interno Bruto per capita (R$ de 2024)"
3525904,"Jundiaí",173326.9844,2020,"Riqueza",73338.7,"Produto Interno Bruto per capita (R$ de 2024)"
3525904,"Jundiaí",141323.2949,2022,"Riqueza",63120.7,"Produto Interno Bruto per capita (R$ de 2024)"
3525904,"Jundiaí",155048.3309,2024,"Riqueza",82440.92,"Produto Interno Bruto per capita (R$ de 2024)"
3526001,"Junqueirópolis",48036.41991,2014,"Riqueza",90454.96,"Produto Interno Bruto per capita (R$ de 2024)"
3526001,"Junqueirópolis",85880.31172,2016,"Riqueza",82888.73,"Produto Interno Bruto per capita (R$ de 2024)"
3526001,"Junqueirópolis",48036.41991,2018,"Riqueza",82943.19,"Produto Interno Bruto per capita (R$ de 2024)"
3526001,"Junqueirópolis",50816.69512,2020,"Riqueza",73338.7,"Produto Interno Bruto per capita (R$ de 2024)"
3526001,"Junqueirópolis",42158.3353,2022,"Riqueza",63120.7,"Produto Interno Bruto per capita (R$ de 2024)"
3526001,"Junqueirópolis",48990.44524,2024,"Riqueza",82440.92,"Produto Interno Bruto per capita (R$ de 2024)"
3526100,"Juquiá",28783.12759,2014,"Riqueza",90454.96,"Produto Interno Bruto per capita (R$ de 2024)"
3526100,"Juquiá",32294.58958,2016,"Riqueza",82888.73,"Produto Interno Bruto per capita (R$ de 2024)"
3526100,"Juquiá",28783.12759,2018,"Riqueza",82943.19,"Produto Interno Bruto per capita (R$ de 2024)"
3526100,"Juquiá",26416.07905,2020,"Riqueza",73338.7,"Produto Interno Bruto per capita (R$ de 2024)"
3526100,"Juquiá",21711.5161,2022,"Riqueza",63120.7,"Produto Interno Bruto per capita (R$ de 2024)"
3526100,"Juquiá",28704.95927,2024,"Riqueza",82440.92,"Produto Interno Bruto per capita (R$ de 2024)"
3526209,"Juquitiba",28238.73514,2014,"Riqueza",90454.96,"Produto Interno Bruto per capita (R$ de 2024)"
3526209,"Juquitiba",26286.33312,2016,"Riqueza",82888.73,"Produto Interno Bruto per capita (R$ de 2024)"
3526209,"Juquitiba",28238.73514,2018,"Riqueza",82943.19,"Produto Interno Bruto per capita (R$ de 2024)"
3526209,"Juquitiba",24788.90999,2020,"Riqueza",73338.7,"Produto Interno Bruto per capita (R$ de 2024)"
3526209,"Juquitiba",22309.90254,2022,"Riqueza",63120.7,"Produto Interno Bruto per capita (R$ de 2024)"
3526209,"Juquitiba",26327.65405,2024,"Riqueza",82440.92,"Produto Interno Bruto per capita (R$ de 2024)"
3526308,"Lagoinha",19388.47911,2014,"Riqueza",90454.96,"Produto Interno Bruto per capita (R$ de 2024)"
3526308,"Lagoinha",21065.81657,2016,"Riqueza",82888.73,"Produto Interno Bruto per capita (R$ de 2024)"
3526308,"Lagoinha",19388.47911,2018,"Riqueza",82943.19,"Produto Interno Bruto per capita (R$ de 2024)"
3526308,"Lagoinha",19836.23423,2020,"Riqueza",73338.7,"Produto Interno Bruto per capita (R$ de 2024)"
3526308,"Lagoinha",16018.87917,2022,"Riqueza",63120.7,"Produto Interno Bruto per capita (R$ de 2024)"
3526308,"Lagoinha",21334.70508,2024,"Riqueza",82440.92,"Produto Interno Bruto per capita (R$ de 2024)"
3526407,"Laranjal Paulista",67205.13569,2014,"Riqueza",90454.96,"Produto Interno Bruto per capita (R$ de 2024)"
3526407,"Laranjal Paulista",57799.81929,2016,"Riqueza",82888.73,"Produto Interno Bruto per capita (R$ de 2024)"
3526407,"Laranjal Paulista",67205.13569,2018,"Riqueza",82943.19,"Produto Interno Bruto per capita (R$ de 2024)"
3526407,"Laranjal Paulista",62031.16664,2020,"Riqueza",73338.7,"Produto Interno Bruto per capita (R$ de 2024)"
3526407,"Laranjal Paulista",56880.4391,2022,"Riqueza",63120.7,"Produto Interno Bruto per capita (R$ de 2024)"
3526407,"Laranjal Paulista",68815.81844,2024,"Riqueza",82440.92,"Produto Interno Bruto per capita (R$ de 2024)"
3526506,"Lavínia",30420.85275,2014,"Riqueza",90454.96,"Produto Interno Bruto per capita (R$ de 2024)"
3526506,"Lavínia",30040.85868,2016,"Riqueza",82888.73,"Produto Interno Bruto per capita (R$ de 2024)"
3526506,"Lavínia",30420.85275,2018,"Riqueza",82943.19,"Produto Interno Bruto per capita (R$ de 2024)"
3526506,"Lavínia",29514.7783,2020,"Riqueza",73338.7,"Produto Interno Bruto per capita (R$ de 2024)"
3526506,"Lavínia",18266.25693,2022,"Riqueza",63120.7,"Produto Interno Bruto per capita (R$ de 2024)"
3526506,"Lavínia",28748.2389,2024,"Riqueza",82440.92,"Produto Interno Bruto per capita (R$ de 2024)"
3526605,"Lavrinhas",25741.58818,2014,"Riqueza",90454.96,"Produto Interno Bruto per capita (R$ de 2024)"
3526605,"Lavrinhas",26609.47691,2016,"Riqueza",82888.73,"Produto Interno Bruto per capita (R$ de 2024)"
3526605,"Lavrinhas",25741.58818,2018,"Riqueza",82943.19,"Produto Interno Bruto per capita (R$ de 2024)"
3526605,"Lavrinhas",23184.6755,2020,"Riqueza",73338.7,"Produto Interno Bruto per capita (R$ de 2024)"
3526605,"Lavrinhas",21093.14681,2022,"Riqueza",63120.7,"Produto Interno Bruto per capita (R$ de 2024)"
3526605,"Lavrinhas",25224.0354,2024,"Riqueza",82440.92,"Produto Interno Bruto per capita (R$ de 2024)"
3526704,"Leme",53389.34272,2014,"Riqueza",90454.96,"Produto Interno Bruto per capita (R$ de 2024)"
3526704,"Leme",53252.98467,2016,"Riqueza",82888.73,"Produto Interno Bruto per capita (R$ de 2024)"
3526704,"Leme",53389.34272,2018,"Riqueza",82943.19,"Produto Interno Bruto per capita (R$ de 2024)"
3526704,"Leme",51373.80581,2020,"Riqueza",73338.7,"Produto Interno Bruto per capita (R$ de 2024)"
3526704,"Leme",51369.24674,2022,"Riqueza",63120.7,"Produto Interno Bruto per capita (R$ de 2024)"
3526704,"Leme",53761.08824,2024,"Riqueza",82440.92,"Produto Interno Bruto per capita (R$ de 2024)"
3526803,"Lençóis Paulista",66610.34085,2014,"Riqueza",90454.96,"Produto Interno Bruto per capita (R$ de 2024)"
3526803,"Lençóis Paulista",67149.95363,2016,"Riqueza",82888.73,"Produto Interno Bruto per capita (R$ de 2024)"
3526803,"Lençóis Paulista",66610.34085,2018,"Riqueza",82943.19,"Produto Interno Bruto per capita (R$ de 2024)"
3526803,"Lençóis Paulista",88365.61255,2020,"Riqueza",73338.7,"Produto Interno Bruto per capita (R$ de 2024)"
3526803,"Lençóis Paulista",86754.88103,2022,"Riqueza",63120.7,"Produto Interno Bruto per capita (R$ de 2024)"
3526803,"Lençóis Paulista",105099.8121,2024,"Riqueza",82440.92,"Produto Interno Bruto per capita (R$ de 2024)"
3526902,"Limeira",74448.03167,2014,"Riqueza",90454.96,"Produto Interno Bruto per capita (R$ de 2024)"
3526902,"Limeira",67603.96693,2016,"Riqueza",82888.73,"Produto Interno Bruto per capita (R$ de 2024)"
3526902,"Limeira",74448.03167,2018,"Riqueza",82943.19,"Produto Interno Bruto per capita (R$ de 2024)"
3526902,"Limeira",63674.90537,2020,"Riqueza",73338.7,"Produto Interno Bruto per capita (R$ de 2024)"
3526902,"Limeira",64124.16417,2022,"Riqueza",63120.7,"Produto Interno Bruto per capita (R$ de 2024)"
3526902,"Limeira",76451.72635,2024,"Riqueza",82440.92,"Produto Interno Bruto per capita (R$ de 2024)"
3527009,"Lindóia",39894.0119,2014,"Riqueza",90454.96,"Produto Interno Bruto per capita (R$ de 2024)"
3527009,"Lindóia",36309.18356,2016,"Riqueza",82888.73,"Produto Interno Bruto per capita (R$ de 2024)"
3527009,"Lindóia",39894.0119,2018,"Riqueza",82943.19,"Produto Interno Bruto per capita (R$ de 2024)"
3527009,"Lindóia",39393.48146,2020,"Riqueza",73338.7,"Produto Interno Bruto per capita (R$ de 2024)"
3527009,"Lindóia",45058.51521,2022,"Riqueza",63120.7,"Produto Interno Bruto per capita (R$ de 2024)"
3527009,"Lindóia",61904.25381,2024,"Riqueza",82440.92,"Produto Interno Bruto per capita (R$ de 2024)"
3527108,"Lins",83938.0448,2014,"Riqueza",90454.96,"Produto Interno Bruto per capita (R$ de 2024)"
3527108,"Lins",100747.889,2016,"Riqueza",82888.73,"Produto Interno Bruto per capita (R$ de 2024)"
3527108,"Lins",83938.0448,2018,"Riqueza",82943.19,"Produto Interno Bruto per capita (R$ de 2024)"
3527108,"Lins",115353.0007,2020,"Riqueza",73338.7,"Produto Interno Bruto per capita (R$ de 2024)"
3527108,"Lins",116079.7802,2022,"Riqueza",63120.7,"Produto Interno Bruto per capita (R$ de 2024)"
3527108,"Lins",123370.4673,2024,"Riqueza",82440.92,"Produto Interno Bruto per capita (R$ de 2024)"
3527207,"Lorena",54357.69159,2014,"Riqueza",90454.96,"Produto Interno Bruto per capita (R$ de 2024)"
3527207,"Lorena",48767.76803,2016,"Riqueza",82888.73,"Produto Interno Bruto per capita (R$ de 2024)"
3527207,"Lorena",54357.69159,2018,"Riqueza",82943.19,"Produto Interno Bruto per capita (R$ de 2024)"
3527207,"Lorena",49342.83713,2020,"Riqueza",73338.7,"Produto Interno Bruto per capita (R$ de 2024)"
3527207,"Lorena",48240.34818,2022,"Riqueza",63120.7,"Produto Interno Bruto per capita (R$ de 2024)"
3527207,"Lorena",57051.08377,2024,"Riqueza",82440.92,"Produto Interno Bruto per capita (R$ de 2024)"
3527256,"Lourdes",30407.76238,2014,"Riqueza",90454.96,"Produto Interno Bruto per capita (R$ de 2024)"
3527256,"Lourdes",30829.89381,2016,"Riqueza",82888.73,"Produto Interno Bruto per capita (R$ de 2024)"
3527256,"Lourdes",30407.76238,2018,"Riqueza",82943.19,"Produto Interno Bruto per capita (R$ de 2024)"
3527256,"Lourdes",29169.20184,2020,"Riqueza",73338.7,"Produto Interno Bruto per capita (R$ de 2024)"
3527256,"Lourdes",21950.38803,2022,"Riqueza",63120.7,"Produto Interno Bruto per capita (R$ de 2024)"
3527256,"Lourdes",31726.54584,2024,"Riqueza",82440.92,"Produto Interno Bruto per capita (R$ de 2024)"
3527306,"Louveira",391501.626,2014,"Riqueza",90454.96,"Produto Interno Bruto per capita (R$ de 2024)"
3527306,"Louveira",448672.2378,2016,"Riqueza",82888.73,"Produto Interno Bruto per capita (R$ de 2024)"
3527306,"Louveira",391501.626,2018,"Riqueza",82943.19,"Produto Interno Bruto per capita (R$ de 2024)"
3527306,"Louveira",509278.5561,2020,"Riqueza",73338.7,"Produto Interno Bruto per capita (R$ de 2024)"
3527306,"Louveira",364174.7666,2022,"Riqueza",63120.7,"Produto Interno Bruto per capita (R$ de 2024)"
3527306,"Louveira",400482.6386,2024,"Riqueza",82440.92,"Produto Interno Bruto per capita (R$ de 2024)"
3527405,"Lucélia",35001.00773,2014,"Riqueza",90454.96,"Produto Interno Bruto per capita (R$ de 2024)"
3527405,"Lucélia",33864.71781,2016,"Riqueza",82888.73,"Produto Interno Bruto per capita (R$ de 2024)"
3527405,"Lucélia",35001.00773,2018,"Riqueza",82943.19,"Produto Interno Bruto per capita (R$ de 2024)"
3527405,"Lucélia",33845.6996,2020,"Riqueza",73338.7,"Produto Interno Bruto per capita (R$ de 2024)"
3527405,"Lucélia",26502.68861,2022,"Riqueza",63120.7,"Produto Interno Bruto per capita (R$ de 2024)"
3527405,"Lucélia",32349.70373,2024,"Riqueza",82440.92,"Produto Interno Bruto per capita (R$ de 2024)"
3527504,"Lucianópolis",41710.42774,2014,"Riqueza",90454.96,"Produto Interno Bruto per capita (R$ de 2024)"
3527504,"Lucianópolis",41738.21274,2016,"Riqueza",82888.73,"Produto Interno Bruto per capita (R$ de 2024)"
3527504,"Lucianópolis",41710.42774,2018,"Riqueza",82943.19,"Produto Interno Bruto per capita (R$ de 2024)"
3527504,"Lucianópolis",45757.5893,2020,"Riqueza",73338.7,"Produto Interno Bruto per capita (R$ de 2024)"
3527504,"Lucianópolis",30455.53347,2022,"Riqueza",63120.7,"Produto Interno Bruto per capita (R$ de 2024)"
3527504,"Lucianópolis",61842.12713,2024,"Riqueza",82440.92,"Produto Interno Bruto per capita (R$ de 2024)"
3527603,"Luís Antônio",182464.9361,2014,"Riqueza",90454.96,"Produto Interno Bruto per capita (R$ de 2024)"
3527603,"Luís Antônio",136687.1528,2016,"Riqueza",82888.73,"Produto Interno Bruto per capita (R$ de 2024)"
3527603,"Luís Antônio",182464.9361,2018,"Riqueza",82943.19,"Produto Interno Bruto per capita (R$ de 2024)"
3527603,"Luís Antônio",140986.5759,2020,"Riqueza",73338.7,"Produto Interno Bruto per capita (R$ de 2024)"
3527603,"Luís Antônio",145023.8282,2022,"Riqueza",63120.7,"Produto Interno Bruto per capita (R$ de 2024)"
3527603,"Luís Antônio",206941.9845,2024,"Riqueza",82440.92,"Produto Interno Bruto per capita (R$ de 2024)"
3527702,"Luiziânia",21122.06431,2014,"Riqueza",90454.96,"Produto Interno Bruto per capita (R$ de 2024)"
3527702,"Luiziânia",22368.23435,2016,"Riqueza",82888.73,"Produto Interno Bruto per capita (R$ de 2024)"
3527702,"Luiziânia",21122.06431,2018,"Riqueza",82943.19,"Produto Interno Bruto per capita (R$ de 2024)"
3527702,"Luiziânia",20022.01168,2020,"Riqueza",73338.7,"Produto Interno Bruto per capita (R$ de 2024)"
3527702,"Luiziânia",19973.92145,2022,"Riqueza",63120.7,"Produto Interno Bruto per capita (R$ de 2024)"
3527702,"Luiziânia",27351.85986,2024,"Riqueza",82440.92,"Produto Interno Bruto per capita (R$ de 2024)"
3527801,"Lupércio",28975.12732,2014,"Riqueza",90454.96,"Produto Interno Bruto per capita (R$ de 2024)"
3527801,"Lupércio",20902.79187,2016,"Riqueza",82888.73,"Produto Interno Bruto per capita (R$ de 2024)"
3527801,"Lupércio",28975.12732,2018,"Riqueza",82943.19,"Produto Interno Bruto per capita (R$ de 2024)"
3527801,"Lupércio",28866.54693,2020,"Riqueza",73338.7,"Produto Interno Bruto per capita (R$ de 2024)"
3527801,"Lupércio",23850.67064,2022,"Riqueza",63120.7,"Produto Interno Bruto per capita (R$ de 2024)"
3527801,"Lupércio",31715.45757,2024,"Riqueza",82440.92,"Produto Interno Bruto per capita (R$ de 2024)"
3527900,"Lutécia",53373.27315,2014,"Riqueza",90454.96,"Produto Interno Bruto per capita (R$ de 2024)"
3527900,"Lutécia",58307.75508,2016,"Riqueza",82888.73,"Produto Interno Bruto per capita (R$ de 2024)"
3527900,"Lutécia",53373.27315,2018,"Riqueza",82943.19,"Produto Interno Bruto per capita (R$ de 2024)"
3527900,"Lutécia",49740.87227,2020,"Riqueza",73338.7,"Produto Interno Bruto per capita (R$ de 2024)"
3527900,"Lutécia",37028.49438,2022,"Riqueza",63120.7,"Produto Interno Bruto per capita (R$ de 2024)"
3527900,"Lutécia",54993.58006,2024,"Riqueza",82440.92,"Produto Interno Bruto per capita (R$ de 2024)"
3528007,"Macatuba",61736.51339,2014,"Riqueza",90454.96,"Produto Interno Bruto per capita (R$ de 2024)"
3528007,"Macatuba",66096.50634,2016,"Riqueza",82888.73,"Produto Interno Bruto per capita (R$ de 2024)"
3528007,"Macatuba",61736.51339,2018,"Riqueza",82943.19,"Produto Interno Bruto per capita (R$ de 2024)"
3528007,"Macatuba",61657.96714,2020,"Riqueza",73338.7,"Produto Interno Bruto per capita (R$ de 2024)"
3528007,"Macatuba",37105.33561,2022,"Riqueza",63120.7,"Produto Interno Bruto per capita (R$ de 2024)"
3528007,"Macatuba",44268.86399,2024,"Riqueza",82440.92,"Produto Interno Bruto per capita (R$ de 2024)"
3528106,"Macaubal",32994.43236,2014,"Riqueza",90454.96,"Produto Interno Bruto per capita (R$ de 2024)"
3528106,"Macaubal",32644.36832,2016,"Riqueza",82888.73,"Produto Interno Bruto per capita (R$ de 2024)"
3528106,"Macaubal",32994.43236,2018,"Riqueza",82943.19,"Produto Interno Bruto per capita (R$ de 2024)"
3528106,"Macaubal",33162.41984,2020,"Riqueza",73338.7,"Produto Interno Bruto per capita (R$ de 2024)"
3528106,"Macaubal",28211.54014,2022,"Riqueza",63120.7,"Produto Interno Bruto per capita (R$ de 2024)"
3528106,"Macaubal",35510.79914,2024,"Riqueza",82440.92,"Produto Interno Bruto per capita (R$ de 2024)"
3528205,"Macedônia",36117.32467,2014,"Riqueza",90454.96,"Produto Interno Bruto per capita (R$ de 2024)"
3528205,"Macedônia",35057.45559,2016,"Riqueza",82888.73,"Produto Interno Bruto per capita (R$ de 2024)"
3528205,"Macedônia",36117.32467,2018,"Riqueza",82943.19,"Produto Interno Bruto per capita (R$ de 2024)"
3528205,"Macedônia",33543.4373,2020,"Riqueza",73338.7,"Produto Interno Bruto per capita (R$ de 2024)"
3528205,"Macedônia",23190.43255,2022,"Riqueza",63120.7,"Produto Interno Bruto per capita (R$ de 2024)"
3528205,"Macedônia",33163.50474,2024,"Riqueza",82440.92,"Produto Interno Bruto per capita (R$ de 2024)"
3528304,"Magda",49658.43111,2014,"Riqueza",90454.96,"Produto Interno Bruto per capita (R$ de 2024)"
3528304,"Magda",38269.06399,2016,"Riqueza",82888.73,"Produto Interno Bruto per capita (R$ de 2024)"
3528304,"Magda",49658.43111,2018,"Riqueza",82943.19,"Produto Interno Bruto per capita (R$ de 2024)"
3528304,"Magda",44457.40337,2020,"Riqueza",73338.7,"Produto Interno Bruto per capita (R$ de 2024)"
3528304,"Magda",37543.24132,2022,"Riqueza",63120.7,"Produto Interno Bruto per capita (R$ de 2024)"
3528304,"Magda",57689.8855,2024,"Riqueza",82440.92,"Produto Interno Bruto per capita (R$ de 2024)"
3528403,"Mairinque",68464.39038,2014,"Riqueza",90454.96,"Produto Interno Bruto per capita (R$ de 2024)"
3528403,"Mairinque",70414.48529,2016,"Riqueza",82888.73,"Produto Interno Bruto per capita (R$ de 2024)"
3528403,"Mairinque",68464.39038,2018,"Riqueza",82943.19,"Produto Interno Bruto per capita (R$ de 2024)"
3528403,"Mairinque",63735.9739,2020,"Riqueza",73338.7,"Produto Interno Bruto per capita (R$ de 2024)"
3528403,"Mairinque",51310.22036,2022,"Riqueza",63120.7,"Produto Interno Bruto per capita (R$ de 2024)"
3528403,"Mairinque",61743.11457,2024,"Riqueza",82440.92,"Produto Interno Bruto per capita (R$ de 2024)"
3528502,"Mairiporã",30343.17334,2014,"Riqueza",90454.96,"Produto Interno Bruto per capita (R$ de 2024)"
3528502,"Mairiporã",31507.70258,2016,"Riqueza",82888.73,"Produto Interno Bruto per capita (R$ de 2024)"
3528502,"Mairiporã",30343.17334,2018,"Riqueza",82943.19,"Produto Interno Bruto per capita (R$ de 2024)"
3528502,"Mairiporã",26961.11923,2020,"Riqueza",73338.7,"Produto Interno Bruto per capita (R$ de 2024)"
3528502,"Mairiporã",26031.26235,2022,"Riqueza",63120.7,"Produto Interno Bruto per capita (R$ de 2024)"
3528502,"Mairiporã",31195.8332,2024,"Riqueza",82440.92,"Produto Interno Bruto per capita (R$ de 2024)"
3528601,"Manduri",40039.26043,2014,"Riqueza",90454.96,"Produto Interno Bruto per capita (R$ de 2024)"
3528601,"Manduri",33750.49026,2016,"Riqueza",82888.73,"Produto Interno Bruto per capita (R$ de 2024)"
3528601,"Manduri",40039.26043,2018,"Riqueza",82943.19,"Produto Interno Bruto per capita (R$ de 2024)"
3528601,"Manduri",37604.21178,2020,"Riqueza",73338.7,"Produto Interno Bruto per capita (R$ de 2024)"
3528601,"Manduri",30866.246040000002,2022,"Riqueza",63120.7,"Produto Interno Bruto per capita (R$ de 2024)"
3528601,"Manduri",38967.13238,2024,"Riqueza",82440.92,"Produto Interno Bruto per capita (R$ de 2024)"
3528700,"Marabá Paulista",34184.41024,2014,"Riqueza",90454.96,"Produto Interno Bruto per capita (R$ de 2024)"
3528700,"Marabá Paulista",52901.39245,2016,"Riqueza",82888.73,"Produto Interno Bruto per capita (R$ de 2024)"
3528700,"Marabá Paulista",34184.41024,2018,"Riqueza",82943.19,"Produto Interno Bruto per capita (R$ de 2024)"
3528700,"Marabá Paulista",34117.08714,2020,"Riqueza",73338.7,"Produto Interno Bruto per capita (R$ de 2024)"
3528700,"Marabá Paulista",30008.25926,2022,"Riqueza",63120.7,"Produto Interno Bruto per capita (R$ de 2024)"
3528700,"Marabá Paulista",47772.06531,2024,"Riqueza",82440.92,"Produto Interno Bruto per capita (R$ de 2024)"
3528809,"Maracaí",50470.53123,2014,"Riqueza",90454.96,"Produto Interno Bruto per capita (R$ de 2024)"
3528809,"Maracaí",67494.20783,2016,"Riqueza",82888.73,"Produto Interno Bruto per capita (R$ de 2024)"
3528809,"Maracaí",50470.53123,2018,"Riqueza",82943.19,"Produto Interno Bruto per capita (R$ de 2024)"
3528809,"Maracaí",50650.92906,2020,"Riqueza",73338.7,"Produto Interno Bruto per capita (R$ de 2024)"
3528809,"Maracaí",73786.63675,2022,"Riqueza",63120.7,"Produto Interno Bruto per capita (R$ de 2024)"
3528809,"Maracaí",89701.76003,2024,"Riqueza",82440.92,"Produto Interno Bruto per capita (R$ de 2024)"
3528858,"Marapoama",103692.9411,2014,"Riqueza",90454.96,"Produto Interno Bruto per capita (R$ de 2024)"
3528858,"Marapoama",268584.642,2016,"Riqueza",82888.73,"Produto Interno Bruto per capita (R$ de 2024)"
3528858,"Marapoama",103692.9411,2018,"Riqueza",82943.19,"Produto Interno Bruto per capita (R$ de 2024)"
3528858,"Marapoama",140161.275,2020,"Riqueza",73338.7,"Produto Interno Bruto per capita (R$ de 2024)"
3528858,"Marapoama",36957.24482,2022,"Riqueza",63120.7,"Produto Interno Bruto per capita (R$ de 2024)"
3528858,"Marapoama",51736.59399,2024,"Riqueza",82440.92,"Produto Interno Bruto per capita (R$ de 2024)"
3528908,"Mariápolis",23642.55003,2014,"Riqueza",90454.96,"Produto Interno Bruto per capita (R$ de 2024)"
3528908,"Mariápolis",25069.99388,2016,"Riqueza",82888.73,"Produto Interno Bruto per capita (R$ de 2024)"
3528908,"Mariápolis",23642.55003,2018,"Riqueza",82943.19,"Produto Interno Bruto per capita (R$ de 2024)"
3528908,"Mariápolis",22731.58042,2020,"Riqueza",73338.7,"Produto Interno Bruto per capita (R$ de 2024)"
3528908,"Mariápolis",19520.94768,2022,"Riqueza",63120.7,"Produto Interno Bruto per capita (R$ de 2024)"
3528908,"Mariápolis",28158.6748,2024,"Riqueza",82440.92,"Produto Interno Bruto per capita (R$ de 2024)"
3529005,"Marília",58319.35017,2014,"Riqueza",90454.96,"Produto Interno Bruto per capita (R$ de 2024)"
3529005,"Marília",57377.39766,2016,"Riqueza",82888.73,"Produto Interno Bruto per capita (R$ de 2024)"
3529005,"Marília",58319.35017,2018,"Riqueza",82943.19,"Produto Interno Bruto per capita (R$ de 2024)"
3529005,"Marília",51736.99576,2020,"Riqueza",73338.7,"Produto Interno Bruto per capita (R$ de 2024)"
3529005,"Marília",45494.34122,2022,"Riqueza",63120.7,"Produto Interno Bruto per capita (R$ de 2024)"
3529005,"Marília",56038.34468,2024,"Riqueza",82440.92,"Produto Interno Bruto per capita (R$ de 2024)"
3529104,"Marinópolis",27325.93145,2014,"Riqueza",90454.96,"Produto Interno Bruto per capita (R$ de 2024)"
3529104,"Marinópolis",25928.97712,2016,"Riqueza",82888.73,"Produto Interno Bruto per capita (R$ de 2024)"
3529104,"Marinópolis",27325.93145,2018,"Riqueza",82943.19,"Produto Interno Bruto per capita (R$ de 2024)"
3529104,"Marinópolis",26146.03136,2020,"Riqueza",73338.7,"Produto Interno Bruto per capita (R$ de 2024)"
3529104,"Marinópolis",22409.80693,2022,"Riqueza",63120.7,"Produto Interno Bruto per capita (R$ de 2024)"
3529104,"Marinópolis",33357.77288,2024,"Riqueza",82440.92,"Produto Interno Bruto per capita (R$ de 2024)"
3529203,"Martinópolis",32260.59242,2014,"Riqueza",90454.96,"Produto Interno Bruto per capita (R$ de 2024)"
3529203,"Martinópolis",39402.26106,2016,"Riqueza",82888.73,"Produto Interno Bruto per capita (R$ de 2024)"
3529203,"Martinópolis",32260.59242,2018,"Riqueza",82943.19,"Produto Interno Bruto per capita (R$ de 2024)"
3529203,"Martinópolis",36168.25874,2020,"Riqueza",73338.7,"Produto Interno Bruto per capita (R$ de 2024)"
3529203,"Martinópolis",30208.58796,2022,"Riqueza",63120.7,"Produto Interno Bruto per capita (R$ de 2024)"
3529203,"Martinópolis",40888.15789,2024,"Riqueza",82440.92,"Produto Interno Bruto per capita (R$ de 2024)"
3529302,"Matão",86301.47383,2014,"Riqueza",90454.96,"Produto Interno Bruto per capita (R$ de 2024)"
3529302,"Matão",83169.99528,2016,"Riqueza",82888.73,"Produto Interno Bruto per capita (R$ de 2024)"
3529302,"Matão",86301.47383,2018,"Riqueza",82943.19,"Produto Interno Bruto per capita (R$ de 2024)"
3529302,"Matão",75978.20231,2020,"Riqueza",73338.7,"Produto Interno Bruto per capita (R$ de 2024)"
3529302,"Matão",76806.08586,2022,"Riqueza",63120.7,"Produto Interno Bruto per capita (R$ de 2024)"
3529302,"Matão",103961.4006,2024,"Riqueza",82440.92,"Produto Interno Bruto per capita (R$ de 2024)"
3529401,"Mauá",55835.65943,2014,"Riqueza",90454.96,"Produto Interno Bruto per capita (R$ de 2024)"
3529401,"Mauá",55472.75094,2016,"Riqueza",82888.73,"Produto Interno Bruto per capita (R$ de 2024)"
3529401,"Mauá",55835.65943,2018,"Riqueza",82943.19,"Produto Interno Bruto per capita (R$ de 2024)"
3529401,"Mauá",51252.97308,2020,"Riqueza",73338.7,"Produto Interno Bruto per capita (R$ de 2024)"
3529401,"Mauá",56551.26671,2022,"Riqueza",63120.7,"Produto Interno Bruto per capita (R$ de 2024)"
3529401,"Mauá",64583.25834,2024,"Riqueza",82440.92,"Produto Interno Bruto per capita (R$ de 2024)"
3529500,"Mendonça",77540.8345,2014,"Riqueza",90454.96,"Produto Interno Bruto per capita (R$ de 2024)"
3529500,"Mendonça",77957.23513,2016,"Riqueza",82888.73,"Produto Interno Bruto per capita (R$ de 2024)"
3529500,"Mendonça",77540.8345,2018,"Riqueza",82943.19,"Produto Interno Bruto per capita (R$ de 2024)"
3529500,"Mendonça",81615.40964,2020,"Riqueza",73338.7,"Produto Interno Bruto per capita (R$ de 2024)"
3529500,"Mendonça",75584.03276,2022,"Riqueza",63120.7,"Produto Interno Bruto per capita (R$ de 2024)"
3529500,"Mendonça",100019.3002,2024,"Riqueza",82440.92,"Produto Interno Bruto per capita (R$ de 2024)"
3529609,"Meridiano",105814.2728,2014,"Riqueza",90454.96,"Produto Interno Bruto per capita (R$ de 2024)"
3529609,"Meridiano",335516.4687,2016,"Riqueza",82888.73,"Produto Interno Bruto per capita (R$ de 2024)"
3529609,"Meridiano",105814.2728,2018,"Riqueza",82943.19,"Produto Interno Bruto per capita (R$ de 2024)"
3529609,"Meridiano",149675.1056,2020,"Riqueza",73338.7,"Produto Interno Bruto per capita (R$ de 2024)"
3529609,"Meridiano",85733.11739,2022,"Riqueza",63120.7,"Produto Interno Bruto per capita (R$ de 2024)"
3529609,"Meridiano",100306.641,2024,"Riqueza",82440.92,"Produto Interno Bruto per capita (R$ de 2024)"
3529658,"Mesópolis",51352.77537,2014,"Riqueza",90454.96,"Produto Interno Bruto per capita (R$ de 2024)"
3529658,"Mesópolis",46980.57285,2016,"Riqueza",82888.73,"Produto Interno Bruto per capita (R$ de 2024)"
3529658,"Mesópolis",51352.77537,2018,"Riqueza",82943.19,"Produto Interno Bruto per capita (R$ de 2024)"
3529658,"Mesópolis",54084.91616,2020,"Riqueza",73338.7,"Produto Interno Bruto per capita (R$ de 2024)"
3529658,"Mesópolis",39627.68585,2022,"Riqueza",63120.7,"Produto Interno Bruto per capita (R$ de 2024)"
3529658,"Mesópolis",59702.77207,2024,"Riqueza",82440.92,"Produto Interno Bruto per capita (R$ de 2024)"
3529708,"Miguelópolis",78895.20385,2014,"Riqueza",90454.96,"Produto Interno Bruto per capita (R$ de 2024)"
3529708,"Miguelópolis",90165.61848,2016,"Riqueza",82888.73,"Produto Interno Bruto per capita (R$ de 2024)"
3529708,"Miguelópolis",78895.20385,2018,"Riqueza",82943.19,"Produto Interno Bruto per capita (R$ de 2024)"
3529708,"Miguelópolis",67332.9269,2020,"Riqueza",73338.7,"Produto Interno Bruto per capita (R$ de 2024)"
3529708,"Miguelópolis",54483.15572,2022,"Riqueza",63120.7,"Produto Interno Bruto per capita (R$ de 2024)"
3529708,"Miguelópolis",62410.97822,2024,"Riqueza",82440.92,"Produto Interno Bruto per capita (R$ de 2024)"
3529807,"Mineiros do Tietê",22775.08928,2014,"Riqueza",90454.96,"Produto Interno Bruto per capita (R$ de 2024)"
3529807,"Mineiros do Tietê",23330.1179,2016,"Riqueza",82888.73,"Produto Interno Bruto per capita (R$ de 2024)"
3529807,"Mineiros do Tietê",22775.08928,2018,"Riqueza",82943.19,"Produto Interno Bruto per capita (R$ de 2024)"
3529807,"Mineiros do Tietê",22786.3661,2020,"Riqueza",73338.7,"Produto Interno Bruto per capita (R$ de 2024)"
3529807,"Mineiros do Tietê",22340.11714,2022,"Riqueza",63120.7,"Produto Interno Bruto per capita (R$ de 2024)"
3529807,"Mineiros do Tietê",30090.61313,2024,"Riqueza",82440.92,"Produto Interno Bruto per capita (R$ de 2024)"
3529906,"Miracatu",32444.4666,2014,"Riqueza",90454.96,"Produto Interno Bruto per capita (R$ de 2024)"
3529906,"Miracatu",36640.34114,2016,"Riqueza",82888.73,"Produto Interno Bruto per capita (R$ de 2024)"
3529906,"Miracatu",32444.4666,2018,"Riqueza",82943.19,"Produto Interno Bruto per capita (R$ de 2024)"
3529906,"Miracatu",29196.16238,2020,"Riqueza",73338.7,"Produto Interno Bruto per capita (R$ de 2024)"
3529906,"Miracatu",24920.37544,2022,"Riqueza",63120.7,"Produto Interno Bruto per capita (R$ de 2024)"
3529906,"Miracatu",33326.85708,2024,"Riqueza",82440.92,"Produto Interno Bruto per capita (R$ de 2024)"
3530003,"Mira Estrela",37601.67694,2014,"Riqueza",90454.96,"Produto Interno Bruto per capita (R$ de 2024)"
3530003,"Mira Estrela",33849.23214,2016,"Riqueza",82888.73,"Produto Interno Bruto per capita (R$ de 2024)"
3530003,"Mira Estrela",37601.67694,2018,"Riqueza",82943.19,"Produto Interno Bruto per capita (R$ de 2024)"
3530003,"Mira Estrela",33519.75404,2020,"Riqueza",73338.7,"Produto Interno Bruto per capita (R$ de 2024)"
3530003,"Mira Estrela",21114.63057,2022,"Riqueza",63120.7,"Produto Interno Bruto per capita (R$ de 2024)"
3530003,"Mira Estrela",26299.3974,2024,"Riqueza",82440.92,"Produto Interno Bruto per capita (R$ de 2024)"
3530102,"Mirandópolis",37960.32444,2014,"Riqueza",90454.96,"Produto Interno Bruto per capita (R$ de 2024)"
3530102,"Mirandópolis",38206.37961,2016,"Riqueza",82888.73,"Produto Interno Bruto per capita (R$ de 2024)"
3530102,"Mirandópolis",37960.32444,2018,"Riqueza",82943.19,"Produto Interno Bruto per capita (R$ de 2024)"
3530102,"Mirandópolis",33133.63143,2020,"Riqueza",73338.7,"Produto Interno Bruto per capita (R$ de 2024)"
3530102,"Mirandópolis",27633.83304,2022,"Riqueza",63120.7,"Produto Interno Bruto per capita (R$ de 2024)"
3530102,"Mirandópolis",37737.01788,2024,"Riqueza",82440.92,"Produto Interno Bruto per capita (R$ de 2024)"
3530201,"Mirante do Paranapanema",32376.71346,2014,"Riqueza",90454.96,"Produto Interno Bruto per capita (R$ de 2024)"
3530201,"Mirante do Paranapanema",87395.77186,2016,"Riqueza",82888.73,"Produto Interno Bruto per capita (R$ de 2024)"
3530201,"Mirante do Paranapanema",32376.71346,2018,"Riqueza",82943.19,"Produto Interno Bruto per capita (R$ de 2024)"
3530201,"Mirante do Paranapanema",42588.30429,2020,"Riqueza",73338.7,"Produto Interno Bruto per capita (R$ de 2024)"
3530201,"Mirante do Paranapanema",36060.17526,2022,"Riqueza",63120.7,"Produto Interno Bruto per capita (R$ de 2024)"
3530201,"Mirante do Paranapanema",44736.384,2024,"Riqueza",82440.92,"Produto Interno Bruto per capita (R$ de 2024)"
3530300,"Mirassol",52365.86232,2014,"Riqueza",90454.96,"Produto Interno Bruto per capita (R$ de 2024)"
3530300,"Mirassol",54855.75381,2016,"Riqueza",82888.73,"Produto Interno Bruto per capita (R$ de 2024)"
3530300,"Mirassol",52365.86232,2018,"Riqueza",82943.19,"Produto Interno Bruto per capita (R$ de 2024)"
3530300,"Mirassol",53803.39592,2020,"Riqueza",73338.7,"Produto Interno Bruto per capita (R$ de 2024)"
3530300,"Mirassol",47084.41405,2022,"Riqueza",63120.7,"Produto Interno Bruto per capita (R$ de 2024)"
3530300,"Mirassol",55523.32519,2024,"Riqueza",82440.92,"Produto Interno Bruto per capita (R$ de 2024)"
3530409,"Mirassolândia",45928.29857,2014,"Riqueza",90454.96,"Produto Interno Bruto per capita (R$ de 2024)"
3530409,"Mirassolândia",33345.23578,2016,"Riqueza",82888.73,"Produto Interno Bruto per capita (R$ de 2024)"
3530409,"Mirassolândia",45928.29857,2018,"Riqueza",82943.19,"Produto Interno Bruto per capita (R$ de 2024)"
3530409,"Mirassolândia",47595.79407,2020,"Riqueza",73338.7,"Produto Interno Bruto per capita (R$ de 2024)"
3530409,"Mirassolândia",43975.28251,2022,"Riqueza",63120.7,"Produto Interno Bruto per capita (R$ de 2024)"
3530409,"Mirassolândia",86084.18151,2024,"Riqueza",82440.92,"Produto Interno Bruto per capita (R$ de 2024)"
3530508,"Mococa",52516.07582,2014,"Riqueza",90454.96,"Produto Interno Bruto per capita (R$ de 2024)"
3530508,"Mococa",51345.93721,2016,"Riqueza",82888.73,"Produto Interno Bruto per capita (R$ de 2024)"
3530508,"Mococa",52516.07582,2018,"Riqueza",82943.19,"Produto Interno Bruto per capita (R$ de 2024)"
3530508,"Mococa",53861.69968,2020,"Riqueza",73338.7,"Produto Interno Bruto per capita (R$ de 2024)"
3530508,"Mococa",50412.66031,2022,"Riqueza",63120.7,"Produto Interno Bruto per capita (R$ de 2024)"
3530508,"Mococa",63828.35478,2024,"Riqueza",82440.92,"Produto Interno Bruto per capita (R$ de 2024)"
3530607,"Mogi das Cruzes",59913.85619,2014,"Riqueza",90454.96,"Produto Interno Bruto per capita (R$ de 2024)"
3530607,"Mogi das Cruzes",61286.42705,2016,"Riqueza",82888.73,"Produto Interno Bruto per capita (R$ de 2024)"
3530607,"Mogi das Cruzes",59913.85619,2018,"Riqueza",82943.19,"Produto Interno Bruto per capita (R$ de 2024)"
3530607,"Mogi das Cruzes",53956.88164,2020,"Riqueza",73338.7,"Produto Interno Bruto per capita (R$ de 2024)"
3530607,"Mogi das Cruzes",49496.63796,2022,"Riqueza",63120.7,"Produto Interno Bruto per capita (R$ de 2024)"
3530607,"Mogi das Cruzes",61010.7982,2024,"Riqueza",82440.92,"Produto Interno Bruto per capita (R$ de 2024)"
3530706,"Mogi Guaçu",66315.15222,2014,"Riqueza",90454.96,"Produto Interno Bruto per capita (R$ de 2024)"
3530706,"Mogi Guaçu",61108.14423,2016,"Riqueza",82888.73,"Produto Interno Bruto per capita (R$ de 2024)"
3530706,"Mogi Guaçu",66315.15222,2018,"Riqueza",82943.19,"Produto Interno Bruto per capita (R$ de 2024)"
3530706,"Mogi Guaçu",57260.71742,2020,"Riqueza",73338.7,"Produto Interno Bruto per capita (R$ de 2024)"
3530706,"Mogi Guaçu",52240.99685,2022,"Riqueza",63120.7,"Produto Interno Bruto per capita (R$ de 2024)"
3530706,"Mogi Guaçu",65126.15185,2024,"Riqueza",82440.92,"Produto Interno Bruto per capita (R$ de 2024)"
3530805,"Mogi Mirim",84643.36328,2014,"Riqueza",90454.96,"Produto Interno Bruto per capita (R$ de 2024)"
3530805,"Mogi Mirim",84682.77969,2016,"Riqueza",82888.73,"Produto Interno Bruto per capita (R$ de 2024)"
3530805,"Mogi Mirim",84643.36328,2018,"Riqueza",82943.19,"Produto Interno Bruto per capita (R$ de 2024)"
3530805,"Mogi Mirim",76798.51055,2020,"Riqueza",73338.7,"Produto Interno Bruto per capita (R$ de 2024)"
3530805,"Mogi Mirim",77555.91809,2022,"Riqueza",63120.7,"Produto Interno Bruto per capita (R$ de 2024)"
3530805,"Mogi Mirim",93406.90011,2024,"Riqueza",82440.92,"Produto Interno Bruto per capita (R$ de 2024)"
3530904,"Mombuca",49774.00053,2014,"Riqueza",90454.96,"Produto Interno Bruto per capita (R$ de 2024)"
3530904,"Mombuca",35668.93068,2016,"Riqueza",82888.73,"Produto Interno Bruto per capita (R$ de 2024)"
3530904,"Mombuca",49774.00053,2018,"Riqueza",82943.19,"Produto Interno Bruto per capita (R$ de 2024)"
3530904,"Mombuca",41601.17326,2020,"Riqueza",73338.7,"Produto Interno Bruto per capita (R$ de 2024)"
3530904,"Mombuca",38947.6415,2022,"Riqueza",63120.7,"Produto Interno Bruto per capita (R$ de 2024)"
3530904,"Mombuca",51108.12965,2024,"Riqueza",82440.92,"Produto Interno Bruto per capita (R$ de 2024)"
3531001,"Monções",45470.21322,2014,"Riqueza",90454.96,"Produto Interno Bruto per capita (R$ de 2024)"
3531001,"Monções",57877.56324,2016,"Riqueza",82888.73,"Produto Interno Bruto per capita (R$ de 2024)"
3531001,"Monções",45470.21322,2018,"Riqueza",82943.19,"Produto Interno Bruto per capita (R$ de 2024)"
3531001,"Monções",41012.75777,2020,"Riqueza",73338.7,"Produto Interno Bruto per capita (R$ de 2024)"
3531001,"Monções",32166.04287,2022,"Riqueza",63120.7,"Produto Interno Bruto per capita (R$ de 2024)"
3531001,"Monções",44663.46154,2024,"Riqueza",82440.92,"Produto Interno Bruto per capita (R$ de 2024)"
3531100,"Mongaguá",32271.36023,2014,"Riqueza",90454.96,"Produto Interno Bruto per capita (R$ de 2024)"
3531100,"Mongaguá",31360.11744,2016,"Riqueza",82888.73,"Produto Interno Bruto per capita (R$ de 2024)"
3531100,"Mongaguá",32271.36023,2018,"Riqueza",82943.19,"Produto Interno Bruto per capita (R$ de 2024)"
3531100,"Mongaguá",30726.6638,2020,"Riqueza",73338.7,"Produto Interno Bruto per capita (R$ de 2024)"
3531100,"Mongaguá",22112.67379,2022,"Riqueza",63120.7,"Produto Interno Bruto per capita (R$ de 2024)"
3531100,"Mongaguá",25734.21357,2024,"Riqueza",82440.92,"Produto Interno Bruto per capita (R$ de 2024)"
3531209,"Monte Alegre do Sul",38519.05961,2014,"Riqueza",90454.96,"Produto Interno Bruto per capita (R$ de 2024)"
3531209,"Monte Alegre do Sul",44947.58027,2016,"Riqueza",82888.73,"Produto Interno Bruto per capita (R$ de 2024)"
3531209,"Monte Alegre do Sul",38519.05961,2018,"Riqueza",82943.19,"Produto Interno Bruto per capita (R$ de 2024)"
3531209,"Monte Alegre do Sul",39160.4388,2020,"Riqueza",73338.7,"Produto Interno Bruto per capita (R$ de 2024)"
3531209,"Monte Alegre do Sul",32393.8492,2022,"Riqueza",63120.7,"Produto Interno Bruto per capita (R$ de 2024)"
3531209,"Monte Alegre do Sul",36948.80777,2024,"Riqueza",82440.92,"Produto Interno Bruto per capita (R$ de 2024)"
3531308,"Monte Alto",61859.62217,2014,"Riqueza",90454.96,"Produto Interno Bruto per capita (R$ de 2024)"
3531308,"Monte Alto",64471.02101,2016,"Riqueza",82888.73,"Produto Interno Bruto per capita (R$ de 2024)"
3531308,"Monte Alto",61859.62217,2018,"Riqueza",82943.19,"Produto Interno Bruto per capita (R$ de 2024)"
3531308,"Monte Alto",61768.94193,2020,"Riqueza",73338.7,"Produto Interno Bruto per capita (R$ de 2024)"
3531308,"Monte Alto",58268.6725,2022,"Riqueza",63120.7,"Produto Interno Bruto per capita (R$ de 2024)"
3531308,"Monte Alto",69386.63797,2024,"Riqueza",82440.92,"Produto Interno Bruto per capita (R$ de 2024)"
3531407,"Monte Aprazível",46935.8533,2014,"Riqueza",90454.96,"Produto Interno Bruto per capita (R$ de 2024)"
3531407,"Monte Aprazível",48275.55311,2016,"Riqueza",82888.73,"Produto Interno Bruto per capita (R$ de 2024)"
3531407,"Monte Aprazível",46935.8533,2018,"Riqueza",82943.19,"Produto Interno Bruto per capita (R$ de 2024)"
3531407,"Monte Aprazível",42637.16707,2020,"Riqueza",73338.7,"Produto Interno Bruto per capita (R$ de 2024)"
3531407,"Monte Aprazível",38776.70337,2022,"Riqueza",63120.7,"Produto Interno Bruto per capita (R$ de 2024)"
3531407,"Monte Aprazível",49873.00948,2024,"Riqueza",82440.92,"Produto Interno Bruto per capita (R$ de 2024)"
3531506,"Monte Azul Paulista",48078.52815,2014,"Riqueza",90454.96,"Produto Interno Bruto per capita (R$ de 2024)"
3531506,"Monte Azul Paulista",46829.97127,2016,"Riqueza",82888.73,"Produto Interno Bruto per capita (R$ de 2024)"
3531506,"Monte Azul Paulista",48078.52815,2018,"Riqueza",82943.19,"Produto Interno Bruto per capita (R$ de 2024)"
3531506,"Monte Azul Paulista",43825.29279,2020,"Riqueza",73338.7,"Produto Interno Bruto per capita (R$ de 2024)"
3531506,"Monte Azul Paulista",43614.96358,2022,"Riqueza",63120.7,"Produto Interno Bruto per capita (R$ de 2024)"
3531506,"Monte Azul Paulista",57460.752,2024,"Riqueza",82440.92,"Produto Interno Bruto per capita (R$ de 2024)"
3531605,"Monte Castelo",42464.70907,2014,"Riqueza",90454.96,"Produto Interno Bruto per capita (R$ de 2024)"
3531605,"Monte Castelo",39439.25736,2016,"Riqueza",82888.73,"Produto Interno Bruto per capita (R$ de 2024)"
3531605,"Monte Castelo",42464.70907,2018,"Riqueza",82943.19,"Produto Interno Bruto per capita (R$ de 2024)"
3531605,"Monte Castelo",41017.7201,2020,"Riqueza",73338.7,"Produto Interno Bruto per capita (R$ de 2024)"
3531605,"Monte Castelo",30419.71739,2022,"Riqueza",63120.7,"Produto Interno Bruto per capita (R$ de 2024)"
3531605,"Monte Castelo",41209.05428,2024,"Riqueza",82440.92,"Produto Interno Bruto per capita (R$ de 2024)"
3531704,"Monteiro Lobato",24513.25192,2014,"Riqueza",90454.96,"Produto Interno Bruto per capita (R$ de 2024)"
3531704,"Monteiro Lobato",23558.90052,2016,"Riqueza",82888.73,"Produto Interno Bruto per capita (R$ de 2024)"
3531704,"Monteiro Lobato",24513.25192,2018,"Riqueza",82943.19,"Produto Interno Bruto per capita (R$ de 2024)"
3531704,"Monteiro Lobato",22476.10746,2020,"Riqueza",73338.7,"Produto Interno Bruto per capita (R$ de 2024)"
3531704,"Monteiro Lobato",21435.73919,2022,"Riqueza",63120.7,"Produto Interno Bruto per capita (R$ de 2024)"
3531704,"Monteiro Lobato",29377.46276,2024,"Riqueza",82440.92,"Produto Interno Bruto per capita (R$ de 2024)"
3531803,"Monte Mor",100192.1411,2014,"Riqueza",90454.96,"Produto Interno Bruto per capita (R$ de 2024)"
3531803,"Monte Mor",72083.33351,2016,"Riqueza",82888.73,"Produto Interno Bruto per capita (R$ de 2024)"
3531803,"Monte Mor",100192.1411,2018,"Riqueza",82943.19,"Produto Interno Bruto per capita (R$ de 2024)"
3531803,"Monte Mor",85081.88696,2020,"Riqueza",73338.7,"Produto Interno Bruto per capita (R$ de 2024)"
3531803,"Monte Mor",72078.73678,2022,"Riqueza",63120.7,"Produto Interno Bruto per capita (R$ de 2024)"
3531803,"Monte Mor",97227.66333,2024,"Riqueza",82440.92,"Produto Interno Bruto per capita (R$ de 2024)"
3531902,"Morro Agudo",61259.29713,2014,"Riqueza",90454.96,"Produto Interno Bruto per capita (R$ de 2024)"
3531902,"Morro Agudo",70395.46024,2016,"Riqueza",82888.73,"Produto Interno Bruto per capita (R$ de 2024)"
3531902,"Morro Agudo",61259.29713,2018,"Riqueza",82943.19,"Produto Interno Bruto per capita (R$ de 2024)"
3531902,"Morro Agudo",56632.82657,2020,"Riqueza",73338.7,"Produto Interno Bruto per capita (R$ de 2024)"
3531902,"Morro Agudo",51269.05787,2022,"Riqueza",63120.7,"Produto Interno Bruto per capita (R$ de 2024)"
3531902,"Morro Agudo",77060.49951,2024,"Riqueza",82440.92,"Produto Interno Bruto per capita (R$ de 2024)"
3532009,"Morungaba",58075.23509,2014,"Riqueza",90454.96,"Produto Interno Bruto per capita (R$ de 2024)"
3532009,"Morungaba",55195.93967,2016,"Riqueza",82888.73,"Produto Interno Bruto per capita (R$ de 2024)"
3532009,"Morungaba",58075.23509,2018,"Riqueza",82943.19,"Produto Interno Bruto per capita (R$ de 2024)"
3532009,"Morungaba",57311.69162,2020,"Riqueza",73338.7,"Produto Interno Bruto per capita (R$ de 2024)"
3532009,"Morungaba",50442.4727,2022,"Riqueza",63120.7,"Produto Interno Bruto per capita (R$ de 2024)"
3532009,"Morungaba",58486.1961,2024,"Riqueza",82440.92,"Produto Interno Bruto per capita (R$ de 2024)"
3532058,"Motuca",29477.06698,2014,"Riqueza",90454.96,"Produto Interno Bruto per capita (R$ de 2024)"
3532058,"Motuca",32187.94373,2016,"Riqueza",82888.73,"Produto Interno Bruto per capita (R$ de 2024)"
3532058,"Motuca",29477.06698,2018,"Riqueza",82943.19,"Produto Interno Bruto per capita (R$ de 2024)"
3532058,"Motuca",32896.90722,2020,"Riqueza",73338.7,"Produto Interno Bruto per capita (R$ de 2024)"
3532058,"Motuca",32118.2783,2022,"Riqueza",63120.7,"Produto Interno Bruto per capita (R$ de 2024)"
3532058,"Motuca",46696.08342,2024,"Riqueza",82440.92,"Produto Interno Bruto per capita (R$ de 2024)"
3532108,"Murutinga do Sul",25282.44134,2014,"Riqueza",90454.96,"Produto Interno Bruto per capita (R$ de 2024)"
3532108,"Murutinga do Sul",24347.76286,2016,"Riqueza",82888.73,"Produto Interno Bruto per capita (R$ de 2024)"
3532108,"Murutinga do Sul",25282.44134,2018,"Riqueza",82943.19,"Produto Interno Bruto per capita (R$ de 2024)"
3532108,"Murutinga do Sul",27425.89279,2020,"Riqueza",73338.7,"Produto Interno Bruto per capita (R$ de 2024)"
3532108,"Murutinga do Sul",21964.6811,2022,"Riqueza",63120.7,"Produto Interno Bruto per capita (R$ de 2024)"
3532108,"Murutinga do Sul",33421.67353,2024,"Riqueza",82440.92,"Produto Interno Bruto per capita (R$ de 2024)"
3532157,"Nantes",65721.86674,2014,"Riqueza",90454.96,"Produto Interno Bruto per capita (R$ de 2024)"
3532157,"Nantes",57457.42224,2016,"Riqueza",82888.73,"Produto Interno Bruto per capita (R$ de 2024)"
3532157,"Nantes",65721.86674,2018,"Riqueza",82943.19,"Produto Interno Bruto per capita (R$ de 2024)"
3532157,"Nantes",56637.63327,2020,"Riqueza",73338.7,"Produto Interno Bruto per capita (R$ de 2024)"
3532157,"Nantes",57846.32535,2022,"Riqueza",63120.7,"Produto Interno Bruto per capita (R$ de 2024)"
3532157,"Nantes",77258.92179,2024,"Riqueza",82440.92,"Produto Interno Bruto per capita (R$ de 2024)"
3532207,"Narandiba",64931.44472,2014,"Riqueza",90454.96,"Produto Interno Bruto per capita (R$ de 2024)"
3532207,"Narandiba",87724.91389,2016,"Riqueza",82888.73,"Produto Interno Bruto per capita (R$ de 2024)"
3532207,"Narandiba",64931.44472,2018,"Riqueza",82943.19,"Produto Interno Bruto per capita (R$ de 2024)"
3532207,"Narandiba",74670.80287,2020,"Riqueza",73338.7,"Produto Interno Bruto per capita (R$ de 2024)"
3532207,"Narandiba",127303.9847,2022,"Riqueza",63120.7,"Produto Interno Bruto per capita (R$ de 2024)"
3532207,"Narandiba",161948.6532,2024,"Riqueza",82440.92,"Produto Interno Bruto per capita (R$ de 2024)"
3532306,"Natividade da Serra",17882.62498,2014,"Riqueza",90454.96,"Produto Interno Bruto per capita (R$ de 2024)"
3532306,"Natividade da Serra",17522.35042,2016,"Riqueza",82888.73,"Produto Interno Bruto per capita (R$ de 2024)"
3532306,"Natividade da Serra",17882.62498,2018,"Riqueza",82943.19,"Produto Interno Bruto per capita (R$ de 2024)"
3532306,"Natividade da Serra",17688.97028,2020,"Riqueza",73338.7,"Produto Interno Bruto per capita (R$ de 2024)"
3532306,"Natividade da Serra",16913.04499,2022,"Riqueza",63120.7,"Produto Interno Bruto per capita (R$ de 2024)"
3532306,"Natividade da Serra",24405.10481,2024,"Riqueza",82440.92,"Produto Interno Bruto per capita (R$ de 2024)"
3532405,"Nazaré Paulista",31307.67666,2014,"Riqueza",90454.96,"Produto Interno Bruto per capita (R$ de 2024)"
3532405,"Nazaré Paulista",31033.32205,2016,"Riqueza",82888.73,"Produto Interno Bruto per capita (R$ de 2024)"
3532405,"Nazaré Paulista",31307.67666,2018,"Riqueza",82943.19,"Produto Interno Bruto per capita (R$ de 2024)"
3532405,"Nazaré Paulista",30933.90472,2020,"Riqueza",73338.7,"Produto Interno Bruto per capita (R$ de 2024)"
3532405,"Nazaré Paulista",27198.83107,2022,"Riqueza",63120.7,"Produto Interno Bruto per capita (R$ de 2024)"
3532405,"Nazaré Paulista",34698.24123,2024,"Riqueza",82440.92,"Produto Interno Bruto per capita (R$ de 2024)"
3532504,"Neves Paulista",40492.87082,2014,"Riqueza",90454.96,"Produto Interno Bruto per capita (R$ de 2024)"
3532504,"Neves Paulista",38177.4228,2016,"Riqueza",82888.73,"Produto Interno Bruto per capita (R$ de 2024)"
3532504,"Neves Paulista",40492.87082,2018,"Riqueza",82943.19,"Produto Interno Bruto per capita (R$ de 2024)"
3532504,"Neves Paulista",38964.93086,2020,"Riqueza",73338.7,"Produto Interno Bruto per capita (R$ de 2024)"
3532504,"Neves Paulista",31684.89497,2022,"Riqueza",63120.7,"Produto Interno Bruto per capita (R$ de 2024)"
3532504,"Neves Paulista",42118.1271,2024,"Riqueza",82440.92,"Produto Interno Bruto per capita (R$ de 2024)"
3532603,"Nhandeara",49640.86275,2014,"Riqueza",90454.96,"Produto Interno Bruto per capita (R$ de 2024)"
3532603,"Nhandeara",46481.72071,2016,"Riqueza",82888.73,"Produto Interno Bruto per capita (R$ de 2024)"
3532603,"Nhandeara",49640.86275,2018,"Riqueza",82943.19,"Produto Interno Bruto per capita (R$ de 2024)"
3532603,"Nhandeara",45152.61931,2020,"Riqueza",73338.7,"Produto Interno Bruto per capita (R$ de 2024)"
3532603,"Nhandeara",43523.81947,2022,"Riqueza",63120.7,"Produto Interno Bruto per capita (R$ de 2024)"
3532603,"Nhandeara",56359.62373,2024,"Riqueza",82440.92,"Produto Interno Bruto per capita (R$ de 2024)"
3532702,"Nipoã",32022.80372,2014,"Riqueza",90454.96,"Produto Interno Bruto per capita (R$ de 2024)"
3532702,"Nipoã",32397.14846,2016,"Riqueza",82888.73,"Produto Interno Bruto per capita (R$ de 2024)"
3532702,"Nipoã",32022.80372,2018,"Riqueza",82943.19,"Produto Interno Bruto per capita (R$ de 2024)"
3532702,"Nipoã",25752.48387,2020,"Riqueza",73338.7,"Produto Interno Bruto per capita (R$ de 2024)"
3532702,"Nipoã",21398.12789,2022,"Riqueza",63120.7,"Produto Interno Bruto per capita (R$ de 2024)"
3532702,"Nipoã",32822.04626,2024,"Riqueza",82440.92,"Produto Interno Bruto per capita (R$ de 2024)"
3532801,"Nova Aliança",45104.04032,2014,"Riqueza",90454.96,"Produto Interno Bruto per capita (R$ de 2024)"
3532801,"Nova Aliança",33359.58461,2016,"Riqueza",82888.73,"Produto Interno Bruto per capita (R$ de 2024)"
3532801,"Nova Aliança",45104.04032,2018,"Riqueza",82943.19,"Produto Interno Bruto per capita (R$ de 2024)"
3532801,"Nova Aliança",49663.37817,2020,"Riqueza",73338.7,"Produto Interno Bruto per capita (R$ de 2024)"
3532801,"Nova Aliança",56539.34764,2022,"Riqueza",63120.7,"Produto Interno Bruto per capita (R$ de 2024)"
3532801,"Nova Aliança",57029.09625,2024,"Riqueza",82440.92,"Produto Interno Bruto per capita (R$ de 2024)"
3532827,"Nova Campina",19292.21458,2014,"Riqueza",90454.96,"Produto Interno Bruto per capita (R$ de 2024)"
3532827,"Nova Campina",54505.48822,2016,"Riqueza",82888.73,"Produto Interno Bruto per capita (R$ de 2024)"
3532827,"Nova Campina",19292.21458,2018,"Riqueza",82943.19,"Produto Interno Bruto per capita (R$ de 2024)"
3532827,"Nova Campina",19554.87253,2020,"Riqueza",73338.7,"Produto Interno Bruto per capita (R$ de 2024)"
3532827,"Nova Campina",26544.15521,2022,"Riqueza",63120.7,"Produto Interno Bruto per capita (R$ de 2024)"
3532827,"Nova Campina",33085.45089,2024,"Riqueza",82440.92,"Produto Interno Bruto per capita (R$ de 2024)"
3532843,"Nova Canaã Paulista",33123.38747,2014,"Riqueza",90454.96,"Produto Interno Bruto per capita (R$ de 2024)"
3532843,"Nova Canaã Paulista",30512.62689,2016,"Riqueza",82888.73,"Produto Interno Bruto per capita (R$ de 2024)"
3532843,"Nova Canaã Paulista",33123.38747,2018,"Riqueza",82943.19,"Produto Interno Bruto per capita (R$ de 2024)"
3532843,"Nova Canaã Paulista",32623.12363,2020,"Riqueza",73338.7,"Produto Interno Bruto per capita (R$ de 2024)"
3532843,"Nova Canaã Paulista",22250.74863,2022,"Riqueza",63120.7,"Produto Interno Bruto per capita (R$ de 2024)"
3532843,"Nova Canaã Paulista",30673.66317,2024,"Riqueza",82440.92,"Produto Interno Bruto per capita (R$ de 2024)"
3532868,"Nova Castilho",57455.58269,2014,"Riqueza",90454.96,"Produto Interno Bruto per capita (R$ de 2024)"
3532868,"Nova Castilho",62534.17151,2016,"Riqueza",82888.73,"Produto Interno Bruto per capita (R$ de 2024)"
3532868,"Nova Castilho",57455.58269,2018,"Riqueza",82943.19,"Produto Interno Bruto per capita (R$ de 2024)"
3532868,"Nova Castilho",64533.02687,2020,"Riqueza",73338.7,"Produto Interno Bruto per capita (R$ de 2024)"
3532868,"Nova Castilho",58508.3979,2022,"Riqueza",63120.7,"Produto Interno Bruto per capita (R$ de 2024)"
3532868,"Nova Castilho",93901.2464,2024,"Riqueza",82440.92,"Produto Interno Bruto per capita (R$ de 2024)"
3532900,"Nova Europa",44278.89255,2014,"Riqueza",90454.96,"Produto Interno Bruto per capita (R$ de 2024)"
3532900,"Nova Europa",54322.82192,2016,"Riqueza",82888.73,"Produto Interno Bruto per capita (R$ de 2024)"
3532900,"Nova Europa",44278.89255,2018,"Riqueza",82943.19,"Produto Interno Bruto per capita (R$ de 2024)"
3532900,"Nova Europa",44506.09045,2020,"Riqueza",73338.7,"Produto Interno Bruto per capita (R$ de 2024)"
3532900,"Nova Europa",45366.32156,2022,"Riqueza",63120.7,"Produto Interno Bruto per capita (R$ de 2024)"
3532900,"Nova Europa",64800.49902,2024,"Riqueza",82440.92,"Produto Interno Bruto per capita (R$ de 2024)"
3533007,"Nova Granada",34830.34917,2014,"Riqueza",90454.96,"Produto Interno Bruto per capita (R$ de 2024)"
3533007,"Nova Granada",36464.80106,2016,"Riqueza",82888.73,"Produto Interno Bruto per capita (R$ de 2024)"
3533007,"Nova Granada",34830.34917,2018,"Riqueza",82943.19,"Produto Interno Bruto per capita (R$ de 2024)"
3533007,"Nova Granada",31757.5887,2020,"Riqueza",73338.7,"Produto Interno Bruto per capita (R$ de 2024)"
3533007,"Nova Granada",29983.45975,2022,"Riqueza",63120.7,"Produto Interno Bruto per capita (R$ de 2024)"
3533007,"Nova Granada",40681.7241,2024,"Riqueza",82440.92,"Produto Interno Bruto per capita (R$ de 2024)"
3533106,"Nova Guataporanga",23552.93398,2014,"Riqueza",90454.96,"Produto Interno Bruto per capita (R$ de 2024)"
3533106,"Nova Guataporanga",23676.70284,2016,"Riqueza",82888.73,"Produto Interno Bruto per capita (R$ de 2024)"
3533106,"Nova Guataporanga",23552.93398,2018,"Riqueza",82943.19,"Produto Interno Bruto per capita (R$ de 2024)"
3533106,"Nova Guataporanga",22859.44766,2020,"Riqueza",73338.7,"Produto Interno Bruto per capita (R$ de 2024)"
3533106,"Nova Guataporanga",17574.36217,2022,"Riqueza",63120.7,"Produto Interno Bruto per capita (R$ de 2024)"
3533106,"Nova Guataporanga",23838.09078,2024,"Riqueza",82440.92,"Produto Interno Bruto per capita (R$ de 2024)"
3533205,"Nova Independência",64647.02258,2014,"Riqueza",90454.96,"Produto Interno Bruto per capita (R$ de 2024)"
3533205,"Nova Independência",62637.27613,2016,"Riqueza",82888.73,"Produto Interno Bruto per capita (R$ de 2024)"
3533205,"Nova Independência",64647.02258,2018,"Riqueza",82943.19,"Produto Interno Bruto per capita (R$ de 2024)"
3533205,"Nova Independência",68372.67612,2020,"Riqueza",73338.7,"Produto Interno Bruto per capita (R$ de 2024)"
3533205,"Nova Independência",44260.48677,2022,"Riqueza",63120.7,"Produto Interno Bruto per capita (R$ de 2024)"
3533205,"Nova Independência",63476.84036,2024,"Riqueza",82440.92,"Produto Interno Bruto per capita (R$ de 2024)"
3533254,"Novais",18007.85144,2014,"Riqueza",90454.96,"Produto Interno Bruto per capita (R$ de 2024)"
3533254,"Novais",16519.55165,2016,"Riqueza",82888.73,"Produto Interno Bruto per capita (R$ de 2024)"
3533254,"Novais",18007.85144,2018,"Riqueza",82943.19,"Produto Interno Bruto per capita (R$ de 2024)"
3533254,"Novais",18765.11548,2020,"Riqueza",73338.7,"Produto Interno Bruto per capita (R$ de 2024)"
3533254,"Novais",18232.21645,2022,"Riqueza",63120.7,"Produto Interno Bruto per capita (R$ de 2024)"
3533254,"Novais",25931.31868,2024,"Riqueza",82440.92,"Produto Interno Bruto per capita (R$ de 2024)"
3533304,"Nova Luzitânia",20899.4005,2014,"Riqueza",90454.96,"Produto Interno Bruto per capita (R$ de 2024)"
3533304,"Nova Luzitânia",19895.04945,2016,"Riqueza",82888.73,"Produto Interno Bruto per capita (R$ de 2024)"
3533304,"Nova Luzitânia",20899.4005,2018,"Riqueza",82943.19,"Produto Interno Bruto per capita (R$ de 2024)"
3533304,"Nova Luzitânia",18554.85879,2020,"Riqueza",73338.7,"Produto Interno Bruto per capita (R$ de 2024)"
3533304,"Nova Luzitânia",20661.3625,2022,"Riqueza",63120.7,"Produto Interno Bruto per capita (R$ de 2024)"
3533304,"Nova Luzitânia",27741.51917,2024,"Riqueza",82440.92,"Produto Interno Bruto per capita (R$ de 2024)"
3533403,"Nova Odessa",102951.8503,2014,"Riqueza",90454.96,"Produto Interno Bruto per capita (R$ de 2024)"
3533403,"Nova Odessa",89250.79559,2016,"Riqueza",82888.73,"Produto Interno Bruto per capita (R$ de 2024)"
3533403,"Nova Odessa",102951.8503,2018,"Riqueza",82943.19,"Produto Interno Bruto per capita (R$ de 2024)"
3533403,"Nova Odessa",86529.2107,2020,"Riqueza",73338.7,"Produto Interno Bruto per capita (R$ de 2024)"
3533403,"Nova Odessa",73085.37351,2022,"Riqueza",63120.7,"Produto Interno Bruto per capita (R$ de 2024)"
3533403,"Nova Odessa",94965.66179,2024,"Riqueza",82440.92,"Produto Interno Bruto per capita (R$ de 2024)"
3533502,"Novo Horizonte",46939.93533,2014,"Riqueza",90454.96,"Produto Interno Bruto per capita (R$ de 2024)"
3533502,"Novo Horizonte",57766.75868,2016,"Riqueza",82888.73,"Produto Interno Bruto per capita (R$ de 2024)"
3533502,"Novo Horizonte",46939.93533,2018,"Riqueza",82943.19,"Produto Interno Bruto per capita (R$ de 2024)"
3533502,"Novo Horizonte",49285.64575,2020,"Riqueza",73338.7,"Produto Interno Bruto per capita (R$ de 2024)"
3533502,"Novo Horizonte",46630.26308,2022,"Riqueza",63120.7,"Produto Interno Bruto per capita (R$ de 2024)"
3533502,"Novo Horizonte",64618.40223,2024,"Riqueza",82440.92,"Produto Interno Bruto per capita (R$ de 2024)"
3533601,"Nuporanga",119696.0939,2014,"Riqueza",90454.96,"Produto Interno Bruto per capita (R$ de 2024)"
3533601,"Nuporanga",116462.705,2016,"Riqueza",82888.73,"Produto Interno Bruto per capita (R$ de 2024)"
3533601,"Nuporanga",119696.0939,2018,"Riqueza",82943.19,"Produto Interno Bruto per capita (R$ de 2024)"
3533601,"Nuporanga",137035.3438,2020,"Riqueza",73338.7,"Produto Interno Bruto per capita (R$ de 2024)"
3533601,"Nuporanga",133220.3862,2022,"Riqueza",63120.7,"Produto Interno Bruto per capita (R$ de 2024)"
3533601,"Nuporanga",177401.0967,2024,"Riqueza",82440.92,"Produto Interno Bruto per capita (R$ de 2024)"
3533700,"Ocauçu",46131.52174,2014,"Riqueza",90454.96,"Produto Interno Bruto per capita (R$ de 2024)"
3533700,"Ocauçu",41085.59397,2016,"Riqueza",82888.73,"Produto Interno Bruto per capita (R$ de 2024)"
3533700,"Ocauçu",46131.52174,2018,"Riqueza",82943.19,"Produto Interno Bruto per capita (R$ de 2024)"
3533700,"Ocauçu",59431.53883,2020,"Riqueza",73338.7,"Produto Interno Bruto per capita (R$ de 2024)"
3533700,"Ocauçu",29203.35405,2022,"Riqueza",63120.7,"Produto Interno Bruto per capita (R$ de 2024)"
3533700,"Ocauçu",40517.61455,2024,"Riqueza",82440.92,"Produto Interno Bruto per capita (R$ de 2024)"
3533809,"Óleo",53825.79667,2014,"Riqueza",90454.96,"Produto Interno Bruto per capita (R$ de 2024)"
3533809,"Óleo",60959.22795,2016,"Riqueza",82888.73,"Produto Interno Bruto per capita (R$ de 2024)"
3533809,"Óleo",53825.79667,2018,"Riqueza",82943.19,"Produto Interno Bruto per capita (R$ de 2024)"
3533809,"Óleo",70122.44844,2020,"Riqueza",73338.7,"Produto Interno Bruto per capita (R$ de 2024)"
3533809,"Óleo",47687.47984,2022,"Riqueza",63120.7,"Produto Interno Bruto per capita (R$ de 2024)"
3533809,"Óleo",62346.71533,2024,"Riqueza",82440.92,"Produto Interno Bruto per capita (R$ de 2024)"
3533908,"Olímpia",64501.27838,2014,"Riqueza",90454.96,"Produto Interno Bruto per capita (R$ de 2024)"
3533908,"Olímpia",64909.81743,2016,"Riqueza",82888.73,"Produto Interno Bruto per capita (R$ de 2024)"
3533908,"Olímpia",64501.27838,2018,"Riqueza",82943.19,"Produto Interno Bruto per capita (R$ de 2024)"
3533908,"Olímpia",55731.49589,2020,"Riqueza",73338.7,"Produto Interno Bruto per capita (R$ de 2024)"
3533908,"Olímpia",55689.80722,2022,"Riqueza",63120.7,"Produto Interno Bruto per capita (R$ de 2024)"
3533908,"Olímpia",68705.88763,2024,"Riqueza",82440.92,"Produto Interno Bruto per capita (R$ de 2024)"
3534005,"Onda Verde",65740.68545,2014,"Riqueza",90454.96,"Produto Interno Bruto per capita (R$ de 2024)"
3534005,"Onda Verde",87393.96404,2016,"Riqueza",82888.73,"Produto Interno Bruto per capita (R$ de 2024)"
3534005,"Onda Verde",65740.68545,2018,"Riqueza",82943.19,"Produto Interno Bruto per capita (R$ de 2024)"
3534005,"Onda Verde",61839.27486,2020,"Riqueza",73338.7,"Produto Interno Bruto per capita (R$ de 2024)"
3534005,"Onda Verde",50811.66963,2022,"Riqueza",63120.7,"Produto Interno Bruto per capita (R$ de 2024)"
3534005,"Onda Verde",81493.65014,2024,"Riqueza",82440.92,"Produto Interno Bruto per capita (R$ de 2024)"
3534104,"Oriente",26369.04063,2014,"Riqueza",90454.96,"Produto Interno Bruto per capita (R$ de 2024)"
3534104,"Oriente",27733.91967,2016,"Riqueza",82888.73,"Produto Interno Bruto per capita (R$ de 2024)"
3534104,"Oriente",26369.04063,2018,"Riqueza",82943.19,"Produto Interno Bruto per capita (R$ de 2024)"
3534104,"Oriente",24799.99673,2020,"Riqueza",73338.7,"Produto Interno Bruto per capita (R$ de 2024)"
3534104,"Oriente",23885.13294,2022,"Riqueza",63120.7,"Produto Interno Bruto per capita (R$ de 2024)"
3534104,"Oriente",34484.60775,2024,"Riqueza",82440.92,"Produto Interno Bruto per capita (R$ de 2024)"
3534203,"Orindiúva",100476.012,2014,"Riqueza",90454.96,"Produto Interno Bruto per capita (R$ de 2024)"
3534203,"Orindiúva",121733.1324,2016,"Riqueza",82888.73,"Produto Interno Bruto per capita (R$ de 2024)"
3534203,"Orindiúva",100476.012,2018,"Riqueza",82943.19,"Produto Interno Bruto per capita (R$ de 2024)"
3534203,"Orindiúva",103402.984,2020,"Riqueza",73338.7,"Produto Interno Bruto per capita (R$ de 2024)"
3534203,"Orindiúva",113629.4152,2022,"Riqueza",63120.7,"Produto Interno Bruto per capita (R$ de 2024)"
3534203,"Orindiúva",147421.2006,2024,"Riqueza",82440.92,"Produto Interno Bruto per capita (R$ de 2024)"
3534302,"Orlândia",72462.25708,2014,"Riqueza",90454.96,"Produto Interno Bruto per capita (R$ de 2024)"
3534302,"Orlândia",68203.19904,2016,"Riqueza",82888.73,"Produto Interno Bruto per capita (R$ de 2024)"
3534302,"Orlândia",72462.25708,2018,"Riqueza",82943.19,"Produto Interno Bruto per capita (R$ de 2024)"
3534302,"Orlândia",71028.2788,2020,"Riqueza",73338.7,"Produto Interno Bruto per capita (R$ de 2024)"
3534302,"Orlândia",73334.43796,2022,"Riqueza",63120.7,"Produto Interno Bruto per capita (R$ de 2024)"
3534302,"Orlândia",92137.07354,2024,"Riqueza",82440.92,"Produto Interno Bruto per capita (R$ de 2024)"
3534401,"Osasco",186583.6988,2014,"Riqueza",90454.96,"Produto Interno Bruto per capita (R$ de 2024)"
3534401,"Osasco",194510.3837,2016,"Riqueza",82888.73,"Produto Interno Bruto per capita (R$ de 2024)"
3534401,"Osasco",186583.6988,2018,"Riqueza",82943.19,"Produto Interno Bruto per capita (R$ de 2024)"
3534401,"Osasco",154304.334,2020,"Riqueza",73338.7,"Produto Interno Bruto per capita (R$ de 2024)"
3534401,"Osasco",147981.6611,2022,"Riqueza",63120.7,"Produto Interno Bruto per capita (R$ de 2024)"
3534401,"Osasco",174703.9158,2024,"Riqueza",82440.92,"Produto Interno Bruto per capita (R$ de 2024)"
3534500,"Oscar Bressane",59531.37351,2014,"Riqueza",90454.96,"Produto Interno Bruto per capita (R$ de 2024)"
3534500,"Oscar Bressane",58651.3136,2016,"Riqueza",82888.73,"Produto Interno Bruto per capita (R$ de 2024)"
3534500,"Oscar Bressane",59531.37351,2018,"Riqueza",82943.19,"Produto Interno Bruto per capita (R$ de 2024)"
3534500,"Oscar Bressane",57314.75111,2020,"Riqueza",73338.7,"Produto Interno Bruto per capita (R$ de 2024)"
3534500,"Oscar Bressane",41558.52641,2022,"Riqueza",63120.7,"Produto Interno Bruto per capita (R$ de 2024)"
3534500,"Oscar Bressane",54607.1723,2024,"Riqueza",82440.92,"Produto Interno Bruto per capita (R$ de 2024)"
3534609,"Osvaldo Cruz",44920.57998,2014,"Riqueza",90454.96,"Produto Interno Bruto per capita (R$ de 2024)"
3534609,"Osvaldo Cruz",55157.65486,2016,"Riqueza",82888.73,"Produto Interno Bruto per capita (R$ de 2024)"
3534609,"Osvaldo Cruz",44920.57998,2018,"Riqueza",82943.19,"Produto Interno Bruto per capita (R$ de 2024)"
3534609,"Osvaldo Cruz",43726.19828,2020,"Riqueza",73338.7,"Produto Interno Bruto per capita (R$ de 2024)"
3534609,"Osvaldo Cruz",38630.49609,2022,"Riqueza",63120.7,"Produto Interno Bruto per capita (R$ de 2024)"
3534609,"Osvaldo Cruz",55605.99647,2024,"Riqueza",82440.92,"Produto Interno Bruto per capita (R$ de 2024)"
3534708,"Ourinhos",46464.34916,2014,"Riqueza",90454.96,"Produto Interno Bruto per capita (R$ de 2024)"
3534708,"Ourinhos",45439.12077,2016,"Riqueza",82888.73,"Produto Interno Bruto per capita (R$ de 2024)"
3534708,"Ourinhos",46464.34916,2018,"Riqueza",82943.19,"Produto Interno Bruto per capita (R$ de 2024)"
3534708,"Ourinhos",43669.8198,2020,"Riqueza",73338.7,"Produto Interno Bruto per capita (R$ de 2024)"
3534708,"Ourinhos",42112.96435,2022,"Riqueza",63120.7,"Produto Interno Bruto per capita (R$ de 2024)"
3534708,"Ourinhos",50899.64993,2024,"Riqueza",82440.92,"Produto Interno Bruto per capita (R$ de 2024)"
3534757,"Ouroeste",73138.09573,2014,"Riqueza",90454.96,"Produto Interno Bruto per capita (R$ de 2024)"
3534757,"Ouroeste",80784.30937,2016,"Riqueza",82888.73,"Produto Interno Bruto per capita (R$ de 2024)"
3534757,"Ouroeste",73138.09573,2018,"Riqueza",82943.19,"Produto Interno Bruto per capita (R$ de 2024)"
3534757,"Ouroeste",83947.96246,2020,"Riqueza",73338.7,"Produto Interno Bruto per capita (R$ de 2024)"
3534757,"Ouroeste",58001.54796,2022,"Riqueza",63120.7,"Produto Interno Bruto per capita (R$ de 2024)"
3534757,"Ouroeste",68461.49458,2024,"Riqueza",82440.92,"Produto Interno Bruto per capita (R$ de 2024)"
3534807,"Ouro Verde",22684.04132,2014,"Riqueza",90454.96,"Produto Interno Bruto per capita (R$ de 2024)"
3534807,"Ouro Verde",21690.18888,2016,"Riqueza",82888.73,"Produto Interno Bruto per capita (R$ de 2024)"
3534807,"Ouro Verde",22684.04132,2018,"Riqueza",82943.19,"Produto Interno Bruto per capita (R$ de 2024)"
3534807,"Ouro Verde",21209.63046,2020,"Riqueza",73338.7,"Produto Interno Bruto per capita (R$ de 2024)"
3534807,"Ouro Verde",18092.98403,2022,"Riqueza",63120.7,"Produto Interno Bruto per capita (R$ de 2024)"
3534807,"Ouro Verde",25919.1319,2024,"Riqueza",82440.92,"Produto Interno Bruto per capita (R$ de 2024)"
3534906,"Pacaembu",38384.95522,2014,"Riqueza",90454.96,"Produto Interno Bruto per capita (R$ de 2024)"
3534906,"Pacaembu",26794.0319,2016,"Riqueza",82888.73,"Produto Interno Bruto per capita (R$ de 2024)"
3534906,"Pacaembu",38384.95522,2018,"Riqueza",82943.19,"Produto Interno Bruto per capita (R$ de 2024)"
3534906,"Pacaembu",21738.67235,2020,"Riqueza",73338.7,"Produto Interno Bruto per capita (R$ de 2024)"
3534906,"Pacaembu",16123.82586,2022,"Riqueza",63120.7,"Produto Interno Bruto per capita (R$ de 2024)"
3534906,"Pacaembu",20324.35123,2024,"Riqueza",82440.92,"Produto Interno Bruto per capita (R$ de 2024)"
3535002,"Palestina",42118.17207,2014,"Riqueza",90454.96,"Produto Interno Bruto per capita (R$ de 2024)"
3535002,"Palestina",84694.66483,2016,"Riqueza",82888.73,"Produto Interno Bruto per capita (R$ de 2024)"
3535002,"Palestina",42118.17207,2018,"Riqueza",82943.19,"Produto Interno Bruto per capita (R$ de 2024)"
3535002,"Palestina",48622.36762,2020,"Riqueza",73338.7,"Produto Interno Bruto per capita (R$ de 2024)"
3535002,"Palestina",39911.17337,2022,"Riqueza",63120.7,"Produto Interno Bruto per capita (R$ de 2024)"
3535002,"Palestina",56309.91915,2024,"Riqueza",82440.92,"Produto Interno Bruto per capita (R$ de 2024)"
3535101,"Palmares Paulista",16047.2833,2014,"Riqueza",90454.96,"Produto Interno Bruto per capita (R$ de 2024)"
3535101,"Palmares Paulista",15839.78405,2016,"Riqueza",82888.73,"Produto Interno Bruto per capita (R$ de 2024)"
3535101,"Palmares Paulista",16047.2833,2018,"Riqueza",82943.19,"Produto Interno Bruto per capita (R$ de 2024)"
3535101,"Palmares Paulista",13910.16823,2020,"Riqueza",73338.7,"Produto Interno Bruto per capita (R$ de 2024)"
3535101,"Palmares Paulista",16073.16736,2022,"Riqueza",63120.7,"Produto Interno Bruto per capita (R$ de 2024)"
3535101,"Palmares Paulista",24094.7436,2024,"Riqueza",82440.92,"Produto Interno Bruto per capita (R$ de 2024)"
3535200,"Palmeira d'Oeste",33650.18196,2014,"Riqueza",90454.96,"Produto Interno Bruto per capita (R$ de 2024)"
3535200,"Palmeira d'Oeste",35607.92109,2016,"Riqueza",82888.73,"Produto Interno Bruto per capita (R$ de 2024)"
3535200,"Palmeira d'Oeste",33650.18196,2018,"Riqueza",82943.19,"Produto Interno Bruto per capita (R$ de 2024)"
3535200,"Palmeira d'Oeste",31103.56777,2020,"Riqueza",73338.7,"Produto Interno Bruto per capita (R$ de 2024)"
3535200,"Palmeira d'Oeste",25504.72387,2022,"Riqueza",63120.7,"Produto Interno Bruto per capita (R$ de 2024)"
3535200,"Palmeira d'Oeste",37834.89274,2024,"Riqueza",82440.92,"Produto Interno Bruto per capita (R$ de 2024)"
3535309,"Palmital",52597.15799,2014,"Riqueza",90454.96,"Produto Interno Bruto per capita (R$ de 2024)"
3535309,"Palmital",50389.56613,2016,"Riqueza",82888.73,"Produto Interno Bruto per capita (R$ de 2024)"
3535309,"Palmital",52597.15799,2018,"Riqueza",82943.19,"Produto Interno Bruto per capita (R$ de 2024)"
3535309,"Palmital",52652.39771,2020,"Riqueza",73338.7,"Produto Interno Bruto per capita (R$ de 2024)"
3535309,"Palmital",62930.56969,2022,"Riqueza",63120.7,"Produto Interno Bruto per capita (R$ de 2024)"
3535309,"Palmital",78295.49699,2024,"Riqueza",82440.92,"Produto Interno Bruto per capita (R$ de 2024)"
3535408,"Panorama",28903.66854,2014,"Riqueza",90454.96,"Produto Interno Bruto per capita (R$ de 2024)"
3535408,"Panorama",30012.34259,2016,"Riqueza",82888.73,"Produto Interno Bruto per capita (R$ de 2024)"
3535408,"Panorama",28903.66854,2018,"Riqueza",82943.19,"Produto Interno Bruto per capita (R$ de 2024)"
3535408,"Panorama",27048.84908,2020,"Riqueza",73338.7,"Produto Interno Bruto per capita (R$ de 2024)"
3535408,"Panorama",22489.64018,2022,"Riqueza",63120.7,"Produto Interno Bruto per capita (R$ de 2024)"
3535408,"Panorama",28634.58697,2024,"Riqueza",82440.92,"Produto Interno Bruto per capita (R$ de 2024)"
3535507,"Paraguaçu Paulista",57872.28598,2014,"Riqueza",90454.96,"Produto Interno Bruto per capita (R$ de 2024)"
3535507,"Paraguaçu Paulista",48049.94472,2016,"Riqueza",82888.73,"Produto Interno Bruto per capita (R$ de 2024)"
3535507,"Paraguaçu Paulista",57872.28598,2018,"Riqueza",82943.19,"Produto Interno Bruto per capita (R$ de 2024)"
3535507,"Paraguaçu Paulista",51300.95527,2020,"Riqueza",73338.7,"Produto Interno Bruto per capita (R$ de 2024)"
3535507,"Paraguaçu Paulista",63514.14313,2022,"Riqueza",63120.7,"Produto Interno Bruto per capita (R$ de 2024)"
3535507,"Paraguaçu Paulista",82939.60311,2024,"Riqueza",82440.92,"Produto Interno Bruto per capita (R$ de 2024)"
3535606,"Paraibuna",25483.64574,2014,"Riqueza",90454.96,"Produto Interno Bruto per capita (R$ de 2024)"
3535606,"Paraibuna",25141.04112,2016,"Riqueza",82888.73,"Produto Interno Bruto per capita (R$ de 2024)"
3535606,"Paraibuna",25483.64574,2018,"Riqueza",82943.19,"Produto Interno Bruto per capita (R$ de 2024)"
3535606,"Paraibuna",24581.96759,2020,"Riqueza",73338.7,"Produto Interno Bruto per capita (R$ de 2024)"
3535606,"Paraibuna",20255.41755,2022,"Riqueza",63120.7,"Produto Interno Bruto per capita (R$ de 2024)"
3535606,"Paraibuna",24845.64405,2024,"Riqueza",82440.92,"Produto Interno Bruto per capita (R$ de 2024)"
3535705,"Paraíso",59011.98127,2014,"Riqueza",90454.96,"Produto Interno Bruto per capita (R$ de 2024)"
3535705,"Paraíso",67200.36889,2016,"Riqueza",82888.73,"Produto Interno Bruto per capita (R$ de 2024)"
3535705,"Paraíso",59011.98127,2018,"Riqueza",82943.19,"Produto Interno Bruto per capita (R$ de 2024)"
3535705,"Paraíso",58538.4638,2020,"Riqueza",73338.7,"Produto Interno Bruto per capita (R$ de 2024)"
3535705,"Paraíso",54930.81251,2022,"Riqueza",63120.7,"Produto Interno Bruto per capita (R$ de 2024)"
3535705,"Paraíso",76533.5949,2024,"Riqueza",82440.92,"Produto Interno Bruto per capita (R$ de 2024)"
3535804,"Paranapanema",52754.38665,2014,"Riqueza",90454.96,"Produto Interno Bruto per capita (R$ de 2024)"
3535804,"Paranapanema",59527.09127,2016,"Riqueza",82888.73,"Produto Interno Bruto per capita (R$ de 2024)"
3535804,"Paranapanema",52754.38665,2018,"Riqueza",82943.19,"Produto Interno Bruto per capita (R$ de 2024)"
3535804,"Paranapanema",61694.15737,2020,"Riqueza",73338.7,"Produto Interno Bruto per capita (R$ de 2024)"
3535804,"Paranapanema",57405.42761,2022,"Riqueza",63120.7,"Produto Interno Bruto per capita (R$ de 2024)"
3535804,"Paranapanema",66844.10491,2024,"Riqueza",82440.92,"Produto Interno Bruto per capita (R$ de 2024)"
3535903,"Paranapuã",47498.67754,2014,"Riqueza",90454.96,"Produto Interno Bruto per capita (R$ de 2024)"
3535903,"Paranapuã",37532.48269,2016,"Riqueza",82888.73,"Produto Interno Bruto per capita (R$ de 2024)"
3535903,"Paranapuã",47498.67754,2018,"Riqueza",82943.19,"Produto Interno Bruto per capita (R$ de 2024)"
3535903,"Paranapuã",51851.34572,2020,"Riqueza",73338.7,"Produto Interno Bruto per capita (R$ de 2024)"
3535903,"Paranapuã",33095.69123,2022,"Riqueza",63120.7,"Produto Interno Bruto per capita (R$ de 2024)"
3535903,"Paranapuã",42407.42562,2024,"Riqueza",82440.92,"Produto Interno Bruto per capita (R$ de 2024)"
3536000,"Parapuã",55079.86466,2014,"Riqueza",90454.96,"Produto Interno Bruto per capita (R$ de 2024)"
3536000,"Parapuã",49389.77221,2016,"Riqueza",82888.73,"Produto Interno Bruto per capita (R$ de 2024)"
3536000,"Parapuã",55079.86466,2018,"Riqueza",82943.19,"Produto Interno Bruto per capita (R$ de 2024)"
3536000,"Parapuã",83916.81193,2020,"Riqueza",73338.7,"Produto Interno Bruto per capita (R$ de 2024)"
3536000,"Parapuã",81756.56192,2022,"Riqueza",63120.7,"Produto Interno Bruto per capita (R$ de 2024)"
3536000,"Parapuã",117706.9196,2024,"Riqueza",82440.92,"Produto Interno Bruto per capita (R$ de 2024)"
3536109,"Pardinho",80018.26275,2014,"Riqueza",90454.96,"Produto Interno Bruto per capita (R$ de 2024)"
3536109,"Pardinho",80607.49275,2016,"Riqueza",82888.73,"Produto Interno Bruto per capita (R$ de 2024)"
3536109,"Pardinho",80018.26275,2018,"Riqueza",82943.19,"Produto Interno Bruto per capita (R$ de 2024)"
3536109,"Pardinho",69467.03704,2020,"Riqueza",73338.7,"Produto Interno Bruto per capita (R$ de 2024)"
3536109,"Pardinho",60373.84543,2022,"Riqueza",63120.7,"Produto Interno Bruto per capita (R$ de 2024)"
3536109,"Pardinho",75057.99458,2024,"Riqueza",82440.92,"Produto Interno Bruto per capita (R$ de 2024)"
3536208,"Pariquera-Açu",43863.47351,2014,"Riqueza",90454.96,"Produto Interno Bruto per capita (R$ de 2024)"
3536208,"Pariquera-Açu",47050.17967,2016,"Riqueza",82888.73,"Produto Interno Bruto per capita (R$ de 2024)"
3536208,"Pariquera-Açu",43863.47351,2018,"Riqueza",82943.19,"Produto Interno Bruto per capita (R$ de 2024)"
3536208,"Pariquera-Açu",38188.50415,2020,"Riqueza",73338.7,"Produto Interno Bruto per capita (R$ de 2024)"
3536208,"Pariquera-Açu",33758.50933,2022,"Riqueza",63120.7,"Produto Interno Bruto per capita (R$ de 2024)"
3536208,"Pariquera-Açu",41954.12796,2024,"Riqueza",82440.92,"Produto Interno Bruto per capita (R$ de 2024)"
3536257,"Parisi",53769.40739,2014,"Riqueza",90454.96,"Produto Interno Bruto per capita (R$ de 2024)"
3536257,"Parisi",31989.57719,2016,"Riqueza",82888.73,"Produto Interno Bruto per capita (R$ de 2024)"
3536257,"Parisi",53769.40739,2018,"Riqueza",82943.19,"Produto Interno Bruto per capita (R$ de 2024)"
3536257,"Parisi",35741.10369,2020,"Riqueza",73338.7,"Produto Interno Bruto per capita (R$ de 2024)"
3536257,"Parisi",19031.94201,2022,"Riqueza",63120.7,"Produto Interno Bruto per capita (R$ de 2024)"
3536257,"Parisi",24252.7436,2024,"Riqueza",82440.92,"Produto Interno Bruto per capita (R$ de 2024)"
3536307,"Patrocínio Paulista",102861.7471,2014,"Riqueza",90454.96,"Produto Interno Bruto per capita (R$ de 2024)"
3536307,"Patrocínio Paulista",112926.0783,2016,"Riqueza",82888.73,"Produto Interno Bruto per capita (R$ de 2024)"
3536307,"Patrocínio Paulista",102861.7471,2018,"Riqueza",82943.19,"Produto Interno Bruto per capita (R$ de 2024)"
3536307,"Patrocínio Paulista",109569.1049,2020,"Riqueza",73338.7,"Produto Interno Bruto per capita (R$ de 2024)"
3536307,"Patrocínio Paulista",108322.7404,2022,"Riqueza",63120.7,"Produto Interno Bruto per capita (R$ de 2024)"
3536307,"Patrocínio Paulista",135182.8886,2024,"Riqueza",82440.92,"Produto Interno Bruto per capita (R$ de 2024)"
3536406,"Paulicéia",35576.57065,2014,"Riqueza",90454.96,"Produto Interno Bruto per capita (R$ de 2024)"
3536406,"Paulicéia",148422.3361,2016,"Riqueza",82888.73,"Produto Interno Bruto per capita (R$ de 2024)"
3536406,"Paulicéia",35576.57065,2018,"Riqueza",82943.19,"Produto Interno Bruto per capita (R$ de 2024)"
3536406,"Paulicéia",37972.32034,2020,"Riqueza",73338.7,"Produto Interno Bruto per capita (R$ de 2024)"
3536406,"Paulicéia",31334.29768,2022,"Riqueza",63120.7,"Produto Interno Bruto per capita (R$ de 2024)"
3536406,"Paulicéia",42431.16342,2024,"Riqueza",82440.92,"Produto Interno Bruto per capita (R$ de 2024)"
3536505,"Paulínia",534729.3606,2014,"Riqueza",90454.96,"Produto Interno Bruto per capita (R$ de 2024)"
3536505,"Paulínia",573014.5666,2016,"Riqueza",82888.73,"Produto Interno Bruto per capita (R$ de 2024)"
3536505,"Paulínia",534729.3606,2018,"Riqueza",82943.19,"Produto Interno Bruto per capita (R$ de 2024)"
3536505,"Paulínia",505648.7926,2020,"Riqueza",73338.7,"Produto Interno Bruto per capita (R$ de 2024)"
3536505,"Paulínia",625642.9416,2022,"Riqueza",63120.7,"Produto Interno Bruto per capita (R$ de 2024)"
3536505,"Paulínia",627673.6494,2024,"Riqueza",82440.92,"Produto Interno Bruto per capita (R$ de 2024)"
3536570,"Paulistânia",38279.59207,2014,"Riqueza",90454.96,"Produto Interno Bruto per capita (R$ de 2024)"
3536570,"Paulistânia",30716.27662,2016,"Riqueza",82888.73,"Produto Interno Bruto per capita (R$ de 2024)"
3536570,"Paulistânia",38279.59207,2018,"Riqueza",82943.19,"Produto Interno Bruto per capita (R$ de 2024)"
3536570,"Paulistânia",33591.24175,2020,"Riqueza",73338.7,"Produto Interno Bruto per capita (R$ de 2024)"
3536570,"Paulistânia",24529.25331,2022,"Riqueza",63120.7,"Produto Interno Bruto per capita (R$ de 2024)"
3536570,"Paulistânia",37694.15646,2024,"Riqueza",82440.92,"Produto Interno Bruto per capita (R$ de 2024)"
3536604,"Paulo de Faria",52045.81149,2014,"Riqueza",90454.96,"Produto Interno Bruto per capita (R$ de 2024)"
3536604,"Paulo de Faria",46974.71379,2016,"Riqueza",82888.73,"Produto Interno Bruto per capita (R$ de 2024)"
3536604,"Paulo de Faria",52045.81149,2018,"Riqueza",82943.19,"Produto Interno Bruto per capita (R$ de 2024)"
3536604,"Paulo de Faria",49663.66025,2020,"Riqueza",73338.7,"Produto Interno Bruto per capita (R$ de 2024)"
3536604,"Paulo de Faria",40575.85536,2022,"Riqueza",63120.7,"Produto Interno Bruto per capita (R$ de 2024)"
3536604,"Paulo de Faria",63709.09344,2024,"Riqueza",82440.92,"Produto Interno Bruto per capita (R$ de 2024)"
3536703,"Pederneiras",80874.34015,2014,"Riqueza",90454.96,"Produto Interno Bruto per capita (R$ de 2024)"
3536703,"Pederneiras",67101.80339,2016,"Riqueza",82888.73,"Produto Interno Bruto per capita (R$ de 2024)"
3536703,"Pederneiras",80874.34015,2018,"Riqueza",82943.19,"Produto Interno Bruto per capita (R$ de 2024)"
3536703,"Pederneiras",70524.16154,2020,"Riqueza",73338.7,"Produto Interno Bruto per capita (R$ de 2024)"
3536703,"Pederneiras",87233.05653,2022,"Riqueza",63120.7,"Produto Interno Bruto per capita (R$ de 2024)"
3536703,"Pederneiras",91138.86556,2024,"Riqueza",82440.92,"Produto Interno Bruto per capita (R$ de 2024)"
3536802,"Pedra Bela",23306.05786,2014,"Riqueza",90454.96,"Produto Interno Bruto per capita (R$ de 2024)"
3536802,"Pedra Bela",22003.67151,2016,"Riqueza",82888.73,"Produto Interno Bruto per capita (R$ de 2024)"
3536802,"Pedra Bela",23306.05786,2018,"Riqueza",82943.19,"Produto Interno Bruto per capita (R$ de 2024)"
3536802,"Pedra Bela",24812.40467,2020,"Riqueza",73338.7,"Produto Interno Bruto per capita (R$ de 2024)"
3536802,"Pedra Bela",18674.93884,2022,"Riqueza",63120.7,"Produto Interno Bruto per capita (R$ de 2024)"
3536802,"Pedra Bela",23695.0344,2024,"Riqueza",82440.92,"Produto Interno Bruto per capita (R$ de 2024)"
3536901,"Pedranópolis",43467.9348,2014,"Riqueza",90454.96,"Produto Interno Bruto per capita (R$ de 2024)"
3536901,"Pedranópolis",39850.12824,2016,"Riqueza",82888.73,"Produto Interno Bruto per capita (R$ de 2024)"
3536901,"Pedranópolis",43467.9348,2018,"Riqueza",82943.19,"Produto Interno Bruto per capita (R$ de 2024)"
3536901,"Pedranópolis",41498.02992,2020,"Riqueza",73338.7,"Produto Interno Bruto per capita (R$ de 2024)"
3536901,"Pedranópolis",29783.19972,2022,"Riqueza",63120.7,"Produto Interno Bruto per capita (R$ de 2024)"
3536901,"Pedranópolis",44529.62043,2024,"Riqueza",82440.92,"Produto Interno Bruto per capita (R$ de 2024)"
3537008,"Pedregulho",89251.02969,2014,"Riqueza",90454.96,"Produto Interno Bruto per capita (R$ de 2024)"
3537008,"Pedregulho",91346.78869,2016,"Riqueza",82888.73,"Produto Interno Bruto per capita (R$ de 2024)"
3537008,"Pedregulho",89251.02969,2018,"Riqueza",82943.19,"Produto Interno Bruto per capita (R$ de 2024)"
3537008,"Pedregulho",113424.5933,2020,"Riqueza",73338.7,"Produto Interno Bruto per capita (R$ de 2024)"
3537008,"Pedregulho",62894.82228,2022,"Riqueza",63120.7,"Produto Interno Bruto per capita (R$ de 2024)"
3537008,"Pedregulho",98681.27878,2024,"Riqueza",82440.92,"Produto Interno Bruto per capita (R$ de 2024)"
3537107,"Pedreira",45365.7223,2014,"Riqueza",90454.96,"Produto Interno Bruto per capita (R$ de 2024)"
3537107,"Pedreira",44339.47038,2016,"Riqueza",82888.73,"Produto Interno Bruto per capita (R$ de 2024)"
3537107,"Pedreira",45365.7223,2018,"Riqueza",82943.19,"Produto Interno Bruto per capita (R$ de 2024)"
3537107,"Pedreira",40784.85756,2020,"Riqueza",73338.7,"Produto Interno Bruto per capita (R$ de 2024)"
3537107,"Pedreira",37239.54533,2022,"Riqueza",63120.7,"Produto Interno Bruto per capita (R$ de 2024)"
3537107,"Pedreira",45097.89418,2024,"Riqueza",82440.92,"Produto Interno Bruto per capita (R$ de 2024)"
3537156,"Pedrinhas Paulista",75382.75445,2014,"Riqueza",90454.96,"Produto Interno Bruto per capita (R$ de 2024)"
3537156,"Pedrinhas Paulista",60112.48462,2016,"Riqueza",82888.73,"Produto Interno Bruto per capita (R$ de 2024)"
3537156,"Pedrinhas Paulista",75382.75445,2018,"Riqueza",82943.19,"Produto Interno Bruto per capita (R$ de 2024)"
3537156,"Pedrinhas Paulista",73157.53252,2020,"Riqueza",73338.7,"Produto Interno Bruto per capita (R$ de 2024)"
3537156,"Pedrinhas Paulista",71132.90204,2022,"Riqueza",63120.7,"Produto Interno Bruto per capita (R$ de 2024)"
3537156,"Pedrinhas Paulista",68406.37308,2024,"Riqueza",82440.92,"Produto Interno Bruto per capita (R$ de 2024)"
3537206,"Pedro de Toledo",21939.37396,2014,"Riqueza",90454.96,"Produto Interno Bruto per capita (R$ de 2024)"
3537206,"Pedro de Toledo",22577.89079,2016,"Riqueza",82888.73,"Produto Interno Bruto per capita (R$ de 2024)"
3537206,"Pedro de Toledo",21939.37396,2018,"Riqueza",82943.19,"Produto Interno Bruto per capita (R$ de 2024)"
3537206,"Pedro de Toledo",20867.60488,2020,"Riqueza",73338.7,"Produto Interno Bruto per capita (R$ de 2024)"
3537206,"Pedro de Toledo",14768.82852,2022,"Riqueza",63120.7,"Produto Interno Bruto per capita (R$ de 2024)"
3537206,"Pedro de Toledo",19647.84403,2024,"Riqueza",82440.92,"Produto Interno Bruto per capita (R$ de 2024)"
3537305,"Penápolis",45509.18572,2014,"Riqueza",90454.96,"Produto Interno Bruto per capita (R$ de 2024)"
3537305,"Penápolis",49583.46666,2016,"Riqueza",82888.73,"Produto Interno Bruto per capita (R$ de 2024)"
3537305,"Penápolis",45509.18572,2018,"Riqueza",82943.19,"Produto Interno Bruto per capita (R$ de 2024)"
3537305,"Penápolis",38700.83563,2020,"Riqueza",73338.7,"Produto Interno Bruto per capita (R$ de 2024)"
3537305,"Penápolis",35930.25248,2022,"Riqueza",63120.7,"Produto Interno Bruto per capita (R$ de 2024)"
3537305,"Penápolis",47617.18434,2024,"Riqueza",82440.92,"Produto Interno Bruto per capita (R$ de 2024)"
3537404,"Pereira Barreto",49450.07237,2014,"Riqueza",90454.96,"Produto Interno Bruto per capita (R$ de 2024)"
3537404,"Pereira Barreto",57288.13255,2016,"Riqueza",82888.73,"Produto Interno Bruto per capita (R$ de 2024)"
3537404,"Pereira Barreto",49450.07237,2018,"Riqueza",82943.19,"Produto Interno Bruto per capita (R$ de 2024)"
3537404,"Pereira Barreto",49382.96597,2020,"Riqueza",73338.7,"Produto Interno Bruto per capita (R$ de 2024)"
3537404,"Pereira Barreto",52766.84864,2022,"Riqueza",63120.7,"Produto Interno Bruto per capita (R$ de 2024)"
3537404,"Pereira Barreto",67528.78348,2024,"Riqueza",82440.92,"Produto Interno Bruto per capita (R$ de 2024)"
3537503,"Pereiras",41077.71923,2014,"Riqueza",90454.96,"Produto Interno Bruto per capita (R$ de 2024)"
3537503,"Pereiras",32912.60229,2016,"Riqueza",82888.73,"Produto Interno Bruto per capita (R$ de 2024)"
3537503,"Pereiras",41077.71923,2018,"Riqueza",82943.19,"Produto Interno Bruto per capita (R$ de 2024)"
3537503,"Pereiras",46648.12909,2020,"Riqueza",73338.7,"Produto Interno Bruto per capita (R$ de 2024)"
3537503,"Pereiras",37934.40269,2022,"Riqueza",63120.7,"Produto Interno Bruto per capita (R$ de 2024)"
3537503,"Pereiras",49545.64875,2024,"Riqueza",82440.92,"Produto Interno Bruto per capita (R$ de 2024)"
3537602,"Peruíbe",38725.93634,2014,"Riqueza",90454.96,"Produto Interno Bruto per capita (R$ de 2024)"
3537602,"Peruíbe",33010.29115,2016,"Riqueza",82888.73,"Produto Interno Bruto per capita (R$ de 2024)"
3537602,"Peruíbe",38725.93634,2018,"Riqueza",82943.19,"Produto Interno Bruto per capita (R$ de 2024)"
3537602,"Peruíbe",34082.95784,2020,"Riqueza",73338.7,"Produto Interno Bruto per capita (R$ de 2024)"
3537602,"Peruíbe",35474.46325,2022,"Riqueza",63120.7,"Produto Interno Bruto per capita (R$ de 2024)"
3537602,"Peruíbe",36652.57464,2024,"Riqueza",82440.92,"Produto Interno Bruto per capita (R$ de 2024)"
3537701,"Piacatu",26247.60207,2014,"Riqueza",90454.96,"Produto Interno Bruto per capita (R$ de 2024)"
3537701,"Piacatu",31350.34003,2016,"Riqueza",82888.73,"Produto Interno Bruto per capita (R$ de 2024)"
3537701,"Piacatu",26247.60207,2018,"Riqueza",82943.19,"Produto Interno Bruto per capita (R$ de 2024)"
3537701,"Piacatu",24658.90174,2020,"Riqueza",73338.7,"Produto Interno Bruto per capita (R$ de 2024)"
3537701,"Piacatu",20778.00263,2022,"Riqueza",63120.7,"Produto Interno Bruto per capita (R$ de 2024)"
3537701,"Piacatu",31092.99801,2024,"Riqueza",82440.92,"Produto Interno Bruto per capita (R$ de 2024)"
3537800,"Piedade",37481.06579,2014,"Riqueza",90454.96,"Produto Interno Bruto per capita (R$ de 2024)"
3537800,"Piedade",39180.57623,2016,"Riqueza",82888.73,"Produto Interno Bruto per capita (R$ de 2024)"
3537800,"Piedade",37481.06579,2018,"Riqueza",82943.19,"Produto Interno Bruto per capita (R$ de 2024)"
3537800,"Piedade",39103.65292,2020,"Riqueza",73338.7,"Produto Interno Bruto per capita (R$ de 2024)"
3537800,"Piedade",29901.91956,2022,"Riqueza",63120.7,"Produto Interno Bruto per capita (R$ de 2024)"
3537800,"Piedade",37380.24037,2024,"Riqueza",82440.92,"Produto Interno Bruto per capita (R$ de 2024)"
3537909,"Pilar do Sul",40093.71453,2014,"Riqueza",90454.96,"Produto Interno Bruto per capita (R$ de 2024)"
3537909,"Pilar do Sul",38088.66165,2016,"Riqueza",82888.73,"Produto Interno Bruto per capita (R$ de 2024)"
3537909,"Pilar do Sul",40093.71453,2018,"Riqueza",82943.19,"Produto Interno Bruto per capita (R$ de 2024)"
3537909,"Pilar do Sul",41879.38001,2020,"Riqueza",73338.7,"Produto Interno Bruto per capita (R$ de 2024)"
3537909,"Pilar do Sul",55709.66253,2022,"Riqueza",63120.7,"Produto Interno Bruto per capita (R$ de 2024)"
3537909,"Pilar do Sul",58275.09482,2024,"Riqueza",82440.92,"Produto Interno Bruto per capita (R$ de 2024)"
3538006,"Pindamonhangaba",88618.63747,2014,"Riqueza",90454.96,"Produto Interno Bruto per capita (R$ de 2024)"
3538006,"Pindamonhangaba",75135.17674,2016,"Riqueza",82888.73,"Produto Interno Bruto per capita (R$ de 2024)"
3538006,"Pindamonhangaba",88618.63747,2018,"Riqueza",82943.19,"Produto Interno Bruto per capita (R$ de 2024)"
3538006,"Pindamonhangaba",76029.49507,2020,"Riqueza",73338.7,"Produto Interno Bruto per capita (R$ de 2024)"
3538006,"Pindamonhangaba",81357.43488,2022,"Riqueza",63120.7,"Produto Interno Bruto per capita (R$ de 2024)"
3538006,"Pindamonhangaba",87520.27543,2024,"Riqueza",82440.92,"Produto Interno Bruto per capita (R$ de 2024)"
3538105,"Pindorama",38330.37982,2014,"Riqueza",90454.96,"Produto Interno Bruto per capita (R$ de 2024)"
3538105,"Pindorama",34023.93648,2016,"Riqueza",82888.73,"Produto Interno Bruto per capita (R$ de 2024)"
3538105,"Pindorama",38330.37982,2018,"Riqueza",82943.19,"Produto Interno Bruto per capita (R$ de 2024)"
3538105,"Pindorama",35762.04939,2020,"Riqueza",73338.7,"Produto Interno Bruto per capita (R$ de 2024)"
3538105,"Pindorama",39176.369960000004,2022,"Riqueza",63120.7,"Produto Interno Bruto per capita (R$ de 2024)"
3538105,"Pindorama",54677.03848,2024,"Riqueza",82440.92,"Produto Interno Bruto per capita (R$ de 2024)"
3538204,"Pinhalzinho",30021.62612,2014,"Riqueza",90454.96,"Produto Interno Bruto per capita (R$ de 2024)"
3538204,"Pinhalzinho",29442.64447,2016,"Riqueza",82888.73,"Produto Interno Bruto per capita (R$ de 2024)"
3538204,"Pinhalzinho",30021.62612,2018,"Riqueza",82943.19,"Produto Interno Bruto per capita (R$ de 2024)"
3538204,"Pinhalzinho",26438.73654,2020,"Riqueza",73338.7,"Produto Interno Bruto per capita (R$ de 2024)"
3538204,"Pinhalzinho",22756.7353,2022,"Riqueza",63120.7,"Produto Interno Bruto per capita (R$ de 2024)"
3538204,"Pinhalzinho",28792.86358,2024,"Riqueza",82440.92,"Produto Interno Bruto per capita (R$ de 2024)"
3538303,"Piquerobi",25972.30357,2014,"Riqueza",90454.96,"Produto Interno Bruto per capita (R$ de 2024)"
3538303,"Piquerobi",27786.97435,2016,"Riqueza",82888.73,"Produto Interno Bruto per capita (R$ de 2024)"
3538303,"Piquerobi",25972.30357,2018,"Riqueza",82943.19,"Produto Interno Bruto per capita (R$ de 2024)"
3538303,"Piquerobi",24039.6235,2020,"Riqueza",73338.7,"Produto Interno Bruto per capita (R$ de 2024)"
3538303,"Piquerobi",22554.77815,2022,"Riqueza",63120.7,"Produto Interno Bruto per capita (R$ de 2024)"
3538303,"Piquerobi",33356.56753,2024,"Riqueza",82440.92,"Produto Interno Bruto per capita (R$ de 2024)"
3538501,"Piquete",19798.90744,2014,"Riqueza",90454.96,"Produto Interno Bruto per capita (R$ de 2024)"
3538501,"Piquete",18979.55554,2016,"Riqueza",82888.73,"Produto Interno Bruto per capita (R$ de 2024)"
3538501,"Piquete",19798.90744,2018,"Riqueza",82943.19,"Produto Interno Bruto per capita (R$ de 2024)"
3538501,"Piquete",20203.91636,2020,"Riqueza",73338.7,"Produto Interno Bruto per capita (R$ de 2024)"
3538501,"Piquete",16605.55256,2022,"Riqueza",63120.7,"Produto Interno Bruto per capita (R$ de 2024)"
3538501,"Piquete",20091.0363,2024,"Riqueza",82440.92,"Produto Interno Bruto per capita (R$ de 2024)"
3538600,"Piracaia",30167.95823,2014,"Riqueza",90454.96,"Produto Interno Bruto per capita (R$ de 2024)"
3538600,"Piracaia",30327.94942,2016,"Riqueza",82888.73,"Produto Interno Bruto per capita (R$ de 2024)"
3538600,"Piracaia",30167.95823,2018,"Riqueza",82943.19,"Produto Interno Bruto per capita (R$ de 2024)"
3538600,"Piracaia",30880.48485,2020,"Riqueza",73338.7,"Produto Interno Bruto per capita (R$ de 2024)"
3538600,"Piracaia",26718.17365,2022,"Riqueza",63120.7,"Produto Interno Bruto per capita (R$ de 2024)"
3538600,"Piracaia",32966.88945,2024,"Riqueza",82440.92,"Produto Interno Bruto per capita (R$ de 2024)"
3538709,"Piracicaba",113234.317,2014,"Riqueza",90454.96,"Produto Interno Bruto per capita (R$ de 2024)"
3538709,"Piracicaba",99913.00402,2016,"Riqueza",82888.73,"Produto Interno Bruto per capita (R$ de 2024)"
3538709,"Piracicaba",113234.317,2018,"Riqueza",82943.19,"Produto Interno Bruto per capita (R$ de 2024)"
3538709,"Piracicaba",95967.01872,2020,"Riqueza",73338.7,"Produto Interno Bruto per capita (R$ de 2024)"
3538709,"Piracicaba",97475.97319,2022,"Riqueza",63120.7,"Produto Interno Bruto per capita (R$ de 2024)"
3538709,"Piracicaba",110470.4,2024,"Riqueza",82440.92,"Produto Interno Bruto per capita (R$ de 2024)"
3538808,"Piraju",42847.97371,2014,"Riqueza",90454.96,"Produto Interno Bruto per capita (R$ de 2024)"
3538808,"Piraju",37172.69127,2016,"Riqueza",82888.73,"Produto Interno Bruto per capita (R$ de 2024)"
3538808,"Piraju",42847.97371,2018,"Riqueza",82943.19,"Produto Interno Bruto per capita (R$ de 2024)"
3538808,"Piraju",40789.25309,2020,"Riqueza",73338.7,"Produto Interno Bruto per capita (R$ de 2024)"
3538808,"Piraju",32556.67451,2022,"Riqueza",63120.7,"Produto Interno Bruto per capita (R$ de 2024)"
3538808,"Piraju",39847.0508,2024,"Riqueza",82440.92,"Produto Interno Bruto per capita (R$ de 2024)"
3538907,"Pirajuí",33612.94404,2014,"Riqueza",90454.96,"Produto Interno Bruto per capita (R$ de 2024)"
3538907,"Pirajuí",30108.03954,2016,"Riqueza",82888.73,"Produto Interno Bruto per capita (R$ de 2024)"
3538907,"Pirajuí",33612.94404,2018,"Riqueza",82943.19,"Produto Interno Bruto per capita (R$ de 2024)"
3538907,"Pirajuí",29199.24497,2020,"Riqueza",73338.7,"Produto Interno Bruto per capita (R$ de 2024)"
3538907,"Pirajuí",25470.71282,2022,"Riqueza",63120.7,"Produto Interno Bruto per capita (R$ de 2024)"
3538907,"Pirajuí",35650.59861,2024,"Riqueza",82440.92,"Produto Interno Bruto per capita (R$ de 2024)"
3539004,"Pirangi",50901.14906,2014,"Riqueza",90454.96,"Produto Interno Bruto per capita (R$ de 2024)"
3539004,"Pirangi",41269.43835,2016,"Riqueza",82888.73,"Produto Interno Bruto per capita (R$ de 2024)"
3539004,"Pirangi",50901.14906,2018,"Riqueza",82943.19,"Produto Interno Bruto per capita (R$ de 2024)"
3539004,"Pirangi",49048.20671,2020,"Riqueza",73338.7,"Produto Interno Bruto per capita (R$ de 2024)"
3539004,"Pirangi",38047.19733,2022,"Riqueza",63120.7,"Produto Interno Bruto per capita (R$ de 2024)"
3539004,"Pirangi",52795.40863,2024,"Riqueza",82440.92,"Produto Interno Bruto per capita (R$ de 2024)"
3539103,"Pirapora do Bom Jesus",41514.70147,2014,"Riqueza",90454.96,"Produto Interno Bruto per capita (R$ de 2024)"
3539103,"Pirapora do Bom Jesus",26968.08006,2016,"Riqueza",82888.73,"Produto Interno Bruto per capita (R$ de 2024)"
3539103,"Pirapora do Bom Jesus",41514.70147,2018,"Riqueza",82943.19,"Produto Interno Bruto per capita (R$ de 2024)"
3539103,"Pirapora do Bom Jesus",38227.25465,2020,"Riqueza",73338.7,"Produto Interno Bruto per capita (R$ de 2024)"
3539103,"Pirapora do Bom Jesus",38096.12929,2022,"Riqueza",63120.7,"Produto Interno Bruto per capita (R$ de 2024)"
3539103,"Pirapora do Bom Jesus",39741.41705,2024,"Riqueza",82440.92,"Produto Interno Bruto per capita (R$ de 2024)"
3539202,"Pirapozinho",58770.58696,2014,"Riqueza",90454.96,"Produto Interno Bruto per capita (R$ de 2024)"
3539202,"Pirapozinho",48609.71622,2016,"Riqueza",82888.73,"Produto Interno Bruto per capita (R$ de 2024)"
3539202,"Pirapozinho",58770.58696,2018,"Riqueza",82943.19,"Produto Interno Bruto per capita (R$ de 2024)"
3539202,"Pirapozinho",48947.00477,2020,"Riqueza",73338.7,"Produto Interno Bruto per capita (R$ de 2024)"
3539202,"Pirapozinho",47482.89363,2022,"Riqueza",63120.7,"Produto Interno Bruto per capita (R$ de 2024)"
3539202,"Pirapozinho",59865.74184,2024,"Riqueza",82440.92,"Produto Interno Bruto per capita (R$ de 2024)"
3539301,"Pirassununga",63100.89873,2014,"Riqueza",90454.96,"Produto Interno Bruto per capita (R$ de 2024)"
3539301,"Pirassununga",60310.29327,2016,"Riqueza",82888.73,"Produto Interno Bruto per capita (R$ de 2024)"
3539301,"Pirassununga",63100.89873,2018,"Riqueza",82943.19,"Produto Interno Bruto per capita (R$ de 2024)"
3539301,"Pirassununga",58272.27811,2020,"Riqueza",73338.7,"Produto Interno Bruto per capita (R$ de 2024)"
3539301,"Pirassununga",51286.15659,2022,"Riqueza",63120.7,"Produto Interno Bruto per capita (R$ de 2024)"
3539301,"Pirassununga",62719.73995,2024,"Riqueza",82440.92,"Produto Interno Bruto per capita (R$ de 2024)"
3539400,"Piratininga",29918.03829,2014,"Riqueza",90454.96,"Produto Interno Bruto per capita (R$ de 2024)"
3539400,"Piratininga",26677.89538,2016,"Riqueza",82888.73,"Produto Interno Bruto per capita (R$ de 2024)"
3539400,"Piratininga",29918.03829,2018,"Riqueza",82943.19,"Produto Interno Bruto per capita (R$ de 2024)"
3539400,"Piratininga",26624.69232,2020,"Riqueza",73338.7,"Produto Interno Bruto per capita (R$ de 2024)"
3539400,"Piratininga",21154.51777,2022,"Riqueza",63120.7,"Produto Interno Bruto per capita (R$ de 2024)"
3539400,"Piratininga",26913.72322,2024,"Riqueza",82440.92,"Produto Interno Bruto per capita (R$ de 2024)"
3539509,"Pitangueiras",46322.85212,2014,"Riqueza",90454.96,"Produto Interno Bruto per capita (R$ de 2024)"
3539509,"Pitangueiras",48626.50031,2016,"Riqueza",82888.73,"Produto Interno Bruto per capita (R$ de 2024)"
3539509,"Pitangueiras",46322.85212,2018,"Riqueza",82943.19,"Produto Interno Bruto per capita (R$ de 2024)"
3539509,"Pitangueiras",45635.18318,2020,"Riqueza",73338.7,"Produto Interno Bruto per capita (R$ de 2024)"
3539509,"Pitangueiras",47698.37868,2022,"Riqueza",63120.7,"Produto Interno Bruto per capita (R$ de 2024)"
3539509,"Pitangueiras",59198.373,2024,"Riqueza",82440.92,"Produto Interno Bruto per capita (R$ de 2024)"
3539608,"Planalto",51137.64672,2014,"Riqueza",90454.96,"Produto Interno Bruto per capita (R$ de 2024)"
3539608,"Planalto",98097.81521,2016,"Riqueza",82888.73,"Produto Interno Bruto per capita (R$ de 2024)"
3539608,"Planalto",51137.64672,2018,"Riqueza",82943.19,"Produto Interno Bruto per capita (R$ de 2024)"
3539608,"Planalto",48112.3029,2020,"Riqueza",73338.7,"Produto Interno Bruto per capita (R$ de 2024)"
3539608,"Planalto",51830.47067,2022,"Riqueza",63120.7,"Produto Interno Bruto per capita (R$ de 2024)"
3539608,"Planalto",82435.02432,2024,"Riqueza",82440.92,"Produto Interno Bruto per capita (R$ de 2024)"
3539707,"Platina",45295.57169,2014,"Riqueza",90454.96,"Produto Interno Bruto per capita (R$ de 2024)"
3539707,"Platina",40078.6229,2016,"Riqueza",82888.73,"Produto Interno Bruto per capita (R$ de 2024)"
3539707,"Platina",45295.57169,2018,"Riqueza",82943.19,"Produto Interno Bruto per capita (R$ de 2024)"
3539707,"Platina",50164.51343,2020,"Riqueza",73338.7,"Produto Interno Bruto per capita (R$ de 2024)"
3539707,"Platina",45254.194,2022,"Riqueza",63120.7,"Produto Interno Bruto per capita (R$ de 2024)"
3539707,"Platina",57382.87238,2024,"Riqueza",82440.92,"Produto Interno Bruto per capita (R$ de 2024)"
3539806,"Poá",67647.32526,2014,"Riqueza",90454.96,"Produto Interno Bruto per capita (R$ de 2024)"
3539806,"Poá",68434.52897,2016,"Riqueza",82888.73,"Produto Interno Bruto per capita (R$ de 2024)"
3539806,"Poá",67647.32526,2018,"Riqueza",82943.19,"Produto Interno Bruto per capita (R$ de 2024)"
3539806,"Poá",39475.56687,2020,"Riqueza",73338.7,"Produto Interno Bruto per capita (R$ de 2024)"
3539806,"Poá",38032.79634,2022,"Riqueza",63120.7,"Produto Interno Bruto per capita (R$ de 2024)"
3539806,"Poá",48266.27663,2024,"Riqueza",82440.92,"Produto Interno Bruto per capita (R$ de 2024)"
3539905,"Poloni",38805.85095,2014,"Riqueza",90454.96,"Produto Interno Bruto per capita (R$ de 2024)"
3539905,"Poloni",38696.91831,2016,"Riqueza",82888.73,"Produto Interno Bruto per capita (R$ de 2024)"
3539905,"Poloni",38805.85095,2018,"Riqueza",82943.19,"Produto Interno Bruto per capita (R$ de 2024)"
3539905,"Poloni",34926.55795,2020,"Riqueza",73338.7,"Produto Interno Bruto per capita (R$ de 2024)"
3539905,"Poloni",30193.19617,2022,"Riqueza",63120.7,"Produto Interno Bruto per capita (R$ de 2024)"
3539905,"Poloni",38457.28103,2024,"Riqueza",82440.92,"Produto Interno Bruto per capita (R$ de 2024)"
3540002,"Pompéia",97693.36134,2014,"Riqueza",90454.96,"Produto Interno Bruto per capita (R$ de 2024)"
3540002,"Pompéia",90901.14562,2016,"Riqueza",82888.73,"Produto Interno Bruto per capita (R$ de 2024)"
3540002,"Pompéia",97693.36134,2018,"Riqueza",82943.19,"Produto Interno Bruto per capita (R$ de 2024)"
3540002,"Pompéia",97485.88251,2020,"Riqueza",73338.7,"Produto Interno Bruto per capita (R$ de 2024)"
3540002,"Pompéia",112951.0778,2022,"Riqueza",63120.7,"Produto Interno Bruto per capita (R$ de 2024)"
3540002,"Pompéia",133945.45,2024,"Riqueza",82440.92,"Produto Interno Bruto per capita (R$ de 2024)"
3540101,"Pongaí",39819.25002,2014,"Riqueza",90454.96,"Produto Interno Bruto per capita (R$ de 2024)"
3540101,"Pongaí",39124.16326,2016,"Riqueza",82888.73,"Produto Interno Bruto per capita (R$ de 2024)"
3540101,"Pongaí",39819.25002,2018,"Riqueza",82943.19,"Produto Interno Bruto per capita (R$ de 2024)"
3540101,"Pongaí",34861.3639,2020,"Riqueza",73338.7,"Produto Interno Bruto per capita (R$ de 2024)"
3540101,"Pongaí",28852.97259,2022,"Riqueza",63120.7,"Produto Interno Bruto per capita (R$ de 2024)"
3540101,"Pongaí",39564.44444,2024,"Riqueza",82440.92,"Produto Interno Bruto per capita (R$ de 2024)"
3540200,"Pontal",40382.41044,2014,"Riqueza",90454.96,"Produto Interno Bruto per capita (R$ de 2024)"
3540200,"Pontal",39576.59421,2016,"Riqueza",82888.73,"Produto Interno Bruto per capita (R$ de 2024)"
3540200,"Pontal",40382.41044,2018,"Riqueza",82943.19,"Produto Interno Bruto per capita (R$ de 2024)"
3540200,"Pontal",36430.39775,2020,"Riqueza",73338.7,"Produto Interno Bruto per capita (R$ de 2024)"
3540200,"Pontal",43501.57053,2022,"Riqueza",63120.7,"Produto Interno Bruto per capita (R$ de 2024)"
3540200,"Pontal",62588.85942,2024,"Riqueza",82440.92,"Produto Interno Bruto per capita (R$ de 2024)"
3540259,"Pontalinda",29166.77447,2014,"Riqueza",90454.96,"Produto Interno Bruto per capita (R$ de 2024)"
3540259,"Pontalinda",30200.90202,2016,"Riqueza",82888.73,"Produto Interno Bruto per capita (R$ de 2024)"
3540259,"Pontalinda",29166.77447,2018,"Riqueza",82943.19,"Produto Interno Bruto per capita (R$ de 2024)"
3540259,"Pontalinda",26270.99253,2020,"Riqueza",73338.7,"Produto Interno Bruto per capita (R$ de 2024)"
3540259,"Pontalinda",23132.20077,2022,"Riqueza",63120.7,"Produto Interno Bruto per capita (R$ de 2024)"
3540259,"Pontalinda",34571.11491,2024,"Riqueza",82440.92,"Produto Interno Bruto per capita (R$ de 2024)"
3540309,"Pontes Gestal",102070.8187,2014,"Riqueza",90454.96,"Produto Interno Bruto per capita (R$ de 2024)"
3540309,"Pontes Gestal",105642.8476,2016,"Riqueza",82888.73,"Produto Interno Bruto per capita (R$ de 2024)"
3540309,"Pontes Gestal",102070.8187,2018,"Riqueza",82943.19,"Produto Interno Bruto per capita (R$ de 2024)"
3540309,"Pontes Gestal",55654.60168,2020,"Riqueza",73338.7,"Produto Interno Bruto per capita (R$ de 2024)"
3540309,"Pontes Gestal",47296.49505,2022,"Riqueza",63120.7,"Produto Interno Bruto per capita (R$ de 2024)"
3540309,"Pontes Gestal",69489.38879,2024,"Riqueza",82440.92,"Produto Interno Bruto per capita (R$ de 2024)"
3540408,"Populina",39337.48399,2014,"Riqueza",90454.96,"Produto Interno Bruto per capita (R$ de 2024)"
3540408,"Populina",39819.80079,2016,"Riqueza",82888.73,"Produto Interno Bruto per capita (R$ de 2024)"
3540408,"Populina",39337.48399,2018,"Riqueza",82943.19,"Produto Interno Bruto per capita (R$ de 2024)"
3540408,"Populina",37760.25043,2020,"Riqueza",73338.7,"Produto Interno Bruto per capita (R$ de 2024)"
3540408,"Populina",28598.69906,2022,"Riqueza",63120.7,"Produto Interno Bruto per capita (R$ de 2024)"
3540408,"Populina",41007.58874,2024,"Riqueza",82440.92,"Produto Interno Bruto per capita (R$ de 2024)"
3540507,"Porangaba",31899.29402,2014,"Riqueza",90454.96,"Produto Interno Bruto per capita (R$ de 2024)"
3540507,"Porangaba",33642.76043,2016,"Riqueza",82888.73,"Produto Interno Bruto per capita (R$ de 2024)"
3540507,"Porangaba",31899.29402,2018,"Riqueza",82943.19,"Produto Interno Bruto per capita (R$ de 2024)"
3540507,"Porangaba",29785.09847,2020,"Riqueza",73338.7,"Produto Interno Bruto per capita (R$ de 2024)"
3540507,"Porangaba",24397.1331,2022,"Riqueza",63120.7,"Produto Interno Bruto per capita (R$ de 2024)"
3540507,"Porangaba",30907.44879,2024,"Riqueza",82440.92,"Produto Interno Bruto per capita (R$ de 2024)"
3540606,"Porto Feliz",83902.03167,2014,"Riqueza",90454.96,"Produto Interno Bruto per capita (R$ de 2024)"
3540606,"Porto Feliz",57115.51607,2016,"Riqueza",82888.73,"Produto Interno Bruto per capita (R$ de 2024)"
3540606,"Porto Feliz",83902.03167,2018,"Riqueza",82943.19,"Produto Interno Bruto per capita (R$ de 2024)"
3540606,"Porto Feliz",83545.75974,2020,"Riqueza",73338.7,"Produto Interno Bruto per capita (R$ de 2024)"
3540606,"Porto Feliz",75472.39569,2022,"Riqueza",63120.7,"Produto Interno Bruto per capita (R$ de 2024)"
3540606,"Porto Feliz",94895.75047,2024,"Riqueza",82440.92,"Produto Interno Bruto per capita (R$ de 2024)"
3540705,"Porto Ferreira",63159.65126,2014,"Riqueza",90454.96,"Produto Interno Bruto per capita (R$ de 2024)"
3540705,"Porto Ferreira",57943.32252,2016,"Riqueza",82888.73,"Produto Interno Bruto per capita (R$ de 2024)"
3540705,"Porto Ferreira",63159.65126,2018,"Riqueza",82943.19,"Produto Interno Bruto per capita (R$ de 2024)"
3540705,"Porto Ferreira",58151.6261,2020,"Riqueza",73338.7,"Produto Interno Bruto per capita (R$ de 2024)"
3540705,"Porto Ferreira",50140.31688,2022,"Riqueza",63120.7,"Produto Interno Bruto per capita (R$ de 2024)"
3540705,"Porto Ferreira",62776.73843,2024,"Riqueza",82440.92,"Produto Interno Bruto per capita (R$ de 2024)"
3540754,"Potim",17563.26595,2014,"Riqueza",90454.96,"Produto Interno Bruto per capita (R$ de 2024)"
3540754,"Potim",16425.65526,2016,"Riqueza",82888.73,"Produto Interno Bruto per capita (R$ de 2024)"
3540754,"Potim",17563.26595,2018,"Riqueza",82943.19,"Produto Interno Bruto per capita (R$ de 2024)"
3540754,"Potim",17375.36101,2020,"Riqueza",73338.7,"Produto Interno Bruto per capita (R$ de 2024)"
3540754,"Potim",16025.89328,2022,"Riqueza",63120.7,"Produto Interno Bruto per capita (R$ de 2024)"
3540754,"Potim",18639.72241,2024,"Riqueza",82440.92,"Produto Interno Bruto per capita (R$ de 2024)"
3540804,"Potirendaba",51857.73927,2014,"Riqueza",90454.96,"Produto Interno Bruto per capita (R$ de 2024)"
3540804,"Potirendaba",55219.21332,2016,"Riqueza",82888.73,"Produto Interno Bruto per capita (R$ de 2024)"
3540804,"Potirendaba",51857.73927,2018,"Riqueza",82943.19,"Produto Interno Bruto per capita (R$ de 2024)"
3540804,"Potirendaba",48796.59343,2020,"Riqueza",73338.7,"Produto Interno Bruto per capita (R$ de 2024)"
3540804,"Potirendaba",39161.35095,2022,"Riqueza",63120.7,"Produto Interno Bruto per capita (R$ de 2024)"
3540804,"Potirendaba",57622.09793,2024,"Riqueza",82440.92,"Produto Interno Bruto per capita (R$ de 2024)"
3540853,"Pracinha",18669.3794,2014,"Riqueza",90454.96,"Produto Interno Bruto per capita (R$ de 2024)"
3540853,"Pracinha",16348.67665,2016,"Riqueza",82888.73,"Produto Interno Bruto per capita (R$ de 2024)"
3540853,"Pracinha",18669.3794,2018,"Riqueza",82943.19,"Produto Interno Bruto per capita (R$ de 2024)"
3540853,"Pracinha",16957.68183,2020,"Riqueza",73338.7,"Produto Interno Bruto per capita (R$ de 2024)"
3540853,"Pracinha",13785.26476,2022,"Riqueza",63120.7,"Produto Interno Bruto per capita (R$ de 2024)"
3540853,"Pracinha",18546.52532,2024,"Riqueza",82440.92,"Produto Interno Bruto per capita (R$ de 2024)"
3540903,"Pradópolis",70519.65833,2014,"Riqueza",90454.96,"Produto Interno Bruto per capita (R$ de 2024)"
3540903,"Pradópolis",66237.5082,2016,"Riqueza",82888.73,"Produto Interno Bruto per capita (R$ de 2024)"
3540903,"Pradópolis",70519.65833,2018,"Riqueza",82943.19,"Produto Interno Bruto per capita (R$ de 2024)"
3540903,"Pradópolis",70382.4802,2020,"Riqueza",73338.7,"Produto Interno Bruto per capita (R$ de 2024)"
3540903,"Pradópolis",70362.57685,2022,"Riqueza",63120.7,"Produto Interno Bruto per capita (R$ de 2024)"
3540903,"Pradópolis",92553.20156,2024,"Riqueza",82440.92,"Produto Interno Bruto per capita (R$ de 2024)"
3541000,"Praia Grande",37960.58111,2014,"Riqueza",90454.96,"Produto Interno Bruto per capita (R$ de 2024)"
3541000,"Praia Grande",36833.89162,2016,"Riqueza",82888.73,"Produto Interno Bruto per capita (R$ de 2024)"
3541000,"Praia Grande",37960.58111,2018,"Riqueza",82943.19,"Produto Interno Bruto per capita (R$ de 2024)"
3541000,"Praia Grande",35258.11086,2020,"Riqueza",73338.7,"Produto Interno Bruto per capita (R$ de 2024)"
3541000,"Praia Grande",27991.20899,2022,"Riqueza",63120.7,"Produto Interno Bruto per capita (R$ de 2024)"
3541000,"Praia Grande",33755.82207,2024,"Riqueza",82440.92,"Produto Interno Bruto per capita (R$ de 2024)"
3541059,"Pratânia",42974.36806,2014,"Riqueza",90454.96,"Produto Interno Bruto per capita (R$ de 2024)"
3541059,"Pratânia",36200.30544,2016,"Riqueza",82888.73,"Produto Interno Bruto per capita (R$ de 2024)"
3541059,"Pratânia",42974.36806,2018,"Riqueza",82943.19,"Produto Interno Bruto per capita (R$ de 2024)"
3541059,"Pratânia",30954.93194,2020,"Riqueza",73338.7,"Produto Interno Bruto per capita (R$ de 2024)"
3541059,"Pratânia",25310.37924,2022,"Riqueza",63120.7,"Produto Interno Bruto per capita (R$ de 2024)"
3541059,"Pratânia",52161.73077,2024,"Riqueza",82440.92,"Produto Interno Bruto per capita (R$ de 2024)"
3541109,"Presidente Alves",30009.18551,2014,"Riqueza",90454.96,"Produto Interno Bruto per capita (R$ de 2024)"
3541109,"Presidente Alves",33191.82361,2016,"Riqueza",82888.73,"Produto Interno Bruto per capita (R$ de 2024)"
3541109,"Presidente Alves",30009.18551,2018,"Riqueza",82943.19,"Produto Interno Bruto per capita (R$ de 2024)"
3541109,"Presidente Alves",24901.80394,2020,"Riqueza",73338.7,"Produto Interno Bruto per capita (R$ de 2024)"
3541109,"Presidente Alves",20986.66977,2022,"Riqueza",63120.7,"Produto Interno Bruto per capita (R$ de 2024)"
3541109,"Presidente Alves",32593.92636,2024,"Riqueza",82440.92,"Produto Interno Bruto per capita (R$ de 2024)"
3541208,"Presidente Bernardes",32570.22674,2014,"Riqueza",90454.96,"Produto Interno Bruto per capita (R$ de 2024)"
3541208,"Presidente Bernardes",32658.66488,2016,"Riqueza",82888.73,"Produto Interno Bruto per capita (R$ de 2024)"
3541208,"Presidente Bernardes",32570.22674,2018,"Riqueza",82943.19,"Produto Interno Bruto per capita (R$ de 2024)"
3541208,"Presidente Bernardes",36597.30765,2020,"Riqueza",73338.7,"Produto Interno Bruto per capita (R$ de 2024)"
3541208,"Presidente Bernardes",22780.99527,2022,"Riqueza",63120.7,"Produto Interno Bruto per capita (R$ de 2024)"
3541208,"Presidente Bernardes",25945.45205,2024,"Riqueza",82440.92,"Produto Interno Bruto per capita (R$ de 2024)"
3541307,"Presidente Epitácio",33352.37616,2014,"Riqueza",90454.96,"Produto Interno Bruto per capita (R$ de 2024)"
3541307,"Presidente Epitácio",43780.84743,2016,"Riqueza",82888.73,"Produto Interno Bruto per capita (R$ de 2024)"
3541307,"Presidente Epitácio",33352.37616,2018,"Riqueza",82943.19,"Produto Interno Bruto per capita (R$ de 2024)"
3541307,"Presidente Epitácio",31035.49244,2020,"Riqueza",73338.7,"Produto Interno Bruto per capita (R$ de 2024)"
3541307,"Presidente Epitácio",39005.77518,2022,"Riqueza",63120.7,"Produto Interno Bruto per capita (R$ de 2024)"
3541307,"Presidente Epitácio",42025.77558,2024,"Riqueza",82440.92,"Produto Interno Bruto per capita (R$ de 2024)"
3541406,"Presidente Prudente",60383.42017,2014,"Riqueza",90454.96,"Produto Interno Bruto per capita (R$ de 2024)"
3541406,"Presidente Prudente",60455.40316,2016,"Riqueza",82888.73,"Produto Interno Bruto per capita (R$ de 2024)"
3541406,"Presidente Prudente",60383.42017,2018,"Riqueza",82943.19,"Produto Interno Bruto per capita (R$ de 2024)"
3541406,"Presidente Prudente",52983.12227,2020,"Riqueza",73338.7,"Produto Interno Bruto per capita (R$ de 2024)"
3541406,"Presidente Prudente",44966.54707,2022,"Riqueza",63120.7,"Produto Interno Bruto per capita (R$ de 2024)"
3541406,"Presidente Prudente",54872.72431,2024,"Riqueza",82440.92,"Produto Interno Bruto per capita (R$ de 2024)"
3541505,"Presidente Venceslau",31124.50376,2014,"Riqueza",90454.96,"Produto Interno Bruto per capita (R$ de 2024)"
3541505,"Presidente Venceslau",32554.10787,2016,"Riqueza",82888.73,"Produto Interno Bruto per capita (R$ de 2024)"
3541505,"Presidente Venceslau",31124.50376,2018,"Riqueza",82943.19,"Produto Interno Bruto per capita (R$ de 2024)"
3541505,"Presidente Venceslau",28395.88712,2020,"Riqueza",73338.7,"Produto Interno Bruto per capita (R$ de 2024)"
3541505,"Presidente Venceslau",25436.87835,2022,"Riqueza",63120.7,"Produto Interno Bruto per capita (R$ de 2024)"
3541505,"Presidente Venceslau",34140.13459,2024,"Riqueza",82440.92,"Produto Interno Bruto per capita (R$ de 2024)"
3541604,"Promissão",69055.14035,2014,"Riqueza",90454.96,"Produto Interno Bruto per capita (R$ de 2024)"
3541604,"Promissão",129763.0756,2016,"Riqueza",82888.73,"Produto Interno Bruto per capita (R$ de 2024)"
3541604,"Promissão",69055.14035,2018,"Riqueza",82943.19,"Produto Interno Bruto per capita (R$ de 2024)"
3541604,"Promissão",71082.04341,2020,"Riqueza",73338.7,"Produto Interno Bruto per capita (R$ de 2024)"
3541604,"Promissão",81619.46807,2022,"Riqueza",63120.7,"Produto Interno Bruto per capita (R$ de 2024)"
3541604,"Promissão",103330.2109,2024,"Riqueza",82440.92,"Produto Interno Bruto per capita (R$ de 2024)"
3541653,"Quadra",45218.43581,2014,"Riqueza",90454.96,"Produto Interno Bruto per capita (R$ de 2024)"
3541653,"Quadra",45359.74648,2016,"Riqueza",82888.73,"Produto Interno Bruto per capita (R$ de 2024)"
3541653,"Quadra",45218.43581,2018,"Riqueza",82943.19,"Produto Interno Bruto per capita (R$ de 2024)"
3541653,"Quadra",46611.14401,2020,"Riqueza",73338.7,"Produto Interno Bruto per capita (R$ de 2024)"
3541653,"Quadra",45270.77279,2022,"Riqueza",63120.7,"Produto Interno Bruto per capita (R$ de 2024)"
3541653,"Quadra",65831.19159,2024,"Riqueza",82440.92,"Produto Interno Bruto per capita (R$ de 2024)"
3541703,"Quatá",55413.51998,2014,"Riqueza",90454.96,"Produto Interno Bruto per capita (R$ de 2024)"
3541703,"Quatá",59156.33443,2016,"Riqueza",82888.73,"Produto Interno Bruto per capita (R$ de 2024)"
3541703,"Quatá",55413.51998,2018,"Riqueza",82943.19,"Produto Interno Bruto per capita (R$ de 2024)"
3541703,"Quatá",73558.54975,2020,"Riqueza",73338.7,"Produto Interno Bruto per capita (R$ de 2024)"
3541703,"Quatá",68411.72402,2022,"Riqueza",63120.7,"Produto Interno Bruto per capita (R$ de 2024)"
3541703,"Quatá",88949.26101,2024,"Riqueza",82440.92,"Produto Interno Bruto per capita (R$ de 2024)"
3541802,"Queiroz",169047.2698,2014,"Riqueza",90454.96,"Produto Interno Bruto per capita (R$ de 2024)"
3541802,"Queiroz",244327.3605,2016,"Riqueza",82888.73,"Produto Interno Bruto per capita (R$ de 2024)"
3541802,"Queiroz",169047.2698,2018,"Riqueza",82943.19,"Produto Interno Bruto per capita (R$ de 2024)"
3541802,"Queiroz",365046.5307,2020,"Riqueza",73338.7,"Produto Interno Bruto per capita (R$ de 2024)"
3541802,"Queiroz",224603.9284,2022,"Riqueza",63120.7,"Produto Interno Bruto per capita (R$ de 2024)"
3541802,"Queiroz",353170.8196,2024,"Riqueza",82440.92,"Produto Interno Bruto per capita (R$ de 2024)"
3541901,"Queluz",44754.56289,2014,"Riqueza",90454.96,"Produto Interno Bruto per capita (R$ de 2024)"
3541901,"Queluz",34488.21887,2016,"Riqueza",82888.73,"Produto Interno Bruto per capita (R$ de 2024)"
3541901,"Queluz",44754.56289,2018,"Riqueza",82943.19,"Produto Interno Bruto per capita (R$ de 2024)"
3541901,"Queluz",37643.58776,2020,"Riqueza",73338.7,"Produto Interno Bruto per capita (R$ de 2024)"
3541901,"Queluz",48306.70259,2022,"Riqueza",63120.7,"Produto Interno Bruto per capita (R$ de 2024)"
3541901,"Queluz",59131.89202,2024,"Riqueza",82440.92,"Produto Interno Bruto per capita (R$ de 2024)"
3542008,"Quintana",44594.16865,2014,"Riqueza",90454.96,"Produto Interno Bruto per capita (R$ de 2024)"
3542008,"Quintana",42604.71053,2016,"Riqueza",82888.73,"Produto Interno Bruto per capita (R$ de 2024)"
3542008,"Quintana",44594.16865,2018,"Riqueza",82943.19,"Produto Interno Bruto per capita (R$ de 2024)"
3542008,"Quintana",46480.89901,2020,"Riqueza",73338.7,"Produto Interno Bruto per capita (R$ de 2024)"
3542008,"Quintana",45564.031,2022,"Riqueza",63120.7,"Produto Interno Bruto per capita (R$ de 2024)"
3542008,"Quintana",55437.62156,2024,"Riqueza",82440.92,"Produto Interno Bruto per capita (R$ de 2024)"
3542107,"Rafard",59778.30212,2014,"Riqueza",90454.96,"Produto Interno Bruto per capita (R$ de 2024)"
3542107,"Rafard",61298.3096,2016,"Riqueza",82888.73,"Produto Interno Bruto per capita (R$ de 2024)"
3542107,"Rafard",59778.30212,2018,"Riqueza",82943.19,"Produto Interno Bruto per capita (R$ de 2024)"
3542107,"Rafard",58848.46288,2020,"Riqueza",73338.7,"Produto Interno Bruto per capita (R$ de 2024)"
3542107,"Rafard",59512.13088,2022,"Riqueza",63120.7,"Produto Interno Bruto per capita (R$ de 2024)"
3542107,"Rafard",71029.35943,2024,"Riqueza",82440.92,"Produto Interno Bruto per capita (R$ de 2024)"
3542206,"Rancharia",63275.2869,2014,"Riqueza",90454.96,"Produto Interno Bruto per capita (R$ de 2024)"
3542206,"Rancharia",70533.71903,2016,"Riqueza",82888.73,"Produto Interno Bruto per capita (R$ de 2024)"
3542206,"Rancharia",63275.2869,2018,"Riqueza",82943.19,"Produto Interno Bruto per capita (R$ de 2024)"
3542206,"Rancharia",63123.73936,2020,"Riqueza",73338.7,"Produto Interno Bruto per capita (R$ de 2024)"
3542206,"Rancharia",59185.68566,2022,"Riqueza",63120.7,"Produto Interno Bruto per capita (R$ de 2024)"
3542206,"Rancharia",75574.17447,2024,"Riqueza",82440.92,"Produto Interno Bruto per capita (R$ de 2024)"
3542305,"Redenção da Serra",22855.55096,2014,"Riqueza",90454.96,"Produto Interno Bruto per capita (R$ de 2024)"
3542305,"Redenção da Serra",24655.64341,2016,"Riqueza",82888.73,"Produto Interno Bruto per capita (R$ de 2024)"
3542305,"Redenção da Serra",22855.55096,2018,"Riqueza",82943.19,"Produto Interno Bruto per capita (R$ de 2024)"
3542305,"Redenção da Serra",22400.497,2020,"Riqueza",73338.7,"Produto Interno Bruto per capita (R$ de 2024)"
3542305,"Redenção da Serra",17928.20655,2022,"Riqueza",63120.7,"Produto Interno Bruto per capita (R$ de 2024)"
3542305,"Redenção da Serra",28498.91257,2024,"Riqueza",82440.92,"Produto Interno Bruto per capita (R$ de 2024)"
3542404,"Regente Feijó",60786.1721,2014,"Riqueza",90454.96,"Produto Interno Bruto per capita (R$ de 2024)"
3542404,"Regente Feijó",56466.58082,2016,"Riqueza",82888.73,"Produto Interno Bruto per capita (R$ de 2024)"
3542404,"Regente Feijó",60786.1721,2018,"Riqueza",82943.19,"Produto Interno Bruto per capita (R$ de 2024)"
3542404,"Regente Feijó",60068.61682,2020,"Riqueza",73338.7,"Produto Interno Bruto per capita (R$ de 2024)"
3542404,"Regente Feijó",54697.97369,2022,"Riqueza",63120.7,"Produto Interno Bruto per capita (R$ de 2024)"
3542404,"Regente Feijó",68284.54845,2024,"Riqueza",82440.92,"Produto Interno Bruto per capita (R$ de 2024)"
3542503,"Reginópolis",33098.75743,2014,"Riqueza",90454.96,"Produto Interno Bruto per capita (R$ de 2024)"
3542503,"Reginópolis",31521.67939,2016,"Riqueza",82888.73,"Produto Interno Bruto per capita (R$ de 2024)"
3542503,"Reginópolis",33098.75743,2018,"Riqueza",82943.19,"Produto Interno Bruto per capita (R$ de 2024)"
3542503,"Reginópolis",33765.51602,2020,"Riqueza",73338.7,"Produto Interno Bruto per capita (R$ de 2024)"
3542503,"Reginópolis",25343.40929,2022,"Riqueza",63120.7,"Produto Interno Bruto per capita (R$ de 2024)"
3542503,"Reginópolis",37558.68666,2024,"Riqueza",82440.92,"Produto Interno Bruto per capita (R$ de 2024)"
3542602,"Registro",59967.44748,2014,"Riqueza",90454.96,"Produto Interno Bruto per capita (R$ de 2024)"
3542602,"Registro",59498.64001,2016,"Riqueza",82888.73,"Produto Interno Bruto per capita (R$ de 2024)"
3542602,"Registro",59967.44748,2018,"Riqueza",82943.19,"Produto Interno Bruto per capita (R$ de 2024)"
3542602,"Registro",55547.07435,2020,"Riqueza",73338.7,"Produto Interno Bruto per capita (R$ de 2024)"
3542602,"Registro",44624.37652,2022,"Riqueza",63120.7,"Produto Interno Bruto per capita (R$ de 2024)"
3542602,"Registro",52069.47891,2024,"Riqueza",82440.92,"Produto Interno Bruto per capita (R$ de 2024)"
3542701,"Restinga",37498.1711,2014,"Riqueza",90454.96,"Produto Interno Bruto per capita (R$ de 2024)"
3542701,"Restinga",43372.01351,2016,"Riqueza",82888.73,"Produto Interno Bruto per capita (R$ de 2024)"
3542701,"Restinga",37498.1711,2018,"Riqueza",82943.19,"Produto Interno Bruto per capita (R$ de 2024)"
3542701,"Restinga",35450.94632,2020,"Riqueza",73338.7,"Produto Interno Bruto per capita (R$ de 2024)"
3542701,"Restinga",38790.09394,2022,"Riqueza",63120.7,"Produto Interno Bruto per capita (R$ de 2024)"
3542701,"Restinga",52989.3937,2024,"Riqueza",82440.92,"Produto Interno Bruto per capita (R$ de 2024)"
3542800,"Ribeira",24390.24452,2014,"Riqueza",90454.96,"Produto Interno Bruto per capita (R$ de 2024)"
3542800,"Ribeira",27260.04228,2016,"Riqueza",82888.73,"Produto Interno Bruto per capita (R$ de 2024)"
3542800,"Ribeira",24390.24452,2018,"Riqueza",82943.19,"Produto Interno Bruto per capita (R$ de 2024)"
3542800,"Ribeira",23008.9469,2020,"Riqueza",73338.7,"Produto Interno Bruto per capita (R$ de 2024)"
3542800,"Ribeira",17600.89805,2022,"Riqueza",63120.7,"Produto Interno Bruto per capita (R$ de 2024)"
3542800,"Ribeira",21611.50845,2024,"Riqueza",82440.92,"Produto Interno Bruto per capita (R$ de 2024)"
3542909,"Ribeirão Bonito",33060.33754,2014,"Riqueza",90454.96,"Produto Interno Bruto per capita (R$ de 2024)"
3542909,"Ribeirão Bonito",31603.02844,2016,"Riqueza",82888.73,"Produto Interno Bruto per capita (R$ de 2024)"
3542909,"Ribeirão Bonito",33060.33754,2018,"Riqueza",82943.19,"Produto Interno Bruto per capita (R$ de 2024)"
3542909,"Ribeirão Bonito",36725.01032,2020,"Riqueza",73338.7,"Produto Interno Bruto per capita (R$ de 2024)"
3542909,"Ribeirão Bonito",36834.37538,2022,"Riqueza",63120.7,"Produto Interno Bruto per capita (R$ de 2024)"
3542909,"Ribeirão Bonito",49514.46975,2024,"Riqueza",82440.92,"Produto Interno Bruto per capita (R$ de 2024)"
3543006,"Ribeirão Branco",27953.64543,2014,"Riqueza",90454.96,"Produto Interno Bruto per capita (R$ de 2024)"
3543006,"Ribeirão Branco",40515.10804,2016,"Riqueza",82888.73,"Produto Interno Bruto per capita (R$ de 2024)"
3543006,"Ribeirão Branco",27953.64543,2018,"Riqueza",82943.19,"Produto Interno Bruto per capita (R$ de 2024)"
3543006,"Ribeirão Branco",39874.76945,2020,"Riqueza",73338.7,"Produto Interno Bruto per capita (R$ de 2024)"
3543006,"Ribeirão Branco",23438.14323,2022,"Riqueza",63120.7,"Produto Interno Bruto per capita (R$ de 2024)"
3543006,"Ribeirão Branco",36953.2635,2024,"Riqueza",82440.92,"Produto Interno Bruto per capita (R$ de 2024)"
3543105,"Ribeirão Corrente",39675.3628,2014,"Riqueza",90454.96,"Produto Interno Bruto per capita (R$ de 2024)"
3543105,"Ribeirão Corrente",44003.24425,2016,"Riqueza",82888.73,"Produto Interno Bruto per capita (R$ de 2024)"
3543105,"Ribeirão Corrente",39675.3628,2018,"Riqueza",82943.19,"Produto Interno Bruto per capita (R$ de 2024)"
3543105,"Ribeirão Corrente",51734.47393,2020,"Riqueza",73338.7,"Produto Interno Bruto per capita (R$ de 2024)"
3543105,"Ribeirão Corrente",45095.64582,2022,"Riqueza",63120.7,"Produto Interno Bruto per capita (R$ de 2024)"
3543105,"Ribeirão Corrente",65620.16007,2024,"Riqueza",82440.92,"Produto Interno Bruto per capita (R$ de 2024)"
3543204,"Ribeirão do Sul",57277.23579,2014,"Riqueza",90454.96,"Produto Interno Bruto per capita (R$ de 2024)"
3543204,"Ribeirão do Sul",52606.1461,2016,"Riqueza",82888.73,"Produto Interno Bruto per capita (R$ de 2024)"
3543204,"Ribeirão do Sul",57277.23579,2018,"Riqueza",82943.19,"Produto Interno Bruto per capita (R$ de 2024)"
3543204,"Ribeirão do Sul",63490.23465,2020,"Riqueza",73338.7,"Produto Interno Bruto per capita (R$ de 2024)"
3543204,"Ribeirão do Sul",62052.75704,2022,"Riqueza",63120.7,"Produto Interno Bruto per capita (R$ de 2024)"
3543204,"Ribeirão do Sul",75042.55774,2024,"Riqueza",82440.92,"Produto Interno Bruto per capita (R$ de 2024)"
3543238,"Ribeirão dos Índios",27433.73532,2014,"Riqueza",90454.96,"Produto Interno Bruto per capita (R$ de 2024)"
3543238,"Ribeirão dos Índios",32672.56649,2016,"Riqueza",82888.73,"Produto Interno Bruto per capita (R$ de 2024)"
3543238,"Ribeirão dos Índios",27433.73532,2018,"Riqueza",82943.19,"Produto Interno Bruto per capita (R$ de 2024)"
3543238,"Ribeirão dos Índios",27209.23214,2020,"Riqueza",73338.7,"Produto Interno Bruto per capita (R$ de 2024)"
3543238,"Ribeirão dos Índios",22068.81357,2022,"Riqueza",63120.7,"Produto Interno Bruto per capita (R$ de 2024)"
3543238,"Ribeirão dos Índios",30470.11552,2024,"Riqueza",82440.92,"Produto Interno Bruto per capita (R$ de 2024)"
3543253,"Ribeirão Grande",58758.34209,2014,"Riqueza",90454.96,"Produto Interno Bruto per capita (R$ de 2024)"
3543253,"Ribeirão Grande",39252.02933,2016,"Riqueza",82888.73,"Produto Interno Bruto per capita (R$ de 2024)"
3543253,"Ribeirão Grande",58758.34209,2018,"Riqueza",82943.19,"Produto Interno Bruto per capita (R$ de 2024)"
3543253,"Ribeirão Grande",40125.63331,2020,"Riqueza",73338.7,"Produto Interno Bruto per capita (R$ de 2024)"
3543253,"Ribeirão Grande",15011.84024,2022,"Riqueza",63120.7,"Produto Interno Bruto per capita (R$ de 2024)"
3543253,"Ribeirão Grande",18466.14407,2024,"Riqueza",82440.92,"Produto Interno Bruto per capita (R$ de 2024)"
3543303,"Ribeirão Pires",42596.97027,2014,"Riqueza",90454.96,"Produto Interno Bruto per capita (R$ de 2024)"
3543303,"Ribeirão Pires",45595.21621,2016,"Riqueza",82888.73,"Produto Interno Bruto per capita (R$ de 2024)"
3543303,"Ribeirão Pires",42596.97027,2018,"Riqueza",82943.19,"Produto Interno Bruto per capita (R$ de 2024)"
3543303,"Ribeirão Pires",38672.61939,2020,"Riqueza",73338.7,"Produto Interno Bruto per capita (R$ de 2024)"
3543303,"Ribeirão Pires",39607.53624,2022,"Riqueza",63120.7,"Produto Interno Bruto per capita (R$ de 2024)"
3543303,"Ribeirão Pires",45285.68573,2024,"Riqueza",82440.92,"Produto Interno Bruto per capita (R$ de 2024)"
3543402,"Ribeirão Preto",84676.51006,2014,"Riqueza",90454.96,"Produto Interno Bruto per capita (R$ de 2024)"
3543402,"Ribeirão Preto",80747.03607,2016,"Riqueza",82888.73,"Produto Interno Bruto per capita (R$ de 2024)"
3543402,"Ribeirão Preto",84676.51006,2018,"Riqueza",82943.19,"Produto Interno Bruto per capita (R$ de 2024)"
3543402,"Ribeirão Preto",70920.43991,2020,"Riqueza",73338.7,"Produto Interno Bruto per capita (R$ de 2024)"
3543402,"Ribeirão Preto",66641.40343,2022,"Riqueza",63120.7,"Produto Interno Bruto per capita (R$ de 2024)"
3543402,"Ribeirão Preto",78973.95135,2024,"Riqueza",82440.92,"Produto Interno Bruto per capita (R$ de 2024)"
3543501,"Riversul",19778.75248,2014,"Riqueza",90454.96,"Produto Interno Bruto per capita (R$ de 2024)"
3543501,"Riversul",17881.13576,2016,"Riqueza",82888.73,"Produto Interno Bruto per capita (R$ de 2024)"
3543501,"Riversul",19778.75248,2018,"Riqueza",82943.19,"Produto Interno Bruto per capita (R$ de 2024)"
3543501,"Riversul",20555.42923,2020,"Riqueza",73338.7,"Produto Interno Bruto per capita (R$ de 2024)"
3543501,"Riversul",18013.55299,2022,"Riqueza",63120.7,"Produto Interno Bruto per capita (R$ de 2024)"
3543501,"Riversul",23201.12441,2024,"Riqueza",82440.92,"Produto Interno Bruto per capita (R$ de 2024)"
3543600,"Rifaina",57398.85608,2014,"Riqueza",90454.96,"Produto Interno Bruto per capita (R$ de 2024)"
3543600,"Rifaina",44113.45198,2016,"Riqueza",82888.73,"Produto Interno Bruto per capita (R$ de 2024)"
3543600,"Rifaina",57398.85608,2018,"Riqueza",82943.19,"Produto Interno Bruto per capita (R$ de 2024)"
3543600,"Rifaina",68948.10155,2020,"Riqueza",73338.7,"Produto Interno Bruto per capita (R$ de 2024)"
3543600,"Rifaina",50222.13174,2022,"Riqueza",63120.7,"Produto Interno Bruto per capita (R$ de 2024)"
3543600,"Rifaina",60150.34881,2024,"Riqueza",82440.92,"Produto Interno Bruto per capita (R$ de 2024)"
3543709,"Rincão",30891.49721,2014,"Riqueza",90454.96,"Produto Interno Bruto per capita (R$ de 2024)"
3543709,"Rincão",29371.76058,2016,"Riqueza",82888.73,"Produto Interno Bruto per capita (R$ de 2024)"
3543709,"Rincão",30891.49721,2018,"Riqueza",82943.19,"Produto Interno Bruto per capita (R$ de 2024)"
3543709,"Rincão",27544.42504,2020,"Riqueza",73338.7,"Produto Interno Bruto per capita (R$ de 2024)"
3543709,"Rincão",27264.40068,2022,"Riqueza",63120.7,"Produto Interno Bruto per capita (R$ de 2024)"
3543709,"Rincão",42286.44414,2024,"Riqueza",82440.92,"Produto Interno Bruto per capita (R$ de 2024)"
3543808,"Rinópolis",43094.33082,2014,"Riqueza",90454.96,"Produto Interno Bruto per capita (R$ de 2024)"
3543808,"Rinópolis",39466.57741,2016,"Riqueza",82888.73,"Produto Interno Bruto per capita (R$ de 2024)"
3543808,"Rinópolis",43094.33082,2018,"Riqueza",82943.19,"Produto Interno Bruto per capita (R$ de 2024)"
3543808,"Rinópolis",42941.64019,2020,"Riqueza",73338.7,"Produto Interno Bruto per capita (R$ de 2024)"
3543808,"Rinópolis",41086.20745,2022,"Riqueza",63120.7,"Produto Interno Bruto per capita (R$ de 2024)"
3543808,"Rinópolis",58246.9352,2024,"Riqueza",82440.92,"Produto Interno Bruto per capita (R$ de 2024)"
3543907,"Rio Claro",81563.23689,2014,"Riqueza",90454.96,"Produto Interno Bruto per capita (R$ de 2024)"
3543907,"Rio Claro",79907.51477,2016,"Riqueza",82888.73,"Produto Interno Bruto per capita (R$ de 2024)"
3543907,"Rio Claro",81563.23689,2018,"Riqueza",82943.19,"Produto Interno Bruto per capita (R$ de 2024)"
3543907,"Rio Claro",78232.33652,2020,"Riqueza",73338.7,"Produto Interno Bruto per capita (R$ de 2024)"
3543907,"Rio Claro",67590.35774,2022,"Riqueza",63120.7,"Produto Interno Bruto per capita (R$ de 2024)"
3543907,"Rio Claro",81683.60311,2024,"Riqueza",82440.92,"Produto Interno Bruto per capita (R$ de 2024)"
3544004,"Rio das Pedras",68563.16947,2014,"Riqueza",90454.96,"Produto Interno Bruto per capita (R$ de 2024)"
3544004,"Rio das Pedras",60303.58981,2016,"Riqueza",82888.73,"Produto Interno Bruto per capita (R$ de 2024)"
3544004,"Rio das Pedras",68563.16947,2018,"Riqueza",82943.19,"Produto Interno Bruto per capita (R$ de 2024)"
3544004,"Rio das Pedras",58610.86704,2020,"Riqueza",73338.7,"Produto Interno Bruto per capita (R$ de 2024)"
3544004,"Rio das Pedras",66531.63026,2022,"Riqueza",63120.7,"Produto Interno Bruto per capita (R$ de 2024)"
3544004,"Rio das Pedras",69490.27892,2024,"Riqueza",82440.92,"Produto Interno Bruto per capita (R$ de 2024)"
3544103,"Rio Grande da Serra",19233.48146,2014,"Riqueza",90454.96,"Produto Interno Bruto per capita (R$ de 2024)"
3544103,"Rio Grande da Serra",21458.33577,2016,"Riqueza",82888.73,"Produto Interno Bruto per capita (R$ de 2024)"
3544103,"Rio Grande da Serra",19233.48146,2018,"Riqueza",82943.19,"Produto Interno Bruto per capita (R$ de 2024)"
3544103,"Rio Grande da Serra",23427.40188,2020,"Riqueza",73338.7,"Produto Interno Bruto per capita (R$ de 2024)"
3544103,"Rio Grande da Serra",23034.65077,2022,"Riqueza",63120.7,"Produto Interno Bruto per capita (R$ de 2024)"
3544103,"Rio Grande da Serra",28533.68891,2024,"Riqueza",82440.92,"Produto Interno Bruto per capita (R$ de 2024)"
3544202,"Riolândia",36965.66509,2014,"Riqueza",90454.96,"Produto Interno Bruto per capita (R$ de 2024)"
3544202,"Riolândia",32543.80296,2016,"Riqueza",82888.73,"Produto Interno Bruto per capita (R$ de 2024)"
3544202,"Riolândia",36965.66509,2018,"Riqueza",82943.19,"Produto Interno Bruto per capita (R$ de 2024)"
3544202,"Riolândia",29637.56889,2020,"Riqueza",73338.7,"Produto Interno Bruto per capita (R$ de 2024)"
3544202,"Riolândia",29825.00967,2022,"Riqueza",63120.7,"Produto Interno Bruto per capita (R$ de 2024)"
3544202,"Riolândia",40966.29872,2024,"Riqueza",82440.92,"Produto Interno Bruto per capita (R$ de 2024)"
3544251,"Rosana",106173.8346,2014,"Riqueza",90454.96,"Produto Interno Bruto per capita (R$ de 2024)"
3544251,"Rosana",209500.2303,2016,"Riqueza",82888.73,"Produto Interno Bruto per capita (R$ de 2024)"
3544251,"Rosana",106173.8346,2018,"Riqueza",82943.19,"Produto Interno Bruto per capita (R$ de 2024)"
3544251,"Rosana",170527.3572,2020,"Riqueza",73338.7,"Produto Interno Bruto per capita (R$ de 2024)"
3544251,"Rosana",91767.20873,2022,"Riqueza",63120.7,"Produto Interno Bruto per capita (R$ de 2024)"
3544251,"Rosana",97989.6462,2024,"Riqueza",82440.92,"Produto Interno Bruto per capita (R$ de 2024)"
3544301,"Roseira",46432.5405,2014,"Riqueza",90454.96,"Produto Interno Bruto per capita (R$ de 2024)"
3544301,"Roseira",46378.90514,2016,"Riqueza",82888.73,"Produto Interno Bruto per capita (R$ de 2024)"
3544301,"Roseira",46432.5405,2018,"Riqueza",82943.19,"Produto Interno Bruto per capita (R$ de 2024)"
3544301,"Roseira",43802.14276,2020,"Riqueza",73338.7,"Produto Interno Bruto per capita (R$ de 2024)"
3544301,"Roseira",37687.24136,2022,"Riqueza",63120.7,"Produto Interno Bruto per capita (R$ de 2024)"
3544301,"Roseira",43973.16718,2024,"Riqueza",82440.92,"Produto Interno Bruto per capita (R$ de 2024)"
3544400,"Rubiácea",34157.78165,2014,"Riqueza",90454.96,"Produto Interno Bruto per capita (R$ de 2024)"
3544400,"Rubiácea",33810.56547,2016,"Riqueza",82888.73,"Produto Interno Bruto per capita (R$ de 2024)"
3544400,"Rubiácea",34157.78165,2018,"Riqueza",82943.19,"Produto Interno Bruto per capita (R$ de 2024)"
3544400,"Rubiácea",36162.27661,2020,"Riqueza",73338.7,"Produto Interno Bruto per capita (R$ de 2024)"
3544400,"Rubiácea",25229.29031,2022,"Riqueza",63120.7,"Produto Interno Bruto per capita (R$ de 2024)"
3544400,"Rubiácea",35682.90855,2024,"Riqueza",82440.92,"Produto Interno Bruto per capita (R$ de 2024)"
3544509,"Rubinéia",43404.51126,2014,"Riqueza",90454.96,"Produto Interno Bruto per capita (R$ de 2024)"
3544509,"Rubinéia",40653.96275,2016,"Riqueza",82888.73,"Produto Interno Bruto per capita (R$ de 2024)"
3544509,"Rubinéia",43404.51126,2018,"Riqueza",82943.19,"Produto Interno Bruto per capita (R$ de 2024)"
3544509,"Rubinéia",40722.31338,2020,"Riqueza",73338.7,"Produto Interno Bruto per capita (R$ de 2024)"
3544509,"Rubinéia",37291.4497,2022,"Riqueza",63120.7,"Produto Interno Bruto per capita (R$ de 2024)"
3544509,"Rubinéia",53360.92129,2024,"Riqueza",82440.92,"Produto Interno Bruto per capita (R$ de 2024)"
3544608,"Sabino",35992.5801,2014,"Riqueza",90454.96,"Produto Interno Bruto per capita (R$ de 2024)"
3544608,"Sabino",38880.10596,2016,"Riqueza",82888.73,"Produto Interno Bruto per capita (R$ de 2024)"
3544608,"Sabino",35992.5801,2018,"Riqueza",82943.19,"Produto Interno Bruto per capita (R$ de 2024)"
3544608,"Sabino",34072.10017,2020,"Riqueza",73338.7,"Produto Interno Bruto per capita (R$ de 2024)"
3544608,"Sabino",32161.02019,2022,"Riqueza",63120.7,"Produto Interno Bruto per capita (R$ de 2024)"
3544608,"Sabino",38897.17224,2024,"Riqueza",82440.92,"Produto Interno Bruto per capita (R$ de 2024)"
3544707,"Sagres",26282.36332,2014,"Riqueza",90454.96,"Produto Interno Bruto per capita (R$ de 2024)"
3544707,"Sagres",30530.13361,2016,"Riqueza",82888.73,"Produto Interno Bruto per capita (R$ de 2024)"
3544707,"Sagres",26282.36332,2018,"Riqueza",82943.19,"Produto Interno Bruto per capita (R$ de 2024)"
3544707,"Sagres",27094.12369,2020,"Riqueza",73338.7,"Produto Interno Bruto per capita (R$ de 2024)"
3544707,"Sagres",21804.01398,2022,"Riqueza",63120.7,"Produto Interno Bruto per capita (R$ de 2024)"
3544707,"Sagres",31630.02028,2024,"Riqueza",82440.92,"Produto Interno Bruto per capita (R$ de 2024)"
3544806,"Sales",39706.90808,2014,"Riqueza",90454.96,"Produto Interno Bruto per capita (R$ de 2024)"
3544806,"Sales",39368.78837,2016,"Riqueza",82888.73,"Produto Interno Bruto per capita (R$ de 2024)"
3544806,"Sales",39706.90808,2018,"Riqueza",82943.19,"Produto Interno Bruto per capita (R$ de 2024)"
3544806,"Sales",35441.20893,2020,"Riqueza",73338.7,"Produto Interno Bruto per capita (R$ de 2024)"
3544806,"Sales",30989.58636,2022,"Riqueza",63120.7,"Produto Interno Bruto per capita (R$ de 2024)"
3544806,"Sales",43483.79735,2024,"Riqueza",82440.92,"Produto Interno Bruto per capita (R$ de 2024)"
3544905,"Sales Oliveira",50362.80042,2014,"Riqueza",90454.96,"Produto Interno Bruto per capita (R$ de 2024)"
3544905,"Sales Oliveira",50603.66468,2016,"Riqueza",82888.73,"Produto Interno Bruto per capita (R$ de 2024)"
3544905,"Sales Oliveira",50362.80042,2018,"Riqueza",82943.19,"Produto Interno Bruto per capita (R$ de 2024)"
3544905,"Sales Oliveira",49276.53215,2020,"Riqueza",73338.7,"Produto Interno Bruto per capita (R$ de 2024)"
3544905,"Sales Oliveira",40785.84684,2022,"Riqueza",63120.7,"Produto Interno Bruto per capita (R$ de 2024)"
3544905,"Sales Oliveira",49466.01688,2024,"Riqueza",82440.92,"Produto Interno Bruto per capita (R$ de 2024)"
3545001,"Salesópolis",20153.63181,2014,"Riqueza",90454.96,"Produto Interno Bruto per capita (R$ de 2024)"
3545001,"Salesópolis",21147.47264,2016,"Riqueza",82888.73,"Produto Interno Bruto per capita (R$ de 2024)"
3545001,"Salesópolis",20153.63181,2018,"Riqueza",82943.19,"Produto Interno Bruto per capita (R$ de 2024)"
3545001,"Salesópolis",19978.50217,2020,"Riqueza",73338.7,"Produto Interno Bruto per capita (R$ de 2024)"
3545001,"Salesópolis",17522.72267,2022,"Riqueza",63120.7,"Produto Interno Bruto per capita (R$ de 2024)"
3545001,"Salesópolis",22142.39289,2024,"Riqueza",82440.92,"Produto Interno Bruto per capita (R$ de 2024)"
3545100,"Salmourão",23402.23439,2014,"Riqueza",90454.96,"Produto Interno Bruto per capita (R$ de 2024)"
3545100,"Salmourão",24632.13259,2016,"Riqueza",82888.73,"Produto Interno Bruto per capita (R$ de 2024)"
3545100,"Salmourão",23402.23439,2018,"Riqueza",82943.19,"Produto Interno Bruto per capita (R$ de 2024)"
3545100,"Salmourão",22387.6227,2020,"Riqueza",73338.7,"Produto Interno Bruto per capita (R$ de 2024)"
3545100,"Salmourão",18946.80158,2022,"Riqueza",63120.7,"Produto Interno Bruto per capita (R$ de 2024)"
3545100,"Salmourão",25783.30893,2024,"Riqueza",82440.92,"Produto Interno Bruto per capita (R$ de 2024)"
3545159,"Saltinho",52442.95636,2014,"Riqueza",90454.96,"Produto Interno Bruto per capita (R$ de 2024)"
3545159,"Saltinho",45918.04397,2016,"Riqueza",82888.73,"Produto Interno Bruto per capita (R$ de 2024)"
3545159,"Saltinho",52442.95636,2018,"Riqueza",82943.19,"Produto Interno Bruto per capita (R$ de 2024)"
3545159,"Saltinho",51214.98632,2020,"Riqueza",73338.7,"Produto Interno Bruto per capita (R$ de 2024)"
3545159,"Saltinho",51922.60559,2022,"Riqueza",63120.7,"Produto Interno Bruto per capita (R$ de 2024)"
3545159,"Saltinho",60907.07752,2024,"Riqueza",82440.92,"Produto Interno Bruto per capita (R$ de 2024)"
3545209,"Salto",106404.0462,2014,"Riqueza",90454.96,"Produto Interno Bruto per capita (R$ de 2024)"
3545209,"Salto",98141.11843,2016,"Riqueza",82888.73,"Produto Interno Bruto per capita (R$ de 2024)"
3545209,"Salto",106404.0462,2018,"Riqueza",82943.19,"Produto Interno Bruto per capita (R$ de 2024)"
3545209,"Salto",93155.01405,2020,"Riqueza",73338.7,"Produto Interno Bruto per capita (R$ de 2024)"
3545209,"Salto",79039.16072,2022,"Riqueza",63120.7,"Produto Interno Bruto per capita (R$ de 2024)"
3545209,"Salto",89071.56824,2024,"Riqueza",82440.92,"Produto Interno Bruto per capita (R$ de 2024)"
3545308,"Salto de Pirapora",64145.98395,2014,"Riqueza",90454.96,"Produto Interno Bruto per capita (R$ de 2024)"
3545308,"Salto de Pirapora",52252.32311,2016,"Riqueza",82888.73,"Produto Interno Bruto per capita (R$ de 2024)"
3545308,"Salto de Pirapora",64145.98395,2018,"Riqueza",82943.19,"Produto Interno Bruto per capita (R$ de 2024)"
3545308,"Salto de Pirapora",65550.96128,2020,"Riqueza",73338.7,"Produto Interno Bruto per capita (R$ de 2024)"
3545308,"Salto de Pirapora",59626.13214,2022,"Riqueza",63120.7,"Produto Interno Bruto per capita (R$ de 2024)"
3545308,"Salto de Pirapora",69533.03705,2024,"Riqueza",82440.92,"Produto Interno Bruto per capita (R$ de 2024)"
3545407,"Salto Grande",40596.9917,2014,"Riqueza",90454.96,"Produto Interno Bruto per capita (R$ de 2024)"
3545407,"Salto Grande",42615.83081,2016,"Riqueza",82888.73,"Produto Interno Bruto per capita (R$ de 2024)"
3545407,"Salto Grande",40596.9917,2018,"Riqueza",82943.19,"Produto Interno Bruto per capita (R$ de 2024)"
3545407,"Salto Grande",40607.09691,2020,"Riqueza",73338.7,"Produto Interno Bruto per capita (R$ de 2024)"
3545407,"Salto Grande",34767.9517,2022,"Riqueza",63120.7,"Produto Interno Bruto per capita (R$ de 2024)"
3545407,"Salto Grande",46884.99392,2024,"Riqueza",82440.92,"Produto Interno Bruto per capita (R$ de 2024)"
3545506,"Sandovalina",153890.6494,2014,"Riqueza",90454.96,"Produto Interno Bruto per capita (R$ de 2024)"
3545506,"Sandovalina",260760.0091,2016,"Riqueza",82888.73,"Produto Interno Bruto per capita (R$ de 2024)"
3545506,"Sandovalina",153890.6494,2018,"Riqueza",82943.19,"Produto Interno Bruto per capita (R$ de 2024)"
3545506,"Sandovalina",142809.1087,2020,"Riqueza",73338.7,"Produto Interno Bruto per capita (R$ de 2024)"
3545506,"Sandovalina",101992.7814,2022,"Riqueza",63120.7,"Produto Interno Bruto per capita (R$ de 2024)"
3545506,"Sandovalina",135785.0208,2024,"Riqueza",82440.92,"Produto Interno Bruto per capita (R$ de 2024)"
3545605,"Santa Adélia",34274.26526,2014,"Riqueza",90454.96,"Produto Interno Bruto per capita (R$ de 2024)"
3545605,"Santa Adélia",35959.39537,2016,"Riqueza",82888.73,"Produto Interno Bruto per capita (R$ de 2024)"
3545605,"Santa Adélia",34274.26526,2018,"Riqueza",82943.19,"Produto Interno Bruto per capita (R$ de 2024)"
3545605,"Santa Adélia",32956.73347,2020,"Riqueza",73338.7,"Produto Interno Bruto per capita (R$ de 2024)"
3545605,"Santa Adélia",32382.76397,2022,"Riqueza",63120.7,"Produto Interno Bruto per capita (R$ de 2024)"
3545605,"Santa Adélia",43237.26012,2024,"Riqueza",82440.92,"Produto Interno Bruto per capita (R$ de 2024)"
3545704,"Santa Albertina",53146.99433,2014,"Riqueza",90454.96,"Produto Interno Bruto per capita (R$ de 2024)"
3545704,"Santa Albertina",58870.32921,2016,"Riqueza",82888.73,"Produto Interno Bruto per capita (R$ de 2024)"
3545704,"Santa Albertina",53146.99433,2018,"Riqueza",82943.19,"Produto Interno Bruto per capita (R$ de 2024)"
3545704,"Santa Albertina",51665.73024,2020,"Riqueza",73338.7,"Produto Interno Bruto per capita (R$ de 2024)"
3545704,"Santa Albertina",42620.93262,2022,"Riqueza",63120.7,"Produto Interno Bruto per capita (R$ de 2024)"
3545704,"Santa Albertina",55360.61776,2024,"Riqueza",82440.92,"Produto Interno Bruto per capita (R$ de 2024)"
3545803,"Santa Bárbara d'Oeste",52312.65723,2014,"Riqueza",90454.96,"Produto Interno Bruto per capita (R$ de 2024)"
3545803,"Santa Bárbara d'Oeste",48291.05833,2016,"Riqueza",82888.73,"Produto Interno Bruto per capita (R$ de 2024)"
3545803,"Santa Bárbara d'Oeste",52312.65723,2018,"Riqueza",82943.19,"Produto Interno Bruto per capita (R$ de 2024)"
3545803,"Santa Bárbara d'Oeste",47273.29484,2020,"Riqueza",73338.7,"Produto Interno Bruto per capita (R$ de 2024)"
3545803,"Santa Bárbara d'Oeste",50494.69099,2022,"Riqueza",63120.7,"Produto Interno Bruto per capita (R$ de 2024)"
3545803,"Santa Bárbara d'Oeste",63365.04832,2024,"Riqueza",82440.92,"Produto Interno Bruto per capita (R$ de 2024)"
3546009,"Santa Branca",28620.50797,2014,"Riqueza",90454.96,"Produto Interno Bruto per capita (R$ de 2024)"
3546009,"Santa Branca",31635.39537,2016,"Riqueza",82888.73,"Produto Interno Bruto per capita (R$ de 2024)"
3546009,"Santa Branca",28620.50797,2018,"Riqueza",82943.19,"Produto Interno Bruto per capita (R$ de 2024)"
3546009,"Santa Branca",27638.06345,2020,"Riqueza",73338.7,"Produto Interno Bruto per capita (R$ de 2024)"
3546009,"Santa Branca",22693.16691,2022,"Riqueza",63120.7,"Produto Interno Bruto per capita (R$ de 2024)"
3546009,"Santa Branca",27582.09384,2024,"Riqueza",82440.92,"Produto Interno Bruto per capita (R$ de 2024)"
3546108,"Santa Clara d'Oeste",55582.4441,2014,"Riqueza",90454.96,"Produto Interno Bruto per capita (R$ de 2024)"
3546108,"Santa Clara d'Oeste",44362.12244,2016,"Riqueza",82888.73,"Produto Interno Bruto per capita (R$ de 2024)"
3546108,"Santa Clara d'Oeste",55582.4441,2018,"Riqueza",82943.19,"Produto Interno Bruto per capita (R$ de 2024)"
3546108,"Santa Clara d'Oeste",50789.12902,2020,"Riqueza",73338.7,"Produto Interno Bruto per capita (R$ de 2024)"
3546108,"Santa Clara d'Oeste",38144.96315,2022,"Riqueza",63120.7,"Produto Interno Bruto per capita (R$ de 2024)"
3546108,"Santa Clara d'Oeste",53029.51192,2024,"Riqueza",82440.92,"Produto Interno Bruto per capita (R$ de 2024)"
3546207,"Santa Cruz da Conceição",47693.11268,2014,"Riqueza",90454.96,"Produto Interno Bruto per capita (R$ de 2024)"
3546207,"Santa Cruz da Conceição",55019.36643,2016,"Riqueza",82888.73,"Produto Interno Bruto per capita (R$ de 2024)"
3546207,"Santa Cruz da Conceição",47693.11268,2018,"Riqueza",82943.19,"Produto Interno Bruto per capita (R$ de 2024)"
3546207,"Santa Cruz da Conceição",45610.45631,2020,"Riqueza",73338.7,"Produto Interno Bruto per capita (R$ de 2024)"
3546207,"Santa Cruz da Conceição",39750.30024,2022,"Riqueza",63120.7,"Produto Interno Bruto per capita (R$ de 2024)"
3546207,"Santa Cruz da Conceição",50102.18808,2024,"Riqueza",82440.92,"Produto Interno Bruto per capita (R$ de 2024)"
3546256,"Santa Cruz da Esperança",41495.26109,2014,"Riqueza",90454.96,"Produto Interno Bruto per capita (R$ de 2024)"
3546256,"Santa Cruz da Esperança",43805.44162,2016,"Riqueza",82888.73,"Produto Interno Bruto per capita (R$ de 2024)"
3546256,"Santa Cruz da Esperança",41495.26109,2018,"Riqueza",82943.19,"Produto Interno Bruto per capita (R$ de 2024)"
3546256,"Santa Cruz da Esperança",42326.82869,2020,"Riqueza",73338.7,"Produto Interno Bruto per capita (R$ de 2024)"
3546256,"Santa Cruz da Esperança",28669.71318,2022,"Riqueza",63120.7,"Produto Interno Bruto per capita (R$ de 2024)"
3546256,"Santa Cruz da Esperança",51354.54974,2024,"Riqueza",82440.92,"Produto Interno Bruto per capita (R$ de 2024)"
3546306,"Santa Cruz das Palmeiras",25033.83667,2014,"Riqueza",90454.96,"Produto Interno Bruto per capita (R$ de 2024)"
3546306,"Santa Cruz das Palmeiras",24770.60256,2016,"Riqueza",82888.73,"Produto Interno Bruto per capita (R$ de 2024)"
3546306,"Santa Cruz das Palmeiras",25033.83667,2018,"Riqueza",82943.19,"Produto Interno Bruto per capita (R$ de 2024)"
3546306,"Santa Cruz das Palmeiras",23682.97761,2020,"Riqueza",73338.7,"Produto Interno Bruto per capita (R$ de 2024)"
3546306,"Santa Cruz das Palmeiras",24581.92285,2022,"Riqueza",63120.7,"Produto Interno Bruto per capita (R$ de 2024)"
3546306,"Santa Cruz das Palmeiras",29668.95513,2024,"Riqueza",82440.92,"Produto Interno Bruto per capita (R$ de 2024)"
3546405,"Santa Cruz do Rio Pardo",73498.91391,2014,"Riqueza",90454.96,"Produto Interno Bruto per capita (R$ de 2024)"
3546405,"Santa Cruz do Rio Pardo",76820.69966,2016,"Riqueza",82888.73,"Produto Interno Bruto per capita (R$ de 2024)"
3546405,"Santa Cruz do Rio Pardo",73498.91391,2018,"Riqueza",82943.19,"Produto Interno Bruto per capita (R$ de 2024)"
3546405,"Santa Cruz do Rio Pardo",72547.54279,2020,"Riqueza",73338.7,"Produto Interno Bruto per capita (R$ de 2024)"
3546405,"Santa Cruz do Rio Pardo",72772.15208,2022,"Riqueza",63120.7,"Produto Interno Bruto per capita (R$ de 2024)"
3546405,"Santa Cruz do Rio Pardo",99412.81886,2024,"Riqueza",82440.92,"Produto Interno Bruto per capita (R$ de 2024)"
3546504,"Santa Ernestina",27688.29508,2014,"Riqueza",90454.96,"Produto Interno Bruto per capita (R$ de 2024)"
3546504,"Santa Ernestina",28374.83379,2016,"Riqueza",82888.73,"Produto Interno Bruto per capita (R$ de 2024)"
3546504,"Santa Ernestina",27688.29508,2018,"Riqueza",82943.19,"Produto Interno Bruto per capita (R$ de 2024)"
3546504,"Santa Ernestina",26478.216230000002,2020,"Riqueza",73338.7,"Produto Interno Bruto per capita (R$ de 2024)"
3546504,"Santa Ernestina",19612.85697,2022,"Riqueza",63120.7,"Produto Interno Bruto per capita (R$ de 2024)"
3546504,"Santa Ernestina",26461.688,2024,"Riqueza",82440.92,"Produto Interno Bruto per capita (R$ de 2024)"
3546603,"Santa Fé do Sul",58703.26884,2014,"Riqueza",90454.96,"Produto Interno Bruto per capita (R$ de 2024)"
3546603,"Santa Fé do Sul",55786.07568,2016,"Riqueza",82888.73,"Produto Interno Bruto per capita (R$ de 2024)"
3546603,"Santa Fé do Sul",58703.26884,2018,"Riqueza",82943.19,"Produto Interno Bruto per capita (R$ de 2024)"
3546603,"Santa Fé do Sul",56699.20312,2020,"Riqueza",73338.7,"Produto Interno Bruto per capita (R$ de 2024)"
3546603,"Santa Fé do Sul",47404.91445,2022,"Riqueza",63120.7,"Produto Interno Bruto per capita (R$ de 2024)"
3546603,"Santa Fé do Sul",60046.42988,2024,"Riqueza",82440.92,"Produto Interno Bruto per capita (R$ de 2024)"
3546702,"Santa Gertrudes",115572.7623,2014,"Riqueza",90454.96,"Produto Interno Bruto per capita (R$ de 2024)"
3546702,"Santa Gertrudes",94049.93726,2016,"Riqueza",82888.73,"Produto Interno Bruto per capita (R$ de 2024)"
3546702,"Santa Gertrudes",115572.7623,2018,"Riqueza",82943.19,"Produto Interno Bruto per capita (R$ de 2024)"
3546702,"Santa Gertrudes",141515.8514,2020,"Riqueza",73338.7,"Produto Interno Bruto per capita (R$ de 2024)"
3546702,"Santa Gertrudes",145769.0792,2022,"Riqueza",63120.7,"Produto Interno Bruto per capita (R$ de 2024)"
3546702,"Santa Gertrudes",160915.4835,2024,"Riqueza",82440.92,"Produto Interno Bruto per capita (R$ de 2024)"
3546801,"Santa Isabel",48009.50343,2014,"Riqueza",90454.96,"Produto Interno Bruto per capita (R$ de 2024)"
3546801,"Santa Isabel",40976.52263,2016,"Riqueza",82888.73,"Produto Interno Bruto per capita (R$ de 2024)"
3546801,"Santa Isabel",48009.50343,2018,"Riqueza",82943.19,"Produto Interno Bruto per capita (R$ de 2024)"
3546801,"Santa Isabel",40216.00739,2020,"Riqueza",73338.7,"Produto Interno Bruto per capita (R$ de 2024)"
3546801,"Santa Isabel",35934.23531,2022,"Riqueza",63120.7,"Produto Interno Bruto per capita (R$ de 2024)"
3546801,"Santa Isabel",46286.50494,2024,"Riqueza",82440.92,"Produto Interno Bruto per capita (R$ de 2024)"
3546900,"Santa Lúcia",22292.83317,2014,"Riqueza",90454.96,"Produto Interno Bruto per capita (R$ de 2024)"
3546900,"Santa Lúcia",20934.28258,2016,"Riqueza",82888.73,"Produto Interno Bruto per capita (R$ de 2024)"
3546900,"Santa Lúcia",22292.83317,2018,"Riqueza",82943.19,"Produto Interno Bruto per capita (R$ de 2024)"
3546900,"Santa Lúcia",20219.13985,2020,"Riqueza",73338.7,"Produto Interno Bruto per capita (R$ de 2024)"
3546900,"Santa Lúcia",19445.64662,2022,"Riqueza",63120.7,"Produto Interno Bruto per capita (R$ de 2024)"
3546900,"Santa Lúcia",28657.69009,2024,"Riqueza",82440.92,"Produto Interno Bruto per capita (R$ de 2024)"
3547007,"Santa Maria da Serra",36803.96196,2014,"Riqueza",90454.96,"Produto Interno Bruto per capita (R$ de 2024)"
3547007,"Santa Maria da Serra",34284.75135,2016,"Riqueza",82888.73,"Produto Interno Bruto per capita (R$ de 2024)"
3547007,"Santa Maria da Serra",36803.96196,2018,"Riqueza",82943.19,"Produto Interno Bruto per capita (R$ de 2024)"
3547007,"Santa Maria da Serra",30788.15348,2020,"Riqueza",73338.7,"Produto Interno Bruto per capita (R$ de 2024)"
3547007,"Santa Maria da Serra",30713.16199,2022,"Riqueza",63120.7,"Produto Interno Bruto per capita (R$ de 2024)"
3547007,"Santa Maria da Serra",41035.56243,2024,"Riqueza",82440.92,"Produto Interno Bruto per capita (R$ de 2024)"
3547106,"Santa Mercedes",38981.0622,2014,"Riqueza",90454.96,"Produto Interno Bruto per capita (R$ de 2024)"
3547106,"Santa Mercedes",38381.76004,2016,"Riqueza",82888.73,"Produto Interno Bruto per capita (R$ de 2024)"
3547106,"Santa Mercedes",38981.0622,2018,"Riqueza",82943.19,"Produto Interno Bruto per capita (R$ de 2024)"
3547106,"Santa Mercedes",30344.03087,2020,"Riqueza",73338.7,"Produto Interno Bruto per capita (R$ de 2024)"
3547106,"Santa Mercedes",24535.66901,2022,"Riqueza",63120.7,"Produto Interno Bruto per capita (R$ de 2024)"
3547106,"Santa Mercedes",35062.79382,2024,"Riqueza",82440.92,"Produto Interno Bruto per capita (R$ de 2024)"
3547205,"Santana da Ponte Pensa",38191.93286,2014,"Riqueza",90454.96,"Produto Interno Bruto per capita (R$ de 2024)"
3547205,"Santana da Ponte Pensa",38499.34861,2016,"Riqueza",82888.73,"Produto Interno Bruto per capita (R$ de 2024)"
3547205,"Santana da Ponte Pensa",38191.93286,2018,"Riqueza",82943.19,"Produto Interno Bruto per capita (R$ de 2024)"
3547205,"Santana da Ponte Pensa",37799.6011,2020,"Riqueza",73338.7,"Produto Interno Bruto per capita (R$ de 2024)"
3547205,"Santana da Ponte Pensa",26785.50905,2022,"Riqueza",63120.7,"Produto Interno Bruto per capita (R$ de 2024)"
3547205,"Santana da Ponte Pensa",36630.40865,2024,"Riqueza",82440.92,"Produto Interno Bruto per capita (R$ de 2024)"
3547304,"Santana de Parnaíba",115214.2501,2014,"Riqueza",90454.96,"Produto Interno Bruto per capita (R$ de 2024)"
3547304,"Santana de Parnaíba",118059.5271,2016,"Riqueza",82888.73,"Produto Interno Bruto per capita (R$ de 2024)"
3547304,"Santana de Parnaíba",115214.2501,2018,"Riqueza",82943.19,"Produto Interno Bruto per capita (R$ de 2024)"
3547304,"Santana de Parnaíba",98699.39867,2020,"Riqueza",73338.7,"Produto Interno Bruto per capita (R$ de 2024)"
3547304,"Santana de Parnaíba",81318.11666,2022,"Riqueza",63120.7,"Produto Interno Bruto per capita (R$ de 2024)"
3547304,"Santana de Parnaíba",95566.96695,2024,"Riqueza",82440.92,"Produto Interno Bruto per capita (R$ de 2024)"
3547403,"Santa Rita d'Oeste",43111.14696,2014,"Riqueza",90454.96,"Produto Interno Bruto per capita (R$ de 2024)"
3547403,"Santa Rita d'Oeste",39993.14459,2016,"Riqueza",82888.73,"Produto Interno Bruto per capita (R$ de 2024)"
3547403,"Santa Rita d'Oeste",43111.14696,2018,"Riqueza",82943.19,"Produto Interno Bruto per capita (R$ de 2024)"
3547403,"Santa Rita d'Oeste",38368.52959,2020,"Riqueza",73338.7,"Produto Interno Bruto per capita (R$ de 2024)"
3547403,"Santa Rita d'Oeste",29726.4983,2022,"Riqueza",63120.7,"Produto Interno Bruto per capita (R$ de 2024)"
3547403,"Santa Rita d'Oeste",41210.62204,2024,"Riqueza",82440.92,"Produto Interno Bruto per capita (R$ de 2024)"
3547502,"Santa Rita do Passa Quatro",41504.05271,2014,"Riqueza",90454.96,"Produto Interno Bruto per capita (R$ de 2024)"
3547502,"Santa Rita do Passa Quatro",41500.40448,2016,"Riqueza",82888.73,"Produto Interno Bruto per capita (R$ de 2024)"
3547502,"Santa Rita do Passa Quatro",41504.05271,2018,"Riqueza",82943.19,"Produto Interno Bruto per capita (R$ de 2024)"
3547502,"Santa Rita do Passa Quatro",39611.52057,2020,"Riqueza",73338.7,"Produto Interno Bruto per capita (R$ de 2024)"
3547502,"Santa Rita do Passa Quatro",34556.8615,2022,"Riqueza",63120.7,"Produto Interno Bruto per capita (R$ de 2024)"
3547502,"Santa Rita do Passa Quatro",43554.50605,2024,"Riqueza",82440.92,"Produto Interno Bruto per capita (R$ de 2024)"
3547601,"Santa Rosa de Viterbo",45469.45529,2014,"Riqueza",90454.96,"Produto Interno Bruto per capita (R$ de 2024)"
3547601,"Santa Rosa de Viterbo",51596.425,2016,"Riqueza",82888.73,"Produto Interno Bruto per capita (R$ de 2024)"
3547601,"Santa Rosa de Viterbo",45469.45529,2018,"Riqueza",82943.19,"Produto Interno Bruto per capita (R$ de 2024)"
3547601,"Santa Rosa de Viterbo",40990.82236,2020,"Riqueza",73338.7,"Produto Interno Bruto per capita (R$ de 2024)"
3547601,"Santa Rosa de Viterbo",37330.17933,2022,"Riqueza",63120.7,"Produto Interno Bruto per capita (R$ de 2024)"
3547601,"Santa Rosa de Viterbo",52372.99604,2024,"Riqueza",82440.92,"Produto Interno Bruto per capita (R$ de 2024)"
3547650,"Santa Salete",41151.49047,2014,"Riqueza",90454.96,"Produto Interno Bruto per capita (R$ de 2024)"
3547650,"Santa Salete",38944.04061,2016,"Riqueza",82888.73,"Produto Interno Bruto per capita (R$ de 2024)"
3547650,"Santa Salete",41151.49047,2018,"Riqueza",82943.19,"Produto Interno Bruto per capita (R$ de 2024)"
3547650,"Santa Salete",37819.97066,2020,"Riqueza",73338.7,"Produto Interno Bruto per capita (R$ de 2024)"
3547650,"Santa Salete",26382.21279,2022,"Riqueza",63120.7,"Produto Interno Bruto per capita (R$ de 2024)"
3547650,"Santa Salete",42774.09639,2024,"Riqueza",82440.92,"Produto Interno Bruto per capita (R$ de 2024)"
3547700,"Santo Anastácio",33776.66973,2014,"Riqueza",90454.96,"Produto Interno Bruto per capita (R$ de 2024)"
3547700,"Santo Anastácio",34609.49354,2016,"Riqueza",82888.73,"Produto Interno Bruto per capita (R$ de 2024)"
3547700,"Santo Anastácio",33776.66973,2018,"Riqueza",82943.19,"Produto Interno Bruto per capita (R$ de 2024)"
3547700,"Santo Anastácio",34262.53712,2020,"Riqueza",73338.7,"Produto Interno Bruto per capita (R$ de 2024)"
3547700,"Santo Anastácio",31585.12792,2022,"Riqueza",63120.7,"Produto Interno Bruto per capita (R$ de 2024)"
3547700,"Santo Anastácio",38708.28091,2024,"Riqueza",82440.92,"Produto Interno Bruto per capita (R$ de 2024)"
3547809,"Santo André",69308.39179,2014,"Riqueza",90454.96,"Produto Interno Bruto per capita (R$ de 2024)"
3547809,"Santo André",66297.58233,2016,"Riqueza",82888.73,"Produto Interno Bruto per capita (R$ de 2024)"
3547809,"Santo André",69308.39179,2018,"Riqueza",82943.19,"Produto Interno Bruto per capita (R$ de 2024)"
3547809,"Santo André",58422.36125,2020,"Riqueza",73338.7,"Produto Interno Bruto per capita (R$ de 2024)"
3547809,"Santo André",47771.33517,2022,"Riqueza",63120.7,"Produto Interno Bruto per capita (R$ de 2024)"
3547809,"Santo André",52413.69984,2024,"Riqueza",82440.92,"Produto Interno Bruto per capita (R$ de 2024)"
3547908,"Santo Antônio da Alegria",32751.90352,2014,"Riqueza",90454.96,"Produto Interno Bruto per capita (R$ de 2024)"
3547908,"Santo Antônio da Alegria",40621.18994,2016,"Riqueza",82888.73,"Produto Interno Bruto per capita (R$ de 2024)"
3547908,"Santo Antônio da Alegria",32751.90352,2018,"Riqueza",82943.19,"Produto Interno Bruto per capita (R$ de 2024)"
3547908,"Santo Antônio da Alegria",38726.8795,2020,"Riqueza",73338.7,"Produto Interno Bruto per capita (R$ de 2024)"
3547908,"Santo Antônio da Alegria",29204.6882,2022,"Riqueza",63120.7,"Produto Interno Bruto per capita (R$ de 2024)"
3547908,"Santo Antônio da Alegria",44349.68609,2024,"Riqueza",82440.92,"Produto Interno Bruto per capita (R$ de 2024)"
3548005,"Santo Antônio de Posse",83063.69355,2014,"Riqueza",90454.96,"Produto Interno Bruto per capita (R$ de 2024)"
3548005,"Santo Antônio de Posse",71157.21479,2016,"Riqueza",82888.73,"Produto Interno Bruto per capita (R$ de 2024)"
3548005,"Santo Antônio de Posse",83063.69355,2018,"Riqueza",82943.19,"Produto Interno Bruto per capita (R$ de 2024)"
3548005,"Santo Antônio de Posse",95929.05656,2020,"Riqueza",73338.7,"Produto Interno Bruto per capita (R$ de 2024)"
3548005,"Santo Antônio de Posse",82190.5927,2022,"Riqueza",63120.7,"Produto Interno Bruto per capita (R$ de 2024)"
3548005,"Santo Antônio de Posse",97521.57908,2024,"Riqueza",82440.92,"Produto Interno Bruto per capita (R$ de 2024)"
3548054,"Santo Antônio do Aracanguá",42089.22212,2014,"Riqueza",90454.96,"Produto Interno Bruto per capita (R$ de 2024)"
3548054,"Santo Antônio do Aracanguá",70243.70242,2016,"Riqueza",82888.73,"Produto Interno Bruto per capita (R$ de 2024)"
3548054,"Santo Antônio do Aracanguá",42089.22212,2018,"Riqueza",82943.19,"Produto Interno Bruto per capita (R$ de 2024)"
3548054,"Santo Antônio do Aracanguá",42286.45818,2020,"Riqueza",73338.7,"Produto Interno Bruto per capita (R$ de 2024)"
3548054,"Santo Antônio do Aracanguá",34281.74186,2022,"Riqueza",63120.7,"Produto Interno Bruto per capita (R$ de 2024)"
3548054,"Santo Antônio do Aracanguá",48438.35291,2024,"Riqueza",82440.92,"Produto Interno Bruto per capita (R$ de 2024)"
3548104,"Santo Antônio do Jardim",42675.27636,2014,"Riqueza",90454.96,"Produto Interno Bruto per capita (R$ de 2024)"
3548104,"Santo Antônio do Jardim",45502.07887,2016,"Riqueza",82888.73,"Produto Interno Bruto per capita (R$ de 2024)"
3548104,"Santo Antônio do Jardim",42675.27636,2018,"Riqueza",82943.19,"Produto Interno Bruto per capita (R$ de 2024)"
3548104,"Santo Antônio do Jardim",46281.45622,2020,"Riqueza",73338.7,"Produto Interno Bruto per capita (R$ de 2024)"
3548104,"Santo Antônio do Jardim",43877.46764,2022,"Riqueza",63120.7,"Produto Interno Bruto per capita (R$ de 2024)"
3548104,"Santo Antônio do Jardim",44453.32898,2024,"Riqueza",82440.92,"Produto Interno Bruto per capita (R$ de 2024)"
3548203,"Santo Antônio do Pinhal",27643.65254,2014,"Riqueza",90454.96,"Produto Interno Bruto per capita (R$ de 2024)"
3548203,"Santo Antônio do Pinhal",25917.32358,2016,"Riqueza",82888.73,"Produto Interno Bruto per capita (R$ de 2024)"
3548203,"Santo Antônio do Pinhal",27643.65254,2018,"Riqueza",82943.19,"Produto Interno Bruto per capita (R$ de 2024)"
3548203,"Santo Antônio do Pinhal",26968.20236,2020,"Riqueza",73338.7,"Produto Interno Bruto per capita (R$ de 2024)"
3548203,"Santo Antônio do Pinhal",21955.36166,2022,"Riqueza",63120.7,"Produto Interno Bruto per capita (R$ de 2024)"
3548203,"Santo Antônio do Pinhal",28551.04022,2024,"Riqueza",82440.92,"Produto Interno Bruto per capita (R$ de 2024)"
3548302,"Santo Expedito",21445.37436,2014,"Riqueza",90454.96,"Produto Interno Bruto per capita (R$ de 2024)"
3548302,"Santo Expedito",20200.80997,2016,"Riqueza",82888.73,"Produto Interno Bruto per capita (R$ de 2024)"
3548302,"Santo Expedito",21445.37436,2018,"Riqueza",82943.19,"Produto Interno Bruto per capita (R$ de 2024)"
3548302,"Santo Expedito",20835.64394,2020,"Riqueza",73338.7,"Produto Interno Bruto per capita (R$ de 2024)"
3548302,"Santo Expedito",17596.61111,2022,"Riqueza",63120.7,"Produto Interno Bruto per capita (R$ de 2024)"
3548302,"Santo Expedito",21384.46281,2024,"Riqueza",82440.92,"Produto Interno Bruto per capita (R$ de 2024)"
3548401,"Santópolis do Aguapeí",25287.44205,2014,"Riqueza",90454.96,"Produto Interno Bruto per capita (R$ de 2024)"
3548401,"Santópolis do Aguapeí",23711.90508,2016,"Riqueza",82888.73,"Produto Interno Bruto per capita (R$ de 2024)"
3548401,"Santópolis do Aguapeí",25287.44205,2018,"Riqueza",82943.19,"Produto Interno Bruto per capita (R$ de 2024)"
3548401,"Santópolis do Aguapeí",21281.31059,2020,"Riqueza",73338.7,"Produto Interno Bruto per capita (R$ de 2024)"
3548401,"Santópolis do Aguapeí",21910.8638,2022,"Riqueza",63120.7,"Produto Interno Bruto per capita (R$ de 2024)"
3548401,"Santópolis do Aguapeí",27335.85004,2024,"Riqueza",82440.92,"Produto Interno Bruto per capita (R$ de 2024)"
3548500,"Santos",86962.77184,2014,"Riqueza",90454.96,"Produto Interno Bruto per capita (R$ de 2024)"
3548500,"Santos",91183.29729,2016,"Riqueza",82888.73,"Produto Interno Bruto per capita (R$ de 2024)"
3548500,"Santos",86962.77184,2018,"Riqueza",82943.19,"Produto Interno Bruto per capita (R$ de 2024)"
3548500,"Santos",70896.67584,2020,"Riqueza",73338.7,"Produto Interno Bruto per capita (R$ de 2024)"
3548500,"Santos",64470.759,2022,"Riqueza",63120.7,"Produto Interno Bruto per capita (R$ de 2024)"
3548500,"Santos",79826.22593,2024,"Riqueza",82440.92,"Produto Interno Bruto per capita (R$ de 2024)"
3548609,"São Bento do Sapucaí",31945.626,2014,"Riqueza",90454.96,"Produto Interno Bruto per capita (R$ de 2024)"
3548609,"São Bento do Sapucaí",30020.4451,2016,"Riqueza",82888.73,"Produto Interno Bruto per capita (R$ de 2024)"
3548609,"São Bento do Sapucaí",31945.626,2018,"Riqueza",82943.19,"Produto Interno Bruto per capita (R$ de 2024)"
3548609,"São Bento do Sapucaí",31225.48779,2020,"Riqueza",73338.7,"Produto Interno Bruto per capita (R$ de 2024)"
3548609,"São Bento do Sapucaí",25688.95446,2022,"Riqueza",63120.7,"Produto Interno Bruto per capita (R$ de 2024)"
3548609,"São Bento do Sapucaí",32274.04457,2024,"Riqueza",82440.92,"Produto Interno Bruto per capita (R$ de 2024)"
3548708,"São Bernardo do Campo",103851.4505,2014,"Riqueza",90454.96,"Produto Interno Bruto per capita (R$ de 2024)"
3548708,"São Bernardo do Campo",93392.6501,2016,"Riqueza",82888.73,"Produto Interno Bruto per capita (R$ de 2024)"
3548708,"São Bernardo do Campo",103851.4505,2018,"Riqueza",82943.19,"Produto Interno Bruto per capita (R$ de 2024)"
3548708,"São Bernardo do Campo",82427.64473,2020,"Riqueza",73338.7,"Produto Interno Bruto per capita (R$ de 2024)"
3548708,"São Bernardo do Campo",79440.33804,2022,"Riqueza",63120.7,"Produto Interno Bruto per capita (R$ de 2024)"
3548708,"São Bernardo do Campo",95218.978,2024,"Riqueza",82440.92,"Produto Interno Bruto per capita (R$ de 2024)"
3548807,"São Caetano do Sul",146941.1824,2014,"Riqueza",90454.96,"Produto Interno Bruto per capita (R$ de 2024)"
3548807,"São Caetano do Sul",155446.7364,2016,"Riqueza",82888.73,"Produto Interno Bruto per capita (R$ de 2024)"
3548807,"São Caetano do Sul",146941.1824,2018,"Riqueza",82943.19,"Produto Interno Bruto per capita (R$ de 2024)"
3548807,"São Caetano do Sul",127098.1987,2020,"Riqueza",73338.7,"Produto Interno Bruto per capita (R$ de 2024)"
3548807,"São Caetano do Sul",107352.685,2022,"Riqueza",63120.7,"Produto Interno Bruto per capita (R$ de 2024)"
3548807,"São Caetano do Sul",144651.1715,2024,"Riqueza",82440.92,"Produto Interno Bruto per capita (R$ de 2024)"
3548906,"São Carlos",77221.24813,2014,"Riqueza",90454.96,"Produto Interno Bruto per capita (R$ de 2024)"
3548906,"São Carlos",75483.92769,2016,"Riqueza",82888.73,"Produto Interno Bruto per capita (R$ de 2024)"
3548906,"São Carlos",77221.24813,2018,"Riqueza",82943.19,"Produto Interno Bruto per capita (R$ de 2024)"
3548906,"São Carlos",68889.14046,2020,"Riqueza",73338.7,"Produto Interno Bruto per capita (R$ de 2024)"
3548906,"São Carlos",60054.25735,2022,"Riqueza",63120.7,"Produto Interno Bruto per capita (R$ de 2024)"
3548906,"São Carlos",76251.55095,2024,"Riqueza",82440.92,"Produto Interno Bruto per capita (R$ de 2024)"
3549003,"São Francisco",29241.50944,2014,"Riqueza",90454.96,"Produto Interno Bruto per capita (R$ de 2024)"
3549003,"São Francisco",30317.8005,2016,"Riqueza",82888.73,"Produto Interno Bruto per capita (R$ de 2024)"
3549003,"São Francisco",29241.50944,2018,"Riqueza",82943.19,"Produto Interno Bruto per capita (R$ de 2024)"
3549003,"São Francisco",24574.24563,2020,"Riqueza",73338.7,"Produto Interno Bruto per capita (R$ de 2024)"
3549003,"São Francisco",18928.08423,2022,"Riqueza",63120.7,"Produto Interno Bruto per capita (R$ de 2024)"
3549003,"São Francisco",24946.15685,2024,"Riqueza",82440.92,"Produto Interno Bruto per capita (R$ de 2024)"
3549102,"São João da Boa Vista",59587.81741,2014,"Riqueza",90454.96,"Produto Interno Bruto per capita (R$ de 2024)"
3549102,"São João da Boa Vista",56398.84479,2016,"Riqueza",82888.73,"Produto Interno Bruto per capita (R$ de 2024)"
3549102,"São João da Boa Vista",59587.81741,2018,"Riqueza",82943.19,"Produto Interno Bruto per capita (R$ de 2024)"
3549102,"São João da Boa Vista",54290.99294,2020,"Riqueza",73338.7,"Produto Interno Bruto per capita (R$ de 2024)"
3549102,"São João da Boa Vista",49652.66498,2022,"Riqueza",63120.7,"Produto Interno Bruto per capita (R$ de 2024)"
3549102,"São João da Boa Vista",57378.69027,2024,"Riqueza",82440.92,"Produto Interno Bruto per capita (R$ de 2024)"
3549201,"São João das Duas Pontes",29396.9606,2014,"Riqueza",90454.96,"Produto Interno Bruto per capita (R$ de 2024)"
3549201,"São João das Duas Pontes",25006.48505,2016,"Riqueza",82888.73,"Produto Interno Bruto per capita (R$ de 2024)"
3549201,"São João das Duas Pontes",29396.9606,2018,"Riqueza",82943.19,"Produto Interno Bruto per capita (R$ de 2024)"
3549201,"São João das Duas Pontes",27413.27154,2020,"Riqueza",73338.7,"Produto Interno Bruto per capita (R$ de 2024)"
3549201,"São João das Duas Pontes",21262.03466,2022,"Riqueza",63120.7,"Produto Interno Bruto per capita (R$ de 2024)"
3549201,"São João das Duas Pontes",30315.72816,2024,"Riqueza",82440.92,"Produto Interno Bruto per capita (R$ de 2024)"
3549250,"São João de Iracema",30389.41566,2014,"Riqueza",90454.96,"Produto Interno Bruto per capita (R$ de 2024)"
3549250,"São João de Iracema",29349.41899,2016,"Riqueza",82888.73,"Produto Interno Bruto per capita (R$ de 2024)"
3549250,"São João de Iracema",30389.41566,2018,"Riqueza",82943.19,"Produto Interno Bruto per capita (R$ de 2024)"
3549250,"São João de Iracema",31657.11661,2020,"Riqueza",73338.7,"Produto Interno Bruto per capita (R$ de 2024)"
3549250,"São João de Iracema",28066.66701,2022,"Riqueza",63120.7,"Produto Interno Bruto per capita (R$ de 2024)"
3549250,"São João de Iracema",40354.21166,2024,"Riqueza",82440.92,"Produto Interno Bruto per capita (R$ de 2024)"
3549300,"São João do Pau d'Alho",38054.57906,2014,"Riqueza",90454.96,"Produto Interno Bruto per capita (R$ de 2024)"
3549300,"São João do Pau d'Alho",42171.17792,2016,"Riqueza",82888.73,"Produto Interno Bruto per capita (R$ de 2024)"
3549300,"São João do Pau d'Alho",38054.57906,2018,"Riqueza",82943.19,"Produto Interno Bruto per capita (R$ de 2024)"
3549300,"São João do Pau d'Alho",38389.56976,2020,"Riqueza",73338.7,"Produto Interno Bruto per capita (R$ de 2024)"
3549300,"São João do Pau d'Alho",28075.81968,2022,"Riqueza",63120.7,"Produto Interno Bruto per capita (R$ de 2024)"
3549300,"São João do Pau d'Alho",39729.24989,2024,"Riqueza",82440.92,"Produto Interno Bruto per capita (R$ de 2024)"
3549409,"São Joaquim da Barra",56555.29916,2014,"Riqueza",90454.96,"Produto Interno Bruto per capita (R$ de 2024)"
3549409,"São Joaquim da Barra",52833.52642,2016,"Riqueza",82888.73,"Produto Interno Bruto per capita (R$ de 2024)"
3549409,"São Joaquim da Barra",56555.29916,2018,"Riqueza",82943.19,"Produto Interno Bruto per capita (R$ de 2024)"
3549409,"São Joaquim da Barra",51607.76657,2020,"Riqueza",73338.7,"Produto Interno Bruto per capita (R$ de 2024)"
3549409,"São Joaquim da Barra",50221.1998,2022,"Riqueza",63120.7,"Produto Interno Bruto per capita (R$ de 2024)"
3549409,"São Joaquim da Barra",60136.38226,2024,"Riqueza",82440.92,"Produto Interno Bruto per capita (R$ de 2024)"
3549508,"São José da Bela Vista",30897.36359,2014,"Riqueza",90454.96,"Produto Interno Bruto per capita (R$ de 2024)"
3549508,"São José da Bela Vista",30980.63502,2016,"Riqueza",82888.73,"Produto Interno Bruto per capita (R$ de 2024)"
3549508,"São José da Bela Vista",30897.36359,2018,"Riqueza",82943.19,"Produto Interno Bruto per capita (R$ de 2024)"
3549508,"São José da Bela Vista",29000.95178,2020,"Riqueza",73338.7,"Produto Interno Bruto per capita (R$ de 2024)"
3549508,"São José da Bela Vista",36182.58364,2022,"Riqueza",63120.7,"Produto Interno Bruto per capita (R$ de 2024)"
3549508,"São José da Bela Vista",48298.43353,2024,"Riqueza",82440.92,"Produto Interno Bruto per capita (R$ de 2024)"
3549607,"São José do Barreiro",21490.09066,2014,"Riqueza",90454.96,"Produto Interno Bruto per capita (R$ de 2024)"
3549607,"São José do Barreiro",21019.12706,2016,"Riqueza",82888.73,"Produto Interno Bruto per capita (R$ de 2024)"
3549607,"São José do Barreiro",21490.09066,2018,"Riqueza",82943.19,"Produto Interno Bruto per capita (R$ de 2024)"
3549607,"São José do Barreiro",20384.28234,2020,"Riqueza",73338.7,"Produto Interno Bruto per capita (R$ de 2024)"
3549607,"São José do Barreiro",16994.30068,2022,"Riqueza",63120.7,"Produto Interno Bruto per capita (R$ de 2024)"
3549607,"São José do Barreiro",22757.63158,2024,"Riqueza",82440.92,"Produto Interno Bruto per capita (R$ de 2024)"
3549706,"São José do Rio Pardo",56714.82699,2014,"Riqueza",90454.96,"Produto Interno Bruto per capita (R$ de 2024)"
3549706,"São José do Rio Pardo",56531.05755,2016,"Riqueza",82888.73,"Produto Interno Bruto per capita (R$ de 2024)"
3549706,"São José do Rio Pardo",56714.82699,2018,"Riqueza",82943.19,"Produto Interno Bruto per capita (R$ de 2024)"
3549706,"São José do Rio Pardo",56081.55805,2020,"Riqueza",73338.7,"Produto Interno Bruto per capita (R$ de 2024)"
3549706,"São José do Rio Pardo",49222.2933,2022,"Riqueza",63120.7,"Produto Interno Bruto per capita (R$ de 2024)"
3549706,"São José do Rio Pardo",59533.84734,2024,"Riqueza",82440.92,"Produto Interno Bruto per capita (R$ de 2024)"
3549805,"São José do Rio Preto",65692.62852,2014,"Riqueza",90454.96,"Produto Interno Bruto per capita (R$ de 2024)"
3549805,"São José do Rio Preto",63971.39195,2016,"Riqueza",82888.73,"Produto Interno Bruto per capita (R$ de 2024)"
3549805,"São José do Rio Preto",65692.62852,2018,"Riqueza",82943.19,"Produto Interno Bruto per capita (R$ de 2024)"
3549805,"São José do Rio Preto",57466.31675,2020,"Riqueza",73338.7,"Produto Interno Bruto per capita (R$ de 2024)"
3549805,"São José do Rio Preto",48595.76215,2022,"Riqueza",63120.7,"Produto Interno Bruto per capita (R$ de 2024)"
3549805,"São José do Rio Preto",57778.69867,2024,"Riqueza",82440.92,"Produto Interno Bruto per capita (R$ de 2024)"
3549904,"São José dos Campos",94262.65978,2014,"Riqueza",90454.96,"Produto Interno Bruto per capita (R$ de 2024)"
3549904,"São José dos Campos",96771.64382,2016,"Riqueza",82888.73,"Produto Interno Bruto per capita (R$ de 2024)"
3549904,"São José dos Campos",94262.65978,2018,"Riqueza",82943.19,"Produto Interno Bruto per capita (R$ de 2024)"
3549904,"São José dos Campos",75851.1217,2020,"Riqueza",73338.7,"Produto Interno Bruto per capita (R$ de 2024)"
3549904,"São José dos Campos",79687.86233,2022,"Riqueza",63120.7,"Produto Interno Bruto per capita (R$ de 2024)"
3549904,"São José dos Campos",93719.53521,2024,"Riqueza",82440.92,"Produto Interno Bruto per capita (R$ de 2024)"
3549953,"São Lourenço da Serra",22594.06253,2014,"Riqueza",90454.96,"Produto Interno Bruto per capita (R$ de 2024)"
3549953,"São Lourenço da Serra",23205.43088,2016,"Riqueza",82888.73,"Produto Interno Bruto per capita (R$ de 2024)"
3549953,"São Lourenço da Serra",22594.06253,2018,"Riqueza",82943.19,"Produto Interno Bruto per capita (R$ de 2024)"
3549953,"São Lourenço da Serra",23474.75,2020,"Riqueza",73338.7,"Produto Interno Bruto per capita (R$ de 2024)"
3549953,"São Lourenço da Serra",18509.58257,2022,"Riqueza",63120.7,"Produto Interno Bruto per capita (R$ de 2024)"
3549953,"São Lourenço da Serra",22822.73816,2024,"Riqueza",82440.92,"Produto Interno Bruto per capita (R$ de 2024)"
3550001,"São Luiz do Paraitinga",25781.40937,2014,"Riqueza",90454.96,"Produto Interno Bruto per capita (R$ de 2024)"
3550001,"São Luiz do Paraitinga",24169.52161,2016,"Riqueza",82888.73,"Produto Interno Bruto per capita (R$ de 2024)"
3550001,"São Luiz do Paraitinga",25781.40937,2018,"Riqueza",82943.19,"Produto Interno Bruto per capita (R$ de 2024)"
3550001,"São Luiz do Paraitinga",24777.68954,2020,"Riqueza",73338.7,"Produto Interno Bruto per capita (R$ de 2024)"
3550001,"São Luiz do Paraitinga",20933.45087,2022,"Riqueza",63120.7,"Produto Interno Bruto per capita (R$ de 2024)"
3550001,"São Luiz do Paraitinga",26229.44477,2024,"Riqueza",82440.92,"Produto Interno Bruto per capita (R$ de 2024)"
3550100,"São Manuel",50593.54684,2014,"Riqueza",90454.96,"Produto Interno Bruto per capita (R$ de 2024)"
3550100,"São Manuel",50323.91353,2016,"Riqueza",82888.73,"Produto Interno Bruto per capita (R$ de 2024)"
3550100,"São Manuel",50593.54684,2018,"Riqueza",82943.19,"Produto Interno Bruto per capita (R$ de 2024)"
3550100,"São Manuel",44766.92412,2020,"Riqueza",73338.7,"Produto Interno Bruto per capita (R$ de 2024)"
3550100,"São Manuel",38999.64397,2022,"Riqueza",63120.7,"Produto Interno Bruto per capita (R$ de 2024)"
3550100,"São Manuel",54918.39,2024,"Riqueza",82440.92,"Produto Interno Bruto per capita (R$ de 2024)"
3550209,"São Miguel Arcanjo",35273.36397,2014,"Riqueza",90454.96,"Produto Interno Bruto per capita (R$ de 2024)"
3550209,"São Miguel Arcanjo",36036.57466,2016,"Riqueza",82888.73,"Produto Interno Bruto per capita (R$ de 2024)"
3550209,"São Miguel Arcanjo",35273.36397,2018,"Riqueza",82943.19,"Produto Interno Bruto per capita (R$ de 2024)"
3550209,"São Miguel Arcanjo",39984.28806,2020,"Riqueza",73338.7,"Produto Interno Bruto per capita (R$ de 2024)"
3550209,"São Miguel Arcanjo",28839.7586,2022,"Riqueza",63120.7,"Produto Interno Bruto per capita (R$ de 2024)"
3550209,"São Miguel Arcanjo",38852.57893,2024,"Riqueza",82440.92,"Produto Interno Bruto per capita (R$ de 2024)"
3550308,"São Paulo",100369.961,2014,"Riqueza",90454.96,"Produto Interno Bruto per capita (R$ de 2024)"
3550308,"São Paulo",104097.6022,2016,"Riqueza",82888.73,"Produto Interno Bruto per capita (R$ de 2024)"
3550308,"São Paulo",100369.961,2018,"Riqueza",82943.19,"Produto Interno Bruto per capita (R$ de 2024)"
3550308,"São Paulo",86858.89145,2020,"Riqueza",73338.7,"Produto Interno Bruto per capita (R$ de 2024)"
3550308,"São Paulo",81036.37531,2022,"Riqueza",63120.7,"Produto Interno Bruto per capita (R$ de 2024)"
3550308,"São Paulo",100477.826,2024,"Riqueza",82440.92,"Produto Interno Bruto per capita (R$ de 2024)"
3550407,"São Pedro",36849.27067,2014,"Riqueza",90454.96,"Produto Interno Bruto per capita (R$ de 2024)"
3550407,"São Pedro",35964.37927,2016,"Riqueza",82888.73,"Produto Interno Bruto per capita (R$ de 2024)"
3550407,"São Pedro",36849.27067,2018,"Riqueza",82943.19,"Produto Interno Bruto per capita (R$ de 2024)"
3550407,"São Pedro",32905.1498,2020,"Riqueza",73338.7,"Produto Interno Bruto per capita (R$ de 2024)"
3550407,"São Pedro",26245.00122,2022,"Riqueza",63120.7,"Produto Interno Bruto per capita (R$ de 2024)"
3550407,"São Pedro",34057.13484,2024,"Riqueza",82440.92,"Produto Interno Bruto per capita (R$ de 2024)"
3550506,"São Pedro do Turvo",40991.57536,2014,"Riqueza",90454.96,"Produto Interno Bruto per capita (R$ de 2024)"
3550506,"São Pedro do Turvo",47011.91672,2016,"Riqueza",82888.73,"Produto Interno Bruto per capita (R$ de 2024)"
3550506,"São Pedro do Turvo",40991.57536,2018,"Riqueza",82943.19,"Produto Interno Bruto per capita (R$ de 2024)"
3550506,"São Pedro do Turvo",43922.91625,2020,"Riqueza",73338.7,"Produto Interno Bruto per capita (R$ de 2024)"
3550506,"São Pedro do Turvo",31976.19119,2022,"Riqueza",63120.7,"Produto Interno Bruto per capita (R$ de 2024)"
3550506,"São Pedro do Turvo",58762.81784,2024,"Riqueza",82440.92,"Produto Interno Bruto per capita (R$ de 2024)"
3550605,"São Roque",57141.40064,2014,"Riqueza",90454.96,"Produto Interno Bruto per capita (R$ de 2024)"
3550605,"São Roque",52952.38714,2016,"Riqueza",82888.73,"Produto Interno Bruto per capita (R$ de 2024)"
3550605,"São Roque",57141.40064,2018,"Riqueza",82943.19,"Produto Interno Bruto per capita (R$ de 2024)"
3550605,"São Roque",48948.28915,2020,"Riqueza",73338.7,"Produto Interno Bruto per capita (R$ de 2024)"
3550605,"São Roque",48136.4904,2022,"Riqueza",63120.7,"Produto Interno Bruto per capita (R$ de 2024)"
3550605,"São Roque",61542.78017,2024,"Riqueza",82440.92,"Produto Interno Bruto per capita (R$ de 2024)"
3550704,"São Sebastião",73816.76549,2014,"Riqueza",90454.96,"Produto Interno Bruto per capita (R$ de 2024)"
3550704,"São Sebastião",75565.87209,2016,"Riqueza",82888.73,"Produto Interno Bruto per capita (R$ de 2024)"
3550704,"São Sebastião",73816.76549,2018,"Riqueza",82943.19,"Produto Interno Bruto per capita (R$ de 2024)"
3550704,"São Sebastião",53999.0239,2020,"Riqueza",73338.7,"Produto Interno Bruto per capita (R$ de 2024)"
3550704,"São Sebastião",227063.858,2022,"Riqueza",63120.7,"Produto Interno Bruto per capita (R$ de 2024)"
3550704,"São Sebastião",226988.3472,2024,"Riqueza",82440.92,"Produto Interno Bruto per capita (R$ de 2024)"
3550803,"São Sebastião da Grama",39420.64491,2014,"Riqueza",90454.96,"Produto Interno Bruto per capita (R$ de 2024)"
3550803,"São Sebastião da Grama",46254.11596,2016,"Riqueza",82888.73,"Produto Interno Bruto per capita (R$ de 2024)"
3550803,"São Sebastião da Grama",39420.64491,2018,"Riqueza",82943.19,"Produto Interno Bruto per capita (R$ de 2024)"
3550803,"São Sebastião da Grama",38069.15166,2020,"Riqueza",73338.7,"Produto Interno Bruto per capita (R$ de 2024)"
3550803,"São Sebastião da Grama",35616.001,2022,"Riqueza",63120.7,"Produto Interno Bruto per capita (R$ de 2024)"
3550803,"São Sebastião da Grama",51225.36885,2024,"Riqueza",82440.92,"Produto Interno Bruto per capita (R$ de 2024)"
3550902,"São Simão",49626.021,2014,"Riqueza",90454.96,"Produto Interno Bruto per capita (R$ de 2024)"
3550902,"São Simão",53688.92064,2016,"Riqueza",82888.73,"Produto Interno Bruto per capita (R$ de 2024)"
3550902,"São Simão",49626.021,2018,"Riqueza",82943.19,"Produto Interno Bruto per capita (R$ de 2024)"
3550902,"São Simão",43855.13732,2020,"Riqueza",73338.7,"Produto Interno Bruto per capita (R$ de 2024)"
3550902,"São Simão",38823.91859,2022,"Riqueza",63120.7,"Produto Interno Bruto per capita (R$ de 2024)"
3550902,"São Simão",52665.8088,2024,"Riqueza",82440.92,"Produto Interno Bruto per capita (R$ de 2024)"
3551009,"São Vicente",25500.12955,2014,"Riqueza",90454.96,"Produto Interno Bruto per capita (R$ de 2024)"
3551009,"São Vicente",25592.35499,2016,"Riqueza",82888.73,"Produto Interno Bruto per capita (R$ de 2024)"
3551009,"São Vicente",25500.12955,2018,"Riqueza",82943.19,"Produto Interno Bruto per capita (R$ de 2024)"
3551009,"São Vicente",22037.00544,2020,"Riqueza",73338.7,"Produto Interno Bruto per capita (R$ de 2024)"
3551009,"São Vicente",20064.26115,2022,"Riqueza",63120.7,"Produto Interno Bruto per capita (R$ de 2024)"
3551009,"São Vicente",24344.41356,2024,"Riqueza",82440.92,"Produto Interno Bruto per capita (R$ de 2024)"
3551108,"Sarapuí",24271.35406,2014,"Riqueza",90454.96,"Produto Interno Bruto per capita (R$ de 2024)"
3551108,"Sarapuí",24262.15043,2016,"Riqueza",82888.73,"Produto Interno Bruto per capita (R$ de 2024)"
3551108,"Sarapuí",24271.35406,2018,"Riqueza",82943.19,"Produto Interno Bruto per capita (R$ de 2024)"
3551108,"Sarapuí",25470.92308,2020,"Riqueza",73338.7,"Produto Interno Bruto per capita (R$ de 2024)"
3551108,"Sarapuí",21655.97224,2022,"Riqueza",63120.7,"Produto Interno Bruto per capita (R$ de 2024)"
3551108,"Sarapuí",27477.25981,2024,"Riqueza",82440.92,"Produto Interno Bruto per capita (R$ de 2024)"
3551207,"Sarutaiá",27909.61934,2014,"Riqueza",90454.96,"Produto Interno Bruto per capita (R$ de 2024)"
3551207,"Sarutaiá",30728.07373,2016,"Riqueza",82888.73,"Produto Interno Bruto per capita (R$ de 2024)"
3551207,"Sarutaiá",27909.61934,2018,"Riqueza",82943.19,"Produto Interno Bruto per capita (R$ de 2024)"
3551207,"Sarutaiá",32371.25122,2020,"Riqueza",73338.7,"Produto Interno Bruto per capita (R$ de 2024)"
3551207,"Sarutaiá",24749.81009,2022,"Riqueza",63120.7,"Produto Interno Bruto per capita (R$ de 2024)"
3551207,"Sarutaiá",33461.18598,2024,"Riqueza",82440.92,"Produto Interno Bruto per capita (R$ de 2024)"
3551306,"Sebastianópolis do Sul",125527.9465,2014,"Riqueza",90454.96,"Produto Interno Bruto per capita (R$ de 2024)"
3551306,"Sebastianópolis do Sul",469526.7524,2016,"Riqueza",82888.73,"Produto Interno Bruto per capita (R$ de 2024)"
3551306,"Sebastianópolis do Sul",125527.9465,2018,"Riqueza",82943.19,"Produto Interno Bruto per capita (R$ de 2024)"
3551306,"Sebastianópolis do Sul",182391.8339,2020,"Riqueza",73338.7,"Produto Interno Bruto per capita (R$ de 2024)"
3551306,"Sebastianópolis do Sul",133190.5346,2022,"Riqueza",63120.7,"Produto Interno Bruto per capita (R$ de 2024)"
3551306,"Sebastianópolis do Sul",156203.5851,2024,"Riqueza",82440.92,"Produto Interno Bruto per capita (R$ de 2024)"
3551405,"Serra Azul",21090.83543,2014,"Riqueza",90454.96,"Produto Interno Bruto per capita (R$ de 2024)"
3551405,"Serra Azul",21400.59949,2016,"Riqueza",82888.73,"Produto Interno Bruto per capita (R$ de 2024)"
3551405,"Serra Azul",21090.83543,2018,"Riqueza",82943.19,"Produto Interno Bruto per capita (R$ de 2024)"
3551405,"Serra Azul",21181.71605,2020,"Riqueza",73338.7,"Produto Interno Bruto per capita (R$ de 2024)"
3551405,"Serra Azul",14659.82051,2022,"Riqueza",63120.7,"Produto Interno Bruto per capita (R$ de 2024)"
3551405,"Serra Azul",22340.39101,2024,"Riqueza",82440.92,"Produto Interno Bruto per capita (R$ de 2024)"
3551504,"Serrana",35056.06885,2014,"Riqueza",90454.96,"Produto Interno Bruto per capita (R$ de 2024)"
3551504,"Serrana",36808.97821,2016,"Riqueza",82888.73,"Produto Interno Bruto per capita (R$ de 2024)"
3551504,"Serrana",35056.06885,2018,"Riqueza",82943.19,"Produto Interno Bruto per capita (R$ de 2024)"
3551504,"Serrana",36677.03944,2020,"Riqueza",73338.7,"Produto Interno Bruto per capita (R$ de 2024)"
3551504,"Serrana",30528.79406,2022,"Riqueza",63120.7,"Produto Interno Bruto per capita (R$ de 2024)"
3551504,"Serrana",35045.82894,2024,"Riqueza",82440.92,"Produto Interno Bruto per capita (R$ de 2024)"
3551603,"Serra Negra",43754.22243,2014,"Riqueza",90454.96,"Produto Interno Bruto per capita (R$ de 2024)"
3551603,"Serra Negra",43514.45055,2016,"Riqueza",82888.73,"Produto Interno Bruto per capita (R$ de 2024)"
3551603,"Serra Negra",43754.22243,2018,"Riqueza",82943.19,"Produto Interno Bruto per capita (R$ de 2024)"
3551603,"Serra Negra",37191.97525,2020,"Riqueza",73338.7,"Produto Interno Bruto per capita (R$ de 2024)"
3551603,"Serra Negra",29431.88631,2022,"Riqueza",63120.7,"Produto Interno Bruto per capita (R$ de 2024)"
3551603,"Serra Negra",36403.73164,2024,"Riqueza",82440.92,"Produto Interno Bruto per capita (R$ de 2024)"
3551702,"Sertãozinho",75532.59366,2014,"Riqueza",90454.96,"Produto Interno Bruto per capita (R$ de 2024)"
3551702,"Sertãozinho",76567.59462,2016,"Riqueza",82888.73,"Produto Interno Bruto per capita (R$ de 2024)"
3551702,"Sertãozinho",75532.59366,2018,"Riqueza",82943.19,"Produto Interno Bruto per capita (R$ de 2024)"
3551702,"Sertãozinho",74767.20354,2020,"Riqueza",73338.7,"Produto Interno Bruto per capita (R$ de 2024)"
3551702,"Sertãozinho",62608.08768,2022,"Riqueza",63120.7,"Produto Interno Bruto per capita (R$ de 2024)"
3551702,"Sertãozinho",75530.01783,2024,"Riqueza",82440.92,"Produto Interno Bruto per capita (R$ de 2024)"
3551801,"Sete Barras",48337.79616,2014,"Riqueza",90454.96,"Produto Interno Bruto per capita (R$ de 2024)"
3551801,"Sete Barras",51101.7271,2016,"Riqueza",82888.73,"Produto Interno Bruto per capita (R$ de 2024)"
3551801,"Sete Barras",48337.79616,2018,"Riqueza",82943.19,"Produto Interno Bruto per capita (R$ de 2024)"
3551801,"Sete Barras",38329.64948,2020,"Riqueza",73338.7,"Produto Interno Bruto per capita (R$ de 2024)"
3551801,"Sete Barras",27998.00727,2022,"Riqueza",63120.7,"Produto Interno Bruto per capita (R$ de 2024)"
3551801,"Sete Barras",39319.98414,2024,"Riqueza",82440.92,"Produto Interno Bruto per capita (R$ de 2024)"
3551900,"Severínia",22759.87266,2014,"Riqueza",90454.96,"Produto Interno Bruto per capita (R$ de 2024)"
3551900,"Severínia",65426.01171,2016,"Riqueza",82888.73,"Produto Interno Bruto per capita (R$ de 2024)"
3551900,"Severínia",22759.87266,2018,"Riqueza",82943.19,"Produto Interno Bruto per capita (R$ de 2024)"
3551900,"Severínia",20343.20775,2020,"Riqueza",73338.7,"Produto Interno Bruto per capita (R$ de 2024)"
3551900,"Severínia",21164.80839,2022,"Riqueza",63120.7,"Produto Interno Bruto per capita (R$ de 2024)"
3551900,"Severínia",25596.91985,2024,"Riqueza",82440.92,"Produto Interno Bruto per capita (R$ de 2024)"
3552007,"Silveiras",19739.94503,2014,"Riqueza",90454.96,"Produto Interno Bruto per capita (R$ de 2024)"
3552007,"Silveiras",18431.66895,2016,"Riqueza",82888.73,"Produto Interno Bruto per capita (R$ de 2024)"
3552007,"Silveiras",19739.94503,2018,"Riqueza",82943.19,"Produto Interno Bruto per capita (R$ de 2024)"
3552007,"Silveiras",19883.10966,2020,"Riqueza",73338.7,"Produto Interno Bruto per capita (R$ de 2024)"
3552007,"Silveiras",16069.03737,2022,"Riqueza",63120.7,"Produto Interno Bruto per capita (R$ de 2024)"
3552007,"Silveiras",19967.84514,2024,"Riqueza",82440.92,"Produto Interno Bruto per capita (R$ de 2024)"
3552106,"Socorro",37001.61044,2014,"Riqueza",90454.96,"Produto Interno Bruto per capita (R$ de 2024)"
3552106,"Socorro",34653.95616,2016,"Riqueza",82888.73,"Produto Interno Bruto per capita (R$ de 2024)"
3552106,"Socorro",37001.61044,2018,"Riqueza",82943.19,"Produto Interno Bruto per capita (R$ de 2024)"
3552106,"Socorro",34144.6447,2020,"Riqueza",73338.7,"Produto Interno Bruto per capita (R$ de 2024)"
3552106,"Socorro",31029.45393,2022,"Riqueza",63120.7,"Produto Interno Bruto per capita (R$ de 2024)"
3552106,"Socorro",38436.70949,2024,"Riqueza",82440.92,"Produto Interno Bruto per capita (R$ de 2024)"
3552205,"Sorocaba",89694.56396,2014,"Riqueza",90454.96,"Produto Interno Bruto per capita (R$ de 2024)"
3552205,"Sorocaba",85562.67241,2016,"Riqueza",82888.73,"Produto Interno Bruto per capita (R$ de 2024)"
3552205,"Sorocaba",89694.56396,2018,"Riqueza",82943.19,"Produto Interno Bruto per capita (R$ de 2024)"
3552205,"Sorocaba",76784.04323,2020,"Riqueza",73338.7,"Produto Interno Bruto per capita (R$ de 2024)"
3552205,"Sorocaba",73842.12175,2022,"Riqueza",63120.7,"Produto Interno Bruto per capita (R$ de 2024)"
3552205,"Sorocaba",84963.82553,2024,"Riqueza",82440.92,"Produto Interno Bruto per capita (R$ de 2024)"
3552304,"Sud Mennucci",36015.60372,2014,"Riqueza",90454.96,"Produto Interno Bruto per capita (R$ de 2024)"
3552304,"Sud Mennucci",67556.30358,2016,"Riqueza",82888.73,"Produto Interno Bruto per capita (R$ de 2024)"
3552304,"Sud Mennucci",36015.60372,2018,"Riqueza",82943.19,"Produto Interno Bruto per capita (R$ de 2024)"
3552304,"Sud Mennucci",40370.75412,2020,"Riqueza",73338.7,"Produto Interno Bruto per capita (R$ de 2024)"
3552304,"Sud Mennucci",28056.62164,2022,"Riqueza",63120.7,"Produto Interno Bruto per capita (R$ de 2024)"
3552304,"Sud Mennucci",44610.40209,2024,"Riqueza",82440.92,"Produto Interno Bruto per capita (R$ de 2024)"
3552403,"Sumaré",86622.8437,2014,"Riqueza",90454.96,"Produto Interno Bruto per capita (R$ de 2024)"
3552403,"Sumaré",79567.71528,2016,"Riqueza",82888.73,"Produto Interno Bruto per capita (R$ de 2024)"
3552403,"Sumaré",86622.8437,2018,"Riqueza",82943.19,"Produto Interno Bruto per capita (R$ de 2024)"
3552403,"Sumaré",66854.90452,2020,"Riqueza",73338.7,"Produto Interno Bruto per capita (R$ de 2024)"
3552403,"Sumaré",62300.27152,2022,"Riqueza",63120.7,"Produto Interno Bruto per capita (R$ de 2024)"
3552403,"Sumaré",71922.62567,2024,"Riqueza",82440.92,"Produto Interno Bruto per capita (R$ de 2024)"
3552502,"Suzano",64508.746,2014,"Riqueza",90454.96,"Produto Interno Bruto per capita (R$ de 2024)"
3552502,"Suzano",59716.04145,2016,"Riqueza",82888.73,"Produto Interno Bruto per capita (R$ de 2024)"
3552502,"Suzano",64508.746,2018,"Riqueza",82943.19,"Produto Interno Bruto per capita (R$ de 2024)"
3552502,"Suzano",59972.61808,2020,"Riqueza",73338.7,"Produto Interno Bruto per capita (R$ de 2024)"
3552502,"Suzano",53830.70672,2022,"Riqueza",63120.7,"Produto Interno Bruto per capita (R$ de 2024)"
3552502,"Suzano",63820.85282,2024,"Riqueza",82440.92,"Produto Interno Bruto per capita (R$ de 2024)"
3552551,"Suzanápolis",107828.3133,2014,"Riqueza",90454.96,"Produto Interno Bruto per capita (R$ de 2024)"
3552551,"Suzanápolis",146553.923,2016,"Riqueza",82888.73,"Produto Interno Bruto per capita (R$ de 2024)"
3552551,"Suzanápolis",107828.3133,2018,"Riqueza",82943.19,"Produto Interno Bruto per capita (R$ de 2024)"
3552551,"Suzanápolis",103546.7463,2020,"Riqueza",73338.7,"Produto Interno Bruto per capita (R$ de 2024)"
3552551,"Suzanápolis",112556.3358,2022,"Riqueza",63120.7,"Produto Interno Bruto per capita (R$ de 2024)"
3552551,"Suzanápolis",161986.1357,2024,"Riqueza",82440.92,"Produto Interno Bruto per capita (R$ de 2024)"
3552601,"Tabapuã",32883.97794,2014,"Riqueza",90454.96,"Produto Interno Bruto per capita (R$ de 2024)"
3552601,"Tabapuã",38526.39799,2016,"Riqueza",82888.73,"Produto Interno Bruto per capita (R$ de 2024)"
3552601,"Tabapuã",32883.97794,2018,"Riqueza",82943.19,"Produto Interno Bruto per capita (R$ de 2024)"
3552601,"Tabapuã",30164.19072,2020,"Riqueza",73338.7,"Produto Interno Bruto per capita (R$ de 2024)"
3552601,"Tabapuã",26412.86884,2022,"Riqueza",63120.7,"Produto Interno Bruto per capita (R$ de 2024)"
3552601,"Tabapuã",37900.3107,2024,"Riqueza",82440.92,"Produto Interno Bruto per capita (R$ de 2024)"
3552700,"Tabatinga",26687.52164,2014,"Riqueza",90454.96,"Produto Interno Bruto per capita (R$ de 2024)"
3552700,"Tabatinga",26974.90723,2016,"Riqueza",82888.73,"Produto Interno Bruto per capita (R$ de 2024)"
3552700,"Tabatinga",26687.52164,2018,"Riqueza",82943.19,"Produto Interno Bruto per capita (R$ de 2024)"
3552700,"Tabatinga",25663.8744,2020,"Riqueza",73338.7,"Produto Interno Bruto per capita (R$ de 2024)"
3552700,"Tabatinga",25012.34358,2022,"Riqueza",63120.7,"Produto Interno Bruto per capita (R$ de 2024)"
3552700,"Tabatinga",37375.34824,2024,"Riqueza",82440.92,"Produto Interno Bruto per capita (R$ de 2024)"
3552809,"Taboão da Serra",50113.99133,2014,"Riqueza",90454.96,"Produto Interno Bruto per capita (R$ de 2024)"
3552809,"Taboão da Serra",54877.72703,2016,"Riqueza",82888.73,"Produto Interno Bruto per capita (R$ de 2024)"
3552809,"Taboão da Serra",50113.99133,2018,"Riqueza",82943.19,"Produto Interno Bruto per capita (R$ de 2024)"
3552809,"Taboão da Serra",43717.28897,2020,"Riqueza",73338.7,"Produto Interno Bruto per capita (R$ de 2024)"
3552809,"Taboão da Serra",39361.48344,2022,"Riqueza",63120.7,"Produto Interno Bruto per capita (R$ de 2024)"
3552809,"Taboão da Serra",47087.40817,2024,"Riqueza",82440.92,"Produto Interno Bruto per capita (R$ de 2024)"
3552908,"Taciba",43031.30066,2014,"Riqueza",90454.96,"Produto Interno Bruto per capita (R$ de 2024)"
3552908,"Taciba",38796.17661,2016,"Riqueza",82888.73,"Produto Interno Bruto per capita (R$ de 2024)"
3552908,"Taciba",43031.30066,2018,"Riqueza",82943.19,"Produto Interno Bruto per capita (R$ de 2024)"
3552908,"Taciba",43410.9632,2020,"Riqueza",73338.7,"Produto Interno Bruto per capita (R$ de 2024)"
3552908,"Taciba",31204.99292,2022,"Riqueza",63120.7,"Produto Interno Bruto per capita (R$ de 2024)"
3552908,"Taciba",40743.21994,2024,"Riqueza",82440.92,"Produto Interno Bruto per capita (R$ de 2024)"
3553005,"Taguaí",34900.95922,2014,"Riqueza",90454.96,"Produto Interno Bruto per capita (R$ de 2024)"
3553005,"Taguaí",26877.93127,2016,"Riqueza",82888.73,"Produto Interno Bruto per capita (R$ de 2024)"
3553005,"Taguaí",34900.95922,2018,"Riqueza",82943.19,"Produto Interno Bruto per capita (R$ de 2024)"
3553005,"Taguaí",28481.11122,2020,"Riqueza",73338.7,"Produto Interno Bruto per capita (R$ de 2024)"
3553005,"Taguaí",30314.69222,2022,"Riqueza",63120.7,"Produto Interno Bruto per capita (R$ de 2024)"
3553005,"Taguaí",34076.30273,2024,"Riqueza",82440.92,"Produto Interno Bruto per capita (R$ de 2024)"
3553104,"Taiaçu",26642.74512,2014,"Riqueza",90454.96,"Produto Interno Bruto per capita (R$ de 2024)"
3553104,"Taiaçu",23575.21703,2016,"Riqueza",82888.73,"Produto Interno Bruto per capita (R$ de 2024)"
3553104,"Taiaçu",26642.74512,2018,"Riqueza",82943.19,"Produto Interno Bruto per capita (R$ de 2024)"
3553104,"Taiaçu",22872.25131,2020,"Riqueza",73338.7,"Produto Interno Bruto per capita (R$ de 2024)"
3553104,"Taiaçu",20946.28226,2022,"Riqueza",63120.7,"Produto Interno Bruto per capita (R$ de 2024)"
3553104,"Taiaçu",29757.79163,2024,"Riqueza",82440.92,"Produto Interno Bruto per capita (R$ de 2024)"
3553203,"Taiúva",29878.5846,2014,"Riqueza",90454.96,"Produto Interno Bruto per capita (R$ de 2024)"
3553203,"Taiúva",28025.0621,2016,"Riqueza",82888.73,"Produto Interno Bruto per capita (R$ de 2024)"
3553203,"Taiúva",29878.5846,2018,"Riqueza",82943.19,"Produto Interno Bruto per capita (R$ de 2024)"
3553203,"Taiúva",25483.92295,2020,"Riqueza",73338.7,"Produto Interno Bruto per capita (R$ de 2024)"
3553203,"Taiúva",22699.48451,2022,"Riqueza",63120.7,"Produto Interno Bruto per capita (R$ de 2024)"
3553203,"Taiúva",30171.44136,2024,"Riqueza",82440.92,"Produto Interno Bruto per capita (R$ de 2024)"
3553302,"Tambaú",40789.81766,2014,"Riqueza",90454.96,"Produto Interno Bruto per capita (R$ de 2024)"
3553302,"Tambaú",38153.76463,2016,"Riqueza",82888.73,"Produto Interno Bruto per capita (R$ de 2024)"
3553302,"Tambaú",40789.81766,2018,"Riqueza",82943.19,"Produto Interno Bruto per capita (R$ de 2024)"
3553302,"Tambaú",36192.67494,2020,"Riqueza",73338.7,"Produto Interno Bruto per capita (R$ de 2024)"
3553302,"Tambaú",38613.26004,2022,"Riqueza",63120.7,"Produto Interno Bruto per capita (R$ de 2024)"
3553302,"Tambaú",49081.57957,2024,"Riqueza",82440.92,"Produto Interno Bruto per capita (R$ de 2024)"
3553401,"Tanabi",61407.17675,2014,"Riqueza",90454.96,"Produto Interno Bruto per capita (R$ de 2024)"
3553401,"Tanabi",85605.04442,2016,"Riqueza",82888.73,"Produto Interno Bruto per capita (R$ de 2024)"
3553401,"Tanabi",61407.17675,2018,"Riqueza",82943.19,"Produto Interno Bruto per capita (R$ de 2024)"
3553401,"Tanabi",66679.93083,2020,"Riqueza",73338.7,"Produto Interno Bruto per capita (R$ de 2024)"
3553401,"Tanabi",54704.88969,2022,"Riqueza",63120.7,"Produto Interno Bruto per capita (R$ de 2024)"
3553401,"Tanabi",67384.65177,2024,"Riqueza",82440.92,"Produto Interno Bruto per capita (R$ de 2024)"
3553500,"Tapiraí",30213.52658,2014,"Riqueza",90454.96,"Produto Interno Bruto per capita (R$ de 2024)"
3553500,"Tapiraí",32823.82049,2016,"Riqueza",82888.73,"Produto Interno Bruto per capita (R$ de 2024)"
3553500,"Tapiraí",30213.52658,2018,"Riqueza",82943.19,"Produto Interno Bruto per capita (R$ de 2024)"
3553500,"Tapiraí",32791.56647,2020,"Riqueza",73338.7,"Produto Interno Bruto per capita (R$ de 2024)"
3553500,"Tapiraí",23524.608,2022,"Riqueza",63120.7,"Produto Interno Bruto per capita (R$ de 2024)"
3553500,"Tapiraí",30193.26887,2024,"Riqueza",82440.92,"Produto Interno Bruto per capita (R$ de 2024)"
3553609,"Tapiratiba",42547.0987,2014,"Riqueza",90454.96,"Produto Interno Bruto per capita (R$ de 2024)"
3553609,"Tapiratiba",40561.06638,2016,"Riqueza",82888.73,"Produto Interno Bruto per capita (R$ de 2024)"
3553609,"Tapiratiba",42547.0987,2018,"Riqueza",82943.19,"Produto Interno Bruto per capita (R$ de 2024)"
3553609,"Tapiratiba",28346.55564,2020,"Riqueza",73338.7,"Produto Interno Bruto per capita (R$ de 2024)"
3553609,"Tapiratiba",24475.20056,2022,"Riqueza",63120.7,"Produto Interno Bruto per capita (R$ de 2024)"
3553609,"Tapiratiba",33258.78898,2024,"Riqueza",82440.92,"Produto Interno Bruto per capita (R$ de 2024)"
3553658,"Taquaral",23184.75739,2014,"Riqueza",90454.96,"Produto Interno Bruto per capita (R$ de 2024)"
3553658,"Taquaral",25597.80684,2016,"Riqueza",82888.73,"Produto Interno Bruto per capita (R$ de 2024)"
3553658,"Taquaral",23184.75739,2018,"Riqueza",82943.19,"Produto Interno Bruto per capita (R$ de 2024)"
3553658,"Taquaral",22268.82935,2020,"Riqueza",73338.7,"Produto Interno Bruto per capita (R$ de 2024)"
3553658,"Taquaral",20688.78127,2022,"Riqueza",63120.7,"Produto Interno Bruto per capita (R$ de 2024)"
3553658,"Taquaral",38234.00154,2024,"Riqueza",82440.92,"Produto Interno Bruto per capita (R$ de 2024)"
3553708,"Taquaritinga",47673.29987,2014,"Riqueza",90454.96,"Produto Interno Bruto per capita (R$ de 2024)"
3553708,"Taquaritinga",44386.15623,2016,"Riqueza",82888.73,"Produto Interno Bruto per capita (R$ de 2024)"
3553708,"Taquaritinga",47673.29987,2018,"Riqueza",82943.19,"Produto Interno Bruto per capita (R$ de 2024)"
3553708,"Taquaritinga",43587.02883,2020,"Riqueza",73338.7,"Produto Interno Bruto per capita (R$ de 2024)"
3553708,"Taquaritinga",36239.95214,2022,"Riqueza",63120.7,"Produto Interno Bruto per capita (R$ de 2024)"
3553708,"Taquaritinga",47975.3041,2024,"Riqueza",82440.92,"Produto Interno Bruto per capita (R$ de 2024)"
3553807,"Taquarituba",49375.14,2014,"Riqueza",90454.96,"Produto Interno Bruto per capita (R$ de 2024)"
3553807,"Taquarituba",48181.26786,2016,"Riqueza",82888.73,"Produto Interno Bruto per capita (R$ de 2024)"
3553807,"Taquarituba",49375.14,2018,"Riqueza",82943.19,"Produto Interno Bruto per capita (R$ de 2024)"
3553807,"Taquarituba",52266.62795,2020,"Riqueza",73338.7,"Produto Interno Bruto per capita (R$ de 2024)"
3553807,"Taquarituba",49465.0794,2022,"Riqueza",63120.7,"Produto Interno Bruto per capita (R$ de 2024)"
3553807,"Taquarituba",55837.0268,2024,"Riqueza",82440.92,"Produto Interno Bruto per capita (R$ de 2024)"
3553856,"Taquarivaí",64199.22062,2014,"Riqueza",90454.96,"Produto Interno Bruto per capita (R$ de 2024)"
3553856,"Taquarivaí",64945.61893,2016,"Riqueza",82888.73,"Produto Interno Bruto per capita (R$ de 2024)"
3553856,"Taquarivaí",64199.22062,2018,"Riqueza",82943.19,"Produto Interno Bruto per capita (R$ de 2024)"
3553856,"Taquarivaí",80274.07473,2020,"Riqueza",73338.7,"Produto Interno Bruto per capita (R$ de 2024)"
3553856,"Taquarivaí",64768.44149,2022,"Riqueza",63120.7,"Produto Interno Bruto per capita (R$ de 2024)"
3553856,"Taquarivaí",65107.56303,2024,"Riqueza",82440.92,"Produto Interno Bruto per capita (R$ de 2024)"
3553906,"Tarabai",26534.4379,2014,"Riqueza",90454.96,"Produto Interno Bruto per capita (R$ de 2024)"
3553906,"Tarabai",24533.06475,2016,"Riqueza",82888.73,"Produto Interno Bruto per capita (R$ de 2024)"
3553906,"Tarabai",26534.4379,2018,"Riqueza",82943.19,"Produto Interno Bruto per capita (R$ de 2024)"
3553906,"Tarabai",27095.32117,2020,"Riqueza",73338.7,"Produto Interno Bruto per capita (R$ de 2024)"
3553906,"Tarabai",25532.38789,2022,"Riqueza",63120.7,"Produto Interno Bruto per capita (R$ de 2024)"
3553906,"Tarabai",31023.62205,2024,"Riqueza",82440.92,"Produto Interno Bruto per capita (R$ de 2024)"
3553955,"Tarumã",88613.81795,2014,"Riqueza",90454.96,"Produto Interno Bruto per capita (R$ de 2024)"
3553955,"Tarumã",141596.3822,2016,"Riqueza",82888.73,"Produto Interno Bruto per capita (R$ de 2024)"
3553955,"Tarumã",88613.81795,2018,"Riqueza",82943.19,"Produto Interno Bruto per capita (R$ de 2024)"
3553955,"Tarumã",79355.52579,2020,"Riqueza",73338.7,"Produto Interno Bruto per capita (R$ de 2024)"
3553955,"Tarumã",60559.67504,2022,"Riqueza",63120.7,"Produto Interno Bruto per capita (R$ de 2024)"
3553955,"Tarumã",81807.36188,2024,"Riqueza",82440.92,"Produto Interno Bruto per capita (R$ de 2024)"
3554003,"Tatuí",56194.12165,2014,"Riqueza",90454.96,"Produto Interno Bruto per capita (R$ de 2024)"
3554003,"Tatuí",56272.57504,2016,"Riqueza",82888.73,"Produto Interno Bruto per capita (R$ de 2024)"
3554003,"Tatuí",56194.12165,2018,"Riqueza",82943.19,"Produto Interno Bruto per capita (R$ de 2024)"
3554003,"Tatuí",50469.94675,2020,"Riqueza",73338.7,"Produto Interno Bruto per capita (R$ de 2024)"
3554003,"Tatuí",47317.97881,2022,"Riqueza",63120.7,"Produto Interno Bruto per capita (R$ de 2024)"
3554003,"Tatuí",57608.19874,2024,"Riqueza",82440.92,"Produto Interno Bruto per capita (R$ de 2024)"
3554102,"Taubaté",94424.76896,2014,"Riqueza",90454.96,"Produto Interno Bruto per capita (R$ de 2024)"
3554102,"Taubaté",84088.58897,2016,"Riqueza",82888.73,"Produto Interno Bruto per capita (R$ de 2024)"
3554102,"Taubaté",94424.76896,2018,"Riqueza",82943.19,"Produto Interno Bruto per capita (R$ de 2024)"
3554102,"Taubaté",66776.48234,2020,"Riqueza",73338.7,"Produto Interno Bruto per capita (R$ de 2024)"
3554102,"Taubaté",58285.64369,2022,"Riqueza",63120.7,"Produto Interno Bruto per capita (R$ de 2024)"
3554102,"Taubaté",77277.74983,2024,"Riqueza",82440.92,"Produto Interno Bruto per capita (R$ de 2024)"
3554201,"Tejupá",28084.37278,2014,"Riqueza",90454.96,"Produto Interno Bruto per capita (R$ de 2024)"
3554201,"Tejupá",31941.87724,2016,"Riqueza",82888.73,"Produto Interno Bruto per capita (R$ de 2024)"
3554201,"Tejupá",28084.37278,2018,"Riqueza",82943.19,"Produto Interno Bruto per capita (R$ de 2024)"
3554201,"Tejupá",35649.02485,2020,"Riqueza",73338.7,"Produto Interno Bruto per capita (R$ de 2024)"
3554201,"Tejupá",29661.3407,2022,"Riqueza",63120.7,"Produto Interno Bruto per capita (R$ de 2024)"
3554201,"Tejupá",92503.66254,2024,"Riqueza",82440.92,"Produto Interno Bruto per capita (R$ de 2024)"
3554300,"Teodoro Sampaio",32500.41623,2014,"Riqueza",90454.96,"Produto Interno Bruto per capita (R$ de 2024)"
3554300,"Teodoro Sampaio",86169.65902,2016,"Riqueza",82888.73,"Produto Interno Bruto per capita (R$ de 2024)"
3554300,"Teodoro Sampaio",32500.41623,2018,"Riqueza",82943.19,"Produto Interno Bruto per capita (R$ de 2024)"
3554300,"Teodoro Sampaio",35697.46102,2020,"Riqueza",73338.7,"Produto Interno Bruto per capita (R$ de 2024)"
3554300,"Teodoro Sampaio",30032.81353,2022,"Riqueza",63120.7,"Produto Interno Bruto per capita (R$ de 2024)"
3554300,"Teodoro Sampaio",39955.03687,2024,"Riqueza",82440.92,"Produto Interno Bruto per capita (R$ de 2024)"
3554409,"Terra Roxa",25825.94077,2014,"Riqueza",90454.96,"Produto Interno Bruto per capita (R$ de 2024)"
3554409,"Terra Roxa",25594.43299,2016,"Riqueza",82888.73,"Produto Interno Bruto per capita (R$ de 2024)"
3554409,"Terra Roxa",25825.94077,2018,"Riqueza",82943.19,"Produto Interno Bruto per capita (R$ de 2024)"
3554409,"Terra Roxa",24219.09229,2020,"Riqueza",73338.7,"Produto Interno Bruto per capita (R$ de 2024)"
3554409,"Terra Roxa",22627.8916,2022,"Riqueza",63120.7,"Produto Interno Bruto per capita (R$ de 2024)"
3554409,"Terra Roxa",32678.46154,2024,"Riqueza",82440.92,"Produto Interno Bruto per capita (R$ de 2024)"
3554508,"Tietê",74876.62253,2014,"Riqueza",90454.96,"Produto Interno Bruto per capita (R$ de 2024)"
3554508,"Tietê",77574.70197,2016,"Riqueza",82888.73,"Produto Interno Bruto per capita (R$ de 2024)"
3554508,"Tietê",74876.62253,2018,"Riqueza",82943.19,"Produto Interno Bruto per capita (R$ de 2024)"
3554508,"Tietê",66066.36331,2020,"Riqueza",73338.7,"Produto Interno Bruto per capita (R$ de 2024)"
3554508,"Tietê",64422.62164,2022,"Riqueza",63120.7,"Produto Interno Bruto per capita (R$ de 2024)"
3554508,"Tietê",84186.80006,2024,"Riqueza",82440.92,"Produto Interno Bruto per capita (R$ de 2024)"
3554607,"Timburi",28222.02539,2014,"Riqueza",90454.96,"Produto Interno Bruto per capita (R$ de 2024)"
3554607,"Timburi",33298.1373,2016,"Riqueza",82888.73,"Produto Interno Bruto per capita (R$ de 2024)"
3554607,"Timburi",28222.02539,2018,"Riqueza",82943.19,"Produto Interno Bruto per capita (R$ de 2024)"
3554607,"Timburi",31314.19819,2020,"Riqueza",73338.7,"Produto Interno Bruto per capita (R$ de 2024)"
3554607,"Timburi",24984.71881,2022,"Riqueza",63120.7,"Produto Interno Bruto per capita (R$ de 2024)"
3554607,"Timburi",35432.56579,2024,"Riqueza",82440.92,"Produto Interno Bruto per capita (R$ de 2024)"
3554656,"Torre de Pedra",21483.18122,2014,"Riqueza",90454.96,"Produto Interno Bruto per capita (R$ de 2024)"
3554656,"Torre de Pedra",17538.62746,2016,"Riqueza",82888.73,"Produto Interno Bruto per capita (R$ de 2024)"
3554656,"Torre de Pedra",21483.18122,2018,"Riqueza",82943.19,"Produto Interno Bruto per capita (R$ de 2024)"
3554656,"Torre de Pedra",20138.17377,2020,"Riqueza",73338.7,"Produto Interno Bruto per capita (R$ de 2024)"
3554656,"Torre de Pedra",18127.43653,2022,"Riqueza",63120.7,"Produto Interno Bruto per capita (R$ de 2024)"
3554656,"Torre de Pedra",23819.82889,2024,"Riqueza",82440.92,"Produto Interno Bruto per capita (R$ de 2024)"
3554706,"Torrinha",34833.22527,2014,"Riqueza",90454.96,"Produto Interno Bruto per capita (R$ de 2024)"
3554706,"Torrinha",36872.48109,2016,"Riqueza",82888.73,"Produto Interno Bruto per capita (R$ de 2024)"
3554706,"Torrinha",34833.22527,2018,"Riqueza",82943.19,"Produto Interno Bruto per capita (R$ de 2024)"
3554706,"Torrinha",33362.19321,2020,"Riqueza",73338.7,"Produto Interno Bruto per capita (R$ de 2024)"
3554706,"Torrinha",33678.48969,2022,"Riqueza",63120.7,"Produto Interno Bruto per capita (R$ de 2024)"
3554706,"Torrinha",43988.24925,2024,"Riqueza",82440.92,"Produto Interno Bruto per capita (R$ de 2024)"
3554755,"Trabiju",40146.14507,2014,"Riqueza",90454.96,"Produto Interno Bruto per capita (R$ de 2024)"
3554755,"Trabiju",46665.86546,2016,"Riqueza",82888.73,"Produto Interno Bruto per capita (R$ de 2024)"
3554755,"Trabiju",40146.14507,2018,"Riqueza",82943.19,"Produto Interno Bruto per capita (R$ de 2024)"
3554755,"Trabiju",33656.49293,2020,"Riqueza",73338.7,"Produto Interno Bruto per capita (R$ de 2024)"
3554755,"Trabiju",30678.4152,2022,"Riqueza",63120.7,"Produto Interno Bruto per capita (R$ de 2024)"
3554755,"Trabiju",42084.11765,2024,"Riqueza",82440.92,"Produto Interno Bruto per capita (R$ de 2024)"
3554805,"Tremembé",27667.38676,2014,"Riqueza",90454.96,"Produto Interno Bruto per capita (R$ de 2024)"
3554805,"Tremembé",26209.18169,2016,"Riqueza",82888.73,"Produto Interno Bruto per capita (R$ de 2024)"
3554805,"Tremembé",27667.38676,2018,"Riqueza",82943.19,"Produto Interno Bruto per capita (R$ de 2024)"
3554805,"Tremembé",24310.17969,2020,"Riqueza",73338.7,"Produto Interno Bruto per capita (R$ de 2024)"
3554805,"Tremembé",19617.5265,2022,"Riqueza",63120.7,"Produto Interno Bruto per capita (R$ de 2024)"
3554805,"Tremembé",22365.91928,2024,"Riqueza",82440.92,"Produto Interno Bruto per capita (R$ de 2024)"
3554904,"Três Fronteiras",31940.4546,2014,"Riqueza",90454.96,"Produto Interno Bruto per capita (R$ de 2024)"
3554904,"Três Fronteiras",29998.0009,2016,"Riqueza",82888.73,"Produto Interno Bruto per capita (R$ de 2024)"
3554904,"Três Fronteiras",31940.4546,2018,"Riqueza",82943.19,"Produto Interno Bruto per capita (R$ de 2024)"
3554904,"Três Fronteiras",27420.89794,2020,"Riqueza",73338.7,"Produto Interno Bruto per capita (R$ de 2024)"
3554904,"Três Fronteiras",18850.73288,2022,"Riqueza",63120.7,"Produto Interno Bruto per capita (R$ de 2024)"
3554904,"Três Fronteiras",23777.80943,2024,"Riqueza",82440.92,"Produto Interno Bruto per capita (R$ de 2024)"
3554953,"Tuiuti",34910.91762,2014,"Riqueza",90454.96,"Produto Interno Bruto per capita (R$ de 2024)"
3554953,"Tuiuti",30668.59218,2016,"Riqueza",82888.73,"Produto Interno Bruto per capita (R$ de 2024)"
3554953,"Tuiuti",34910.91762,2018,"Riqueza",82943.19,"Produto Interno Bruto per capita (R$ de 2024)"
3554953,"Tuiuti",39200.65053,2020,"Riqueza",73338.7,"Produto Interno Bruto per capita (R$ de 2024)"
3554953,"Tuiuti",28006.73812,2022,"Riqueza",63120.7,"Produto Interno Bruto per capita (R$ de 2024)"
3554953,"Tuiuti",37432.9357,2024,"Riqueza",82440.92,"Produto Interno Bruto per capita (R$ de 2024)"
3555000,"Tupã",47066.48945,2014,"Riqueza",90454.96,"Produto Interno Bruto per capita (R$ de 2024)"
3555000,"Tupã",46717.61643,2016,"Riqueza",82888.73,"Produto Interno Bruto per capita (R$ de 2024)"
3555000,"Tupã",47066.48945,2018,"Riqueza",82943.19,"Produto Interno Bruto per capita (R$ de 2024)"
3555000,"Tupã",44622.02049,2020,"Riqueza",73338.7,"Produto Interno Bruto per capita (R$ de 2024)"
3555000,"Tupã",38512.77687,2022,"Riqueza",63120.7,"Produto Interno Bruto per capita (R$ de 2024)"
3555000,"Tupã",52724.32415,2024,"Riqueza",82440.92,"Produto Interno Bruto per capita (R$ de 2024)"
3555109,"Tupi Paulista",30497.47093,2014,"Riqueza",90454.96,"Produto Interno Bruto per capita (R$ de 2024)"
3555109,"Tupi Paulista",31117.24759,2016,"Riqueza",82888.73,"Produto Interno Bruto per capita (R$ de 2024)"
3555109,"Tupi Paulista",30497.47093,2018,"Riqueza",82943.19,"Produto Interno Bruto per capita (R$ de 2024)"
3555109,"Tupi Paulista",28981.30639,2020,"Riqueza",73338.7,"Produto Interno Bruto per capita (R$ de 2024)"
3555109,"Tupi Paulista",23259.34734,2022,"Riqueza",63120.7,"Produto Interno Bruto per capita (R$ de 2024)"
3555109,"Tupi Paulista",29908.18425,2024,"Riqueza",82440.92,"Produto Interno Bruto per capita (R$ de 2024)"
3555208,"Turiúba",36190.98868,2014,"Riqueza",90454.96,"Produto Interno Bruto per capita (R$ de 2024)"
3555208,"Turiúba",35833.50449,2016,"Riqueza",82888.73,"Produto Interno Bruto per capita (R$ de 2024)"
3555208,"Turiúba",36190.98868,2018,"Riqueza",82943.19,"Produto Interno Bruto per capita (R$ de 2024)"
3555208,"Turiúba",39578.08711,2020,"Riqueza",73338.7,"Produto Interno Bruto per capita (R$ de 2024)"
3555208,"Turiúba",33104.41226,2022,"Riqueza",63120.7,"Produto Interno Bruto per capita (R$ de 2024)"
3555208,"Turiúba",52892.61745,2024,"Riqueza",82440.92,"Produto Interno Bruto per capita (R$ de 2024)"
3555307,"Turmalina",50369.14824,2014,"Riqueza",90454.96,"Produto Interno Bruto per capita (R$ de 2024)"
3555307,"Turmalina",51005.88108,2016,"Riqueza",82888.73,"Produto Interno Bruto per capita (R$ de 2024)"
3555307,"Turmalina",50369.14824,2018,"Riqueza",82943.19,"Produto Interno Bruto per capita (R$ de 2024)"
3555307,"Turmalina",51480.19065,2020,"Riqueza",73338.7,"Produto Interno Bruto per capita (R$ de 2024)"
3555307,"Turmalina",42660.33913,2022,"Riqueza",63120.7,"Produto Interno Bruto per capita (R$ de 2024)"
3555307,"Turmalina",67165.41823,2024,"Riqueza",82440.92,"Produto Interno Bruto per capita (R$ de 2024)"
3555356,"Ubarana",88280.7346,2014,"Riqueza",90454.96,"Produto Interno Bruto per capita (R$ de 2024)"
3555356,"Ubarana",135069.6041,2016,"Riqueza",82888.73,"Produto Interno Bruto per capita (R$ de 2024)"
3555356,"Ubarana",88280.7346,2018,"Riqueza",82943.19,"Produto Interno Bruto per capita (R$ de 2024)"
3555356,"Ubarana",91288.95486,2020,"Riqueza",73338.7,"Produto Interno Bruto per capita (R$ de 2024)"
3555356,"Ubarana",42187.7553,2022,"Riqueza",63120.7,"Produto Interno Bruto per capita (R$ de 2024)"
3555356,"Ubarana",60286.2782,2024,"Riqueza",82440.92,"Produto Interno Bruto per capita (R$ de 2024)"
3555406,"Ubatuba",40633.01468,2014,"Riqueza",90454.96,"Produto Interno Bruto per capita (R$ de 2024)"
3555406,"Ubatuba",37117.06644,2016,"Riqueza",82888.73,"Produto Interno Bruto per capita (R$ de 2024)"
3555406,"Ubatuba",40633.01468,2018,"Riqueza",82943.19,"Produto Interno Bruto per capita (R$ de 2024)"
3555406,"Ubatuba",37128.99273,2020,"Riqueza",73338.7,"Produto Interno Bruto per capita (R$ de 2024)"
3555406,"Ubatuba",33962.06549,2022,"Riqueza",63120.7,"Produto Interno Bruto per capita (R$ de 2024)"
3555406,"Ubatuba",39604.72113,2024,"Riqueza",82440.92,"Produto Interno Bruto per capita (R$ de 2024)"
3555505,"Ubirajara",33425.93403,2014,"Riqueza",90454.96,"Produto Interno Bruto per capita (R$ de 2024)"
3555505,"Ubirajara",35455.5169,2016,"Riqueza",82888.73,"Produto Interno Bruto per capita (R$ de 2024)"
3555505,"Ubirajara",33425.93403,2018,"Riqueza",82943.19,"Produto Interno Bruto per capita (R$ de 2024)"
3555505,"Ubirajara",34319.26672,2020,"Riqueza",73338.7,"Produto Interno Bruto per capita (R$ de 2024)"
3555505,"Ubirajara",23665.09609,2022,"Riqueza",63120.7,"Produto Interno Bruto per capita (R$ de 2024)"
3555505,"Ubirajara",41415.27538,2024,"Riqueza",82440.92,"Produto Interno Bruto per capita (R$ de 2024)"
3555604,"Uchoa",38230.76618,2014,"Riqueza",90454.96,"Produto Interno Bruto per capita (R$ de 2024)"
3555604,"Uchoa",57167.50113,2016,"Riqueza",82888.73,"Produto Interno Bruto per capita (R$ de 2024)"
3555604,"Uchoa",38230.76618,2018,"Riqueza",82943.19,"Produto Interno Bruto per capita (R$ de 2024)"
3555604,"Uchoa",49956.29175,2020,"Riqueza",73338.7,"Produto Interno Bruto per capita (R$ de 2024)"
3555604,"Uchoa",38561.19871,2022,"Riqueza",63120.7,"Produto Interno Bruto per capita (R$ de 2024)"
3555604,"Uchoa",53389.02125,2024,"Riqueza",82440.92,"Produto Interno Bruto per capita (R$ de 2024)"
3555703,"União Paulista",43842.35915,2014,"Riqueza",90454.96,"Produto Interno Bruto per capita (R$ de 2024)"
3555703,"União Paulista",47055.31636,2016,"Riqueza",82888.73,"Produto Interno Bruto per capita (R$ de 2024)"
3555703,"União Paulista",43842.35915,2018,"Riqueza",82943.19,"Produto Interno Bruto per capita (R$ de 2024)"
3555703,"União Paulista",40163.74965,2020,"Riqueza",73338.7,"Produto Interno Bruto per capita (R$ de 2024)"
3555703,"União Paulista",39298.12107,2022,"Riqueza",63120.7,"Produto Interno Bruto per capita (R$ de 2024)"
3555703,"União Paulista",48323.36449,2024,"Riqueza",82440.92,"Produto Interno Bruto per capita (R$ de 2024)"
3555802,"Urânia",41032.57663,2014,"Riqueza",90454.96,"Produto Interno Bruto per capita (R$ de 2024)"
3555802,"Urânia",36843.89543,2016,"Riqueza",82888.73,"Produto Interno Bruto per capita (R$ de 2024)"
3555802,"Urânia",41032.57663,2018,"Riqueza",82943.19,"Produto Interno Bruto per capita (R$ de 2024)"
3555802,"Urânia",39457.99966,2020,"Riqueza",73338.7,"Produto Interno Bruto per capita (R$ de 2024)"
3555802,"Urânia",34820.45447,2022,"Riqueza",63120.7,"Produto Interno Bruto per capita (R$ de 2024)"
3555802,"Urânia",44726.25,2024,"Riqueza",82440.92,"Produto Interno Bruto per capita (R$ de 2024)"
3555901,"Uru",56289.17701,2014,"Riqueza",90454.96,"Produto Interno Bruto per capita (R$ de 2024)"
3555901,"Uru",68740.84863,2016,"Riqueza",82888.73,"Produto Interno Bruto per capita (R$ de 2024)"
3555901,"Uru",56289.17701,2018,"Riqueza",82943.19,"Produto Interno Bruto per capita (R$ de 2024)"
3555901,"Uru",51167.32074,2020,"Riqueza",73338.7,"Produto Interno Bruto per capita (R$ de 2024)"
3555901,"Uru",36188.48922,2022,"Riqueza",63120.7,"Produto Interno Bruto per capita (R$ de 2024)"
3555901,"Uru",51076.26515,2024,"Riqueza",82440.92,"Produto Interno Bruto per capita (R$ de 2024)"
3556008,"Urupês",49526.61532,2014,"Riqueza",90454.96,"Produto Interno Bruto per capita (R$ de 2024)"
3556008,"Urupês",45912.25054,2016,"Riqueza",82888.73,"Produto Interno Bruto per capita (R$ de 2024)"
3556008,"Urupês",49526.61532,2018,"Riqueza",82943.19,"Produto Interno Bruto per capita (R$ de 2024)"
3556008,"Urupês",48407.08288,2020,"Riqueza",73338.7,"Produto Interno Bruto per capita (R$ de 2024)"
3556008,"Urupês",39237.27004,2022,"Riqueza",63120.7,"Produto Interno Bruto per capita (R$ de 2024)"
3556008,"Urupês",50227.08213,2024,"Riqueza",82440.92,"Produto Interno Bruto per capita (R$ de 2024)"
3556107,"Valentim Gentil",43130.66462,2014,"Riqueza",90454.96,"Produto Interno Bruto per capita (R$ de 2024)"
3556107,"Valentim Gentil",49417.82732,2016,"Riqueza",82888.73,"Produto Interno Bruto per capita (R$ de 2024)"
3556107,"Valentim Gentil",43130.66462,2018,"Riqueza",82943.19,"Produto Interno Bruto per capita (R$ de 2024)"
3556107,"Valentim Gentil",42834.97151,2020,"Riqueza",73338.7,"Produto Interno Bruto per capita (R$ de 2024)"
3556107,"Valentim Gentil",31971.94349,2022,"Riqueza",63120.7,"Produto Interno Bruto per capita (R$ de 2024)"
3556107,"Valentim Gentil",41842.83057,2024,"Riqueza",82440.92,"Produto Interno Bruto per capita (R$ de 2024)"
3556206,"Valinhos",84012.74026,2014,"Riqueza",90454.96,"Produto Interno Bruto per capita (R$ de 2024)"
3556206,"Valinhos",75546.50899,2016,"Riqueza",82888.73,"Produto Interno Bruto per capita (R$ de 2024)"
3556206,"Valinhos",84012.74026,2018,"Riqueza",82943.19,"Produto Interno Bruto per capita (R$ de 2024)"
3556206,"Valinhos",75767.62511,2020,"Riqueza",73338.7,"Produto Interno Bruto per capita (R$ de 2024)"
3556206,"Valinhos",71909.55464,2022,"Riqueza",63120.7,"Produto Interno Bruto per capita (R$ de 2024)"
3556206,"Valinhos",84854.83159,2024,"Riqueza",82440.92,"Produto Interno Bruto per capita (R$ de 2024)"
3556305,"Valparaíso",60806.54876,2014,"Riqueza",90454.96,"Produto Interno Bruto per capita (R$ de 2024)"
3556305,"Valparaíso",86451.48586,2016,"Riqueza",82888.73,"Produto Interno Bruto per capita (R$ de 2024)"
3556305,"Valparaíso",60806.54876,2018,"Riqueza",82943.19,"Produto Interno Bruto per capita (R$ de 2024)"
3556305,"Valparaíso",66418.96031,2020,"Riqueza",73338.7,"Produto Interno Bruto per capita (R$ de 2024)"
3556305,"Valparaíso",54159.38861,2022,"Riqueza",63120.7,"Produto Interno Bruto per capita (R$ de 2024)"
3556305,"Valparaíso",62991.8171,2024,"Riqueza",82440.92,"Produto Interno Bruto per capita (R$ de 2024)"
3556354,"Vargem",22297.04545,2014,"Riqueza",90454.96,"Produto Interno Bruto per capita (R$ de 2024)"
3556354,"Vargem",19077.40338,2016,"Riqueza",82888.73,"Produto Interno Bruto per capita (R$ de 2024)"
3556354,"Vargem",22297.04545,2018,"Riqueza",82943.19,"Produto Interno Bruto per capita (R$ de 2024)"
3556354,"Vargem",19969.47651,2020,"Riqueza",73338.7,"Produto Interno Bruto per capita (R$ de 2024)"
3556354,"Vargem",17081.06956,2022,"Riqueza",63120.7,"Produto Interno Bruto per capita (R$ de 2024)"
3556354,"Vargem",22073.06909,2024,"Riqueza",82440.92,"Produto Interno Bruto per capita (R$ de 2024)"
3556404,"Vargem Grande do Sul",39148.48857,2014,"Riqueza",90454.96,"Produto Interno Bruto per capita (R$ de 2024)"
3556404,"Vargem Grande do Sul",38668.02687,2016,"Riqueza",82888.73,"Produto Interno Bruto per capita (R$ de 2024)"
3556404,"Vargem Grande do Sul",39148.48857,2018,"Riqueza",82943.19,"Produto Interno Bruto per capita (R$ de 2024)"
3556404,"Vargem Grande do Sul",37605.20002,2020,"Riqueza",73338.7,"Produto Interno Bruto per capita (R$ de 2024)"
3556404,"Vargem Grande do Sul",33176.8292,2022,"Riqueza",63120.7,"Produto Interno Bruto per capita (R$ de 2024)"
3556404,"Vargem Grande do Sul",38348.23723,2024,"Riqueza",82440.92,"Produto Interno Bruto per capita (R$ de 2024)"
3556453,"Vargem Grande Paulista",67678.50872,2014,"Riqueza",90454.96,"Produto Interno Bruto per capita (R$ de 2024)"
3556453,"Vargem Grande Paulista",62938.91503,2016,"Riqueza",82888.73,"Produto Interno Bruto per capita (R$ de 2024)"
3556453,"Vargem Grande Paulista",67678.50872,2018,"Riqueza",82943.19,"Produto Interno Bruto per capita (R$ de 2024)"
3556453,"Vargem Grande Paulista",61639.08551,2020,"Riqueza",73338.7,"Produto Interno Bruto per capita (R$ de 2024)"
3556453,"Vargem Grande Paulista",63660.733,2022,"Riqueza",63120.7,"Produto Interno Bruto per capita (R$ de 2024)"
3556453,"Vargem Grande Paulista",73792.36635,2024,"Riqueza",82440.92,"Produto Interno Bruto per capita (R$ de 2024)"
3556503,"Várzea Paulista",39772.61362,2014,"Riqueza",90454.96,"Produto Interno Bruto per capita (R$ de 2024)"
3556503,"Várzea Paulista",36023.99192,2016,"Riqueza",82888.73,"Produto Interno Bruto per capita (R$ de 2024)"
3556503,"Várzea Paulista",39772.61362,2018,"Riqueza",82943.19,"Produto Interno Bruto per capita (R$ de 2024)"
3556503,"Várzea Paulista",35860.42459,2020,"Riqueza",73338.7,"Produto Interno Bruto per capita (R$ de 2024)"
3556503,"Várzea Paulista",36767.88363,2022,"Riqueza",63120.7,"Produto Interno Bruto per capita (R$ de 2024)"
3556503,"Várzea Paulista",43714.41222,2024,"Riqueza",82440.92,"Produto Interno Bruto per capita (R$ de 2024)"
3556602,"Vera Cruz",22320.60191,2014,"Riqueza",90454.96,"Produto Interno Bruto per capita (R$ de 2024)"
3556602,"Vera Cruz",20504.15163,2016,"Riqueza",82888.73,"Produto Interno Bruto per capita (R$ de 2024)"
3556602,"Vera Cruz",22320.60191,2018,"Riqueza",82943.19,"Produto Interno Bruto per capita (R$ de 2024)"
3556602,"Vera Cruz",26272.62903,2020,"Riqueza",73338.7,"Produto Interno Bruto per capita (R$ de 2024)"
3556602,"Vera Cruz",26754.17612,2022,"Riqueza",63120.7,"Produto Interno Bruto per capita (R$ de 2024)"
3556602,"Vera Cruz",32372.03744,2024,"Riqueza",82440.92,"Produto Interno Bruto per capita (R$ de 2024)"
3556701,"Vinhedo",204558.5863,2014,"Riqueza",90454.96,"Produto Interno Bruto per capita (R$ de 2024)"
3556701,"Vinhedo",191031.8367,2016,"Riqueza",82888.73,"Produto Interno Bruto per capita (R$ de 2024)"
3556701,"Vinhedo",204558.5863,2018,"Riqueza",82943.19,"Produto Interno Bruto per capita (R$ de 2024)"
3556701,"Vinhedo",185692.2816,2020,"Riqueza",73338.7,"Produto Interno Bruto per capita (R$ de 2024)"
3556701,"Vinhedo",179930.257,2022,"Riqueza",63120.7,"Produto Interno Bruto per capita (R$ de 2024)"
3556701,"Vinhedo",201723.5878,2024,"Riqueza",82440.92,"Produto Interno Bruto per capita (R$ de 2024)"
3556800,"Viradouro",31454.8065,2014,"Riqueza",90454.96,"Produto Interno Bruto per capita (R$ de 2024)"
3556800,"Viradouro",28723.67811,2016,"Riqueza",82888.73,"Produto Interno Bruto per capita (R$ de 2024)"
3556800,"Viradouro",31454.8065,2018,"Riqueza",82943.19,"Produto Interno Bruto per capita (R$ de 2024)"
3556800,"Viradouro",27913.78167,2020,"Riqueza",73338.7,"Produto Interno Bruto per capita (R$ de 2024)"
3556800,"Viradouro",28847.09643,2022,"Riqueza",63120.7,"Produto Interno Bruto per capita (R$ de 2024)"
3556800,"Viradouro",34910.54847,2024,"Riqueza",82440.92,"Produto Interno Bruto per capita (R$ de 2024)"
3556909,"Vista Alegre do Alto",73101.77152,2014,"Riqueza",90454.96,"Produto Interno Bruto per capita (R$ de 2024)"
3556909,"Vista Alegre do Alto",80752.1137,2016,"Riqueza",82888.73,"Produto Interno Bruto per capita (R$ de 2024)"
3556909,"Vista Alegre do Alto",73101.77152,2018,"Riqueza",82943.19,"Produto Interno Bruto per capita (R$ de 2024)"
3556909,"Vista Alegre do Alto",69448.03519,2020,"Riqueza",73338.7,"Produto Interno Bruto per capita (R$ de 2024)"
3556909,"Vista Alegre do Alto",66264.83925,2022,"Riqueza",63120.7,"Produto Interno Bruto per capita (R$ de 2024)"
3556909,"Vista Alegre do Alto",91376.05498,2024,"Riqueza",82440.92,"Produto Interno Bruto per capita (R$ de 2024)"
3556958,"Vitória Brasil",33774.10029,2014,"Riqueza",90454.96,"Produto Interno Bruto per capita (R$ de 2024)"
3556958,"Vitória Brasil",32204.57662,2016,"Riqueza",82888.73,"Produto Interno Bruto per capita (R$ de 2024)"
3556958,"Vitória Brasil",33774.10029,2018,"Riqueza",82943.19,"Produto Interno Bruto per capita (R$ de 2024)"
3556958,"Vitória Brasil",33282.20301,2020,"Riqueza",73338.7,"Produto Interno Bruto per capita (R$ de 2024)"
3556958,"Vitória Brasil",26153.5432,2022,"Riqueza",63120.7,"Produto Interno Bruto per capita (R$ de 2024)"
3556958,"Vitória Brasil",38565.45961,2024,"Riqueza",82440.92,"Produto Interno Bruto per capita (R$ de 2024)"
3557006,"Votorantim",43404.99826,2014,"Riqueza",90454.96,"Produto Interno Bruto per capita (R$ de 2024)"
3557006,"Votorantim",66997.95335,2016,"Riqueza",82888.73,"Produto Interno Bruto per capita (R$ de 2024)"
3557006,"Votorantim",43404.99826,2018,"Riqueza",82943.19,"Produto Interno Bruto per capita (R$ de 2024)"
3557006,"Votorantim",39361.72447,2020,"Riqueza",73338.7,"Produto Interno Bruto per capita (R$ de 2024)"
3557006,"Votorantim",34653.92101,2022,"Riqueza",63120.7,"Produto Interno Bruto per capita (R$ de 2024)"
3557006,"Votorantim",42869.95447,2024,"Riqueza",82440.92,"Produto Interno Bruto per capita (R$ de 2024)"
3557105,"Votuporanga",53458.17671,2014,"Riqueza",90454.96,"Produto Interno Bruto per capita (R$ de 2024)"
3557105,"Votuporanga",53029.73152,2016,"Riqueza",82888.73,"Produto Interno Bruto per capita (R$ de 2024)"
3557105,"Votuporanga",53458.17671,2018,"Riqueza",82943.19,"Produto Interno Bruto per capita (R$ de 2024)"
3557105,"Votuporanga",50629.87794,2020,"Riqueza",73338.7,"Produto Interno Bruto per capita (R$ de 2024)"
3557105,"Votuporanga",42008.99865,2022,"Riqueza",63120.7,"Produto Interno Bruto per capita (R$ de 2024)"
3557105,"Votuporanga",50090.01212,2024,"Riqueza",82440.92,"Produto Interno Bruto per capita (R$ de 2024)"
3557154,"Zacarias",58027.53619,2014,"Riqueza",90454.96,"Produto Interno Bruto per capita (R$ de 2024)"
3557154,"Zacarias",54039.36992,2016,"Riqueza",82888.73,"Produto Interno Bruto per capita (R$ de 2024)"
3557154,"Zacarias",58027.53619,2018,"Riqueza",82943.19,"Produto Interno Bruto per capita (R$ de 2024)"
3557154,"Zacarias",60798.4219,2020,"Riqueza",73338.7,"Produto Interno Bruto per capita (R$ de 2024)"
3557154,"Zacarias",53447.50121,2022,"Riqueza",63120.7,"Produto Interno Bruto per capita (R$ de 2024)"
3557154,"Zacarias",69571.16788,2024,"Riqueza",82440.92,"Produto Interno Bruto per capita (R$ de 2024)"
3557204,"Chavantes",28066.8545,2014,"Riqueza",90454.96,"Produto Interno Bruto per capita (R$ de 2024)"
3557204,"Chavantes",29047.76308,2016,"Riqueza",82888.73,"Produto Interno Bruto per capita (R$ de 2024)"
3557204,"Chavantes",28066.8545,2018,"Riqueza",82943.19,"Produto Interno Bruto per capita (R$ de 2024)"
3557204,"Chavantes",26823.73063,2020,"Riqueza",73338.7,"Produto Interno Bruto per capita (R$ de 2024)"
3557204,"Chavantes",30506.5157,2022,"Riqueza",63120.7,"Produto Interno Bruto per capita (R$ de 2024)"
3557204,"Chavantes",42253.69072,2024,"Riqueza",82440.92,"Produto Interno Bruto per capita (R$ de 2024)"
3557303,"Estiva Gerbi",50783.82452,2014,"Riqueza",90454.96,"Produto Interno Bruto per capita (R$ de 2024)"
3557303,"Estiva Gerbi",38649.49062,2016,"Riqueza",82888.73,"Produto Interno Bruto per capita (R$ de 2024)"
3557303,"Estiva Gerbi",50783.82452,2018,"Riqueza",82943.19,"Produto Interno Bruto per capita (R$ de 2024)"
3557303,"Estiva Gerbi",43133.05226,2020,"Riqueza",73338.7,"Produto Interno Bruto per capita (R$ de 2024)"
3557303,"Estiva Gerbi",38622.85415,2022,"Riqueza",63120.7,"Produto Interno Bruto per capita (R$ de 2024)"
3557303,"Estiva Gerbi",49835.49935,2024,"Riqueza",82440.92,"Produto Interno Bruto per capita (R$ de 2024)"
