"cod_ibge","municipio","valor","ano","tipo","valor_estado","metrica"
3500105,"Adamantina",1.013819967,2014,"Longevidade",1.32,"Taxas de mortalidade 15 a 39 anos (por mil hab.)"
3500105,"Adamantina",1.062091503,2016,"Longevidade",1.19,"Taxas de mortalidade 15 a 39 anos (por mil hab.)"
3500105,"Adamantina",1.044759705,2018,"Longevidade",1.15,"Taxas de mortalidade 15 a 39 anos (por mil hab.)"
3500105,"Adamantina",1.065141832,2020,"Longevidade",1.17,"Taxas de mortalidade 15 a 39 anos (por mil hab.)"
3500105,"Adamantina",1.177044756,2022,"Longevidade",1.39,"Taxas de mortalidade 15 a 39 anos (por mil hab.)"
3500105,"Adamantina",1.020081024,2024,"Longevidade",1.28,"Taxas de mortalidade 15 a 39 anos (por mil hab.)"
3500204,"Adolfo",1.821493625,2014,"Longevidade",1.32,"Taxas de mortalidade 15 a 39 anos (por mil hab.)"
3500204,"Adolfo",2.403846154,2016,"Longevidade",1.19,"Taxas de mortalidade 15 a 39 anos (por mil hab.)"
3500204,"Adolfo",1.878690284,2018,"Longevidade",1.15,"Taxas de mortalidade 15 a 39 anos (por mil hab.)"
3500204,"Adolfo",1.361655773,2020,"Longevidade",1.17,"Taxas de mortalidade 15 a 39 anos (por mil hab.)"
3500204,"Adolfo",1.39586823,2022,"Longevidade",1.39,"Taxas de mortalidade 15 a 39 anos (por mil hab.)"
3500204,"Adolfo",1.395673412,2024,"Longevidade",1.28,"Taxas de mortalidade 15 a 39 anos (por mil hab.)"
3500303,"Aguaí",1.5477296,2014,"Longevidade",1.32,"Taxas de mortalidade 15 a 39 anos (por mil hab.)"
3500303,"Aguaí",1.276072481,2016,"Longevidade",1.19,"Taxas de mortalidade 15 a 39 anos (por mil hab.)"
3500303,"Aguaí",1.111033956,2018,"Longevidade",1.15,"Taxas de mortalidade 15 a 39 anos (por mil hab.)"
3500303,"Aguaí",0.968121153,2020,"Longevidade",1.17,"Taxas de mortalidade 15 a 39 anos (por mil hab.)"
3500303,"Aguaí",1.157085995,2022,"Longevidade",1.39,"Taxas de mortalidade 15 a 39 anos (por mil hab.)"
3500303,"Aguaí",1.1734066,2024,"Longevidade",1.28,"Taxas de mortalidade 15 a 39 anos (por mil hab.)"
3500402,"Águas da Prata",1.195600191,2014,"Longevidade",1.32,"Taxas de mortalidade 15 a 39 anos (por mil hab.)"
3500402,"Águas da Prata",0.951022349,2016,"Longevidade",1.19,"Taxas de mortalidade 15 a 39 anos (por mil hab.)"
3500402,"Águas da Prata",0.59333096,2018,"Longevidade",1.15,"Taxas de mortalidade 15 a 39 anos (por mil hab.)"
3500402,"Águas da Prata",0.474664768,2020,"Longevidade",1.17,"Taxas de mortalidade 15 a 39 anos (por mil hab.)"
3500402,"Águas da Prata",0.836920134,2022,"Longevidade",1.39,"Taxas de mortalidade 15 a 39 anos (por mil hab.)"
3500402,"Águas da Prata",0.788767944,2024,"Longevidade",1.28,"Taxas de mortalidade 15 a 39 anos (por mil hab.)"
3500501,"Águas de Lindóia",1.551289509,2014,"Longevidade",1.32,"Taxas de mortalidade 15 a 39 anos (por mil hab.)"
3500501,"Águas de Lindóia",1.459002043,2016,"Longevidade",1.19,"Taxas de mortalidade 15 a 39 anos (por mil hab.)"
3500501,"Águas de Lindóia",1.323334804,2018,"Longevidade",1.15,"Taxas de mortalidade 15 a 39 anos (por mil hab.)"
3500501,"Águas de Lindóia",0.946828126,2020,"Longevidade",1.17,"Taxas de mortalidade 15 a 39 anos (por mil hab.)"
3500501,"Águas de Lindóia",1.632986324,2022,"Longevidade",1.39,"Taxas de mortalidade 15 a 39 anos (por mil hab.)"
3500501,"Águas de Lindóia",1.887571521,2024,"Longevidade",1.28,"Taxas de mortalidade 15 a 39 anos (por mil hab.)"
3500550,"Águas de Santa Bárbara",1.243201243,2014,"Longevidade",1.32,"Taxas de mortalidade 15 a 39 anos (por mil hab.)"
3500550,"Águas de Santa Bárbara",0.612463635,2016,"Longevidade",1.19,"Taxas de mortalidade 15 a 39 anos (por mil hab.)"
3500550,"Águas de Santa Bárbara",0.460829493,2018,"Longevidade",1.15,"Taxas de mortalidade 15 a 39 anos (por mil hab.)"
3500550,"Águas de Santa Bárbara",1.2300123,2020,"Longevidade",1.17,"Taxas de mortalidade 15 a 39 anos (por mil hab.)"
3500550,"Águas de Santa Bárbara",1.083255958,2022,"Longevidade",1.39,"Taxas de mortalidade 15 a 39 anos (por mil hab.)"
3500550,"Águas de Santa Bárbara",1.178376786,2024,"Longevidade",1.28,"Taxas de mortalidade 15 a 39 anos (por mil hab.)"
3500600,"Águas de São Pedro",1.73973556,2014,"Longevidade",1.32,"Taxas de mortalidade 15 a 39 anos (por mil hab.)"
3500600,"Águas de São Pedro",1.958863859,2016,"Longevidade",1.19,"Taxas de mortalidade 15 a 39 anos (por mil hab.)"
3500600,"Águas de São Pedro",1.295756398,2018,"Longevidade",1.15,"Taxas de mortalidade 15 a 39 anos (por mil hab.)"
3500600,"Águas de São Pedro",0.940733772,2022,"Longevidade",1.39,"Taxas de mortalidade 15 a 39 anos (por mil hab.)"
3500600,"Águas de São Pedro",0.91954023,2024,"Longevidade",1.28,"Taxas de mortalidade 15 a 39 anos (por mil hab.)"
3500709,"Agudos",1.498943926,2014,"Longevidade",1.32,"Taxas de mortalidade 15 a 39 anos (por mil hab.)"
3500709,"Agudos",1.347493434,2016,"Longevidade",1.19,"Taxas de mortalidade 15 a 39 anos (por mil hab.)"
3500709,"Agudos",1.403944855,2018,"Longevidade",1.15,"Taxas de mortalidade 15 a 39 anos (por mil hab.)"
3500709,"Agudos",1.355868808,2020,"Longevidade",1.17,"Taxas de mortalidade 15 a 39 anos (por mil hab.)"
3500709,"Agudos",1.737598781,2022,"Longevidade",1.39,"Taxas de mortalidade 15 a 39 anos (por mil hab.)"
3500709,"Agudos",1.53918721,2024,"Longevidade",1.28,"Taxas de mortalidade 15 a 39 anos (por mil hab.)"
3500758,"Alambari",1.36239782,2014,"Longevidade",1.32,"Taxas de mortalidade 15 a 39 anos (por mil hab.)"
3500758,"Alambari",1.121390524,2016,"Longevidade",1.19,"Taxas de mortalidade 15 a 39 anos (por mil hab.)"
3500758,"Alambari",1.102383905,2018,"Longevidade",1.15,"Taxas de mortalidade 15 a 39 anos (por mil hab.)"
3500758,"Alambari",1.336005344,2020,"Longevidade",1.17,"Taxas de mortalidade 15 a 39 anos (por mil hab.)"
3500758,"Alambari",1.446416831,2022,"Longevidade",1.39,"Taxas de mortalidade 15 a 39 anos (por mil hab.)"
3500758,"Alambari",0.448631673,2024,"Longevidade",1.28,"Taxas de mortalidade 15 a 39 anos (por mil hab.)"
3500808,"Alfredo Marcondes",0.713266762,2014,"Longevidade",1.32,"Taxas de mortalidade 15 a 39 anos (por mil hab.)"
3500808,"Alfredo Marcondes",0.713775874,2016,"Longevidade",1.19,"Taxas de mortalidade 15 a 39 anos (por mil hab.)"
3500808,"Alfredo Marcondes",0.957166786,2018,"Longevidade",1.15,"Taxas de mortalidade 15 a 39 anos (por mil hab.)"
3500808,"Alfredo Marcondes",0.961307378,2020,"Longevidade",1.17,"Taxas de mortalidade 15 a 39 anos (por mil hab.)"
3500808,"Alfredo Marcondes",1.459854015,2022,"Longevidade",1.39,"Taxas de mortalidade 15 a 39 anos (por mil hab.)"
3500808,"Alfredo Marcondes",0.734214391,2024,"Longevidade",1.28,"Taxas de mortalidade 15 a 39 anos (por mil hab.)"
3500907,"Altair",1.370936154,2014,"Longevidade",1.32,"Taxas de mortalidade 15 a 39 anos (por mil hab.)"
3500907,"Altair",1.970055162,2016,"Longevidade",1.19,"Taxas de mortalidade 15 a 39 anos (por mil hab.)"
3500907,"Altair",1.589193484,2018,"Longevidade",1.15,"Taxas de mortalidade 15 a 39 anos (por mil hab.)"
3500907,"Altair",1.414141414,2020,"Longevidade",1.17,"Taxas de mortalidade 15 a 39 anos (por mil hab.)"
3500907,"Altair",1.030715316,2022,"Longevidade",1.39,"Taxas de mortalidade 15 a 39 anos (por mil hab.)"
3500907,"Altair",1.126126126,2024,"Longevidade",1.28,"Taxas de mortalidade 15 a 39 anos (por mil hab.)"
3501004,"Altinópolis",1.396273025,2014,"Longevidade",1.32,"Taxas de mortalidade 15 a 39 anos (por mil hab.)"
3501004,"Altinópolis",1.248032991,2016,"Longevidade",1.19,"Taxas de mortalidade 15 a 39 anos (por mil hab.)"
3501004,"Altinópolis",1.044759705,2018,"Longevidade",1.15,"Taxas de mortalidade 15 a 39 anos (por mil hab.)"
3501004,"Altinópolis",0.618951159,2020,"Longevidade",1.17,"Taxas de mortalidade 15 a 39 anos (por mil hab.)"
3501004,"Altinópolis",1.218238775,2022,"Longevidade",1.39,"Taxas de mortalidade 15 a 39 anos (por mil hab.)"
3501004,"Altinópolis",1.471420487,2024,"Longevidade",1.28,"Taxas de mortalidade 15 a 39 anos (por mil hab.)"
3501103,"Alto Alegre",0.897867565,2014,"Longevidade",1.32,"Taxas de mortalidade 15 a 39 anos (por mil hab.)"
3501103,"Alto Alegre",1.378359752,2016,"Longevidade",1.19,"Taxas de mortalidade 15 a 39 anos (por mil hab.)"
3501103,"Alto Alegre",0.694444444,2018,"Longevidade",1.15,"Taxas de mortalidade 15 a 39 anos (por mil hab.)"
3501103,"Alto Alegre",1.418439716,2020,"Longevidade",1.17,"Taxas de mortalidade 15 a 39 anos (por mil hab.)"
3501103,"Alto Alegre",3.149224806,2022,"Longevidade",1.39,"Taxas de mortalidade 15 a 39 anos (por mil hab.)"
3501103,"Alto Alegre",1.84501845,2024,"Longevidade",1.28,"Taxas de mortalidade 15 a 39 anos (por mil hab.)"
3501152,"Alumínio",1.131938785,2014,"Longevidade",1.32,"Taxas de mortalidade 15 a 39 anos (por mil hab.)"
3501152,"Alumínio",1.274697259,2016,"Longevidade",1.19,"Taxas de mortalidade 15 a 39 anos (por mil hab.)"
3501152,"Alumínio",0.731495451,2018,"Longevidade",1.15,"Taxas de mortalidade 15 a 39 anos (por mil hab.)"
3501152,"Alumínio",0.923872875,2020,"Longevidade",1.17,"Taxas de mortalidade 15 a 39 anos (por mil hab.)"
3501152,"Alumínio",1.454170185,2022,"Longevidade",1.39,"Taxas de mortalidade 15 a 39 anos (por mil hab.)"
3501152,"Alumínio",1.506884905,2024,"Longevidade",1.28,"Taxas de mortalidade 15 a 39 anos (por mil hab.)"
3501202,"Álvares Florence",1.352813853,2014,"Longevidade",1.32,"Taxas de mortalidade 15 a 39 anos (por mil hab.)"
3501202,"Álvares Florence",2.525252525,2016,"Longevidade",1.19,"Taxas de mortalidade 15 a 39 anos (por mil hab.)"
3501202,"Álvares Florence",2.839295855,2018,"Longevidade",1.15,"Taxas de mortalidade 15 a 39 anos (por mil hab.)"
3501202,"Álvares Florence",2.326934264,2020,"Longevidade",1.17,"Taxas de mortalidade 15 a 39 anos (por mil hab.)"
3501202,"Álvares Florence",2.393776182,2022,"Longevidade",1.39,"Taxas de mortalidade 15 a 39 anos (por mil hab.)"
3501202,"Álvares Florence",1.248439451,2024,"Longevidade",1.28,"Taxas de mortalidade 15 a 39 anos (por mil hab.)"
3501301,"Álvares Machado",1.367595192,2014,"Longevidade",1.32,"Taxas de mortalidade 15 a 39 anos (por mil hab.)"
3501301,"Álvares Machado",1.634877384,2016,"Longevidade",1.19,"Taxas de mortalidade 15 a 39 anos (por mil hab.)"
3501301,"Álvares Machado",1.640599366,2018,"Longevidade",1.15,"Taxas de mortalidade 15 a 39 anos (por mil hab.)"
3501301,"Álvares Machado",1.249816203,2020,"Longevidade",1.17,"Taxas de mortalidade 15 a 39 anos (por mil hab.)"
3501301,"Álvares Machado",1.526831267,2022,"Longevidade",1.39,"Taxas de mortalidade 15 a 39 anos (por mil hab.)"
3501301,"Álvares Machado",1.336898396,2024,"Longevidade",1.28,"Taxas de mortalidade 15 a 39 anos (por mil hab.)"
3501400,"Álvaro de Carvalho",2.466251298,2014,"Longevidade",1.32,"Taxas de mortalidade 15 a 39 anos (por mil hab.)"
3501400,"Álvaro de Carvalho",1.270325203,2016,"Longevidade",1.19,"Taxas de mortalidade 15 a 39 anos (por mil hab.)"
3501400,"Álvaro de Carvalho",0.634437254,2018,"Longevidade",1.15,"Taxas de mortalidade 15 a 39 anos (por mil hab.)"
3501400,"Álvaro de Carvalho",0.507356672,2020,"Longevidade",1.17,"Taxas de mortalidade 15 a 39 anos (por mil hab.)"
3501400,"Álvaro de Carvalho",1.136363636,2022,"Longevidade",1.39,"Taxas de mortalidade 15 a 39 anos (por mil hab.)"
3501400,"Álvaro de Carvalho",1.336302895,2024,"Longevidade",1.28,"Taxas de mortalidade 15 a 39 anos (por mil hab.)"
3501509,"Alvinlândia",1.347345729,2014,"Longevidade",1.32,"Taxas de mortalidade 15 a 39 anos (por mil hab.)"
3501509,"Alvinlândia",0.535905681,2016,"Longevidade",1.19,"Taxas de mortalidade 15 a 39 anos (por mil hab.)"
3501509,"Alvinlândia",1.082251082,2018,"Longevidade",1.15,"Taxas de mortalidade 15 a 39 anos (por mil hab.)"
3501509,"Alvinlândia",1.386577926,2020,"Longevidade",1.17,"Taxas de mortalidade 15 a 39 anos (por mil hab.)"
3501509,"Alvinlândia",1.126126126,2022,"Longevidade",1.39,"Taxas de mortalidade 15 a 39 anos (por mil hab.)"
3501509,"Alvinlândia",1.03950104,2024,"Longevidade",1.28,"Taxas de mortalidade 15 a 39 anos (por mil hab.)"
3501608,"Americana",1.064759098,2014,"Longevidade",1.32,"Taxas de mortalidade 15 a 39 anos (por mil hab.)"
3501608,"Americana",0.939239031,2016,"Longevidade",1.19,"Taxas de mortalidade 15 a 39 anos (por mil hab.)"
3501608,"Americana",0.871712916,2018,"Longevidade",1.15,"Taxas de mortalidade 15 a 39 anos (por mil hab.)"
3501608,"Americana",0.851804738,2020,"Longevidade",1.17,"Taxas de mortalidade 15 a 39 anos (por mil hab.)"
3501608,"Americana",1.061837779,2022,"Longevidade",1.39,"Taxas de mortalidade 15 a 39 anos (por mil hab.)"
3501608,"Americana",1.11756111,2024,"Longevidade",1.28,"Taxas de mortalidade 15 a 39 anos (por mil hab.)"
3501707,"Américo Brasiliense",1.336898396,2014,"Longevidade",1.32,"Taxas de mortalidade 15 a 39 anos (por mil hab.)"
3501707,"Américo Brasiliense",0.966812675,2016,"Longevidade",1.19,"Taxas de mortalidade 15 a 39 anos (por mil hab.)"
3501707,"Américo Brasiliense",0.828745634,2018,"Longevidade",1.15,"Taxas de mortalidade 15 a 39 anos (por mil hab.)"
3501707,"Américo Brasiliense",1.026126766,2020,"Longevidade",1.17,"Taxas de mortalidade 15 a 39 anos (por mil hab.)"
3501707,"Américo Brasiliense",1.350331626,2022,"Longevidade",1.39,"Taxas de mortalidade 15 a 39 anos (por mil hab.)"
3501707,"Américo Brasiliense",1.899489851,2024,"Longevidade",1.28,"Taxas de mortalidade 15 a 39 anos (por mil hab.)"
3501806,"Américo de Campos",1.440230437,2014,"Longevidade",1.32,"Taxas de mortalidade 15 a 39 anos (por mil hab.)"
3501806,"Américo de Campos",0.475511175,2016,"Longevidade",1.19,"Taxas de mortalidade 15 a 39 anos (por mil hab.)"
3501806,"Américo de Campos",0.479616307,2018,"Longevidade",1.15,"Taxas de mortalidade 15 a 39 anos (por mil hab.)"
3501806,"Américo de Campos",0.972289742,2020,"Longevidade",1.17,"Taxas de mortalidade 15 a 39 anos (por mil hab.)"
3501806,"Américo de Campos",1.318826245,2022,"Longevidade",1.39,"Taxas de mortalidade 15 a 39 anos (por mil hab.)"
3501806,"Américo de Campos",1.093493712,2024,"Longevidade",1.28,"Taxas de mortalidade 15 a 39 anos (por mil hab.)"
3501905,"Amparo",1.07942349,2014,"Longevidade",1.32,"Taxas de mortalidade 15 a 39 anos (por mil hab.)"
3501905,"Amparo",1.158434388,2016,"Longevidade",1.19,"Taxas de mortalidade 15 a 39 anos (por mil hab.)"
3501905,"Amparo",1.115988394,2018,"Longevidade",1.15,"Taxas de mortalidade 15 a 39 anos (por mil hab.)"
3501905,"Amparo",1.129943503,2020,"Longevidade",1.17,"Taxas de mortalidade 15 a 39 anos (por mil hab.)"
3501905,"Amparo",1.22029544,2022,"Longevidade",1.39,"Taxas de mortalidade 15 a 39 anos (por mil hab.)"
3501905,"Amparo",1.200514103,2024,"Longevidade",1.28,"Taxas de mortalidade 15 a 39 anos (por mil hab.)"
3502002,"Analândia",0.555864369,2014,"Longevidade",1.32,"Taxas de mortalidade 15 a 39 anos (por mil hab.)"
3502002,"Analândia",0.532481363,2016,"Longevidade",1.19,"Taxas de mortalidade 15 a 39 anos (por mil hab.)"
3502002,"Analândia",1.054296257,2018,"Longevidade",1.15,"Taxas de mortalidade 15 a 39 anos (por mil hab.)"
3502002,"Analândia",0.857780065,2020,"Longevidade",1.17,"Taxas de mortalidade 15 a 39 anos (por mil hab.)"
3502002,"Analândia",0.510464523,2022,"Longevidade",1.39,"Taxas de mortalidade 15 a 39 anos (por mil hab.)"
3502002,"Analândia",0.847637211,2024,"Longevidade",1.28,"Taxas de mortalidade 15 a 39 anos (por mil hab.)"
3502101,"Andradina",1.42615759,2014,"Longevidade",1.32,"Taxas de mortalidade 15 a 39 anos (por mil hab.)"
3502101,"Andradina",1.761401504,2016,"Longevidade",1.19,"Taxas de mortalidade 15 a 39 anos (por mil hab.)"
3502101,"Andradina",1.735023375,2018,"Longevidade",1.15,"Taxas de mortalidade 15 a 39 anos (por mil hab.)"
3502101,"Andradina",1.186122368,2020,"Longevidade",1.17,"Taxas de mortalidade 15 a 39 anos (por mil hab.)"
3502101,"Andradina",1.55282124,2022,"Longevidade",1.39,"Taxas de mortalidade 15 a 39 anos (por mil hab.)"
3502101,"Andradina",1.048928479,2024,"Longevidade",1.28,"Taxas de mortalidade 15 a 39 anos (por mil hab.)"
3502200,"Angatuba",1.053702493,2014,"Longevidade",1.32,"Taxas de mortalidade 15 a 39 anos (por mil hab.)"
3502200,"Angatuba",1.375515818,2016,"Longevidade",1.19,"Taxas de mortalidade 15 a 39 anos (por mil hab.)"
3502200,"Angatuba",1.122098324,2018,"Longevidade",1.15,"Taxas de mortalidade 15 a 39 anos (por mil hab.)"
3502200,"Angatuba",0.970503622,2020,"Longevidade",1.17,"Taxas de mortalidade 15 a 39 anos (por mil hab.)"
3502200,"Angatuba",1.102953848,2022,"Longevidade",1.39,"Taxas de mortalidade 15 a 39 anos (por mil hab.)"
3502200,"Angatuba",1.570845115,2024,"Longevidade",1.28,"Taxas de mortalidade 15 a 39 anos (por mil hab.)"
3502309,"Anhembi",1.248439451,2014,"Longevidade",1.32,"Taxas de mortalidade 15 a 39 anos (por mil hab.)"
3502309,"Anhembi",1.16776956,2016,"Longevidade",1.19,"Taxas de mortalidade 15 a 39 anos (por mil hab.)"
3502309,"Anhembi",0.767459708,2018,"Longevidade",1.15,"Taxas de mortalidade 15 a 39 anos (por mil hab.)"
3502309,"Anhembi",0.86934923,2020,"Longevidade",1.17,"Taxas de mortalidade 15 a 39 anos (por mil hab.)"
3502309,"Anhembi",1.21344497,2022,"Longevidade",1.39,"Taxas de mortalidade 15 a 39 anos (por mil hab.)"
3502309,"Anhembi",1.94311959,2024,"Longevidade",1.28,"Taxas de mortalidade 15 a 39 anos (por mil hab.)"
3502408,"Anhumas",1.538123489,2014,"Longevidade",1.32,"Taxas de mortalidade 15 a 39 anos (por mil hab.)"
3502408,"Anhumas",1.288659794,2016,"Longevidade",1.19,"Taxas de mortalidade 15 a 39 anos (por mil hab.)"
3502408,"Anhumas",1.500535906,2018,"Longevidade",1.15,"Taxas de mortalidade 15 a 39 anos (por mil hab.)"
3502408,"Anhumas",1.494768311,2020,"Longevidade",1.17,"Taxas de mortalidade 15 a 39 anos (por mil hab.)"
3502408,"Anhumas",0.430107527,2022,"Longevidade",1.39,"Taxas de mortalidade 15 a 39 anos (por mil hab.)"
3502408,"Anhumas",0.491279784,2024,"Longevidade",1.28,"Taxas de mortalidade 15 a 39 anos (por mil hab.)"
3502507,"Aparecida",1.471721915,2014,"Longevidade",1.32,"Taxas de mortalidade 15 a 39 anos (por mil hab.)"
3502507,"Aparecida",1.505376344,2016,"Longevidade",1.19,"Taxas de mortalidade 15 a 39 anos (por mil hab.)"
3502507,"Aparecida",1.278618127,2018,"Longevidade",1.15,"Taxas de mortalidade 15 a 39 anos (por mil hab.)"
3502507,"Aparecida",1.205145232,2020,"Longevidade",1.17,"Taxas de mortalidade 15 a 39 anos (por mil hab.)"
3502507,"Aparecida",1.51251607,2022,"Longevidade",1.39,"Taxas de mortalidade 15 a 39 anos (por mil hab.)"
3502507,"Aparecida",1.995116431,2024,"Longevidade",1.28,"Taxas de mortalidade 15 a 39 anos (por mil hab.)"
3502606,"Aparecida d'Oeste",1.796945193,2014,"Longevidade",1.32,"Taxas de mortalidade 15 a 39 anos (por mil hab.)"
3502606,"Aparecida d'Oeste",0.69881202,2016,"Longevidade",1.19,"Taxas de mortalidade 15 a 39 anos (por mil hab.)"
3502606,"Aparecida d'Oeste",0.944956296,2018,"Longevidade",1.15,"Taxas de mortalidade 15 a 39 anos (por mil hab.)"
3502606,"Aparecida d'Oeste",1.700680272,2020,"Longevidade",1.17,"Taxas de mortalidade 15 a 39 anos (por mil hab.)"
3502606,"Aparecida d'Oeste",1.745200698,2022,"Longevidade",1.39,"Taxas de mortalidade 15 a 39 anos (por mil hab.)"
3502606,"Aparecida d'Oeste",1.771479185,2024,"Longevidade",1.28,"Taxas de mortalidade 15 a 39 anos (por mil hab.)"
3502705,"Apiaí",1.027476716,2014,"Longevidade",1.32,"Taxas de mortalidade 15 a 39 anos (por mil hab.)"
3502705,"Apiaí",1.135946009,2016,"Longevidade",1.19,"Taxas de mortalidade 15 a 39 anos (por mil hab.)"
3502705,"Apiaí",1.176193837,2018,"Longevidade",1.15,"Taxas de mortalidade 15 a 39 anos (por mil hab.)"
3502705,"Apiaí",1.256324064,2020,"Longevidade",1.17,"Taxas de mortalidade 15 a 39 anos (por mil hab.)"
3502705,"Apiaí",1.722830956,2022,"Longevidade",1.39,"Taxas de mortalidade 15 a 39 anos (por mil hab.)"
3502705,"Apiaí",1.932257331,2024,"Longevidade",1.28,"Taxas de mortalidade 15 a 39 anos (por mil hab.)"
3502754,"Araçariguama",1.81810669,2014,"Longevidade",1.32,"Taxas de mortalidade 15 a 39 anos (por mil hab.)"
3502754,"Araçariguama",1.052016365,2016,"Longevidade",1.19,"Taxas de mortalidade 15 a 39 anos (por mil hab.)"
3502754,"Araçariguama",0.847686202,2018,"Longevidade",1.15,"Taxas de mortalidade 15 a 39 anos (por mil hab.)"
3502754,"Araçariguama",0.9044658,2020,"Longevidade",1.17,"Taxas de mortalidade 15 a 39 anos (por mil hab.)"
3502754,"Araçariguama",1.26108082,2022,"Longevidade",1.39,"Taxas de mortalidade 15 a 39 anos (por mil hab.)"
3502754,"Araçariguama",1.502021953,2024,"Longevidade",1.28,"Taxas de mortalidade 15 a 39 anos (por mil hab.)"
3502804,"Araçatuba",1.435408907,2014,"Longevidade",1.32,"Taxas de mortalidade 15 a 39 anos (por mil hab.)"
3502804,"Araçatuba",1.283792931,2016,"Longevidade",1.19,"Taxas de mortalidade 15 a 39 anos (por mil hab.)"
3502804,"Araçatuba",1.286328169,2018,"Longevidade",1.15,"Taxas de mortalidade 15 a 39 anos (por mil hab.)"
3502804,"Araçatuba",1.358917476,2020,"Longevidade",1.17,"Taxas de mortalidade 15 a 39 anos (por mil hab.)"
3502804,"Araçatuba",1.719023202,2022,"Longevidade",1.39,"Taxas de mortalidade 15 a 39 anos (por mil hab.)"
3502804,"Araçatuba",1.481717441,2024,"Longevidade",1.28,"Taxas de mortalidade 15 a 39 anos (por mil hab.)"
3502903,"Araçoiaba da Serra",1.303441084,2014,"Longevidade",1.32,"Taxas de mortalidade 15 a 39 anos (por mil hab.)"
3502903,"Araçoiaba da Serra",1.367465266,2016,"Longevidade",1.19,"Taxas de mortalidade 15 a 39 anos (por mil hab.)"
3502903,"Araçoiaba da Serra",1.459854015,2018,"Longevidade",1.15,"Taxas de mortalidade 15 a 39 anos (por mil hab.)"
3502903,"Araçoiaba da Serra",1.135853343,2020,"Longevidade",1.17,"Taxas de mortalidade 15 a 39 anos (por mil hab.)"
3502903,"Araçoiaba da Serra",1.401759988,2022,"Longevidade",1.39,"Taxas de mortalidade 15 a 39 anos (por mil hab.)"
3502903,"Araçoiaba da Serra",1.394564442,2024,"Longevidade",1.28,"Taxas de mortalidade 15 a 39 anos (por mil hab.)"
3503000,"Aramina",1.439539347,2014,"Longevidade",1.32,"Taxas de mortalidade 15 a 39 anos (por mil hab.)"
3503000,"Aramina",1.10323089,2016,"Longevidade",1.19,"Taxas de mortalidade 15 a 39 anos (por mil hab.)"
3503000,"Aramina",0.947867299,2018,"Longevidade",1.15,"Taxas de mortalidade 15 a 39 anos (por mil hab.)"
3503000,"Aramina",1.266223488,2020,"Longevidade",1.17,"Taxas de mortalidade 15 a 39 anos (por mil hab.)"
3503000,"Aramina",1.442307692,2022,"Longevidade",1.39,"Taxas de mortalidade 15 a 39 anos (por mil hab.)"
3503000,"Aramina",0.367107195,2024,"Longevidade",1.28,"Taxas de mortalidade 15 a 39 anos (por mil hab.)"
3503109,"Arandu",1.053602002,2014,"Longevidade",1.32,"Taxas de mortalidade 15 a 39 anos (por mil hab.)"
3503109,"Arandu",1.0565240360000001,2016,"Longevidade",1.19,"Taxas de mortalidade 15 a 39 anos (por mil hab.)"
3503109,"Arandu",1.206757844,2018,"Longevidade",1.15,"Taxas de mortalidade 15 a 39 anos (por mil hab.)"
3503109,"Arandu",0.820681165,2020,"Longevidade",1.17,"Taxas de mortalidade 15 a 39 anos (por mil hab.)"
3503109,"Arandu",1.119507417,2022,"Longevidade",1.39,"Taxas de mortalidade 15 a 39 anos (por mil hab.)"
3503109,"Arandu",1.095590249,2024,"Longevidade",1.28,"Taxas de mortalidade 15 a 39 anos (por mil hab.)"
3503158,"Arapeí",1.076426265,2014,"Longevidade",1.32,"Taxas de mortalidade 15 a 39 anos (por mil hab.)"
3503158,"Arapeí",1.082251082,2016,"Longevidade",1.19,"Taxas de mortalidade 15 a 39 anos (por mil hab.)"
3503158,"Arapeí",1.078748652,2018,"Longevidade",1.15,"Taxas de mortalidade 15 a 39 anos (por mil hab.)"
3503158,"Arapeí",1.444564825,2020,"Longevidade",1.17,"Taxas de mortalidade 15 a 39 anos (por mil hab.)"
3503158,"Arapeí",1.465201465,2022,"Longevidade",1.39,"Taxas de mortalidade 15 a 39 anos (por mil hab.)"
3503158,"Arapeí",1.396648045,2024,"Longevidade",1.28,"Taxas de mortalidade 15 a 39 anos (por mil hab.)"
3503208,"Araraquara",1.171685763,2014,"Longevidade",1.32,"Taxas de mortalidade 15 a 39 anos (por mil hab.)"
3503208,"Araraquara",1.157472022,2016,"Longevidade",1.19,"Taxas de mortalidade 15 a 39 anos (por mil hab.)"
3503208,"Araraquara",1.060151418,2018,"Longevidade",1.15,"Taxas de mortalidade 15 a 39 anos (por mil hab.)"
3503208,"Araraquara",0.968175502,2020,"Longevidade",1.17,"Taxas de mortalidade 15 a 39 anos (por mil hab.)"
3503208,"Araraquara",1.168585934,2022,"Longevidade",1.39,"Taxas de mortalidade 15 a 39 anos (por mil hab.)"
3503208,"Araraquara",1.028736026,2024,"Longevidade",1.28,"Taxas de mortalidade 15 a 39 anos (por mil hab.)"
3503307,"Araras",1.40701693,2014,"Longevidade",1.32,"Taxas de mortalidade 15 a 39 anos (por mil hab.)"
3503307,"Araras",1.214142847,2016,"Longevidade",1.19,"Taxas de mortalidade 15 a 39 anos (por mil hab.)"
3503307,"Araras",1.184758245,2018,"Longevidade",1.15,"Taxas de mortalidade 15 a 39 anos (por mil hab.)"
3503307,"Araras",0.971123545,2020,"Longevidade",1.17,"Taxas de mortalidade 15 a 39 anos (por mil hab.)"
3503307,"Araras",1.152073733,2022,"Longevidade",1.39,"Taxas de mortalidade 15 a 39 anos (por mil hab.)"
3503307,"Araras",1.289724954,2024,"Longevidade",1.28,"Taxas de mortalidade 15 a 39 anos (por mil hab.)"
3503356,"Arco-Íris",1.43472023,2014,"Longevidade",1.32,"Taxas de mortalidade 15 a 39 anos (por mil hab.)"
3503356,"Arco-Íris",1.001001001,2016,"Longevidade",1.19,"Taxas de mortalidade 15 a 39 anos (por mil hab.)"
3503356,"Arco-Íris",1.517450683,2018,"Longevidade",1.15,"Taxas de mortalidade 15 a 39 anos (por mil hab.)"
3503356,"Arco-Íris",1.57480315,2020,"Longevidade",1.17,"Taxas de mortalidade 15 a 39 anos (por mil hab.)"
3503356,"Arco-Íris",0.545553737,2022,"Longevidade",1.39,"Taxas de mortalidade 15 a 39 anos (por mil hab.)"
3503406,"Arealva",1.629422719,2014,"Longevidade",1.32,"Taxas de mortalidade 15 a 39 anos (por mil hab.)"
3503406,"Arealva",1.134944955,2016,"Longevidade",1.19,"Taxas de mortalidade 15 a 39 anos (por mil hab.)"
3503406,"Arealva",0.678886626,2018,"Longevidade",1.15,"Taxas de mortalidade 15 a 39 anos (por mil hab.)"
3503406,"Arealva",1.238320387,2020,"Longevidade",1.17,"Taxas de mortalidade 15 a 39 anos (por mil hab.)"
3503406,"Arealva",1.128795575,2022,"Longevidade",1.39,"Taxas de mortalidade 15 a 39 anos (por mil hab.)"
3503406,"Arealva",1.096040554,2024,"Longevidade",1.28,"Taxas de mortalidade 15 a 39 anos (por mil hab.)"
3503505,"Areias",0.899078445,2014,"Longevidade",1.32,"Taxas de mortalidade 15 a 39 anos (por mil hab.)"
3503505,"Areias",1.328021248,2016,"Longevidade",1.19,"Taxas de mortalidade 15 a 39 anos (por mil hab.)"
3503505,"Areias",1.994680851,2018,"Longevidade",1.15,"Taxas de mortalidade 15 a 39 anos (por mil hab.)"
3503505,"Areias",1.328021248,2020,"Longevidade",1.17,"Taxas de mortalidade 15 a 39 anos (por mil hab.)"
3503505,"Areias",1.994680851,2022,"Longevidade",1.39,"Taxas de mortalidade 15 a 39 anos (por mil hab.)"
3503505,"Areias",2.239014833,2024,"Longevidade",1.28,"Taxas de mortalidade 15 a 39 anos (por mil hab.)"
3503604,"Areiópolis",1.081548778,2014,"Longevidade",1.32,"Taxas de mortalidade 15 a 39 anos (por mil hab.)"
3503604,"Areiópolis",1.318971202,2016,"Longevidade",1.19,"Taxas de mortalidade 15 a 39 anos (por mil hab.)"
3503604,"Areiópolis",1.6184801,2018,"Longevidade",1.15,"Taxas de mortalidade 15 a 39 anos (por mil hab.)"
3503604,"Areiópolis",2.299873878,2020,"Longevidade",1.17,"Taxas de mortalidade 15 a 39 anos (por mil hab.)"
3503604,"Areiópolis",1.502516715,2022,"Longevidade",1.39,"Taxas de mortalidade 15 a 39 anos (por mil hab.)"
3503604,"Areiópolis",1.480707255,2024,"Longevidade",1.28,"Taxas de mortalidade 15 a 39 anos (por mil hab.)"
3503703,"Ariranha",0.820120284,2014,"Longevidade",1.32,"Taxas de mortalidade 15 a 39 anos (por mil hab.)"
3503703,"Ariranha",1.256845318,2016,"Longevidade",1.19,"Taxas de mortalidade 15 a 39 anos (por mil hab.)"
3503703,"Ariranha",0.628591954,2018,"Longevidade",1.15,"Taxas de mortalidade 15 a 39 anos (por mil hab.)"
3503703,"Ariranha",1.25752268,2020,"Longevidade",1.17,"Taxas de mortalidade 15 a 39 anos (por mil hab.)"
3503703,"Ariranha",1.447701773,2022,"Longevidade",1.39,"Taxas de mortalidade 15 a 39 anos (por mil hab.)"
3503703,"Ariranha",1.47314852,2024,"Longevidade",1.28,"Taxas de mortalidade 15 a 39 anos (por mil hab.)"
3503802,"Artur Nogueira",1.320387099,2014,"Longevidade",1.32,"Taxas de mortalidade 15 a 39 anos (por mil hab.)"
3503802,"Artur Nogueira",1.072353203,2016,"Longevidade",1.19,"Taxas de mortalidade 15 a 39 anos (por mil hab.)"
3503802,"Artur Nogueira",0.882397688,2018,"Longevidade",1.15,"Taxas de mortalidade 15 a 39 anos (por mil hab.)"
3503802,"Artur Nogueira",1.259899208,2020,"Longevidade",1.17,"Taxas de mortalidade 15 a 39 anos (por mil hab.)"
3503802,"Artur Nogueira",1.390758188,2022,"Longevidade",1.39,"Taxas de mortalidade 15 a 39 anos (por mil hab.)"
3503802,"Artur Nogueira",1.395966833,2024,"Longevidade",1.28,"Taxas de mortalidade 15 a 39 anos (por mil hab.)"
3503901,"Arujá",1.500711376,2014,"Longevidade",1.32,"Taxas de mortalidade 15 a 39 anos (por mil hab.)"
3503901,"Arujá",1.271166783,2016,"Longevidade",1.19,"Taxas de mortalidade 15 a 39 anos (por mil hab.)"
3503901,"Arujá",1.351649564,2018,"Longevidade",1.15,"Taxas de mortalidade 15 a 39 anos (por mil hab.)"
3503901,"Arujá",1.201738455,2020,"Longevidade",1.17,"Taxas de mortalidade 15 a 39 anos (por mil hab.)"
3503901,"Arujá",1.355050029,2022,"Longevidade",1.39,"Taxas de mortalidade 15 a 39 anos (por mil hab.)"
3503901,"Arujá",1.279590531,2024,"Longevidade",1.28,"Taxas de mortalidade 15 a 39 anos (por mil hab.)"
3503950,"Aspásia",0.535045479,2014,"Longevidade",1.32,"Taxas de mortalidade 15 a 39 anos (por mil hab.)"
3503950,"Aspásia",1.096491228,2016,"Longevidade",1.19,"Taxas de mortalidade 15 a 39 anos (por mil hab.)"
3503950,"Aspásia",0.55187638,2018,"Longevidade",1.15,"Taxas de mortalidade 15 a 39 anos (por mil hab.)"
3503950,"Aspásia",0.55463117,2020,"Longevidade",1.17,"Taxas de mortalidade 15 a 39 anos (por mil hab.)"
3503950,"Aspásia",1.692047377,2022,"Longevidade",1.39,"Taxas de mortalidade 15 a 39 anos (por mil hab.)"
3503950,"Aspásia",1.262626263,2024,"Longevidade",1.28,"Taxas de mortalidade 15 a 39 anos (por mil hab.)"
3504008,"Assis",1.247127762,2014,"Longevidade",1.32,"Taxas de mortalidade 15 a 39 anos (por mil hab.)"
3504008,"Assis",0.725045635,2016,"Longevidade",1.19,"Taxas de mortalidade 15 a 39 anos (por mil hab.)"
3504008,"Assis",0.899835459,2018,"Longevidade",1.15,"Taxas de mortalidade 15 a 39 anos (por mil hab.)"
3504008,"Assis",0.943208466,2020,"Longevidade",1.17,"Taxas de mortalidade 15 a 39 anos (por mil hab.)"
3504008,"Assis",1.426820728,2022,"Longevidade",1.39,"Taxas de mortalidade 15 a 39 anos (por mil hab.)"
3504008,"Assis",1.308001393,2024,"Longevidade",1.28,"Taxas de mortalidade 15 a 39 anos (por mil hab.)"
3504107,"Atibaia",1.361491743,2014,"Longevidade",1.32,"Taxas de mortalidade 15 a 39 anos (por mil hab.)"
3504107,"Atibaia",1.19984167,2016,"Longevidade",1.19,"Taxas de mortalidade 15 a 39 anos (por mil hab.)"
3504107,"Atibaia",1.219912439,2018,"Longevidade",1.15,"Taxas de mortalidade 15 a 39 anos (por mil hab.)"
3504107,"Atibaia",1.254627214,2020,"Longevidade",1.17,"Taxas de mortalidade 15 a 39 anos (por mil hab.)"
3504107,"Atibaia",1.398504917,2022,"Longevidade",1.39,"Taxas de mortalidade 15 a 39 anos (por mil hab.)"
3504107,"Atibaia",1.204661204,2024,"Longevidade",1.28,"Taxas de mortalidade 15 a 39 anos (por mil hab.)"
3504206,"Auriflama",1.188777936,2014,"Longevidade",1.32,"Taxas de mortalidade 15 a 39 anos (por mil hab.)"
3504206,"Auriflama",0.906453952,2016,"Longevidade",1.19,"Taxas de mortalidade 15 a 39 anos (por mil hab.)"
3504206,"Auriflama",0.915583227,2018,"Longevidade",1.15,"Taxas de mortalidade 15 a 39 anos (por mil hab.)"
3504206,"Auriflama",0.933184024,2020,"Longevidade",1.17,"Taxas de mortalidade 15 a 39 anos (por mil hab.)"
3504206,"Auriflama",1.082251082,2022,"Longevidade",1.39,"Taxas de mortalidade 15 a 39 anos (por mil hab.)"
3504206,"Auriflama",1.4522663,2024,"Longevidade",1.28,"Taxas de mortalidade 15 a 39 anos (por mil hab.)"
3504305,"Avaí",1.61498708,2014,"Longevidade",1.32,"Taxas de mortalidade 15 a 39 anos (por mil hab.)"
3504305,"Avaí",0.632811264,2016,"Longevidade",1.19,"Taxas de mortalidade 15 a 39 anos (por mil hab.)"
3504305,"Avaí",0.791765637,2018,"Longevidade",1.15,"Taxas de mortalidade 15 a 39 anos (por mil hab.)"
3504305,"Avaí",0.631313131,2020,"Longevidade",1.17,"Taxas de mortalidade 15 a 39 anos (por mil hab.)"
3504305,"Avaí",1.423825344,2022,"Longevidade",1.39,"Taxas de mortalidade 15 a 39 anos (por mil hab.)"
3504305,"Avaí",2.398081535,2024,"Longevidade",1.28,"Taxas de mortalidade 15 a 39 anos (por mil hab.)"
3504404,"Avanhandava",1.615107467,2014,"Longevidade",1.32,"Taxas de mortalidade 15 a 39 anos (por mil hab.)"
3504404,"Avanhandava",1.044932079,2016,"Longevidade",1.19,"Taxas de mortalidade 15 a 39 anos (por mil hab.)"
3504404,"Avanhandava",1.107215353,2018,"Longevidade",1.15,"Taxas de mortalidade 15 a 39 anos (por mil hab.)"
3504404,"Avanhandava",1.109877913,2020,"Longevidade",1.17,"Taxas de mortalidade 15 a 39 anos (por mil hab.)"
3504404,"Avanhandava",1.857010214,2022,"Longevidade",1.39,"Taxas de mortalidade 15 a 39 anos (por mil hab.)"
3504404,"Avanhandava",1.357918811,2024,"Longevidade",1.28,"Taxas de mortalidade 15 a 39 anos (por mil hab.)"
3504503,"Avaré",1.214033075,2014,"Longevidade",1.32,"Taxas de mortalidade 15 a 39 anos (por mil hab.)"
3504503,"Avaré",1.225877508,2016,"Longevidade",1.19,"Taxas de mortalidade 15 a 39 anos (por mil hab.)"
3504503,"Avaré",1.146700586,2018,"Longevidade",1.15,"Taxas de mortalidade 15 a 39 anos (por mil hab.)"
3504503,"Avaré",1.151477893,2020,"Longevidade",1.17,"Taxas de mortalidade 15 a 39 anos (por mil hab.)"
3504503,"Avaré",1.614852682,2022,"Longevidade",1.39,"Taxas de mortalidade 15 a 39 anos (por mil hab.)"
3504503,"Avaré",1.315295002,2024,"Longevidade",1.28,"Taxas de mortalidade 15 a 39 anos (por mil hab.)"
3504602,"Bady Bassitt",1.43152537,2014,"Longevidade",1.32,"Taxas de mortalidade 15 a 39 anos (por mil hab.)"
3504602,"Bady Bassitt",0.883346324,2016,"Longevidade",1.19,"Taxas de mortalidade 15 a 39 anos (por mil hab.)"
3504602,"Bady Bassitt",1.09460516,2018,"Longevidade",1.15,"Taxas de mortalidade 15 a 39 anos (por mil hab.)"
3504602,"Bady Bassitt",1.309654775,2020,"Longevidade",1.17,"Taxas de mortalidade 15 a 39 anos (por mil hab.)"
3504602,"Bady Bassitt",1.215580572,2022,"Longevidade",1.39,"Taxas de mortalidade 15 a 39 anos (por mil hab.)"
3504602,"Bady Bassitt",0.629949604,2024,"Longevidade",1.28,"Taxas de mortalidade 15 a 39 anos (por mil hab.)"
3504701,"Balbinos",1.046161894,2014,"Longevidade",1.32,"Taxas de mortalidade 15 a 39 anos (por mil hab.)"
3504701,"Balbinos",1.045341696,2016,"Longevidade",1.19,"Taxas de mortalidade 15 a 39 anos (por mil hab.)"
3504701,"Balbinos",1.435094586,2018,"Longevidade",1.15,"Taxas de mortalidade 15 a 39 anos (por mil hab.)"
3504701,"Balbinos",1.304121022,2020,"Longevidade",1.17,"Taxas de mortalidade 15 a 39 anos (por mil hab.)"
3504701,"Balbinos",0.52349169,2022,"Longevidade",1.39,"Taxas de mortalidade 15 a 39 anos (por mil hab.)"
3504701,"Balbinos",0.615289955,2024,"Longevidade",1.28,"Taxas de mortalidade 15 a 39 anos (por mil hab.)"
3504800,"Bálsamo",0.845755365,2014,"Longevidade",1.32,"Taxas de mortalidade 15 a 39 anos (por mil hab.)"
3504800,"Bálsamo",0.532141337,2016,"Longevidade",1.19,"Taxas de mortalidade 15 a 39 anos (por mil hab.)"
3504800,"Bálsamo",0.859383392,2018,"Longevidade",1.15,"Taxas de mortalidade 15 a 39 anos (por mil hab.)"
3504800,"Bálsamo",1.206537238,2020,"Longevidade",1.17,"Taxas de mortalidade 15 a 39 anos (por mil hab.)"
3504800,"Bálsamo",1.683501684,2022,"Longevidade",1.39,"Taxas de mortalidade 15 a 39 anos (por mil hab.)"
3504800,"Bálsamo",0.919681177,2024,"Longevidade",1.28,"Taxas de mortalidade 15 a 39 anos (por mil hab.)"
3504909,"Bananal",1.083062568,2014,"Longevidade",1.32,"Taxas de mortalidade 15 a 39 anos (por mil hab.)"
3504909,"Bananal",1.496632577,2016,"Longevidade",1.19,"Taxas de mortalidade 15 a 39 anos (por mil hab.)"
3504909,"Bananal",1.843935965,2018,"Longevidade",1.15,"Taxas de mortalidade 15 a 39 anos (por mil hab.)"
3504909,"Bananal",1.611125244,2020,"Longevidade",1.17,"Taxas de mortalidade 15 a 39 anos (por mil hab.)"
3504909,"Bananal",1.71688557,2022,"Longevidade",1.39,"Taxas de mortalidade 15 a 39 anos (por mil hab.)"
3504909,"Bananal",1.290066488,2024,"Longevidade",1.28,"Taxas de mortalidade 15 a 39 anos (por mil hab.)"
3505005,"Barão de Antonina",0.846023689,2014,"Longevidade",1.32,"Taxas de mortalidade 15 a 39 anos (por mil hab.)"
3505005,"Barão de Antonina",0.805152979,2016,"Longevidade",1.19,"Taxas de mortalidade 15 a 39 anos (por mil hab.)"
3505005,"Barão de Antonina",0.798722045,2018,"Longevidade",1.15,"Taxas de mortalidade 15 a 39 anos (por mil hab.)"
3505005,"Barão de Antonina",1.048218029,2020,"Longevidade",1.17,"Taxas de mortalidade 15 a 39 anos (por mil hab.)"
3505005,"Barão de Antonina",1.545595054,2022,"Longevidade",1.39,"Taxas de mortalidade 15 a 39 anos (por mil hab.)"
3505005,"Barão de Antonina",1.972386588,2024,"Longevidade",1.28,"Taxas de mortalidade 15 a 39 anos (por mil hab.)"
3505104,"Barbosa",1.84501845,2014,"Longevidade",1.32,"Taxas de mortalidade 15 a 39 anos (por mil hab.)"
3505104,"Barbosa",0.706464147,2016,"Longevidade",1.19,"Taxas de mortalidade 15 a 39 anos (por mil hab.)"
3505104,"Barbosa",0.702247191,2018,"Longevidade",1.15,"Taxas de mortalidade 15 a 39 anos (por mil hab.)"
3505104,"Barbosa",0.694685655,2020,"Longevidade",1.17,"Taxas de mortalidade 15 a 39 anos (por mil hab.)"
3505104,"Barbosa",1.496833621,2022,"Longevidade",1.39,"Taxas de mortalidade 15 a 39 anos (por mil hab.)"
3505104,"Barbosa",1.733402669,2024,"Longevidade",1.28,"Taxas de mortalidade 15 a 39 anos (por mil hab.)"
3505203,"Bariri",1.44129979,2014,"Longevidade",1.32,"Taxas de mortalidade 15 a 39 anos (por mil hab.)"
3505203,"Bariri",0.812946168,2016,"Longevidade",1.19,"Taxas de mortalidade 15 a 39 anos (por mil hab.)"
3505203,"Bariri",0.860999266,2018,"Longevidade",1.15,"Taxas de mortalidade 15 a 39 anos (por mil hab.)"
3505203,"Bariri",1.031991744,2020,"Longevidade",1.17,"Taxas de mortalidade 15 a 39 anos (por mil hab.)"
3505203,"Bariri",1.313529352,2022,"Longevidade",1.39,"Taxas de mortalidade 15 a 39 anos (por mil hab.)"
3505203,"Bariri",1.315950545,2024,"Longevidade",1.28,"Taxas de mortalidade 15 a 39 anos (por mil hab.)"
3505302,"Barra Bonita",1.42151548,2014,"Longevidade",1.32,"Taxas de mortalidade 15 a 39 anos (por mil hab.)"
3505302,"Barra Bonita",1.356545331,2016,"Longevidade",1.19,"Taxas de mortalidade 15 a 39 anos (por mil hab.)"
3505302,"Barra Bonita",1.330365595,2018,"Longevidade",1.15,"Taxas de mortalidade 15 a 39 anos (por mil hab.)"
3505302,"Barra Bonita",1.248538944,2020,"Longevidade",1.17,"Taxas de mortalidade 15 a 39 anos (por mil hab.)"
3505302,"Barra Bonita",1.491918773,2022,"Longevidade",1.39,"Taxas de mortalidade 15 a 39 anos (por mil hab.)"
3505302,"Barra Bonita",1.124688431,2024,"Longevidade",1.28,"Taxas de mortalidade 15 a 39 anos (por mil hab.)"
3505351,"Barra do Chapéu",1.555451859,2014,"Longevidade",1.32,"Taxas de mortalidade 15 a 39 anos (por mil hab.)"
3505351,"Barra do Chapéu",1.062054316,2016,"Longevidade",1.19,"Taxas de mortalidade 15 a 39 anos (por mil hab.)"
3505351,"Barra do Chapéu",1.366120219,2018,"Longevidade",1.15,"Taxas de mortalidade 15 a 39 anos (por mil hab.)"
3505351,"Barra do Chapéu",1.509661836,2020,"Longevidade",1.17,"Taxas de mortalidade 15 a 39 anos (por mil hab.)"
3505351,"Barra do Chapéu",1.513775356,2022,"Longevidade",1.39,"Taxas de mortalidade 15 a 39 anos (por mil hab.)"
3505351,"Barra do Chapéu",1.416932341,2024,"Longevidade",1.28,"Taxas de mortalidade 15 a 39 anos (por mil hab.)"
3505401,"Barra do Turvo",2.331002331,2014,"Longevidade",1.32,"Taxas de mortalidade 15 a 39 anos (por mil hab.)"
3505401,"Barra do Turvo",1.709401709,2016,"Longevidade",1.19,"Taxas de mortalidade 15 a 39 anos (por mil hab.)"
3505401,"Barra do Turvo",1.938647508,2018,"Longevidade",1.15,"Taxas de mortalidade 15 a 39 anos (por mil hab.)"
3505401,"Barra do Turvo",1.93269668,2020,"Longevidade",1.17,"Taxas de mortalidade 15 a 39 anos (por mil hab.)"
3505401,"Barra do Turvo",1.811594203,2022,"Longevidade",1.39,"Taxas de mortalidade 15 a 39 anos (por mil hab.)"
3505401,"Barra do Turvo",3.526525606,2024,"Longevidade",1.28,"Taxas de mortalidade 15 a 39 anos (por mil hab.)"
3505500,"Barretos",1.548387097,2014,"Longevidade",1.32,"Taxas de mortalidade 15 a 39 anos (por mil hab.)"
3505500,"Barretos",1.491969902,2016,"Longevidade",1.19,"Taxas de mortalidade 15 a 39 anos (por mil hab.)"
3505500,"Barretos",1.508524245,2018,"Longevidade",1.15,"Taxas de mortalidade 15 a 39 anos (por mil hab.)"
3505500,"Barretos",1.264453508,2020,"Longevidade",1.17,"Taxas de mortalidade 15 a 39 anos (por mil hab.)"
3505500,"Barretos",1.577557019,2022,"Longevidade",1.39,"Taxas de mortalidade 15 a 39 anos (por mil hab.)"
3505500,"Barretos",1.221028493,2024,"Longevidade",1.28,"Taxas de mortalidade 15 a 39 anos (por mil hab.)"
3505609,"Barrinha",1.224859754,2014,"Longevidade",1.32,"Taxas de mortalidade 15 a 39 anos (por mil hab.)"
3505609,"Barrinha",1.201634223,2016,"Longevidade",1.19,"Taxas de mortalidade 15 a 39 anos (por mil hab.)"
3505609,"Barrinha",1.32198827,2018,"Longevidade",1.15,"Taxas de mortalidade 15 a 39 anos (por mil hab.)"
3505609,"Barrinha",1.249609497,2020,"Longevidade",1.17,"Taxas de mortalidade 15 a 39 anos (por mil hab.)"
3505609,"Barrinha",1.282982329,2022,"Longevidade",1.39,"Taxas de mortalidade 15 a 39 anos (por mil hab.)"
3505609,"Barrinha",1.423284942,2024,"Longevidade",1.28,"Taxas de mortalidade 15 a 39 anos (por mil hab.)"
3505708,"Barueri",1.739486653,2014,"Longevidade",1.32,"Taxas de mortalidade 15 a 39 anos (por mil hab.)"
3505708,"Barueri",1.77769519,2016,"Longevidade",1.19,"Taxas de mortalidade 15 a 39 anos (por mil hab.)"
3505708,"Barueri",1.666619764,2018,"Longevidade",1.15,"Taxas de mortalidade 15 a 39 anos (por mil hab.)"
3505708,"Barueri",1.596041816,2020,"Longevidade",1.17,"Taxas de mortalidade 15 a 39 anos (por mil hab.)"
3505708,"Barueri",2.000725753,2022,"Longevidade",1.39,"Taxas de mortalidade 15 a 39 anos (por mil hab.)"
3505708,"Barueri",1.51486108,2024,"Longevidade",1.28,"Taxas de mortalidade 15 a 39 anos (por mil hab.)"
3505807,"Bastos",1.695921309,2014,"Longevidade",1.32,"Taxas de mortalidade 15 a 39 anos (por mil hab.)"
3505807,"Bastos",1.263781758,2016,"Longevidade",1.19,"Taxas de mortalidade 15 a 39 anos (por mil hab.)"
3505807,"Bastos",1.143359719,2018,"Longevidade",1.15,"Taxas de mortalidade 15 a 39 anos (por mil hab.)"
3505807,"Bastos",0.985133441,2020,"Longevidade",1.17,"Taxas de mortalidade 15 a 39 anos (por mil hab.)"
3505807,"Bastos",1.92254875,2022,"Longevidade",1.39,"Taxas de mortalidade 15 a 39 anos (por mil hab.)"
3505807,"Bastos",1.227998363,2024,"Longevidade",1.28,"Taxas de mortalidade 15 a 39 anos (por mil hab.)"
3505906,"Batatais",1.054356344,2014,"Longevidade",1.32,"Taxas de mortalidade 15 a 39 anos (por mil hab.)"
3505906,"Batatais",0.985152347,2016,"Longevidade",1.19,"Taxas de mortalidade 15 a 39 anos (por mil hab.)"
3505906,"Batatais",1.016992245,2018,"Longevidade",1.15,"Taxas de mortalidade 15 a 39 anos (por mil hab.)"
3505906,"Batatais",0.911096875,2020,"Longevidade",1.17,"Taxas de mortalidade 15 a 39 anos (por mil hab.)"
3505906,"Batatais",1.242056615,2022,"Longevidade",1.39,"Taxas de mortalidade 15 a 39 anos (por mil hab.)"
3505906,"Batatais",1.054031264,2024,"Longevidade",1.28,"Taxas de mortalidade 15 a 39 anos (por mil hab.)"
3506003,"Bauru",1.223569619,2014,"Longevidade",1.32,"Taxas de mortalidade 15 a 39 anos (por mil hab.)"
3506003,"Bauru",1.169149362,2016,"Longevidade",1.19,"Taxas de mortalidade 15 a 39 anos (por mil hab.)"
3506003,"Bauru",1.067098196,2018,"Longevidade",1.15,"Taxas de mortalidade 15 a 39 anos (por mil hab.)"
3506003,"Bauru",1.085032265,2020,"Longevidade",1.17,"Taxas de mortalidade 15 a 39 anos (por mil hab.)"
3506003,"Bauru",1.247948412,2022,"Longevidade",1.39,"Taxas de mortalidade 15 a 39 anos (por mil hab.)"
3506003,"Bauru",1.135079171,2024,"Longevidade",1.28,"Taxas de mortalidade 15 a 39 anos (por mil hab.)"
3506102,"Bebedouro",1.415215235,2014,"Longevidade",1.32,"Taxas de mortalidade 15 a 39 anos (por mil hab.)"
3506102,"Bebedouro",1.213995304,2016,"Longevidade",1.19,"Taxas de mortalidade 15 a 39 anos (por mil hab.)"
3506102,"Bebedouro",1.172891119,2018,"Longevidade",1.15,"Taxas de mortalidade 15 a 39 anos (por mil hab.)"
3506102,"Bebedouro",1.230276753,2020,"Longevidade",1.17,"Taxas de mortalidade 15 a 39 anos (por mil hab.)"
3506102,"Bebedouro",1.679136726,2022,"Longevidade",1.39,"Taxas de mortalidade 15 a 39 anos (por mil hab.)"
3506102,"Bebedouro",1.412375463,2024,"Longevidade",1.28,"Taxas de mortalidade 15 a 39 anos (por mil hab.)"
3506201,"Bento de Abreu",0.860585198,2016,"Longevidade",1.19,"Taxas de mortalidade 15 a 39 anos (por mil hab.)"
3506201,"Bento de Abreu",0.861326443,2018,"Longevidade",1.15,"Taxas de mortalidade 15 a 39 anos (por mil hab.)"
3506201,"Bento de Abreu",0.86281277,2020,"Longevidade",1.17,"Taxas de mortalidade 15 a 39 anos (por mil hab.)"
3506201,"Bento de Abreu",0.581733566,2022,"Longevidade",1.39,"Taxas de mortalidade 15 a 39 anos (por mil hab.)"
3506201,"Bento de Abreu",2.272727273,2024,"Longevidade",1.28,"Taxas de mortalidade 15 a 39 anos (por mil hab.)"
3506300,"Bernardino de Campos",1.664170411,2014,"Longevidade",1.32,"Taxas de mortalidade 15 a 39 anos (por mil hab.)"
3506300,"Bernardino de Campos",1.340707223,2016,"Longevidade",1.19,"Taxas de mortalidade 15 a 39 anos (por mil hab.)"
3506300,"Bernardino de Campos",1.267748479,2018,"Longevidade",1.15,"Taxas de mortalidade 15 a 39 anos (por mil hab.)"
3506300,"Bernardino de Campos",1.200274348,2020,"Longevidade",1.17,"Taxas de mortalidade 15 a 39 anos (por mil hab.)"
3506300,"Bernardino de Campos",1.304461258,2022,"Longevidade",1.39,"Taxas de mortalidade 15 a 39 anos (por mil hab.)"
3506300,"Bernardino de Campos",1.741632591,2024,"Longevidade",1.28,"Taxas de mortalidade 15 a 39 anos (por mil hab.)"
3506359,"Bertioga",1.427239893,2014,"Longevidade",1.32,"Taxas de mortalidade 15 a 39 anos (por mil hab.)"
3506359,"Bertioga",1.639586609,2016,"Longevidade",1.19,"Taxas de mortalidade 15 a 39 anos (por mil hab.)"
3506359,"Bertioga",1.544248664,2018,"Longevidade",1.15,"Taxas de mortalidade 15 a 39 anos (por mil hab.)"
3506359,"Bertioga",1.426024955,2020,"Longevidade",1.17,"Taxas de mortalidade 15 a 39 anos (por mil hab.)"
3506359,"Bertioga",1.760585209,2022,"Longevidade",1.39,"Taxas de mortalidade 15 a 39 anos (por mil hab.)"
3506359,"Bertioga",1.735902469,2024,"Longevidade",1.28,"Taxas de mortalidade 15 a 39 anos (por mil hab.)"
3506409,"Bilac",0.917957544,2014,"Longevidade",1.32,"Taxas de mortalidade 15 a 39 anos (por mil hab.)"
3506409,"Bilac",1.0063737,2016,"Longevidade",1.19,"Taxas de mortalidade 15 a 39 anos (por mil hab.)"
3506409,"Bilac",0.55797344,2018,"Longevidade",1.15,"Taxas de mortalidade 15 a 39 anos (por mil hab.)"
3506409,"Bilac",0.889185284,2020,"Longevidade",1.17,"Taxas de mortalidade 15 a 39 anos (por mil hab.)"
3506409,"Bilac",1.462481719,2022,"Longevidade",1.39,"Taxas de mortalidade 15 a 39 anos (por mil hab.)"
3506409,"Bilac",1.737619461,2024,"Longevidade",1.28,"Taxas de mortalidade 15 a 39 anos (por mil hab.)"
3506508,"Birigui",0.862794159,2014,"Longevidade",1.32,"Taxas de mortalidade 15 a 39 anos (por mil hab.)"
3506508,"Birigui",1.000979682,2016,"Longevidade",1.19,"Taxas de mortalidade 15 a 39 anos (por mil hab.)"
3506508,"Birigui",0.881721348,2018,"Longevidade",1.15,"Taxas de mortalidade 15 a 39 anos (por mil hab.)"
3506508,"Birigui",0.906204288,2020,"Longevidade",1.17,"Taxas de mortalidade 15 a 39 anos (por mil hab.)"
3506508,"Birigui",1.317836156,2022,"Longevidade",1.39,"Taxas de mortalidade 15 a 39 anos (por mil hab.)"
3506508,"Birigui",1.269934305,2024,"Longevidade",1.28,"Taxas de mortalidade 15 a 39 anos (por mil hab.)"
3506607,"Biritiba Mirim",1.323823418,2014,"Longevidade",1.32,"Taxas de mortalidade 15 a 39 anos (por mil hab.)"
3506607,"Biritiba Mirim",0.983284169,2016,"Longevidade",1.19,"Taxas de mortalidade 15 a 39 anos (por mil hab.)"
3506607,"Biritiba Mirim",0.999384994,2018,"Longevidade",1.15,"Taxas de mortalidade 15 a 39 anos (por mil hab.)"
3506607,"Biritiba Mirim",1.231032057,2020,"Longevidade",1.17,"Taxas de mortalidade 15 a 39 anos (por mil hab.)"
3506607,"Biritiba Mirim",1.540793757,2022,"Longevidade",1.39,"Taxas de mortalidade 15 a 39 anos (por mil hab.)"
3506607,"Biritiba Mirim",1.20739296,2024,"Longevidade",1.28,"Taxas de mortalidade 15 a 39 anos (por mil hab.)"
3506706,"Boa Esperança do Sul",1.248014522,2014,"Longevidade",1.32,"Taxas de mortalidade 15 a 39 anos (por mil hab.)"
3506706,"Boa Esperança do Sul",0.94950849,2016,"Longevidade",1.19,"Taxas de mortalidade 15 a 39 anos (por mil hab.)"
3506706,"Boa Esperança do Sul",0.616764788,2018,"Longevidade",1.15,"Taxas de mortalidade 15 a 39 anos (por mil hab.)"
3506706,"Boa Esperança do Sul",0.958664637,2020,"Longevidade",1.17,"Taxas de mortalidade 15 a 39 anos (por mil hab.)"
3506706,"Boa Esperança do Sul",1.368457065,2022,"Longevidade",1.39,"Taxas de mortalidade 15 a 39 anos (por mil hab.)"
3506706,"Boa Esperança do Sul",1.587989028,2024,"Longevidade",1.28,"Taxas de mortalidade 15 a 39 anos (por mil hab.)"
3506805,"Bocaina",1.342376713,2014,"Longevidade",1.32,"Taxas de mortalidade 15 a 39 anos (por mil hab.)"
3506805,"Bocaina",0.822368421,2016,"Longevidade",1.19,"Taxas de mortalidade 15 a 39 anos (por mil hab.)"
3506805,"Bocaina",0.889253711,2018,"Longevidade",1.15,"Taxas de mortalidade 15 a 39 anos (por mil hab.)"
3506805,"Bocaina",0.952769838,2020,"Longevidade",1.17,"Taxas de mortalidade 15 a 39 anos (por mil hab.)"
3506805,"Bocaina",1.024800164,2022,"Longevidade",1.39,"Taxas de mortalidade 15 a 39 anos (por mil hab.)"
3506805,"Bocaina",1.007049345,2024,"Longevidade",1.28,"Taxas de mortalidade 15 a 39 anos (por mil hab.)"
3506904,"Bofete",1.118568233,2014,"Longevidade",1.32,"Taxas de mortalidade 15 a 39 anos (por mil hab.)"
3506904,"Bofete",0.722021661,2016,"Longevidade",1.19,"Taxas de mortalidade 15 a 39 anos (por mil hab.)"
3506904,"Bofete",1.107156979,2018,"Longevidade",1.15,"Taxas de mortalidade 15 a 39 anos (por mil hab.)"
3506904,"Bofete",0.767165324,2020,"Longevidade",1.17,"Taxas de mortalidade 15 a 39 anos (por mil hab.)"
3506904,"Bofete",0.827129859,2022,"Longevidade",1.39,"Taxas de mortalidade 15 a 39 anos (por mil hab.)"
3506904,"Bofete",1.008267796,2024,"Longevidade",1.28,"Taxas de mortalidade 15 a 39 anos (por mil hab.)"
3507001,"Boituva",1.16339003,2014,"Longevidade",1.32,"Taxas de mortalidade 15 a 39 anos (por mil hab.)"
3507001,"Boituva",0.990631457,2016,"Longevidade",1.19,"Taxas de mortalidade 15 a 39 anos (por mil hab.)"
3507001,"Boituva",0.789588709,2018,"Longevidade",1.15,"Taxas de mortalidade 15 a 39 anos (por mil hab.)"
3507001,"Boituva",0.993187573,2020,"Longevidade",1.17,"Taxas de mortalidade 15 a 39 anos (por mil hab.)"
3507001,"Boituva",1.399619304,2022,"Longevidade",1.39,"Taxas de mortalidade 15 a 39 anos (por mil hab.)"
3507001,"Boituva",1.176983435,2024,"Longevidade",1.28,"Taxas de mortalidade 15 a 39 anos (por mil hab.)"
3507100,"Bom Jesus dos Perdões",1.099626127,2014,"Longevidade",1.32,"Taxas de mortalidade 15 a 39 anos (por mil hab.)"
3507100,"Bom Jesus dos Perdões",0.78810307,2016,"Longevidade",1.19,"Taxas de mortalidade 15 a 39 anos (por mil hab.)"
3507100,"Bom Jesus dos Perdões",0.641415164,2018,"Longevidade",1.15,"Taxas de mortalidade 15 a 39 anos (por mil hab.)"
3507100,"Bom Jesus dos Perdões",0.949667616,2020,"Longevidade",1.17,"Taxas de mortalidade 15 a 39 anos (por mil hab.)"
3507100,"Bom Jesus dos Perdões",1.258592313,2022,"Longevidade",1.39,"Taxas de mortalidade 15 a 39 anos (por mil hab.)"
3507100,"Bom Jesus dos Perdões",1.475808703,2024,"Longevidade",1.28,"Taxas de mortalidade 15 a 39 anos (por mil hab.)"
3507159,"Bom Sucesso de Itararé",2.564102564,2014,"Longevidade",1.32,"Taxas de mortalidade 15 a 39 anos (por mil hab.)"
3507159,"Bom Sucesso de Itararé",1.673990375,2016,"Longevidade",1.19,"Taxas de mortalidade 15 a 39 anos (por mil hab.)"
3507159,"Bom Sucesso de Itararé",1.671891327,2018,"Longevidade",1.15,"Taxas de mortalidade 15 a 39 anos (por mil hab.)"
3507159,"Bom Sucesso de Itararé",1.040366209,2020,"Longevidade",1.17,"Taxas de mortalidade 15 a 39 anos (por mil hab.)"
3507159,"Bom Sucesso de Itararé",0.830220008,2022,"Longevidade",1.39,"Taxas de mortalidade 15 a 39 anos (por mil hab.)"
3507159,"Bom Sucesso de Itararé",1.207729469,2024,"Longevidade",1.28,"Taxas de mortalidade 15 a 39 anos (por mil hab.)"
3507209,"Borá",0.938967136,2014,"Longevidade",1.32,"Taxas de mortalidade 15 a 39 anos (por mil hab.)"
3507209,"Borá",0.963391137,2016,"Longevidade",1.19,"Taxas de mortalidade 15 a 39 anos (por mil hab.)"
3507209,"Borá",0.971817298,2018,"Longevidade",1.15,"Taxas de mortalidade 15 a 39 anos (por mil hab.)"
3507209,"Borá",3.184713376,2022,"Longevidade",1.39,"Taxas de mortalidade 15 a 39 anos (por mil hab.)"
3507209,"Borá",2.424242424,2024,"Longevidade",1.28,"Taxas de mortalidade 15 a 39 anos (por mil hab.)"
3507308,"Boracéia",1.999272992,2014,"Longevidade",1.32,"Taxas de mortalidade 15 a 39 anos (por mil hab.)"
3507308,"Boracéia",0.353294471,2016,"Longevidade",1.19,"Taxas de mortalidade 15 a 39 anos (por mil hab.)"
3507308,"Boracéia",0.352360817,2018,"Longevidade",1.15,"Taxas de mortalidade 15 a 39 anos (por mil hab.)"
3507308,"Boracéia",0.349222979,2020,"Longevidade",1.17,"Taxas de mortalidade 15 a 39 anos (por mil hab.)"
3507308,"Boracéia",1.047668937,2022,"Longevidade",1.39,"Taxas de mortalidade 15 a 39 anos (por mil hab.)"
3507308,"Boracéia",1.305726544,2024,"Longevidade",1.28,"Taxas de mortalidade 15 a 39 anos (por mil hab.)"
3507407,"Borborema",2.051632758,2014,"Longevidade",1.32,"Taxas de mortalidade 15 a 39 anos (por mil hab.)"
3507407,"Borborema",0.84846428,2016,"Longevidade",1.19,"Taxas de mortalidade 15 a 39 anos (por mil hab.)"
3507407,"Borborema",0.907646925,2018,"Longevidade",1.15,"Taxas de mortalidade 15 a 39 anos (por mil hab.)"
3507407,"Borborema",1.539250898,2020,"Longevidade",1.17,"Taxas de mortalidade 15 a 39 anos (por mil hab.)"
3507407,"Borborema",1.563314226,2022,"Longevidade",1.39,"Taxas de mortalidade 15 a 39 anos (por mil hab.)"
3507407,"Borborema",1.256745768,2024,"Longevidade",1.28,"Taxas de mortalidade 15 a 39 anos (por mil hab.)"
3507456,"Borebi",0.340136054,2014,"Longevidade",1.32,"Taxas de mortalidade 15 a 39 anos (por mil hab.)"
3507456,"Borebi",1.300813008,2016,"Longevidade",1.19,"Taxas de mortalidade 15 a 39 anos (por mil hab.)"
3507456,"Borebi",1.285760206,2018,"Longevidade",1.15,"Taxas de mortalidade 15 a 39 anos (por mil hab.)"
3507456,"Borebi",0.635525898,2020,"Longevidade",1.17,"Taxas de mortalidade 15 a 39 anos (por mil hab.)"
3507456,"Borebi",1.895734597,2022,"Longevidade",1.39,"Taxas de mortalidade 15 a 39 anos (por mil hab.)"
3507456,"Borebi",0.99009901,2024,"Longevidade",1.28,"Taxas de mortalidade 15 a 39 anos (por mil hab.)"
3507506,"Botucatu",0.996696137,2014,"Longevidade",1.32,"Taxas de mortalidade 15 a 39 anos (por mil hab.)"
3507506,"Botucatu",1.017104202,2016,"Longevidade",1.19,"Taxas de mortalidade 15 a 39 anos (por mil hab.)"
3507506,"Botucatu",0.97605061,2018,"Longevidade",1.15,"Taxas de mortalidade 15 a 39 anos (por mil hab.)"
3507506,"Botucatu",0.875588003,2020,"Longevidade",1.17,"Taxas de mortalidade 15 a 39 anos (por mil hab.)"
3507506,"Botucatu",0.98774465,2022,"Longevidade",1.39,"Taxas de mortalidade 15 a 39 anos (por mil hab.)"
3507506,"Botucatu",0.872227893,2024,"Longevidade",1.28,"Taxas de mortalidade 15 a 39 anos (por mil hab.)"
3507605,"Bragança Paulista",1.232556196,2014,"Longevidade",1.32,"Taxas de mortalidade 15 a 39 anos (por mil hab.)"
3507605,"Bragança Paulista",1.016120055,2016,"Longevidade",1.19,"Taxas de mortalidade 15 a 39 anos (por mil hab.)"
3507605,"Bragança Paulista",1.16154716,2018,"Longevidade",1.15,"Taxas de mortalidade 15 a 39 anos (por mil hab.)"
3507605,"Bragança Paulista",1.099940377,2020,"Longevidade",1.17,"Taxas de mortalidade 15 a 39 anos (por mil hab.)"
3507605,"Bragança Paulista",1.158255034,2022,"Longevidade",1.39,"Taxas de mortalidade 15 a 39 anos (por mil hab.)"
3507605,"Bragança Paulista",1.106239597,2024,"Longevidade",1.28,"Taxas de mortalidade 15 a 39 anos (por mil hab.)"
3507704,"Braúna",1.266223488,2014,"Longevidade",1.32,"Taxas de mortalidade 15 a 39 anos (por mil hab.)"
3507704,"Braúna",0.764175455,2016,"Longevidade",1.19,"Taxas de mortalidade 15 a 39 anos (por mil hab.)"
3507704,"Braúna",0.456829603,2018,"Longevidade",1.15,"Taxas de mortalidade 15 a 39 anos (por mil hab.)"
3507704,"Braúna",0.905797101,2020,"Longevidade",1.17,"Taxas de mortalidade 15 a 39 anos (por mil hab.)"
3507704,"Braúna",1.513088213,2022,"Longevidade",1.39,"Taxas de mortalidade 15 a 39 anos (por mil hab.)"
3507704,"Braúna",1.498127341,2024,"Longevidade",1.28,"Taxas de mortalidade 15 a 39 anos (por mil hab.)"
3507753,"Brejo Alegre",1.498800959,2014,"Longevidade",1.32,"Taxas de mortalidade 15 a 39 anos (por mil hab.)"
3507753,"Brejo Alegre",2.664298401,2016,"Longevidade",1.19,"Taxas de mortalidade 15 a 39 anos (por mil hab.)"
3507753,"Brejo Alegre",1.484119917,2018,"Longevidade",1.15,"Taxas de mortalidade 15 a 39 anos (por mil hab.)"
3507753,"Brejo Alegre",1.508295626,2020,"Longevidade",1.17,"Taxas de mortalidade 15 a 39 anos (por mil hab.)"
3507753,"Brejo Alegre",2.150537634,2022,"Longevidade",1.39,"Taxas de mortalidade 15 a 39 anos (por mil hab.)"
3507753,"Brejo Alegre",2.120441052,2024,"Longevidade",1.28,"Taxas de mortalidade 15 a 39 anos (por mil hab.)"
3507803,"Brodowski",1.164864766,2014,"Longevidade",1.32,"Taxas de mortalidade 15 a 39 anos (por mil hab.)"
3507803,"Brodowski",0.868236438,2016,"Longevidade",1.19,"Taxas de mortalidade 15 a 39 anos (por mil hab.)"
3507803,"Brodowski",0.620732464,2018,"Longevidade",1.15,"Taxas de mortalidade 15 a 39 anos (por mil hab.)"
3507803,"Brodowski",0.816493162,2020,"Longevidade",1.17,"Taxas de mortalidade 15 a 39 anos (por mil hab.)"
3507803,"Brodowski",1.699119856,2022,"Longevidade",1.39,"Taxas de mortalidade 15 a 39 anos (por mil hab.)"
3507803,"Brodowski",1.319637635,2024,"Longevidade",1.28,"Taxas de mortalidade 15 a 39 anos (por mil hab.)"
3507902,"Brotas",1.231214919,2014,"Longevidade",1.32,"Taxas de mortalidade 15 a 39 anos (por mil hab.)"
3507902,"Brotas",1.02357758,2016,"Longevidade",1.19,"Taxas de mortalidade 15 a 39 anos (por mil hab.)"
3507902,"Brotas",1.059546514,2018,"Longevidade",1.15,"Taxas de mortalidade 15 a 39 anos (por mil hab.)"
3507902,"Brotas",1.023469208,2020,"Longevidade",1.17,"Taxas de mortalidade 15 a 39 anos (por mil hab.)"
3507902,"Brotas",0.851154378,2022,"Longevidade",1.39,"Taxas de mortalidade 15 a 39 anos (por mil hab.)"
3507902,"Brotas",1.153264933,2024,"Longevidade",1.28,"Taxas de mortalidade 15 a 39 anos (por mil hab.)"
3508009,"Buri",1.843075303,2014,"Longevidade",1.32,"Taxas de mortalidade 15 a 39 anos (por mil hab.)"
3508009,"Buri",1.692708333,2016,"Longevidade",1.19,"Taxas de mortalidade 15 a 39 anos (por mil hab.)"
3508009,"Buri",1.602564103,2018,"Longevidade",1.15,"Taxas de mortalidade 15 a 39 anos (por mil hab.)"
3508009,"Buri",1.121898598,2020,"Longevidade",1.17,"Taxas de mortalidade 15 a 39 anos (por mil hab.)"
3508009,"Buri",2.066115702,2022,"Longevidade",1.39,"Taxas de mortalidade 15 a 39 anos (por mil hab.)"
3508009,"Buri",1.886387996,2024,"Longevidade",1.28,"Taxas de mortalidade 15 a 39 anos (por mil hab.)"
3508108,"Buritama",1.770766259,2014,"Longevidade",1.32,"Taxas de mortalidade 15 a 39 anos (por mil hab.)"
3508108,"Buritama",1.011391462,2016,"Longevidade",1.19,"Taxas de mortalidade 15 a 39 anos (por mil hab.)"
3508108,"Buritama",1.281229981,2018,"Longevidade",1.15,"Taxas de mortalidade 15 a 39 anos (por mil hab.)"
3508108,"Buritama",1.766217084,2020,"Longevidade",1.17,"Taxas de mortalidade 15 a 39 anos (por mil hab.)"
3508108,"Buritama",1.401239558,2022,"Longevidade",1.39,"Taxas de mortalidade 15 a 39 anos (por mil hab.)"
3508108,"Buritama",1.367648887,2024,"Longevidade",1.28,"Taxas de mortalidade 15 a 39 anos (por mil hab.)"
3508207,"Buritizal",1.818181818,2014,"Longevidade",1.32,"Taxas de mortalidade 15 a 39 anos (por mil hab.)"
3508207,"Buritizal",1.015640869,2016,"Longevidade",1.19,"Taxas de mortalidade 15 a 39 anos (por mil hab.)"
3508207,"Buritizal",1.432371598,2018,"Longevidade",1.15,"Taxas de mortalidade 15 a 39 anos (por mil hab.)"
3508207,"Buritizal",1.243781095,2020,"Longevidade",1.17,"Taxas de mortalidade 15 a 39 anos (por mil hab.)"
3508207,"Buritizal",1.057529611,2022,"Longevidade",1.39,"Taxas de mortalidade 15 a 39 anos (por mil hab.)"
3508207,"Buritizal",2.086230876,2024,"Longevidade",1.28,"Taxas de mortalidade 15 a 39 anos (por mil hab.)"
3508306,"Cabrália Paulista",2.455146364,2014,"Longevidade",1.32,"Taxas de mortalidade 15 a 39 anos (por mil hab.)"
3508306,"Cabrália Paulista",0.766724171,2016,"Longevidade",1.19,"Taxas de mortalidade 15 a 39 anos (por mil hab.)"
3508306,"Cabrália Paulista",0.771158666,2018,"Longevidade",1.15,"Taxas de mortalidade 15 a 39 anos (por mil hab.)"
3508306,"Cabrália Paulista",1.751313485,2020,"Longevidade",1.17,"Taxas de mortalidade 15 a 39 anos (por mil hab.)"
3508306,"Cabrália Paulista",2.37953599,2022,"Longevidade",1.39,"Taxas de mortalidade 15 a 39 anos (por mil hab.)"
3508306,"Cabrália Paulista",1.963350785,2024,"Longevidade",1.28,"Taxas de mortalidade 15 a 39 anos (por mil hab.)"
3508405,"Cabreúva",1.172751377,2014,"Longevidade",1.32,"Taxas de mortalidade 15 a 39 anos (por mil hab.)"
3508405,"Cabreúva",0.860487393,2016,"Longevidade",1.19,"Taxas de mortalidade 15 a 39 anos (por mil hab.)"
3508405,"Cabreúva",0.85255606,2018,"Longevidade",1.15,"Taxas de mortalidade 15 a 39 anos (por mil hab.)"
3508405,"Cabreúva",0.994365264,2020,"Longevidade",1.17,"Taxas de mortalidade 15 a 39 anos (por mil hab.)"
3508405,"Cabreúva",1.375537319,2022,"Longevidade",1.39,"Taxas de mortalidade 15 a 39 anos (por mil hab.)"
3508405,"Cabreúva",1.285691327,2024,"Longevidade",1.28,"Taxas de mortalidade 15 a 39 anos (por mil hab.)"
3508504,"Caçapava",1.140758465,2014,"Longevidade",1.32,"Taxas de mortalidade 15 a 39 anos (por mil hab.)"
3508504,"Caçapava",1.495976659,2016,"Longevidade",1.19,"Taxas de mortalidade 15 a 39 anos (por mil hab.)"
3508504,"Caçapava",1.329363965,2018,"Longevidade",1.15,"Taxas de mortalidade 15 a 39 anos (por mil hab.)"
3508504,"Caçapava",1.350105061,2020,"Longevidade",1.17,"Taxas de mortalidade 15 a 39 anos (por mil hab.)"
3508504,"Caçapava",1.492985875,2022,"Longevidade",1.39,"Taxas de mortalidade 15 a 39 anos (por mil hab.)"
3508504,"Caçapava",1.545564816,2024,"Longevidade",1.28,"Taxas de mortalidade 15 a 39 anos (por mil hab.)"
3508603,"Cachoeira Paulista",1.442307692,2014,"Longevidade",1.32,"Taxas de mortalidade 15 a 39 anos (por mil hab.)"
3508603,"Cachoeira Paulista",1.138379266,2016,"Longevidade",1.19,"Taxas de mortalidade 15 a 39 anos (por mil hab.)"
3508603,"Cachoeira Paulista",1.328021248,2018,"Longevidade",1.15,"Taxas de mortalidade 15 a 39 anos (por mil hab.)"
3508603,"Cachoeira Paulista",1.553377256,2020,"Longevidade",1.17,"Taxas de mortalidade 15 a 39 anos (por mil hab.)"
3508603,"Cachoeira Paulista",1.899180639,2022,"Longevidade",1.39,"Taxas de mortalidade 15 a 39 anos (por mil hab.)"
3508603,"Cachoeira Paulista",1.781194338,2024,"Longevidade",1.28,"Taxas de mortalidade 15 a 39 anos (por mil hab.)"
3508702,"Caconde",1.131701797,2014,"Longevidade",1.32,"Taxas de mortalidade 15 a 39 anos (por mil hab.)"
3508702,"Caconde",1.018659999,2016,"Longevidade",1.19,"Taxas de mortalidade 15 a 39 anos (por mil hab.)"
3508702,"Caconde",1.018518519,2018,"Longevidade",1.15,"Taxas de mortalidade 15 a 39 anos (por mil hab.)"
3508702,"Caconde",0.833796554,2020,"Longevidade",1.17,"Taxas de mortalidade 15 a 39 anos (por mil hab.)"
3508702,"Caconde",1.211612843,2022,"Longevidade",1.39,"Taxas de mortalidade 15 a 39 anos (por mil hab.)"
3508702,"Caconde",1.884570082,2024,"Longevidade",1.28,"Taxas de mortalidade 15 a 39 anos (por mil hab.)"
3508801,"Cafelândia",1.203912716,2014,"Longevidade",1.32,"Taxas de mortalidade 15 a 39 anos (por mil hab.)"
3508801,"Cafelândia",1.307189542,2016,"Longevidade",1.19,"Taxas de mortalidade 15 a 39 anos (por mil hab.)"
3508801,"Cafelândia",1.32033313,2018,"Longevidade",1.15,"Taxas de mortalidade 15 a 39 anos (por mil hab.)"
3508801,"Cafelândia",1.391896072,2020,"Longevidade",1.17,"Taxas de mortalidade 15 a 39 anos (por mil hab.)"
3508801,"Cafelândia",1.103578748,2022,"Longevidade",1.39,"Taxas de mortalidade 15 a 39 anos (por mil hab.)"
3508801,"Cafelândia",1.088139282,2024,"Longevidade",1.28,"Taxas de mortalidade 15 a 39 anos (por mil hab.)"
3508900,"Caiabu",1.075962987,2014,"Longevidade",1.32,"Taxas de mortalidade 15 a 39 anos (por mil hab.)"
3508900,"Caiabu",0.654450262,2016,"Longevidade",1.19,"Taxas de mortalidade 15 a 39 anos (por mil hab.)"
3508900,"Caiabu",0.659630607,2018,"Longevidade",1.15,"Taxas de mortalidade 15 a 39 anos (por mil hab.)"
3508900,"Caiabu",0.665778961,2020,"Longevidade",1.17,"Taxas de mortalidade 15 a 39 anos (por mil hab.)"
3508900,"Caiabu",0.903954802,2022,"Longevidade",1.39,"Taxas de mortalidade 15 a 39 anos (por mil hab.)"
3508900,"Caiabu",0.876424189,2024,"Longevidade",1.28,"Taxas de mortalidade 15 a 39 anos (por mil hab.)"
3509007,"Caieiras",1.187356351,2014,"Longevidade",1.32,"Taxas de mortalidade 15 a 39 anos (por mil hab.)"
3509007,"Caieiras",0.924789263,2016,"Longevidade",1.19,"Taxas de mortalidade 15 a 39 anos (por mil hab.)"
3509007,"Caieiras",0.935552627,2018,"Longevidade",1.15,"Taxas de mortalidade 15 a 39 anos (por mil hab.)"
3509007,"Caieiras",1.013097909,2020,"Longevidade",1.17,"Taxas de mortalidade 15 a 39 anos (por mil hab.)"
3509007,"Caieiras",1.191876045,2022,"Longevidade",1.39,"Taxas de mortalidade 15 a 39 anos (por mil hab.)"
3509007,"Caieiras",1.359195809,2024,"Longevidade",1.28,"Taxas de mortalidade 15 a 39 anos (por mil hab.)"
3509106,"Caiuá",1.496259352,2014,"Longevidade",1.32,"Taxas de mortalidade 15 a 39 anos (por mil hab.)"
3509106,"Caiuá",0.942063118,2016,"Longevidade",1.19,"Taxas de mortalidade 15 a 39 anos (por mil hab.)"
3509106,"Caiuá",0.61671292,2018,"Longevidade",1.15,"Taxas de mortalidade 15 a 39 anos (por mil hab.)"
3509106,"Caiuá",1.045868818,2020,"Longevidade",1.17,"Taxas de mortalidade 15 a 39 anos (por mil hab.)"
3509106,"Caiuá",0.734537976,2022,"Longevidade",1.39,"Taxas de mortalidade 15 a 39 anos (por mil hab.)"
3509106,"Caiuá",0.422832981,2024,"Longevidade",1.28,"Taxas de mortalidade 15 a 39 anos (por mil hab.)"
3509205,"Cajamar",1.546221355,2014,"Longevidade",1.32,"Taxas de mortalidade 15 a 39 anos (por mil hab.)"
3509205,"Cajamar",1.301803048,2016,"Longevidade",1.19,"Taxas de mortalidade 15 a 39 anos (por mil hab.)"
3509205,"Cajamar",1.181996963,2018,"Longevidade",1.15,"Taxas de mortalidade 15 a 39 anos (por mil hab.)"
3509205,"Cajamar",1.491018628,2020,"Longevidade",1.17,"Taxas de mortalidade 15 a 39 anos (por mil hab.)"
3509205,"Cajamar",1.984783328,2022,"Longevidade",1.39,"Taxas de mortalidade 15 a 39 anos (por mil hab.)"
3509205,"Cajamar",1.437939069,2024,"Longevidade",1.28,"Taxas de mortalidade 15 a 39 anos (por mil hab.)"
3509254,"Cajati",1.601739031,2014,"Longevidade",1.32,"Taxas de mortalidade 15 a 39 anos (por mil hab.)"
3509254,"Cajati",1.285016705,2016,"Longevidade",1.19,"Taxas de mortalidade 15 a 39 anos (por mil hab.)"
3509254,"Cajati",1.378716071,2018,"Longevidade",1.15,"Taxas de mortalidade 15 a 39 anos (por mil hab.)"
3509254,"Cajati",1.364098099,2020,"Longevidade",1.17,"Taxas de mortalidade 15 a 39 anos (por mil hab.)"
3509254,"Cajati",1.405111092,2022,"Longevidade",1.39,"Taxas de mortalidade 15 a 39 anos (por mil hab.)"
3509254,"Cajati",1.419125947,2024,"Longevidade",1.28,"Taxas de mortalidade 15 a 39 anos (por mil hab.)"
3509304,"Cajobi",0.986679822,2014,"Longevidade",1.32,"Taxas de mortalidade 15 a 39 anos (por mil hab.)"
3509304,"Cajobi",1.070487484,2016,"Longevidade",1.19,"Taxas de mortalidade 15 a 39 anos (por mil hab.)"
3509304,"Cajobi",1.157407407,2018,"Longevidade",1.15,"Taxas de mortalidade 15 a 39 anos (por mil hab.)"
3509304,"Cajobi",0.999000999,2020,"Longevidade",1.17,"Taxas de mortalidade 15 a 39 anos (por mil hab.)"
3509304,"Cajobi",0.84990651,2022,"Longevidade",1.39,"Taxas de mortalidade 15 a 39 anos (por mil hab.)"
3509304,"Cajobi",0.658978583,2024,"Longevidade",1.28,"Taxas de mortalidade 15 a 39 anos (por mil hab.)"
3509403,"Cajuru",1.375746594,2014,"Longevidade",1.32,"Taxas de mortalidade 15 a 39 anos (por mil hab.)"
3509403,"Cajuru",1.08171895,2016,"Longevidade",1.19,"Taxas de mortalidade 15 a 39 anos (por mil hab.)"
3509403,"Cajuru",1.047909094,2018,"Longevidade",1.15,"Taxas de mortalidade 15 a 39 anos (por mil hab.)"
3509403,"Cajuru",1.242073609,2020,"Longevidade",1.17,"Taxas de mortalidade 15 a 39 anos (por mil hab.)"
3509403,"Cajuru",1.050282263,2022,"Longevidade",1.39,"Taxas de mortalidade 15 a 39 anos (por mil hab.)"
3509403,"Cajuru",1.045417586,2024,"Longevidade",1.28,"Taxas de mortalidade 15 a 39 anos (por mil hab.)"
3509452,"Campina do Monte Alegre",1.789709172,2014,"Longevidade",1.32,"Taxas de mortalidade 15 a 39 anos (por mil hab.)"
3509452,"Campina do Monte Alegre",1.17370892,2016,"Longevidade",1.19,"Taxas de mortalidade 15 a 39 anos (por mil hab.)"
3509452,"Campina do Monte Alegre",1.317523057,2018,"Longevidade",1.15,"Taxas de mortalidade 15 a 39 anos (por mil hab.)"
3509452,"Campina do Monte Alegre",1.020259437,2020,"Longevidade",1.17,"Taxas de mortalidade 15 a 39 anos (por mil hab.)"
3509452,"Campina do Monte Alegre",1.3239188,2022,"Longevidade",1.39,"Taxas de mortalidade 15 a 39 anos (por mil hab.)"
3509452,"Campina do Monte Alegre",0.962000962,2024,"Longevidade",1.28,"Taxas de mortalidade 15 a 39 anos (por mil hab.)"
3509502,"Campinas",1.162070529,2014,"Longevidade",1.32,"Taxas de mortalidade 15 a 39 anos (por mil hab.)"
3509502,"Campinas",1.067901694,2016,"Longevidade",1.19,"Taxas de mortalidade 15 a 39 anos (por mil hab.)"
3509502,"Campinas",1.035376185,2018,"Longevidade",1.15,"Taxas de mortalidade 15 a 39 anos (por mil hab.)"
3509502,"Campinas",1.037893251,2020,"Longevidade",1.17,"Taxas de mortalidade 15 a 39 anos (por mil hab.)"
3509502,"Campinas",1.227310849,2022,"Longevidade",1.39,"Taxas de mortalidade 15 a 39 anos (por mil hab.)"
3509502,"Campinas",1.160928261,2024,"Longevidade",1.28,"Taxas de mortalidade 15 a 39 anos (por mil hab.)"
3509601,"Campo Limpo Paulista",1.360419903,2014,"Longevidade",1.32,"Taxas de mortalidade 15 a 39 anos (por mil hab.)"
3509601,"Campo Limpo Paulista",1.337926214,2016,"Longevidade",1.19,"Taxas de mortalidade 15 a 39 anos (por mil hab.)"
3509601,"Campo Limpo Paulista",1.18762475,2018,"Longevidade",1.15,"Taxas de mortalidade 15 a 39 anos (por mil hab.)"
3509601,"Campo Limpo Paulista",0.967687228,2020,"Longevidade",1.17,"Taxas de mortalidade 15 a 39 anos (por mil hab.)"
3509601,"Campo Limpo Paulista",1.263689975,2022,"Longevidade",1.39,"Taxas de mortalidade 15 a 39 anos (por mil hab.)"
3509601,"Campo Limpo Paulista",1.231016891,2024,"Longevidade",1.28,"Taxas de mortalidade 15 a 39 anos (por mil hab.)"
3509700,"Campos do Jordão",1.661860306,2014,"Longevidade",1.32,"Taxas de mortalidade 15 a 39 anos (por mil hab.)"
3509700,"Campos do Jordão",1.678680754,2016,"Longevidade",1.19,"Taxas de mortalidade 15 a 39 anos (por mil hab.)"
3509700,"Campos do Jordão",1.510473724,2018,"Longevidade",1.15,"Taxas de mortalidade 15 a 39 anos (por mil hab.)"
3509700,"Campos do Jordão",1.503708585,2020,"Longevidade",1.17,"Taxas de mortalidade 15 a 39 anos (por mil hab.)"
3509700,"Campos do Jordão",1.740689037,2022,"Longevidade",1.39,"Taxas de mortalidade 15 a 39 anos (por mil hab.)"
3509700,"Campos do Jordão",1.77602749,2024,"Longevidade",1.28,"Taxas de mortalidade 15 a 39 anos (por mil hab.)"
3509809,"Campos Novos Paulista",2.072734125,2014,"Longevidade",1.32,"Taxas de mortalidade 15 a 39 anos (por mil hab.)"
3509809,"Campos Novos Paulista",1.830496064,2016,"Longevidade",1.19,"Taxas de mortalidade 15 a 39 anos (por mil hab.)"
3509809,"Campos Novos Paulista",1.817520901,2018,"Longevidade",1.15,"Taxas de mortalidade 15 a 39 anos (por mil hab.)"
3509809,"Campos Novos Paulista",0.361141206,2020,"Longevidade",1.17,"Taxas de mortalidade 15 a 39 anos (por mil hab.)"
3509809,"Campos Novos Paulista",1.084598698,2022,"Longevidade",1.39,"Taxas de mortalidade 15 a 39 anos (por mil hab.)"
3509809,"Campos Novos Paulista",0.975800156,2024,"Longevidade",1.28,"Taxas de mortalidade 15 a 39 anos (por mil hab.)"
3509908,"Cananéia",1.321371444,2014,"Longevidade",1.32,"Taxas de mortalidade 15 a 39 anos (por mil hab.)"
3509908,"Cananéia",0.97323601,2016,"Longevidade",1.19,"Taxas de mortalidade 15 a 39 anos (por mil hab.)"
3509908,"Cananéia",0.911129801,2018,"Longevidade",1.15,"Taxas de mortalidade 15 a 39 anos (por mil hab.)"
3509908,"Cananéia",1.138141983,2020,"Longevidade",1.17,"Taxas de mortalidade 15 a 39 anos (por mil hab.)"
3509908,"Cananéia",0.863744332,2022,"Longevidade",1.39,"Taxas de mortalidade 15 a 39 anos (por mil hab.)"
3509908,"Cananéia",1.216249088,2024,"Longevidade",1.28,"Taxas de mortalidade 15 a 39 anos (por mil hab.)"
3509957,"Canas",2.258120549,2014,"Longevidade",1.32,"Taxas de mortalidade 15 a 39 anos (por mil hab.)"
3509957,"Canas",1.814283358,2016,"Longevidade",1.19,"Taxas de mortalidade 15 a 39 anos (por mil hab.)"
3509957,"Canas",1.792991035,2018,"Longevidade",1.15,"Taxas de mortalidade 15 a 39 anos (por mil hab.)"
3509957,"Canas",2.237136465,2020,"Longevidade",1.17,"Taxas de mortalidade 15 a 39 anos (por mil hab.)"
3509957,"Canas",2.8395646,2022,"Longevidade",1.39,"Taxas de mortalidade 15 a 39 anos (por mil hab.)"
3509957,"Canas",2.317290553,2024,"Longevidade",1.28,"Taxas de mortalidade 15 a 39 anos (por mil hab.)"
3510005,"Cândido Mota",1.313797732,2014,"Longevidade",1.32,"Taxas de mortalidade 15 a 39 anos (por mil hab.)"
3510005,"Cândido Mota",0.753426642,2016,"Longevidade",1.19,"Taxas de mortalidade 15 a 39 anos (por mil hab.)"
3510005,"Cândido Mota",0.877423883,2018,"Longevidade",1.15,"Taxas de mortalidade 15 a 39 anos (por mil hab.)"
3510005,"Cândido Mota",1.162894713,2020,"Longevidade",1.17,"Taxas de mortalidade 15 a 39 anos (por mil hab.)"
3510005,"Cândido Mota",1.764634295,2022,"Longevidade",1.39,"Taxas de mortalidade 15 a 39 anos (por mil hab.)"
3510005,"Cândido Mota",1.419014798,2024,"Longevidade",1.28,"Taxas de mortalidade 15 a 39 anos (por mil hab.)"
3510104,"Cândido Rodrigues",0.693000693,2014,"Longevidade",1.32,"Taxas de mortalidade 15 a 39 anos (por mil hab.)"
3510104,"Cândido Rodrigues",0.70323488,2016,"Longevidade",1.19,"Taxas de mortalidade 15 a 39 anos (por mil hab.)"
3510104,"Cândido Rodrigues",0.354233085,2018,"Longevidade",1.15,"Taxas de mortalidade 15 a 39 anos (por mil hab.)"
3510104,"Cândido Rodrigues",0.356887937,2020,"Longevidade",1.17,"Taxas de mortalidade 15 a 39 anos (por mil hab.)"
3510104,"Cândido Rodrigues",1.094091904,2022,"Longevidade",1.39,"Taxas de mortalidade 15 a 39 anos (por mil hab.)"
3510104,"Cândido Rodrigues",1.407954945,2024,"Longevidade",1.28,"Taxas de mortalidade 15 a 39 anos (por mil hab.)"
3510153,"Canitar",1.200892091,2014,"Longevidade",1.32,"Taxas de mortalidade 15 a 39 anos (por mil hab.)"
3510153,"Canitar",1.617337862,2016,"Longevidade",1.19,"Taxas de mortalidade 15 a 39 anos (por mil hab.)"
3510153,"Canitar",1.43472023,2018,"Longevidade",1.15,"Taxas de mortalidade 15 a 39 anos (por mil hab.)"
3510153,"Canitar",1.083255958,2020,"Longevidade",1.17,"Taxas de mortalidade 15 a 39 anos (por mil hab.)"
3510153,"Canitar",1.678108314,2022,"Longevidade",1.39,"Taxas de mortalidade 15 a 39 anos (por mil hab.)"
3510153,"Canitar",0.877522878,2024,"Longevidade",1.28,"Taxas de mortalidade 15 a 39 anos (por mil hab.)"
3510203,"Capão Bonito",1.777398599,2014,"Longevidade",1.32,"Taxas de mortalidade 15 a 39 anos (por mil hab.)"
3510203,"Capão Bonito",1.345967481,2016,"Longevidade",1.19,"Taxas de mortalidade 15 a 39 anos (por mil hab.)"
3510203,"Capão Bonito",1.337164128,2018,"Longevidade",1.15,"Taxas de mortalidade 15 a 39 anos (por mil hab.)"
3510203,"Capão Bonito",1.539222693,2020,"Longevidade",1.17,"Taxas de mortalidade 15 a 39 anos (por mil hab.)"
3510203,"Capão Bonito",1.823934487,2022,"Longevidade",1.39,"Taxas de mortalidade 15 a 39 anos (por mil hab.)"
3510203,"Capão Bonito",1.643578305,2024,"Longevidade",1.28,"Taxas de mortalidade 15 a 39 anos (por mil hab.)"
3510302,"Capela do Alto",1.219307097,2014,"Longevidade",1.32,"Taxas de mortalidade 15 a 39 anos (por mil hab.)"
3510302,"Capela do Alto",1.471933803,2016,"Longevidade",1.19,"Taxas de mortalidade 15 a 39 anos (por mil hab.)"
3510302,"Capela do Alto",1.454231026,2018,"Longevidade",1.15,"Taxas de mortalidade 15 a 39 anos (por mil hab.)"
3510302,"Capela do Alto",1.151941021,2020,"Longevidade",1.17,"Taxas de mortalidade 15 a 39 anos (por mil hab.)"
3510302,"Capela do Alto",1.060124186,2022,"Longevidade",1.39,"Taxas de mortalidade 15 a 39 anos (por mil hab.)"
3510302,"Capela do Alto",0.772499034,2024,"Longevidade",1.28,"Taxas de mortalidade 15 a 39 anos (por mil hab.)"
3510401,"Capivari",1.739589643,2014,"Longevidade",1.32,"Taxas de mortalidade 15 a 39 anos (por mil hab.)"
3510401,"Capivari",1.172850789,2016,"Longevidade",1.19,"Taxas de mortalidade 15 a 39 anos (por mil hab.)"
3510401,"Capivari",1.157354531,2018,"Longevidade",1.15,"Taxas de mortalidade 15 a 39 anos (por mil hab.)"
3510401,"Capivari",1.03453522,2020,"Longevidade",1.17,"Taxas de mortalidade 15 a 39 anos (por mil hab.)"
3510401,"Capivari",1.452732667,2022,"Longevidade",1.39,"Taxas de mortalidade 15 a 39 anos (por mil hab.)"
3510401,"Capivari",1.29290722,2024,"Longevidade",1.28,"Taxas de mortalidade 15 a 39 anos (por mil hab.)"
3510500,"Caraguatatuba",1.81151216,2014,"Longevidade",1.32,"Taxas de mortalidade 15 a 39 anos (por mil hab.)"
3510500,"Caraguatatuba",1.480127117,2016,"Longevidade",1.19,"Taxas de mortalidade 15 a 39 anos (por mil hab.)"
3510500,"Caraguatatuba",1.34350351,2018,"Longevidade",1.15,"Taxas de mortalidade 15 a 39 anos (por mil hab.)"
3510500,"Caraguatatuba",1.596952185,2020,"Longevidade",1.17,"Taxas de mortalidade 15 a 39 anos (por mil hab.)"
3510500,"Caraguatatuba",1.925086235,2022,"Longevidade",1.39,"Taxas de mortalidade 15 a 39 anos (por mil hab.)"
3510500,"Caraguatatuba",1.719201633,2024,"Longevidade",1.28,"Taxas de mortalidade 15 a 39 anos (por mil hab.)"
3510609,"Carapicuíba",1.34990685,2014,"Longevidade",1.32,"Taxas de mortalidade 15 a 39 anos (por mil hab.)"
3510609,"Carapicuíba",1.122866554,2016,"Longevidade",1.19,"Taxas de mortalidade 15 a 39 anos (por mil hab.)"
3510609,"Carapicuíba",1.163243198,2018,"Longevidade",1.15,"Taxas de mortalidade 15 a 39 anos (por mil hab.)"
3510609,"Carapicuíba",1.239109307,2020,"Longevidade",1.17,"Taxas de mortalidade 15 a 39 anos (por mil hab.)"
3510609,"Carapicuíba",1.48367624,2022,"Longevidade",1.39,"Taxas de mortalidade 15 a 39 anos (por mil hab.)"
3510609,"Carapicuíba",1.239199176,2024,"Longevidade",1.28,"Taxas de mortalidade 15 a 39 anos (por mil hab.)"
3510708,"Cardoso",1.769775315,2014,"Longevidade",1.32,"Taxas de mortalidade 15 a 39 anos (por mil hab.)"
3510708,"Cardoso",0.853109974,2016,"Longevidade",1.19,"Taxas de mortalidade 15 a 39 anos (por mil hab.)"
3510708,"Cardoso",1.016737056,2018,"Longevidade",1.15,"Taxas de mortalidade 15 a 39 anos (por mil hab.)"
3510708,"Cardoso",1.189343482,2020,"Longevidade",1.17,"Taxas de mortalidade 15 a 39 anos (por mil hab.)"
3510708,"Cardoso",1.771336554,2022,"Longevidade",1.39,"Taxas de mortalidade 15 a 39 anos (por mil hab.)"
3510708,"Cardoso",1.777777778,2024,"Longevidade",1.28,"Taxas de mortalidade 15 a 39 anos (por mil hab.)"
3510807,"Casa Branca",1.56311059,2014,"Longevidade",1.32,"Taxas de mortalidade 15 a 39 anos (por mil hab.)"
3510807,"Casa Branca",1.274273526,2016,"Longevidade",1.19,"Taxas de mortalidade 15 a 39 anos (por mil hab.)"
3510807,"Casa Branca",1.083965647,2018,"Longevidade",1.15,"Taxas de mortalidade 15 a 39 anos (por mil hab.)"
3510807,"Casa Branca",1.541263836,2020,"Longevidade",1.17,"Taxas de mortalidade 15 a 39 anos (por mil hab.)"
3510807,"Casa Branca",1.592039801,2022,"Longevidade",1.39,"Taxas de mortalidade 15 a 39 anos (por mil hab.)"
3510807,"Casa Branca",1.159362682,2024,"Longevidade",1.28,"Taxas de mortalidade 15 a 39 anos (por mil hab.)"
3510906,"Cássia dos Coqueiros",0.693721818,2014,"Longevidade",1.32,"Taxas de mortalidade 15 a 39 anos (por mil hab.)"
3510906,"Cássia dos Coqueiros",1.771165427,2016,"Longevidade",1.19,"Taxas de mortalidade 15 a 39 anos (por mil hab.)"
3510906,"Cássia dos Coqueiros",1.060445387,2018,"Longevidade",1.15,"Taxas de mortalidade 15 a 39 anos (por mil hab.)"
3510906,"Cássia dos Coqueiros",0.356506239,2020,"Longevidade",1.17,"Taxas de mortalidade 15 a 39 anos (por mil hab.)"
3510906,"Cássia dos Coqueiros",1.829491401,2022,"Longevidade",1.39,"Taxas de mortalidade 15 a 39 anos (por mil hab.)"
3510906,"Cássia dos Coqueiros",1.544998069,2024,"Longevidade",1.28,"Taxas de mortalidade 15 a 39 anos (por mil hab.)"
3511003,"Castilho",2.023935234,2014,"Longevidade",1.32,"Taxas de mortalidade 15 a 39 anos (por mil hab.)"
3511003,"Castilho",0.758341759,2016,"Longevidade",1.19,"Taxas de mortalidade 15 a 39 anos (por mil hab.)"
3511003,"Castilho",0.711535242,2018,"Longevidade",1.15,"Taxas de mortalidade 15 a 39 anos (por mil hab.)"
3511003,"Castilho",0.659494662,2020,"Longevidade",1.17,"Taxas de mortalidade 15 a 39 anos (por mil hab.)"
3511003,"Castilho",1.385154404,2022,"Longevidade",1.39,"Taxas de mortalidade 15 a 39 anos (por mil hab.)"
3511003,"Castilho",1.184407024,2024,"Longevidade",1.28,"Taxas de mortalidade 15 a 39 anos (por mil hab.)"
3511102,"Catanduva",1.360514201,2014,"Longevidade",1.32,"Taxas de mortalidade 15 a 39 anos (por mil hab.)"
3511102,"Catanduva",1.062636081,2016,"Longevidade",1.19,"Taxas de mortalidade 15 a 39 anos (por mil hab.)"
3511102,"Catanduva",1.088196446,2018,"Longevidade",1.15,"Taxas de mortalidade 15 a 39 anos (por mil hab.)"
3511102,"Catanduva",1.110039349,2020,"Longevidade",1.17,"Taxas de mortalidade 15 a 39 anos (por mil hab.)"
3511102,"Catanduva",1.39670284,2022,"Longevidade",1.39,"Taxas de mortalidade 15 a 39 anos (por mil hab.)"
3511102,"Catanduva",1.050322296,2024,"Longevidade",1.28,"Taxas de mortalidade 15 a 39 anos (por mil hab.)"
3511201,"Catiguá",2.019522046,2014,"Longevidade",1.32,"Taxas de mortalidade 15 a 39 anos (por mil hab.)"
3511201,"Catiguá",1.920903955,2016,"Longevidade",1.19,"Taxas de mortalidade 15 a 39 anos (por mil hab.)"
3511201,"Catiguá",1.247165533,2018,"Longevidade",1.15,"Taxas de mortalidade 15 a 39 anos (por mil hab.)"
3511201,"Catiguá",0.802936453,2020,"Longevidade",1.17,"Taxas de mortalidade 15 a 39 anos (por mil hab.)"
3511201,"Catiguá",1.290625367,2022,"Longevidade",1.39,"Taxas de mortalidade 15 a 39 anos (por mil hab.)"
3511201,"Catiguá",1.256807708,2024,"Longevidade",1.28,"Taxas de mortalidade 15 a 39 anos (por mil hab.)"
3511300,"Cedral",1.667708985,2014,"Longevidade",1.32,"Taxas de mortalidade 15 a 39 anos (por mil hab.)"
3511300,"Cedral",1.013171226,2016,"Longevidade",1.19,"Taxas de mortalidade 15 a 39 anos (por mil hab.)"
3511300,"Cedral",0.909918107,2018,"Longevidade",1.15,"Taxas de mortalidade 15 a 39 anos (por mil hab.)"
3511300,"Cedral",1.713018944,2020,"Longevidade",1.17,"Taxas de mortalidade 15 a 39 anos (por mil hab.)"
3511300,"Cedral",0.808816095,2022,"Longevidade",1.39,"Taxas de mortalidade 15 a 39 anos (por mil hab.)"
3511300,"Cedral",0.638026372,2024,"Longevidade",1.28,"Taxas de mortalidade 15 a 39 anos (por mil hab.)"
3511409,"Cerqueira César",1.375705049,2014,"Longevidade",1.32,"Taxas de mortalidade 15 a 39 anos (por mil hab.)"
3511409,"Cerqueira César",1.33386688,2016,"Longevidade",1.19,"Taxas de mortalidade 15 a 39 anos (por mil hab.)"
3511409,"Cerqueira César",1.548124558,2018,"Longevidade",1.15,"Taxas de mortalidade 15 a 39 anos (por mil hab.)"
3511409,"Cerqueira César",1.921984886,2020,"Longevidade",1.17,"Taxas de mortalidade 15 a 39 anos (por mil hab.)"
3511409,"Cerqueira César",1.432851374,2022,"Longevidade",1.39,"Taxas de mortalidade 15 a 39 anos (por mil hab.)"
3511409,"Cerqueira César",1.512618422,2024,"Longevidade",1.28,"Taxas de mortalidade 15 a 39 anos (por mil hab.)"
3511508,"Cerquilho",1.077486113,2014,"Longevidade",1.32,"Taxas de mortalidade 15 a 39 anos (por mil hab.)"
3511508,"Cerquilho",0.893511321,2016,"Longevidade",1.19,"Taxas de mortalidade 15 a 39 anos (por mil hab.)"
3511508,"Cerquilho",0.784943359,2018,"Longevidade",1.15,"Taxas de mortalidade 15 a 39 anos (por mil hab.)"
3511508,"Cerquilho",0.657707622,2020,"Longevidade",1.17,"Taxas de mortalidade 15 a 39 anos (por mil hab.)"
3511508,"Cerquilho",0.909334047,2022,"Longevidade",1.39,"Taxas de mortalidade 15 a 39 anos (por mil hab.)"
3511508,"Cerquilho",1.186980696,2024,"Longevidade",1.28,"Taxas de mortalidade 15 a 39 anos (por mil hab.)"
3511607,"Cesário Lange",1.32632277,2014,"Longevidade",1.32,"Taxas de mortalidade 15 a 39 anos (por mil hab.)"
3511607,"Cesário Lange",1.303902394,2016,"Longevidade",1.19,"Taxas de mortalidade 15 a 39 anos (por mil hab.)"
3511607,"Cesário Lange",1.216886642,2018,"Longevidade",1.15,"Taxas de mortalidade 15 a 39 anos (por mil hab.)"
3511607,"Cesário Lange",1.511501582,2020,"Longevidade",1.17,"Taxas de mortalidade 15 a 39 anos (por mil hab.)"
3511607,"Cesário Lange",1.582733813,2022,"Longevidade",1.39,"Taxas de mortalidade 15 a 39 anos (por mil hab.)"
3511607,"Cesário Lange",1.442026047,2024,"Longevidade",1.28,"Taxas de mortalidade 15 a 39 anos (por mil hab.)"
3511706,"Charqueada",1.229105211,2014,"Longevidade",1.32,"Taxas de mortalidade 15 a 39 anos (por mil hab.)"
3511706,"Charqueada",1.246822999,2016,"Longevidade",1.19,"Taxas de mortalidade 15 a 39 anos (por mil hab.)"
3511706,"Charqueada",1.388091135,2018,"Longevidade",1.15,"Taxas de mortalidade 15 a 39 anos (por mil hab.)"
3511706,"Charqueada",1.47471576,2020,"Longevidade",1.17,"Taxas de mortalidade 15 a 39 anos (por mil hab.)"
3511706,"Charqueada",1.242711022,2022,"Longevidade",1.39,"Taxas de mortalidade 15 a 39 anos (por mil hab.)"
3511706,"Charqueada",1.182452406,2024,"Longevidade",1.28,"Taxas de mortalidade 15 a 39 anos (por mil hab.)"
3511904,"Clementina",0.99950025,2014,"Longevidade",1.32,"Taxas de mortalidade 15 a 39 anos (por mil hab.)"
3511904,"Clementina",1.441337561,2016,"Longevidade",1.19,"Taxas de mortalidade 15 a 39 anos (por mil hab.)"
3511904,"Clementina",1.052430157,2018,"Longevidade",1.15,"Taxas de mortalidade 15 a 39 anos (por mil hab.)"
3511904,"Clementina",1.039010107,2020,"Longevidade",1.17,"Taxas de mortalidade 15 a 39 anos (por mil hab.)"
3511904,"Clementina",0.849858357,2022,"Longevidade",1.39,"Taxas de mortalidade 15 a 39 anos (por mil hab.)"
3511904,"Clementina",1.696684939,2024,"Longevidade",1.28,"Taxas de mortalidade 15 a 39 anos (por mil hab.)"
3512001,"Colina",0.985499085,2014,"Longevidade",1.32,"Taxas de mortalidade 15 a 39 anos (por mil hab.)"
3512001,"Colina",1.5651679,2016,"Longevidade",1.19,"Taxas de mortalidade 15 a 39 anos (por mil hab.)"
3512001,"Colina",1.531906745,2018,"Longevidade",1.15,"Taxas de mortalidade 15 a 39 anos (por mil hab.)"
3512001,"Colina",1.265946051,2020,"Longevidade",1.17,"Taxas de mortalidade 15 a 39 anos (por mil hab.)"
3512001,"Colina",1.8984812150000001,2022,"Longevidade",1.39,"Taxas de mortalidade 15 a 39 anos (por mil hab.)"
3512001,"Colina",1.641025641,2024,"Longevidade",1.28,"Taxas de mortalidade 15 a 39 anos (por mil hab.)"
3512100,"Colômbia",1.56128025,2014,"Longevidade",1.32,"Taxas de mortalidade 15 a 39 anos (por mil hab.)"
3512100,"Colômbia",1.607717042,2016,"Longevidade",1.19,"Taxas de mortalidade 15 a 39 anos (por mil hab.)"
3512100,"Colômbia",1.223491028,2018,"Longevidade",1.15,"Taxas de mortalidade 15 a 39 anos (por mil hab.)"
3512100,"Colômbia",0.981216709,2020,"Longevidade",1.17,"Taxas de mortalidade 15 a 39 anos (por mil hab.)"
3512100,"Colômbia",1.453065969,2022,"Longevidade",1.39,"Taxas de mortalidade 15 a 39 anos (por mil hab.)"
3512100,"Colômbia",0.911161731,2024,"Longevidade",1.28,"Taxas de mortalidade 15 a 39 anos (por mil hab.)"
3512209,"Conchal",1.622849724,2014,"Longevidade",1.32,"Taxas de mortalidade 15 a 39 anos (por mil hab.)"
3512209,"Conchal",1.312680494,2016,"Longevidade",1.19,"Taxas de mortalidade 15 a 39 anos (por mil hab.)"
3512209,"Conchal",1.696948419,2018,"Longevidade",1.15,"Taxas de mortalidade 15 a 39 anos (por mil hab.)"
3512209,"Conchal",2.060338484,2020,"Longevidade",1.17,"Taxas de mortalidade 15 a 39 anos (por mil hab.)"
3512209,"Conchal",2.001194743,2022,"Longevidade",1.39,"Taxas de mortalidade 15 a 39 anos (por mil hab.)"
3512209,"Conchal",1.33018925,2024,"Longevidade",1.28,"Taxas de mortalidade 15 a 39 anos (por mil hab.)"
3512308,"Conchas",1.226078149,2014,"Longevidade",1.32,"Taxas de mortalidade 15 a 39 anos (por mil hab.)"
3512308,"Conchas",1.20887207,2016,"Longevidade",1.19,"Taxas de mortalidade 15 a 39 anos (por mil hab.)"
3512308,"Conchas",1.051690593,2018,"Longevidade",1.15,"Taxas de mortalidade 15 a 39 anos (por mil hab.)"
3512308,"Conchas",0.999736911,2020,"Longevidade",1.17,"Taxas de mortalidade 15 a 39 anos (por mil hab.)"
3512308,"Conchas",1.056859015,2022,"Longevidade",1.39,"Taxas de mortalidade 15 a 39 anos (por mil hab.)"
3512308,"Conchas",1.208702659,2024,"Longevidade",1.28,"Taxas de mortalidade 15 a 39 anos (por mil hab.)"
3512407,"Cordeirópolis",1.193108046,2014,"Longevidade",1.32,"Taxas de mortalidade 15 a 39 anos (por mil hab.)"
3512407,"Cordeirópolis",0.952672587,2016,"Longevidade",1.19,"Taxas de mortalidade 15 a 39 anos (por mil hab.)"
3512407,"Cordeirópolis",0.882103478,2018,"Longevidade",1.15,"Taxas de mortalidade 15 a 39 anos (por mil hab.)"
3512407,"Cordeirópolis",0.844309355,2020,"Longevidade",1.17,"Taxas de mortalidade 15 a 39 anos (por mil hab.)"
3512407,"Cordeirópolis",1.354600562,2022,"Longevidade",1.39,"Taxas de mortalidade 15 a 39 anos (por mil hab.)"
3512407,"Cordeirópolis",0.880715846,2024,"Longevidade",1.28,"Taxas de mortalidade 15 a 39 anos (por mil hab.)"
3512506,"Coroados",0.883002208,2014,"Longevidade",1.32,"Taxas de mortalidade 15 a 39 anos (por mil hab.)"
3512506,"Coroados",1.144001144,2016,"Longevidade",1.19,"Taxas de mortalidade 15 a 39 anos (por mil hab.)"
3512506,"Coroados",0.999714367,2018,"Longevidade",1.15,"Taxas de mortalidade 15 a 39 anos (por mil hab.)"
3512506,"Coroados",0.857265324,2020,"Longevidade",1.17,"Taxas de mortalidade 15 a 39 anos (por mil hab.)"
3512506,"Coroados",1.285897985,2022,"Longevidade",1.39,"Taxas de mortalidade 15 a 39 anos (por mil hab.)"
3512506,"Coroados",1.919017463,2024,"Longevidade",1.28,"Taxas de mortalidade 15 a 39 anos (por mil hab.)"
3512605,"Coronel Macedo",2.000363702,2014,"Longevidade",1.32,"Taxas de mortalidade 15 a 39 anos (por mil hab.)"
3512605,"Coronel Macedo",0.547345375,2016,"Longevidade",1.19,"Taxas de mortalidade 15 a 39 anos (por mil hab.)"
3512605,"Coronel Macedo",1.28346168,2018,"Longevidade",1.15,"Taxas de mortalidade 15 a 39 anos (por mil hab.)"
3512605,"Coronel Macedo",1.663893511,2020,"Longevidade",1.17,"Taxas de mortalidade 15 a 39 anos (por mil hab.)"
3512605,"Coronel Macedo",1.863238308,2022,"Longevidade",1.39,"Taxas de mortalidade 15 a 39 anos (por mil hab.)"
3512605,"Coronel Macedo",1.709401709,2024,"Longevidade",1.28,"Taxas de mortalidade 15 a 39 anos (por mil hab.)"
3512704,"Corumbataí",1.049538203,2014,"Longevidade",1.32,"Taxas de mortalidade 15 a 39 anos (por mil hab.)"
3512704,"Corumbataí",0.839630563,2016,"Longevidade",1.19,"Taxas de mortalidade 15 a 39 anos (por mil hab.)"
3512704,"Corumbataí",1.052853232,2018,"Longevidade",1.15,"Taxas de mortalidade 15 a 39 anos (por mil hab.)"
3512704,"Corumbataí",2.124495432,2020,"Longevidade",1.17,"Taxas de mortalidade 15 a 39 anos (por mil hab.)"
3512704,"Corumbataí",1.948051948,2022,"Longevidade",1.39,"Taxas de mortalidade 15 a 39 anos (por mil hab.)"
3512704,"Corumbataí",0.423818606,2024,"Longevidade",1.28,"Taxas de mortalidade 15 a 39 anos (por mil hab.)"
3512803,"Cosmópolis",1.15013499,2014,"Longevidade",1.32,"Taxas de mortalidade 15 a 39 anos (por mil hab.)"
3512803,"Cosmópolis",1.233287229,2016,"Longevidade",1.19,"Taxas de mortalidade 15 a 39 anos (por mil hab.)"
3512803,"Cosmópolis",1.187662019,2018,"Longevidade",1.15,"Taxas de mortalidade 15 a 39 anos (por mil hab.)"
3512803,"Cosmópolis",0.975872396,2020,"Longevidade",1.17,"Taxas de mortalidade 15 a 39 anos (por mil hab.)"
3512803,"Cosmópolis",1.012596252,2022,"Longevidade",1.39,"Taxas de mortalidade 15 a 39 anos (por mil hab.)"
3512803,"Cosmópolis",1.05523396,2024,"Longevidade",1.28,"Taxas de mortalidade 15 a 39 anos (por mil hab.)"
3512902,"Cosmorama",1.174628034,2014,"Longevidade",1.32,"Taxas de mortalidade 15 a 39 anos (por mil hab.)"
3512902,"Cosmorama",0.927029533,2016,"Longevidade",1.19,"Taxas de mortalidade 15 a 39 anos (por mil hab.)"
3512902,"Cosmorama",1.204335608,2018,"Longevidade",1.15,"Taxas de mortalidade 15 a 39 anos (por mil hab.)"
3512902,"Cosmorama",1.225490196,2020,"Longevidade",1.17,"Taxas de mortalidade 15 a 39 anos (por mil hab.)"
3512902,"Cosmorama",1.259974801,2022,"Longevidade",1.39,"Taxas de mortalidade 15 a 39 anos (por mil hab.)"
3512902,"Cosmorama",1.533070521,2024,"Longevidade",1.28,"Taxas de mortalidade 15 a 39 anos (por mil hab.)"
3513009,"Cotia",1.393056151,2014,"Longevidade",1.32,"Taxas de mortalidade 15 a 39 anos (por mil hab.)"
3513009,"Cotia",1.192830781,2016,"Longevidade",1.19,"Taxas de mortalidade 15 a 39 anos (por mil hab.)"
3513009,"Cotia",1.205850057,2018,"Longevidade",1.15,"Taxas de mortalidade 15 a 39 anos (por mil hab.)"
3513009,"Cotia",1.271304279,2020,"Longevidade",1.17,"Taxas de mortalidade 15 a 39 anos (por mil hab.)"
3513009,"Cotia",1.362777183,2022,"Longevidade",1.39,"Taxas de mortalidade 15 a 39 anos (por mil hab.)"
3513009,"Cotia",1.134590838,2024,"Longevidade",1.28,"Taxas de mortalidade 15 a 39 anos (por mil hab.)"
3513108,"Cravinhos",1.25777036,2014,"Longevidade",1.32,"Taxas de mortalidade 15 a 39 anos (por mil hab.)"
3513108,"Cravinhos",1.26316793,2016,"Longevidade",1.19,"Taxas de mortalidade 15 a 39 anos (por mil hab.)"
3513108,"Cravinhos",1.288475304,2018,"Longevidade",1.15,"Taxas de mortalidade 15 a 39 anos (por mil hab.)"
3513108,"Cravinhos",0.981518721,2020,"Longevidade",1.17,"Taxas de mortalidade 15 a 39 anos (por mil hab.)"
3513108,"Cravinhos",1.186842998,2022,"Longevidade",1.39,"Taxas de mortalidade 15 a 39 anos (por mil hab.)"
3513108,"Cravinhos",1.351314084,2024,"Longevidade",1.28,"Taxas de mortalidade 15 a 39 anos (por mil hab.)"
3513207,"Cristais Paulista",1.317523057,2014,"Longevidade",1.32,"Taxas de mortalidade 15 a 39 anos (por mil hab.)"
3513207,"Cristais Paulista",0.688502016,2016,"Longevidade",1.19,"Taxas de mortalidade 15 a 39 anos (por mil hab.)"
3513207,"Cristais Paulista",0.68627451,2018,"Longevidade",1.15,"Taxas de mortalidade 15 a 39 anos (por mil hab.)"
3513207,"Cristais Paulista",1.169932729,2020,"Longevidade",1.17,"Taxas de mortalidade 15 a 39 anos (por mil hab.)"
3513207,"Cristais Paulista",1.568627451,2022,"Longevidade",1.39,"Taxas de mortalidade 15 a 39 anos (por mil hab.)"
3513207,"Cristais Paulista",1.011020119,2024,"Longevidade",1.28,"Taxas de mortalidade 15 a 39 anos (por mil hab.)"
3513306,"Cruzália",2.067824648,2014,"Longevidade",1.32,"Taxas de mortalidade 15 a 39 anos (por mil hab.)"
3513306,"Cruzália",1.724881414,2016,"Longevidade",1.19,"Taxas de mortalidade 15 a 39 anos (por mil hab.)"
3513306,"Cruzália",2.207505519,2018,"Longevidade",1.15,"Taxas de mortalidade 15 a 39 anos (por mil hab.)"
3513306,"Cruzália",0.460405157,2020,"Longevidade",1.17,"Taxas de mortalidade 15 a 39 anos (por mil hab.)"
3513306,"Cruzália",0.476871722,2022,"Longevidade",1.39,"Taxas de mortalidade 15 a 39 anos (por mil hab.)"
3513306,"Cruzália",1.100110011,2024,"Longevidade",1.28,"Taxas de mortalidade 15 a 39 anos (por mil hab.)"
3513405,"Cruzeiro",1.408045057,2014,"Longevidade",1.32,"Taxas de mortalidade 15 a 39 anos (por mil hab.)"
3513405,"Cruzeiro",1.259649236,2016,"Longevidade",1.19,"Taxas de mortalidade 15 a 39 anos (por mil hab.)"
3513405,"Cruzeiro",1.456743417,2018,"Longevidade",1.15,"Taxas de mortalidade 15 a 39 anos (por mil hab.)"
3513405,"Cruzeiro",2.096157045,2020,"Longevidade",1.17,"Taxas de mortalidade 15 a 39 anos (por mil hab.)"
3513405,"Cruzeiro",2.652700313,2022,"Longevidade",1.39,"Taxas de mortalidade 15 a 39 anos (por mil hab.)"
3513405,"Cruzeiro",2.322880372,2024,"Longevidade",1.28,"Taxas de mortalidade 15 a 39 anos (por mil hab.)"
3513504,"Cubatão",1.594956659,2014,"Longevidade",1.32,"Taxas de mortalidade 15 a 39 anos (por mil hab.)"
3513504,"Cubatão",1.467457708,2016,"Longevidade",1.19,"Taxas de mortalidade 15 a 39 anos (por mil hab.)"
3513504,"Cubatão",1.472996125,2018,"Longevidade",1.15,"Taxas de mortalidade 15 a 39 anos (por mil hab.)"
3513504,"Cubatão",1.383416848,2020,"Longevidade",1.17,"Taxas de mortalidade 15 a 39 anos (por mil hab.)"
3513504,"Cubatão",1.473582162,2022,"Longevidade",1.39,"Taxas de mortalidade 15 a 39 anos (por mil hab.)"
3513504,"Cubatão",1.517558628,2024,"Longevidade",1.28,"Taxas de mortalidade 15 a 39 anos (por mil hab.)"
3513603,"Cunha",1.142226949,2014,"Longevidade",1.32,"Taxas de mortalidade 15 a 39 anos (por mil hab.)"
3513603,"Cunha",1.671043208,2016,"Longevidade",1.19,"Taxas de mortalidade 15 a 39 anos (por mil hab.)"
3513603,"Cunha",1.641444471,2018,"Longevidade",1.15,"Taxas de mortalidade 15 a 39 anos (por mil hab.)"
3513603,"Cunha",1.053569981,2020,"Longevidade",1.17,"Taxas de mortalidade 15 a 39 anos (por mil hab.)"
3513603,"Cunha",1.614104793,2022,"Longevidade",1.39,"Taxas de mortalidade 15 a 39 anos (por mil hab.)"
3513603,"Cunha",1.467015083,2024,"Longevidade",1.28,"Taxas de mortalidade 15 a 39 anos (por mil hab.)"
3513702,"Descalvado",1.245523898,2014,"Longevidade",1.32,"Taxas de mortalidade 15 a 39 anos (por mil hab.)"
3513702,"Descalvado",0.860787229,2016,"Longevidade",1.19,"Taxas de mortalidade 15 a 39 anos (por mil hab.)"
3513702,"Descalvado",0.81435364,2018,"Longevidade",1.15,"Taxas de mortalidade 15 a 39 anos (por mil hab.)"
3513702,"Descalvado",0.773085946,2020,"Longevidade",1.17,"Taxas de mortalidade 15 a 39 anos (por mil hab.)"
3513702,"Descalvado",1.171023965,2022,"Longevidade",1.39,"Taxas de mortalidade 15 a 39 anos (por mil hab.)"
3513702,"Descalvado",1.341872522,2024,"Longevidade",1.28,"Taxas de mortalidade 15 a 39 anos (por mil hab.)"
3513801,"Diadema",1.540009524,2014,"Longevidade",1.32,"Taxas de mortalidade 15 a 39 anos (por mil hab.)"
3513801,"Diadema",1.379232312,2016,"Longevidade",1.19,"Taxas de mortalidade 15 a 39 anos (por mil hab.)"
3513801,"Diadema",1.418288835,2018,"Longevidade",1.15,"Taxas de mortalidade 15 a 39 anos (por mil hab.)"
3513801,"Diadema",1.338688086,2020,"Longevidade",1.17,"Taxas de mortalidade 15 a 39 anos (por mil hab.)"
3513801,"Diadema",1.469300279,2022,"Longevidade",1.39,"Taxas de mortalidade 15 a 39 anos (por mil hab.)"
3513801,"Diadema",1.311345122,2024,"Longevidade",1.28,"Taxas de mortalidade 15 a 39 anos (por mil hab.)"
3513850,"Dirce Reis",1.082251082,2014,"Longevidade",1.32,"Taxas de mortalidade 15 a 39 anos (por mil hab.)"
3513850,"Dirce Reis",1.677852349,2016,"Longevidade",1.19,"Taxas de mortalidade 15 a 39 anos (por mil hab.)"
3513850,"Dirce Reis",0.558347292,2018,"Longevidade",1.15,"Taxas de mortalidade 15 a 39 anos (por mil hab.)"
3513850,"Dirce Reis",1.135718342,2020,"Longevidade",1.17,"Taxas de mortalidade 15 a 39 anos (por mil hab.)"
3513850,"Dirce Reis",2.314814815,2022,"Longevidade",1.39,"Taxas de mortalidade 15 a 39 anos (por mil hab.)"
3513850,"Dirce Reis",0.715307582,2024,"Longevidade",1.28,"Taxas de mortalidade 15 a 39 anos (por mil hab.)"
3513900,"Divinolândia",1.714597459,2014,"Longevidade",1.32,"Taxas de mortalidade 15 a 39 anos (por mil hab.)"
3513900,"Divinolândia",1.949792835,2016,"Longevidade",1.19,"Taxas de mortalidade 15 a 39 anos (por mil hab.)"
3513900,"Divinolândia",2.154815183,2018,"Longevidade",1.15,"Taxas de mortalidade 15 a 39 anos (por mil hab.)"
3513900,"Divinolândia",1.971372247,2020,"Longevidade",1.17,"Taxas de mortalidade 15 a 39 anos (por mil hab.)"
3513900,"Divinolândia",1.956599075,2022,"Longevidade",1.39,"Taxas de mortalidade 15 a 39 anos (por mil hab.)"
3513900,"Divinolândia",1.757306696,2024,"Longevidade",1.28,"Taxas de mortalidade 15 a 39 anos (por mil hab.)"
3514007,"Dobrada",1.239815799,2014,"Longevidade",1.32,"Taxas de mortalidade 15 a 39 anos (por mil hab.)"
3514007,"Dobrada",1.039230969,2016,"Longevidade",1.19,"Taxas de mortalidade 15 a 39 anos (por mil hab.)"
3514007,"Dobrada",0.433238021,2018,"Longevidade",1.15,"Taxas de mortalidade 15 a 39 anos (por mil hab.)"
3514007,"Dobrada",0.607322575,2020,"Longevidade",1.17,"Taxas de mortalidade 15 a 39 anos (por mil hab.)"
3514007,"Dobrada",0.963391137,2022,"Longevidade",1.39,"Taxas de mortalidade 15 a 39 anos (por mil hab.)"
3514007,"Dobrada",1.506165867,2024,"Longevidade",1.28,"Taxas de mortalidade 15 a 39 anos (por mil hab.)"
3514106,"Dois Córregos",1.921414161,2014,"Longevidade",1.32,"Taxas de mortalidade 15 a 39 anos (por mil hab.)"
3514106,"Dois Córregos",1.113869264,2016,"Longevidade",1.19,"Taxas de mortalidade 15 a 39 anos (por mil hab.)"
3514106,"Dois Córregos",1.310322787,2018,"Longevidade",1.15,"Taxas de mortalidade 15 a 39 anos (por mil hab.)"
3514106,"Dois Córregos",1.770139358,2020,"Longevidade",1.17,"Taxas de mortalidade 15 a 39 anos (por mil hab.)"
3514106,"Dois Córregos",2.083740314,2022,"Longevidade",1.39,"Taxas de mortalidade 15 a 39 anos (por mil hab.)"
3514106,"Dois Córregos",2.21641732,2024,"Longevidade",1.28,"Taxas de mortalidade 15 a 39 anos (por mil hab.)"
3514205,"Dolcinópolis",1.347708895,2014,"Longevidade",1.32,"Taxas de mortalidade 15 a 39 anos (por mil hab.)"
3514205,"Dolcinópolis",1.83908046,2016,"Longevidade",1.19,"Taxas de mortalidade 15 a 39 anos (por mil hab.)"
3514205,"Dolcinópolis",1.880582981,2018,"Longevidade",1.15,"Taxas de mortalidade 15 a 39 anos (por mil hab.)"
3514205,"Dolcinópolis",0.968992248,2020,"Longevidade",1.17,"Taxas de mortalidade 15 a 39 anos (por mil hab.)"
3514205,"Dolcinópolis",2.436647173,2022,"Longevidade",1.39,"Taxas de mortalidade 15 a 39 anos (por mil hab.)"
3514205,"Dolcinópolis",1.412429379,2024,"Longevidade",1.28,"Taxas de mortalidade 15 a 39 anos (por mil hab.)"
3514304,"Dourado",1.707856138,2014,"Longevidade",1.32,"Taxas de mortalidade 15 a 39 anos (por mil hab.)"
3514304,"Dourado",0.516315572,2016,"Longevidade",1.19,"Taxas de mortalidade 15 a 39 anos (por mil hab.)"
3514304,"Dourado",0.836207798,2018,"Longevidade",1.15,"Taxas de mortalidade 15 a 39 anos (por mil hab.)"
3514304,"Dourado",1.714898178,2020,"Longevidade",1.17,"Taxas de mortalidade 15 a 39 anos (por mil hab.)"
3514304,"Dourado",1.768933112,2022,"Longevidade",1.39,"Taxas de mortalidade 15 a 39 anos (por mil hab.)"
3514304,"Dourado",1.858045336,2024,"Longevidade",1.28,"Taxas de mortalidade 15 a 39 anos (por mil hab.)"
3514403,"Dracena",1.22230108,2014,"Longevidade",1.32,"Taxas de mortalidade 15 a 39 anos (por mil hab.)"
3514403,"Dracena",0.792801364,2016,"Longevidade",1.19,"Taxas de mortalidade 15 a 39 anos (por mil hab.)"
3514403,"Dracena",0.937001595,2018,"Longevidade",1.15,"Taxas de mortalidade 15 a 39 anos (por mil hab.)"
3514403,"Dracena",1.049741602,2020,"Longevidade",1.17,"Taxas de mortalidade 15 a 39 anos (por mil hab.)"
3514403,"Dracena",1.56099164,2022,"Longevidade",1.39,"Taxas de mortalidade 15 a 39 anos (por mil hab.)"
3514403,"Dracena",1.05221623,2024,"Longevidade",1.28,"Taxas de mortalidade 15 a 39 anos (por mil hab.)"
3514502,"Duartina",1.162959733,2014,"Longevidade",1.32,"Taxas de mortalidade 15 a 39 anos (por mil hab.)"
3514502,"Duartina",1.119319454,2016,"Longevidade",1.19,"Taxas de mortalidade 15 a 39 anos (por mil hab.)"
3514502,"Duartina",1.132502831,2018,"Longevidade",1.15,"Taxas de mortalidade 15 a 39 anos (por mil hab.)"
3514502,"Duartina",0.850734725,2020,"Longevidade",1.17,"Taxas de mortalidade 15 a 39 anos (por mil hab.)"
3514502,"Duartina",1.35307227,2022,"Longevidade",1.39,"Taxas de mortalidade 15 a 39 anos (por mil hab.)"
3514502,"Duartina",1.284356537,2024,"Longevidade",1.28,"Taxas de mortalidade 15 a 39 anos (por mil hab.)"
3514601,"Dumont",1.293661061,2014,"Longevidade",1.32,"Taxas de mortalidade 15 a 39 anos (por mil hab.)"
3514601,"Dumont",1.302719427,2016,"Longevidade",1.19,"Taxas de mortalidade 15 a 39 anos (por mil hab.)"
3514601,"Dumont",0.729040097,2018,"Longevidade",1.15,"Taxas de mortalidade 15 a 39 anos (por mil hab.)"
3514601,"Dumont",0.797257434,2020,"Longevidade",1.17,"Taxas de mortalidade 15 a 39 anos (por mil hab.)"
3514601,"Dumont",0.799552251,2022,"Longevidade",1.39,"Taxas de mortalidade 15 a 39 anos (por mil hab.)"
3514601,"Dumont",1.372448104,2024,"Longevidade",1.28,"Taxas de mortalidade 15 a 39 anos (por mil hab.)"
3514700,"Echaporã",0.557646731,2014,"Longevidade",1.32,"Taxas de mortalidade 15 a 39 anos (por mil hab.)"
3514700,"Echaporã",1.419043565,2016,"Longevidade",1.19,"Taxas de mortalidade 15 a 39 anos (por mil hab.)"
3514700,"Echaporã",1.290877797,2018,"Longevidade",1.15,"Taxas de mortalidade 15 a 39 anos (por mil hab.)"
3514700,"Echaporã",1.471020888,2020,"Longevidade",1.17,"Taxas de mortalidade 15 a 39 anos (por mil hab.)"
3514700,"Echaporã",1.808318264,2022,"Longevidade",1.39,"Taxas de mortalidade 15 a 39 anos (por mil hab.)"
3514700,"Echaporã",1.284521516,2024,"Longevidade",1.28,"Taxas de mortalidade 15 a 39 anos (por mil hab.)"
3514809,"Eldorado",1.780995059,2014,"Longevidade",1.32,"Taxas de mortalidade 15 a 39 anos (por mil hab.)"
3514809,"Eldorado",1.164531692,2016,"Longevidade",1.19,"Taxas de mortalidade 15 a 39 anos (por mil hab.)"
3514809,"Eldorado",1.050129884,2018,"Longevidade",1.15,"Taxas de mortalidade 15 a 39 anos (por mil hab.)"
3514809,"Eldorado",1.259307928,2020,"Longevidade",1.17,"Taxas de mortalidade 15 a 39 anos (por mil hab.)"
3514809,"Eldorado",1.31061599,2022,"Longevidade",1.39,"Taxas de mortalidade 15 a 39 anos (por mil hab.)"
3514809,"Eldorado",1.362707245,2024,"Longevidade",1.28,"Taxas de mortalidade 15 a 39 anos (por mil hab.)"
3514908,"Elias Fausto",1.455194104,2014,"Longevidade",1.32,"Taxas de mortalidade 15 a 39 anos (por mil hab.)"
3514908,"Elias Fausto",1.563002804,2016,"Longevidade",1.19,"Taxas de mortalidade 15 a 39 anos (por mil hab.)"
3514908,"Elias Fausto",1.287711553,2018,"Longevidade",1.15,"Taxas de mortalidade 15 a 39 anos (por mil hab.)"
3514908,"Elias Fausto",1.150059803,2020,"Longevidade",1.17,"Taxas de mortalidade 15 a 39 anos (por mil hab.)"
3514908,"Elias Fausto",1.022494888,2022,"Longevidade",1.39,"Taxas de mortalidade 15 a 39 anos (por mil hab.)"
3514908,"Elias Fausto",1.115505527,2024,"Longevidade",1.28,"Taxas de mortalidade 15 a 39 anos (por mil hab.)"
3514924,"Elisiário",1.419446416,2014,"Longevidade",1.32,"Taxas de mortalidade 15 a 39 anos (por mil hab.)"
3514924,"Elisiário",1.400560224,2016,"Longevidade",1.19,"Taxas de mortalidade 15 a 39 anos (por mil hab.)"
3514924,"Elisiário",0.936329588,2018,"Longevidade",1.15,"Taxas de mortalidade 15 a 39 anos (por mil hab.)"
3514924,"Elisiário",0.709219858,2020,"Longevidade",1.17,"Taxas de mortalidade 15 a 39 anos (por mil hab.)"
3514924,"Elisiário",0.721500722,2022,"Longevidade",1.39,"Taxas de mortalidade 15 a 39 anos (por mil hab.)"
3514924,"Elisiário",0.647878199,2024,"Longevidade",1.28,"Taxas de mortalidade 15 a 39 anos (por mil hab.)"
3514957,"Embaúba",2.125398512,2014,"Longevidade",1.32,"Taxas de mortalidade 15 a 39 anos (por mil hab.)"
3514957,"Embaúba",1.096491228,2016,"Longevidade",1.19,"Taxas de mortalidade 15 a 39 anos (por mil hab.)"
3514957,"Embaúba",1.84569952,2018,"Longevidade",1.15,"Taxas de mortalidade 15 a 39 anos (por mil hab.)"
3514957,"Embaúba",1.881113619,2020,"Longevidade",1.17,"Taxas de mortalidade 15 a 39 anos (por mil hab.)"
3514957,"Embaúba",3.115264798,2022,"Longevidade",1.39,"Taxas de mortalidade 15 a 39 anos (por mil hab.)"
3514957,"Embaúba",1.857010214,2024,"Longevidade",1.28,"Taxas de mortalidade 15 a 39 anos (por mil hab.)"
3515004,"Embu das Artes",1.635278896,2014,"Longevidade",1.32,"Taxas de mortalidade 15 a 39 anos (por mil hab.)"
3515004,"Embu das Artes",1.598778247,2016,"Longevidade",1.19,"Taxas de mortalidade 15 a 39 anos (por mil hab.)"
3515004,"Embu das Artes",1.496099348,2018,"Longevidade",1.15,"Taxas de mortalidade 15 a 39 anos (por mil hab.)"
3515004,"Embu das Artes",1.485956198,2020,"Longevidade",1.17,"Taxas de mortalidade 15 a 39 anos (por mil hab.)"
3515004,"Embu das Artes",1.735630274,2022,"Longevidade",1.39,"Taxas de mortalidade 15 a 39 anos (por mil hab.)"
3515004,"Embu das Artes",1.730227067,2024,"Longevidade",1.28,"Taxas de mortalidade 15 a 39 anos (por mil hab.)"
3515103,"Embu-Guaçu",1.685969799,2014,"Longevidade",1.32,"Taxas de mortalidade 15 a 39 anos (por mil hab.)"
3515103,"Embu-Guaçu",1.824839426,2016,"Longevidade",1.19,"Taxas de mortalidade 15 a 39 anos (por mil hab.)"
3515103,"Embu-Guaçu",1.598115905,2018,"Longevidade",1.15,"Taxas de mortalidade 15 a 39 anos (por mil hab.)"
3515103,"Embu-Guaçu",1.444982299,2020,"Longevidade",1.17,"Taxas de mortalidade 15 a 39 anos (por mil hab.)"
3515103,"Embu-Guaçu",1.708345449,2022,"Longevidade",1.39,"Taxas de mortalidade 15 a 39 anos (por mil hab.)"
3515103,"Embu-Guaçu",1.508849197,2024,"Longevidade",1.28,"Taxas de mortalidade 15 a 39 anos (por mil hab.)"
3515129,"Emilianópolis",0.290613194,2014,"Longevidade",1.32,"Taxas de mortalidade 15 a 39 anos (por mil hab.)"
3515129,"Emilianópolis",1.492091913,2018,"Longevidade",1.15,"Taxas de mortalidade 15 a 39 anos (por mil hab.)"
3515129,"Emilianópolis",2.424242424,2020,"Longevidade",1.17,"Taxas de mortalidade 15 a 39 anos (por mil hab.)"
3515129,"Emilianópolis",2.152521525,2022,"Longevidade",1.39,"Taxas de mortalidade 15 a 39 anos (por mil hab.)"
3515129,"Emilianópolis",0.371195249,2024,"Longevidade",1.28,"Taxas de mortalidade 15 a 39 anos (por mil hab.)"
3515152,"Engenheiro Coelho",1.528498451,2014,"Longevidade",1.32,"Taxas de mortalidade 15 a 39 anos (por mil hab.)"
3515152,"Engenheiro Coelho",1.441241685,2016,"Longevidade",1.19,"Taxas de mortalidade 15 a 39 anos (por mil hab.)"
3515152,"Engenheiro Coelho",1.347610723,2018,"Longevidade",1.15,"Taxas de mortalidade 15 a 39 anos (por mil hab.)"
3515152,"Engenheiro Coelho",1.414527194,2020,"Longevidade",1.17,"Taxas de mortalidade 15 a 39 anos (por mil hab.)"
3515152,"Engenheiro Coelho",1.570680628,2022,"Longevidade",1.39,"Taxas de mortalidade 15 a 39 anos (por mil hab.)"
3515152,"Engenheiro Coelho",1.269035533,2024,"Longevidade",1.28,"Taxas de mortalidade 15 a 39 anos (por mil hab.)"
3515186,"Espírito Santo do Pinhal",1.082902178,2014,"Longevidade",1.32,"Taxas de mortalidade 15 a 39 anos (por mil hab.)"
3515186,"Espírito Santo do Pinhal",1.239686217,2016,"Longevidade",1.19,"Taxas de mortalidade 15 a 39 anos (por mil hab.)"
3515186,"Espírito Santo do Pinhal",1.210703439,2018,"Longevidade",1.15,"Taxas de mortalidade 15 a 39 anos (por mil hab.)"
3515186,"Espírito Santo do Pinhal",1.255413973,2020,"Longevidade",1.17,"Taxas de mortalidade 15 a 39 anos (por mil hab.)"
3515186,"Espírito Santo do Pinhal",1.370244289,2022,"Longevidade",1.39,"Taxas de mortalidade 15 a 39 anos (por mil hab.)"
3515186,"Espírito Santo do Pinhal",1.175205661,2024,"Longevidade",1.28,"Taxas de mortalidade 15 a 39 anos (por mil hab.)"
3515194,"Espírito Santo do Turvo",1.952431665,2014,"Longevidade",1.32,"Taxas de mortalidade 15 a 39 anos (por mil hab.)"
3515194,"Espírito Santo do Turvo",1.541623844,2016,"Longevidade",1.19,"Taxas de mortalidade 15 a 39 anos (por mil hab.)"
3515194,"Espírito Santo do Turvo",0.848608282,2018,"Longevidade",1.15,"Taxas de mortalidade 15 a 39 anos (por mil hab.)"
3515194,"Espírito Santo do Turvo",0.668672685,2020,"Longevidade",1.17,"Taxas de mortalidade 15 a 39 anos (por mil hab.)"
3515194,"Espírito Santo do Turvo",1.325381047,2022,"Longevidade",1.39,"Taxas de mortalidade 15 a 39 anos (por mil hab.)"
3515194,"Espírito Santo do Turvo",2.297410192,2024,"Longevidade",1.28,"Taxas de mortalidade 15 a 39 anos (por mil hab.)"
3515202,"Estrela d'Oeste",1.387110542,2014,"Longevidade",1.32,"Taxas de mortalidade 15 a 39 anos (por mil hab.)"
3515202,"Estrela d'Oeste",1.439645626,2016,"Longevidade",1.19,"Taxas de mortalidade 15 a 39 anos (por mil hab.)"
3515202,"Estrela d'Oeste",0.901205362,2018,"Longevidade",1.15,"Taxas de mortalidade 15 a 39 anos (por mil hab.)"
3515202,"Estrela d'Oeste",1.045296167,2020,"Longevidade",1.17,"Taxas de mortalidade 15 a 39 anos (por mil hab.)"
3515202,"Estrela d'Oeste",1.685325629,2022,"Longevidade",1.39,"Taxas de mortalidade 15 a 39 anos (por mil hab.)"
3515202,"Estrela d'Oeste",0.809552722,2024,"Longevidade",1.28,"Taxas de mortalidade 15 a 39 anos (por mil hab.)"
3515301,"Estrela do Norte",2.199183161,2014,"Longevidade",1.32,"Taxas de mortalidade 15 a 39 anos (por mil hab.)"
3515301,"Estrela do Norte",1.591849729,2016,"Longevidade",1.19,"Taxas de mortalidade 15 a 39 anos (por mil hab.)"
3515301,"Estrela do Norte",1.28328521,2018,"Longevidade",1.15,"Taxas de mortalidade 15 a 39 anos (por mil hab.)"
3515301,"Estrela do Norte",0.325203252,2020,"Longevidade",1.17,"Taxas de mortalidade 15 a 39 anos (por mil hab.)"
3515301,"Estrela do Norte",1.312335958,2022,"Longevidade",1.39,"Taxas de mortalidade 15 a 39 anos (por mil hab.)"
3515301,"Estrela do Norte",3.32963374,2024,"Longevidade",1.28,"Taxas de mortalidade 15 a 39 anos (por mil hab.)"
3515350,"Euclides da Cunha Paulista",1.134974681,2014,"Longevidade",1.32,"Taxas de mortalidade 15 a 39 anos (por mil hab.)"
3515350,"Euclides da Cunha Paulista",1.76366843,2016,"Longevidade",1.19,"Taxas de mortalidade 15 a 39 anos (por mil hab.)"
3515350,"Euclides da Cunha Paulista",1.508295626,2018,"Longevidade",1.15,"Taxas de mortalidade 15 a 39 anos (por mil hab.)"
3515350,"Euclides da Cunha Paulista",0.897021887,2020,"Longevidade",1.17,"Taxas de mortalidade 15 a 39 anos (por mil hab.)"
3515350,"Euclides da Cunha Paulista",1.177856302,2022,"Longevidade",1.39,"Taxas de mortalidade 15 a 39 anos (por mil hab.)"
3515350,"Euclides da Cunha Paulista",1.923605386,2024,"Longevidade",1.28,"Taxas de mortalidade 15 a 39 anos (por mil hab.)"
3515400,"Fartura",1.234567901,2014,"Longevidade",1.32,"Taxas de mortalidade 15 a 39 anos (por mil hab.)"
3515400,"Fartura",1.684352367,2016,"Longevidade",1.19,"Taxas de mortalidade 15 a 39 anos (por mil hab.)"
3515400,"Fartura",1.639251597,2018,"Longevidade",1.15,"Taxas de mortalidade 15 a 39 anos (por mil hab.)"
3515400,"Fartura",1.712328767,2020,"Longevidade",1.17,"Taxas de mortalidade 15 a 39 anos (por mil hab.)"
3515400,"Fartura",1.737015807,2022,"Longevidade",1.39,"Taxas de mortalidade 15 a 39 anos (por mil hab.)"
3515400,"Fartura",1.241795281,2024,"Longevidade",1.28,"Taxas de mortalidade 15 a 39 anos (por mil hab.)"
3515509,"Fernandópolis",1.230703374,2014,"Longevidade",1.32,"Taxas de mortalidade 15 a 39 anos (por mil hab.)"
3515509,"Fernandópolis",1.099930745,2016,"Longevidade",1.19,"Taxas de mortalidade 15 a 39 anos (por mil hab.)"
3515509,"Fernandópolis",1.014963859,2018,"Longevidade",1.15,"Taxas de mortalidade 15 a 39 anos (por mil hab.)"
3515509,"Fernandópolis",1.175877709,2020,"Longevidade",1.17,"Taxas de mortalidade 15 a 39 anos (por mil hab.)"
3515509,"Fernandópolis",1.524105307,2022,"Longevidade",1.39,"Taxas de mortalidade 15 a 39 anos (por mil hab.)"
3515509,"Fernandópolis",1.090705823,2024,"Longevidade",1.28,"Taxas de mortalidade 15 a 39 anos (por mil hab.)"
3515608,"Fernando Prestes",1.298912161,2014,"Longevidade",1.32,"Taxas de mortalidade 15 a 39 anos (por mil hab.)"
3515608,"Fernando Prestes",0.989609104,2016,"Longevidade",1.19,"Taxas de mortalidade 15 a 39 anos (por mil hab.)"
3515608,"Fernando Prestes",1.163177135,2018,"Longevidade",1.15,"Taxas de mortalidade 15 a 39 anos (por mil hab.)"
3515608,"Fernando Prestes",1.353637902,2020,"Longevidade",1.17,"Taxas de mortalidade 15 a 39 anos (por mil hab.)"
3515608,"Fernando Prestes",1.381692573,2022,"Longevidade",1.39,"Taxas de mortalidade 15 a 39 anos (por mil hab.)"
3515608,"Fernando Prestes",2.777777778,2024,"Longevidade",1.28,"Taxas de mortalidade 15 a 39 anos (por mil hab.)"
3515657,"Fernão",0.532481363,2014,"Longevidade",1.32,"Taxas de mortalidade 15 a 39 anos (por mil hab.)"
3515657,"Fernão",1.048218029,2016,"Longevidade",1.19,"Taxas de mortalidade 15 a 39 anos (por mil hab.)"
3515657,"Fernão",1.054852321,2018,"Longevidade",1.15,"Taxas de mortalidade 15 a 39 anos (por mil hab.)"
3515657,"Fernão",0.52826201800000006,2020,"Longevidade",1.17,"Taxas de mortalidade 15 a 39 anos (por mil hab.)"
3515657,"Fernão",0.529941706,2022,"Longevidade",1.39,"Taxas de mortalidade 15 a 39 anos (por mil hab.)"
3515657,"Fernão",1.792114695,2024,"Longevidade",1.28,"Taxas de mortalidade 15 a 39 anos (por mil hab.)"
3515707,"Ferraz de Vasconcelos",1.489676838,2014,"Longevidade",1.32,"Taxas de mortalidade 15 a 39 anos (por mil hab.)"
3515707,"Ferraz de Vasconcelos",1.277772953,2016,"Longevidade",1.19,"Taxas de mortalidade 15 a 39 anos (por mil hab.)"
3515707,"Ferraz de Vasconcelos",1.280578443,2018,"Longevidade",1.15,"Taxas de mortalidade 15 a 39 anos (por mil hab.)"
3515707,"Ferraz de Vasconcelos",1.33952455,2020,"Longevidade",1.17,"Taxas de mortalidade 15 a 39 anos (por mil hab.)"
3515707,"Ferraz de Vasconcelos",1.591284656,2022,"Longevidade",1.39,"Taxas de mortalidade 15 a 39 anos (por mil hab.)"
3515707,"Ferraz de Vasconcelos",1.58519974,2024,"Longevidade",1.28,"Taxas de mortalidade 15 a 39 anos (por mil hab.)"
3515806,"Flora Rica",1.131861913,2014,"Longevidade",1.32,"Taxas de mortalidade 15 a 39 anos (por mil hab.)"
3515806,"Flora Rica",0.577700751,2016,"Longevidade",1.19,"Taxas de mortalidade 15 a 39 anos (por mil hab.)"
3515806,"Flora Rica",2.326934264,2018,"Longevidade",1.15,"Taxas de mortalidade 15 a 39 anos (por mil hab.)"
3515806,"Flora Rica",1.795332136,2020,"Longevidade",1.17,"Taxas de mortalidade 15 a 39 anos (por mil hab.)"
3515806,"Flora Rica",1.234567901,2022,"Longevidade",1.39,"Taxas de mortalidade 15 a 39 anos (por mil hab.)"
3515806,"Flora Rica",1.638001638,2024,"Longevidade",1.28,"Taxas de mortalidade 15 a 39 anos (por mil hab.)"
3515905,"Floreal",1.330671989,2014,"Longevidade",1.32,"Taxas de mortalidade 15 a 39 anos (por mil hab.)"
3515905,"Floreal",0.685871056,2016,"Longevidade",1.19,"Taxas de mortalidade 15 a 39 anos (por mil hab.)"
3515905,"Floreal",0.690846287,2018,"Longevidade",1.15,"Taxas de mortalidade 15 a 39 anos (por mil hab.)"
3515905,"Floreal",0.702493853,2020,"Longevidade",1.17,"Taxas de mortalidade 15 a 39 anos (por mil hab.)"
3515905,"Floreal",0.726216412,2022,"Longevidade",1.39,"Taxas de mortalidade 15 a 39 anos (por mil hab.)"
3515905,"Floreal",0.466200466,2024,"Longevidade",1.28,"Taxas de mortalidade 15 a 39 anos (por mil hab.)"
3516002,"Flórida Paulista",1.638448935,2014,"Longevidade",1.32,"Taxas de mortalidade 15 a 39 anos (por mil hab.)"
3516002,"Flórida Paulista",0.811789684,2016,"Longevidade",1.19,"Taxas de mortalidade 15 a 39 anos (por mil hab.)"
3516002,"Flórida Paulista",0.823201621,2018,"Longevidade",1.15,"Taxas de mortalidade 15 a 39 anos (por mil hab.)"
3516002,"Flórida Paulista",0.844375162,2020,"Longevidade",1.17,"Taxas de mortalidade 15 a 39 anos (por mil hab.)"
3516002,"Flórida Paulista",1.334400854,2022,"Longevidade",1.39,"Taxas de mortalidade 15 a 39 anos (por mil hab.)"
3516002,"Flórida Paulista",1.686568171,2024,"Longevidade",1.28,"Taxas de mortalidade 15 a 39 anos (por mil hab.)"
3516101,"Florínea",0.650406504,2014,"Longevidade",1.32,"Taxas de mortalidade 15 a 39 anos (por mil hab.)"
3516101,"Florínea",0.67001675,2016,"Longevidade",1.19,"Taxas de mortalidade 15 a 39 anos (por mil hab.)"
3516101,"Florínea",0.676818951,2018,"Longevidade",1.15,"Taxas de mortalidade 15 a 39 anos (por mil hab.)"
3516101,"Florínea",2.085505735,2020,"Longevidade",1.17,"Taxas de mortalidade 15 a 39 anos (por mil hab.)"
3516101,"Florínea",2.134471718,2022,"Longevidade",1.39,"Taxas de mortalidade 15 a 39 anos (por mil hab.)"
3516101,"Florínea",1.406469761,2024,"Longevidade",1.28,"Taxas de mortalidade 15 a 39 anos (por mil hab.)"
3516200,"Franca",0.98929715,2014,"Longevidade",1.32,"Taxas de mortalidade 15 a 39 anos (por mil hab.)"
3516200,"Franca",1.106142563,2016,"Longevidade",1.19,"Taxas de mortalidade 15 a 39 anos (por mil hab.)"
3516200,"Franca",1.114735661,2018,"Longevidade",1.15,"Taxas de mortalidade 15 a 39 anos (por mil hab.)"
3516200,"Franca",1.0674284,2020,"Longevidade",1.17,"Taxas de mortalidade 15 a 39 anos (por mil hab.)"
3516200,"Franca",1.289510291,2022,"Longevidade",1.39,"Taxas de mortalidade 15 a 39 anos (por mil hab.)"
3516200,"Franca",1.18889415,2024,"Longevidade",1.28,"Taxas de mortalidade 15 a 39 anos (por mil hab.)"
3516309,"Francisco Morato",1.547377898,2014,"Longevidade",1.32,"Taxas de mortalidade 15 a 39 anos (por mil hab.)"
3516309,"Francisco Morato",1.242863777,2016,"Longevidade",1.19,"Taxas de mortalidade 15 a 39 anos (por mil hab.)"
3516309,"Francisco Morato",1.292253282,2018,"Longevidade",1.15,"Taxas de mortalidade 15 a 39 anos (por mil hab.)"
3516309,"Francisco Morato",1.457824332,2020,"Longevidade",1.17,"Taxas de mortalidade 15 a 39 anos (por mil hab.)"
3516309,"Francisco Morato",1.669628912,2022,"Longevidade",1.39,"Taxas de mortalidade 15 a 39 anos (por mil hab.)"
3516309,"Francisco Morato",1.854899028,2024,"Longevidade",1.28,"Taxas de mortalidade 15 a 39 anos (por mil hab.)"
3516408,"Franco da Rocha",1.318532416,2014,"Longevidade",1.32,"Taxas de mortalidade 15 a 39 anos (por mil hab.)"
3516408,"Franco da Rocha",1.211001953,2016,"Longevidade",1.19,"Taxas de mortalidade 15 a 39 anos (por mil hab.)"
3516408,"Franco da Rocha",1.171920189,2018,"Longevidade",1.15,"Taxas de mortalidade 15 a 39 anos (por mil hab.)"
3516408,"Franco da Rocha",1.150373872,2020,"Longevidade",1.17,"Taxas de mortalidade 15 a 39 anos (por mil hab.)"
3516408,"Franco da Rocha",1.39089017,2022,"Longevidade",1.39,"Taxas de mortalidade 15 a 39 anos (por mil hab.)"
3516408,"Franco da Rocha",1.440946908,2024,"Longevidade",1.28,"Taxas de mortalidade 15 a 39 anos (por mil hab.)"
3516507,"Gabriel Monteiro",1.748863239,2014,"Longevidade",1.32,"Taxas de mortalidade 15 a 39 anos (por mil hab.)"
3516507,"Gabriel Monteiro",1.443001443,2016,"Longevidade",1.19,"Taxas de mortalidade 15 a 39 anos (por mil hab.)"
3516507,"Gabriel Monteiro",1.094091904,2018,"Longevidade",1.15,"Taxas de mortalidade 15 a 39 anos (por mil hab.)"
3516507,"Gabriel Monteiro",0.37037037,2020,"Longevidade",1.17,"Taxas de mortalidade 15 a 39 anos (por mil hab.)"
3516507,"Gabriel Monteiro",0.759301443,2022,"Longevidade",1.39,"Taxas de mortalidade 15 a 39 anos (por mil hab.)"
3516507,"Gabriel Monteiro",0.816993464,2024,"Longevidade",1.28,"Taxas de mortalidade 15 a 39 anos (por mil hab.)"
3516606,"Gália",1.78662583,2014,"Longevidade",1.32,"Taxas de mortalidade 15 a 39 anos (por mil hab.)"
3516606,"Gália",1.863684771,2016,"Longevidade",1.19,"Taxas de mortalidade 15 a 39 anos (por mil hab.)"
3516606,"Gália",1.628664495,2018,"Longevidade",1.15,"Taxas de mortalidade 15 a 39 anos (por mil hab.)"
3516606,"Gália",1.40291807,2020,"Longevidade",1.17,"Taxas de mortalidade 15 a 39 anos (por mil hab.)"
3516606,"Gália",1.018033741,2022,"Longevidade",1.39,"Taxas de mortalidade 15 a 39 anos (por mil hab.)"
3516606,"Gália",2.642706131,2024,"Longevidade",1.28,"Taxas de mortalidade 15 a 39 anos (por mil hab.)"
3516705,"Garça",1.205438305,2014,"Longevidade",1.32,"Taxas de mortalidade 15 a 39 anos (por mil hab.)"
3516705,"Garça",1.497399786,2016,"Longevidade",1.19,"Taxas de mortalidade 15 a 39 anos (por mil hab.)"
3516705,"Garça",1.37528994,2018,"Longevidade",1.15,"Taxas de mortalidade 15 a 39 anos (por mil hab.)"
3516705,"Garça",1.035918902,2020,"Longevidade",1.17,"Taxas de mortalidade 15 a 39 anos (por mil hab.)"
3516705,"Garça",1.371473354,2022,"Longevidade",1.39,"Taxas de mortalidade 15 a 39 anos (por mil hab.)"
3516705,"Garça",1.550824757,2024,"Longevidade",1.28,"Taxas de mortalidade 15 a 39 anos (por mil hab.)"
3516804,"Gastão Vidigal",0.678541137,2014,"Longevidade",1.32,"Taxas de mortalidade 15 a 39 anos (por mil hab.)"
3516804,"Gastão Vidigal",0.825491167,2016,"Longevidade",1.19,"Taxas de mortalidade 15 a 39 anos (por mil hab.)"
3516804,"Gastão Vidigal",0.825900231,2018,"Longevidade",1.15,"Taxas de mortalidade 15 a 39 anos (por mil hab.)"
3516804,"Gastão Vidigal",0.494559842,2020,"Longevidade",1.17,"Taxas de mortalidade 15 a 39 anos (por mil hab.)"
3516804,"Gastão Vidigal",0.838363514,2022,"Longevidade",1.39,"Taxas de mortalidade 15 a 39 anos (por mil hab.)"
3516804,"Gastão Vidigal",0.998003992,2024,"Longevidade",1.28,"Taxas de mortalidade 15 a 39 anos (por mil hab.)"
3516853,"Gavião Peixoto",0.343819838,2014,"Longevidade",1.32,"Taxas de mortalidade 15 a 39 anos (por mil hab.)"
3516853,"Gavião Peixoto",1.042752868,2016,"Longevidade",1.19,"Taxas de mortalidade 15 a 39 anos (por mil hab.)"
3516853,"Gavião Peixoto",1.044386423,2018,"Longevidade",1.15,"Taxas de mortalidade 15 a 39 anos (por mil hab.)"
3516853,"Gavião Peixoto",1.231310466,2020,"Longevidade",1.17,"Taxas de mortalidade 15 a 39 anos (por mil hab.)"
3516853,"Gavião Peixoto",1.072961373,2022,"Longevidade",1.39,"Taxas de mortalidade 15 a 39 anos (por mil hab.)"
3516853,"Gavião Peixoto",1.738122827,2024,"Longevidade",1.28,"Taxas de mortalidade 15 a 39 anos (por mil hab.)"
3516903,"General Salgado",1.483679525,2014,"Longevidade",1.32,"Taxas de mortalidade 15 a 39 anos (por mil hab.)"
3516903,"General Salgado",1.680531048,2016,"Longevidade",1.19,"Taxas de mortalidade 15 a 39 anos (por mil hab.)"
3516903,"General Salgado",1.532175689,2018,"Longevidade",1.15,"Taxas de mortalidade 15 a 39 anos (por mil hab.)"
3516903,"General Salgado",1.651025374,2020,"Longevidade",1.17,"Taxas de mortalidade 15 a 39 anos (por mil hab.)"
3516903,"General Salgado",1.158335561,2022,"Longevidade",1.39,"Taxas de mortalidade 15 a 39 anos (por mil hab.)"
3516903,"General Salgado",0.83725798,2024,"Longevidade",1.28,"Taxas de mortalidade 15 a 39 anos (por mil hab.)"
3517000,"Getulina",0.698080279,2014,"Longevidade",1.32,"Taxas de mortalidade 15 a 39 anos (por mil hab.)"
3517000,"Getulina",1.051303616,2016,"Longevidade",1.19,"Taxas de mortalidade 15 a 39 anos (por mil hab.)"
3517000,"Getulina",1.055743243,2018,"Longevidade",1.15,"Taxas de mortalidade 15 a 39 anos (por mil hab.)"
3517000,"Getulina",0.782138794,2020,"Longevidade",1.17,"Taxas de mortalidade 15 a 39 anos (por mil hab.)"
3517000,"Getulina",0.792792793,2022,"Longevidade",1.39,"Taxas de mortalidade 15 a 39 anos (por mil hab.)"
3517000,"Getulina",0.957354221,2024,"Longevidade",1.28,"Taxas de mortalidade 15 a 39 anos (por mil hab.)"
3517109,"Glicério",1.675041876,2014,"Longevidade",1.32,"Taxas de mortalidade 15 a 39 anos (por mil hab.)"
3517109,"Glicério",2.06224222,2016,"Longevidade",1.19,"Taxas de mortalidade 15 a 39 anos (por mil hab.)"
3517109,"Glicério",2.262443439,2018,"Longevidade",1.15,"Taxas de mortalidade 15 a 39 anos (por mil hab.)"
3517109,"Glicério",1.90912562,2020,"Longevidade",1.17,"Taxas de mortalidade 15 a 39 anos (por mil hab.)"
3517109,"Glicério",0.777453839,2022,"Longevidade",1.39,"Taxas de mortalidade 15 a 39 anos (por mil hab.)"
3517109,"Glicério",1.098297639,2024,"Longevidade",1.28,"Taxas de mortalidade 15 a 39 anos (por mil hab.)"
3517208,"Guaiçara",1.515807709,2014,"Longevidade",1.32,"Taxas de mortalidade 15 a 39 anos (por mil hab.)"
3517208,"Guaiçara",0.770146328,2016,"Longevidade",1.19,"Taxas de mortalidade 15 a 39 anos (por mil hab.)"
3517208,"Guaiçara",0.83804735,2018,"Longevidade",1.15,"Taxas de mortalidade 15 a 39 anos (por mil hab.)"
3517208,"Guaiçara",1.178346157,2020,"Longevidade",1.17,"Taxas de mortalidade 15 a 39 anos (por mil hab.)"
3517208,"Guaiçara",2.010119914,2022,"Longevidade",1.39,"Taxas de mortalidade 15 a 39 anos (por mil hab.)"
3517208,"Guaiçara",2.165042885,2024,"Longevidade",1.28,"Taxas de mortalidade 15 a 39 anos (por mil hab.)"
3517307,"Guaimbê",2.14954706,2014,"Longevidade",1.32,"Taxas de mortalidade 15 a 39 anos (por mil hab.)"
3517307,"Guaimbê",1.3844024,2016,"Longevidade",1.19,"Taxas de mortalidade 15 a 39 anos (por mil hab.)"
3517307,"Guaimbê",1.85013876,2018,"Longevidade",1.15,"Taxas de mortalidade 15 a 39 anos (por mil hab.)"
3517307,"Guaimbê",1.243781095,2020,"Longevidade",1.17,"Taxas de mortalidade 15 a 39 anos (por mil hab.)"
3517307,"Guaimbê",1.417099669,2022,"Longevidade",1.39,"Taxas de mortalidade 15 a 39 anos (por mil hab.)"
3517307,"Guaimbê",1.613770845,2024,"Longevidade",1.28,"Taxas de mortalidade 15 a 39 anos (por mil hab.)"
3517406,"Guaíra",1.742047874,2014,"Longevidade",1.32,"Taxas de mortalidade 15 a 39 anos (por mil hab.)"
3517406,"Guaíra",1.801919152,2016,"Longevidade",1.19,"Taxas de mortalidade 15 a 39 anos (por mil hab.)"
3517406,"Guaíra",1.401848688,2018,"Longevidade",1.15,"Taxas de mortalidade 15 a 39 anos (por mil hab.)"
3517406,"Guaíra",1.360362169,2020,"Longevidade",1.17,"Taxas de mortalidade 15 a 39 anos (por mil hab.)"
3517406,"Guaíra",1.620338674,2022,"Longevidade",1.39,"Taxas de mortalidade 15 a 39 anos (por mil hab.)"
3517406,"Guaíra",1.138465917,2024,"Longevidade",1.28,"Taxas de mortalidade 15 a 39 anos (por mil hab.)"
3517505,"Guapiaçu",0.931690171,2014,"Longevidade",1.32,"Taxas de mortalidade 15 a 39 anos (por mil hab.)"
3517505,"Guapiaçu",0.982197667,2016,"Longevidade",1.19,"Taxas de mortalidade 15 a 39 anos (por mil hab.)"
3517505,"Guapiaçu",0.775004079,2018,"Longevidade",1.15,"Taxas de mortalidade 15 a 39 anos (por mil hab.)"
3517505,"Guapiaçu",1.174279236,2020,"Longevidade",1.17,"Taxas de mortalidade 15 a 39 anos (por mil hab.)"
3517505,"Guapiaçu",1.296386323,2022,"Longevidade",1.39,"Taxas de mortalidade 15 a 39 anos (por mil hab.)"
3517505,"Guapiaçu",1.127350324,2024,"Longevidade",1.28,"Taxas de mortalidade 15 a 39 anos (por mil hab.)"
3517604,"Guapiara",1.500847252,2014,"Longevidade",1.32,"Taxas de mortalidade 15 a 39 anos (por mil hab.)"
3517604,"Guapiara",1.119058045,2016,"Longevidade",1.19,"Taxas de mortalidade 15 a 39 anos (por mil hab.)"
3517604,"Guapiara",1.269097476,2018,"Longevidade",1.15,"Taxas de mortalidade 15 a 39 anos (por mil hab.)"
3517604,"Guapiara",1.669367113,2020,"Longevidade",1.17,"Taxas de mortalidade 15 a 39 anos (por mil hab.)"
3517604,"Guapiara",2.079002079,2022,"Longevidade",1.39,"Taxas de mortalidade 15 a 39 anos (por mil hab.)"
3517604,"Guapiara",2.531354275,2024,"Longevidade",1.28,"Taxas de mortalidade 15 a 39 anos (por mil hab.)"
3517703,"Guará",1.203079885,2014,"Longevidade",1.32,"Taxas de mortalidade 15 a 39 anos (por mil hab.)"
3517703,"Guará",1.159907207,2016,"Longevidade",1.19,"Taxas de mortalidade 15 a 39 anos (por mil hab.)"
3517703,"Guará",1.082641646,2018,"Longevidade",1.15,"Taxas de mortalidade 15 a 39 anos (por mil hab.)"
3517703,"Guará",1.0474579,2020,"Longevidade",1.17,"Taxas de mortalidade 15 a 39 anos (por mil hab.)"
3517703,"Guará",1.344578902,2022,"Longevidade",1.39,"Taxas de mortalidade 15 a 39 anos (por mil hab.)"
3517703,"Guará",1.08145308,2024,"Longevidade",1.28,"Taxas de mortalidade 15 a 39 anos (por mil hab.)"
3517802,"Guaraçaí",1.202185792,2014,"Longevidade",1.32,"Taxas de mortalidade 15 a 39 anos (por mil hab.)"
3517802,"Guaraçaí",1.575512041,2016,"Longevidade",1.19,"Taxas de mortalidade 15 a 39 anos (por mil hab.)"
3517802,"Guaraçaí",1.36379134,2018,"Longevidade",1.15,"Taxas de mortalidade 15 a 39 anos (por mil hab.)"
3517802,"Guaraçaí",0.696621386,2020,"Longevidade",1.17,"Taxas de mortalidade 15 a 39 anos (por mil hab.)"
3517802,"Guaraçaí",1.076426265,2022,"Longevidade",1.39,"Taxas de mortalidade 15 a 39 anos (por mil hab.)"
3517802,"Guaraçaí",0.784682988,2024,"Longevidade",1.28,"Taxas de mortalidade 15 a 39 anos (por mil hab.)"
3517901,"Guaraci",1.467408094,2014,"Longevidade",1.32,"Taxas de mortalidade 15 a 39 anos (por mil hab.)"
3517901,"Guaraci",1.436781609,2016,"Longevidade",1.19,"Taxas de mortalidade 15 a 39 anos (por mil hab.)"
3517901,"Guaraci",1.13481616,2018,"Longevidade",1.15,"Taxas de mortalidade 15 a 39 anos (por mil hab.)"
3517901,"Guaraci",1.057721366,2020,"Longevidade",1.17,"Taxas de mortalidade 15 a 39 anos (por mil hab.)"
3517901,"Guaraci",1.140250855,2022,"Longevidade",1.39,"Taxas de mortalidade 15 a 39 anos (por mil hab.)"
3517901,"Guaraci",1.753414544,2024,"Longevidade",1.28,"Taxas de mortalidade 15 a 39 anos (por mil hab.)"
3518008,"Guarani d'Oeste",0.467508181,2014,"Longevidade",1.32,"Taxas de mortalidade 15 a 39 anos (por mil hab.)"
3518008,"Guarani d'Oeste",1.896633476,2016,"Longevidade",1.19,"Taxas de mortalidade 15 a 39 anos (por mil hab.)"
3518008,"Guarani d'Oeste",1.912960306,2018,"Longevidade",1.15,"Taxas de mortalidade 15 a 39 anos (por mil hab.)"
3518008,"Guarani d'Oeste",1.464128843,2020,"Longevidade",1.17,"Taxas de mortalidade 15 a 39 anos (por mil hab.)"
3518008,"Guarani d'Oeste",2.487562189,2022,"Longevidade",1.39,"Taxas de mortalidade 15 a 39 anos (por mil hab.)"
3518008,"Guarani d'Oeste",1.147446931,2024,"Longevidade",1.28,"Taxas de mortalidade 15 a 39 anos (por mil hab.)"
3518107,"Guarantã",1.510574018,2014,"Longevidade",1.32,"Taxas de mortalidade 15 a 39 anos (por mil hab.)"
3518107,"Guarantã",1.25738715,2016,"Longevidade",1.19,"Taxas de mortalidade 15 a 39 anos (por mil hab.)"
3518107,"Guarantã",0.885179565,2018,"Longevidade",1.15,"Taxas de mortalidade 15 a 39 anos (por mil hab.)"
3518107,"Guarantã",1.022102977,2020,"Longevidade",1.17,"Taxas de mortalidade 15 a 39 anos (por mil hab.)"
3518107,"Guarantã",1.037613489,2022,"Longevidade",1.39,"Taxas de mortalidade 15 a 39 anos (por mil hab.)"
3518107,"Guarantã",1.497454328,2024,"Longevidade",1.28,"Taxas de mortalidade 15 a 39 anos (por mil hab.)"
3518206,"Guararapes",1.407168281,2014,"Longevidade",1.32,"Taxas de mortalidade 15 a 39 anos (por mil hab.)"
3518206,"Guararapes",1.363611065,2016,"Longevidade",1.19,"Taxas de mortalidade 15 a 39 anos (por mil hab.)"
3518206,"Guararapes",1.233529577,2018,"Longevidade",1.15,"Taxas de mortalidade 15 a 39 anos (por mil hab.)"
3518206,"Guararapes",1.338459348,2020,"Longevidade",1.17,"Taxas de mortalidade 15 a 39 anos (por mil hab.)"
3518206,"Guararapes",1.278363694,2022,"Longevidade",1.39,"Taxas de mortalidade 15 a 39 anos (por mil hab.)"
3518206,"Guararapes",1.244881245,2024,"Longevidade",1.28,"Taxas de mortalidade 15 a 39 anos (por mil hab.)"
3518305,"Guararema",1.391603008,2014,"Longevidade",1.32,"Taxas de mortalidade 15 a 39 anos (por mil hab.)"
3518305,"Guararema",1.197297528,2016,"Longevidade",1.19,"Taxas de mortalidade 15 a 39 anos (por mil hab.)"
3518305,"Guararema",1.304187576,2018,"Longevidade",1.15,"Taxas de mortalidade 15 a 39 anos (por mil hab.)"
3518305,"Guararema",1.290358776,2020,"Longevidade",1.17,"Taxas de mortalidade 15 a 39 anos (por mil hab.)"
3518305,"Guararema",1.430374422,2022,"Longevidade",1.39,"Taxas de mortalidade 15 a 39 anos (por mil hab.)"
3518305,"Guararema",1.576474155,2024,"Longevidade",1.28,"Taxas de mortalidade 15 a 39 anos (por mil hab.)"
3518404,"Guaratinguetá",1.720628505,2014,"Longevidade",1.32,"Taxas de mortalidade 15 a 39 anos (por mil hab.)"
3518404,"Guaratinguetá",1.565083865,2016,"Longevidade",1.19,"Taxas de mortalidade 15 a 39 anos (por mil hab.)"
3518404,"Guaratinguetá",1.524923196,2018,"Longevidade",1.15,"Taxas de mortalidade 15 a 39 anos (por mil hab.)"
3518404,"Guaratinguetá",1.420336499,2020,"Longevidade",1.17,"Taxas de mortalidade 15 a 39 anos (por mil hab.)"
3518404,"Guaratinguetá",1.411808272,2022,"Longevidade",1.39,"Taxas de mortalidade 15 a 39 anos (por mil hab.)"
3518404,"Guaratinguetá",1.439527438,2024,"Longevidade",1.28,"Taxas de mortalidade 15 a 39 anos (por mil hab.)"
3518503,"Guareí",0.532765051,2014,"Longevidade",1.32,"Taxas de mortalidade 15 a 39 anos (por mil hab.)"
3518503,"Guareí",1.526051886,2016,"Longevidade",1.19,"Taxas de mortalidade 15 a 39 anos (por mil hab.)"
3518503,"Guareí",1.352884699,2018,"Longevidade",1.15,"Taxas de mortalidade 15 a 39 anos (por mil hab.)"
3518503,"Guareí",1.091036048,2020,"Longevidade",1.17,"Taxas de mortalidade 15 a 39 anos (por mil hab.)"
3518503,"Guareí",1.617698496,2022,"Longevidade",1.39,"Taxas de mortalidade 15 a 39 anos (por mil hab.)"
3518503,"Guareí",1.755786113,2024,"Longevidade",1.28,"Taxas de mortalidade 15 a 39 anos (por mil hab.)"
3518602,"Guariba",1.520850032,2014,"Longevidade",1.32,"Taxas de mortalidade 15 a 39 anos (por mil hab.)"
3518602,"Guariba",1.421290938,2016,"Longevidade",1.19,"Taxas de mortalidade 15 a 39 anos (por mil hab.)"
3518602,"Guariba",1.098901099,2018,"Longevidade",1.15,"Taxas de mortalidade 15 a 39 anos (por mil hab.)"
3518602,"Guariba",1.246831821,2020,"Longevidade",1.17,"Taxas de mortalidade 15 a 39 anos (por mil hab.)"
3518602,"Guariba",1.636423896,2022,"Longevidade",1.39,"Taxas de mortalidade 15 a 39 anos (por mil hab.)"
3518602,"Guariba",1.498489983,2024,"Longevidade",1.28,"Taxas de mortalidade 15 a 39 anos (por mil hab.)"
3518701,"Guarujá",1.628331915,2014,"Longevidade",1.32,"Taxas de mortalidade 15 a 39 anos (por mil hab.)"
3518701,"Guarujá",1.551897511,2016,"Longevidade",1.19,"Taxas de mortalidade 15 a 39 anos (por mil hab.)"
3518701,"Guarujá",1.637774109,2018,"Longevidade",1.15,"Taxas de mortalidade 15 a 39 anos (por mil hab.)"
3518701,"Guarujá",1.620176384,2020,"Longevidade",1.17,"Taxas de mortalidade 15 a 39 anos (por mil hab.)"
3518701,"Guarujá",1.700160362,2022,"Longevidade",1.39,"Taxas de mortalidade 15 a 39 anos (por mil hab.)"
3518701,"Guarujá",1.690105514,2024,"Longevidade",1.28,"Taxas de mortalidade 15 a 39 anos (por mil hab.)"
3518800,"Guarulhos",1.494509184,2014,"Longevidade",1.32,"Taxas de mortalidade 15 a 39 anos (por mil hab.)"
3518800,"Guarulhos",1.314959986,2016,"Longevidade",1.19,"Taxas de mortalidade 15 a 39 anos (por mil hab.)"
3518800,"Guarulhos",1.298891336,2018,"Longevidade",1.15,"Taxas de mortalidade 15 a 39 anos (por mil hab.)"
3518800,"Guarulhos",1.319923969,2020,"Longevidade",1.17,"Taxas de mortalidade 15 a 39 anos (por mil hab.)"
3518800,"Guarulhos",1.515521937,2022,"Longevidade",1.39,"Taxas de mortalidade 15 a 39 anos (por mil hab.)"
3518800,"Guarulhos",1.518331411,2024,"Longevidade",1.28,"Taxas de mortalidade 15 a 39 anos (por mil hab.)"
3518859,"Guatapará",0.685871056,2014,"Longevidade",1.32,"Taxas de mortalidade 15 a 39 anos (por mil hab.)"
3518859,"Guatapará",1.574448943,2016,"Longevidade",1.19,"Taxas de mortalidade 15 a 39 anos (por mil hab.)"
3518859,"Guatapará",1.234983721,2018,"Longevidade",1.15,"Taxas de mortalidade 15 a 39 anos (por mil hab.)"
3518859,"Guatapará",1.008403361,2020,"Longevidade",1.17,"Taxas de mortalidade 15 a 39 anos (por mil hab.)"
3518859,"Guatapará",1.237484531,2022,"Longevidade",1.39,"Taxas de mortalidade 15 a 39 anos (por mil hab.)"
3518859,"Guatapará",2.28956229,2024,"Longevidade",1.28,"Taxas de mortalidade 15 a 39 anos (por mil hab.)"
3518909,"Guzolândia",1.87457396,2014,"Longevidade",1.32,"Taxas de mortalidade 15 a 39 anos (por mil hab.)"
3518909,"Guzolândia",1.338688086,2016,"Longevidade",1.19,"Taxas de mortalidade 15 a 39 anos (por mil hab.)"
3518909,"Guzolândia",1.338016391,2018,"Longevidade",1.15,"Taxas de mortalidade 15 a 39 anos (por mil hab.)"
3518909,"Guzolândia",1.004520342,2020,"Longevidade",1.17,"Taxas de mortalidade 15 a 39 anos (por mil hab.)"
3518909,"Guzolândia",1.684352367,2022,"Longevidade",1.39,"Taxas de mortalidade 15 a 39 anos (por mil hab.)"
3518909,"Guzolândia",1.677450276,2024,"Longevidade",1.28,"Taxas de mortalidade 15 a 39 anos (por mil hab.)"
3519006,"Herculândia",0.937910336,2014,"Longevidade",1.32,"Taxas de mortalidade 15 a 39 anos (por mil hab.)"
3519006,"Herculândia",0.927471712,2016,"Longevidade",1.19,"Taxas de mortalidade 15 a 39 anos (por mil hab.)"
3519006,"Herculândia",1.022209832,2018,"Longevidade",1.15,"Taxas de mortalidade 15 a 39 anos (por mil hab.)"
3519006,"Herculândia",1.489341897,2020,"Longevidade",1.17,"Taxas de mortalidade 15 a 39 anos (por mil hab.)"
3519006,"Herculândia",2.160841789,2022,"Longevidade",1.39,"Taxas de mortalidade 15 a 39 anos (por mil hab.)"
3519006,"Herculândia",1.537515375,2024,"Longevidade",1.28,"Taxas de mortalidade 15 a 39 anos (por mil hab.)"
3519055,"Holambra",1.382343701,2014,"Longevidade",1.32,"Taxas de mortalidade 15 a 39 anos (por mil hab.)"
3519055,"Holambra",0.891742465,2016,"Longevidade",1.19,"Taxas de mortalidade 15 a 39 anos (por mil hab.)"
3519055,"Holambra",0.647820966,2018,"Longevidade",1.15,"Taxas de mortalidade 15 a 39 anos (por mil hab.)"
3519055,"Holambra",0.867904878,2020,"Longevidade",1.17,"Taxas de mortalidade 15 a 39 anos (por mil hab.)"
3519055,"Holambra",0.920810313,2022,"Longevidade",1.39,"Taxas de mortalidade 15 a 39 anos (por mil hab.)"
3519055,"Holambra",0.952040938,2024,"Longevidade",1.28,"Taxas de mortalidade 15 a 39 anos (por mil hab.)"
3519071,"Hortolândia",1.327579297,2014,"Longevidade",1.32,"Taxas de mortalidade 15 a 39 anos (por mil hab.)"
3519071,"Hortolândia",1.045874946,2016,"Longevidade",1.19,"Taxas de mortalidade 15 a 39 anos (por mil hab.)"
3519071,"Hortolândia",0.985832469,2018,"Longevidade",1.15,"Taxas de mortalidade 15 a 39 anos (por mil hab.)"
3519071,"Hortolândia",0.998901209,2020,"Longevidade",1.17,"Taxas de mortalidade 15 a 39 anos (por mil hab.)"
3519071,"Hortolândia",1.153767546,2022,"Longevidade",1.39,"Taxas de mortalidade 15 a 39 anos (por mil hab.)"
3519071,"Hortolândia",0.956687521,2024,"Longevidade",1.28,"Taxas de mortalidade 15 a 39 anos (por mil hab.)"
3519105,"Iacanga",0.994568128,2014,"Longevidade",1.32,"Taxas de mortalidade 15 a 39 anos (por mil hab.)"
3519105,"Iacanga",1.486767767,2016,"Longevidade",1.19,"Taxas de mortalidade 15 a 39 anos (por mil hab.)"
3519105,"Iacanga",1.785315778,2018,"Longevidade",1.15,"Taxas de mortalidade 15 a 39 anos (por mil hab.)"
3519105,"Iacanga",1.633986928,2020,"Longevidade",1.17,"Taxas de mortalidade 15 a 39 anos (por mil hab.)"
3519105,"Iacanga",1.044932079,2022,"Longevidade",1.39,"Taxas de mortalidade 15 a 39 anos (por mil hab.)"
3519105,"Iacanga",1.608934318,2024,"Longevidade",1.28,"Taxas de mortalidade 15 a 39 anos (por mil hab.)"
3519204,"Iacri",1.407657658,2014,"Longevidade",1.32,"Taxas de mortalidade 15 a 39 anos (por mil hab.)"
3519204,"Iacri",2.181500873,2016,"Longevidade",1.19,"Taxas de mortalidade 15 a 39 anos (por mil hab.)"
3519204,"Iacri",2.057613169,2018,"Longevidade",1.15,"Taxas de mortalidade 15 a 39 anos (por mil hab.)"
3519204,"Iacri",1.955475331,2020,"Longevidade",1.17,"Taxas de mortalidade 15 a 39 anos (por mil hab.)"
3519204,"Iacri",1.846722068,2022,"Longevidade",1.39,"Taxas de mortalidade 15 a 39 anos (por mil hab.)"
3519204,"Iacri",1.518218623,2024,"Longevidade",1.28,"Taxas de mortalidade 15 a 39 anos (por mil hab.)"
3519253,"Iaras",1.589464124,2014,"Longevidade",1.32,"Taxas de mortalidade 15 a 39 anos (por mil hab.)"
3519253,"Iaras",1.542699725,2016,"Longevidade",1.19,"Taxas de mortalidade 15 a 39 anos (por mil hab.)"
3519253,"Iaras",1.642036125,2018,"Longevidade",1.15,"Taxas de mortalidade 15 a 39 anos (por mil hab.)"
3519253,"Iaras",1.078399655,2020,"Longevidade",1.17,"Taxas de mortalidade 15 a 39 anos (por mil hab.)"
3519253,"Iaras",1.815075806,2022,"Longevidade",1.39,"Taxas de mortalidade 15 a 39 anos (por mil hab.)"
3519253,"Iaras",2.484913028,2024,"Longevidade",1.28,"Taxas de mortalidade 15 a 39 anos (por mil hab.)"
3519303,"Ibaté",1.440486978,2014,"Longevidade",1.32,"Taxas de mortalidade 15 a 39 anos (por mil hab.)"
3519303,"Ibaté",1.110280289,2016,"Longevidade",1.19,"Taxas de mortalidade 15 a 39 anos (por mil hab.)"
3519303,"Ibaté",1.155283724,2018,"Longevidade",1.15,"Taxas de mortalidade 15 a 39 anos (por mil hab.)"
3519303,"Ibaté",1.108471892,2020,"Longevidade",1.17,"Taxas de mortalidade 15 a 39 anos (por mil hab.)"
3519303,"Ibaté",1.412236345,2022,"Longevidade",1.39,"Taxas de mortalidade 15 a 39 anos (por mil hab.)"
3519303,"Ibaté",1.679328269,2024,"Longevidade",1.28,"Taxas de mortalidade 15 a 39 anos (por mil hab.)"
3519402,"Ibirá",0.873171797,2014,"Longevidade",1.32,"Taxas de mortalidade 15 a 39 anos (por mil hab.)"
3519402,"Ibirá",0.920419145,2016,"Longevidade",1.19,"Taxas de mortalidade 15 a 39 anos (por mil hab.)"
3519402,"Ibirá",0.710429099,2018,"Longevidade",1.15,"Taxas de mortalidade 15 a 39 anos (por mil hab.)"
3519402,"Ibirá",0.923754708,2020,"Longevidade",1.17,"Taxas de mortalidade 15 a 39 anos (por mil hab.)"
3519402,"Ibirá",1.076426265,2022,"Longevidade",1.39,"Taxas de mortalidade 15 a 39 anos (por mil hab.)"
3519402,"Ibirá",1.621852326,2024,"Longevidade",1.28,"Taxas de mortalidade 15 a 39 anos (por mil hab.)"
3519501,"Ibirarema",0.966183575,2014,"Longevidade",1.32,"Taxas de mortalidade 15 a 39 anos (por mil hab.)"
3519501,"Ibirarema",0.801832761,2016,"Longevidade",1.19,"Taxas de mortalidade 15 a 39 anos (por mil hab.)"
3519501,"Ibirarema",0.68119891,2018,"Longevidade",1.15,"Taxas de mortalidade 15 a 39 anos (por mil hab.)"
3519501,"Ibirarema",0.555740802,2020,"Longevidade",1.17,"Taxas de mortalidade 15 a 39 anos (por mil hab.)"
3519501,"Ibirarema",1.320567844,2022,"Longevidade",1.39,"Taxas de mortalidade 15 a 39 anos (por mil hab.)"
3519501,"Ibirarema",1.271051795,2024,"Longevidade",1.28,"Taxas de mortalidade 15 a 39 anos (por mil hab.)"
3519600,"Ibitinga",1.286108582,2014,"Longevidade",1.32,"Taxas de mortalidade 15 a 39 anos (por mil hab.)"
3519600,"Ibitinga",1.15706021,2016,"Longevidade",1.19,"Taxas de mortalidade 15 a 39 anos (por mil hab.)"
3519600,"Ibitinga",1.045785342,2018,"Longevidade",1.15,"Taxas de mortalidade 15 a 39 anos (por mil hab.)"
3519600,"Ibitinga",1.123741194,2020,"Longevidade",1.17,"Taxas de mortalidade 15 a 39 anos (por mil hab.)"
3519600,"Ibitinga",1.722879252,2022,"Longevidade",1.39,"Taxas de mortalidade 15 a 39 anos (por mil hab.)"
3519600,"Ibitinga",1.389843452,2024,"Longevidade",1.28,"Taxas de mortalidade 15 a 39 anos (por mil hab.)"
3519709,"Ibiúna",1.545509742,2014,"Longevidade",1.32,"Taxas de mortalidade 15 a 39 anos (por mil hab.)"
3519709,"Ibiúna",1.734360942,2016,"Longevidade",1.19,"Taxas de mortalidade 15 a 39 anos (por mil hab.)"
3519709,"Ibiúna",1.711735136,2018,"Longevidade",1.15,"Taxas de mortalidade 15 a 39 anos (por mil hab.)"
3519709,"Ibiúna",1.526320917,2020,"Longevidade",1.17,"Taxas de mortalidade 15 a 39 anos (por mil hab.)"
3519709,"Ibiúna",1.722821939,2022,"Longevidade",1.39,"Taxas de mortalidade 15 a 39 anos (por mil hab.)"
3519709,"Ibiúna",1.834539606,2024,"Longevidade",1.28,"Taxas de mortalidade 15 a 39 anos (por mil hab.)"
3519808,"Icém",2.054442732,2014,"Longevidade",1.32,"Taxas de mortalidade 15 a 39 anos (por mil hab.)"
3519808,"Icém",0.717727879,2016,"Longevidade",1.19,"Taxas de mortalidade 15 a 39 anos (por mil hab.)"
3519808,"Icém",1.545595054,2018,"Longevidade",1.15,"Taxas de mortalidade 15 a 39 anos (por mil hab.)"
3519808,"Icém",1.873828857,2020,"Longevidade",1.17,"Taxas de mortalidade 15 a 39 anos (por mil hab.)"
3519808,"Icém",1.376098232,2022,"Longevidade",1.39,"Taxas de mortalidade 15 a 39 anos (por mil hab.)"
3519808,"Icém",1.2037645,2024,"Longevidade",1.28,"Taxas de mortalidade 15 a 39 anos (por mil hab.)"
3519907,"Iepê",0.794461469,2014,"Longevidade",1.32,"Taxas de mortalidade 15 a 39 anos (por mil hab.)"
3519907,"Iepê",0.453052441,2016,"Longevidade",1.19,"Taxas de mortalidade 15 a 39 anos (por mil hab.)"
3519907,"Iepê",0.909814625,2018,"Longevidade",1.15,"Taxas de mortalidade 15 a 39 anos (por mil hab.)"
3519907,"Iepê",1.377884947,2020,"Longevidade",1.17,"Taxas de mortalidade 15 a 39 anos (por mil hab.)"
3519907,"Iepê",1.046025105,2022,"Longevidade",1.39,"Taxas de mortalidade 15 a 39 anos (por mil hab.)"
3519907,"Iepê",1.089769786,2024,"Longevidade",1.28,"Taxas de mortalidade 15 a 39 anos (por mil hab.)"
3520004,"Igaraçu do Tietê",1.720473636,2014,"Longevidade",1.32,"Taxas de mortalidade 15 a 39 anos (por mil hab.)"
3520004,"Igaraçu do Tietê",1.270560764,2016,"Longevidade",1.19,"Taxas de mortalidade 15 a 39 anos (por mil hab.)"
3520004,"Igaraçu do Tietê",1.108455437,2018,"Longevidade",1.15,"Taxas de mortalidade 15 a 39 anos (por mil hab.)"
3520004,"Igaraçu do Tietê",0.847457627,2020,"Longevidade",1.17,"Taxas de mortalidade 15 a 39 anos (por mil hab.)"
3520004,"Igaraçu do Tietê",1.514495889,2022,"Longevidade",1.39,"Taxas de mortalidade 15 a 39 anos (por mil hab.)"
3520004,"Igaraçu do Tietê",1.779874995,2024,"Longevidade",1.28,"Taxas de mortalidade 15 a 39 anos (por mil hab.)"
3520103,"Igarapava",1.335720579,2014,"Longevidade",1.32,"Taxas de mortalidade 15 a 39 anos (por mil hab.)"
3520103,"Igarapava",1.283587198,2016,"Longevidade",1.19,"Taxas de mortalidade 15 a 39 anos (por mil hab.)"
3520103,"Igarapava",1.292657704,2018,"Longevidade",1.15,"Taxas de mortalidade 15 a 39 anos (por mil hab.)"
3520103,"Igarapava",1.077805937,2020,"Longevidade",1.17,"Taxas de mortalidade 15 a 39 anos (por mil hab.)"
3520103,"Igarapava",1.129339039,2022,"Longevidade",1.39,"Taxas de mortalidade 15 a 39 anos (por mil hab.)"
3520103,"Igarapava",1.410384887,2024,"Longevidade",1.28,"Taxas de mortalidade 15 a 39 anos (por mil hab.)"
3520202,"Igaratá",1.790594666,2014,"Longevidade",1.32,"Taxas de mortalidade 15 a 39 anos (por mil hab.)"
3520202,"Igaratá",1.121390524,2016,"Longevidade",1.19,"Taxas de mortalidade 15 a 39 anos (por mil hab.)"
3520202,"Igaratá",1.217570479,2018,"Longevidade",1.15,"Taxas de mortalidade 15 a 39 anos (por mil hab.)"
3520202,"Igaratá",1.220313527,2020,"Longevidade",1.17,"Taxas de mortalidade 15 a 39 anos (por mil hab.)"
3520202,"Igaratá",2.46492226,2022,"Longevidade",1.39,"Taxas de mortalidade 15 a 39 anos (por mil hab.)"
3520202,"Igaratá",1.768346596,2024,"Longevidade",1.28,"Taxas de mortalidade 15 a 39 anos (por mil hab.)"
3520301,"Iguape",1.672346333,2014,"Longevidade",1.32,"Taxas de mortalidade 15 a 39 anos (por mil hab.)"
3520301,"Iguape",1.271317829,2016,"Longevidade",1.19,"Taxas de mortalidade 15 a 39 anos (por mil hab.)"
3520301,"Iguape",1.297016861,2018,"Longevidade",1.15,"Taxas de mortalidade 15 a 39 anos (por mil hab.)"
3520301,"Iguape",1.254973982,2020,"Longevidade",1.17,"Taxas de mortalidade 15 a 39 anos (por mil hab.)"
3520301,"Iguape",1.589484946,2022,"Longevidade",1.39,"Taxas de mortalidade 15 a 39 anos (por mil hab.)"
3520301,"Iguape",1.949748004,2024,"Longevidade",1.28,"Taxas de mortalidade 15 a 39 anos (por mil hab.)"
3520400,"Ilhabela",1.224479596,2014,"Longevidade",1.32,"Taxas de mortalidade 15 a 39 anos (por mil hab.)"
3520400,"Ilhabela",0.966954336,2016,"Longevidade",1.19,"Taxas de mortalidade 15 a 39 anos (por mil hab.)"
3520400,"Ilhabela",0.868306802,2018,"Longevidade",1.15,"Taxas de mortalidade 15 a 39 anos (por mil hab.)"
3520400,"Ilhabela",0.864615606,2020,"Longevidade",1.17,"Taxas de mortalidade 15 a 39 anos (por mil hab.)"
3520400,"Ilhabela",1.087981432,2022,"Longevidade",1.39,"Taxas de mortalidade 15 a 39 anos (por mil hab.)"
3520400,"Ilhabela",1.102535832,2024,"Longevidade",1.28,"Taxas de mortalidade 15 a 39 anos (por mil hab.)"
3520426,"Ilha Comprida",2.117074203,2014,"Longevidade",1.32,"Taxas de mortalidade 15 a 39 anos (por mil hab.)"
3520426,"Ilha Comprida",1.66031839,2016,"Longevidade",1.19,"Taxas de mortalidade 15 a 39 anos (por mil hab.)"
3520426,"Ilha Comprida",1.150086256,2018,"Longevidade",1.15,"Taxas de mortalidade 15 a 39 anos (por mil hab.)"
3520426,"Ilha Comprida",1.4781966,2020,"Longevidade",1.17,"Taxas de mortalidade 15 a 39 anos (por mil hab.)"
3520426,"Ilha Comprida",3.14295977,2022,"Longevidade",1.39,"Taxas de mortalidade 15 a 39 anos (por mil hab.)"
3520426,"Ilha Comprida",1.996551411,2024,"Longevidade",1.28,"Taxas de mortalidade 15 a 39 anos (por mil hab.)"
3520442,"Ilha Solteira",1.627536533,2014,"Longevidade",1.32,"Taxas de mortalidade 15 a 39 anos (por mil hab.)"
3520442,"Ilha Solteira",1.134993261,2016,"Longevidade",1.19,"Taxas de mortalidade 15 a 39 anos (por mil hab.)"
3520442,"Ilha Solteira",1.147940881,2018,"Longevidade",1.15,"Taxas de mortalidade 15 a 39 anos (por mil hab.)"
3520442,"Ilha Solteira",0.953848411,2020,"Longevidade",1.17,"Taxas de mortalidade 15 a 39 anos (por mil hab.)"
3520442,"Ilha Solteira",1.123721766,2022,"Longevidade",1.39,"Taxas de mortalidade 15 a 39 anos (por mil hab.)"
3520442,"Ilha Solteira",1.273675993,2024,"Longevidade",1.28,"Taxas de mortalidade 15 a 39 anos (por mil hab.)"
3520509,"Indaiatuba",0.96033906,2014,"Longevidade",1.32,"Taxas de mortalidade 15 a 39 anos (por mil hab.)"
3520509,"Indaiatuba",0.778357598,2016,"Longevidade",1.19,"Taxas de mortalidade 15 a 39 anos (por mil hab.)"
3520509,"Indaiatuba",0.684767466,2018,"Longevidade",1.15,"Taxas de mortalidade 15 a 39 anos (por mil hab.)"
3520509,"Indaiatuba",0.851657379,2020,"Longevidade",1.17,"Taxas de mortalidade 15 a 39 anos (por mil hab.)"
3520509,"Indaiatuba",1.165230335,2022,"Longevidade",1.39,"Taxas de mortalidade 15 a 39 anos (por mil hab.)"
3520509,"Indaiatuba",0.945611519,2024,"Longevidade",1.28,"Taxas de mortalidade 15 a 39 anos (por mil hab.)"
3520608,"Indiana",1.387443635,2014,"Longevidade",1.32,"Taxas de mortalidade 15 a 39 anos (por mil hab.)"
3520608,"Indiana",1.787310098,2016,"Longevidade",1.19,"Taxas de mortalidade 15 a 39 anos (por mil hab.)"
3520608,"Indiana",0.910746812,2018,"Longevidade",1.15,"Taxas de mortalidade 15 a 39 anos (por mil hab.)"
3520608,"Indiana",0.753295669,2020,"Longevidade",1.17,"Taxas de mortalidade 15 a 39 anos (por mil hab.)"
3520608,"Indiana",0.777453839,2022,"Longevidade",1.39,"Taxas de mortalidade 15 a 39 anos (por mil hab.)"
3520608,"Indiana",0.791765637,2024,"Longevidade",1.28,"Taxas de mortalidade 15 a 39 anos (por mil hab.)"
3520707,"Indiaporã",0.722021661,2014,"Longevidade",1.32,"Taxas de mortalidade 15 a 39 anos (por mil hab.)"
3520707,"Indiaporã",2.000500125,2016,"Longevidade",1.19,"Taxas de mortalidade 15 a 39 anos (por mil hab.)"
3520707,"Indiaporã",1.761006289,2018,"Longevidade",1.15,"Taxas de mortalidade 15 a 39 anos (por mil hab.)"
3520707,"Indiaporã",0.258197779,2020,"Longevidade",1.17,"Taxas de mortalidade 15 a 39 anos (por mil hab.)"
3520707,"Indiaporã",1.071811361,2022,"Longevidade",1.39,"Taxas de mortalidade 15 a 39 anos (por mil hab.)"
3520707,"Indiaporã",2.601908066,2024,"Longevidade",1.28,"Taxas de mortalidade 15 a 39 anos (por mil hab.)"
3520806,"Inúbia Paulista",1.126887537,2014,"Longevidade",1.32,"Taxas de mortalidade 15 a 39 anos (por mil hab.)"
3520806,"Inúbia Paulista",0.88711466,2016,"Longevidade",1.19,"Taxas de mortalidade 15 a 39 anos (por mil hab.)"
3520806,"Inúbia Paulista",1.112594571,2018,"Longevidade",1.15,"Taxas de mortalidade 15 a 39 anos (por mil hab.)"
3520806,"Inúbia Paulista",1.344086022,2020,"Longevidade",1.17,"Taxas de mortalidade 15 a 39 anos (por mil hab.)"
3520806,"Inúbia Paulista",0.678886626,2022,"Longevidade",1.39,"Taxas de mortalidade 15 a 39 anos (por mil hab.)"
3520806,"Inúbia Paulista",0.853242321,2024,"Longevidade",1.28,"Taxas de mortalidade 15 a 39 anos (por mil hab.)"
3520905,"Ipaussu",1.530942707,2014,"Longevidade",1.32,"Taxas de mortalidade 15 a 39 anos (por mil hab.)"
3520905,"Ipaussu",1.514886675,2016,"Longevidade",1.19,"Taxas de mortalidade 15 a 39 anos (por mil hab.)"
3520905,"Ipaussu",1.287001287,2018,"Longevidade",1.15,"Taxas de mortalidade 15 a 39 anos (por mil hab.)"
3520905,"Ipaussu",0.99835565,2020,"Longevidade",1.17,"Taxas de mortalidade 15 a 39 anos (por mil hab.)"
3520905,"Ipaussu",1.298394712,2022,"Longevidade",1.39,"Taxas de mortalidade 15 a 39 anos (por mil hab.)"
3520905,"Ipaussu",1.239925604,2024,"Longevidade",1.28,"Taxas de mortalidade 15 a 39 anos (por mil hab.)"
3521002,"Iperó",1.264976849,2014,"Longevidade",1.32,"Taxas de mortalidade 15 a 39 anos (por mil hab.)"
3521002,"Iperó",1.179822804,2016,"Longevidade",1.19,"Taxas de mortalidade 15 a 39 anos (por mil hab.)"
3521002,"Iperó",0.965166272,2018,"Longevidade",1.15,"Taxas de mortalidade 15 a 39 anos (por mil hab.)"
3521002,"Iperó",0.788878939,2020,"Longevidade",1.17,"Taxas de mortalidade 15 a 39 anos (por mil hab.)"
3521002,"Iperó",1.006352601,2022,"Longevidade",1.39,"Taxas de mortalidade 15 a 39 anos (por mil hab.)"
3521002,"Iperó",1.040959493,2024,"Longevidade",1.28,"Taxas de mortalidade 15 a 39 anos (por mil hab.)"
3521101,"Ipeúna",0.699545296,2014,"Longevidade",1.32,"Taxas de mortalidade 15 a 39 anos (por mil hab.)"
3521101,"Ipeúna",1.0801469,2016,"Longevidade",1.19,"Taxas de mortalidade 15 a 39 anos (por mil hab.)"
3521101,"Ipeúna",1.057865228,2018,"Longevidade",1.15,"Taxas de mortalidade 15 a 39 anos (por mil hab.)"
3521101,"Ipeúna",0.917150718,2020,"Longevidade",1.17,"Taxas de mortalidade 15 a 39 anos (por mil hab.)"
3521101,"Ipeúna",1.288149029,2022,"Longevidade",1.39,"Taxas de mortalidade 15 a 39 anos (por mil hab.)"
3521101,"Ipeúna",1.828631139,2024,"Longevidade",1.28,"Taxas de mortalidade 15 a 39 anos (por mil hab.)"
3521150,"Ipiguá",1.610305958,2014,"Longevidade",1.32,"Taxas de mortalidade 15 a 39 anos (por mil hab.)"
3521150,"Ipiguá",1.359850416,2016,"Longevidade",1.19,"Taxas de mortalidade 15 a 39 anos (por mil hab.)"
3521150,"Ipiguá",1.682651859,2018,"Longevidade",1.15,"Taxas de mortalidade 15 a 39 anos (por mil hab.)"
3521150,"Ipiguá",1.489572989,2020,"Longevidade",1.17,"Taxas de mortalidade 15 a 39 anos (por mil hab.)"
3521150,"Ipiguá",2.125224783,2022,"Longevidade",1.39,"Taxas de mortalidade 15 a 39 anos (por mil hab.)"
3521150,"Ipiguá",1.592126212,2024,"Longevidade",1.28,"Taxas de mortalidade 15 a 39 anos (por mil hab.)"
3521200,"Iporanga",1.126126126,2014,"Longevidade",1.32,"Taxas de mortalidade 15 a 39 anos (por mil hab.)"
3521200,"Iporanga",1.480658893,2016,"Longevidade",1.19,"Taxas de mortalidade 15 a 39 anos (por mil hab.)"
3521200,"Iporanga",1.116694584,2018,"Longevidade",1.15,"Taxas de mortalidade 15 a 39 anos (por mil hab.)"
3521200,"Iporanga",0.752021057,2020,"Longevidade",1.17,"Taxas de mortalidade 15 a 39 anos (por mil hab.)"
3521200,"Iporanga",0.380952381,2022,"Longevidade",1.39,"Taxas de mortalidade 15 a 39 anos (por mil hab.)"
3521200,"Iporanga",1.690821256,2024,"Longevidade",1.28,"Taxas de mortalidade 15 a 39 anos (por mil hab.)"
3521309,"Ipuã",1.288593371,2014,"Longevidade",1.32,"Taxas de mortalidade 15 a 39 anos (por mil hab.)"
3521309,"Ipuã",1.160736816,2016,"Longevidade",1.19,"Taxas de mortalidade 15 a 39 anos (por mil hab.)"
3521309,"Ipuã",0.956696878,2018,"Longevidade",1.15,"Taxas de mortalidade 15 a 39 anos (por mil hab.)"
3521309,"Ipuã",1.153402537,2020,"Longevidade",1.17,"Taxas de mortalidade 15 a 39 anos (por mil hab.)"
3521309,"Ipuã",1.212672427,2022,"Longevidade",1.39,"Taxas de mortalidade 15 a 39 anos (por mil hab.)"
3521309,"Ipuã",1.628664495,2024,"Longevidade",1.28,"Taxas de mortalidade 15 a 39 anos (por mil hab.)"
3521408,"Iracemápolis",0.722752241,2014,"Longevidade",1.32,"Taxas de mortalidade 15 a 39 anos (por mil hab.)"
3521408,"Iracemápolis",1.078073379,2016,"Longevidade",1.19,"Taxas de mortalidade 15 a 39 anos (por mil hab.)"
3521408,"Iracemápolis",0.830478563,2018,"Longevidade",1.15,"Taxas de mortalidade 15 a 39 anos (por mil hab.)"
3521408,"Iracemápolis",0.684603272,2020,"Longevidade",1.17,"Taxas de mortalidade 15 a 39 anos (por mil hab.)"
3521408,"Iracemápolis",1.201139366,2022,"Longevidade",1.39,"Taxas de mortalidade 15 a 39 anos (por mil hab.)"
3521408,"Iracemápolis",0.803987779,2024,"Longevidade",1.28,"Taxas de mortalidade 15 a 39 anos (por mil hab.)"
3521507,"Irapuã",1.387999146,2014,"Longevidade",1.32,"Taxas de mortalidade 15 a 39 anos (por mil hab.)"
3521507,"Irapuã",1.162913627,2016,"Longevidade",1.19,"Taxas de mortalidade 15 a 39 anos (por mil hab.)"
3521507,"Irapuã",0.637145588,2018,"Longevidade",1.15,"Taxas de mortalidade 15 a 39 anos (por mil hab.)"
3521507,"Irapuã",0.535905681,2020,"Longevidade",1.17,"Taxas de mortalidade 15 a 39 anos (por mil hab.)"
3521507,"Irapuã",1.086484137,2022,"Longevidade",1.39,"Taxas de mortalidade 15 a 39 anos (por mil hab.)"
3521507,"Irapuã",0.705915572,2024,"Longevidade",1.28,"Taxas de mortalidade 15 a 39 anos (por mil hab.)"
3521606,"Irapuru",0.678097452,2014,"Longevidade",1.32,"Taxas de mortalidade 15 a 39 anos (por mil hab.)"
3521606,"Irapuru",1.091269841,2016,"Longevidade",1.19,"Taxas de mortalidade 15 a 39 anos (por mil hab.)"
3521606,"Irapuru",0.901713255,2018,"Longevidade",1.15,"Taxas de mortalidade 15 a 39 anos (por mil hab.)"
3521606,"Irapuru",1.023751024,2020,"Longevidade",1.17,"Taxas de mortalidade 15 a 39 anos (por mil hab.)"
3521606,"Irapuru",1.563477173,2022,"Longevidade",1.39,"Taxas de mortalidade 15 a 39 anos (por mil hab.)"
3521606,"Irapuru",0.743218135,2024,"Longevidade",1.28,"Taxas de mortalidade 15 a 39 anos (por mil hab.)"
3521705,"Itaberá",1.10614149,2014,"Longevidade",1.32,"Taxas de mortalidade 15 a 39 anos (por mil hab.)"
3521705,"Itaberá",1.162115049,2016,"Longevidade",1.19,"Taxas de mortalidade 15 a 39 anos (por mil hab.)"
3521705,"Itaberá",1.121513556,2018,"Longevidade",1.15,"Taxas de mortalidade 15 a 39 anos (por mil hab.)"
3521705,"Itaberá",1.037651942,2020,"Longevidade",1.17,"Taxas de mortalidade 15 a 39 anos (por mil hab.)"
3521705,"Itaberá",1.257671798,2022,"Longevidade",1.39,"Taxas de mortalidade 15 a 39 anos (por mil hab.)"
3521705,"Itaberá",1.133261217,2024,"Longevidade",1.28,"Taxas de mortalidade 15 a 39 anos (por mil hab.)"
3521804,"Itaí",1.719361926,2014,"Longevidade",1.32,"Taxas de mortalidade 15 a 39 anos (por mil hab.)"
3521804,"Itaí",1.489203276,2016,"Longevidade",1.19,"Taxas de mortalidade 15 a 39 anos (por mil hab.)"
3521804,"Itaí",1.516136019,2018,"Longevidade",1.15,"Taxas de mortalidade 15 a 39 anos (por mil hab.)"
3521804,"Itaí",2.372808234,2020,"Longevidade",1.17,"Taxas de mortalidade 15 a 39 anos (por mil hab.)"
3521804,"Itaí",2.371931122,2022,"Longevidade",1.39,"Taxas de mortalidade 15 a 39 anos (por mil hab.)"
3521804,"Itaí",1.494600755,2024,"Longevidade",1.28,"Taxas de mortalidade 15 a 39 anos (por mil hab.)"
3521903,"Itajobi",1.867582384,2014,"Longevidade",1.32,"Taxas de mortalidade 15 a 39 anos (por mil hab.)"
3521903,"Itajobi",1.533836432,2016,"Longevidade",1.19,"Taxas de mortalidade 15 a 39 anos (por mil hab.)"
3521903,"Itajobi",1.555306706,2018,"Longevidade",1.15,"Taxas de mortalidade 15 a 39 anos (por mil hab.)"
3521903,"Itajobi",2.617633914,2020,"Longevidade",1.17,"Taxas de mortalidade 15 a 39 anos (por mil hab.)"
3521903,"Itajobi",2.168769716,2022,"Longevidade",1.39,"Taxas de mortalidade 15 a 39 anos (por mil hab.)"
3521903,"Itajobi",1.362546327,2024,"Longevidade",1.28,"Taxas de mortalidade 15 a 39 anos (por mil hab.)"
3522000,"Itaju",0.943618778,2014,"Longevidade",1.32,"Taxas de mortalidade 15 a 39 anos (por mil hab.)"
3522000,"Itaju",1.112594571,2016,"Longevidade",1.19,"Taxas de mortalidade 15 a 39 anos (por mil hab.)"
3522000,"Itaju",0.875465091,2018,"Longevidade",1.15,"Taxas de mortalidade 15 a 39 anos (por mil hab.)"
3522000,"Itaju",1.068376068,2020,"Longevidade",1.17,"Taxas de mortalidade 15 a 39 anos (por mil hab.)"
3522000,"Itaju",0.846560847,2022,"Longevidade",1.39,"Taxas de mortalidade 15 a 39 anos (por mil hab.)"
3522000,"Itaju",0.528680941,2024,"Longevidade",1.28,"Taxas de mortalidade 15 a 39 anos (por mil hab.)"
3522109,"Itanhaém",1.867988929,2014,"Longevidade",1.32,"Taxas de mortalidade 15 a 39 anos (por mil hab.)"
3522109,"Itanhaém",1.593035102,2016,"Longevidade",1.19,"Taxas de mortalidade 15 a 39 anos (por mil hab.)"
3522109,"Itanhaém",1.547874192,2018,"Longevidade",1.15,"Taxas de mortalidade 15 a 39 anos (por mil hab.)"
3522109,"Itanhaém",1.871049757,2020,"Longevidade",1.17,"Taxas de mortalidade 15 a 39 anos (por mil hab.)"
3522109,"Itanhaém",2.09532865,2022,"Longevidade",1.39,"Taxas de mortalidade 15 a 39 anos (por mil hab.)"
3522109,"Itanhaém",1.829116204,2024,"Longevidade",1.28,"Taxas de mortalidade 15 a 39 anos (por mil hab.)"
3522158,"Itaoca",3.687943262,2014,"Longevidade",1.32,"Taxas de mortalidade 15 a 39 anos (por mil hab.)"
3522158,"Itaoca",0.825082508,2016,"Longevidade",1.19,"Taxas de mortalidade 15 a 39 anos (por mil hab.)"
3522158,"Itaoca",0.829875519,2018,"Longevidade",1.15,"Taxas de mortalidade 15 a 39 anos (por mil hab.)"
3522158,"Itaoca",0.55463117,2020,"Longevidade",1.17,"Taxas de mortalidade 15 a 39 anos (por mil hab.)"
3522158,"Itaoca",0.557880056,2022,"Longevidade",1.39,"Taxas de mortalidade 15 a 39 anos (por mil hab.)"
3522158,"Itaoca",1.19367353,2024,"Longevidade",1.28,"Taxas de mortalidade 15 a 39 anos (por mil hab.)"
3522208,"Itapecerica da Serra",1.517220452,2014,"Longevidade",1.32,"Taxas de mortalidade 15 a 39 anos (por mil hab.)"
3522208,"Itapecerica da Serra",1.717679392,2016,"Longevidade",1.19,"Taxas de mortalidade 15 a 39 anos (por mil hab.)"
3522208,"Itapecerica da Serra",1.532599572,2018,"Longevidade",1.15,"Taxas de mortalidade 15 a 39 anos (por mil hab.)"
3522208,"Itapecerica da Serra",1.369382688,2020,"Longevidade",1.17,"Taxas de mortalidade 15 a 39 anos (por mil hab.)"
3522208,"Itapecerica da Serra",1.801259448,2022,"Longevidade",1.39,"Taxas de mortalidade 15 a 39 anos (por mil hab.)"
3522208,"Itapecerica da Serra",1.896901727,2024,"Longevidade",1.28,"Taxas de mortalidade 15 a 39 anos (por mil hab.)"
3522307,"Itapetininga",1.229391924,2014,"Longevidade",1.32,"Taxas de mortalidade 15 a 39 anos (por mil hab.)"
3522307,"Itapetininga",1.121750747,2016,"Longevidade",1.19,"Taxas de mortalidade 15 a 39 anos (por mil hab.)"
3522307,"Itapetininga",1.06132854,2018,"Longevidade",1.15,"Taxas de mortalidade 15 a 39 anos (por mil hab.)"
3522307,"Itapetininga",1.022757617,2020,"Longevidade",1.17,"Taxas de mortalidade 15 a 39 anos (por mil hab.)"
3522307,"Itapetininga",1.164038761,2022,"Longevidade",1.39,"Taxas de mortalidade 15 a 39 anos (por mil hab.)"
3522307,"Itapetininga",1.135380325,2024,"Longevidade",1.28,"Taxas de mortalidade 15 a 39 anos (por mil hab.)"
3522406,"Itapeva",1.271954751,2014,"Longevidade",1.32,"Taxas de mortalidade 15 a 39 anos (por mil hab.)"
3522406,"Itapeva",1.190412259,2016,"Longevidade",1.19,"Taxas de mortalidade 15 a 39 anos (por mil hab.)"
3522406,"Itapeva",1.131130322,2018,"Longevidade",1.15,"Taxas de mortalidade 15 a 39 anos (por mil hab.)"
3522406,"Itapeva",0.993676603,2020,"Longevidade",1.17,"Taxas de mortalidade 15 a 39 anos (por mil hab.)"
3522406,"Itapeva",1.62441366,2022,"Longevidade",1.39,"Taxas de mortalidade 15 a 39 anos (por mil hab.)"
3522406,"Itapeva",1.380323929,2024,"Longevidade",1.28,"Taxas de mortalidade 15 a 39 anos (por mil hab.)"
3522505,"Itapevi",1.56453442,2014,"Longevidade",1.32,"Taxas de mortalidade 15 a 39 anos (por mil hab.)"
3522505,"Itapevi",1.334153317,2016,"Longevidade",1.19,"Taxas de mortalidade 15 a 39 anos (por mil hab.)"
3522505,"Itapevi",1.290490386,2018,"Longevidade",1.15,"Taxas de mortalidade 15 a 39 anos (por mil hab.)"
3522505,"Itapevi",1.399276712,2020,"Longevidade",1.17,"Taxas de mortalidade 15 a 39 anos (por mil hab.)"
3522505,"Itapevi",1.518261493,2022,"Longevidade",1.39,"Taxas de mortalidade 15 a 39 anos (por mil hab.)"
3522505,"Itapevi",1.495257395,2024,"Longevidade",1.28,"Taxas de mortalidade 15 a 39 anos (por mil hab.)"
3522604,"Itapira",1.234304161,2014,"Longevidade",1.32,"Taxas de mortalidade 15 a 39 anos (por mil hab.)"
3522604,"Itapira",1.091262781,2016,"Longevidade",1.19,"Taxas de mortalidade 15 a 39 anos (por mil hab.)"
3522604,"Itapira",1.314877238,2018,"Longevidade",1.15,"Taxas de mortalidade 15 a 39 anos (por mil hab.)"
3522604,"Itapira",1.17717018,2020,"Longevidade",1.17,"Taxas de mortalidade 15 a 39 anos (por mil hab.)"
3522604,"Itapira",1.492537313,2022,"Longevidade",1.39,"Taxas de mortalidade 15 a 39 anos (por mil hab.)"
3522604,"Itapira",1.106063599,2024,"Longevidade",1.28,"Taxas de mortalidade 15 a 39 anos (por mil hab.)"
3522653,"Itapirapuã Paulista",1.030078286,2014,"Longevidade",1.32,"Taxas de mortalidade 15 a 39 anos (por mil hab.)"
3522653,"Itapirapuã Paulista",2.766251729,2016,"Longevidade",1.19,"Taxas de mortalidade 15 a 39 anos (por mil hab.)"
3522653,"Itapirapuã Paulista",1.959631589,2018,"Longevidade",1.15,"Taxas de mortalidade 15 a 39 anos (por mil hab.)"
3522653,"Itapirapuã Paulista",0.958405214,2020,"Longevidade",1.17,"Taxas de mortalidade 15 a 39 anos (por mil hab.)"
3522653,"Itapirapuã Paulista",0.953470633,2022,"Longevidade",1.39,"Taxas de mortalidade 15 a 39 anos (por mil hab.)"
3522653,"Itapirapuã Paulista",1.115448968,2024,"Longevidade",1.28,"Taxas de mortalidade 15 a 39 anos (por mil hab.)"
3522703,"Itápolis",1.37698584,2014,"Longevidade",1.32,"Taxas de mortalidade 15 a 39 anos (por mil hab.)"
3522703,"Itápolis",1.117942985,2016,"Longevidade",1.19,"Taxas de mortalidade 15 a 39 anos (por mil hab.)"
3522703,"Itápolis",1.145046114,2018,"Longevidade",1.15,"Taxas de mortalidade 15 a 39 anos (por mil hab.)"
3522703,"Itápolis",1.243230714,2020,"Longevidade",1.17,"Taxas de mortalidade 15 a 39 anos (por mil hab.)"
3522703,"Itápolis",1.48434979,2022,"Longevidade",1.39,"Taxas de mortalidade 15 a 39 anos (por mil hab.)"
3522703,"Itápolis",1.240540876,2024,"Longevidade",1.28,"Taxas de mortalidade 15 a 39 anos (por mil hab.)"
3522802,"Itaporanga",1.158042299,2014,"Longevidade",1.32,"Taxas de mortalidade 15 a 39 anos (por mil hab.)"
3522802,"Itaporanga",1.88426939,2016,"Longevidade",1.19,"Taxas de mortalidade 15 a 39 anos (por mil hab.)"
3522802,"Itaporanga",1.220777635,2018,"Longevidade",1.15,"Taxas de mortalidade 15 a 39 anos (por mil hab.)"
3522802,"Itaporanga",0.861167497,2020,"Longevidade",1.17,"Taxas de mortalidade 15 a 39 anos (por mil hab.)"
3522802,"Itaporanga",1.742593976,2022,"Longevidade",1.39,"Taxas de mortalidade 15 a 39 anos (por mil hab.)"
3522802,"Itaporanga",1.584215453,2024,"Longevidade",1.28,"Taxas de mortalidade 15 a 39 anos (por mil hab.)"
3522901,"Itapuí",1.01259414,2014,"Longevidade",1.32,"Taxas de mortalidade 15 a 39 anos (por mil hab.)"
3522901,"Itapuí",0.970932702,2016,"Longevidade",1.19,"Taxas de mortalidade 15 a 39 anos (por mil hab.)"
3522901,"Itapuí",0.602881775,2018,"Longevidade",1.15,"Taxas de mortalidade 15 a 39 anos (por mil hab.)"
3522901,"Itapuí",0.771192976,2020,"Longevidade",1.17,"Taxas de mortalidade 15 a 39 anos (por mil hab.)"
3522901,"Itapuí",1.000824208,2022,"Longevidade",1.39,"Taxas de mortalidade 15 a 39 anos (por mil hab.)"
3522901,"Itapuí",1.242317249,2024,"Longevidade",1.28,"Taxas de mortalidade 15 a 39 anos (por mil hab.)"
3523008,"Itapura",1.436007898,2014,"Longevidade",1.32,"Taxas de mortalidade 15 a 39 anos (por mil hab.)"
3523008,"Itapura",1.207104673,2016,"Longevidade",1.19,"Taxas de mortalidade 15 a 39 anos (por mil hab.)"
3523008,"Itapura",1.368925394,2018,"Longevidade",1.15,"Taxas de mortalidade 15 a 39 anos (por mil hab.)"
3523008,"Itapura",0.674081564,2020,"Longevidade",1.17,"Taxas de mortalidade 15 a 39 anos (por mil hab.)"
3523008,"Itapura",1.5,2022,"Longevidade",1.39,"Taxas de mortalidade 15 a 39 anos (por mil hab.)"
3523008,"Itapura",2.681684098,2024,"Longevidade",1.28,"Taxas de mortalidade 15 a 39 anos (por mil hab.)"
3523107,"Itaquaquecetuba",1.441422203,2014,"Longevidade",1.32,"Taxas de mortalidade 15 a 39 anos (por mil hab.)"
3523107,"Itaquaquecetuba",1.436402167,2016,"Longevidade",1.19,"Taxas de mortalidade 15 a 39 anos (por mil hab.)"
3523107,"Itaquaquecetuba",1.41462634,2018,"Longevidade",1.15,"Taxas de mortalidade 15 a 39 anos (por mil hab.)"
3523107,"Itaquaquecetuba",1.275668883,2020,"Longevidade",1.17,"Taxas de mortalidade 15 a 39 anos (por mil hab.)"
3523107,"Itaquaquecetuba",1.542325827,2022,"Longevidade",1.39,"Taxas de mortalidade 15 a 39 anos (por mil hab.)"
3523107,"Itaquaquecetuba",1.542250921,2024,"Longevidade",1.28,"Taxas de mortalidade 15 a 39 anos (por mil hab.)"
3523206,"Itararé",1.407471469,2014,"Longevidade",1.32,"Taxas de mortalidade 15 a 39 anos (por mil hab.)"
3523206,"Itararé",0.981935768,2016,"Longevidade",1.19,"Taxas de mortalidade 15 a 39 anos (por mil hab.)"
3523206,"Itararé",1.087159626,2018,"Longevidade",1.15,"Taxas de mortalidade 15 a 39 anos (por mil hab.)"
3523206,"Itararé",0.975159105,2020,"Longevidade",1.17,"Taxas de mortalidade 15 a 39 anos (por mil hab.)"
3523206,"Itararé",1.732861995,2022,"Longevidade",1.39,"Taxas de mortalidade 15 a 39 anos (por mil hab.)"
3523206,"Itararé",1.452386966,2024,"Longevidade",1.28,"Taxas de mortalidade 15 a 39 anos (por mil hab.)"
3523305,"Itariri",1.364670205,2014,"Longevidade",1.32,"Taxas de mortalidade 15 a 39 anos (por mil hab.)"
3523305,"Itariri",1.188608377,2016,"Longevidade",1.19,"Taxas de mortalidade 15 a 39 anos (por mil hab.)"
3523305,"Itariri",1.128190664,2018,"Longevidade",1.15,"Taxas de mortalidade 15 a 39 anos (por mil hab.)"
3523305,"Itariri",0.872359963,2020,"Longevidade",1.17,"Taxas de mortalidade 15 a 39 anos (por mil hab.)"
3523305,"Itariri",1.353546291,2022,"Longevidade",1.39,"Taxas de mortalidade 15 a 39 anos (por mil hab.)"
3523305,"Itariri",1.43141648,2024,"Longevidade",1.28,"Taxas de mortalidade 15 a 39 anos (por mil hab.)"
3523404,"Itatiba",1.005266723,2014,"Longevidade",1.32,"Taxas de mortalidade 15 a 39 anos (por mil hab.)"
3523404,"Itatiba",0.723950097,2016,"Longevidade",1.19,"Taxas de mortalidade 15 a 39 anos (por mil hab.)"
3523404,"Itatiba",0.826243742,2018,"Longevidade",1.15,"Taxas de mortalidade 15 a 39 anos (por mil hab.)"
3523404,"Itatiba",0.980085497,2020,"Longevidade",1.17,"Taxas de mortalidade 15 a 39 anos (por mil hab.)"
3523404,"Itatiba",1.088731628,2022,"Longevidade",1.39,"Taxas de mortalidade 15 a 39 anos (por mil hab.)"
3523404,"Itatiba",1.159355249,2024,"Longevidade",1.28,"Taxas de mortalidade 15 a 39 anos (por mil hab.)"
3523503,"Itatinga",1.363411006,2014,"Longevidade",1.32,"Taxas de mortalidade 15 a 39 anos (por mil hab.)"
3523503,"Itatinga",1.042042403,2016,"Longevidade",1.19,"Taxas de mortalidade 15 a 39 anos (por mil hab.)"
3523503,"Itatinga",0.837721398,2018,"Longevidade",1.15,"Taxas de mortalidade 15 a 39 anos (por mil hab.)"
3523503,"Itatinga",0.670929039,2020,"Longevidade",1.17,"Taxas de mortalidade 15 a 39 anos (por mil hab.)"
3523503,"Itatinga",1.614300339,2022,"Longevidade",1.39,"Taxas de mortalidade 15 a 39 anos (por mil hab.)"
3523503,"Itatinga",1.53256705,2024,"Longevidade",1.28,"Taxas de mortalidade 15 a 39 anos (por mil hab.)"
3523602,"Itirapina",1.082115953,2014,"Longevidade",1.32,"Taxas de mortalidade 15 a 39 anos (por mil hab.)"
3523602,"Itirapina",0.933593116,2016,"Longevidade",1.19,"Taxas de mortalidade 15 a 39 anos (por mil hab.)"
3523602,"Itirapina",0.968757568,2018,"Longevidade",1.15,"Taxas de mortalidade 15 a 39 anos (por mil hab.)"
3523602,"Itirapina",1.116293904,2020,"Longevidade",1.17,"Taxas de mortalidade 15 a 39 anos (por mil hab.)"
3523602,"Itirapina",1.072194425,2022,"Longevidade",1.39,"Taxas de mortalidade 15 a 39 anos (por mil hab.)"
3523602,"Itirapina",1.1404134,2024,"Longevidade",1.28,"Taxas de mortalidade 15 a 39 anos (por mil hab.)"
3523701,"Itirapuã",1.08754758,2014,"Longevidade",1.32,"Taxas de mortalidade 15 a 39 anos (por mil hab.)"
3523701,"Itirapuã",0.798084597,2016,"Longevidade",1.19,"Taxas de mortalidade 15 a 39 anos (por mil hab.)"
3523701,"Itirapuã",0.663217933,2018,"Longevidade",1.15,"Taxas de mortalidade 15 a 39 anos (por mil hab.)"
3523701,"Itirapuã",0.924092409,2020,"Longevidade",1.17,"Taxas de mortalidade 15 a 39 anos (por mil hab.)"
3523701,"Itirapuã",1.716171617,2022,"Longevidade",1.39,"Taxas de mortalidade 15 a 39 anos (por mil hab.)"
3523701,"Itirapuã",1.815181518,2024,"Longevidade",1.28,"Taxas de mortalidade 15 a 39 anos (por mil hab.)"
3523800,"Itobi",1.058873359,2014,"Longevidade",1.32,"Taxas de mortalidade 15 a 39 anos (por mil hab.)"
3523800,"Itobi",1.274697259,2016,"Longevidade",1.19,"Taxas de mortalidade 15 a 39 anos (por mil hab.)"
3523800,"Itobi",1.287001287,2018,"Longevidade",1.15,"Taxas de mortalidade 15 a 39 anos (por mil hab.)"
3523800,"Itobi",0.873743993,2020,"Longevidade",1.17,"Taxas de mortalidade 15 a 39 anos (por mil hab.)"
3523800,"Itobi",1.9009281,2022,"Longevidade",1.39,"Taxas de mortalidade 15 a 39 anos (por mil hab.)"
3523800,"Itobi",2.123142251,2024,"Longevidade",1.28,"Taxas de mortalidade 15 a 39 anos (por mil hab.)"
3523909,"Itu",1.432268516,2014,"Longevidade",1.32,"Taxas de mortalidade 15 a 39 anos (por mil hab.)"
3523909,"Itu",1.310886247,2016,"Longevidade",1.19,"Taxas de mortalidade 15 a 39 anos (por mil hab.)"
3523909,"Itu",1.208229771,2018,"Longevidade",1.15,"Taxas de mortalidade 15 a 39 anos (por mil hab.)"
3523909,"Itu",1.115110242,2020,"Longevidade",1.17,"Taxas de mortalidade 15 a 39 anos (por mil hab.)"
3523909,"Itu",1.471034274,2022,"Longevidade",1.39,"Taxas de mortalidade 15 a 39 anos (por mil hab.)"
3523909,"Itu",1.421406048,2024,"Longevidade",1.28,"Taxas de mortalidade 15 a 39 anos (por mil hab.)"
3524006,"Itupeva",1.049632629,2014,"Longevidade",1.32,"Taxas de mortalidade 15 a 39 anos (por mil hab.)"
3524006,"Itupeva",0.880909434,2016,"Longevidade",1.19,"Taxas de mortalidade 15 a 39 anos (por mil hab.)"
3524006,"Itupeva",0.813849231,2018,"Longevidade",1.15,"Taxas de mortalidade 15 a 39 anos (por mil hab.)"
3524006,"Itupeva",0.819198797,2020,"Longevidade",1.17,"Taxas de mortalidade 15 a 39 anos (por mil hab.)"
3524006,"Itupeva",1.229524452,2022,"Longevidade",1.39,"Taxas de mortalidade 15 a 39 anos (por mil hab.)"
3524006,"Itupeva",0.992932656,2024,"Longevidade",1.28,"Taxas de mortalidade 15 a 39 anos (por mil hab.)"
3524105,"Ituverava",1.210345267,2014,"Longevidade",1.32,"Taxas de mortalidade 15 a 39 anos (por mil hab.)"
3524105,"Ituverava",1.253612103,2016,"Longevidade",1.19,"Taxas de mortalidade 15 a 39 anos (por mil hab.)"
3524105,"Ituverava",1.113538053,2018,"Longevidade",1.15,"Taxas de mortalidade 15 a 39 anos (por mil hab.)"
3524105,"Ituverava",1.153854527,2020,"Longevidade",1.17,"Taxas de mortalidade 15 a 39 anos (por mil hab.)"
3524105,"Ituverava",1.537535932,2022,"Longevidade",1.39,"Taxas de mortalidade 15 a 39 anos (por mil hab.)"
3524105,"Ituverava",1.391843273,2024,"Longevidade",1.28,"Taxas de mortalidade 15 a 39 anos (por mil hab.)"
3524204,"Jaborandi",0.859106529,2014,"Longevidade",1.32,"Taxas de mortalidade 15 a 39 anos (por mil hab.)"
3524204,"Jaborandi",0.875875876,2016,"Longevidade",1.19,"Taxas de mortalidade 15 a 39 anos (por mil hab.)"
3524204,"Jaborandi",0.885179565,2018,"Longevidade",1.15,"Taxas de mortalidade 15 a 39 anos (por mil hab.)"
3524204,"Jaborandi",0.770119369,2020,"Longevidade",1.17,"Taxas de mortalidade 15 a 39 anos (por mil hab.)"
3524204,"Jaborandi",1.317002502,2022,"Longevidade",1.39,"Taxas de mortalidade 15 a 39 anos (por mil hab.)"
3524204,"Jaborandi",1.089324619,2024,"Longevidade",1.28,"Taxas de mortalidade 15 a 39 anos (por mil hab.)"
3524303,"Jaboticabal",1.389265384,2014,"Longevidade",1.32,"Taxas de mortalidade 15 a 39 anos (por mil hab.)"
3524303,"Jaboticabal",1.105526493,2016,"Longevidade",1.19,"Taxas de mortalidade 15 a 39 anos (por mil hab.)"
3524303,"Jaboticabal",1.046193465,2018,"Longevidade",1.15,"Taxas de mortalidade 15 a 39 anos (por mil hab.)"
3524303,"Jaboticabal",1.030396703,2020,"Longevidade",1.17,"Taxas de mortalidade 15 a 39 anos (por mil hab.)"
3524303,"Jaboticabal",1.248844219,2022,"Longevidade",1.39,"Taxas de mortalidade 15 a 39 anos (por mil hab.)"
3524303,"Jaboticabal",1.335309592,2024,"Longevidade",1.28,"Taxas de mortalidade 15 a 39 anos (por mil hab.)"
3524402,"Jacareí",1.579922482,2014,"Longevidade",1.32,"Taxas de mortalidade 15 a 39 anos (por mil hab.)"
3524402,"Jacareí",1.306502421,2016,"Longevidade",1.19,"Taxas de mortalidade 15 a 39 anos (por mil hab.)"
3524402,"Jacareí",1.204546588,2018,"Longevidade",1.15,"Taxas de mortalidade 15 a 39 anos (por mil hab.)"
3524402,"Jacareí",1.257788162,2020,"Longevidade",1.17,"Taxas de mortalidade 15 a 39 anos (por mil hab.)"
3524402,"Jacareí",1.529797361,2022,"Longevidade",1.39,"Taxas de mortalidade 15 a 39 anos (por mil hab.)"
3524402,"Jacareí",1.254034974,2024,"Longevidade",1.28,"Taxas de mortalidade 15 a 39 anos (por mil hab.)"
3524501,"Jaci",2.124734408,2014,"Longevidade",1.32,"Taxas de mortalidade 15 a 39 anos (por mil hab.)"
3524501,"Jaci",1.651332862,2016,"Longevidade",1.19,"Taxas de mortalidade 15 a 39 anos (por mil hab.)"
3524501,"Jaci",1.517273576,2018,"Longevidade",1.15,"Taxas de mortalidade 15 a 39 anos (por mil hab.)"
3524501,"Jaci",1.604768455,2020,"Longevidade",1.17,"Taxas de mortalidade 15 a 39 anos (por mil hab.)"
3524501,"Jaci",1.484526664,2022,"Longevidade",1.39,"Taxas de mortalidade 15 a 39 anos (por mil hab.)"
3524501,"Jaci",2.710945442,2024,"Longevidade",1.28,"Taxas de mortalidade 15 a 39 anos (por mil hab.)"
3524600,"Jacupiranga",1.664708186,2014,"Longevidade",1.32,"Taxas de mortalidade 15 a 39 anos (por mil hab.)"
3524600,"Jacupiranga",1.171817782,2016,"Longevidade",1.19,"Taxas de mortalidade 15 a 39 anos (por mil hab.)"
3524600,"Jacupiranga",1.227295042,2018,"Longevidade",1.15,"Taxas de mortalidade 15 a 39 anos (por mil hab.)"
3524600,"Jacupiranga",0.893788172,2020,"Longevidade",1.17,"Taxas de mortalidade 15 a 39 anos (por mil hab.)"
3524600,"Jacupiranga",1.356647573,2022,"Longevidade",1.39,"Taxas de mortalidade 15 a 39 anos (por mil hab.)"
3524600,"Jacupiranga",1.112759644,2024,"Longevidade",1.28,"Taxas de mortalidade 15 a 39 anos (por mil hab.)"
3524709,"Jaguariúna",0.997150997,2014,"Longevidade",1.32,"Taxas de mortalidade 15 a 39 anos (por mil hab.)"
3524709,"Jaguariúna",0.903832249,2016,"Longevidade",1.19,"Taxas de mortalidade 15 a 39 anos (por mil hab.)"
3524709,"Jaguariúna",0.780183343,2018,"Longevidade",1.15,"Taxas de mortalidade 15 a 39 anos (por mil hab.)"
3524709,"Jaguariúna",0.654615785,2020,"Longevidade",1.17,"Taxas de mortalidade 15 a 39 anos (por mil hab.)"
3524709,"Jaguariúna",1.284348865,2022,"Longevidade",1.39,"Taxas de mortalidade 15 a 39 anos (por mil hab.)"
3524709,"Jaguariúna",1.179330083,2024,"Longevidade",1.28,"Taxas de mortalidade 15 a 39 anos (por mil hab.)"
3524808,"Jales",1.363670328,2014,"Longevidade",1.32,"Taxas de mortalidade 15 a 39 anos (por mil hab.)"
3524808,"Jales",1.26618705,2016,"Longevidade",1.19,"Taxas de mortalidade 15 a 39 anos (por mil hab.)"
3524808,"Jales",1.050604097,2018,"Longevidade",1.15,"Taxas de mortalidade 15 a 39 anos (por mil hab.)"
3524808,"Jales",1.080626764,2020,"Longevidade",1.17,"Taxas de mortalidade 15 a 39 anos (por mil hab.)"
3524808,"Jales",1.402379921,2022,"Longevidade",1.39,"Taxas de mortalidade 15 a 39 anos (por mil hab.)"
3524808,"Jales",1.178083365,2024,"Longevidade",1.28,"Taxas de mortalidade 15 a 39 anos (por mil hab.)"
3524907,"Jambeiro",1.132823563,2014,"Longevidade",1.32,"Taxas de mortalidade 15 a 39 anos (por mil hab.)"
3524907,"Jambeiro",0.671772135,2016,"Longevidade",1.19,"Taxas de mortalidade 15 a 39 anos (por mil hab.)"
3524907,"Jambeiro",0.533760342,2018,"Longevidade",1.15,"Taxas de mortalidade 15 a 39 anos (por mil hab.)"
3524907,"Jambeiro",0.6592827,2020,"Longevidade",1.17,"Taxas de mortalidade 15 a 39 anos (por mil hab.)"
3524907,"Jambeiro",1.184366364,2022,"Longevidade",1.39,"Taxas de mortalidade 15 a 39 anos (por mil hab.)"
3524907,"Jambeiro",0.789889415,2024,"Longevidade",1.28,"Taxas de mortalidade 15 a 39 anos (por mil hab.)"
3525003,"Jandira",1.36588031,2014,"Longevidade",1.32,"Taxas de mortalidade 15 a 39 anos (por mil hab.)"
3525003,"Jandira",1.12214125,2016,"Longevidade",1.19,"Taxas de mortalidade 15 a 39 anos (por mil hab.)"
3525003,"Jandira",1.045091892,2018,"Longevidade",1.15,"Taxas de mortalidade 15 a 39 anos (por mil hab.)"
3525003,"Jandira",0.942969462,2020,"Longevidade",1.17,"Taxas de mortalidade 15 a 39 anos (por mil hab.)"
3525003,"Jandira",1.147391767,2022,"Longevidade",1.39,"Taxas de mortalidade 15 a 39 anos (por mil hab.)"
3525003,"Jandira",1.081946638,2024,"Longevidade",1.28,"Taxas de mortalidade 15 a 39 anos (por mil hab.)"
3525102,"Jardinópolis",1.360544218,2014,"Longevidade",1.32,"Taxas de mortalidade 15 a 39 anos (por mil hab.)"
3525102,"Jardinópolis",1.124227094,2016,"Longevidade",1.19,"Taxas de mortalidade 15 a 39 anos (por mil hab.)"
3525102,"Jardinópolis",0.789387551,2018,"Longevidade",1.15,"Taxas de mortalidade 15 a 39 anos (por mil hab.)"
3525102,"Jardinópolis",0.96882658,2020,"Longevidade",1.17,"Taxas de mortalidade 15 a 39 anos (por mil hab.)"
3525102,"Jardinópolis",1.381084814,2022,"Longevidade",1.39,"Taxas de mortalidade 15 a 39 anos (por mil hab.)"
3525102,"Jardinópolis",1.19644485,2024,"Longevidade",1.28,"Taxas de mortalidade 15 a 39 anos (por mil hab.)"
3525201,"Jarinu",1.391788448,2014,"Longevidade",1.32,"Taxas de mortalidade 15 a 39 anos (por mil hab.)"
3525201,"Jarinu",1.499971699,2016,"Longevidade",1.19,"Taxas de mortalidade 15 a 39 anos (por mil hab.)"
3525201,"Jarinu",1.19944212,2018,"Longevidade",1.15,"Taxas de mortalidade 15 a 39 anos (por mil hab.)"
3525201,"Jarinu",1.490393735,2020,"Longevidade",1.17,"Taxas de mortalidade 15 a 39 anos (por mil hab.)"
3525201,"Jarinu",2.155172414,2022,"Longevidade",1.39,"Taxas de mortalidade 15 a 39 anos (por mil hab.)"
3525201,"Jarinu",1.507560998,2024,"Longevidade",1.28,"Taxas de mortalidade 15 a 39 anos (por mil hab.)"
3525300,"Jaú",1.131751252,2014,"Longevidade",1.32,"Taxas de mortalidade 15 a 39 anos (por mil hab.)"
3525300,"Jaú",0.992183669,2016,"Longevidade",1.19,"Taxas de mortalidade 15 a 39 anos (por mil hab.)"
3525300,"Jaú",0.921589973,2018,"Longevidade",1.15,"Taxas de mortalidade 15 a 39 anos (por mil hab.)"
3525300,"Jaú",0.844550923,2020,"Longevidade",1.17,"Taxas de mortalidade 15 a 39 anos (por mil hab.)"
3525300,"Jaú",1.150202586,2022,"Longevidade",1.39,"Taxas de mortalidade 15 a 39 anos (por mil hab.)"
3525300,"Jaú",1.036873825,2024,"Longevidade",1.28,"Taxas de mortalidade 15 a 39 anos (por mil hab.)"
3525409,"Jeriquara",1.514004542,2014,"Longevidade",1.32,"Taxas de mortalidade 15 a 39 anos (por mil hab.)"
3525409,"Jeriquara",2.583979328,2016,"Longevidade",1.19,"Taxas de mortalidade 15 a 39 anos (por mil hab.)"
3525409,"Jeriquara",2.341920375,2018,"Longevidade",1.15,"Taxas de mortalidade 15 a 39 anos (por mil hab.)"
3525409,"Jeriquara",1.847453154,2020,"Longevidade",1.17,"Taxas de mortalidade 15 a 39 anos (por mil hab.)"
3525409,"Jeriquara",1.339764202,2022,"Longevidade",1.39,"Taxas de mortalidade 15 a 39 anos (por mil hab.)"
3525409,"Jeriquara",2.201673272,2024,"Longevidade",1.28,"Taxas de mortalidade 15 a 39 anos (por mil hab.)"
3525508,"Joanópolis",0.834028357,2014,"Longevidade",1.32,"Taxas de mortalidade 15 a 39 anos (por mil hab.)"
3525508,"Joanópolis",0.686718857,2016,"Longevidade",1.19,"Taxas de mortalidade 15 a 39 anos (por mil hab.)"
3525508,"Joanópolis",0.549261929,2018,"Longevidade",1.15,"Taxas de mortalidade 15 a 39 anos (por mil hab.)"
3525508,"Joanópolis",1.026272578,2020,"Longevidade",1.17,"Taxas de mortalidade 15 a 39 anos (por mil hab.)"
3525508,"Joanópolis",1.172009652,2022,"Longevidade",1.39,"Taxas de mortalidade 15 a 39 anos (por mil hab.)"
3525508,"Joanópolis",1.236571605,2024,"Longevidade",1.28,"Taxas de mortalidade 15 a 39 anos (por mil hab.)"
3525607,"João Ramalho",1.305726544,2014,"Longevidade",1.32,"Taxas de mortalidade 15 a 39 anos (por mil hab.)"
3525607,"João Ramalho",1.299907149,2016,"Longevidade",1.19,"Taxas de mortalidade 15 a 39 anos (por mil hab.)"
3525607,"João Ramalho",1.118568233,2018,"Longevidade",1.15,"Taxas de mortalidade 15 a 39 anos (por mil hab.)"
3525607,"João Ramalho",1.320505565,2020,"Longevidade",1.17,"Taxas de mortalidade 15 a 39 anos (por mil hab.)"
3525607,"João Ramalho",2.0988361,2022,"Longevidade",1.39,"Taxas de mortalidade 15 a 39 anos (por mil hab.)"
3525607,"João Ramalho",0.440044004,2024,"Longevidade",1.28,"Taxas de mortalidade 15 a 39 anos (por mil hab.)"
3525706,"José Bonifácio",1.364673772,2014,"Longevidade",1.32,"Taxas de mortalidade 15 a 39 anos (por mil hab.)"
3525706,"José Bonifácio",0.992063492,2016,"Longevidade",1.19,"Taxas de mortalidade 15 a 39 anos (por mil hab.)"
3525706,"José Bonifácio",0.94644506,2018,"Longevidade",1.15,"Taxas de mortalidade 15 a 39 anos (por mil hab.)"
3525706,"José Bonifácio",1.086529348,2020,"Longevidade",1.17,"Taxas de mortalidade 15 a 39 anos (por mil hab.)"
3525706,"José Bonifácio",1.073988466,2022,"Longevidade",1.39,"Taxas de mortalidade 15 a 39 anos (por mil hab.)"
3525706,"José Bonifácio",1.011147282,2024,"Longevidade",1.28,"Taxas de mortalidade 15 a 39 anos (por mil hab.)"
3525805,"Júlio Mesquita",3.129026321,2014,"Longevidade",1.32,"Taxas de mortalidade 15 a 39 anos (por mil hab.)"
3525805,"Júlio Mesquita",1.801801802,2016,"Longevidade",1.19,"Taxas de mortalidade 15 a 39 anos (por mil hab.)"
3525805,"Júlio Mesquita",1.258540093,2018,"Longevidade",1.15,"Taxas de mortalidade 15 a 39 anos (por mil hab.)"
3525805,"Júlio Mesquita",1.612036539,2020,"Longevidade",1.17,"Taxas de mortalidade 15 a 39 anos (por mil hab.)"
3525805,"Júlio Mesquita",2.176278564,2022,"Longevidade",1.39,"Taxas de mortalidade 15 a 39 anos (por mil hab.)"
3525805,"Júlio Mesquita",0.905182168,2024,"Longevidade",1.28,"Taxas de mortalidade 15 a 39 anos (por mil hab.)"
3525854,"Jumirim",1.49142431,2014,"Longevidade",1.32,"Taxas de mortalidade 15 a 39 anos (por mil hab.)"
3525854,"Jumirim",1.650165017,2016,"Longevidade",1.19,"Taxas de mortalidade 15 a 39 anos (por mil hab.)"
3525854,"Jumirim",1.402524544,2018,"Longevidade",1.15,"Taxas de mortalidade 15 a 39 anos (por mil hab.)"
3525854,"Jumirim",0.461361015,2020,"Longevidade",1.17,"Taxas de mortalidade 15 a 39 anos (por mil hab.)"
3525854,"Jumirim",0.691562932,2022,"Longevidade",1.39,"Taxas de mortalidade 15 a 39 anos (por mil hab.)"
3525854,"Jumirim",0.887311446,2024,"Longevidade",1.28,"Taxas de mortalidade 15 a 39 anos (por mil hab.)"
3525904,"Jundiaí",1.11651869,2014,"Longevidade",1.32,"Taxas de mortalidade 15 a 39 anos (por mil hab.)"
3525904,"Jundiaí",0.946823972,2016,"Longevidade",1.19,"Taxas de mortalidade 15 a 39 anos (por mil hab.)"
3525904,"Jundiaí",0.996515424,2018,"Longevidade",1.15,"Taxas de mortalidade 15 a 39 anos (por mil hab.)"
3525904,"Jundiaí",0.984914,2020,"Longevidade",1.17,"Taxas de mortalidade 15 a 39 anos (por mil hab.)"
3525904,"Jundiaí",1.229699926,2022,"Longevidade",1.39,"Taxas de mortalidade 15 a 39 anos (por mil hab.)"
3525904,"Jundiaí",0.892950283,2024,"Longevidade",1.28,"Taxas de mortalidade 15 a 39 anos (por mil hab.)"
3526001,"Junqueirópolis",1.344086022,2014,"Longevidade",1.32,"Taxas de mortalidade 15 a 39 anos (por mil hab.)"
3526001,"Junqueirópolis",1.190628056,2016,"Longevidade",1.19,"Taxas de mortalidade 15 a 39 anos (por mil hab.)"
3526001,"Junqueirópolis",1.230638659,2018,"Longevidade",1.15,"Taxas de mortalidade 15 a 39 anos (por mil hab.)"
3526001,"Junqueirópolis",1.179941003,2020,"Longevidade",1.17,"Taxas de mortalidade 15 a 39 anos (por mil hab.)"
3526001,"Junqueirópolis",1.13450145,2022,"Longevidade",1.39,"Taxas de mortalidade 15 a 39 anos (por mil hab.)"
3526001,"Junqueirópolis",1.134590838,2024,"Longevidade",1.28,"Taxas de mortalidade 15 a 39 anos (por mil hab.)"
3526100,"Juquiá",1.948522748,2014,"Longevidade",1.32,"Taxas de mortalidade 15 a 39 anos (por mil hab.)"
3526100,"Juquiá",1.392257253,2016,"Longevidade",1.19,"Taxas de mortalidade 15 a 39 anos (por mil hab.)"
3526100,"Juquiá",1.311445756,2018,"Longevidade",1.15,"Taxas de mortalidade 15 a 39 anos (por mil hab.)"
3526100,"Juquiá",1.554001554,2020,"Longevidade",1.17,"Taxas de mortalidade 15 a 39 anos (por mil hab.)"
3526100,"Juquiá",1.850823617,2022,"Longevidade",1.39,"Taxas de mortalidade 15 a 39 anos (por mil hab.)"
3526100,"Juquiá",2.446932159,2024,"Longevidade",1.28,"Taxas de mortalidade 15 a 39 anos (por mil hab.)"
3526209,"Juquitiba",1.865152274,2014,"Longevidade",1.32,"Taxas de mortalidade 15 a 39 anos (por mil hab.)"
3526209,"Juquitiba",1.2075306,2016,"Longevidade",1.19,"Taxas de mortalidade 15 a 39 anos (por mil hab.)"
3526209,"Juquitiba",1.100564039,2018,"Longevidade",1.15,"Taxas de mortalidade 15 a 39 anos (por mil hab.)"
3526209,"Juquitiba",1.187812491,2020,"Longevidade",1.17,"Taxas de mortalidade 15 a 39 anos (por mil hab.)"
3526209,"Juquitiba",1.334668001,2022,"Longevidade",1.39,"Taxas de mortalidade 15 a 39 anos (por mil hab.)"
3526209,"Juquitiba",1.868302312,2024,"Longevidade",1.28,"Taxas de mortalidade 15 a 39 anos (por mil hab.)"
3526308,"Lagoinha",1.880052641,2014,"Longevidade",1.32,"Taxas de mortalidade 15 a 39 anos (por mil hab.)"
3526308,"Lagoinha",0.93475416,2016,"Longevidade",1.19,"Taxas de mortalidade 15 a 39 anos (por mil hab.)"
3526308,"Lagoinha",1.127395716,2018,"Longevidade",1.15,"Taxas de mortalidade 15 a 39 anos (por mil hab.)"
3526308,"Lagoinha",1.317523057,2020,"Longevidade",1.17,"Taxas de mortalidade 15 a 39 anos (por mil hab.)"
3526308,"Lagoinha",1.522939273,2022,"Longevidade",1.39,"Taxas de mortalidade 15 a 39 anos (por mil hab.)"
3526308,"Lagoinha",0.667556742,2024,"Longevidade",1.28,"Taxas de mortalidade 15 a 39 anos (por mil hab.)"
3526407,"Laranjal Paulista",1.234216273,2014,"Longevidade",1.32,"Taxas de mortalidade 15 a 39 anos (por mil hab.)"
3526407,"Laranjal Paulista",1.294618088,2016,"Longevidade",1.19,"Taxas de mortalidade 15 a 39 anos (por mil hab.)"
3526407,"Laranjal Paulista",1.384657989,2018,"Longevidade",1.15,"Taxas de mortalidade 15 a 39 anos (por mil hab.)"
3526407,"Laranjal Paulista",1.31934217,2020,"Longevidade",1.17,"Taxas de mortalidade 15 a 39 anos (por mil hab.)"
3526407,"Laranjal Paulista",1.297016861,2022,"Longevidade",1.39,"Taxas de mortalidade 15 a 39 anos (por mil hab.)"
3526407,"Laranjal Paulista",1.190851459,2024,"Longevidade",1.28,"Taxas de mortalidade 15 a 39 anos (por mil hab.)"
3526506,"Lavínia",1.56402737,2014,"Longevidade",1.32,"Taxas de mortalidade 15 a 39 anos (por mil hab.)"
3526506,"Lavínia",0.856559267,2016,"Longevidade",1.19,"Taxas de mortalidade 15 a 39 anos (por mil hab.)"
3526506,"Lavínia",1.060304838,2018,"Longevidade",1.15,"Taxas de mortalidade 15 a 39 anos (por mil hab.)"
3526506,"Lavínia",1.003613007,2020,"Longevidade",1.17,"Taxas de mortalidade 15 a 39 anos (por mil hab.)"
3526506,"Lavínia",0.946201676,2022,"Longevidade",1.39,"Taxas de mortalidade 15 a 39 anos (por mil hab.)"
3526506,"Lavínia",0.625156289,2024,"Longevidade",1.28,"Taxas de mortalidade 15 a 39 anos (por mil hab.)"
3526605,"Lavrinhas",1.611974669,2014,"Longevidade",1.32,"Taxas de mortalidade 15 a 39 anos (por mil hab.)"
3526605,"Lavrinhas",1.366120219,2016,"Longevidade",1.19,"Taxas de mortalidade 15 a 39 anos (por mil hab.)"
3526605,"Lavrinhas",1.142726546,2018,"Longevidade",1.15,"Taxas de mortalidade 15 a 39 anos (por mil hab.)"
3526605,"Lavrinhas",1.14902907,2020,"Longevidade",1.17,"Taxas de mortalidade 15 a 39 anos (por mil hab.)"
3526605,"Lavrinhas",1.391304348,2022,"Longevidade",1.39,"Taxas de mortalidade 15 a 39 anos (por mil hab.)"
3526605,"Lavrinhas",1.37276925,2024,"Longevidade",1.28,"Taxas de mortalidade 15 a 39 anos (por mil hab.)"
3526704,"Leme",1.608255166,2014,"Longevidade",1.32,"Taxas de mortalidade 15 a 39 anos (por mil hab.)"
3526704,"Leme",1.275019246,2016,"Longevidade",1.19,"Taxas de mortalidade 15 a 39 anos (por mil hab.)"
3526704,"Leme",1.220236662,2018,"Longevidade",1.15,"Taxas de mortalidade 15 a 39 anos (por mil hab.)"
3526704,"Leme",1.110199353,2020,"Longevidade",1.17,"Taxas de mortalidade 15 a 39 anos (por mil hab.)"
3526704,"Leme",1.584786054,2022,"Longevidade",1.39,"Taxas de mortalidade 15 a 39 anos (por mil hab.)"
3526704,"Leme",1.504931338,2024,"Longevidade",1.28,"Taxas de mortalidade 15 a 39 anos (por mil hab.)"
3526803,"Lençóis Paulista",1.000512763,2014,"Longevidade",1.32,"Taxas de mortalidade 15 a 39 anos (por mil hab.)"
3526803,"Lençóis Paulista",1.003344482,2016,"Longevidade",1.19,"Taxas de mortalidade 15 a 39 anos (por mil hab.)"
3526803,"Lençóis Paulista",0.895188363,2018,"Longevidade",1.15,"Taxas de mortalidade 15 a 39 anos (por mil hab.)"
3526803,"Lençóis Paulista",1.015190254,2020,"Longevidade",1.17,"Taxas de mortalidade 15 a 39 anos (por mil hab.)"
3526803,"Lençóis Paulista",1.0309672,2022,"Longevidade",1.39,"Taxas de mortalidade 15 a 39 anos (por mil hab.)"
3526803,"Lençóis Paulista",1.002221139,2024,"Longevidade",1.28,"Taxas de mortalidade 15 a 39 anos (por mil hab.)"
3526902,"Limeira",1.112985112,2014,"Longevidade",1.32,"Taxas de mortalidade 15 a 39 anos (por mil hab.)"
3526902,"Limeira",1.028270313,2016,"Longevidade",1.19,"Taxas de mortalidade 15 a 39 anos (por mil hab.)"
3526902,"Limeira",0.942185871,2018,"Longevidade",1.15,"Taxas de mortalidade 15 a 39 anos (por mil hab.)"
3526902,"Limeira",1.074437368,2020,"Longevidade",1.17,"Taxas de mortalidade 15 a 39 anos (por mil hab.)"
3526902,"Limeira",1.364730989,2022,"Longevidade",1.39,"Taxas de mortalidade 15 a 39 anos (por mil hab.)"
3526902,"Limeira",1.267809898,2024,"Longevidade",1.28,"Taxas de mortalidade 15 a 39 anos (por mil hab.)"
3527009,"Lindóia",1.394700139,2014,"Longevidade",1.32,"Taxas de mortalidade 15 a 39 anos (por mil hab.)"
3527009,"Lindóia",1.114081996,2016,"Longevidade",1.19,"Taxas de mortalidade 15 a 39 anos (por mil hab.)"
3527009,"Lindóia",0.888296691,2018,"Longevidade",1.15,"Taxas de mortalidade 15 a 39 anos (por mil hab.)"
3527009,"Lindóia",1.209322779,2020,"Longevidade",1.17,"Taxas de mortalidade 15 a 39 anos (por mil hab.)"
3527009,"Lindóia",1.642575558,2022,"Longevidade",1.39,"Taxas de mortalidade 15 a 39 anos (por mil hab.)"
3527009,"Lindóia",1.013171226,2024,"Longevidade",1.28,"Taxas de mortalidade 15 a 39 anos (por mil hab.)"
3527108,"Lins",1.589152604,2014,"Longevidade",1.32,"Taxas de mortalidade 15 a 39 anos (por mil hab.)"
3527108,"Lins",1.449821341,2016,"Longevidade",1.19,"Taxas de mortalidade 15 a 39 anos (por mil hab.)"
3527108,"Lins",1.321019138,2018,"Longevidade",1.15,"Taxas de mortalidade 15 a 39 anos (por mil hab.)"
3527108,"Lins",1.48918595,2020,"Longevidade",1.17,"Taxas de mortalidade 15 a 39 anos (por mil hab.)"
3527108,"Lins",1.790775726,2022,"Longevidade",1.39,"Taxas de mortalidade 15 a 39 anos (por mil hab.)"
3527108,"Lins",1.326225793,2024,"Longevidade",1.28,"Taxas de mortalidade 15 a 39 anos (por mil hab.)"
3527207,"Lorena",1.762782636,2014,"Longevidade",1.32,"Taxas de mortalidade 15 a 39 anos (por mil hab.)"
3527207,"Lorena",1.789297824,2016,"Longevidade",1.19,"Taxas de mortalidade 15 a 39 anos (por mil hab.)"
3527207,"Lorena",1.851243618,2018,"Longevidade",1.15,"Taxas de mortalidade 15 a 39 anos (por mil hab.)"
3527207,"Lorena",1.655712714,2020,"Longevidade",1.17,"Taxas de mortalidade 15 a 39 anos (por mil hab.)"
3527207,"Lorena",1.72700919,2022,"Longevidade",1.39,"Taxas de mortalidade 15 a 39 anos (por mil hab.)"
3527207,"Lorena",1.932719281,2024,"Longevidade",1.28,"Taxas de mortalidade 15 a 39 anos (por mil hab.)"
3527256,"Lourdes",1.203369434,2014,"Longevidade",1.32,"Taxas de mortalidade 15 a 39 anos (por mil hab.)"
3527256,"Lourdes",0.808080808,2016,"Longevidade",1.19,"Taxas de mortalidade 15 a 39 anos (por mil hab.)"
3527256,"Lourdes",0.809061489,2018,"Longevidade",1.15,"Taxas de mortalidade 15 a 39 anos (por mil hab.)"
3527256,"Lourdes",0.815993472,2020,"Longevidade",1.17,"Taxas de mortalidade 15 a 39 anos (por mil hab.)"
3527256,"Lourdes",1.251564456,2022,"Longevidade",1.39,"Taxas de mortalidade 15 a 39 anos (por mil hab.)"
3527256,"Lourdes",3.003003003,2024,"Longevidade",1.28,"Taxas de mortalidade 15 a 39 anos (por mil hab.)"
3527306,"Louveira",0.981387479,2014,"Longevidade",1.32,"Taxas de mortalidade 15 a 39 anos (por mil hab.)"
3527306,"Louveira",1.037973875,2016,"Longevidade",1.19,"Taxas de mortalidade 15 a 39 anos (por mil hab.)"
3527306,"Louveira",0.858000858,2018,"Longevidade",1.15,"Taxas de mortalidade 15 a 39 anos (por mil hab.)"
3527306,"Louveira",0.864902266,2020,"Longevidade",1.17,"Taxas de mortalidade 15 a 39 anos (por mil hab.)"
3527306,"Louveira",1.198927276,2022,"Longevidade",1.39,"Taxas de mortalidade 15 a 39 anos (por mil hab.)"
3527306,"Louveira",0.997039559,2024,"Longevidade",1.28,"Taxas de mortalidade 15 a 39 anos (por mil hab.)"
3527405,"Lucélia",0.734214391,2014,"Longevidade",1.32,"Taxas de mortalidade 15 a 39 anos (por mil hab.)"
3527405,"Lucélia",1.101186835,2016,"Longevidade",1.19,"Taxas de mortalidade 15 a 39 anos (por mil hab.)"
3527405,"Lucélia",1.312982111,2018,"Longevidade",1.15,"Taxas de mortalidade 15 a 39 anos (por mil hab.)"
3527405,"Lucélia",1.492537313,2020,"Longevidade",1.17,"Taxas de mortalidade 15 a 39 anos (por mil hab.)"
3527405,"Lucélia",1.605000845,2022,"Longevidade",1.39,"Taxas de mortalidade 15 a 39 anos (por mil hab.)"
3527405,"Lucélia",1.552717255,2024,"Longevidade",1.28,"Taxas de mortalidade 15 a 39 anos (por mil hab.)"
3527504,"Lucianópolis",1.122334456,2014,"Longevidade",1.32,"Taxas de mortalidade 15 a 39 anos (por mil hab.)"
3527504,"Lucianópolis",1.855976244,2016,"Longevidade",1.19,"Taxas de mortalidade 15 a 39 anos (por mil hab.)"
3527504,"Lucianópolis",2.627627628,2018,"Longevidade",1.15,"Taxas de mortalidade 15 a 39 anos (por mil hab.)"
3527504,"Lucianópolis",2.28050171,2020,"Longevidade",1.17,"Taxas de mortalidade 15 a 39 anos (por mil hab.)"
3527504,"Lucianópolis",0.777907429,2022,"Longevidade",1.39,"Taxas de mortalidade 15 a 39 anos (por mil hab.)"
3527603,"Luís Antônio",1.065719361,2014,"Longevidade",1.32,"Taxas de mortalidade 15 a 39 anos (por mil hab.)"
3527603,"Luís Antônio",0.821557673,2016,"Longevidade",1.19,"Taxas de mortalidade 15 a 39 anos (por mil hab.)"
3527603,"Luís Antônio",1.028472448,2018,"Longevidade",1.15,"Taxas de mortalidade 15 a 39 anos (por mil hab.)"
3527603,"Luís Antônio",0.846560847,2020,"Longevidade",1.17,"Taxas de mortalidade 15 a 39 anos (por mil hab.)"
3527603,"Luís Antônio",0.786410821,2022,"Longevidade",1.39,"Taxas de mortalidade 15 a 39 anos (por mil hab.)"
3527603,"Luís Antônio",0.98245614,2024,"Longevidade",1.28,"Taxas de mortalidade 15 a 39 anos (por mil hab.)"
3527702,"Luiziânia",2.2172949,2014,"Longevidade",1.32,"Taxas de mortalidade 15 a 39 anos (por mil hab.)"
3527702,"Luiziânia",0.702345835,2016,"Longevidade",1.19,"Taxas de mortalidade 15 a 39 anos (por mil hab.)"
3527702,"Luiziânia",0.140173816,2018,"Longevidade",1.15,"Taxas de mortalidade 15 a 39 anos (por mil hab.)"
3527702,"Luiziânia",0.829187396,2020,"Longevidade",1.17,"Taxas de mortalidade 15 a 39 anos (por mil hab.)"
3527702,"Luiziânia",0.82815735,2022,"Longevidade",1.39,"Taxas de mortalidade 15 a 39 anos (por mil hab.)"
3527702,"Luiziânia",2.237136465,2024,"Longevidade",1.28,"Taxas de mortalidade 15 a 39 anos (por mil hab.)"
3527801,"Lupércio",1.336387934,2014,"Longevidade",1.32,"Taxas de mortalidade 15 a 39 anos (por mil hab.)"
3527801,"Lupércio",1.137656428,2016,"Longevidade",1.19,"Taxas de mortalidade 15 a 39 anos (por mil hab.)"
3527801,"Lupércio",0.961168781,2018,"Longevidade",1.15,"Taxas de mortalidade 15 a 39 anos (por mil hab.)"
3527801,"Lupércio",0.976944119,2020,"Longevidade",1.17,"Taxas de mortalidade 15 a 39 anos (por mil hab.)"
3527801,"Lupércio",0.794281176,2024,"Longevidade",1.28,"Taxas de mortalidade 15 a 39 anos (por mil hab.)"
3527900,"Lutécia",1.599488164,2014,"Longevidade",1.32,"Taxas de mortalidade 15 a 39 anos (por mil hab.)"
3527900,"Lutécia",0.658111221,2016,"Longevidade",1.19,"Taxas de mortalidade 15 a 39 anos (por mil hab.)"
3527900,"Lutécia",0.330687831,2018,"Longevidade",1.15,"Taxas de mortalidade 15 a 39 anos (por mil hab.)"
3527900,"Lutécia",0.674081564,2020,"Longevidade",1.17,"Taxas de mortalidade 15 a 39 anos (por mil hab.)"
3527900,"Lutécia",1.046025105,2022,"Longevidade",1.39,"Taxas de mortalidade 15 a 39 anos (por mil hab.)"
3527900,"Lutécia",1.164144354,2024,"Longevidade",1.28,"Taxas de mortalidade 15 a 39 anos (por mil hab.)"
3528007,"Macatuba",1.337892077,2014,"Longevidade",1.32,"Taxas de mortalidade 15 a 39 anos (por mil hab.)"
3528007,"Macatuba",1.542288557,2016,"Longevidade",1.19,"Taxas de mortalidade 15 a 39 anos (por mil hab.)"
3528007,"Macatuba",1.301496721,2018,"Longevidade",1.15,"Taxas de mortalidade 15 a 39 anos (por mil hab.)"
3528007,"Macatuba",1.318926597,2020,"Longevidade",1.17,"Taxas de mortalidade 15 a 39 anos (por mil hab.)"
3528007,"Macatuba",1.549907006,2022,"Longevidade",1.39,"Taxas de mortalidade 15 a 39 anos (por mil hab.)"
3528007,"Macatuba",1.636393389,2024,"Longevidade",1.28,"Taxas de mortalidade 15 a 39 anos (por mil hab.)"
3528106,"Macaubal",0.701262272,2014,"Longevidade",1.32,"Taxas de mortalidade 15 a 39 anos (por mil hab.)"
3528106,"Macaubal",0.948991696,2016,"Longevidade",1.19,"Taxas de mortalidade 15 a 39 anos (por mil hab.)"
3528106,"Macaubal",0.837821664,2018,"Longevidade",1.15,"Taxas de mortalidade 15 a 39 anos (por mil hab.)"
3528106,"Macaubal",0.732600733,2020,"Longevidade",1.17,"Taxas de mortalidade 15 a 39 anos (por mil hab.)"
3528106,"Macaubal",1.751751752,2022,"Longevidade",1.39,"Taxas de mortalidade 15 a 39 anos (por mil hab.)"
3528106,"Macaubal",2.497429117,2024,"Longevidade",1.28,"Taxas de mortalidade 15 a 39 anos (por mil hab.)"
3528205,"Macedônia",1.267427123,2014,"Longevidade",1.32,"Taxas de mortalidade 15 a 39 anos (por mil hab.)"
3528205,"Macedônia",0.518000518,2016,"Longevidade",1.19,"Taxas de mortalidade 15 a 39 anos (por mil hab.)"
3528205,"Macedônia",0.785545954,2018,"Longevidade",1.15,"Taxas de mortalidade 15 a 39 anos (por mil hab.)"
3528205,"Macedônia",1.070950469,2020,"Longevidade",1.17,"Taxas de mortalidade 15 a 39 anos (por mil hab.)"
3528205,"Macedônia",1.648804617,2022,"Longevidade",1.39,"Taxas de mortalidade 15 a 39 anos (por mil hab.)"
3528205,"Macedônia",0.837520938,2024,"Longevidade",1.28,"Taxas de mortalidade 15 a 39 anos (por mil hab.)"
3528304,"Magda",2.345353269,2014,"Longevidade",1.32,"Taxas de mortalidade 15 a 39 anos (por mil hab.)"
3528304,"Magda",3.370098039,2016,"Longevidade",1.19,"Taxas de mortalidade 15 a 39 anos (por mil hab.)"
3528304,"Magda",2.506265664,2018,"Longevidade",1.15,"Taxas de mortalidade 15 a 39 anos (por mil hab.)"
3528304,"Magda",0.655522779,2020,"Longevidade",1.17,"Taxas de mortalidade 15 a 39 anos (por mil hab.)"
3528304,"Magda",0.339097999,2022,"Longevidade",1.39,"Taxas de mortalidade 15 a 39 anos (por mil hab.)"
3528304,"Magda",0.744047619,2024,"Longevidade",1.28,"Taxas de mortalidade 15 a 39 anos (por mil hab.)"
3528403,"Mairinque",1.777728906,2014,"Longevidade",1.32,"Taxas de mortalidade 15 a 39 anos (por mil hab.)"
3528403,"Mairinque",1.533742331,2016,"Longevidade",1.19,"Taxas de mortalidade 15 a 39 anos (por mil hab.)"
3528403,"Mairinque",1.577605342,2018,"Longevidade",1.15,"Taxas de mortalidade 15 a 39 anos (por mil hab.)"
3528403,"Mairinque",1.296224284,2020,"Longevidade",1.17,"Taxas de mortalidade 15 a 39 anos (por mil hab.)"
3528403,"Mairinque",1.896072689,2022,"Longevidade",1.39,"Taxas de mortalidade 15 a 39 anos (por mil hab.)"
3528403,"Mairinque",1.601007375,2024,"Longevidade",1.28,"Taxas de mortalidade 15 a 39 anos (por mil hab.)"
3528502,"Mairiporã",1.413279355,2014,"Longevidade",1.32,"Taxas de mortalidade 15 a 39 anos (por mil hab.)"
3528502,"Mairiporã",1.292719677,2016,"Longevidade",1.19,"Taxas de mortalidade 15 a 39 anos (por mil hab.)"
3528502,"Mairiporã",1.225396986,2018,"Longevidade",1.15,"Taxas de mortalidade 15 a 39 anos (por mil hab.)"
3528502,"Mairiporã",0.947344141,2020,"Longevidade",1.17,"Taxas de mortalidade 15 a 39 anos (por mil hab.)"
3528502,"Mairiporã",1.095823694,2022,"Longevidade",1.39,"Taxas de mortalidade 15 a 39 anos (por mil hab.)"
3528502,"Mairiporã",1.159823707,2024,"Longevidade",1.28,"Taxas de mortalidade 15 a 39 anos (por mil hab.)"
3528601,"Manduri",1.296656479,2014,"Longevidade",1.32,"Taxas de mortalidade 15 a 39 anos (por mil hab.)"
3528601,"Manduri",1.189169411,2016,"Longevidade",1.19,"Taxas de mortalidade 15 a 39 anos (por mil hab.)"
3528601,"Manduri",1.282756093,2018,"Longevidade",1.15,"Taxas de mortalidade 15 a 39 anos (por mil hab.)"
3528601,"Manduri",1.7432792,2020,"Longevidade",1.17,"Taxas de mortalidade 15 a 39 anos (por mil hab.)"
3528601,"Manduri",1.845188671,2022,"Longevidade",1.39,"Taxas de mortalidade 15 a 39 anos (por mil hab.)"
3528601,"Manduri",1.663242344,2024,"Longevidade",1.28,"Taxas de mortalidade 15 a 39 anos (por mil hab.)"
3528700,"Marabá Paulista",1.068376068,2014,"Longevidade",1.32,"Taxas de mortalidade 15 a 39 anos (por mil hab.)"
3528700,"Marabá Paulista",0.808080808,2016,"Longevidade",1.19,"Taxas de mortalidade 15 a 39 anos (por mil hab.)"
3528700,"Marabá Paulista",0.67585834,2018,"Longevidade",1.15,"Taxas de mortalidade 15 a 39 anos (por mil hab.)"
3528700,"Marabá Paulista",0.817661488,2020,"Longevidade",1.17,"Taxas de mortalidade 15 a 39 anos (por mil hab.)"
3528700,"Marabá Paulista",0.825082508,2022,"Longevidade",1.39,"Taxas de mortalidade 15 a 39 anos (por mil hab.)"
3528700,"Marabá Paulista",0.85999312000000006,2024,"Longevidade",1.28,"Taxas de mortalidade 15 a 39 anos (por mil hab.)"
3528809,"Maracaí",1.550099206,2014,"Longevidade",1.32,"Taxas de mortalidade 15 a 39 anos (por mil hab.)"
3528809,"Maracaí",1.328021248,2016,"Longevidade",1.19,"Taxas de mortalidade 15 a 39 anos (por mil hab.)"
3528809,"Maracaí",1.023672425,2018,"Longevidade",1.15,"Taxas de mortalidade 15 a 39 anos (por mil hab.)"
3528809,"Maracaí",0.913063327,2020,"Longevidade",1.17,"Taxas de mortalidade 15 a 39 anos (por mil hab.)"
3528809,"Maracaí",1.139945014,2022,"Longevidade",1.39,"Taxas de mortalidade 15 a 39 anos (por mil hab.)"
3528809,"Maracaí",1.569365976,2024,"Longevidade",1.28,"Taxas de mortalidade 15 a 39 anos (por mil hab.)"
3528858,"Marapoama",0.917431193,2014,"Longevidade",1.32,"Taxas de mortalidade 15 a 39 anos (por mil hab.)"
3528858,"Marapoama",0.600060006,2016,"Longevidade",1.19,"Taxas de mortalidade 15 a 39 anos (por mil hab.)"
3528858,"Marapoama",0.896057348,2018,"Longevidade",1.15,"Taxas de mortalidade 15 a 39 anos (por mil hab.)"
3528858,"Marapoama",0.89206066,2020,"Longevidade",1.17,"Taxas de mortalidade 15 a 39 anos (por mil hab.)"
3528858,"Marapoama",2.098321343,2022,"Longevidade",1.39,"Taxas de mortalidade 15 a 39 anos (por mil hab.)"
3528858,"Marapoama",1.143510577,2024,"Longevidade",1.28,"Taxas de mortalidade 15 a 39 anos (por mil hab.)"
3528908,"Mariápolis",0.63734863,2014,"Longevidade",1.32,"Taxas de mortalidade 15 a 39 anos (por mil hab.)"
3528908,"Mariápolis",1.91448628,2016,"Longevidade",1.19,"Taxas de mortalidade 15 a 39 anos (por mil hab.)"
3528908,"Mariápolis",1.936733376,2018,"Longevidade",1.15,"Taxas de mortalidade 15 a 39 anos (por mil hab.)"
3528908,"Mariápolis",1.317523057,2020,"Longevidade",1.17,"Taxas de mortalidade 15 a 39 anos (por mil hab.)"
3528908,"Mariápolis",1.346801347,2022,"Longevidade",1.39,"Taxas de mortalidade 15 a 39 anos (por mil hab.)"
3528908,"Mariápolis",0.302480339,2024,"Longevidade",1.28,"Taxas de mortalidade 15 a 39 anos (por mil hab.)"
3529005,"Marília",1.062754541,2014,"Longevidade",1.32,"Taxas de mortalidade 15 a 39 anos (por mil hab.)"
3529005,"Marília",0.884755075,2016,"Longevidade",1.19,"Taxas de mortalidade 15 a 39 anos (por mil hab.)"
3529005,"Marília",0.886166824,2018,"Longevidade",1.15,"Taxas de mortalidade 15 a 39 anos (por mil hab.)"
3529005,"Marília",1.070874484,2020,"Longevidade",1.17,"Taxas de mortalidade 15 a 39 anos (por mil hab.)"
3529005,"Marília",1.330625933,2022,"Longevidade",1.39,"Taxas de mortalidade 15 a 39 anos (por mil hab.)"
3529005,"Marília",1.151556005,2024,"Longevidade",1.28,"Taxas de mortalidade 15 a 39 anos (por mil hab.)"
3529104,"Marinópolis",1.280409731,2014,"Longevidade",1.32,"Taxas de mortalidade 15 a 39 anos (por mil hab.)"
3529104,"Marinópolis",1.761338617,2016,"Longevidade",1.19,"Taxas de mortalidade 15 a 39 anos (por mil hab.)"
3529104,"Marinópolis",1.328021248,2018,"Longevidade",1.15,"Taxas de mortalidade 15 a 39 anos (por mil hab.)"
3529104,"Marinópolis",0.893655049,2020,"Longevidade",1.17,"Taxas de mortalidade 15 a 39 anos (por mil hab.)"
3529104,"Marinópolis",0.603864734,2024,"Longevidade",1.28,"Taxas de mortalidade 15 a 39 anos (por mil hab.)"
3529203,"Martinópolis",1.218588414,2014,"Longevidade",1.32,"Taxas de mortalidade 15 a 39 anos (por mil hab.)"
3529203,"Martinópolis",1.589618816,2016,"Longevidade",1.19,"Taxas de mortalidade 15 a 39 anos (por mil hab.)"
3529203,"Martinópolis",1.522365821,2018,"Longevidade",1.15,"Taxas de mortalidade 15 a 39 anos (por mil hab.)"
3529203,"Martinópolis",1.290988897,2020,"Longevidade",1.17,"Taxas de mortalidade 15 a 39 anos (por mil hab.)"
3529203,"Martinópolis",1.459143969,2022,"Longevidade",1.39,"Taxas de mortalidade 15 a 39 anos (por mil hab.)"
3529203,"Martinópolis",1.206500019,2024,"Longevidade",1.28,"Taxas de mortalidade 15 a 39 anos (por mil hab.)"
3529302,"Matão",1.194927738,2014,"Longevidade",1.32,"Taxas de mortalidade 15 a 39 anos (por mil hab.)"
3529302,"Matão",1.024515185,2016,"Longevidade",1.19,"Taxas de mortalidade 15 a 39 anos (por mil hab.)"
3529302,"Matão",0.846345902,2018,"Longevidade",1.15,"Taxas de mortalidade 15 a 39 anos (por mil hab.)"
3529302,"Matão",1.149387897,2020,"Longevidade",1.17,"Taxas de mortalidade 15 a 39 anos (por mil hab.)"
3529302,"Matão",1.240029493,2022,"Longevidade",1.39,"Taxas de mortalidade 15 a 39 anos (por mil hab.)"
3529302,"Matão",1.518085539,2024,"Longevidade",1.28,"Taxas de mortalidade 15 a 39 anos (por mil hab.)"
3529401,"Mauá",1.296550238,2014,"Longevidade",1.32,"Taxas de mortalidade 15 a 39 anos (por mil hab.)"
3529401,"Mauá",1.156114973,2016,"Longevidade",1.19,"Taxas de mortalidade 15 a 39 anos (por mil hab.)"
3529401,"Mauá",1.055679349,2018,"Longevidade",1.15,"Taxas de mortalidade 15 a 39 anos (por mil hab.)"
3529401,"Mauá",1.164788143,2020,"Longevidade",1.17,"Taxas de mortalidade 15 a 39 anos (por mil hab.)"
3529401,"Mauá",1.412466415,2022,"Longevidade",1.39,"Taxas de mortalidade 15 a 39 anos (por mil hab.)"
3529401,"Mauá",1.342611814,2024,"Longevidade",1.28,"Taxas de mortalidade 15 a 39 anos (por mil hab.)"
3529500,"Mendonça",0.866250866,2014,"Longevidade",1.32,"Taxas de mortalidade 15 a 39 anos (por mil hab.)"
3529500,"Mendonça",0.826309701,2016,"Longevidade",1.19,"Taxas de mortalidade 15 a 39 anos (por mil hab.)"
3529500,"Mendonça",0.826309701,2018,"Longevidade",1.15,"Taxas de mortalidade 15 a 39 anos (por mil hab.)"
3529500,"Mendonça",1.476377953,2020,"Longevidade",1.17,"Taxas de mortalidade 15 a 39 anos (por mil hab.)"
3529500,"Mendonça",2.310231023,2022,"Longevidade",1.39,"Taxas de mortalidade 15 a 39 anos (por mil hab.)"
3529500,"Mendonça",1.664397034,2024,"Longevidade",1.28,"Taxas de mortalidade 15 a 39 anos (por mil hab.)"
3529609,"Meridiano",0.92208391,2014,"Longevidade",1.32,"Taxas de mortalidade 15 a 39 anos (por mil hab.)"
3529609,"Meridiano",0.716845878,2016,"Longevidade",1.19,"Taxas de mortalidade 15 a 39 anos (por mil hab.)"
3529609,"Meridiano",0.96969697,2018,"Longevidade",1.15,"Taxas de mortalidade 15 a 39 anos (por mil hab.)"
3529609,"Meridiano",1.00477267,2020,"Longevidade",1.17,"Taxas de mortalidade 15 a 39 anos (por mil hab.)"
3529609,"Meridiano",1.306165099,2022,"Longevidade",1.39,"Taxas de mortalidade 15 a 39 anos (por mil hab.)"
3529609,"Meridiano",1.111111111,2024,"Longevidade",1.28,"Taxas de mortalidade 15 a 39 anos (por mil hab.)"
3529658,"Mesópolis",1.436781609,2014,"Longevidade",1.32,"Taxas de mortalidade 15 a 39 anos (por mil hab.)"
3529658,"Mesópolis",1.955034213,2016,"Longevidade",1.19,"Taxas de mortalidade 15 a 39 anos (por mil hab.)"
3529658,"Mesópolis",1.490312966,2018,"Longevidade",1.15,"Taxas de mortalidade 15 a 39 anos (por mil hab.)"
3529658,"Mesópolis",1.02406554,2020,"Longevidade",1.17,"Taxas de mortalidade 15 a 39 anos (por mil hab.)"
3529658,"Mesópolis",1.555209953,2022,"Longevidade",1.39,"Taxas de mortalidade 15 a 39 anos (por mil hab.)"
3529658,"Mesópolis",1.543209877,2024,"Longevidade",1.28,"Taxas de mortalidade 15 a 39 anos (por mil hab.)"
3529708,"Miguelópolis",1.359276088,2014,"Longevidade",1.32,"Taxas de mortalidade 15 a 39 anos (por mil hab.)"
3529708,"Miguelópolis",1.016617791,2016,"Longevidade",1.19,"Taxas de mortalidade 15 a 39 anos (por mil hab.)"
3529708,"Miguelópolis",0.864881865,2018,"Longevidade",1.15,"Taxas de mortalidade 15 a 39 anos (por mil hab.)"
3529708,"Miguelópolis",1.352265044,2020,"Longevidade",1.17,"Taxas de mortalidade 15 a 39 anos (por mil hab.)"
3529708,"Miguelópolis",1.738638202,2022,"Longevidade",1.39,"Taxas de mortalidade 15 a 39 anos (por mil hab.)"
3529708,"Miguelópolis",1.344666955,2024,"Longevidade",1.28,"Taxas de mortalidade 15 a 39 anos (por mil hab.)"
3529807,"Mineiros do Tietê",0.939156101,2014,"Longevidade",1.32,"Taxas de mortalidade 15 a 39 anos (por mil hab.)"
3529807,"Mineiros do Tietê",1.465494271,2016,"Longevidade",1.19,"Taxas de mortalidade 15 a 39 anos (por mil hab.)"
3529807,"Mineiros do Tietê",1.607717042,2018,"Longevidade",1.15,"Taxas de mortalidade 15 a 39 anos (por mil hab.)"
3529807,"Mineiros do Tietê",1.215312943,2020,"Longevidade",1.17,"Taxas de mortalidade 15 a 39 anos (por mil hab.)"
3529807,"Mineiros do Tietê",1.578802856,2022,"Longevidade",1.39,"Taxas de mortalidade 15 a 39 anos (por mil hab.)"
3529807,"Mineiros do Tietê",1.562907007,2024,"Longevidade",1.28,"Taxas de mortalidade 15 a 39 anos (por mil hab.)"
3529906,"Miracatu",1.879378097,2014,"Longevidade",1.32,"Taxas de mortalidade 15 a 39 anos (por mil hab.)"
3529906,"Miracatu",1.940491591,2016,"Longevidade",1.19,"Taxas de mortalidade 15 a 39 anos (por mil hab.)"
3529906,"Miracatu",1.779282212,2018,"Longevidade",1.15,"Taxas de mortalidade 15 a 39 anos (por mil hab.)"
3529906,"Miracatu",1.712328767,2020,"Longevidade",1.17,"Taxas de mortalidade 15 a 39 anos (por mil hab.)"
3529906,"Miracatu",1.686640036,2022,"Longevidade",1.39,"Taxas de mortalidade 15 a 39 anos (por mil hab.)"
3529906,"Miracatu",1.542954758,2024,"Longevidade",1.28,"Taxas de mortalidade 15 a 39 anos (por mil hab.)"
3530003,"Mira Estrela",1.958863859,2014,"Longevidade",1.32,"Taxas de mortalidade 15 a 39 anos (por mil hab.)"
3530003,"Mira Estrela",0.642880103,2016,"Longevidade",1.19,"Taxas de mortalidade 15 a 39 anos (por mil hab.)"
3530003,"Mira Estrela",0.960614793,2018,"Longevidade",1.15,"Taxas de mortalidade 15 a 39 anos (por mil hab.)"
3530003,"Mira Estrela",0.952380952,2020,"Longevidade",1.17,"Taxas de mortalidade 15 a 39 anos (por mil hab.)"
3530003,"Mira Estrela",1.263823065,2022,"Longevidade",1.39,"Taxas de mortalidade 15 a 39 anos (por mil hab.)"
3530003,"Mira Estrela",2.341920375,2024,"Longevidade",1.28,"Taxas de mortalidade 15 a 39 anos (por mil hab.)"
3530102,"Mirandópolis",1.331180786,2014,"Longevidade",1.32,"Taxas de mortalidade 15 a 39 anos (por mil hab.)"
3530102,"Mirandópolis",0.79956595,2016,"Longevidade",1.19,"Taxas de mortalidade 15 a 39 anos (por mil hab.)"
3530102,"Mirandópolis",0.861994656,2018,"Longevidade",1.15,"Taxas de mortalidade 15 a 39 anos (por mil hab.)"
3530102,"Mirandópolis",1.164890209,2020,"Longevidade",1.17,"Taxas de mortalidade 15 a 39 anos (por mil hab.)"
3530102,"Mirandópolis",1.270122582,2022,"Longevidade",1.39,"Taxas de mortalidade 15 a 39 anos (por mil hab.)"
3530102,"Mirandópolis",1.225615361,2024,"Longevidade",1.28,"Taxas de mortalidade 15 a 39 anos (por mil hab.)"
3530201,"Mirante do Paranapanema",1.344294504,2014,"Longevidade",1.32,"Taxas de mortalidade 15 a 39 anos (por mil hab.)"
3530201,"Mirante do Paranapanema",1.016725128,2016,"Longevidade",1.19,"Taxas de mortalidade 15 a 39 anos (por mil hab.)"
3530201,"Mirante do Paranapanema",1.014250216,2018,"Longevidade",1.15,"Taxas de mortalidade 15 a 39 anos (por mil hab.)"
3530201,"Mirante do Paranapanema",0.707285036,2020,"Longevidade",1.17,"Taxas de mortalidade 15 a 39 anos (por mil hab.)"
3530201,"Mirante do Paranapanema",0.759532128,2022,"Longevidade",1.39,"Taxas de mortalidade 15 a 39 anos (por mil hab.)"
3530201,"Mirante do Paranapanema",1.200056473,2024,"Longevidade",1.28,"Taxas de mortalidade 15 a 39 anos (por mil hab.)"
3530300,"Mirassol",1.05595028,2014,"Longevidade",1.32,"Taxas de mortalidade 15 a 39 anos (por mil hab.)"
3530300,"Mirassol",0.981324637,2016,"Longevidade",1.19,"Taxas de mortalidade 15 a 39 anos (por mil hab.)"
3530300,"Mirassol",0.92634776,2018,"Longevidade",1.15,"Taxas de mortalidade 15 a 39 anos (por mil hab.)"
3530300,"Mirassol",0.922424131,2020,"Longevidade",1.17,"Taxas de mortalidade 15 a 39 anos (por mil hab.)"
3530300,"Mirassol",1.01388239,2022,"Longevidade",1.39,"Taxas de mortalidade 15 a 39 anos (por mil hab.)"
3530300,"Mirassol",0.903913947,2024,"Longevidade",1.28,"Taxas de mortalidade 15 a 39 anos (por mil hab.)"
3530409,"Mirassolândia",1.544103455,2014,"Longevidade",1.32,"Taxas de mortalidade 15 a 39 anos (por mil hab.)"
3530409,"Mirassolândia",0.934230194,2016,"Longevidade",1.19,"Taxas de mortalidade 15 a 39 anos (por mil hab.)"
3530409,"Mirassolândia",1.116071429,2018,"Longevidade",1.15,"Taxas de mortalidade 15 a 39 anos (por mil hab.)"
3530409,"Mirassolândia",0.74197737,2020,"Longevidade",1.17,"Taxas de mortalidade 15 a 39 anos (por mil hab.)"
3530409,"Mirassolândia",0.929022668,2022,"Longevidade",1.39,"Taxas de mortalidade 15 a 39 anos (por mil hab.)"
3530409,"Mirassolândia",1.048218029,2024,"Longevidade",1.28,"Taxas de mortalidade 15 a 39 anos (por mil hab.)"
3530508,"Mococa",1.213592233,2014,"Longevidade",1.32,"Taxas de mortalidade 15 a 39 anos (por mil hab.)"
3530508,"Mococa",1.05530031,2016,"Longevidade",1.19,"Taxas de mortalidade 15 a 39 anos (por mil hab.)"
3530508,"Mococa",0.96158844,2018,"Longevidade",1.15,"Taxas de mortalidade 15 a 39 anos (por mil hab.)"
3530508,"Mococa",0.821801601,2020,"Longevidade",1.17,"Taxas de mortalidade 15 a 39 anos (por mil hab.)"
3530508,"Mococa",1.442530143,2022,"Longevidade",1.39,"Taxas de mortalidade 15 a 39 anos (por mil hab.)"
3530508,"Mococa",0.993411345,2024,"Longevidade",1.28,"Taxas de mortalidade 15 a 39 anos (por mil hab.)"
3530607,"Mogi das Cruzes",1.446645256,2014,"Longevidade",1.32,"Taxas de mortalidade 15 a 39 anos (por mil hab.)"
3530607,"Mogi das Cruzes",1.214176924,2016,"Longevidade",1.19,"Taxas de mortalidade 15 a 39 anos (por mil hab.)"
3530607,"Mogi das Cruzes",1.130239231,2018,"Longevidade",1.15,"Taxas de mortalidade 15 a 39 anos (por mil hab.)"
3530607,"Mogi das Cruzes",1.25343778,2020,"Longevidade",1.17,"Taxas de mortalidade 15 a 39 anos (por mil hab.)"
3530607,"Mogi das Cruzes",1.433404713,2022,"Longevidade",1.39,"Taxas de mortalidade 15 a 39 anos (por mil hab.)"
3530607,"Mogi das Cruzes",1.254145814,2024,"Longevidade",1.28,"Taxas de mortalidade 15 a 39 anos (por mil hab.)"
3530706,"Mogi Guaçu",1.134678983,2014,"Longevidade",1.32,"Taxas de mortalidade 15 a 39 anos (por mil hab.)"
3530706,"Mogi Guaçu",1.13040564,2016,"Longevidade",1.19,"Taxas de mortalidade 15 a 39 anos (por mil hab.)"
3530706,"Mogi Guaçu",1.181911614,2018,"Longevidade",1.15,"Taxas de mortalidade 15 a 39 anos (por mil hab.)"
3530706,"Mogi Guaçu",1.217745612,2020,"Longevidade",1.17,"Taxas de mortalidade 15 a 39 anos (por mil hab.)"
3530706,"Mogi Guaçu",1.369033979,2022,"Longevidade",1.39,"Taxas de mortalidade 15 a 39 anos (por mil hab.)"
3530706,"Mogi Guaçu",1.188523616,2024,"Longevidade",1.28,"Taxas de mortalidade 15 a 39 anos (por mil hab.)"
3530805,"Mogi Mirim",1.573042226,2014,"Longevidade",1.32,"Taxas de mortalidade 15 a 39 anos (por mil hab.)"
3530805,"Mogi Mirim",1.142440214,2016,"Longevidade",1.19,"Taxas de mortalidade 15 a 39 anos (por mil hab.)"
3530805,"Mogi Mirim",1.075550129,2018,"Longevidade",1.15,"Taxas de mortalidade 15 a 39 anos (por mil hab.)"
3530805,"Mogi Mirim",1.273923091,2020,"Longevidade",1.17,"Taxas de mortalidade 15 a 39 anos (por mil hab.)"
3530805,"Mogi Mirim",1.547940632,2022,"Longevidade",1.39,"Taxas de mortalidade 15 a 39 anos (por mil hab.)"
3530805,"Mogi Mirim",1.34885034,2024,"Longevidade",1.28,"Taxas de mortalidade 15 a 39 anos (por mil hab.)"
3530904,"Mombuca",2.201027146,2014,"Longevidade",1.32,"Taxas de mortalidade 15 a 39 anos (por mil hab.)"
3530904,"Mombuca",1.973846533,2016,"Longevidade",1.19,"Taxas de mortalidade 15 a 39 anos (por mil hab.)"
3530904,"Mombuca",1.987083954,2018,"Longevidade",1.15,"Taxas de mortalidade 15 a 39 anos (por mil hab.)"
3530904,"Mombuca",0.761614623,2020,"Longevidade",1.17,"Taxas de mortalidade 15 a 39 anos (por mil hab.)"
3530904,"Mombuca",1.805985552,2022,"Longevidade",1.39,"Taxas de mortalidade 15 a 39 anos (por mil hab.)"
3530904,"Mombuca",1.515151515,2024,"Longevidade",1.28,"Taxas de mortalidade 15 a 39 anos (por mil hab.)"
3531001,"Monções",2.642007926,2014,"Longevidade",1.32,"Taxas de mortalidade 15 a 39 anos (por mil hab.)"
3531001,"Monções",0.451059991,2016,"Longevidade",1.19,"Taxas de mortalidade 15 a 39 anos (por mil hab.)"
3531001,"Monções",0.455996352,2018,"Longevidade",1.15,"Taxas de mortalidade 15 a 39 anos (por mil hab.)"
3531001,"Monções",1.864801865,2020,"Longevidade",1.17,"Taxas de mortalidade 15 a 39 anos (por mil hab.)"
3531001,"Monções",1.910219675,2022,"Longevidade",1.39,"Taxas de mortalidade 15 a 39 anos (por mil hab.)"
3531001,"Monções",1.360544218,2024,"Longevidade",1.28,"Taxas de mortalidade 15 a 39 anos (por mil hab.)"
3531100,"Mongaguá",2.184868027,2014,"Longevidade",1.32,"Taxas de mortalidade 15 a 39 anos (por mil hab.)"
3531100,"Mongaguá",1.730160285,2016,"Longevidade",1.19,"Taxas de mortalidade 15 a 39 anos (por mil hab.)"
3531100,"Mongaguá",1.366317854,2018,"Longevidade",1.15,"Taxas de mortalidade 15 a 39 anos (por mil hab.)"
3531100,"Mongaguá",1.292955728,2020,"Longevidade",1.17,"Taxas de mortalidade 15 a 39 anos (por mil hab.)"
3531100,"Mongaguá",1.551873659,2022,"Longevidade",1.39,"Taxas de mortalidade 15 a 39 anos (por mil hab.)"
3531100,"Mongaguá",1.785714286,2024,"Longevidade",1.28,"Taxas de mortalidade 15 a 39 anos (por mil hab.)"
3531209,"Monte Alegre do Sul",1.529591717,2014,"Longevidade",1.32,"Taxas de mortalidade 15 a 39 anos (por mil hab.)"
3531209,"Monte Alegre do Sul",1.269621422,2016,"Longevidade",1.19,"Taxas de mortalidade 15 a 39 anos (por mil hab.)"
3531209,"Monte Alegre do Sul",1.269181955,2018,"Longevidade",1.15,"Taxas de mortalidade 15 a 39 anos (por mil hab.)"
3531209,"Monte Alegre do Sul",0.922402859,2020,"Longevidade",1.17,"Taxas de mortalidade 15 a 39 anos (por mil hab.)"
3531209,"Monte Alegre do Sul",1.387925052,2022,"Longevidade",1.39,"Taxas de mortalidade 15 a 39 anos (por mil hab.)"
3531209,"Monte Alegre do Sul",0.72833211899999994,2024,"Longevidade",1.28,"Taxas de mortalidade 15 a 39 anos (por mil hab.)"
3531308,"Monte Alto",1.133847108,2014,"Longevidade",1.32,"Taxas de mortalidade 15 a 39 anos (por mil hab.)"
3531308,"Monte Alto",1.038812172,2016,"Longevidade",1.19,"Taxas de mortalidade 15 a 39 anos (por mil hab.)"
3531308,"Monte Alto",0.995457096,2018,"Longevidade",1.15,"Taxas de mortalidade 15 a 39 anos (por mil hab.)"
3531308,"Monte Alto",0.850528807,2020,"Longevidade",1.17,"Taxas de mortalidade 15 a 39 anos (por mil hab.)"
3531308,"Monte Alto",0.970984693,2022,"Longevidade",1.39,"Taxas de mortalidade 15 a 39 anos (por mil hab.)"
3531308,"Monte Alto",1.203444341,2024,"Longevidade",1.28,"Taxas de mortalidade 15 a 39 anos (por mil hab.)"
3531407,"Monte Aprazível",1.31307447,2014,"Longevidade",1.32,"Taxas de mortalidade 15 a 39 anos (por mil hab.)"
3531407,"Monte Aprazível",1.343033016,2016,"Longevidade",1.19,"Taxas de mortalidade 15 a 39 anos (por mil hab.)"
3531407,"Monte Aprazível",1.050223172,2018,"Longevidade",1.15,"Taxas de mortalidade 15 a 39 anos (por mil hab.)"
3531407,"Monte Aprazível",0.718880061,2020,"Longevidade",1.17,"Taxas de mortalidade 15 a 39 anos (por mil hab.)"
3531407,"Monte Aprazível",0.96072554,2022,"Longevidade",1.39,"Taxas de mortalidade 15 a 39 anos (por mil hab.)"
3531407,"Monte Aprazível",1.246438746,2024,"Longevidade",1.28,"Taxas de mortalidade 15 a 39 anos (por mil hab.)"
3531506,"Monte Azul Paulista",1.291299314,2014,"Longevidade",1.32,"Taxas de mortalidade 15 a 39 anos (por mil hab.)"
3531506,"Monte Azul Paulista",1.295936314,2016,"Longevidade",1.19,"Taxas de mortalidade 15 a 39 anos (por mil hab.)"
3531506,"Monte Azul Paulista",1.2234142670000001,2018,"Longevidade",1.15,"Taxas de mortalidade 15 a 39 anos (por mil hab.)"
3531506,"Monte Azul Paulista",1.315789474,2020,"Longevidade",1.17,"Taxas de mortalidade 15 a 39 anos (por mil hab.)"
3531506,"Monte Azul Paulista",1.112966055,2022,"Longevidade",1.39,"Taxas de mortalidade 15 a 39 anos (por mil hab.)"
3531506,"Monte Azul Paulista",0.809323406,2024,"Longevidade",1.28,"Taxas de mortalidade 15 a 39 anos (por mil hab.)"
3531605,"Monte Castelo",2.032520325,2014,"Longevidade",1.32,"Taxas de mortalidade 15 a 39 anos (por mil hab.)"
3531605,"Monte Castelo",0.227221086,2016,"Longevidade",1.19,"Taxas de mortalidade 15 a 39 anos (por mil hab.)"
3531605,"Monte Castelo",0.229410415,2018,"Longevidade",1.15,"Taxas de mortalidade 15 a 39 anos (por mil hab.)"
3531605,"Monte Castelo",0.467836257,2020,"Longevidade",1.17,"Taxas de mortalidade 15 a 39 anos (por mil hab.)"
3531605,"Monte Castelo",0.959923206,2022,"Longevidade",1.39,"Taxas de mortalidade 15 a 39 anos (por mil hab.)"
3531605,"Monte Castelo",1.506024096,2024,"Longevidade",1.28,"Taxas de mortalidade 15 a 39 anos (por mil hab.)"
3531704,"Monteiro Lobato",1.037129226,2014,"Longevidade",1.32,"Taxas de mortalidade 15 a 39 anos (por mil hab.)"
3531704,"Monteiro Lobato",2.00080032,2016,"Longevidade",1.19,"Taxas de mortalidade 15 a 39 anos (por mil hab.)"
3531704,"Monteiro Lobato",1.581652827,2018,"Longevidade",1.15,"Taxas de mortalidade 15 a 39 anos (por mil hab.)"
3531704,"Monteiro Lobato",1.366120219,2020,"Longevidade",1.17,"Taxas de mortalidade 15 a 39 anos (por mil hab.)"
3531704,"Monteiro Lobato",0.580046404,2022,"Longevidade",1.39,"Taxas de mortalidade 15 a 39 anos (por mil hab.)"
3531704,"Monteiro Lobato",0.539811066,2024,"Longevidade",1.28,"Taxas de mortalidade 15 a 39 anos (por mil hab.)"
3531803,"Monte Mor",1.424501425,2014,"Longevidade",1.32,"Taxas de mortalidade 15 a 39 anos (por mil hab.)"
3531803,"Monte Mor",1.573553357,2016,"Longevidade",1.19,"Taxas de mortalidade 15 a 39 anos (por mil hab.)"
3531803,"Monte Mor",1.411336835,2018,"Longevidade",1.15,"Taxas de mortalidade 15 a 39 anos (por mil hab.)"
3531803,"Monte Mor",1.46807602,2020,"Longevidade",1.17,"Taxas de mortalidade 15 a 39 anos (por mil hab.)"
3531803,"Monte Mor",1.621771291,2022,"Longevidade",1.39,"Taxas de mortalidade 15 a 39 anos (por mil hab.)"
3531803,"Monte Mor",1.809497199,2024,"Longevidade",1.28,"Taxas de mortalidade 15 a 39 anos (por mil hab.)"
3531902,"Morro Agudo",1.198591655,2014,"Longevidade",1.32,"Taxas de mortalidade 15 a 39 anos (por mil hab.)"
3531902,"Morro Agudo",1.408137553,2016,"Longevidade",1.19,"Taxas de mortalidade 15 a 39 anos (por mil hab.)"
3531902,"Morro Agudo",1.462314422,2018,"Longevidade",1.15,"Taxas de mortalidade 15 a 39 anos (por mil hab.)"
3531902,"Morro Agudo",1.371844757,2020,"Longevidade",1.17,"Taxas de mortalidade 15 a 39 anos (por mil hab.)"
3531902,"Morro Agudo",1.161088394,2022,"Longevidade",1.39,"Taxas de mortalidade 15 a 39 anos (por mil hab.)"
3531902,"Morro Agudo",1.292866608,2024,"Longevidade",1.28,"Taxas de mortalidade 15 a 39 anos (por mil hab.)"
3532009,"Morungaba",0.766136755,2014,"Longevidade",1.32,"Taxas de mortalidade 15 a 39 anos (por mil hab.)"
3532009,"Morungaba",1.561426519,2016,"Longevidade",1.19,"Taxas de mortalidade 15 a 39 anos (por mil hab.)"
3532009,"Morungaba",1.002129525,2018,"Longevidade",1.15,"Taxas de mortalidade 15 a 39 anos (por mil hab.)"
3532009,"Morungaba",0.439339735,2020,"Longevidade",1.17,"Taxas de mortalidade 15 a 39 anos (por mil hab.)"
3532009,"Morungaba",1.013556316,2022,"Longevidade",1.39,"Taxas de mortalidade 15 a 39 anos (por mil hab.)"
3532009,"Morungaba",1.180173092,2024,"Longevidade",1.28,"Taxas de mortalidade 15 a 39 anos (por mil hab.)"
3532058,"Motuca",1.453224342,2014,"Longevidade",1.32,"Taxas de mortalidade 15 a 39 anos (por mil hab.)"
3532058,"Motuca",0.900900901,2016,"Longevidade",1.19,"Taxas de mortalidade 15 a 39 anos (por mil hab.)"
3532058,"Motuca",1.263994222,2018,"Longevidade",1.15,"Taxas de mortalidade 15 a 39 anos (por mil hab.)"
3532058,"Motuca",0.726216412,2020,"Longevidade",1.17,"Taxas de mortalidade 15 a 39 anos (por mil hab.)"
3532058,"Motuca",0.92030185900000006,2022,"Longevidade",1.39,"Taxas de mortalidade 15 a 39 anos (por mil hab.)"
3532058,"Motuca",1.000250063,2024,"Longevidade",1.28,"Taxas de mortalidade 15 a 39 anos (por mil hab.)"
3532108,"Murutinga do Sul",0.231160425,2014,"Longevidade",1.32,"Taxas de mortalidade 15 a 39 anos (por mil hab.)"
3532108,"Murutinga do Sul",0.905797101,2016,"Longevidade",1.19,"Taxas de mortalidade 15 a 39 anos (por mil hab.)"
3532108,"Murutinga do Sul",1.575512041,2018,"Longevidade",1.15,"Taxas de mortalidade 15 a 39 anos (por mil hab.)"
3532108,"Murutinga do Sul",1.109631602,2020,"Longevidade",1.17,"Taxas de mortalidade 15 a 39 anos (por mil hab.)"
3532108,"Murutinga do Sul",1.556593284,2022,"Longevidade",1.39,"Taxas de mortalidade 15 a 39 anos (por mil hab.)"
3532108,"Murutinga do Sul",0.661375661,2024,"Longevidade",1.28,"Taxas de mortalidade 15 a 39 anos (por mil hab.)"
3532157,"Nantes",1.690617075,2014,"Longevidade",1.32,"Taxas de mortalidade 15 a 39 anos (por mil hab.)"
3532157,"Nantes",1.361655773,2016,"Longevidade",1.19,"Taxas de mortalidade 15 a 39 anos (por mil hab.)"
3532157,"Nantes",1.622060016,2018,"Longevidade",1.15,"Taxas de mortalidade 15 a 39 anos (por mil hab.)"
3532157,"Nantes",1.593625498,2020,"Longevidade",1.17,"Taxas de mortalidade 15 a 39 anos (por mil hab.)"
3532157,"Nantes",1.317523057,2022,"Longevidade",1.39,"Taxas de mortalidade 15 a 39 anos (por mil hab.)"
3532157,"Nantes",2.181025082,2024,"Longevidade",1.28,"Taxas de mortalidade 15 a 39 anos (por mil hab.)"
3532207,"Narandiba",1.257183908,2014,"Longevidade",1.32,"Taxas de mortalidade 15 a 39 anos (por mil hab.)"
3532207,"Narandiba",1.221640489,2016,"Longevidade",1.19,"Taxas de mortalidade 15 a 39 anos (por mil hab.)"
3532207,"Narandiba",1.742463844,2018,"Longevidade",1.15,"Taxas de mortalidade 15 a 39 anos (por mil hab.)"
3532207,"Narandiba",1.380977041,2020,"Longevidade",1.17,"Taxas de mortalidade 15 a 39 anos (por mil hab.)"
3532207,"Narandiba",1.03626943,2022,"Longevidade",1.39,"Taxas de mortalidade 15 a 39 anos (por mil hab.)"
3532207,"Narandiba",0.622761949,2024,"Longevidade",1.28,"Taxas de mortalidade 15 a 39 anos (por mil hab.)"
3532306,"Natividade da Serra",1.978239367,2014,"Longevidade",1.32,"Taxas de mortalidade 15 a 39 anos (por mil hab.)"
3532306,"Natividade da Serra",1.259445844,2016,"Longevidade",1.19,"Taxas de mortalidade 15 a 39 anos (por mil hab.)"
3532306,"Natividade da Serra",1.836158192,2018,"Longevidade",1.15,"Taxas de mortalidade 15 a 39 anos (por mil hab.)"
3532306,"Natividade da Serra",1.431844215,2020,"Longevidade",1.17,"Taxas de mortalidade 15 a 39 anos (por mil hab.)"
3532306,"Natividade da Serra",1.015817733,2022,"Longevidade",1.39,"Taxas de mortalidade 15 a 39 anos (por mil hab.)"
3532306,"Natividade da Serra",2.171008684,2024,"Longevidade",1.28,"Taxas de mortalidade 15 a 39 anos (por mil hab.)"
3532405,"Nazaré Paulista",1.631164844,2014,"Longevidade",1.32,"Taxas de mortalidade 15 a 39 anos (por mil hab.)"
3532405,"Nazaré Paulista",1.385233412,2016,"Longevidade",1.19,"Taxas de mortalidade 15 a 39 anos (por mil hab.)"
3532405,"Nazaré Paulista",1.332965619,2018,"Longevidade",1.15,"Taxas de mortalidade 15 a 39 anos (por mil hab.)"
3532405,"Nazaré Paulista",1.136415292,2020,"Longevidade",1.17,"Taxas de mortalidade 15 a 39 anos (por mil hab.)"
3532405,"Nazaré Paulista",1.500272777,2022,"Longevidade",1.39,"Taxas de mortalidade 15 a 39 anos (por mil hab.)"
3532405,"Nazaré Paulista",1.748807631,2024,"Longevidade",1.28,"Taxas de mortalidade 15 a 39 anos (por mil hab.)"
3532504,"Neves Paulista",1.84501845,2014,"Longevidade",1.32,"Taxas de mortalidade 15 a 39 anos (por mil hab.)"
3532504,"Neves Paulista",0.531462585,2016,"Longevidade",1.19,"Taxas de mortalidade 15 a 39 anos (por mil hab.)"
3532504,"Neves Paulista",0.64808814,2018,"Longevidade",1.15,"Taxas de mortalidade 15 a 39 anos (por mil hab.)"
3532504,"Neves Paulista",0.557413601,2020,"Longevidade",1.17,"Taxas de mortalidade 15 a 39 anos (por mil hab.)"
3532504,"Neves Paulista",0.81300813,2022,"Longevidade",1.39,"Taxas de mortalidade 15 a 39 anos (por mil hab.)"
3532504,"Neves Paulista",0.333111259,2024,"Longevidade",1.28,"Taxas de mortalidade 15 a 39 anos (por mil hab.)"
3532603,"Nhandeara",1.279754287,2014,"Longevidade",1.32,"Taxas de mortalidade 15 a 39 anos (por mil hab.)"
3532603,"Nhandeara",1.558036874,2016,"Longevidade",1.19,"Taxas de mortalidade 15 a 39 anos (por mil hab.)"
3532603,"Nhandeara",1.838235294,2018,"Longevidade",1.15,"Taxas de mortalidade 15 a 39 anos (por mil hab.)"
3532603,"Nhandeara",1.431767338,2020,"Longevidade",1.17,"Taxas de mortalidade 15 a 39 anos (por mil hab.)"
3532603,"Nhandeara",1.562356401,2022,"Longevidade",1.39,"Taxas de mortalidade 15 a 39 anos (por mil hab.)"
3532603,"Nhandeara",1.071428571,2024,"Longevidade",1.28,"Taxas de mortalidade 15 a 39 anos (por mil hab.)"
3532702,"Nipoã",1.337345369,2014,"Longevidade",1.32,"Taxas de mortalidade 15 a 39 anos (por mil hab.)"
3532702,"Nipoã",1.950268162,2016,"Longevidade",1.19,"Taxas de mortalidade 15 a 39 anos (por mil hab.)"
3532702,"Nipoã",0.650406504,2018,"Longevidade",1.15,"Taxas de mortalidade 15 a 39 anos (por mil hab.)"
3532702,"Nipoã",0.652315721,2020,"Longevidade",1.17,"Taxas de mortalidade 15 a 39 anos (por mil hab.)"
3532702,"Nipoã",1.311045559,2022,"Longevidade",1.39,"Taxas de mortalidade 15 a 39 anos (por mil hab.)"
3532702,"Nipoã",1.348747592,2024,"Longevidade",1.28,"Taxas de mortalidade 15 a 39 anos (por mil hab.)"
3532801,"Nova Aliança",0.9799804,2014,"Longevidade",1.32,"Taxas de mortalidade 15 a 39 anos (por mil hab.)"
3532801,"Nova Aliança",1.757944557,2016,"Longevidade",1.19,"Taxas de mortalidade 15 a 39 anos (por mil hab.)"
3532801,"Nova Aliança",1.488095238,2018,"Longevidade",1.15,"Taxas de mortalidade 15 a 39 anos (por mil hab.)"
3532801,"Nova Aliança",1.21703854,2020,"Longevidade",1.17,"Taxas de mortalidade 15 a 39 anos (por mil hab.)"
3532801,"Nova Aliança",1.358326542,2022,"Longevidade",1.39,"Taxas de mortalidade 15 a 39 anos (por mil hab.)"
3532801,"Nova Aliança",2.288984263,2024,"Longevidade",1.28,"Taxas de mortalidade 15 a 39 anos (por mil hab.)"
3532827,"Nova Campina",1.034928849,2014,"Longevidade",1.32,"Taxas de mortalidade 15 a 39 anos (por mil hab.)"
3532827,"Nova Campina",1.142670584,2016,"Longevidade",1.19,"Taxas de mortalidade 15 a 39 anos (por mil hab.)"
3532827,"Nova Campina",0.888888889,2018,"Longevidade",1.15,"Taxas de mortalidade 15 a 39 anos (por mil hab.)"
3532827,"Nova Campina",1.028318304,2020,"Longevidade",1.17,"Taxas de mortalidade 15 a 39 anos (por mil hab.)"
3532827,"Nova Campina",1.412096964,2022,"Longevidade",1.39,"Taxas de mortalidade 15 a 39 anos (por mil hab.)"
3532827,"Nova Campina",1.86165001,2024,"Longevidade",1.28,"Taxas de mortalidade 15 a 39 anos (por mil hab.)"
3532843,"Nova Canaã Paulista",2.552322614,2014,"Longevidade",1.32,"Taxas de mortalidade 15 a 39 anos (por mil hab.)"
3532843,"Nova Canaã Paulista",1.070090958,2016,"Longevidade",1.19,"Taxas de mortalidade 15 a 39 anos (por mil hab.)"
3532843,"Nova Canaã Paulista",0.550055006,2018,"Longevidade",1.15,"Taxas de mortalidade 15 a 39 anos (por mil hab.)"
3532843,"Nova Canaã Paulista",2.294893861,2020,"Longevidade",1.17,"Taxas de mortalidade 15 a 39 anos (por mil hab.)"
3532843,"Nova Canaã Paulista",1.792114695,2022,"Longevidade",1.39,"Taxas de mortalidade 15 a 39 anos (por mil hab.)"
3532843,"Nova Canaã Paulista",1.883239171,2024,"Longevidade",1.28,"Taxas de mortalidade 15 a 39 anos (por mil hab.)"
3532868,"Nova Castilho",1.564945227,2020,"Longevidade",1.17,"Taxas de mortalidade 15 a 39 anos (por mil hab.)"
3532868,"Nova Castilho",2.358490566,2022,"Longevidade",1.39,"Taxas de mortalidade 15 a 39 anos (por mil hab.)"
3532900,"Nova Europa",1.513341298,2014,"Longevidade",1.32,"Taxas de mortalidade 15 a 39 anos (por mil hab.)"
3532900,"Nova Europa",0.918906501,2016,"Longevidade",1.19,"Taxas de mortalidade 15 a 39 anos (por mil hab.)"
3532900,"Nova Europa",1.444976804,2018,"Longevidade",1.15,"Taxas de mortalidade 15 a 39 anos (por mil hab.)"
3532900,"Nova Europa",0.900090009,2020,"Longevidade",1.17,"Taxas de mortalidade 15 a 39 anos (por mil hab.)"
3532900,"Nova Europa",1.41432187,2022,"Longevidade",1.39,"Taxas de mortalidade 15 a 39 anos (por mil hab.)"
3532900,"Nova Europa",1.641025641,2024,"Longevidade",1.28,"Taxas de mortalidade 15 a 39 anos (por mil hab.)"
3533007,"Nova Granada",1.381608355,2014,"Longevidade",1.32,"Taxas de mortalidade 15 a 39 anos (por mil hab.)"
3533007,"Nova Granada",1.27744511,2016,"Longevidade",1.19,"Taxas de mortalidade 15 a 39 anos (por mil hab.)"
3533007,"Nova Granada",1.161300657,2018,"Longevidade",1.15,"Taxas de mortalidade 15 a 39 anos (por mil hab.)"
3533007,"Nova Granada",1.208897485,2020,"Longevidade",1.17,"Taxas de mortalidade 15 a 39 anos (por mil hab.)"
3533007,"Nova Granada",1.305749378,2022,"Longevidade",1.39,"Taxas de mortalidade 15 a 39 anos (por mil hab.)"
3533007,"Nova Granada",1.812141347,2024,"Longevidade",1.28,"Taxas de mortalidade 15 a 39 anos (por mil hab.)"
3533106,"Nova Guataporanga",2.136752137,2014,"Longevidade",1.32,"Taxas de mortalidade 15 a 39 anos (por mil hab.)"
3533106,"Nova Guataporanga",2.51572327,2016,"Longevidade",1.19,"Taxas de mortalidade 15 a 39 anos (por mil hab.)"
3533106,"Nova Guataporanga",2.927645337,2018,"Longevidade",1.15,"Taxas de mortalidade 15 a 39 anos (por mil hab.)"
3533106,"Nova Guataporanga",1.677148847,2020,"Longevidade",1.17,"Taxas de mortalidade 15 a 39 anos (por mil hab.)"
3533106,"Nova Guataporanga",1.531393568,2024,"Longevidade",1.28,"Taxas de mortalidade 15 a 39 anos (por mil hab.)"
3533205,"Nova Independência",1.176193837,2014,"Longevidade",1.32,"Taxas de mortalidade 15 a 39 anos (por mil hab.)"
3533205,"Nova Independência",0.663570007,2016,"Longevidade",1.19,"Taxas de mortalidade 15 a 39 anos (por mil hab.)"
3533205,"Nova Independência",0.873171797,2018,"Longevidade",1.15,"Taxas de mortalidade 15 a 39 anos (por mil hab.)"
3533205,"Nova Independência",1.287001287,2020,"Longevidade",1.17,"Taxas de mortalidade 15 a 39 anos (por mil hab.)"
3533205,"Nova Independência",2.547770701,2022,"Longevidade",1.39,"Taxas de mortalidade 15 a 39 anos (por mil hab.)"
3533205,"Nova Independência",2.424830262,2024,"Longevidade",1.28,"Taxas de mortalidade 15 a 39 anos (por mil hab.)"
3533254,"Novais",1.011853137,2014,"Longevidade",1.32,"Taxas de mortalidade 15 a 39 anos (por mil hab.)"
3533254,"Novais",1.245330012,2016,"Longevidade",1.19,"Taxas de mortalidade 15 a 39 anos (por mil hab.)"
3533254,"Novais",0.550964187,2018,"Longevidade",1.15,"Taxas de mortalidade 15 a 39 anos (por mil hab.)"
3533254,"Novais",0.95471904,2020,"Longevidade",1.17,"Taxas de mortalidade 15 a 39 anos (por mil hab.)"
3533254,"Novais",0.950828579,2022,"Longevidade",1.39,"Taxas de mortalidade 15 a 39 anos (por mil hab.)"
3533254,"Novais",1.360544218,2024,"Longevidade",1.28,"Taxas de mortalidade 15 a 39 anos (por mil hab.)"
3533304,"Nova Luzitânia",1.058201058,2014,"Longevidade",1.32,"Taxas de mortalidade 15 a 39 anos (por mil hab.)"
3533304,"Nova Luzitânia",0.609756098,2016,"Longevidade",1.19,"Taxas de mortalidade 15 a 39 anos (por mil hab.)"
3533304,"Nova Luzitânia",0.809061489,2018,"Longevidade",1.15,"Taxas de mortalidade 15 a 39 anos (por mil hab.)"
3533304,"Nova Luzitânia",1.203369434,2020,"Longevidade",1.17,"Taxas de mortalidade 15 a 39 anos (por mil hab.)"
3533304,"Nova Luzitânia",1.614205004,2022,"Longevidade",1.39,"Taxas de mortalidade 15 a 39 anos (por mil hab.)"
3533304,"Nova Luzitânia",0.376647834,2024,"Longevidade",1.28,"Taxas de mortalidade 15 a 39 anos (por mil hab.)"
3533403,"Nova Odessa",1.075553984,2014,"Longevidade",1.32,"Taxas de mortalidade 15 a 39 anos (por mil hab.)"
3533403,"Nova Odessa",1.052024787,2016,"Longevidade",1.19,"Taxas de mortalidade 15 a 39 anos (por mil hab.)"
3533403,"Nova Odessa",0.950529272,2018,"Longevidade",1.15,"Taxas de mortalidade 15 a 39 anos (por mil hab.)"
3533403,"Nova Odessa",0.748643084,2020,"Longevidade",1.17,"Taxas de mortalidade 15 a 39 anos (por mil hab.)"
3533403,"Nova Odessa",1.075456342,2022,"Longevidade",1.39,"Taxas de mortalidade 15 a 39 anos (por mil hab.)"
3533403,"Nova Odessa",0.88076791,2024,"Longevidade",1.28,"Taxas de mortalidade 15 a 39 anos (por mil hab.)"
3533502,"Novo Horizonte",1.401224942,2014,"Longevidade",1.32,"Taxas de mortalidade 15 a 39 anos (por mil hab.)"
3533502,"Novo Horizonte",1.166285381,2016,"Longevidade",1.19,"Taxas de mortalidade 15 a 39 anos (por mil hab.)"
3533502,"Novo Horizonte",1.032686782,2018,"Longevidade",1.15,"Taxas de mortalidade 15 a 39 anos (por mil hab.)"
3533502,"Novo Horizonte",1.440954632,2020,"Longevidade",1.17,"Taxas de mortalidade 15 a 39 anos (por mil hab.)"
3533502,"Novo Horizonte",1.726997978,2022,"Longevidade",1.39,"Taxas de mortalidade 15 a 39 anos (por mil hab.)"
3533502,"Novo Horizonte",1.172721479,2024,"Longevidade",1.28,"Taxas de mortalidade 15 a 39 anos (por mil hab.)"
3533601,"Nuporanga",1.18666192,2014,"Longevidade",1.32,"Taxas de mortalidade 15 a 39 anos (por mil hab.)"
3533601,"Nuporanga",1.17000117,2016,"Longevidade",1.19,"Taxas de mortalidade 15 a 39 anos (por mil hab.)"
3533601,"Nuporanga",0.703482237,2018,"Longevidade",1.15,"Taxas de mortalidade 15 a 39 anos (por mil hab.)"
3533601,"Nuporanga",1.058574453,2020,"Longevidade",1.17,"Taxas de mortalidade 15 a 39 anos (por mil hab.)"
3533601,"Nuporanga",0.952040938,2022,"Longevidade",1.39,"Taxas de mortalidade 15 a 39 anos (por mil hab.)"
3533601,"Nuporanga",1.161890008,2024,"Longevidade",1.28,"Taxas de mortalidade 15 a 39 anos (por mil hab.)"
3533700,"Ocauçu",1.268230818,2014,"Longevidade",1.32,"Taxas de mortalidade 15 a 39 anos (por mil hab.)"
3533700,"Ocauçu",0.858553338,2016,"Longevidade",1.19,"Taxas de mortalidade 15 a 39 anos (por mil hab.)"
3533700,"Ocauçu",0.647249191,2018,"Longevidade",1.15,"Taxas de mortalidade 15 a 39 anos (por mil hab.)"
3533700,"Ocauçu",0.654878847,2020,"Longevidade",1.17,"Taxas de mortalidade 15 a 39 anos (por mil hab.)"
3533700,"Ocauçu",0.22192632,2022,"Longevidade",1.39,"Taxas de mortalidade 15 a 39 anos (por mil hab.)"
3533700,"Ocauçu",1.421464108,2024,"Longevidade",1.28,"Taxas de mortalidade 15 a 39 anos (por mil hab.)"
3533809,"Óleo",1.870557426,2014,"Longevidade",1.32,"Taxas de mortalidade 15 a 39 anos (por mil hab.)"
3533809,"Óleo",1.138952164,2016,"Longevidade",1.19,"Taxas de mortalidade 15 a 39 anos (por mil hab.)"
3533809,"Óleo",0.760167237,2018,"Longevidade",1.15,"Taxas de mortalidade 15 a 39 anos (por mil hab.)"
3533809,"Óleo",1.915708812,2020,"Longevidade",1.17,"Taxas de mortalidade 15 a 39 anos (por mil hab.)"
3533809,"Óleo",3.504672897,2022,"Longevidade",1.39,"Taxas de mortalidade 15 a 39 anos (por mil hab.)"
3533809,"Óleo",3.010752688,2024,"Longevidade",1.28,"Taxas de mortalidade 15 a 39 anos (por mil hab.)"
3533908,"Olímpia",1.17965102,2014,"Longevidade",1.32,"Taxas de mortalidade 15 a 39 anos (por mil hab.)"
3533908,"Olímpia",1.020929045,2016,"Longevidade",1.19,"Taxas de mortalidade 15 a 39 anos (por mil hab.)"
3533908,"Olímpia",0.877890413,2018,"Longevidade",1.15,"Taxas de mortalidade 15 a 39 anos (por mil hab.)"
3533908,"Olímpia",0.988871011,2020,"Longevidade",1.17,"Taxas de mortalidade 15 a 39 anos (por mil hab.)"
3533908,"Olímpia",1.382205385,2022,"Longevidade",1.39,"Taxas de mortalidade 15 a 39 anos (por mil hab.)"
3533908,"Olímpia",1.050682944,2024,"Longevidade",1.28,"Taxas de mortalidade 15 a 39 anos (por mil hab.)"
3534005,"Onda Verde",2.639058059,2014,"Longevidade",1.32,"Taxas de mortalidade 15 a 39 anos (por mil hab.)"
3534005,"Onda Verde",1.189060642,2016,"Longevidade",1.19,"Taxas de mortalidade 15 a 39 anos (por mil hab.)"
3534005,"Onda Verde",1.977066034,2018,"Longevidade",1.15,"Taxas de mortalidade 15 a 39 anos (por mil hab.)"
3534005,"Onda Verde",1.569550716,2020,"Longevidade",1.17,"Taxas de mortalidade 15 a 39 anos (por mil hab.)"
3534005,"Onda Verde",1.959631589,2022,"Longevidade",1.39,"Taxas de mortalidade 15 a 39 anos (por mil hab.)"
3534005,"Onda Verde",1.898253607,2024,"Longevidade",1.28,"Taxas de mortalidade 15 a 39 anos (por mil hab.)"
3534104,"Oriente",1.411831145,2014,"Longevidade",1.32,"Taxas de mortalidade 15 a 39 anos (por mil hab.)"
3534104,"Oriente",0.422654269,2016,"Longevidade",1.19,"Taxas de mortalidade 15 a 39 anos (por mil hab.)"
3534104,"Oriente",0.283687943,2018,"Longevidade",1.15,"Taxas de mortalidade 15 a 39 anos (por mil hab.)"
3534104,"Oriente",0.852878465,2020,"Longevidade",1.17,"Taxas de mortalidade 15 a 39 anos (por mil hab.)"
3534104,"Oriente",1.589365699,2022,"Longevidade",1.39,"Taxas de mortalidade 15 a 39 anos (por mil hab.)"
3534104,"Oriente",1.497005988,2024,"Longevidade",1.28,"Taxas de mortalidade 15 a 39 anos (por mil hab.)"
3534203,"Orindiúva",1.076812635,2014,"Longevidade",1.32,"Taxas de mortalidade 15 a 39 anos (por mil hab.)"
3534203,"Orindiúva",0.804320349,2016,"Longevidade",1.19,"Taxas de mortalidade 15 a 39 anos (por mil hab.)"
3534203,"Orindiúva",0.571167466,2018,"Longevidade",1.15,"Taxas de mortalidade 15 a 39 anos (por mil hab.)"
3534203,"Orindiúva",0.904875014,2020,"Longevidade",1.17,"Taxas de mortalidade 15 a 39 anos (por mil hab.)"
3534203,"Orindiúva",1.807909605,2022,"Longevidade",1.39,"Taxas de mortalidade 15 a 39 anos (por mil hab.)"
3534203,"Orindiúva",1.81900864,2024,"Longevidade",1.28,"Taxas de mortalidade 15 a 39 anos (por mil hab.)"
3534302,"Orlândia",0.857051742,2014,"Longevidade",1.32,"Taxas de mortalidade 15 a 39 anos (por mil hab.)"
3534302,"Orlândia",0.738699888,2016,"Longevidade",1.19,"Taxas de mortalidade 15 a 39 anos (por mil hab.)"
3534302,"Orlândia",0.722760947,2018,"Longevidade",1.15,"Taxas de mortalidade 15 a 39 anos (por mil hab.)"
3534302,"Orlândia",0.67015962,2020,"Longevidade",1.17,"Taxas de mortalidade 15 a 39 anos (por mil hab.)"
3534302,"Orlândia",0.829600133,2022,"Longevidade",1.39,"Taxas de mortalidade 15 a 39 anos (por mil hab.)"
3534302,"Orlândia",1.119653654,2024,"Longevidade",1.28,"Taxas de mortalidade 15 a 39 anos (por mil hab.)"
3534401,"Osasco",1.439468604,2014,"Longevidade",1.32,"Taxas de mortalidade 15 a 39 anos (por mil hab.)"
3534401,"Osasco",1.394362503,2016,"Longevidade",1.19,"Taxas de mortalidade 15 a 39 anos (por mil hab.)"
3534401,"Osasco",1.337391127,2018,"Longevidade",1.15,"Taxas de mortalidade 15 a 39 anos (por mil hab.)"
3534401,"Osasco",1.413872424,2020,"Longevidade",1.17,"Taxas de mortalidade 15 a 39 anos (por mil hab.)"
3534401,"Osasco",1.6361884,2022,"Longevidade",1.39,"Taxas de mortalidade 15 a 39 anos (por mil hab.)"
3534401,"Osasco",1.335039485,2024,"Longevidade",1.28,"Taxas de mortalidade 15 a 39 anos (por mil hab.)"
3534500,"Oscar Bressane",1.132502831,2014,"Longevidade",1.32,"Taxas de mortalidade 15 a 39 anos (por mil hab.)"
3534500,"Oscar Bressane",1.207729469,2020,"Longevidade",1.17,"Taxas de mortalidade 15 a 39 anos (por mil hab.)"
3534500,"Oscar Bressane",1.650165017,2022,"Longevidade",1.39,"Taxas de mortalidade 15 a 39 anos (por mil hab.)"
3534500,"Oscar Bressane",4.052684904,2024,"Longevidade",1.28,"Taxas de mortalidade 15 a 39 anos (por mil hab.)"
3534609,"Osvaldo Cruz",1.045622145,2014,"Longevidade",1.32,"Taxas de mortalidade 15 a 39 anos (por mil hab.)"
3534609,"Osvaldo Cruz",0.861973084,2016,"Longevidade",1.19,"Taxas de mortalidade 15 a 39 anos (por mil hab.)"
3534609,"Osvaldo Cruz",0.925692165,2018,"Longevidade",1.15,"Taxas de mortalidade 15 a 39 anos (por mil hab.)"
3534609,"Osvaldo Cruz",1.083269192,2020,"Longevidade",1.17,"Taxas de mortalidade 15 a 39 anos (por mil hab.)"
3534609,"Osvaldo Cruz",1.338454376,2022,"Longevidade",1.39,"Taxas de mortalidade 15 a 39 anos (por mil hab.)"
3534609,"Osvaldo Cruz",1.068999028,2024,"Longevidade",1.28,"Taxas de mortalidade 15 a 39 anos (por mil hab.)"
3534708,"Ourinhos",1.220855077,2014,"Longevidade",1.32,"Taxas de mortalidade 15 a 39 anos (por mil hab.)"
3534708,"Ourinhos",1.041517594,2016,"Longevidade",1.19,"Taxas de mortalidade 15 a 39 anos (por mil hab.)"
3534708,"Ourinhos",1.092948488,2018,"Longevidade",1.15,"Taxas de mortalidade 15 a 39 anos (por mil hab.)"
3534708,"Ourinhos",0.972145227,2020,"Longevidade",1.17,"Taxas de mortalidade 15 a 39 anos (por mil hab.)"
3534708,"Ourinhos",1.242690058,2022,"Longevidade",1.39,"Taxas de mortalidade 15 a 39 anos (por mil hab.)"
3534708,"Ourinhos",1.439661256,2024,"Longevidade",1.28,"Taxas de mortalidade 15 a 39 anos (por mil hab.)"
3534757,"Ouroeste",1.460387003,2014,"Longevidade",1.32,"Taxas de mortalidade 15 a 39 anos (por mil hab.)"
3534757,"Ouroeste",0.785545954,2016,"Longevidade",1.19,"Taxas de mortalidade 15 a 39 anos (por mil hab.)"
3534757,"Ouroeste",1.387804666,2018,"Longevidade",1.15,"Taxas de mortalidade 15 a 39 anos (por mil hab.)"
3534757,"Ouroeste",1.87745349,2020,"Longevidade",1.17,"Taxas de mortalidade 15 a 39 anos (por mil hab.)"
3534757,"Ouroeste",1.191083886,2022,"Longevidade",1.39,"Taxas de mortalidade 15 a 39 anos (por mil hab.)"
3534757,"Ouroeste",1.219283437,2024,"Longevidade",1.28,"Taxas de mortalidade 15 a 39 anos (por mil hab.)"
3534807,"Ouro Verde",2.015059922,2014,"Longevidade",1.32,"Taxas de mortalidade 15 a 39 anos (por mil hab.)"
3534807,"Ouro Verde",0.630715863,2016,"Longevidade",1.19,"Taxas de mortalidade 15 a 39 anos (por mil hab.)"
3534807,"Ouro Verde",0.628535512,2018,"Longevidade",1.15,"Taxas de mortalidade 15 a 39 anos (por mil hab.)"
3534807,"Ouro Verde",0.940144155,2020,"Longevidade",1.17,"Taxas de mortalidade 15 a 39 anos (por mil hab.)"
3534807,"Ouro Verde",1.049868766,2022,"Longevidade",1.39,"Taxas de mortalidade 15 a 39 anos (por mil hab.)"
3534807,"Ouro Verde",1.373797927,2024,"Longevidade",1.28,"Taxas de mortalidade 15 a 39 anos (por mil hab.)"
3534906,"Pacaembu",1.635092467,2014,"Longevidade",1.32,"Taxas de mortalidade 15 a 39 anos (por mil hab.)"
3534906,"Pacaembu",1.652139235,2016,"Longevidade",1.19,"Taxas de mortalidade 15 a 39 anos (por mil hab.)"
3534906,"Pacaembu",1.43603883,2018,"Longevidade",1.15,"Taxas de mortalidade 15 a 39 anos (por mil hab.)"
3534906,"Pacaembu",1.166520852,2020,"Longevidade",1.17,"Taxas de mortalidade 15 a 39 anos (por mil hab.)"
3534906,"Pacaembu",1.418188264,2022,"Longevidade",1.39,"Taxas de mortalidade 15 a 39 anos (por mil hab.)"
3534906,"Pacaembu",1.605136437,2024,"Longevidade",1.28,"Taxas de mortalidade 15 a 39 anos (por mil hab.)"
3535002,"Palestina",1.307189542,2014,"Longevidade",1.32,"Taxas de mortalidade 15 a 39 anos (por mil hab.)"
3535002,"Palestina",0.705467372,2016,"Longevidade",1.19,"Taxas de mortalidade 15 a 39 anos (por mil hab.)"
3535002,"Palestina",0.707263597,2018,"Longevidade",1.15,"Taxas de mortalidade 15 a 39 anos (por mil hab.)"
3535002,"Palestina",1.200819383,2020,"Longevidade",1.17,"Taxas de mortalidade 15 a 39 anos (por mil hab.)"
3535002,"Palestina",1.426635281,2022,"Longevidade",1.39,"Taxas de mortalidade 15 a 39 anos (por mil hab.)"
3535002,"Palestina",1.382050618,2024,"Longevidade",1.28,"Taxas de mortalidade 15 a 39 anos (por mil hab.)"
3535101,"Palmares Paulista",1.051156272,2014,"Longevidade",1.32,"Taxas de mortalidade 15 a 39 anos (por mil hab.)"
3535101,"Palmares Paulista",0.956399437,2016,"Longevidade",1.19,"Taxas de mortalidade 15 a 39 anos (por mil hab.)"
3535101,"Palmares Paulista",0.953984287,2018,"Longevidade",1.15,"Taxas de mortalidade 15 a 39 anos (por mil hab.)"
3535101,"Palmares Paulista",0.835421888,2020,"Longevidade",1.17,"Taxas de mortalidade 15 a 39 anos (por mil hab.)"
3535101,"Palmares Paulista",0.83948959,2022,"Longevidade",1.39,"Taxas de mortalidade 15 a 39 anos (por mil hab.)"
3535101,"Palmares Paulista",1.193426971,2024,"Longevidade",1.28,"Taxas de mortalidade 15 a 39 anos (por mil hab.)"
3535200,"Palmeira d'Oeste",1.844451276,2014,"Longevidade",1.32,"Taxas de mortalidade 15 a 39 anos (por mil hab.)"
3535200,"Palmeira d'Oeste",1.056859015,2016,"Longevidade",1.19,"Taxas de mortalidade 15 a 39 anos (por mil hab.)"
3535200,"Palmeira d'Oeste",1.068376068,2018,"Longevidade",1.15,"Taxas de mortalidade 15 a 39 anos (por mil hab.)"
3535200,"Palmeira d'Oeste",1.534078457,2020,"Longevidade",1.17,"Taxas de mortalidade 15 a 39 anos (por mil hab.)"
3535200,"Palmeira d'Oeste",2.015451797,2022,"Longevidade",1.39,"Taxas de mortalidade 15 a 39 anos (por mil hab.)"
3535200,"Palmeira d'Oeste",0.931470393,2024,"Longevidade",1.28,"Taxas de mortalidade 15 a 39 anos (por mil hab.)"
3535309,"Palmital",0.717208792,2014,"Longevidade",1.32,"Taxas de mortalidade 15 a 39 anos (por mil hab.)"
3535309,"Palmital",1.110683925,2016,"Longevidade",1.19,"Taxas de mortalidade 15 a 39 anos (por mil hab.)"
3535309,"Palmital",1.123498401,2018,"Longevidade",1.15,"Taxas de mortalidade 15 a 39 anos (por mil hab.)"
3535309,"Palmital",1.193317422,2020,"Longevidade",1.17,"Taxas de mortalidade 15 a 39 anos (por mil hab.)"
3535309,"Palmital",1.488699418,2022,"Longevidade",1.39,"Taxas de mortalidade 15 a 39 anos (por mil hab.)"
3535309,"Palmital",1.545183291,2024,"Longevidade",1.28,"Taxas de mortalidade 15 a 39 anos (por mil hab.)"
3535408,"Panorama",1.490559788,2014,"Longevidade",1.32,"Taxas de mortalidade 15 a 39 anos (por mil hab.)"
3535408,"Panorama",1.437496544,2016,"Longevidade",1.19,"Taxas de mortalidade 15 a 39 anos (por mil hab.)"
3535408,"Panorama",1.551934375,2018,"Longevidade",1.15,"Taxas de mortalidade 15 a 39 anos (por mil hab.)"
3535408,"Panorama",1.561019122,2020,"Longevidade",1.17,"Taxas de mortalidade 15 a 39 anos (por mil hab.)"
3535408,"Panorama",1.405995163,2022,"Longevidade",1.39,"Taxas de mortalidade 15 a 39 anos (por mil hab.)"
3535408,"Panorama",1.684810783,2024,"Longevidade",1.28,"Taxas de mortalidade 15 a 39 anos (por mil hab.)"
3535507,"Paraguaçu Paulista",1.588201929,2014,"Longevidade",1.32,"Taxas de mortalidade 15 a 39 anos (por mil hab.)"
3535507,"Paraguaçu Paulista",0.927082151,2016,"Longevidade",1.19,"Taxas de mortalidade 15 a 39 anos (por mil hab.)"
3535507,"Paraguaçu Paulista",0.873644427,2018,"Longevidade",1.15,"Taxas de mortalidade 15 a 39 anos (por mil hab.)"
3535507,"Paraguaçu Paulista",0.995596401,2020,"Longevidade",1.17,"Taxas de mortalidade 15 a 39 anos (por mil hab.)"
3535507,"Paraguaçu Paulista",1.474239603,2022,"Longevidade",1.39,"Taxas de mortalidade 15 a 39 anos (por mil hab.)"
3535507,"Paraguaçu Paulista",1.501607189,2024,"Longevidade",1.28,"Taxas de mortalidade 15 a 39 anos (por mil hab.)"
3535606,"Paraibuna",1.71477565,2014,"Longevidade",1.32,"Taxas de mortalidade 15 a 39 anos (por mil hab.)"
3535606,"Paraibuna",0.906056271,2016,"Longevidade",1.19,"Taxas de mortalidade 15 a 39 anos (por mil hab.)"
3535606,"Paraibuna",0.527350304,2018,"Longevidade",1.15,"Taxas de mortalidade 15 a 39 anos (por mil hab.)"
3535606,"Paraibuna",0.678294574,2020,"Longevidade",1.17,"Taxas de mortalidade 15 a 39 anos (por mil hab.)"
3535606,"Paraibuna",1.275823151,2022,"Longevidade",1.39,"Taxas de mortalidade 15 a 39 anos (por mil hab.)"
3535606,"Paraibuna",0.972985348,2024,"Longevidade",1.28,"Taxas de mortalidade 15 a 39 anos (por mil hab.)"
3535705,"Paraíso",0.966583817,2014,"Longevidade",1.32,"Taxas de mortalidade 15 a 39 anos (por mil hab.)"
3535705,"Paraíso",2.054231717,2016,"Longevidade",1.19,"Taxas de mortalidade 15 a 39 anos (por mil hab.)"
3535705,"Paraíso",1.377979881,2018,"Longevidade",1.15,"Taxas de mortalidade 15 a 39 anos (por mil hab.)"
3535705,"Paraíso",0.693288963,2020,"Longevidade",1.17,"Taxas de mortalidade 15 a 39 anos (por mil hab.)"
3535705,"Paraíso",1.694915254,2022,"Longevidade",1.39,"Taxas de mortalidade 15 a 39 anos (por mil hab.)"
3535705,"Paraíso",1.811594203,2024,"Longevidade",1.28,"Taxas de mortalidade 15 a 39 anos (por mil hab.)"
3535804,"Paranapanema",1.326657252,2014,"Longevidade",1.32,"Taxas de mortalidade 15 a 39 anos (por mil hab.)"
3535804,"Paranapanema",0.95013839,2016,"Longevidade",1.19,"Taxas de mortalidade 15 a 39 anos (por mil hab.)"
3535804,"Paranapanema",1.273833005,2018,"Longevidade",1.15,"Taxas de mortalidade 15 a 39 anos (por mil hab.)"
3535804,"Paranapanema",1.099035291,2020,"Longevidade",1.17,"Taxas de mortalidade 15 a 39 anos (por mil hab.)"
3535804,"Paranapanema",1.137795116,2022,"Longevidade",1.39,"Taxas de mortalidade 15 a 39 anos (por mil hab.)"
3535804,"Paranapanema",1.481687271,2024,"Longevidade",1.28,"Taxas de mortalidade 15 a 39 anos (por mil hab.)"
3535903,"Paranapuã",2.259887006,2014,"Longevidade",1.32,"Taxas de mortalidade 15 a 39 anos (por mil hab.)"
3535903,"Paranapuã",1.584068794,2016,"Longevidade",1.19,"Taxas de mortalidade 15 a 39 anos (por mil hab.)"
3535903,"Paranapuã",1.592718999,2018,"Longevidade",1.15,"Taxas de mortalidade 15 a 39 anos (por mil hab.)"
3535903,"Paranapuã",1.384083045,2020,"Longevidade",1.17,"Taxas de mortalidade 15 a 39 anos (por mil hab.)"
3535903,"Paranapuã",2.117148906,2022,"Longevidade",1.39,"Taxas de mortalidade 15 a 39 anos (por mil hab.)"
3535903,"Paranapuã",1.945052273,2024,"Longevidade",1.28,"Taxas de mortalidade 15 a 39 anos (por mil hab.)"
3536000,"Parapuã",1.0798239060000001,2014,"Longevidade",1.32,"Taxas de mortalidade 15 a 39 anos (por mil hab.)"
3536000,"Parapuã",1.446685388,2016,"Longevidade",1.19,"Taxas de mortalidade 15 a 39 anos (por mil hab.)"
3536000,"Parapuã",1.465012065,2018,"Longevidade",1.15,"Taxas de mortalidade 15 a 39 anos (por mil hab.)"
3536000,"Parapuã",1.054296257,2020,"Longevidade",1.17,"Taxas de mortalidade 15 a 39 anos (por mil hab.)"
3536000,"Parapuã",1.260579867,2022,"Longevidade",1.39,"Taxas de mortalidade 15 a 39 anos (por mil hab.)"
3536000,"Parapuã",1.907630522,2024,"Longevidade",1.28,"Taxas de mortalidade 15 a 39 anos (por mil hab.)"
3536109,"Pardinho",0.854700855,2014,"Longevidade",1.32,"Taxas de mortalidade 15 a 39 anos (por mil hab.)"
3536109,"Pardinho",1.780334155,2016,"Longevidade",1.19,"Taxas de mortalidade 15 a 39 anos (por mil hab.)"
3536109,"Pardinho",1.628001628,2018,"Longevidade",1.15,"Taxas de mortalidade 15 a 39 anos (por mil hab.)"
3536109,"Pardinho",1.200960769,2020,"Longevidade",1.17,"Taxas de mortalidade 15 a 39 anos (por mil hab.)"
3536109,"Pardinho",1.315962627,2022,"Longevidade",1.39,"Taxas de mortalidade 15 a 39 anos (por mil hab.)"
3536109,"Pardinho",0.894683027,2024,"Longevidade",1.28,"Taxas de mortalidade 15 a 39 anos (por mil hab.)"
3536208,"Pariquera-Açu",1.700235417,2014,"Longevidade",1.32,"Taxas de mortalidade 15 a 39 anos (por mil hab.)"
3536208,"Pariquera-Açu",1.299714063,2016,"Longevidade",1.19,"Taxas de mortalidade 15 a 39 anos (por mil hab.)"
3536208,"Pariquera-Açu",1.397990389,2018,"Longevidade",1.15,"Taxas de mortalidade 15 a 39 anos (por mil hab.)"
3536208,"Pariquera-Açu",1.511917467,2020,"Longevidade",1.17,"Taxas de mortalidade 15 a 39 anos (por mil hab.)"
3536208,"Pariquera-Açu",1.493753395,2022,"Longevidade",1.39,"Taxas de mortalidade 15 a 39 anos (por mil hab.)"
3536208,"Pariquera-Açu",1.148564295,2024,"Longevidade",1.28,"Taxas de mortalidade 15 a 39 anos (por mil hab.)"
3536257,"Parisi",1.308900524,2014,"Longevidade",1.32,"Taxas de mortalidade 15 a 39 anos (por mil hab.)"
3536257,"Parisi",2.649006623,2016,"Longevidade",1.19,"Taxas de mortalidade 15 a 39 anos (por mil hab.)"
3536257,"Parisi",3.111111111,2018,"Longevidade",1.15,"Taxas de mortalidade 15 a 39 anos (por mil hab.)"
3536257,"Parisi",3.157419937,2020,"Longevidade",1.17,"Taxas de mortalidade 15 a 39 anos (por mil hab.)"
3536257,"Parisi",2.766251729,2022,"Longevidade",1.39,"Taxas de mortalidade 15 a 39 anos (por mil hab.)"
3536257,"Parisi",1.051524711,2024,"Longevidade",1.28,"Taxas de mortalidade 15 a 39 anos (por mil hab.)"
3536307,"Patrocínio Paulista",1.217878456,2014,"Longevidade",1.32,"Taxas de mortalidade 15 a 39 anos (por mil hab.)"
3536307,"Patrocínio Paulista",0.834376304,2016,"Longevidade",1.19,"Taxas de mortalidade 15 a 39 anos (por mil hab.)"
3536307,"Patrocínio Paulista",0.772843469,2018,"Longevidade",1.15,"Taxas de mortalidade 15 a 39 anos (por mil hab.)"
3536307,"Patrocínio Paulista",0.946297611,2020,"Longevidade",1.17,"Taxas de mortalidade 15 a 39 anos (por mil hab.)"
3536307,"Patrocínio Paulista",1.301159215,2022,"Longevidade",1.39,"Taxas de mortalidade 15 a 39 anos (por mil hab.)"
3536307,"Patrocínio Paulista",1.577386586,2024,"Longevidade",1.28,"Taxas de mortalidade 15 a 39 anos (por mil hab.)"
3536406,"Paulicéia",2.027429934,2014,"Longevidade",1.32,"Taxas de mortalidade 15 a 39 anos (por mil hab.)"
3536406,"Paulicéia",1.728309713,2016,"Longevidade",1.19,"Taxas de mortalidade 15 a 39 anos (por mil hab.)"
3536406,"Paulicéia",1.37504297,2018,"Longevidade",1.15,"Taxas de mortalidade 15 a 39 anos (por mil hab.)"
3536406,"Paulicéia",1.363326517,2020,"Longevidade",1.17,"Taxas de mortalidade 15 a 39 anos (por mil hab.)"
3536406,"Paulicéia",2.158600318,2022,"Longevidade",1.39,"Taxas de mortalidade 15 a 39 anos (por mil hab.)"
3536406,"Paulicéia",1.698204755,2024,"Longevidade",1.28,"Taxas de mortalidade 15 a 39 anos (por mil hab.)"
3536505,"Paulínia",1.241971843,2014,"Longevidade",1.32,"Taxas de mortalidade 15 a 39 anos (por mil hab.)"
3536505,"Paulínia",0.814640953,2016,"Longevidade",1.19,"Taxas de mortalidade 15 a 39 anos (por mil hab.)"
3536505,"Paulínia",0.872432727,2018,"Longevidade",1.15,"Taxas de mortalidade 15 a 39 anos (por mil hab.)"
3536505,"Paulínia",0.828461193,2020,"Longevidade",1.17,"Taxas de mortalidade 15 a 39 anos (por mil hab.)"
3536505,"Paulínia",1.047456011,2022,"Longevidade",1.39,"Taxas de mortalidade 15 a 39 anos (por mil hab.)"
3536505,"Paulínia",0.952288721,2024,"Longevidade",1.28,"Taxas de mortalidade 15 a 39 anos (por mil hab.)"
3536570,"Paulistânia",0.94029149,2018,"Longevidade",1.15,"Taxas de mortalidade 15 a 39 anos (por mil hab.)"
3536570,"Paulistânia",1.921229587,2020,"Longevidade",1.17,"Taxas de mortalidade 15 a 39 anos (por mil hab.)"
3536570,"Paulistânia",0.493096647,2022,"Longevidade",1.39,"Taxas de mortalidade 15 a 39 anos (por mil hab.)"
3536570,"Paulistânia",0.892458724,2024,"Longevidade",1.28,"Taxas de mortalidade 15 a 39 anos (por mil hab.)"
3536604,"Paulo de Faria",1.268540203,2014,"Longevidade",1.32,"Taxas de mortalidade 15 a 39 anos (por mil hab.)"
3536604,"Paulo de Faria",0.992063492,2016,"Longevidade",1.19,"Taxas de mortalidade 15 a 39 anos (por mil hab.)"
3536604,"Paulo de Faria",0.801041354,2018,"Longevidade",1.15,"Taxas de mortalidade 15 a 39 anos (por mil hab.)"
3536604,"Paulo de Faria",1.32154112,2020,"Longevidade",1.17,"Taxas de mortalidade 15 a 39 anos (por mil hab.)"
3536604,"Paulo de Faria",2.082682495,2022,"Longevidade",1.39,"Taxas de mortalidade 15 a 39 anos (por mil hab.)"
3536604,"Paulo de Faria",1.907876806,2024,"Longevidade",1.28,"Taxas de mortalidade 15 a 39 anos (por mil hab.)"
3536703,"Pederneiras",1.422606511,2014,"Longevidade",1.32,"Taxas de mortalidade 15 a 39 anos (por mil hab.)"
3536703,"Pederneiras",0.902022334,2016,"Longevidade",1.19,"Taxas de mortalidade 15 a 39 anos (por mil hab.)"
3536703,"Pederneiras",0.847213209,2018,"Longevidade",1.15,"Taxas de mortalidade 15 a 39 anos (por mil hab.)"
3536703,"Pederneiras",0.98890627,2020,"Longevidade",1.17,"Taxas de mortalidade 15 a 39 anos (por mil hab.)"
3536703,"Pederneiras",1.282398627,2022,"Longevidade",1.39,"Taxas de mortalidade 15 a 39 anos (por mil hab.)"
3536703,"Pederneiras",1.210852522,2024,"Longevidade",1.28,"Taxas de mortalidade 15 a 39 anos (por mil hab.)"
3536802,"Pedra Bela",1.431844215,2014,"Longevidade",1.32,"Taxas de mortalidade 15 a 39 anos (por mil hab.)"
3536802,"Pedra Bela",1.446131598,2016,"Longevidade",1.19,"Taxas de mortalidade 15 a 39 anos (por mil hab.)"
3536802,"Pedra Bela",1.168565586,2018,"Longevidade",1.15,"Taxas de mortalidade 15 a 39 anos (por mil hab.)"
3536802,"Pedra Bela",0.745712155,2020,"Longevidade",1.17,"Taxas de mortalidade 15 a 39 anos (por mil hab.)"
3536802,"Pedra Bela",1.069355332,2022,"Longevidade",1.39,"Taxas de mortalidade 15 a 39 anos (por mil hab.)"
3536802,"Pedra Bela",1.217100259,2024,"Longevidade",1.28,"Taxas de mortalidade 15 a 39 anos (por mil hab.)"
3536901,"Pedranópolis",0.752445448,2014,"Longevidade",1.32,"Taxas de mortalidade 15 a 39 anos (por mil hab.)"
3536901,"Pedranópolis",0.79649542,2018,"Longevidade",1.15,"Taxas de mortalidade 15 a 39 anos (por mil hab.)"
3536901,"Pedranópolis",2.852485738,2020,"Longevidade",1.17,"Taxas de mortalidade 15 a 39 anos (por mil hab.)"
3536901,"Pedranópolis",1.683501684,2022,"Longevidade",1.39,"Taxas de mortalidade 15 a 39 anos (por mil hab.)"
3537008,"Pedregulho",1.410295155,2014,"Longevidade",1.32,"Taxas de mortalidade 15 a 39 anos (por mil hab.)"
3537008,"Pedregulho",1.470439104,2016,"Longevidade",1.19,"Taxas de mortalidade 15 a 39 anos (por mil hab.)"
3537008,"Pedregulho",1.689708141,2018,"Longevidade",1.15,"Taxas de mortalidade 15 a 39 anos (por mil hab.)"
3537008,"Pedregulho",1.40668959,2020,"Longevidade",1.17,"Taxas de mortalidade 15 a 39 anos (por mil hab.)"
3537008,"Pedregulho",1.594642003,2022,"Longevidade",1.39,"Taxas de mortalidade 15 a 39 anos (por mil hab.)"
3537008,"Pedregulho",1.909193962,2024,"Longevidade",1.28,"Taxas de mortalidade 15 a 39 anos (por mil hab.)"
3537107,"Pedreira",0.928048914,2014,"Longevidade",1.32,"Taxas de mortalidade 15 a 39 anos (por mil hab.)"
3537107,"Pedreira",0.966858248,2016,"Longevidade",1.19,"Taxas de mortalidade 15 a 39 anos (por mil hab.)"
3537107,"Pedreira",0.933003194,2018,"Longevidade",1.15,"Taxas de mortalidade 15 a 39 anos (por mil hab.)"
3537107,"Pedreira",0.810942315,2020,"Longevidade",1.17,"Taxas de mortalidade 15 a 39 anos (por mil hab.)"
3537107,"Pedreira",1.022047014,2022,"Longevidade",1.39,"Taxas de mortalidade 15 a 39 anos (por mil hab.)"
3537107,"Pedreira",1.242103009,2024,"Longevidade",1.28,"Taxas de mortalidade 15 a 39 anos (por mil hab.)"
3537156,"Pedrinhas Paulista",2.03962704,2014,"Longevidade",1.32,"Taxas de mortalidade 15 a 39 anos (por mil hab.)"
3537156,"Pedrinhas Paulista",1.172676634,2016,"Longevidade",1.19,"Taxas de mortalidade 15 a 39 anos (por mil hab.)"
3537156,"Pedrinhas Paulista",1.18835413,2018,"Longevidade",1.15,"Taxas de mortalidade 15 a 39 anos (por mil hab.)"
3537156,"Pedrinhas Paulista",2.111613876,2020,"Longevidade",1.17,"Taxas de mortalidade 15 a 39 anos (por mil hab.)"
3537156,"Pedrinhas Paulista",1.537515375,2022,"Longevidade",1.39,"Taxas de mortalidade 15 a 39 anos (por mil hab.)"
3537156,"Pedrinhas Paulista",1.518602885,2024,"Longevidade",1.28,"Taxas de mortalidade 15 a 39 anos (por mil hab.)"
3537206,"Pedro de Toledo",1.349869231,2014,"Longevidade",1.32,"Taxas de mortalidade 15 a 39 anos (por mil hab.)"
3537206,"Pedro de Toledo",1.779071648,2016,"Longevidade",1.19,"Taxas de mortalidade 15 a 39 anos (por mil hab.)"
3537206,"Pedro de Toledo",1.444390948,2018,"Longevidade",1.15,"Taxas de mortalidade 15 a 39 anos (por mil hab.)"
3537206,"Pedro de Toledo",0.709555345,2020,"Longevidade",1.17,"Taxas de mortalidade 15 a 39 anos (por mil hab.)"
3537206,"Pedro de Toledo",0.778270683,2022,"Longevidade",1.39,"Taxas de mortalidade 15 a 39 anos (por mil hab.)"
3537206,"Pedro de Toledo",0.998819577,2024,"Longevidade",1.28,"Taxas de mortalidade 15 a 39 anos (por mil hab.)"
3537305,"Penápolis",0.972071092,2014,"Longevidade",1.32,"Taxas de mortalidade 15 a 39 anos (por mil hab.)"
3537305,"Penápolis",0.846579381,2016,"Longevidade",1.19,"Taxas de mortalidade 15 a 39 anos (por mil hab.)"
3537305,"Penápolis",0.911027845,2018,"Longevidade",1.15,"Taxas de mortalidade 15 a 39 anos (por mil hab.)"
3537305,"Penápolis",1.012673309,2020,"Longevidade",1.17,"Taxas de mortalidade 15 a 39 anos (por mil hab.)"
3537305,"Penápolis",1.425538368,2022,"Longevidade",1.39,"Taxas de mortalidade 15 a 39 anos (por mil hab.)"
3537305,"Penápolis",1.339803604,2024,"Longevidade",1.28,"Taxas de mortalidade 15 a 39 anos (por mil hab.)"
3537404,"Pereira Barreto",1.926981178,2014,"Longevidade",1.32,"Taxas de mortalidade 15 a 39 anos (por mil hab.)"
3537404,"Pereira Barreto",1.440719657,2016,"Longevidade",1.19,"Taxas de mortalidade 15 a 39 anos (por mil hab.)"
3537404,"Pereira Barreto",1.208115695,2018,"Longevidade",1.15,"Taxas de mortalidade 15 a 39 anos (por mil hab.)"
3537404,"Pereira Barreto",0.981782481,2020,"Longevidade",1.17,"Taxas de mortalidade 15 a 39 anos (por mil hab.)"
3537404,"Pereira Barreto",1.404753983,2022,"Longevidade",1.39,"Taxas de mortalidade 15 a 39 anos (por mil hab.)"
3537404,"Pereira Barreto",1.555970481,2024,"Longevidade",1.28,"Taxas de mortalidade 15 a 39 anos (por mil hab.)"
3537503,"Pereiras",1.271455817,2014,"Longevidade",1.32,"Taxas de mortalidade 15 a 39 anos (por mil hab.)"
3537503,"Pereiras",1.612253124,2016,"Longevidade",1.19,"Taxas de mortalidade 15 a 39 anos (por mil hab.)"
3537503,"Pereiras",1.299350325,2018,"Longevidade",1.15,"Taxas de mortalidade 15 a 39 anos (por mil hab.)"
3537503,"Pereiras",1.076531611,2020,"Longevidade",1.17,"Taxas de mortalidade 15 a 39 anos (por mil hab.)"
3537503,"Pereiras",1.358168413,2022,"Longevidade",1.39,"Taxas de mortalidade 15 a 39 anos (por mil hab.)"
3537503,"Pereiras",1.317089233,2024,"Longevidade",1.28,"Taxas de mortalidade 15 a 39 anos (por mil hab.)"
3537602,"Peruíbe",1.995488461,2014,"Longevidade",1.32,"Taxas de mortalidade 15 a 39 anos (por mil hab.)"
3537602,"Peruíbe",1.470341119,2016,"Longevidade",1.19,"Taxas de mortalidade 15 a 39 anos (por mil hab.)"
3537602,"Peruíbe",1.325464261,2018,"Longevidade",1.15,"Taxas de mortalidade 15 a 39 anos (por mil hab.)"
3537602,"Peruíbe",1.591717532,2020,"Longevidade",1.17,"Taxas de mortalidade 15 a 39 anos (por mil hab.)"
3537602,"Peruíbe",1.955761232,2022,"Longevidade",1.39,"Taxas de mortalidade 15 a 39 anos (por mil hab.)"
3537602,"Peruíbe",1.986765088,2024,"Longevidade",1.28,"Taxas de mortalidade 15 a 39 anos (por mil hab.)"
3537701,"Piacatu",0.908265213,2014,"Longevidade",1.32,"Taxas de mortalidade 15 a 39 anos (por mil hab.)"
3537701,"Piacatu",0.731314904,2016,"Longevidade",1.19,"Taxas de mortalidade 15 a 39 anos (por mil hab.)"
3537701,"Piacatu",0.726532985,2018,"Longevidade",1.15,"Taxas de mortalidade 15 a 39 anos (por mil hab.)"
3537701,"Piacatu",1.295336788,2020,"Longevidade",1.17,"Taxas de mortalidade 15 a 39 anos (por mil hab.)"
3537701,"Piacatu",1.576382918,2022,"Longevidade",1.39,"Taxas de mortalidade 15 a 39 anos (por mil hab.)"
3537701,"Piacatu",0.908265213,2024,"Longevidade",1.28,"Taxas de mortalidade 15 a 39 anos (por mil hab.)"
3537800,"Piedade",1.555943232,2014,"Longevidade",1.32,"Taxas de mortalidade 15 a 39 anos (por mil hab.)"
3537800,"Piedade",1.261491398,2016,"Longevidade",1.19,"Taxas de mortalidade 15 a 39 anos (por mil hab.)"
3537800,"Piedade",1.175106792,2018,"Longevidade",1.15,"Taxas de mortalidade 15 a 39 anos (por mil hab.)"
3537800,"Piedade",1.352526326,2020,"Longevidade",1.17,"Taxas de mortalidade 15 a 39 anos (por mil hab.)"
3537800,"Piedade",1.426533524,2022,"Longevidade",1.39,"Taxas de mortalidade 15 a 39 anos (por mil hab.)"
3537800,"Piedade",1.447937594,2024,"Longevidade",1.28,"Taxas de mortalidade 15 a 39 anos (por mil hab.)"
3537909,"Pilar do Sul",1.595040327,2014,"Longevidade",1.32,"Taxas de mortalidade 15 a 39 anos (por mil hab.)"
3537909,"Pilar do Sul",1.40306884,2016,"Longevidade",1.19,"Taxas de mortalidade 15 a 39 anos (por mil hab.)"
3537909,"Pilar do Sul",1.436007898,2018,"Longevidade",1.15,"Taxas de mortalidade 15 a 39 anos (por mil hab.)"
3537909,"Pilar do Sul",1.323467485,2020,"Longevidade",1.17,"Taxas de mortalidade 15 a 39 anos (por mil hab.)"
3537909,"Pilar do Sul",1.583241992,2022,"Longevidade",1.39,"Taxas de mortalidade 15 a 39 anos (por mil hab.)"
3537909,"Pilar do Sul",1.719276528,2024,"Longevidade",1.28,"Taxas de mortalidade 15 a 39 anos (por mil hab.)"
3538006,"Pindamonhangaba",1.288792659,2014,"Longevidade",1.32,"Taxas de mortalidade 15 a 39 anos (por mil hab.)"
3538006,"Pindamonhangaba",1.16286094,2016,"Longevidade",1.19,"Taxas de mortalidade 15 a 39 anos (por mil hab.)"
3538006,"Pindamonhangaba",1.108105794,2018,"Longevidade",1.15,"Taxas de mortalidade 15 a 39 anos (por mil hab.)"
3538006,"Pindamonhangaba",1.316745369,2020,"Longevidade",1.17,"Taxas de mortalidade 15 a 39 anos (por mil hab.)"
3538006,"Pindamonhangaba",1.600652495,2022,"Longevidade",1.39,"Taxas de mortalidade 15 a 39 anos (por mil hab.)"
3538006,"Pindamonhangaba",1.367053999,2024,"Longevidade",1.28,"Taxas de mortalidade 15 a 39 anos (por mil hab.)"
3538105,"Pindorama",1.065814015,2014,"Longevidade",1.32,"Taxas de mortalidade 15 a 39 anos (por mil hab.)"
3538105,"Pindorama",1.463363646,2016,"Longevidade",1.19,"Taxas de mortalidade 15 a 39 anos (por mil hab.)"
3538105,"Pindorama",1.100975149,2018,"Longevidade",1.15,"Taxas de mortalidade 15 a 39 anos (por mil hab.)"
3538105,"Pindorama",1.469353484,2020,"Longevidade",1.17,"Taxas de mortalidade 15 a 39 anos (por mil hab.)"
3538105,"Pindorama",1.061402112,2022,"Longevidade",1.39,"Taxas de mortalidade 15 a 39 anos (por mil hab.)"
3538105,"Pindorama",1.133545873,2024,"Longevidade",1.28,"Taxas de mortalidade 15 a 39 anos (por mil hab.)"
3538204,"Pinhalzinho",1.187574223,2014,"Longevidade",1.32,"Taxas de mortalidade 15 a 39 anos (por mil hab.)"
3538204,"Pinhalzinho",1.067235859,2016,"Longevidade",1.19,"Taxas de mortalidade 15 a 39 anos (por mil hab.)"
3538204,"Pinhalzinho",1.117384145,2018,"Longevidade",1.15,"Taxas de mortalidade 15 a 39 anos (por mil hab.)"
3538204,"Pinhalzinho",1.096681097,2020,"Longevidade",1.17,"Taxas de mortalidade 15 a 39 anos (por mil hab.)"
3538204,"Pinhalzinho",1.145475372,2022,"Longevidade",1.39,"Taxas de mortalidade 15 a 39 anos (por mil hab.)"
3538204,"Pinhalzinho",1.43413235,2024,"Longevidade",1.28,"Taxas de mortalidade 15 a 39 anos (por mil hab.)"
3538303,"Piquerobi",1.013171226,2014,"Longevidade",1.32,"Taxas de mortalidade 15 a 39 anos (por mil hab.)"
3538303,"Piquerobi",1.543209877,2016,"Longevidade",1.19,"Taxas de mortalidade 15 a 39 anos (por mil hab.)"
3538303,"Piquerobi",1.549186677,2018,"Longevidade",1.15,"Taxas de mortalidade 15 a 39 anos (por mil hab.)"
3538303,"Piquerobi",0.78125,2020,"Longevidade",1.17,"Taxas de mortalidade 15 a 39 anos (por mil hab.)"
3538303,"Piquerobi",0.794281176,2022,"Longevidade",1.39,"Taxas de mortalidade 15 a 39 anos (por mil hab.)"
3538303,"Piquerobi",1.591849729,2024,"Longevidade",1.28,"Taxas de mortalidade 15 a 39 anos (por mil hab.)"
3538501,"Piquete",1.734438235,2014,"Longevidade",1.32,"Taxas de mortalidade 15 a 39 anos (por mil hab.)"
3538501,"Piquete",1.119010005,2016,"Longevidade",1.19,"Taxas de mortalidade 15 a 39 anos (por mil hab.)"
3538501,"Piquete",0.599280863,2018,"Longevidade",1.15,"Taxas de mortalidade 15 a 39 anos (por mil hab.)"
3538501,"Piquete",1.219760114,2020,"Longevidade",1.17,"Taxas de mortalidade 15 a 39 anos (por mil hab.)"
3538501,"Piquete",2.28073813,2022,"Longevidade",1.39,"Taxas de mortalidade 15 a 39 anos (por mil hab.)"
3538501,"Piquete",1.880824143,2024,"Longevidade",1.28,"Taxas de mortalidade 15 a 39 anos (por mil hab.)"
3538600,"Piracaia",1.392126392,2014,"Longevidade",1.32,"Taxas de mortalidade 15 a 39 anos (por mil hab.)"
3538600,"Piracaia",0.910835692,2016,"Longevidade",1.19,"Taxas de mortalidade 15 a 39 anos (por mil hab.)"
3538600,"Piracaia",1.245983343,2018,"Longevidade",1.15,"Taxas de mortalidade 15 a 39 anos (por mil hab.)"
3538600,"Piracaia",1.566196808,2020,"Longevidade",1.17,"Taxas de mortalidade 15 a 39 anos (por mil hab.)"
3538600,"Piracaia",1.221001221,2022,"Longevidade",1.39,"Taxas de mortalidade 15 a 39 anos (por mil hab.)"
3538600,"Piracaia",1.455938697,2024,"Longevidade",1.28,"Taxas de mortalidade 15 a 39 anos (por mil hab.)"
3538709,"Piracicaba",1.359409874,2014,"Longevidade",1.32,"Taxas de mortalidade 15 a 39 anos (por mil hab.)"
3538709,"Piracicaba",1.084449044,2016,"Longevidade",1.19,"Taxas de mortalidade 15 a 39 anos (por mil hab.)"
3538709,"Piracicaba",1.085514675,2018,"Longevidade",1.15,"Taxas de mortalidade 15 a 39 anos (por mil hab.)"
3538709,"Piracicaba",1.103402709,2020,"Longevidade",1.17,"Taxas de mortalidade 15 a 39 anos (por mil hab.)"
3538709,"Piracicaba",1.218517868,2022,"Longevidade",1.39,"Taxas de mortalidade 15 a 39 anos (por mil hab.)"
3538709,"Piracicaba",1.141796903,2024,"Longevidade",1.28,"Taxas de mortalidade 15 a 39 anos (por mil hab.)"
3538808,"Piraju",1.541639688,2014,"Longevidade",1.32,"Taxas de mortalidade 15 a 39 anos (por mil hab.)"
3538808,"Piraju",1.020313515,2016,"Longevidade",1.19,"Taxas de mortalidade 15 a 39 anos (por mil hab.)"
3538808,"Piraju",0.994746495,2018,"Longevidade",1.15,"Taxas de mortalidade 15 a 39 anos (por mil hab.)"
3538808,"Piraju",1.038029631,2020,"Longevidade",1.17,"Taxas de mortalidade 15 a 39 anos (por mil hab.)"
3538808,"Piraju",1.152073733,2022,"Longevidade",1.39,"Taxas de mortalidade 15 a 39 anos (por mil hab.)"
3538808,"Piraju",1.246168873,2024,"Longevidade",1.28,"Taxas de mortalidade 15 a 39 anos (por mil hab.)"
3538907,"Pirajuí",1.311832085,2014,"Longevidade",1.32,"Taxas de mortalidade 15 a 39 anos (por mil hab.)"
3538907,"Pirajuí",1.307689854,2016,"Longevidade",1.19,"Taxas de mortalidade 15 a 39 anos (por mil hab.)"
3538907,"Pirajuí",1.221118931,2018,"Longevidade",1.15,"Taxas de mortalidade 15 a 39 anos (por mil hab.)"
3538907,"Pirajuí",1.140436624,2020,"Longevidade",1.17,"Taxas de mortalidade 15 a 39 anos (por mil hab.)"
3538907,"Pirajuí",1.492537313,2022,"Longevidade",1.39,"Taxas de mortalidade 15 a 39 anos (por mil hab.)"
3538907,"Pirajuí",1.423843608,2024,"Longevidade",1.28,"Taxas de mortalidade 15 a 39 anos (por mil hab.)"
3539004,"Pirangi",1.831501832,2014,"Longevidade",1.32,"Taxas de mortalidade 15 a 39 anos (por mil hab.)"
3539004,"Pirangi",1.205981669,2016,"Longevidade",1.19,"Taxas de mortalidade 15 a 39 anos (por mil hab.)"
3539004,"Pirangi",1.385831907,2018,"Longevidade",1.15,"Taxas de mortalidade 15 a 39 anos (por mil hab.)"
3539004,"Pirangi",1.663339987,2020,"Longevidade",1.17,"Taxas de mortalidade 15 a 39 anos (por mil hab.)"
3539004,"Pirangi",1.456352266,2022,"Longevidade",1.39,"Taxas de mortalidade 15 a 39 anos (por mil hab.)"
3539004,"Pirangi",1.268115942,2024,"Longevidade",1.28,"Taxas de mortalidade 15 a 39 anos (por mil hab.)"
3539103,"Pirapora do Bom Jesus",1.711943055,2014,"Longevidade",1.32,"Taxas de mortalidade 15 a 39 anos (por mil hab.)"
3539103,"Pirapora do Bom Jesus",1.592289964,2016,"Longevidade",1.19,"Taxas de mortalidade 15 a 39 anos (por mil hab.)"
3539103,"Pirapora do Bom Jesus",1.734175647,2018,"Longevidade",1.15,"Taxas de mortalidade 15 a 39 anos (por mil hab.)"
3539103,"Pirapora do Bom Jesus",1.72275641,2020,"Longevidade",1.17,"Taxas de mortalidade 15 a 39 anos (por mil hab.)"
3539103,"Pirapora do Bom Jesus",1.448934837,2022,"Longevidade",1.39,"Taxas de mortalidade 15 a 39 anos (por mil hab.)"
3539103,"Pirapora do Bom Jesus",0.956414811,2024,"Longevidade",1.28,"Taxas de mortalidade 15 a 39 anos (por mil hab.)"
3539202,"Pirapozinho",1.139100436,2014,"Longevidade",1.32,"Taxas de mortalidade 15 a 39 anos (por mil hab.)"
3539202,"Pirapozinho",0.76540375,2016,"Longevidade",1.19,"Taxas de mortalidade 15 a 39 anos (por mil hab.)"
3539202,"Pirapozinho",0.892288082,2018,"Longevidade",1.15,"Taxas de mortalidade 15 a 39 anos (por mil hab.)"
3539202,"Pirapozinho",1.303698051,2020,"Longevidade",1.17,"Taxas de mortalidade 15 a 39 anos (por mil hab.)"
3539202,"Pirapozinho",1.273723093,2022,"Longevidade",1.39,"Taxas de mortalidade 15 a 39 anos (por mil hab.)"
3539202,"Pirapozinho",1.381056508,2024,"Longevidade",1.28,"Taxas de mortalidade 15 a 39 anos (por mil hab.)"
3539301,"Pirassununga",1.495877503,2014,"Longevidade",1.32,"Taxas de mortalidade 15 a 39 anos (por mil hab.)"
3539301,"Pirassununga",0.916364149,2016,"Longevidade",1.19,"Taxas de mortalidade 15 a 39 anos (por mil hab.)"
3539301,"Pirassununga",1.039341435,2018,"Longevidade",1.15,"Taxas de mortalidade 15 a 39 anos (por mil hab.)"
3539301,"Pirassununga",1.182329547,2020,"Longevidade",1.17,"Taxas de mortalidade 15 a 39 anos (por mil hab.)"
3539301,"Pirassununga",1.398108299,2022,"Longevidade",1.39,"Taxas de mortalidade 15 a 39 anos (por mil hab.)"
3539301,"Pirassununga",1.363162537,2024,"Longevidade",1.28,"Taxas de mortalidade 15 a 39 anos (por mil hab.)"
3539400,"Piratininga",1.00623868,2014,"Longevidade",1.32,"Taxas de mortalidade 15 a 39 anos (por mil hab.)"
3539400,"Piratininga",0.972573429,2016,"Longevidade",1.19,"Taxas de mortalidade 15 a 39 anos (por mil hab.)"
3539400,"Piratininga",1.036403679,2018,"Longevidade",1.15,"Taxas de mortalidade 15 a 39 anos (por mil hab.)"
3539400,"Piratininga",1.292240098,2020,"Longevidade",1.17,"Taxas de mortalidade 15 a 39 anos (por mil hab.)"
3539400,"Piratininga",1.170731707,2022,"Longevidade",1.39,"Taxas de mortalidade 15 a 39 anos (por mil hab.)"
3539400,"Piratininga",0.949474398,2024,"Longevidade",1.28,"Taxas de mortalidade 15 a 39 anos (por mil hab.)"
3539509,"Pitangueiras",1.196473552,2014,"Longevidade",1.32,"Taxas de mortalidade 15 a 39 anos (por mil hab.)"
3539509,"Pitangueiras",1.425207585,2016,"Longevidade",1.19,"Taxas de mortalidade 15 a 39 anos (por mil hab.)"
3539509,"Pitangueiras",1.489110877,2018,"Longevidade",1.15,"Taxas de mortalidade 15 a 39 anos (por mil hab.)"
3539509,"Pitangueiras",1.38837084,2020,"Longevidade",1.17,"Taxas de mortalidade 15 a 39 anos (por mil hab.)"
3539509,"Pitangueiras",1.466951674,2022,"Longevidade",1.39,"Taxas de mortalidade 15 a 39 anos (por mil hab.)"
3539509,"Pitangueiras",1.44736502,2024,"Longevidade",1.28,"Taxas de mortalidade 15 a 39 anos (por mil hab.)"
3539608,"Planalto",0.515198351,2014,"Longevidade",1.32,"Taxas de mortalidade 15 a 39 anos (por mil hab.)"
3539608,"Planalto",1.165501166,2016,"Longevidade",1.19,"Taxas de mortalidade 15 a 39 anos (por mil hab.)"
3539608,"Planalto",1.160285099,2018,"Longevidade",1.15,"Taxas de mortalidade 15 a 39 anos (por mil hab.)"
3539608,"Planalto",0.825082508,2020,"Longevidade",1.17,"Taxas de mortalidade 15 a 39 anos (por mil hab.)"
3539608,"Planalto",1.98019802,2022,"Longevidade",1.39,"Taxas de mortalidade 15 a 39 anos (por mil hab.)"
3539608,"Planalto",2.485875706,2024,"Longevidade",1.28,"Taxas de mortalidade 15 a 39 anos (por mil hab.)"
3539707,"Platina",0.786163522,2014,"Longevidade",1.32,"Taxas de mortalidade 15 a 39 anos (por mil hab.)"
3539707,"Platina",0.513610683,2016,"Longevidade",1.19,"Taxas de mortalidade 15 a 39 anos (por mil hab.)"
3539707,"Platina",0.256016385,2018,"Longevidade",1.15,"Taxas de mortalidade 15 a 39 anos (por mil hab.)"
3539707,"Platina",1.534919417,2020,"Longevidade",1.17,"Taxas de mortalidade 15 a 39 anos (por mil hab.)"
3539707,"Platina",1.530221882,2022,"Longevidade",1.39,"Taxas de mortalidade 15 a 39 anos (por mil hab.)"
3539707,"Platina",0.339443313,2024,"Longevidade",1.28,"Taxas de mortalidade 15 a 39 anos (por mil hab.)"
3539806,"Poá",1.301296983,2014,"Longevidade",1.32,"Taxas de mortalidade 15 a 39 anos (por mil hab.)"
3539806,"Poá",1.393347841,2016,"Longevidade",1.19,"Taxas de mortalidade 15 a 39 anos (por mil hab.)"
3539806,"Poá",1.408633842,2018,"Longevidade",1.15,"Taxas de mortalidade 15 a 39 anos (por mil hab.)"
3539806,"Poá",1.286803682,2020,"Longevidade",1.17,"Taxas de mortalidade 15 a 39 anos (por mil hab.)"
3539806,"Poá",1.559714795,2022,"Longevidade",1.39,"Taxas de mortalidade 15 a 39 anos (por mil hab.)"
3539806,"Poá",1.731280529,2024,"Longevidade",1.28,"Taxas de mortalidade 15 a 39 anos (por mil hab.)"
3539905,"Poloni",1.091362644,2014,"Longevidade",1.32,"Taxas de mortalidade 15 a 39 anos (por mil hab.)"
3539905,"Poloni",1.709401709,2016,"Longevidade",1.19,"Taxas de mortalidade 15 a 39 anos (por mil hab.)"
3539905,"Poloni",1.09340831,2018,"Longevidade",1.15,"Taxas de mortalidade 15 a 39 anos (por mil hab.)"
3539905,"Poloni",0.785422557,2020,"Longevidade",1.17,"Taxas de mortalidade 15 a 39 anos (por mil hab.)"
3539905,"Poloni",1.268029799,2022,"Longevidade",1.39,"Taxas de mortalidade 15 a 39 anos (por mil hab.)"
3539905,"Poloni",1.454016721,2024,"Longevidade",1.28,"Taxas de mortalidade 15 a 39 anos (por mil hab.)"
3540002,"Pompéia",1.445260749,2014,"Longevidade",1.32,"Taxas de mortalidade 15 a 39 anos (por mil hab.)"
3540002,"Pompéia",1.074113856,2016,"Longevidade",1.19,"Taxas de mortalidade 15 a 39 anos (por mil hab.)"
3540002,"Pompéia",1.001001001,2018,"Longevidade",1.15,"Taxas de mortalidade 15 a 39 anos (por mil hab.)"
3540002,"Pompéia",0.811227387,2020,"Longevidade",1.17,"Taxas de mortalidade 15 a 39 anos (por mil hab.)"
3540002,"Pompéia",1.073537305,2022,"Longevidade",1.39,"Taxas de mortalidade 15 a 39 anos (por mil hab.)"
3540002,"Pompéia",0.854700855,2024,"Longevidade",1.28,"Taxas de mortalidade 15 a 39 anos (por mil hab.)"
3540101,"Pongaí",1.583531275,2014,"Longevidade",1.32,"Taxas de mortalidade 15 a 39 anos (por mil hab.)"
3540101,"Pongaí",0.546000546,2016,"Longevidade",1.19,"Taxas de mortalidade 15 a 39 anos (por mil hab.)"
3540101,"Pongaí",0.552791598,2018,"Longevidade",1.15,"Taxas de mortalidade 15 a 39 anos (por mil hab.)"
3540101,"Pongaí",0.565930956,2020,"Longevidade",1.17,"Taxas de mortalidade 15 a 39 anos (por mil hab.)"
3540101,"Pongaí",0.582750583,2022,"Longevidade",1.39,"Taxas de mortalidade 15 a 39 anos (por mil hab.)"
3540101,"Pongaí",1.267427123,2024,"Longevidade",1.28,"Taxas de mortalidade 15 a 39 anos (por mil hab.)"
3540200,"Pontal",1.161159224,2014,"Longevidade",1.32,"Taxas de mortalidade 15 a 39 anos (por mil hab.)"
3540200,"Pontal",1.163680906,2016,"Longevidade",1.19,"Taxas de mortalidade 15 a 39 anos (por mil hab.)"
3540200,"Pontal",0.961010434,2018,"Longevidade",1.15,"Taxas de mortalidade 15 a 39 anos (por mil hab.)"
3540200,"Pontal",0.938796523,2020,"Longevidade",1.17,"Taxas de mortalidade 15 a 39 anos (por mil hab.)"
3540200,"Pontal",1.138018937,2022,"Longevidade",1.39,"Taxas de mortalidade 15 a 39 anos (por mil hab.)"
3540200,"Pontal",1.38238573,2024,"Longevidade",1.28,"Taxas de mortalidade 15 a 39 anos (por mil hab.)"
3540259,"Pontalinda",1.484780995,2014,"Longevidade",1.32,"Taxas de mortalidade 15 a 39 anos (por mil hab.)"
3540259,"Pontalinda",0.728995808,2016,"Longevidade",1.19,"Taxas de mortalidade 15 a 39 anos (por mil hab.)"
3540259,"Pontalinda",1.094091904,2018,"Longevidade",1.15,"Taxas de mortalidade 15 a 39 anos (por mil hab.)"
3540259,"Pontalinda",1.098297639,2020,"Longevidade",1.17,"Taxas de mortalidade 15 a 39 anos (por mil hab.)"
3540259,"Pontalinda",0.737463127,2022,"Longevidade",1.39,"Taxas de mortalidade 15 a 39 anos (por mil hab.)"
3540259,"Pontalinda",1.62375319,2024,"Longevidade",1.28,"Taxas de mortalidade 15 a 39 anos (por mil hab.)"
3540309,"Pontes Gestal",1.397624039,2014,"Longevidade",1.32,"Taxas de mortalidade 15 a 39 anos (por mil hab.)"
3540309,"Pontes Gestal",0.701754386,2016,"Longevidade",1.19,"Taxas de mortalidade 15 a 39 anos (por mil hab.)"
3540309,"Pontes Gestal",1.761804087,2018,"Longevidade",1.15,"Taxas de mortalidade 15 a 39 anos (por mil hab.)"
3540309,"Pontes Gestal",2.873563218,2020,"Longevidade",1.17,"Taxas de mortalidade 15 a 39 anos (por mil hab.)"
3540309,"Pontes Gestal",1.833516685,2022,"Longevidade",1.39,"Taxas de mortalidade 15 a 39 anos (por mil hab.)"
3540309,"Pontes Gestal",0.904568069,2024,"Longevidade",1.28,"Taxas de mortalidade 15 a 39 anos (por mil hab.)"
3540408,"Populina",1.98938992,2014,"Longevidade",1.32,"Taxas de mortalidade 15 a 39 anos (por mil hab.)"
3540408,"Populina",1.136105431,2016,"Longevidade",1.19,"Taxas de mortalidade 15 a 39 anos (por mil hab.)"
3540408,"Populina",1.386001386,2018,"Longevidade",1.15,"Taxas de mortalidade 15 a 39 anos (por mil hab.)"
3540408,"Populina",2.37586125,2020,"Longevidade",1.17,"Taxas de mortalidade 15 a 39 anos (por mil hab.)"
3540408,"Populina",2.936857562,2022,"Longevidade",1.39,"Taxas de mortalidade 15 a 39 anos (por mil hab.)"
3540408,"Populina",0.532907008,2024,"Longevidade",1.28,"Taxas de mortalidade 15 a 39 anos (por mil hab.)"
3540507,"Porangaba",1.858160421,2014,"Longevidade",1.32,"Taxas de mortalidade 15 a 39 anos (por mil hab.)"
3540507,"Porangaba",1.170960187,2016,"Longevidade",1.19,"Taxas de mortalidade 15 a 39 anos (por mil hab.)"
3540507,"Porangaba",1.447596989,2018,"Longevidade",1.15,"Taxas de mortalidade 15 a 39 anos (por mil hab.)"
3540507,"Porangaba",1.228965778,2020,"Longevidade",1.17,"Taxas de mortalidade 15 a 39 anos (por mil hab.)"
3540507,"Porangaba",1.213139231,2022,"Longevidade",1.39,"Taxas de mortalidade 15 a 39 anos (por mil hab.)"
3540507,"Porangaba",1.607200257,2024,"Longevidade",1.28,"Taxas de mortalidade 15 a 39 anos (por mil hab.)"
3540606,"Porto Feliz",1.001486076,2014,"Longevidade",1.32,"Taxas de mortalidade 15 a 39 anos (por mil hab.)"
3540606,"Porto Feliz",1.112723754,2016,"Longevidade",1.19,"Taxas de mortalidade 15 a 39 anos (por mil hab.)"
3540606,"Porto Feliz",1.199974055,2018,"Longevidade",1.15,"Taxas de mortalidade 15 a 39 anos (por mil hab.)"
3540606,"Porto Feliz",1.099081365,2020,"Longevidade",1.17,"Taxas de mortalidade 15 a 39 anos (por mil hab.)"
3540606,"Porto Feliz",1.035923141,2022,"Longevidade",1.39,"Taxas de mortalidade 15 a 39 anos (por mil hab.)"
3540606,"Porto Feliz",1.511824056,2024,"Longevidade",1.28,"Taxas de mortalidade 15 a 39 anos (por mil hab.)"
3540705,"Porto Ferreira",1.458960843,2014,"Longevidade",1.32,"Taxas de mortalidade 15 a 39 anos (por mil hab.)"
3540705,"Porto Ferreira",1.169978972,2016,"Longevidade",1.19,"Taxas de mortalidade 15 a 39 anos (por mil hab.)"
3540705,"Porto Ferreira",1.019124508,2018,"Longevidade",1.15,"Taxas de mortalidade 15 a 39 anos (por mil hab.)"
3540705,"Porto Ferreira",0.985667426,2020,"Longevidade",1.17,"Taxas de mortalidade 15 a 39 anos (por mil hab.)"
3540705,"Porto Ferreira",1.28541059,2022,"Longevidade",1.39,"Taxas de mortalidade 15 a 39 anos (por mil hab.)"
3540705,"Porto Ferreira",1.68699945,2024,"Longevidade",1.28,"Taxas de mortalidade 15 a 39 anos (por mil hab.)"
3540754,"Potim",1.857104268,2014,"Longevidade",1.32,"Taxas de mortalidade 15 a 39 anos (por mil hab.)"
3540754,"Potim",1.370366657,2016,"Longevidade",1.19,"Taxas de mortalidade 15 a 39 anos (por mil hab.)"
3540754,"Potim",1.705457464,2018,"Longevidade",1.15,"Taxas de mortalidade 15 a 39 anos (por mil hab.)"
3540754,"Potim",1.505570611,2020,"Longevidade",1.17,"Taxas de mortalidade 15 a 39 anos (por mil hab.)"
3540754,"Potim",1.710605756,2022,"Longevidade",1.39,"Taxas de mortalidade 15 a 39 anos (por mil hab.)"
3540754,"Potim",1.867093431,2024,"Longevidade",1.28,"Taxas de mortalidade 15 a 39 anos (por mil hab.)"
3540804,"Potirendaba",0.995650579,2014,"Longevidade",1.32,"Taxas de mortalidade 15 a 39 anos (por mil hab.)"
3540804,"Potirendaba",1.246494235,2016,"Longevidade",1.19,"Taxas de mortalidade 15 a 39 anos (por mil hab.)"
3540804,"Potirendaba",1.303916967,2018,"Longevidade",1.15,"Taxas de mortalidade 15 a 39 anos (por mil hab.)"
3540804,"Potirendaba",1.257861635,2020,"Longevidade",1.17,"Taxas de mortalidade 15 a 39 anos (por mil hab.)"
3540804,"Potirendaba",1.332267519,2022,"Longevidade",1.39,"Taxas de mortalidade 15 a 39 anos (por mil hab.)"
3540804,"Potirendaba",1.245330012,2024,"Longevidade",1.28,"Taxas de mortalidade 15 a 39 anos (por mil hab.)"
3540853,"Pracinha",1.498127341,2014,"Longevidade",1.32,"Taxas de mortalidade 15 a 39 anos (por mil hab.)"
3540853,"Pracinha",1.499812523,2016,"Longevidade",1.19,"Taxas de mortalidade 15 a 39 anos (por mil hab.)"
3540853,"Pracinha",2.061083005,2018,"Longevidade",1.15,"Taxas de mortalidade 15 a 39 anos (por mil hab.)"
3540853,"Pracinha",1.128031585,2020,"Longevidade",1.17,"Taxas de mortalidade 15 a 39 anos (por mil hab.)"
3540853,"Pracinha",0.564334086,2022,"Longevidade",1.39,"Taxas de mortalidade 15 a 39 anos (por mil hab.)"
3540853,"Pracinha",0.219587176,2024,"Longevidade",1.28,"Taxas de mortalidade 15 a 39 anos (por mil hab.)"
3540903,"Pradópolis",0.80070462,2014,"Longevidade",1.32,"Taxas de mortalidade 15 a 39 anos (por mil hab.)"
3540903,"Pradópolis",1.070213661,2016,"Longevidade",1.19,"Taxas de mortalidade 15 a 39 anos (por mil hab.)"
3540903,"Pradópolis",0.760861295,2018,"Longevidade",1.15,"Taxas de mortalidade 15 a 39 anos (por mil hab.)"
3540903,"Pradópolis",0.902934537,2020,"Longevidade",1.17,"Taxas de mortalidade 15 a 39 anos (por mil hab.)"
3540903,"Pradópolis",1.204456489,2022,"Longevidade",1.39,"Taxas de mortalidade 15 a 39 anos (por mil hab.)"
3540903,"Pradópolis",1.392459297,2024,"Longevidade",1.28,"Taxas de mortalidade 15 a 39 anos (por mil hab.)"
3541000,"Praia Grande",1.488251567,2014,"Longevidade",1.32,"Taxas de mortalidade 15 a 39 anos (por mil hab.)"
3541000,"Praia Grande",1.351047679,2016,"Longevidade",1.19,"Taxas de mortalidade 15 a 39 anos (por mil hab.)"
3541000,"Praia Grande",1.351040355,2018,"Longevidade",1.15,"Taxas de mortalidade 15 a 39 anos (por mil hab.)"
3541000,"Praia Grande",1.340004282,2020,"Longevidade",1.17,"Taxas de mortalidade 15 a 39 anos (por mil hab.)"
3541000,"Praia Grande",1.6293173,2022,"Longevidade",1.39,"Taxas de mortalidade 15 a 39 anos (por mil hab.)"
3541000,"Praia Grande",1.512758218,2024,"Longevidade",1.28,"Taxas de mortalidade 15 a 39 anos (por mil hab.)"
3541059,"Pratânia",0.958313368,2014,"Longevidade",1.32,"Taxas de mortalidade 15 a 39 anos (por mil hab.)"
3541059,"Pratânia",1.08074726,2016,"Longevidade",1.19,"Taxas de mortalidade 15 a 39 anos (por mil hab.)"
3541059,"Pratânia",1.379310345,2018,"Longevidade",1.15,"Taxas de mortalidade 15 a 39 anos (por mil hab.)"
3541059,"Pratânia",1.211570498,2020,"Longevidade",1.17,"Taxas de mortalidade 15 a 39 anos (por mil hab.)"
3541059,"Pratânia",0.452693526,2022,"Longevidade",1.39,"Taxas de mortalidade 15 a 39 anos (por mil hab.)"
3541059,"Pratânia",0.948316738,2024,"Longevidade",1.28,"Taxas de mortalidade 15 a 39 anos (por mil hab.)"
3541109,"Presidente Alves",1.239925604,2014,"Longevidade",1.32,"Taxas de mortalidade 15 a 39 anos (por mil hab.)"
3541109,"Presidente Alves",1.92926045,2016,"Longevidade",1.19,"Taxas de mortalidade 15 a 39 anos (por mil hab.)"
3541109,"Presidente Alves",1.306335728,2018,"Longevidade",1.15,"Taxas de mortalidade 15 a 39 anos (por mil hab.)"
3541109,"Presidente Alves",0.900292595,2020,"Longevidade",1.17,"Taxas de mortalidade 15 a 39 anos (por mil hab.)"
3541109,"Presidente Alves",0.927213723,2022,"Longevidade",1.39,"Taxas de mortalidade 15 a 39 anos (por mil hab.)"
3541109,"Presidente Alves",1.169590643,2024,"Longevidade",1.28,"Taxas de mortalidade 15 a 39 anos (por mil hab.)"
3541208,"Presidente Bernardes",1.182033097,2014,"Longevidade",1.32,"Taxas de mortalidade 15 a 39 anos (por mil hab.)"
3541208,"Presidente Bernardes",0.595474395,2016,"Longevidade",1.19,"Taxas de mortalidade 15 a 39 anos (por mil hab.)"
3541208,"Presidente Bernardes",0.732454388,2018,"Longevidade",1.15,"Taxas de mortalidade 15 a 39 anos (por mil hab.)"
3541208,"Presidente Bernardes",0.807265388,2020,"Longevidade",1.17,"Taxas de mortalidade 15 a 39 anos (por mil hab.)"
3541208,"Presidente Bernardes",0.824062629,2022,"Longevidade",1.39,"Taxas de mortalidade 15 a 39 anos (por mil hab.)"
3541208,"Presidente Bernardes",0.870484362,2024,"Longevidade",1.28,"Taxas de mortalidade 15 a 39 anos (por mil hab.)"
3541307,"Presidente Epitácio",1.199184555,2014,"Longevidade",1.32,"Taxas de mortalidade 15 a 39 anos (por mil hab.)"
3541307,"Presidente Epitácio",1.02905569,2016,"Longevidade",1.19,"Taxas de mortalidade 15 a 39 anos (por mil hab.)"
3541307,"Presidente Epitácio",0.894472566,2018,"Longevidade",1.15,"Taxas de mortalidade 15 a 39 anos (por mil hab.)"
3541307,"Presidente Epitácio",1.115172542,2020,"Longevidade",1.17,"Taxas de mortalidade 15 a 39 anos (por mil hab.)"
3541307,"Presidente Epitácio",1.19964642,2022,"Longevidade",1.39,"Taxas de mortalidade 15 a 39 anos (por mil hab.)"
3541307,"Presidente Epitácio",1.26752548,2024,"Longevidade",1.28,"Taxas de mortalidade 15 a 39 anos (por mil hab.)"
3541406,"Presidente Prudente",1.16332902,2014,"Longevidade",1.32,"Taxas de mortalidade 15 a 39 anos (por mil hab.)"
3541406,"Presidente Prudente",0.907714383,2016,"Longevidade",1.19,"Taxas de mortalidade 15 a 39 anos (por mil hab.)"
3541406,"Presidente Prudente",1.008120751,2018,"Longevidade",1.15,"Taxas de mortalidade 15 a 39 anos (por mil hab.)"
3541406,"Presidente Prudente",0.982868284,2020,"Longevidade",1.17,"Taxas de mortalidade 15 a 39 anos (por mil hab.)"
3541406,"Presidente Prudente",1.210559679,2022,"Longevidade",1.39,"Taxas de mortalidade 15 a 39 anos (por mil hab.)"
3541406,"Presidente Prudente",1.161514038,2024,"Longevidade",1.28,"Taxas de mortalidade 15 a 39 anos (por mil hab.)"
3541505,"Presidente Venceslau",1.269968585,2014,"Longevidade",1.32,"Taxas de mortalidade 15 a 39 anos (por mil hab.)"
3541505,"Presidente Venceslau",1.340787201,2016,"Longevidade",1.19,"Taxas de mortalidade 15 a 39 anos (por mil hab.)"
3541505,"Presidente Venceslau",1.288689449,2018,"Longevidade",1.15,"Taxas de mortalidade 15 a 39 anos (por mil hab.)"
3541505,"Presidente Venceslau",0.896882154,2020,"Longevidade",1.17,"Taxas de mortalidade 15 a 39 anos (por mil hab.)"
3541505,"Presidente Venceslau",0.919073187,2022,"Longevidade",1.39,"Taxas de mortalidade 15 a 39 anos (por mil hab.)"
3541505,"Presidente Venceslau",1.516443939,2024,"Longevidade",1.28,"Taxas de mortalidade 15 a 39 anos (por mil hab.)"
3541604,"Promissão",1.286316256,2014,"Longevidade",1.32,"Taxas de mortalidade 15 a 39 anos (por mil hab.)"
3541604,"Promissão",1.084998807,2016,"Longevidade",1.19,"Taxas de mortalidade 15 a 39 anos (por mil hab.)"
3541604,"Promissão",1.060674936,2018,"Longevidade",1.15,"Taxas de mortalidade 15 a 39 anos (por mil hab.)"
3541604,"Promissão",1.055397605,2020,"Longevidade",1.17,"Taxas de mortalidade 15 a 39 anos (por mil hab.)"
3541604,"Promissão",1.399745892,2022,"Longevidade",1.39,"Taxas de mortalidade 15 a 39 anos (por mil hab.)"
3541604,"Promissão",1.417020922,2024,"Longevidade",1.28,"Taxas de mortalidade 15 a 39 anos (por mil hab.)"
3541653,"Quadra",1.80878553,2014,"Longevidade",1.32,"Taxas de mortalidade 15 a 39 anos (por mil hab.)"
3541653,"Quadra",1.47275405,2016,"Longevidade",1.19,"Taxas de mortalidade 15 a 39 anos (por mil hab.)"
3541653,"Quadra",1.457725948,2018,"Longevidade",1.15,"Taxas de mortalidade 15 a 39 anos (por mil hab.)"
3541653,"Quadra",0.707714084,2020,"Longevidade",1.17,"Taxas de mortalidade 15 a 39 anos (por mil hab.)"
3541653,"Quadra",1.390820584,2022,"Longevidade",1.39,"Taxas de mortalidade 15 a 39 anos (por mil hab.)"
3541653,"Quadra",1.207729469,2024,"Longevidade",1.28,"Taxas de mortalidade 15 a 39 anos (por mil hab.)"
3541703,"Quatá",1.667284179,2014,"Longevidade",1.32,"Taxas de mortalidade 15 a 39 anos (por mil hab.)"
3541703,"Quatá",1.16614497,2016,"Longevidade",1.19,"Taxas de mortalidade 15 a 39 anos (por mil hab.)"
3541703,"Quatá",1.4781966,2018,"Longevidade",1.15,"Taxas de mortalidade 15 a 39 anos (por mil hab.)"
3541703,"Quatá",1.236170344,2020,"Longevidade",1.17,"Taxas de mortalidade 15 a 39 anos (por mil hab.)"
3541703,"Quatá",1.121076233,2022,"Longevidade",1.39,"Taxas de mortalidade 15 a 39 anos (por mil hab.)"
3541703,"Quatá",1.25147232,2024,"Longevidade",1.28,"Taxas de mortalidade 15 a 39 anos (por mil hab.)"
3541802,"Queiroz",0.785545954,2014,"Longevidade",1.32,"Taxas de mortalidade 15 a 39 anos (por mil hab.)"
3541802,"Queiroz",2.21402214,2016,"Longevidade",1.19,"Taxas de mortalidade 15 a 39 anos (por mil hab.)"
3541802,"Queiroz",1.694504962,2018,"Longevidade",1.15,"Taxas de mortalidade 15 a 39 anos (por mil hab.)"
3541802,"Queiroz",1.652502361,2020,"Longevidade",1.17,"Taxas de mortalidade 15 a 39 anos (por mil hab.)"
3541802,"Queiroz",2.102312544,2022,"Longevidade",1.39,"Taxas de mortalidade 15 a 39 anos (por mil hab.)"
3541802,"Queiroz",2.166260493,2024,"Longevidade",1.28,"Taxas de mortalidade 15 a 39 anos (por mil hab.)"
3541901,"Queluz",1.323013825,2014,"Longevidade",1.32,"Taxas de mortalidade 15 a 39 anos (por mil hab.)"
3541901,"Queluz",0.966183575,2016,"Longevidade",1.19,"Taxas de mortalidade 15 a 39 anos (por mil hab.)"
3541901,"Queluz",1.287249791,2018,"Longevidade",1.15,"Taxas de mortalidade 15 a 39 anos (por mil hab.)"
3541901,"Queluz",1.408901697,2020,"Longevidade",1.17,"Taxas de mortalidade 15 a 39 anos (por mil hab.)"
3541901,"Queluz",1.160990712,2022,"Longevidade",1.39,"Taxas de mortalidade 15 a 39 anos (por mil hab.)"
3541901,"Queluz",1.78197065,2024,"Longevidade",1.28,"Taxas de mortalidade 15 a 39 anos (por mil hab.)"
3542008,"Quintana",1.455604076,2014,"Longevidade",1.32,"Taxas de mortalidade 15 a 39 anos (por mil hab.)"
3542008,"Quintana",1.446987635,2016,"Longevidade",1.19,"Taxas de mortalidade 15 a 39 anos (por mil hab.)"
3542008,"Quintana",1.580403003,2018,"Longevidade",1.15,"Taxas de mortalidade 15 a 39 anos (por mil hab.)"
3542008,"Quintana",1.193317422,2020,"Longevidade",1.17,"Taxas de mortalidade 15 a 39 anos (por mil hab.)"
3542008,"Quintana",1.341381623,2022,"Longevidade",1.39,"Taxas de mortalidade 15 a 39 anos (por mil hab.)"
3542008,"Quintana",1.687435099,2024,"Longevidade",1.28,"Taxas de mortalidade 15 a 39 anos (por mil hab.)"
3542107,"Rafard",1.310861423,2014,"Longevidade",1.32,"Taxas de mortalidade 15 a 39 anos (por mil hab.)"
3542107,"Rafard",1.424501425,2016,"Longevidade",1.19,"Taxas de mortalidade 15 a 39 anos (por mil hab.)"
3542107,"Rafard",1.148435257,2018,"Longevidade",1.15,"Taxas de mortalidade 15 a 39 anos (por mil hab.)"
3542107,"Rafard",0.485767026,2020,"Longevidade",1.17,"Taxas de mortalidade 15 a 39 anos (por mil hab.)"
3542107,"Rafard",0.198530872,2022,"Longevidade",1.39,"Taxas de mortalidade 15 a 39 anos (por mil hab.)"
3542107,"Rafard",0.729850902,2024,"Longevidade",1.28,"Taxas de mortalidade 15 a 39 anos (por mil hab.)"
3542206,"Rancharia",1.497588882,2014,"Longevidade",1.32,"Taxas de mortalidade 15 a 39 anos (por mil hab.)"
3542206,"Rancharia",1.366493577,2016,"Longevidade",1.19,"Taxas de mortalidade 15 a 39 anos (por mil hab.)"
3542206,"Rancharia",1.527370479,2018,"Longevidade",1.15,"Taxas de mortalidade 15 a 39 anos (por mil hab.)"
3542206,"Rancharia",1.60985728,2020,"Longevidade",1.17,"Taxas de mortalidade 15 a 39 anos (por mil hab.)"
3542206,"Rancharia",2.143420016,2022,"Longevidade",1.39,"Taxas de mortalidade 15 a 39 anos (por mil hab.)"
3542206,"Rancharia",1.659252983,2024,"Longevidade",1.28,"Taxas de mortalidade 15 a 39 anos (por mil hab.)"
3542305,"Redenção da Serra",2.112676056,2014,"Longevidade",1.32,"Taxas de mortalidade 15 a 39 anos (por mil hab.)"
3542305,"Redenção da Serra",1.651332862,2016,"Longevidade",1.19,"Taxas de mortalidade 15 a 39 anos (por mil hab.)"
3542305,"Redenção da Serra",0.948316738,2018,"Longevidade",1.15,"Taxas de mortalidade 15 a 39 anos (por mil hab.)"
3542305,"Redenção da Serra",1.199040767,2020,"Longevidade",1.17,"Taxas de mortalidade 15 a 39 anos (por mil hab.)"
3542305,"Redenção da Serra",1.942218985,2022,"Longevidade",1.39,"Taxas de mortalidade 15 a 39 anos (por mil hab.)"
3542305,"Redenção da Serra",0.263296472,2024,"Longevidade",1.28,"Taxas de mortalidade 15 a 39 anos (por mil hab.)"
3542404,"Regente Feijó",1.255492781,2014,"Longevidade",1.32,"Taxas de mortalidade 15 a 39 anos (por mil hab.)"
3542404,"Regente Feijó",1.251956182,2016,"Longevidade",1.19,"Taxas de mortalidade 15 a 39 anos (por mil hab.)"
3542404,"Regente Feijó",1.07976785,2018,"Longevidade",1.15,"Taxas de mortalidade 15 a 39 anos (por mil hab.)"
3542404,"Regente Feijó",1.274349172,2020,"Longevidade",1.17,"Taxas de mortalidade 15 a 39 anos (por mil hab.)"
3542404,"Regente Feijó",2.172004252,2022,"Longevidade",1.39,"Taxas de mortalidade 15 a 39 anos (por mil hab.)"
3542404,"Regente Feijó",1.753360608,2024,"Longevidade",1.28,"Taxas de mortalidade 15 a 39 anos (por mil hab.)"
3542503,"Reginópolis",1.255335174,2014,"Longevidade",1.32,"Taxas de mortalidade 15 a 39 anos (por mil hab.)"
3542503,"Reginópolis",0.933944643,2016,"Longevidade",1.19,"Taxas de mortalidade 15 a 39 anos (por mil hab.)"
3542503,"Reginópolis",1.362978107,2018,"Longevidade",1.15,"Taxas de mortalidade 15 a 39 anos (por mil hab.)"
3542503,"Reginópolis",1.20523416,2020,"Longevidade",1.17,"Taxas de mortalidade 15 a 39 anos (por mil hab.)"
3542503,"Reginópolis",1.300728408,2022,"Longevidade",1.39,"Taxas de mortalidade 15 a 39 anos (por mil hab.)"
3542503,"Reginópolis",1.265365148,2024,"Longevidade",1.28,"Taxas de mortalidade 15 a 39 anos (por mil hab.)"
3542602,"Registro",1.386770212,2014,"Longevidade",1.32,"Taxas de mortalidade 15 a 39 anos (por mil hab.)"
3542602,"Registro",1.174315374,2016,"Longevidade",1.19,"Taxas de mortalidade 15 a 39 anos (por mil hab.)"
3542602,"Registro",1.154113704,2018,"Longevidade",1.15,"Taxas de mortalidade 15 a 39 anos (por mil hab.)"
3542602,"Registro",1.17694478,2020,"Longevidade",1.17,"Taxas de mortalidade 15 a 39 anos (por mil hab.)"
3542602,"Registro",1.481262035,2022,"Longevidade",1.39,"Taxas de mortalidade 15 a 39 anos (por mil hab.)"
3542602,"Registro",1.330166271,2024,"Longevidade",1.28,"Taxas de mortalidade 15 a 39 anos (por mil hab.)"
3542701,"Restinga",0.581733566,2014,"Longevidade",1.32,"Taxas de mortalidade 15 a 39 anos (por mil hab.)"
3542701,"Restinga",1.230838089,2016,"Longevidade",1.19,"Taxas de mortalidade 15 a 39 anos (por mil hab.)"
3542701,"Restinga",1.002673797,2018,"Longevidade",1.15,"Taxas de mortalidade 15 a 39 anos (por mil hab.)"
3542701,"Restinga",1.207729469,2020,"Longevidade",1.17,"Taxas de mortalidade 15 a 39 anos (por mil hab.)"
3542701,"Restinga",1.199040767,2022,"Longevidade",1.39,"Taxas de mortalidade 15 a 39 anos (por mil hab.)"
3542701,"Restinga",1.43000143,2024,"Longevidade",1.28,"Taxas de mortalidade 15 a 39 anos (por mil hab.)"
3542800,"Ribeira",2.261803789,2014,"Longevidade",1.32,"Taxas de mortalidade 15 a 39 anos (por mil hab.)"
3542800,"Ribeira",1.699235344,2016,"Longevidade",1.19,"Taxas de mortalidade 15 a 39 anos (por mil hab.)"
3542800,"Ribeira",1.414827391,2018,"Longevidade",1.15,"Taxas de mortalidade 15 a 39 anos (por mil hab.)"
3542800,"Ribeira",0.561167228,2020,"Longevidade",1.17,"Taxas de mortalidade 15 a 39 anos (por mil hab.)"
3542800,"Ribeira",1.12707805,2022,"Longevidade",1.39,"Taxas de mortalidade 15 a 39 anos (por mil hab.)"
3542800,"Ribeira",0.983284169,2024,"Longevidade",1.28,"Taxas de mortalidade 15 a 39 anos (por mil hab.)"
3542909,"Ribeirão Bonito",0.914494742,2014,"Longevidade",1.32,"Taxas de mortalidade 15 a 39 anos (por mil hab.)"
3542909,"Ribeirão Bonito",1.045751634,2016,"Longevidade",1.19,"Taxas de mortalidade 15 a 39 anos (por mil hab.)"
3542909,"Ribeirão Bonito",0.655909747,2018,"Longevidade",1.15,"Taxas de mortalidade 15 a 39 anos (por mil hab.)"
3542909,"Ribeirão Bonito",0.660196739,2020,"Longevidade",1.17,"Taxas de mortalidade 15 a 39 anos (por mil hab.)"
3542909,"Ribeirão Bonito",1.265654143,2022,"Longevidade",1.39,"Taxas de mortalidade 15 a 39 anos (por mil hab.)"
3542909,"Ribeirão Bonito",1.616814875,2024,"Longevidade",1.28,"Taxas de mortalidade 15 a 39 anos (por mil hab.)"
3543006,"Ribeirão Branco",1.906535426,2014,"Longevidade",1.32,"Taxas de mortalidade 15 a 39 anos (por mil hab.)"
3543006,"Ribeirão Branco",1.373382952,2016,"Longevidade",1.19,"Taxas de mortalidade 15 a 39 anos (por mil hab.)"
3543006,"Ribeirão Branco",1.379248977,2018,"Longevidade",1.15,"Taxas de mortalidade 15 a 39 anos (por mil hab.)"
3543006,"Ribeirão Branco",1.613770845,2020,"Longevidade",1.17,"Taxas de mortalidade 15 a 39 anos (por mil hab.)"
3543006,"Ribeirão Branco",2.135295988,2022,"Longevidade",1.39,"Taxas de mortalidade 15 a 39 anos (por mil hab.)"
3543006,"Ribeirão Branco",2.08855472,2024,"Longevidade",1.28,"Taxas de mortalidade 15 a 39 anos (por mil hab.)"
3543105,"Ribeirão Corrente",1.440662705,2014,"Longevidade",1.32,"Taxas de mortalidade 15 a 39 anos (por mil hab.)"
3543105,"Ribeirão Corrente",1.236530648,2016,"Longevidade",1.19,"Taxas de mortalidade 15 a 39 anos (por mil hab.)"
3543105,"Ribeirão Corrente",1.416932341,2018,"Longevidade",1.15,"Taxas de mortalidade 15 a 39 anos (por mil hab.)"
3543105,"Ribeirão Corrente",0.707714084,2020,"Longevidade",1.17,"Taxas de mortalidade 15 a 39 anos (por mil hab.)"
3543105,"Ribeirão Corrente",1.065530101,2022,"Longevidade",1.39,"Taxas de mortalidade 15 a 39 anos (por mil hab.)"
3543105,"Ribeirão Corrente",0.397061743,2024,"Longevidade",1.28,"Taxas de mortalidade 15 a 39 anos (por mil hab.)"
3543204,"Ribeirão do Sul",0.609384522,2014,"Longevidade",1.32,"Taxas de mortalidade 15 a 39 anos (por mil hab.)"
3543204,"Ribeirão do Sul",1.861042184,2016,"Longevidade",1.19,"Taxas de mortalidade 15 a 39 anos (por mil hab.)"
3543204,"Ribeirão do Sul",0.836995187,2018,"Longevidade",1.15,"Taxas de mortalidade 15 a 39 anos (por mil hab.)"
3543204,"Ribeirão do Sul",0.858553338,2020,"Longevidade",1.17,"Taxas de mortalidade 15 a 39 anos (por mil hab.)"
3543204,"Ribeirão do Sul",1.976284585,2022,"Longevidade",1.39,"Taxas de mortalidade 15 a 39 anos (por mil hab.)"
3543204,"Ribeirão do Sul",1.599268906,2024,"Longevidade",1.28,"Taxas de mortalidade 15 a 39 anos (por mil hab.)"
3543238,"Ribeirão dos Índios",1.307189542,2014,"Longevidade",1.32,"Taxas de mortalidade 15 a 39 anos (por mil hab.)"
3543238,"Ribeirão dos Índios",0.879507476,2016,"Longevidade",1.19,"Taxas de mortalidade 15 a 39 anos (por mil hab.)"
3543238,"Ribeirão dos Índios",0.442673749,2018,"Longevidade",1.15,"Taxas de mortalidade 15 a 39 anos (por mil hab.)"
3543238,"Ribeirão dos Índios",0.900900901,2020,"Longevidade",1.17,"Taxas de mortalidade 15 a 39 anos (por mil hab.)"
3543238,"Ribeirão dos Índios",1.396648045,2022,"Longevidade",1.39,"Taxas de mortalidade 15 a 39 anos (por mil hab.)"
3543238,"Ribeirão dos Índios",1.101928375,2024,"Longevidade",1.28,"Taxas de mortalidade 15 a 39 anos (por mil hab.)"
3543253,"Ribeirão Grande",1.554519209,2014,"Longevidade",1.32,"Taxas de mortalidade 15 a 39 anos (por mil hab.)"
3543253,"Ribeirão Grande",1.348163128,2016,"Longevidade",1.19,"Taxas de mortalidade 15 a 39 anos (por mil hab.)"
3543253,"Ribeirão Grande",1.360081605,2018,"Longevidade",1.15,"Taxas de mortalidade 15 a 39 anos (por mil hab.)"
3543253,"Ribeirão Grande",2.07253886,2020,"Longevidade",1.17,"Taxas de mortalidade 15 a 39 anos (por mil hab.)"
3543253,"Ribeirão Grande",2.23476829,2022,"Longevidade",1.39,"Taxas de mortalidade 15 a 39 anos (por mil hab.)"
3543253,"Ribeirão Grande",2.371541502,2024,"Longevidade",1.28,"Taxas de mortalidade 15 a 39 anos (por mil hab.)"
3543303,"Ribeirão Pires",1.19456786,2014,"Longevidade",1.32,"Taxas de mortalidade 15 a 39 anos (por mil hab.)"
3543303,"Ribeirão Pires",1.206597962,2016,"Longevidade",1.19,"Taxas de mortalidade 15 a 39 anos (por mil hab.)"
3543303,"Ribeirão Pires",1.177095445,2018,"Longevidade",1.15,"Taxas de mortalidade 15 a 39 anos (por mil hab.)"
3543303,"Ribeirão Pires",1.101709854,2020,"Longevidade",1.17,"Taxas de mortalidade 15 a 39 anos (por mil hab.)"
3543303,"Ribeirão Pires",1.192578839,2022,"Longevidade",1.39,"Taxas de mortalidade 15 a 39 anos (por mil hab.)"
3543303,"Ribeirão Pires",0.967622509,2024,"Longevidade",1.28,"Taxas de mortalidade 15 a 39 anos (por mil hab.)"
3543402,"Ribeirão Preto",1.148470396,2014,"Longevidade",1.32,"Taxas de mortalidade 15 a 39 anos (por mil hab.)"
3543402,"Ribeirão Preto",1.010049692,2016,"Longevidade",1.19,"Taxas de mortalidade 15 a 39 anos (por mil hab.)"
3543402,"Ribeirão Preto",1.023486905,2018,"Longevidade",1.15,"Taxas de mortalidade 15 a 39 anos (por mil hab.)"
3543402,"Ribeirão Preto",0.952252551,2020,"Longevidade",1.17,"Taxas de mortalidade 15 a 39 anos (por mil hab.)"
3543402,"Ribeirão Preto",1.213719212,2022,"Longevidade",1.39,"Taxas de mortalidade 15 a 39 anos (por mil hab.)"
3543402,"Ribeirão Preto",1.04099135,2024,"Longevidade",1.28,"Taxas de mortalidade 15 a 39 anos (por mil hab.)"
3543501,"Riversul",1.377410468,2014,"Longevidade",1.32,"Taxas de mortalidade 15 a 39 anos (por mil hab.)"
3543501,"Riversul",1.713395639,2016,"Longevidade",1.19,"Taxas de mortalidade 15 a 39 anos (por mil hab.)"
3543501,"Riversul",2.056636608,2018,"Longevidade",1.15,"Taxas de mortalidade 15 a 39 anos (por mil hab.)"
3543501,"Riversul",1.453488372,2020,"Longevidade",1.17,"Taxas de mortalidade 15 a 39 anos (por mil hab.)"
3543501,"Riversul",1.320132013,2022,"Longevidade",1.39,"Taxas de mortalidade 15 a 39 anos (por mil hab.)"
3543501,"Riversul",0.91877986,2024,"Longevidade",1.28,"Taxas de mortalidade 15 a 39 anos (por mil hab.)"
3543600,"Rifaina",2.302379125,2014,"Longevidade",1.32,"Taxas de mortalidade 15 a 39 anos (por mil hab.)"
3543600,"Rifaina",2.304147465,2016,"Longevidade",1.19,"Taxas de mortalidade 15 a 39 anos (por mil hab.)"
3543600,"Rifaina",2.822684116,2018,"Longevidade",1.15,"Taxas de mortalidade 15 a 39 anos (por mil hab.)"
3543600,"Rifaina",1.299038711,2020,"Longevidade",1.17,"Taxas de mortalidade 15 a 39 anos (por mil hab.)"
3543600,"Rifaina",2.123142251,2022,"Longevidade",1.39,"Taxas de mortalidade 15 a 39 anos (por mil hab.)"
3543600,"Rifaina",1.399580126,2024,"Longevidade",1.28,"Taxas de mortalidade 15 a 39 anos (por mil hab.)"
3543709,"Rincão",1.019128253,2014,"Longevidade",1.32,"Taxas de mortalidade 15 a 39 anos (por mil hab.)"
3543709,"Rincão",1.348564176,2016,"Longevidade",1.19,"Taxas de mortalidade 15 a 39 anos (por mil hab.)"
3543709,"Rincão",1.357285429,2018,"Longevidade",1.15,"Taxas de mortalidade 15 a 39 anos (por mil hab.)"
3543709,"Rincão",1.053313888,2020,"Longevidade",1.17,"Taxas de mortalidade 15 a 39 anos (por mil hab.)"
3543709,"Rincão",1.154829663,2022,"Longevidade",1.39,"Taxas de mortalidade 15 a 39 anos (por mil hab.)"
3543709,"Rincão",1.332001332,2024,"Longevidade",1.28,"Taxas de mortalidade 15 a 39 anos (por mil hab.)"
3543808,"Rinópolis",1.357588922,2014,"Longevidade",1.32,"Taxas de mortalidade 15 a 39 anos (por mil hab.)"
3543808,"Rinópolis",1.109877913,2016,"Longevidade",1.19,"Taxas de mortalidade 15 a 39 anos (por mil hab.)"
3543808,"Rinópolis",1.025354213,2018,"Longevidade",1.15,"Taxas de mortalidade 15 a 39 anos (por mil hab.)"
3543808,"Rinópolis",1.416430595,2020,"Longevidade",1.17,"Taxas de mortalidade 15 a 39 anos (por mil hab.)"
3543808,"Rinópolis",1.060036619,2022,"Longevidade",1.39,"Taxas de mortalidade 15 a 39 anos (por mil hab.)"
3543808,"Rinópolis",0.882125923,2024,"Longevidade",1.28,"Taxas de mortalidade 15 a 39 anos (por mil hab.)"
3543907,"Rio Claro",1.373614798,2014,"Longevidade",1.32,"Taxas de mortalidade 15 a 39 anos (por mil hab.)"
3543907,"Rio Claro",1.156025784,2016,"Longevidade",1.19,"Taxas de mortalidade 15 a 39 anos (por mil hab.)"
3543907,"Rio Claro",1.166694044,2018,"Longevidade",1.15,"Taxas de mortalidade 15 a 39 anos (por mil hab.)"
3543907,"Rio Claro",1.197140496,2020,"Longevidade",1.17,"Taxas de mortalidade 15 a 39 anos (por mil hab.)"
3543907,"Rio Claro",1.530404322,2022,"Longevidade",1.39,"Taxas de mortalidade 15 a 39 anos (por mil hab.)"
3543907,"Rio Claro",1.417639287,2024,"Longevidade",1.28,"Taxas de mortalidade 15 a 39 anos (por mil hab.)"
3544004,"Rio das Pedras",1.156737999,2014,"Longevidade",1.32,"Taxas de mortalidade 15 a 39 anos (por mil hab.)"
3544004,"Rio das Pedras",1.070090958,2016,"Longevidade",1.19,"Taxas de mortalidade 15 a 39 anos (por mil hab.)"
3544004,"Rio das Pedras",0.833622786,2018,"Longevidade",1.15,"Taxas de mortalidade 15 a 39 anos (por mil hab.)"
3544004,"Rio das Pedras",0.665381791,2020,"Longevidade",1.17,"Taxas de mortalidade 15 a 39 anos (por mil hab.)"
3544004,"Rio das Pedras",0.712741987,2022,"Longevidade",1.39,"Taxas de mortalidade 15 a 39 anos (por mil hab.)"
3544004,"Rio das Pedras",1.039033979,2024,"Longevidade",1.28,"Taxas de mortalidade 15 a 39 anos (por mil hab.)"
3544103,"Rio Grande da Serra",1.264928622,2014,"Longevidade",1.32,"Taxas de mortalidade 15 a 39 anos (por mil hab.)"
3544103,"Rio Grande da Serra",1.152959262,2016,"Longevidade",1.19,"Taxas de mortalidade 15 a 39 anos (por mil hab.)"
3544103,"Rio Grande da Serra",1.037973875,2018,"Longevidade",1.15,"Taxas de mortalidade 15 a 39 anos (por mil hab.)"
3544103,"Rio Grande da Serra",1.175947114,2020,"Longevidade",1.17,"Taxas de mortalidade 15 a 39 anos (por mil hab.)"
3544103,"Rio Grande da Serra",1.369644848,2022,"Longevidade",1.39,"Taxas de mortalidade 15 a 39 anos (por mil hab.)"
3544103,"Rio Grande da Serra",1.059851621,2024,"Longevidade",1.28,"Taxas de mortalidade 15 a 39 anos (por mil hab.)"
3544202,"Riolândia",1.700013077,2014,"Longevidade",1.32,"Taxas de mortalidade 15 a 39 anos (por mil hab.)"
3544202,"Riolândia",1.041259925,2016,"Longevidade",1.19,"Taxas de mortalidade 15 a 39 anos (por mil hab.)"
3544202,"Riolândia",1.042888802,2018,"Longevidade",1.15,"Taxas de mortalidade 15 a 39 anos (por mil hab.)"
3544202,"Riolândia",1.24475891,2020,"Longevidade",1.17,"Taxas de mortalidade 15 a 39 anos (por mil hab.)"
3544202,"Riolândia",1.05090312,2022,"Longevidade",1.39,"Taxas de mortalidade 15 a 39 anos (por mil hab.)"
3544202,"Riolândia",1.147693853,2024,"Longevidade",1.28,"Taxas de mortalidade 15 a 39 anos (por mil hab.)"
3544251,"Rosana",1.741553466,2014,"Longevidade",1.32,"Taxas de mortalidade 15 a 39 anos (por mil hab.)"
3544251,"Rosana",1.262284735,2016,"Longevidade",1.19,"Taxas de mortalidade 15 a 39 anos (por mil hab.)"
3544251,"Rosana",1.279765986,2018,"Longevidade",1.15,"Taxas de mortalidade 15 a 39 anos (por mil hab.)"
3544251,"Rosana",1.551043429,2020,"Longevidade",1.17,"Taxas de mortalidade 15 a 39 anos (por mil hab.)"
3544251,"Rosana",1.838146374,2022,"Longevidade",1.39,"Taxas de mortalidade 15 a 39 anos (por mil hab.)"
3544251,"Rosana",1.56171914,2024,"Longevidade",1.28,"Taxas de mortalidade 15 a 39 anos (por mil hab.)"
3544301,"Roseira",1.889912592,2014,"Longevidade",1.32,"Taxas de mortalidade 15 a 39 anos (por mil hab.)"
3544301,"Roseira",1.560184102,2016,"Longevidade",1.19,"Taxas de mortalidade 15 a 39 anos (por mil hab.)"
3544301,"Roseira",1.724678583,2018,"Longevidade",1.15,"Taxas de mortalidade 15 a 39 anos (por mil hab.)"
3544301,"Roseira",1.418439716,2020,"Longevidade",1.17,"Taxas de mortalidade 15 a 39 anos (por mil hab.)"
3544301,"Roseira",1.199328376,2022,"Longevidade",1.39,"Taxas de mortalidade 15 a 39 anos (por mil hab.)"
3544301,"Roseira",0.775193798,2024,"Longevidade",1.28,"Taxas de mortalidade 15 a 39 anos (por mil hab.)"
3544400,"Rubiácea",1.098297639,2014,"Longevidade",1.32,"Taxas de mortalidade 15 a 39 anos (por mil hab.)"
3544400,"Rubiácea",1.317523057,2016,"Longevidade",1.19,"Taxas de mortalidade 15 a 39 anos (por mil hab.)"
3544400,"Rubiácea",1.572327044,2018,"Longevidade",1.15,"Taxas de mortalidade 15 a 39 anos (por mil hab.)"
3544400,"Rubiácea",0.777000777,2020,"Longevidade",1.17,"Taxas de mortalidade 15 a 39 anos (por mil hab.)"
3544400,"Rubiácea",1.282051282,2022,"Longevidade",1.39,"Taxas de mortalidade 15 a 39 anos (por mil hab.)"
3544400,"Rubiácea",0.770712909,2024,"Longevidade",1.28,"Taxas de mortalidade 15 a 39 anos (por mil hab.)"
3544509,"Rubinéia",1.68861871,2014,"Longevidade",1.32,"Taxas de mortalidade 15 a 39 anos (por mil hab.)"
3544509,"Rubinéia",0.323939099,2016,"Longevidade",1.19,"Taxas de mortalidade 15 a 39 anos (por mil hab.)"
3544509,"Rubinéia",0.646621403,2018,"Longevidade",1.15,"Taxas de mortalidade 15 a 39 anos (por mil hab.)"
3544509,"Rubinéia",1.926782274,2020,"Longevidade",1.17,"Taxas de mortalidade 15 a 39 anos (por mil hab.)"
3544509,"Rubinéia",1.277139208,2022,"Longevidade",1.39,"Taxas de mortalidade 15 a 39 anos (por mil hab.)"
3544509,"Rubinéia",1.035196687,2024,"Longevidade",1.28,"Taxas de mortalidade 15 a 39 anos (por mil hab.)"
3544608,"Sabino",2.517623364,2014,"Longevidade",1.32,"Taxas de mortalidade 15 a 39 anos (por mil hab.)"
3544608,"Sabino",2.165583875,2016,"Longevidade",1.19,"Taxas de mortalidade 15 a 39 anos (por mil hab.)"
3544608,"Sabino",3.007518797,2018,"Longevidade",1.15,"Taxas de mortalidade 15 a 39 anos (por mil hab.)"
3544608,"Sabino",2.187447417,2020,"Longevidade",1.17,"Taxas de mortalidade 15 a 39 anos (por mil hab.)"
3544608,"Sabino",2.212012932,2022,"Longevidade",1.39,"Taxas de mortalidade 15 a 39 anos (por mil hab.)"
3544608,"Sabino",2.278423331,2024,"Longevidade",1.28,"Taxas de mortalidade 15 a 39 anos (por mil hab.)"
3544707,"Sagres",2.547307132,2014,"Longevidade",1.32,"Taxas de mortalidade 15 a 39 anos (por mil hab.)"
3544707,"Sagres",1.4781966,2016,"Longevidade",1.19,"Taxas de mortalidade 15 a 39 anos (por mil hab.)"
3544707,"Sagres",1.498127341,2018,"Longevidade",1.15,"Taxas de mortalidade 15 a 39 anos (por mil hab.)"
3544707,"Sagres",1.90912562,2020,"Longevidade",1.17,"Taxas de mortalidade 15 a 39 anos (por mil hab.)"
3544707,"Sagres",1.572327044,2022,"Longevidade",1.39,"Taxas de mortalidade 15 a 39 anos (por mil hab.)"
3544707,"Sagres",0.429553265,2024,"Longevidade",1.28,"Taxas de mortalidade 15 a 39 anos (por mil hab.)"
3544806,"Sales",1.246105919,2014,"Longevidade",1.32,"Taxas de mortalidade 15 a 39 anos (por mil hab.)"
3544806,"Sales",1.051051051,2016,"Longevidade",1.19,"Taxas de mortalidade 15 a 39 anos (por mil hab.)"
3544806,"Sales",1.486767767,2018,"Longevidade",1.15,"Taxas de mortalidade 15 a 39 anos (por mil hab.)"
3544806,"Sales",1.317523057,2020,"Longevidade",1.17,"Taxas de mortalidade 15 a 39 anos (por mil hab.)"
3544806,"Sales",1.316366828,2022,"Longevidade",1.39,"Taxas de mortalidade 15 a 39 anos (por mil hab.)"
3544806,"Sales",2.004008016,2024,"Longevidade",1.28,"Taxas de mortalidade 15 a 39 anos (por mil hab.)"
3544905,"Sales Oliveira",0.678886626,2014,"Longevidade",1.32,"Taxas de mortalidade 15 a 39 anos (por mil hab.)"
3544905,"Sales Oliveira",0.739262216,2016,"Longevidade",1.19,"Taxas de mortalidade 15 a 39 anos (por mil hab.)"
3544905,"Sales Oliveira",0.889877642,2018,"Longevidade",1.15,"Taxas de mortalidade 15 a 39 anos (por mil hab.)"
3544905,"Sales Oliveira",1.116569897,2020,"Longevidade",1.17,"Taxas de mortalidade 15 a 39 anos (por mil hab.)"
3544905,"Sales Oliveira",1.431585292,2022,"Longevidade",1.39,"Taxas de mortalidade 15 a 39 anos (por mil hab.)"
3544905,"Sales Oliveira",1.240079365,2024,"Longevidade",1.28,"Taxas de mortalidade 15 a 39 anos (por mil hab.)"
3545001,"Salesópolis",1.110582262,2014,"Longevidade",1.32,"Taxas de mortalidade 15 a 39 anos (por mil hab.)"
3545001,"Salesópolis",1.148345339,2016,"Longevidade",1.19,"Taxas de mortalidade 15 a 39 anos (por mil hab.)"
3545001,"Salesópolis",1.358411703,2018,"Longevidade",1.15,"Taxas de mortalidade 15 a 39 anos (por mil hab.)"
3545001,"Salesópolis",0.887496737,2020,"Longevidade",1.17,"Taxas de mortalidade 15 a 39 anos (por mil hab.)"
3545001,"Salesópolis",1.573069058,2022,"Longevidade",1.39,"Taxas de mortalidade 15 a 39 anos (por mil hab.)"
3545001,"Salesópolis",1.602564103,2024,"Longevidade",1.28,"Taxas de mortalidade 15 a 39 anos (por mil hab.)"
3545100,"Salmourão",1.025115325,2014,"Longevidade",1.32,"Taxas de mortalidade 15 a 39 anos (por mil hab.)"
3545100,"Salmourão",1.686056314,2016,"Longevidade",1.19,"Taxas de mortalidade 15 a 39 anos (por mil hab.)"
3545100,"Salmourão",1.345442314,2018,"Longevidade",1.15,"Taxas de mortalidade 15 a 39 anos (por mil hab.)"
3545100,"Salmourão",1.342056702,2020,"Longevidade",1.17,"Taxas de mortalidade 15 a 39 anos (por mil hab.)"
3545100,"Salmourão",0.673060744,2022,"Longevidade",1.39,"Taxas de mortalidade 15 a 39 anos (por mil hab.)"
3545100,"Salmourão",1.02312257,2024,"Longevidade",1.28,"Taxas de mortalidade 15 a 39 anos (por mil hab.)"
3545159,"Saltinho",1.308900524,2014,"Longevidade",1.32,"Taxas de mortalidade 15 a 39 anos (por mil hab.)"
3545159,"Saltinho",1.279181324,2016,"Longevidade",1.19,"Taxas de mortalidade 15 a 39 anos (por mil hab.)"
3545159,"Saltinho",0.961538462,2018,"Longevidade",1.15,"Taxas de mortalidade 15 a 39 anos (por mil hab.)"
3545159,"Saltinho",0.536768653,2020,"Longevidade",1.17,"Taxas de mortalidade 15 a 39 anos (por mil hab.)"
3545159,"Saltinho",1.529051988,2022,"Longevidade",1.39,"Taxas de mortalidade 15 a 39 anos (por mil hab.)"
3545159,"Saltinho",1.437814522,2024,"Longevidade",1.28,"Taxas de mortalidade 15 a 39 anos (por mil hab.)"
3545209,"Salto",1.332956628,2014,"Longevidade",1.32,"Taxas de mortalidade 15 a 39 anos (por mil hab.)"
3545209,"Salto",1.259860556,2016,"Longevidade",1.19,"Taxas de mortalidade 15 a 39 anos (por mil hab.)"
3545209,"Salto",1.291544687,2018,"Longevidade",1.15,"Taxas de mortalidade 15 a 39 anos (por mil hab.)"
3545209,"Salto",1.096111688,2020,"Longevidade",1.17,"Taxas de mortalidade 15 a 39 anos (por mil hab.)"
3545209,"Salto",1.460323023,2022,"Longevidade",1.39,"Taxas de mortalidade 15 a 39 anos (por mil hab.)"
3545209,"Salto",1.096040554,2024,"Longevidade",1.28,"Taxas de mortalidade 15 a 39 anos (por mil hab.)"
3545308,"Salto de Pirapora",1.440557535,2014,"Longevidade",1.32,"Taxas de mortalidade 15 a 39 anos (por mil hab.)"
3545308,"Salto de Pirapora",1.421342885,2016,"Longevidade",1.19,"Taxas de mortalidade 15 a 39 anos (por mil hab.)"
3545308,"Salto de Pirapora",1.287878788,2018,"Longevidade",1.15,"Taxas de mortalidade 15 a 39 anos (por mil hab.)"
3545308,"Salto de Pirapora",1.228687006,2020,"Longevidade",1.17,"Taxas de mortalidade 15 a 39 anos (por mil hab.)"
3545308,"Salto de Pirapora",1.369159678,2022,"Longevidade",1.39,"Taxas de mortalidade 15 a 39 anos (por mil hab.)"
3545308,"Salto de Pirapora",1.623477989,2024,"Longevidade",1.28,"Taxas de mortalidade 15 a 39 anos (por mil hab.)"
3545407,"Salto Grande",1.383125864,2014,"Longevidade",1.32,"Taxas de mortalidade 15 a 39 anos (por mil hab.)"
3545407,"Salto Grande",2.170267337,2016,"Longevidade",1.19,"Taxas de mortalidade 15 a 39 anos (por mil hab.)"
3545407,"Salto Grande",1.683501684,2018,"Longevidade",1.15,"Taxas de mortalidade 15 a 39 anos (por mil hab.)"
3545407,"Salto Grande",1.095508415,2020,"Longevidade",1.17,"Taxas de mortalidade 15 a 39 anos (por mil hab.)"
3545407,"Salto Grande",1.712501259,2022,"Longevidade",1.39,"Taxas de mortalidade 15 a 39 anos (por mil hab.)"
3545407,"Salto Grande",1.787909264,2024,"Longevidade",1.28,"Taxas de mortalidade 15 a 39 anos (por mil hab.)"
3545506,"Sandovalina",1.681378731,2014,"Longevidade",1.32,"Taxas de mortalidade 15 a 39 anos (por mil hab.)"
3545506,"Sandovalina",0.805639476,2016,"Longevidade",1.19,"Taxas de mortalidade 15 a 39 anos (por mil hab.)"
3545506,"Sandovalina",0.399440783,2018,"Longevidade",1.15,"Taxas de mortalidade 15 a 39 anos (por mil hab.)"
3545506,"Sandovalina",0.196889151,2020,"Longevidade",1.17,"Taxas de mortalidade 15 a 39 anos (por mil hab.)"
3545506,"Sandovalina",1.362928349,2022,"Longevidade",1.39,"Taxas de mortalidade 15 a 39 anos (por mil hab.)"
3545506,"Sandovalina",1.119507417,2024,"Longevidade",1.28,"Taxas de mortalidade 15 a 39 anos (por mil hab.)"
3545605,"Santa Adélia",1.977066034,2014,"Longevidade",1.32,"Taxas de mortalidade 15 a 39 anos (por mil hab.)"
3545605,"Santa Adélia",1.135331517,2016,"Longevidade",1.19,"Taxas de mortalidade 15 a 39 anos (por mil hab.)"
3545605,"Santa Adélia",1.031636864,2018,"Longevidade",1.15,"Taxas de mortalidade 15 a 39 anos (por mil hab.)"
3545605,"Santa Adélia",1.225061253,2020,"Longevidade",1.17,"Taxas de mortalidade 15 a 39 anos (por mil hab.)"
3545605,"Santa Adélia",1.192819228,2022,"Longevidade",1.39,"Taxas de mortalidade 15 a 39 anos (por mil hab.)"
3545605,"Santa Adélia",1.314515013,2024,"Longevidade",1.28,"Taxas de mortalidade 15 a 39 anos (por mil hab.)"
3545704,"Santa Albertina",1.240887234,2014,"Longevidade",1.32,"Taxas de mortalidade 15 a 39 anos (por mil hab.)"
3545704,"Santa Albertina",0.626860994,2016,"Longevidade",1.19,"Taxas de mortalidade 15 a 39 anos (por mil hab.)"
3545704,"Santa Albertina",0.946969697,2018,"Longevidade",1.15,"Taxas de mortalidade 15 a 39 anos (por mil hab.)"
3545704,"Santa Albertina",0.962927299,2020,"Longevidade",1.17,"Taxas de mortalidade 15 a 39 anos (por mil hab.)"
3545704,"Santa Albertina",1.3136289,2022,"Longevidade",1.39,"Taxas de mortalidade 15 a 39 anos (por mil hab.)"
3545704,"Santa Albertina",2.352150538,2024,"Longevidade",1.28,"Taxas de mortalidade 15 a 39 anos (por mil hab.)"
3545803,"Santa Bárbara d'Oeste",1.117586711,2014,"Longevidade",1.32,"Taxas de mortalidade 15 a 39 anos (por mil hab.)"
3545803,"Santa Bárbara d'Oeste",1.026858347,2016,"Longevidade",1.19,"Taxas de mortalidade 15 a 39 anos (por mil hab.)"
3545803,"Santa Bárbara d'Oeste",0.988359817,2018,"Longevidade",1.15,"Taxas de mortalidade 15 a 39 anos (por mil hab.)"
3545803,"Santa Bárbara d'Oeste",0.968912155,2020,"Longevidade",1.17,"Taxas de mortalidade 15 a 39 anos (por mil hab.)"
3545803,"Santa Bárbara d'Oeste",1.21866542,2022,"Longevidade",1.39,"Taxas de mortalidade 15 a 39 anos (por mil hab.)"
3545803,"Santa Bárbara d'Oeste",1.223958735,2024,"Longevidade",1.28,"Taxas de mortalidade 15 a 39 anos (por mil hab.)"
3546009,"Santa Branca",1.403894281,2014,"Longevidade",1.32,"Taxas de mortalidade 15 a 39 anos (por mil hab.)"
3546009,"Santa Branca",1.291989664,2016,"Longevidade",1.19,"Taxas de mortalidade 15 a 39 anos (por mil hab.)"
3546009,"Santa Branca",1.05211041,2018,"Longevidade",1.15,"Taxas de mortalidade 15 a 39 anos (por mil hab.)"
3546009,"Santa Branca",1.875820672,2020,"Longevidade",1.17,"Taxas de mortalidade 15 a 39 anos (por mil hab.)"
3546009,"Santa Branca",1.898974554,2022,"Longevidade",1.39,"Taxas de mortalidade 15 a 39 anos (por mil hab.)"
3546009,"Santa Branca",1.448645516,2024,"Longevidade",1.28,"Taxas de mortalidade 15 a 39 anos (por mil hab.)"
3546108,"Santa Clara d'Oeste",1.685630004,2014,"Longevidade",1.32,"Taxas de mortalidade 15 a 39 anos (por mil hab.)"
3546108,"Santa Clara d'Oeste",0.439753738,2018,"Longevidade",1.15,"Taxas de mortalidade 15 a 39 anos (por mil hab.)"
3546108,"Santa Clara d'Oeste",1.81900864,2020,"Longevidade",1.17,"Taxas de mortalidade 15 a 39 anos (por mil hab.)"
3546108,"Santa Clara d'Oeste",0.470145745,2022,"Longevidade",1.39,"Taxas de mortalidade 15 a 39 anos (por mil hab.)"
3546108,"Santa Clara d'Oeste",1.594896332,2024,"Longevidade",1.28,"Taxas de mortalidade 15 a 39 anos (por mil hab.)"
3546207,"Santa Cruz da Conceição",1.443894389,2014,"Longevidade",1.32,"Taxas de mortalidade 15 a 39 anos (por mil hab.)"
3546207,"Santa Cruz da Conceição",1.001001001,2016,"Longevidade",1.19,"Taxas de mortalidade 15 a 39 anos (por mil hab.)"
3546207,"Santa Cruz da Conceição",1.192605844,2018,"Longevidade",1.15,"Taxas de mortalidade 15 a 39 anos (por mil hab.)"
3546207,"Santa Cruz da Conceição",0.787091696,2020,"Longevidade",1.17,"Taxas de mortalidade 15 a 39 anos (por mil hab.)"
3546207,"Santa Cruz da Conceição",0.591715976,2022,"Longevidade",1.39,"Taxas de mortalidade 15 a 39 anos (por mil hab.)"
3546207,"Santa Cruz da Conceição",0.538938292,2024,"Longevidade",1.28,"Taxas de mortalidade 15 a 39 anos (por mil hab.)"
3546256,"Santa Cruz da Esperança",1.251564456,2014,"Longevidade",1.32,"Taxas de mortalidade 15 a 39 anos (por mil hab.)"
3546256,"Santa Cruz da Esperança",0.809061489,2016,"Longevidade",1.19,"Taxas de mortalidade 15 a 39 anos (por mil hab.)"
3546256,"Santa Cruz da Esperança",0.810044552,2018,"Longevidade",1.15,"Taxas de mortalidade 15 a 39 anos (por mil hab.)"
3546256,"Santa Cruz da Esperança",0.404530744,2020,"Longevidade",1.17,"Taxas de mortalidade 15 a 39 anos (por mil hab.)"
3546256,"Santa Cruz da Esperança",3.244120032,2022,"Longevidade",1.39,"Taxas de mortalidade 15 a 39 anos (por mil hab.)"
3546256,"Santa Cruz da Esperança",1.912960306,2024,"Longevidade",1.28,"Taxas de mortalidade 15 a 39 anos (por mil hab.)"
3546306,"Santa Cruz das Palmeiras",1.230648059,2014,"Longevidade",1.32,"Taxas de mortalidade 15 a 39 anos (por mil hab.)"
3546306,"Santa Cruz das Palmeiras",0.888056836,2016,"Longevidade",1.19,"Taxas de mortalidade 15 a 39 anos (por mil hab.)"
3546306,"Santa Cruz das Palmeiras",0.934915498,2018,"Longevidade",1.15,"Taxas de mortalidade 15 a 39 anos (por mil hab.)"
3546306,"Santa Cruz das Palmeiras",1.100583788,2020,"Longevidade",1.17,"Taxas de mortalidade 15 a 39 anos (por mil hab.)"
3546306,"Santa Cruz das Palmeiras",1.18023942,2022,"Longevidade",1.39,"Taxas de mortalidade 15 a 39 anos (por mil hab.)"
3546306,"Santa Cruz das Palmeiras",1.483445381,2024,"Longevidade",1.28,"Taxas de mortalidade 15 a 39 anos (por mil hab.)"
3546405,"Santa Cruz do Rio Pardo",1.200363981,2014,"Longevidade",1.32,"Taxas de mortalidade 15 a 39 anos (por mil hab.)"
3546405,"Santa Cruz do Rio Pardo",1.524625598,2016,"Longevidade",1.19,"Taxas de mortalidade 15 a 39 anos (por mil hab.)"
3546405,"Santa Cruz do Rio Pardo",1.334648639,2018,"Longevidade",1.15,"Taxas de mortalidade 15 a 39 anos (por mil hab.)"
3546405,"Santa Cruz do Rio Pardo",1.204561792,2020,"Longevidade",1.17,"Taxas de mortalidade 15 a 39 anos (por mil hab.)"
3546405,"Santa Cruz do Rio Pardo",1.453288556,2022,"Longevidade",1.39,"Taxas de mortalidade 15 a 39 anos (por mil hab.)"
3546405,"Santa Cruz do Rio Pardo",1.19187062,2024,"Longevidade",1.28,"Taxas de mortalidade 15 a 39 anos (por mil hab.)"
3546504,"Santa Ernestina",1.074835416,2014,"Longevidade",1.32,"Taxas de mortalidade 15 a 39 anos (por mil hab.)"
3546504,"Santa Ernestina",1.508916324,2016,"Longevidade",1.19,"Taxas de mortalidade 15 a 39 anos (por mil hab.)"
3546504,"Santa Ernestina",1.258917331,2018,"Longevidade",1.15,"Taxas de mortalidade 15 a 39 anos (por mil hab.)"
3546504,"Santa Ernestina",1.587301587,2020,"Longevidade",1.17,"Taxas de mortalidade 15 a 39 anos (por mil hab.)"
3546504,"Santa Ernestina",1.940588147,2022,"Longevidade",1.39,"Taxas de mortalidade 15 a 39 anos (por mil hab.)"
3546504,"Santa Ernestina",2.097315436,2024,"Longevidade",1.28,"Taxas de mortalidade 15 a 39 anos (por mil hab.)"
3546603,"Santa Fé do Sul",1.387925052,2014,"Longevidade",1.32,"Taxas de mortalidade 15 a 39 anos (por mil hab.)"
3546603,"Santa Fé do Sul",1.208772233,2016,"Longevidade",1.19,"Taxas de mortalidade 15 a 39 anos (por mil hab.)"
3546603,"Santa Fé do Sul",1.185313674,2018,"Longevidade",1.15,"Taxas de mortalidade 15 a 39 anos (por mil hab.)"
3546603,"Santa Fé do Sul",1.255217912,2020,"Longevidade",1.17,"Taxas de mortalidade 15 a 39 anos (por mil hab.)"
3546603,"Santa Fé do Sul",1.68979011,2022,"Longevidade",1.39,"Taxas de mortalidade 15 a 39 anos (por mil hab.)"
3546603,"Santa Fé do Sul",1.306298631,2024,"Longevidade",1.28,"Taxas de mortalidade 15 a 39 anos (por mil hab.)"
3546702,"Santa Gertrudes",1.346864624,2014,"Longevidade",1.32,"Taxas de mortalidade 15 a 39 anos (por mil hab.)"
3546702,"Santa Gertrudes",0.874099527,2016,"Longevidade",1.19,"Taxas de mortalidade 15 a 39 anos (por mil hab.)"
3546702,"Santa Gertrudes",0.959318884,2018,"Longevidade",1.15,"Taxas de mortalidade 15 a 39 anos (por mil hab.)"
3546702,"Santa Gertrudes",0.860100246,2020,"Longevidade",1.17,"Taxas de mortalidade 15 a 39 anos (por mil hab.)"
3546702,"Santa Gertrudes",0.976042591,2022,"Longevidade",1.39,"Taxas de mortalidade 15 a 39 anos (por mil hab.)"
3546702,"Santa Gertrudes",1.38011938,2024,"Longevidade",1.28,"Taxas de mortalidade 15 a 39 anos (por mil hab.)"
3546801,"Santa Isabel",1.601816429,2014,"Longevidade",1.32,"Taxas de mortalidade 15 a 39 anos (por mil hab.)"
3546801,"Santa Isabel",1.230239282,2016,"Longevidade",1.19,"Taxas de mortalidade 15 a 39 anos (por mil hab.)"
3546801,"Santa Isabel",1.12399341,2018,"Longevidade",1.15,"Taxas de mortalidade 15 a 39 anos (por mil hab.)"
3546801,"Santa Isabel",1.019131885,2020,"Longevidade",1.17,"Taxas de mortalidade 15 a 39 anos (por mil hab.)"
3546801,"Santa Isabel",1.513803705,2022,"Longevidade",1.39,"Taxas de mortalidade 15 a 39 anos (por mil hab.)"
3546801,"Santa Isabel",1.351232781,2024,"Longevidade",1.28,"Taxas de mortalidade 15 a 39 anos (por mil hab.)"
3546900,"Santa Lúcia",1.380452789,2014,"Longevidade",1.32,"Taxas de mortalidade 15 a 39 anos (por mil hab.)"
3546900,"Santa Lúcia",1.123911211,2016,"Longevidade",1.19,"Taxas de mortalidade 15 a 39 anos (por mil hab.)"
3546900,"Santa Lúcia",1.13960114,2018,"Longevidade",1.15,"Taxas de mortalidade 15 a 39 anos (por mil hab.)"
3546900,"Santa Lúcia",1.369728989,2020,"Longevidade",1.17,"Taxas de mortalidade 15 a 39 anos (por mil hab.)"
3546900,"Santa Lúcia",1.204819277,2022,"Longevidade",1.39,"Taxas de mortalidade 15 a 39 anos (por mil hab.)"
3546900,"Santa Lúcia",1.052770101,2024,"Longevidade",1.28,"Taxas de mortalidade 15 a 39 anos (por mil hab.)"
3547007,"Santa Maria da Serra",1.10834026,2014,"Longevidade",1.32,"Taxas de mortalidade 15 a 39 anos (por mil hab.)"
3547007,"Santa Maria da Serra",1.2038523270000001,2016,"Longevidade",1.19,"Taxas de mortalidade 15 a 39 anos (por mil hab.)"
3547007,"Santa Maria da Serra",0.662427133,2018,"Longevidade",1.15,"Taxas de mortalidade 15 a 39 anos (por mil hab.)"
3547007,"Santa Maria da Serra",1.170960187,2020,"Longevidade",1.17,"Taxas de mortalidade 15 a 39 anos (por mil hab.)"
3547007,"Santa Maria da Serra",1.42118863,2022,"Longevidade",1.39,"Taxas de mortalidade 15 a 39 anos (por mil hab.)"
3547007,"Santa Maria da Serra",1.583949314,2024,"Longevidade",1.28,"Taxas de mortalidade 15 a 39 anos (por mil hab.)"
3547106,"Santa Mercedes",0.927643785,2014,"Longevidade",1.32,"Taxas de mortalidade 15 a 39 anos (por mil hab.)"
3547106,"Santa Mercedes",1.543209877,2016,"Longevidade",1.19,"Taxas de mortalidade 15 a 39 anos (por mil hab.)"
3547106,"Santa Mercedes",0.924214418,2018,"Longevidade",1.15,"Taxas de mortalidade 15 a 39 anos (por mil hab.)"
3547106,"Santa Mercedes",1.538935057,2020,"Longevidade",1.17,"Taxas de mortalidade 15 a 39 anos (por mil hab.)"
3547106,"Santa Mercedes",1.239157373,2022,"Longevidade",1.39,"Taxas de mortalidade 15 a 39 anos (por mil hab.)"
3547106,"Santa Mercedes",0.341880342,2024,"Longevidade",1.28,"Taxas de mortalidade 15 a 39 anos (por mil hab.)"
3547205,"Santana da Ponte Pensa",1.333333333,2014,"Longevidade",1.32,"Taxas de mortalidade 15 a 39 anos (por mil hab.)"
3547205,"Santana da Ponte Pensa",1.400560224,2016,"Longevidade",1.19,"Taxas de mortalidade 15 a 39 anos (por mil hab.)"
3547205,"Santana da Ponte Pensa",2.132196162,2018,"Longevidade",1.15,"Taxas de mortalidade 15 a 39 anos (por mil hab.)"
3547205,"Santana da Ponte Pensa",1.465201465,2020,"Longevidade",1.17,"Taxas de mortalidade 15 a 39 anos (por mil hab.)"
3547205,"Santana da Ponte Pensa",1.508295626,2022,"Longevidade",1.39,"Taxas de mortalidade 15 a 39 anos (por mil hab.)"
3547205,"Santana da Ponte Pensa",0.793650794,2024,"Longevidade",1.28,"Taxas de mortalidade 15 a 39 anos (por mil hab.)"
3547304,"Santana de Parnaíba",1.206335544,2014,"Longevidade",1.32,"Taxas de mortalidade 15 a 39 anos (por mil hab.)"
3547304,"Santana de Parnaíba",0.983767831,2016,"Longevidade",1.19,"Taxas de mortalidade 15 a 39 anos (por mil hab.)"
3547304,"Santana de Parnaíba",0.963183651,2018,"Longevidade",1.15,"Taxas de mortalidade 15 a 39 anos (por mil hab.)"
3547304,"Santana de Parnaíba",0.853896557,2020,"Longevidade",1.17,"Taxas de mortalidade 15 a 39 anos (por mil hab.)"
3547304,"Santana de Parnaíba",1.097988349,2022,"Longevidade",1.39,"Taxas de mortalidade 15 a 39 anos (por mil hab.)"
3547304,"Santana de Parnaíba",1.156271899,2024,"Longevidade",1.28,"Taxas de mortalidade 15 a 39 anos (por mil hab.)"
3547403,"Santa Rita d'Oeste",0.401123145,2014,"Longevidade",1.32,"Taxas de mortalidade 15 a 39 anos (por mil hab.)"
3547403,"Santa Rita d'Oeste",0.419287212,2018,"Longevidade",1.15,"Taxas de mortalidade 15 a 39 anos (por mil hab.)"
3547403,"Santa Rita d'Oeste",1.280409731,2020,"Longevidade",1.17,"Taxas de mortalidade 15 a 39 anos (por mil hab.)"
3547403,"Santa Rita d'Oeste",3.08234258,2022,"Longevidade",1.39,"Taxas de mortalidade 15 a 39 anos (por mil hab.)"
3547403,"Santa Rita d'Oeste",1.257861635,2024,"Longevidade",1.28,"Taxas de mortalidade 15 a 39 anos (por mil hab.)"
3547502,"Santa Rita do Passa Quatro",1.631774468,2014,"Longevidade",1.32,"Taxas de mortalidade 15 a 39 anos (por mil hab.)"
3547502,"Santa Rita do Passa Quatro",0.92178969,2016,"Longevidade",1.19,"Taxas de mortalidade 15 a 39 anos (por mil hab.)"
3547502,"Santa Rita do Passa Quatro",0.933304616,2018,"Longevidade",1.15,"Taxas de mortalidade 15 a 39 anos (por mil hab.)"
3547502,"Santa Rita do Passa Quatro",0.91817247,2020,"Longevidade",1.17,"Taxas de mortalidade 15 a 39 anos (por mil hab.)"
3547502,"Santa Rita do Passa Quatro",0.904363554,2022,"Longevidade",1.39,"Taxas de mortalidade 15 a 39 anos (por mil hab.)"
3547502,"Santa Rita do Passa Quatro",1.174026912,2024,"Longevidade",1.28,"Taxas de mortalidade 15 a 39 anos (por mil hab.)"
3547601,"Santa Rosa de Viterbo",1.110213969,2014,"Longevidade",1.32,"Taxas de mortalidade 15 a 39 anos (por mil hab.)"
3547601,"Santa Rosa de Viterbo",0.69582505,2016,"Longevidade",1.19,"Taxas de mortalidade 15 a 39 anos (por mil hab.)"
3547601,"Santa Rosa de Viterbo",0.764221159,2018,"Longevidade",1.15,"Taxas de mortalidade 15 a 39 anos (por mil hab.)"
3547601,"Santa Rosa de Viterbo",1.002204851,2020,"Longevidade",1.17,"Taxas de mortalidade 15 a 39 anos (por mil hab.)"
3547601,"Santa Rosa de Viterbo",0.877814916,2022,"Longevidade",1.39,"Taxas de mortalidade 15 a 39 anos (por mil hab.)"
3547601,"Santa Rosa de Viterbo",1.113538053,2024,"Longevidade",1.28,"Taxas de mortalidade 15 a 39 anos (por mil hab.)"
3547650,"Santa Salete",1.309757695,2014,"Longevidade",1.32,"Taxas de mortalidade 15 a 39 anos (por mil hab.)"
3547650,"Santa Salete",2.032520325,2020,"Longevidade",1.17,"Taxas de mortalidade 15 a 39 anos (por mil hab.)"
3547650,"Santa Salete",3.429355281,2022,"Longevidade",1.39,"Taxas de mortalidade 15 a 39 anos (por mil hab.)"
3547650,"Santa Salete",4.933051445,2024,"Longevidade",1.28,"Taxas de mortalidade 15 a 39 anos (por mil hab.)"
3547700,"Santo Anastácio",0.968224628,2014,"Longevidade",1.32,"Taxas de mortalidade 15 a 39 anos (por mil hab.)"
3547700,"Santo Anastácio",0.900292595,2016,"Longevidade",1.19,"Taxas de mortalidade 15 a 39 anos (por mil hab.)"
3547700,"Santo Anastácio",1.137967136,2018,"Longevidade",1.15,"Taxas de mortalidade 15 a 39 anos (por mil hab.)"
3547700,"Santo Anastácio",1.256632226,2020,"Longevidade",1.17,"Taxas de mortalidade 15 a 39 anos (por mil hab.)"
3547700,"Santo Anastácio",1.334286395,2022,"Longevidade",1.39,"Taxas de mortalidade 15 a 39 anos (por mil hab.)"
3547700,"Santo Anastácio",1.551775589,2024,"Longevidade",1.28,"Taxas de mortalidade 15 a 39 anos (por mil hab.)"
3547809,"Santo André",1.326340787,2014,"Longevidade",1.32,"Taxas de mortalidade 15 a 39 anos (por mil hab.)"
3547809,"Santo André",1.350081303,2016,"Longevidade",1.19,"Taxas de mortalidade 15 a 39 anos (por mil hab.)"
3547809,"Santo André",1.269089749,2018,"Longevidade",1.15,"Taxas de mortalidade 15 a 39 anos (por mil hab.)"
3547809,"Santo André",1.223908468,2020,"Longevidade",1.17,"Taxas de mortalidade 15 a 39 anos (por mil hab.)"
3547809,"Santo André",1.481047732,2022,"Longevidade",1.39,"Taxas de mortalidade 15 a 39 anos (por mil hab.)"
3547809,"Santo André",1.206449983,2024,"Longevidade",1.28,"Taxas de mortalidade 15 a 39 anos (por mil hab.)"
3547908,"Santo Antônio da Alegria",0.909327098,2014,"Longevidade",1.32,"Taxas de mortalidade 15 a 39 anos (por mil hab.)"
3547908,"Santo Antônio da Alegria",1.019757808,2016,"Longevidade",1.19,"Taxas de mortalidade 15 a 39 anos (por mil hab.)"
3547908,"Santo Antônio da Alegria",1.404315077,2018,"Longevidade",1.15,"Taxas de mortalidade 15 a 39 anos (por mil hab.)"
3547908,"Santo Antônio da Alegria",2.302379125,2020,"Longevidade",1.17,"Taxas de mortalidade 15 a 39 anos (por mil hab.)"
3547908,"Santo Antônio da Alegria",1.28998968,2022,"Longevidade",1.39,"Taxas de mortalidade 15 a 39 anos (por mil hab.)"
3547908,"Santo Antônio da Alegria",0.441111601,2024,"Longevidade",1.28,"Taxas de mortalidade 15 a 39 anos (por mil hab.)"
3548005,"Santo Antônio de Posse",1.278959293,2014,"Longevidade",1.32,"Taxas de mortalidade 15 a 39 anos (por mil hab.)"
3548005,"Santo Antônio de Posse",1.315976668,2016,"Longevidade",1.19,"Taxas de mortalidade 15 a 39 anos (por mil hab.)"
3548005,"Santo Antônio de Posse",1.064962726,2018,"Longevidade",1.15,"Taxas de mortalidade 15 a 39 anos (por mil hab.)"
3548005,"Santo Antônio de Posse",1.345513774,2020,"Longevidade",1.17,"Taxas de mortalidade 15 a 39 anos (por mil hab.)"
3548005,"Santo Antônio de Posse",1.386518771,2022,"Longevidade",1.39,"Taxas de mortalidade 15 a 39 anos (por mil hab.)"
3548005,"Santo Antônio de Posse",1.006261181,2024,"Longevidade",1.28,"Taxas de mortalidade 15 a 39 anos (por mil hab.)"
3548054,"Santo Antônio do Aracanguá",1.233045623,2014,"Longevidade",1.32,"Taxas de mortalidade 15 a 39 anos (por mil hab.)"
3548054,"Santo Antônio do Aracanguá",1.333333333,2016,"Longevidade",1.19,"Taxas de mortalidade 15 a 39 anos (por mil hab.)"
3548054,"Santo Antônio do Aracanguá",1.238390093,2018,"Longevidade",1.15,"Taxas de mortalidade 15 a 39 anos (por mil hab.)"
3548054,"Santo Antônio do Aracanguá",1.145833333,2020,"Longevidade",1.17,"Taxas de mortalidade 15 a 39 anos (por mil hab.)"
3548054,"Santo Antônio do Aracanguá",1.376098232,2022,"Longevidade",1.39,"Taxas de mortalidade 15 a 39 anos (por mil hab.)"
3548054,"Santo Antônio do Aracanguá",0.77309625,2024,"Longevidade",1.28,"Taxas de mortalidade 15 a 39 anos (por mil hab.)"
3548104,"Santo Antônio do Jardim",1.314060447,2014,"Longevidade",1.32,"Taxas de mortalidade 15 a 39 anos (por mil hab.)"
3548104,"Santo Antônio do Jardim",1.057721366,2016,"Longevidade",1.19,"Taxas de mortalidade 15 a 39 anos (por mil hab.)"
3548104,"Santo Antônio do Jardim",1.068865476,2018,"Longevidade",1.15,"Taxas de mortalidade 15 a 39 anos (por mil hab.)"
3548104,"Santo Antônio do Jardim",1.093920925,2020,"Longevidade",1.17,"Taxas de mortalidade 15 a 39 anos (por mil hab.)"
3548104,"Santo Antônio do Jardim",2.088353414,2022,"Longevidade",1.39,"Taxas de mortalidade 15 a 39 anos (por mil hab.)"
3548104,"Santo Antônio do Jardim",1.645278052,2024,"Longevidade",1.28,"Taxas de mortalidade 15 a 39 anos (por mil hab.)"
3548203,"Santo Antônio do Pinhal",1.162790698,2014,"Longevidade",1.32,"Taxas de mortalidade 15 a 39 anos (por mil hab.)"
3548203,"Santo Antônio do Pinhal",1.02960103,2016,"Longevidade",1.19,"Taxas de mortalidade 15 a 39 anos (por mil hab.)"
3548203,"Santo Antônio do Pinhal",0.517799353,2018,"Longevidade",1.15,"Taxas de mortalidade 15 a 39 anos (por mil hab.)"
3548203,"Santo Antônio do Pinhal",0.521648409,2020,"Longevidade",1.17,"Taxas de mortalidade 15 a 39 anos (por mil hab.)"
3548203,"Santo Antônio do Pinhal",1.588562351,2022,"Longevidade",1.39,"Taxas de mortalidade 15 a 39 anos (por mil hab.)"
3548203,"Santo Antônio do Pinhal",1.388310426,2024,"Longevidade",1.28,"Taxas de mortalidade 15 a 39 anos (por mil hab.)"
3548302,"Santo Expedito",1.58579131,2014,"Longevidade",1.32,"Taxas de mortalidade 15 a 39 anos (por mil hab.)"
3548302,"Santo Expedito",1.547508511,2016,"Longevidade",1.19,"Taxas de mortalidade 15 a 39 anos (por mil hab.)"
3548302,"Santo Expedito",1.235712079,2018,"Longevidade",1.15,"Taxas de mortalidade 15 a 39 anos (por mil hab.)"
3548302,"Santo Expedito",0.613308801,2020,"Longevidade",1.17,"Taxas de mortalidade 15 a 39 anos (por mil hab.)"
3548302,"Santo Expedito",1.841620626,2022,"Longevidade",1.39,"Taxas de mortalidade 15 a 39 anos (por mil hab.)"
3548302,"Santo Expedito",0.718390805,2024,"Longevidade",1.28,"Taxas de mortalidade 15 a 39 anos (por mil hab.)"
3548401,"Santópolis do Aguapeí",1.221001221,2014,"Longevidade",1.32,"Taxas de mortalidade 15 a 39 anos (por mil hab.)"
3548401,"Santópolis do Aguapeí",1.372448104,2016,"Longevidade",1.19,"Taxas de mortalidade 15 a 39 anos (por mil hab.)"
3548401,"Santópolis do Aguapeí",1.033057851,2018,"Longevidade",1.15,"Taxas de mortalidade 15 a 39 anos (por mil hab.)"
3548401,"Santópolis do Aguapeí",0.520562207,2020,"Longevidade",1.17,"Taxas de mortalidade 15 a 39 anos (por mil hab.)"
3548401,"Santópolis do Aguapeí",1.58061117,2022,"Longevidade",1.39,"Taxas de mortalidade 15 a 39 anos (por mil hab.)"
3548401,"Santópolis do Aguapeí",2.655080859,2024,"Longevidade",1.28,"Taxas de mortalidade 15 a 39 anos (por mil hab.)"
3548500,"Santos",1.194883804,2014,"Longevidade",1.32,"Taxas de mortalidade 15 a 39 anos (por mil hab.)"
3548500,"Santos",1.07593025,2016,"Longevidade",1.19,"Taxas de mortalidade 15 a 39 anos (por mil hab.)"
3548500,"Santos",1.07762691,2018,"Longevidade",1.15,"Taxas de mortalidade 15 a 39 anos (por mil hab.)"
3548500,"Santos",1.10382003,2020,"Longevidade",1.17,"Taxas de mortalidade 15 a 39 anos (por mil hab.)"
3548500,"Santos",1.186796202,2022,"Longevidade",1.39,"Taxas de mortalidade 15 a 39 anos (por mil hab.)"
3548500,"Santos",1.198456697,2024,"Longevidade",1.28,"Taxas de mortalidade 15 a 39 anos (por mil hab.)"
3548609,"São Bento do Sapucaí",1.114827202,2014,"Longevidade",1.32,"Taxas de mortalidade 15 a 39 anos (por mil hab.)"
3548609,"São Bento do Sapucaí",1.205545509,2016,"Longevidade",1.19,"Taxas de mortalidade 15 a 39 anos (por mil hab.)"
3548609,"São Bento do Sapucaí",1.301744337,2018,"Longevidade",1.15,"Taxas de mortalidade 15 a 39 anos (por mil hab.)"
3548609,"São Bento do Sapucaí",1.576872536,2020,"Longevidade",1.17,"Taxas de mortalidade 15 a 39 anos (por mil hab.)"
3548609,"São Bento do Sapucaí",2.040092248,2022,"Longevidade",1.39,"Taxas de mortalidade 15 a 39 anos (por mil hab.)"
3548609,"São Bento do Sapucaí",1.254143151,2024,"Longevidade",1.28,"Taxas de mortalidade 15 a 39 anos (por mil hab.)"
3548708,"São Bernardo do Campo",1.082162671,2014,"Longevidade",1.32,"Taxas de mortalidade 15 a 39 anos (por mil hab.)"
3548708,"São Bernardo do Campo",1.013743332,2016,"Longevidade",1.19,"Taxas de mortalidade 15 a 39 anos (por mil hab.)"
3548708,"São Bernardo do Campo",0.977559532,2018,"Longevidade",1.15,"Taxas de mortalidade 15 a 39 anos (por mil hab.)"
3548708,"São Bernardo do Campo",0.98466955,2020,"Longevidade",1.17,"Taxas de mortalidade 15 a 39 anos (por mil hab.)"
3548708,"São Bernardo do Campo",1.222367047,2022,"Longevidade",1.39,"Taxas de mortalidade 15 a 39 anos (por mil hab.)"
3548708,"São Bernardo do Campo",1.09116763,2024,"Longevidade",1.28,"Taxas de mortalidade 15 a 39 anos (por mil hab.)"
3548807,"São Caetano do Sul",0.827145063,2014,"Longevidade",1.32,"Taxas de mortalidade 15 a 39 anos (por mil hab.)"
3548807,"São Caetano do Sul",0.799435988,2016,"Longevidade",1.19,"Taxas de mortalidade 15 a 39 anos (por mil hab.)"
3548807,"São Caetano do Sul",0.766415666,2018,"Longevidade",1.15,"Taxas de mortalidade 15 a 39 anos (por mil hab.)"
3548807,"São Caetano do Sul",0.664377524,2020,"Longevidade",1.17,"Taxas de mortalidade 15 a 39 anos (por mil hab.)"
3548807,"São Caetano do Sul",0.98893754,2022,"Longevidade",1.39,"Taxas de mortalidade 15 a 39 anos (por mil hab.)"
3548807,"São Caetano do Sul",0.769332803,2024,"Longevidade",1.28,"Taxas de mortalidade 15 a 39 anos (por mil hab.)"
3548906,"São Carlos",1.315146336,2014,"Longevidade",1.32,"Taxas de mortalidade 15 a 39 anos (por mil hab.)"
3548906,"São Carlos",1.124062263,2016,"Longevidade",1.19,"Taxas de mortalidade 15 a 39 anos (por mil hab.)"
3548906,"São Carlos",1.111730688,2018,"Longevidade",1.15,"Taxas de mortalidade 15 a 39 anos (por mil hab.)"
3548906,"São Carlos",1.026763112,2020,"Longevidade",1.17,"Taxas de mortalidade 15 a 39 anos (por mil hab.)"
3548906,"São Carlos",1.285610881,2022,"Longevidade",1.39,"Taxas de mortalidade 15 a 39 anos (por mil hab.)"
3548906,"São Carlos",1.257064385,2024,"Longevidade",1.28,"Taxas de mortalidade 15 a 39 anos (por mil hab.)"
3549003,"São Francisco",0.694444444,2014,"Longevidade",1.32,"Taxas de mortalidade 15 a 39 anos (por mil hab.)"
3549003,"São Francisco",1.421464108,2016,"Longevidade",1.19,"Taxas de mortalidade 15 a 39 anos (por mil hab.)"
3549003,"São Francisco",1.427551749,2018,"Longevidade",1.15,"Taxas de mortalidade 15 a 39 anos (por mil hab.)"
3549003,"São Francisco",0.740740741,2022,"Longevidade",1.39,"Taxas de mortalidade 15 a 39 anos (por mil hab.)"
3549003,"São Francisco",0.893655049,2024,"Longevidade",1.28,"Taxas de mortalidade 15 a 39 anos (por mil hab.)"
3549102,"São João da Boa Vista",1.266853678,2014,"Longevidade",1.32,"Taxas de mortalidade 15 a 39 anos (por mil hab.)"
3549102,"São João da Boa Vista",1.149390521,2016,"Longevidade",1.19,"Taxas de mortalidade 15 a 39 anos (por mil hab.)"
3549102,"São João da Boa Vista",1.00465796,2018,"Longevidade",1.15,"Taxas de mortalidade 15 a 39 anos (por mil hab.)"
3549102,"São João da Boa Vista",1.059311139,2020,"Longevidade",1.17,"Taxas de mortalidade 15 a 39 anos (por mil hab.)"
3549102,"São João da Boa Vista",1.290769425,2022,"Longevidade",1.39,"Taxas de mortalidade 15 a 39 anos (por mil hab.)"
3549102,"São João da Boa Vista",1.119808999,2024,"Longevidade",1.28,"Taxas de mortalidade 15 a 39 anos (por mil hab.)"
3549201,"São João das Duas Pontes",2.433090024,2014,"Longevidade",1.32,"Taxas de mortalidade 15 a 39 anos (por mil hab.)"
3549201,"São João das Duas Pontes",1.784439686,2016,"Longevidade",1.19,"Taxas de mortalidade 15 a 39 anos (por mil hab.)"
3549201,"São João das Duas Pontes",1.095290252,2018,"Longevidade",1.15,"Taxas de mortalidade 15 a 39 anos (por mil hab.)"
3549201,"São João das Duas Pontes",1.123595506,2020,"Longevidade",1.17,"Taxas de mortalidade 15 a 39 anos (por mil hab.)"
3549201,"São João das Duas Pontes",1.162790698,2022,"Longevidade",1.39,"Taxas de mortalidade 15 a 39 anos (por mil hab.)"
3549201,"São João das Duas Pontes",2.044989775,2024,"Longevidade",1.28,"Taxas de mortalidade 15 a 39 anos (por mil hab.)"
3549250,"São João de Iracema",1.44092219,2014,"Longevidade",1.32,"Taxas de mortalidade 15 a 39 anos (por mil hab.)"
3549250,"São João de Iracema",0.981836033,2020,"Longevidade",1.17,"Taxas de mortalidade 15 a 39 anos (por mil hab.)"
3549250,"São João de Iracema",2.483854943,2022,"Longevidade",1.39,"Taxas de mortalidade 15 a 39 anos (por mil hab.)"
3549250,"São João de Iracema",1.109262341,2024,"Longevidade",1.28,"Taxas de mortalidade 15 a 39 anos (por mil hab.)"
3549300,"São João do Pau d'Alho",2.360717658,2014,"Longevidade",1.32,"Taxas de mortalidade 15 a 39 anos (por mil hab.)"
3549300,"São João do Pau d'Alho",2.88184438,2016,"Longevidade",1.19,"Taxas de mortalidade 15 a 39 anos (por mil hab.)"
3549300,"São João do Pau d'Alho",2.436647173,2018,"Longevidade",1.15,"Taxas de mortalidade 15 a 39 anos (por mil hab.)"
3549300,"São João do Pau d'Alho",1.008572869,2020,"Longevidade",1.17,"Taxas de mortalidade 15 a 39 anos (por mil hab.)"
3549300,"São João do Pau d'Alho",0.515995872,2022,"Longevidade",1.39,"Taxas de mortalidade 15 a 39 anos (por mil hab.)"
3549300,"São João do Pau d'Alho",2.086593636,2024,"Longevidade",1.28,"Taxas de mortalidade 15 a 39 anos (por mil hab.)"
3549409,"São Joaquim da Barra",1.09102506,2014,"Longevidade",1.32,"Taxas de mortalidade 15 a 39 anos (por mil hab.)"
3549409,"São Joaquim da Barra",0.73613063,2016,"Longevidade",1.19,"Taxas de mortalidade 15 a 39 anos (por mil hab.)"
3549409,"São Joaquim da Barra",0.655506253,2018,"Longevidade",1.15,"Taxas de mortalidade 15 a 39 anos (por mil hab.)"
3549409,"São Joaquim da Barra",0.93275672,2020,"Longevidade",1.17,"Taxas de mortalidade 15 a 39 anos (por mil hab.)"
3549409,"São Joaquim da Barra",1.241978886,2022,"Longevidade",1.39,"Taxas de mortalidade 15 a 39 anos (por mil hab.)"
3549409,"São Joaquim da Barra",1.138051424,2024,"Longevidade",1.28,"Taxas de mortalidade 15 a 39 anos (por mil hab.)"
3549508,"São José da Bela Vista",1.508295626,2014,"Longevidade",1.32,"Taxas de mortalidade 15 a 39 anos (por mil hab.)"
3549508,"São José da Bela Vista",1.215521272,2016,"Longevidade",1.19,"Taxas de mortalidade 15 a 39 anos (por mil hab.)"
3549508,"São José da Bela Vista",1.216203574,2018,"Longevidade",1.15,"Taxas de mortalidade 15 a 39 anos (por mil hab.)"
3549508,"São José da Bela Vista",1.311967013,2020,"Longevidade",1.17,"Taxas de mortalidade 15 a 39 anos (por mil hab.)"
3549508,"São José da Bela Vista",1.695394179,2022,"Longevidade",1.39,"Taxas de mortalidade 15 a 39 anos (por mil hab.)"
3549508,"São José da Bela Vista",1.986213343,2024,"Longevidade",1.28,"Taxas de mortalidade 15 a 39 anos (por mil hab.)"
3549607,"São José do Barreiro",0.877770463,2014,"Longevidade",1.32,"Taxas de mortalidade 15 a 39 anos (por mil hab.)"
3549607,"São José do Barreiro",1.523063534,2016,"Longevidade",1.19,"Taxas de mortalidade 15 a 39 anos (por mil hab.)"
3549607,"São José do Barreiro",1.513186338,2018,"Longevidade",1.15,"Taxas de mortalidade 15 a 39 anos (por mil hab.)"
3549607,"São José do Barreiro",1.077354019,2020,"Longevidade",1.17,"Taxas de mortalidade 15 a 39 anos (por mil hab.)"
3549607,"São José do Barreiro",0.649350649,2022,"Longevidade",1.39,"Taxas de mortalidade 15 a 39 anos (por mil hab.)"
3549607,"São José do Barreiro",0.810372771,2024,"Longevidade",1.28,"Taxas de mortalidade 15 a 39 anos (por mil hab.)"
3549706,"São José do Rio Pardo",1.286318396,2014,"Longevidade",1.32,"Taxas de mortalidade 15 a 39 anos (por mil hab.)"
3549706,"São José do Rio Pardo",0.944425447,2016,"Longevidade",1.19,"Taxas de mortalidade 15 a 39 anos (por mil hab.)"
3549706,"São José do Rio Pardo",0.985610093,2018,"Longevidade",1.15,"Taxas de mortalidade 15 a 39 anos (por mil hab.)"
3549706,"São José do Rio Pardo",1.137313932,2020,"Longevidade",1.17,"Taxas de mortalidade 15 a 39 anos (por mil hab.)"
3549706,"São José do Rio Pardo",1.182823348,2022,"Longevidade",1.39,"Taxas de mortalidade 15 a 39 anos (por mil hab.)"
3549706,"São José do Rio Pardo",1.164833486,2024,"Longevidade",1.28,"Taxas de mortalidade 15 a 39 anos (por mil hab.)"
3549805,"São José do Rio Preto",1.116424645,2014,"Longevidade",1.32,"Taxas de mortalidade 15 a 39 anos (por mil hab.)"
3549805,"São José do Rio Preto",0.947475076,2016,"Longevidade",1.19,"Taxas de mortalidade 15 a 39 anos (por mil hab.)"
3549805,"São José do Rio Preto",0.953159041,2018,"Longevidade",1.15,"Taxas de mortalidade 15 a 39 anos (por mil hab.)"
3549805,"São José do Rio Preto",1.043765275,2020,"Longevidade",1.17,"Taxas de mortalidade 15 a 39 anos (por mil hab.)"
3549805,"São José do Rio Preto",1.414239891,2022,"Longevidade",1.39,"Taxas de mortalidade 15 a 39 anos (por mil hab.)"
3549805,"São José do Rio Preto",1.138367532,2024,"Longevidade",1.28,"Taxas de mortalidade 15 a 39 anos (por mil hab.)"
3549904,"São José dos Campos",1.135907182,2014,"Longevidade",1.32,"Taxas de mortalidade 15 a 39 anos (por mil hab.)"
3549904,"São José dos Campos",1.107580379,2016,"Longevidade",1.19,"Taxas de mortalidade 15 a 39 anos (por mil hab.)"
3549904,"São José dos Campos",1.069275557,2018,"Longevidade",1.15,"Taxas de mortalidade 15 a 39 anos (por mil hab.)"
3549904,"São José dos Campos",1.036747194,2020,"Longevidade",1.17,"Taxas de mortalidade 15 a 39 anos (por mil hab.)"
3549904,"São José dos Campos",1.180056798,2022,"Longevidade",1.39,"Taxas de mortalidade 15 a 39 anos (por mil hab.)"
3549904,"São José dos Campos",1.137063533,2024,"Longevidade",1.28,"Taxas de mortalidade 15 a 39 anos (por mil hab.)"
3549953,"São Lourenço da Serra",1.689557445,2014,"Longevidade",1.32,"Taxas de mortalidade 15 a 39 anos (por mil hab.)"
3549953,"São Lourenço da Serra",1.585288523,2016,"Longevidade",1.19,"Taxas de mortalidade 15 a 39 anos (por mil hab.)"
3549953,"São Lourenço da Serra",1.841039398,2018,"Longevidade",1.15,"Taxas de mortalidade 15 a 39 anos (por mil hab.)"
3549953,"São Lourenço da Serra",1.562011871,2020,"Longevidade",1.17,"Taxas de mortalidade 15 a 39 anos (por mil hab.)"
3549953,"São Lourenço da Serra",1.348897536,2022,"Longevidade",1.39,"Taxas de mortalidade 15 a 39 anos (por mil hab.)"
3549953,"São Lourenço da Serra",1.826968411,2024,"Longevidade",1.28,"Taxas de mortalidade 15 a 39 anos (por mil hab.)"
3550001,"São Luiz do Paraitinga",1.675884029,2014,"Longevidade",1.32,"Taxas de mortalidade 15 a 39 anos (por mil hab.)"
3550001,"São Luiz do Paraitinga",1.104315324,2016,"Longevidade",1.19,"Taxas de mortalidade 15 a 39 anos (por mil hab.)"
3550001,"São Luiz do Paraitinga",1.026694045,2018,"Longevidade",1.15,"Taxas de mortalidade 15 a 39 anos (por mil hab.)"
3550001,"São Luiz do Paraitinga",1.382050618,2020,"Longevidade",1.17,"Taxas de mortalidade 15 a 39 anos (por mil hab.)"
3550001,"São Luiz do Paraitinga",2.120890774,2022,"Longevidade",1.39,"Taxas de mortalidade 15 a 39 anos (por mil hab.)"
3550001,"São Luiz do Paraitinga",1.892147588,2024,"Longevidade",1.28,"Taxas de mortalidade 15 a 39 anos (por mil hab.)"
3550100,"São Manuel",1.491753335,2014,"Longevidade",1.32,"Taxas de mortalidade 15 a 39 anos (por mil hab.)"
3550100,"São Manuel",1.105512682,2016,"Longevidade",1.19,"Taxas de mortalidade 15 a 39 anos (por mil hab.)"
3550100,"São Manuel",1.288244767,2018,"Longevidade",1.15,"Taxas de mortalidade 15 a 39 anos (por mil hab.)"
3550100,"São Manuel",1.07307886,2020,"Longevidade",1.17,"Taxas de mortalidade 15 a 39 anos (por mil hab.)"
3550100,"São Manuel",1.298410566,2022,"Longevidade",1.39,"Taxas de mortalidade 15 a 39 anos (por mil hab.)"
3550100,"São Manuel",1.303880963,2024,"Longevidade",1.28,"Taxas de mortalidade 15 a 39 anos (por mil hab.)"
3550209,"São Miguel Arcanjo",1.347429519,2014,"Longevidade",1.32,"Taxas de mortalidade 15 a 39 anos (por mil hab.)"
3550209,"São Miguel Arcanjo",1.096491228,2016,"Longevidade",1.19,"Taxas de mortalidade 15 a 39 anos (por mil hab.)"
3550209,"São Miguel Arcanjo",1.314198602,2018,"Longevidade",1.15,"Taxas de mortalidade 15 a 39 anos (por mil hab.)"
3550209,"São Miguel Arcanjo",1.279079063,2020,"Longevidade",1.17,"Taxas de mortalidade 15 a 39 anos (por mil hab.)"
3550209,"São Miguel Arcanjo",1.298385133,2022,"Longevidade",1.39,"Taxas de mortalidade 15 a 39 anos (por mil hab.)"
3550209,"São Miguel Arcanjo",1.293699097,2024,"Longevidade",1.28,"Taxas de mortalidade 15 a 39 anos (por mil hab.)"
3550308,"São Paulo",1.307565833,2014,"Longevidade",1.32,"Taxas de mortalidade 15 a 39 anos (por mil hab.)"
3550308,"São Paulo",1.181816028,2016,"Longevidade",1.19,"Taxas de mortalidade 15 a 39 anos (por mil hab.)"
3550308,"São Paulo",1.140900378,2018,"Longevidade",1.15,"Taxas de mortalidade 15 a 39 anos (por mil hab.)"
3550308,"São Paulo",1.212036932,2020,"Longevidade",1.17,"Taxas de mortalidade 15 a 39 anos (por mil hab.)"
3550308,"São Paulo",1.358093826,2022,"Longevidade",1.39,"Taxas de mortalidade 15 a 39 anos (por mil hab.)"
3550308,"São Paulo",1.230614346,2024,"Longevidade",1.28,"Taxas de mortalidade 15 a 39 anos (por mil hab.)"
3550407,"São Pedro",1.621805436,2014,"Longevidade",1.32,"Taxas de mortalidade 15 a 39 anos (por mil hab.)"
3550407,"São Pedro",1.350869144,2016,"Longevidade",1.19,"Taxas de mortalidade 15 a 39 anos (por mil hab.)"
3550407,"São Pedro",1.195928753,2018,"Longevidade",1.15,"Taxas de mortalidade 15 a 39 anos (por mil hab.)"
3550407,"São Pedro",1.115760112,2020,"Longevidade",1.17,"Taxas de mortalidade 15 a 39 anos (por mil hab.)"
3550407,"São Pedro",1.526950679,2022,"Longevidade",1.39,"Taxas de mortalidade 15 a 39 anos (por mil hab.)"
3550407,"São Pedro",1.268431901,2024,"Longevidade",1.28,"Taxas de mortalidade 15 a 39 anos (por mil hab.)"
3550506,"São Pedro do Turvo",1.67324011,2014,"Longevidade",1.32,"Taxas de mortalidade 15 a 39 anos (por mil hab.)"
3550506,"São Pedro do Turvo",1.422981145,2016,"Longevidade",1.19,"Taxas de mortalidade 15 a 39 anos (por mil hab.)"
3550506,"São Pedro do Turvo",1.307189542,2018,"Longevidade",1.15,"Taxas de mortalidade 15 a 39 anos (por mil hab.)"
3550506,"São Pedro do Turvo",1.06875668,2020,"Longevidade",1.17,"Taxas de mortalidade 15 a 39 anos (por mil hab.)"
3550506,"São Pedro do Turvo",1.67324011,2022,"Longevidade",1.39,"Taxas de mortalidade 15 a 39 anos (por mil hab.)"
3550506,"São Pedro do Turvo",1.748722088,2024,"Longevidade",1.28,"Taxas de mortalidade 15 a 39 anos (por mil hab.)"
3550605,"São Roque",1.334687942,2014,"Longevidade",1.32,"Taxas de mortalidade 15 a 39 anos (por mil hab.)"
3550605,"São Roque",1.031238751,2016,"Longevidade",1.19,"Taxas de mortalidade 15 a 39 anos (por mil hab.)"
3550605,"São Roque",0.945032248,2018,"Longevidade",1.15,"Taxas de mortalidade 15 a 39 anos (por mil hab.)"
3550605,"São Roque",0.850439883,2020,"Longevidade",1.17,"Taxas de mortalidade 15 a 39 anos (por mil hab.)"
3550605,"São Roque",1.126493345,2022,"Longevidade",1.39,"Taxas de mortalidade 15 a 39 anos (por mil hab.)"
3550605,"São Roque",1.591295981,2024,"Longevidade",1.28,"Taxas de mortalidade 15 a 39 anos (por mil hab.)"
3550704,"São Sebastião",1.513005098,2014,"Longevidade",1.32,"Taxas de mortalidade 15 a 39 anos (por mil hab.)"
3550704,"São Sebastião",1.365813501,2016,"Longevidade",1.19,"Taxas de mortalidade 15 a 39 anos (por mil hab.)"
3550704,"São Sebastião",1.363632118,2018,"Longevidade",1.15,"Taxas de mortalidade 15 a 39 anos (por mil hab.)"
3550704,"São Sebastião",1.090024875,2020,"Longevidade",1.17,"Taxas de mortalidade 15 a 39 anos (por mil hab.)"
3550704,"São Sebastião",1.130989101,2022,"Longevidade",1.39,"Taxas de mortalidade 15 a 39 anos (por mil hab.)"
3550704,"São Sebastião",1.827497308,2024,"Longevidade",1.28,"Taxas de mortalidade 15 a 39 anos (por mil hab.)"
3550803,"São Sebastião da Grama",1.809324983,2014,"Longevidade",1.32,"Taxas de mortalidade 15 a 39 anos (por mil hab.)"
3550803,"São Sebastião da Grama",0.777495052,2016,"Longevidade",1.19,"Taxas de mortalidade 15 a 39 anos (por mil hab.)"
3550803,"São Sebastião da Grama",0.929301594,2018,"Longevidade",1.15,"Taxas de mortalidade 15 a 39 anos (por mil hab.)"
3550803,"São Sebastião da Grama",0.874508089,2020,"Longevidade",1.17,"Taxas de mortalidade 15 a 39 anos (por mil hab.)"
3550803,"São Sebastião da Grama",1.267994331,2022,"Longevidade",1.39,"Taxas de mortalidade 15 a 39 anos (por mil hab.)"
3550803,"São Sebastião da Grama",1.424095699,2024,"Longevidade",1.28,"Taxas de mortalidade 15 a 39 anos (por mil hab.)"
3550902,"São Simão",1.22313472,2014,"Longevidade",1.32,"Taxas de mortalidade 15 a 39 anos (por mil hab.)"
3550902,"São Simão",0.980392157,2016,"Longevidade",1.19,"Taxas de mortalidade 15 a 39 anos (por mil hab.)"
3550902,"São Simão",0.868658791,2018,"Longevidade",1.15,"Taxas de mortalidade 15 a 39 anos (por mil hab.)"
3550902,"São Simão",0.813716943,2020,"Longevidade",1.17,"Taxas de mortalidade 15 a 39 anos (por mil hab.)"
3550902,"São Simão",1.352384312,2022,"Longevidade",1.39,"Taxas de mortalidade 15 a 39 anos (por mil hab.)"
3550902,"São Simão",1.560758082,2024,"Longevidade",1.28,"Taxas de mortalidade 15 a 39 anos (por mil hab.)"
3551009,"São Vicente",1.573612602,2014,"Longevidade",1.32,"Taxas de mortalidade 15 a 39 anos (por mil hab.)"
3551009,"São Vicente",1.324572234,2016,"Longevidade",1.19,"Taxas de mortalidade 15 a 39 anos (por mil hab.)"
3551009,"São Vicente",1.306686433,2018,"Longevidade",1.15,"Taxas de mortalidade 15 a 39 anos (por mil hab.)"
3551009,"São Vicente",1.333160694,2020,"Longevidade",1.17,"Taxas de mortalidade 15 a 39 anos (por mil hab.)"
3551009,"São Vicente",1.638520525,2022,"Longevidade",1.39,"Taxas de mortalidade 15 a 39 anos (por mil hab.)"
3551009,"São Vicente",1.686429953,2024,"Longevidade",1.28,"Taxas de mortalidade 15 a 39 anos (por mil hab.)"
3551108,"Sarapuí",1.569448077,2014,"Longevidade",1.32,"Taxas de mortalidade 15 a 39 anos (por mil hab.)"
3551108,"Sarapuí",1.40021415,2016,"Longevidade",1.19,"Taxas de mortalidade 15 a 39 anos (por mil hab.)"
3551108,"Sarapuí",1.225490196,2018,"Longevidade",1.15,"Taxas de mortalidade 15 a 39 anos (por mil hab.)"
3551108,"Sarapuí",1.443001443,2020,"Longevidade",1.17,"Taxas de mortalidade 15 a 39 anos (por mil hab.)"
3551108,"Sarapuí",1.111905329,2022,"Longevidade",1.39,"Taxas de mortalidade 15 a 39 anos (por mil hab.)"
3551108,"Sarapuí",1.458789205,2024,"Longevidade",1.28,"Taxas de mortalidade 15 a 39 anos (por mil hab.)"
3551207,"Sarutaiá",0.727272727,2014,"Longevidade",1.32,"Taxas de mortalidade 15 a 39 anos (por mil hab.)"
3551207,"Sarutaiá",1.917086029,2016,"Longevidade",1.19,"Taxas de mortalidade 15 a 39 anos (por mil hab.)"
3551207,"Sarutaiá",2.14745884,2018,"Longevidade",1.15,"Taxas de mortalidade 15 a 39 anos (por mil hab.)"
3551207,"Sarutaiá",2.607871029,2020,"Longevidade",1.17,"Taxas de mortalidade 15 a 39 anos (por mil hab.)"
3551207,"Sarutaiá",1.18623962,2022,"Longevidade",1.39,"Taxas de mortalidade 15 a 39 anos (por mil hab.)"
3551207,"Sarutaiá",0.493461633,2024,"Longevidade",1.28,"Taxas de mortalidade 15 a 39 anos (por mil hab.)"
3551306,"Sebastianópolis do Sul",0.537201182,2014,"Longevidade",1.32,"Taxas de mortalidade 15 a 39 anos (por mil hab.)"
3551306,"Sebastianópolis do Sul",1.851851852,2016,"Longevidade",1.19,"Taxas de mortalidade 15 a 39 anos (por mil hab.)"
3551306,"Sebastianópolis do Sul",1.862197393,2018,"Longevidade",1.15,"Taxas de mortalidade 15 a 39 anos (por mil hab.)"
3551306,"Sebastianópolis do Sul",1.606425703,2020,"Longevidade",1.17,"Taxas de mortalidade 15 a 39 anos (por mil hab.)"
3551306,"Sebastianópolis do Sul",1.914137271,2022,"Longevidade",1.39,"Taxas de mortalidade 15 a 39 anos (por mil hab.)"
3551306,"Sebastianópolis do Sul",0.685871056,2024,"Longevidade",1.28,"Taxas de mortalidade 15 a 39 anos (por mil hab.)"
3551405,"Serra Azul",1.319182107,2014,"Longevidade",1.32,"Taxas de mortalidade 15 a 39 anos (por mil hab.)"
3551405,"Serra Azul",0.931749359,2016,"Longevidade",1.19,"Taxas de mortalidade 15 a 39 anos (por mil hab.)"
3551405,"Serra Azul",0.522648084,2018,"Longevidade",1.15,"Taxas de mortalidade 15 a 39 anos (por mil hab.)"
3551405,"Serra Azul",0.75036075,2020,"Longevidade",1.17,"Taxas de mortalidade 15 a 39 anos (por mil hab.)"
3551405,"Serra Azul",0.863557858,2022,"Longevidade",1.39,"Taxas de mortalidade 15 a 39 anos (por mil hab.)"
3551405,"Serra Azul",0.753492146,2024,"Longevidade",1.28,"Taxas de mortalidade 15 a 39 anos (por mil hab.)"
3551504,"Serrana",1.259652774,2014,"Longevidade",1.32,"Taxas de mortalidade 15 a 39 anos (por mil hab.)"
3551504,"Serrana",1.04928062,2016,"Longevidade",1.19,"Taxas de mortalidade 15 a 39 anos (por mil hab.)"
3551504,"Serrana",1.065189604,2018,"Longevidade",1.15,"Taxas de mortalidade 15 a 39 anos (por mil hab.)"
3551504,"Serrana",1.11435394,2020,"Longevidade",1.17,"Taxas de mortalidade 15 a 39 anos (por mil hab.)"
3551504,"Serrana",1.137413805,2022,"Longevidade",1.39,"Taxas de mortalidade 15 a 39 anos (por mil hab.)"
3551504,"Serrana",1.111864918,2024,"Longevidade",1.28,"Taxas de mortalidade 15 a 39 anos (por mil hab.)"
3551603,"Serra Negra",0.991276764,2014,"Longevidade",1.32,"Taxas de mortalidade 15 a 39 anos (por mil hab.)"
3551603,"Serra Negra",1.160746858,2016,"Longevidade",1.19,"Taxas de mortalidade 15 a 39 anos (por mil hab.)"
3551603,"Serra Negra",0.767357288,2018,"Longevidade",1.15,"Taxas de mortalidade 15 a 39 anos (por mil hab.)"
3551603,"Serra Negra",0.607902736,2020,"Longevidade",1.17,"Taxas de mortalidade 15 a 39 anos (por mil hab.)"
3551603,"Serra Negra",1.342836484,2022,"Longevidade",1.39,"Taxas de mortalidade 15 a 39 anos (por mil hab.)"
3551603,"Serra Negra",1.079763149,2024,"Longevidade",1.28,"Taxas de mortalidade 15 a 39 anos (por mil hab.)"
3551702,"Sertãozinho",1.277626157,2014,"Longevidade",1.32,"Taxas de mortalidade 15 a 39 anos (por mil hab.)"
3551702,"Sertãozinho",1.0733025920000001,2016,"Longevidade",1.19,"Taxas de mortalidade 15 a 39 anos (por mil hab.)"
3551702,"Sertãozinho",0.952399981,2018,"Longevidade",1.15,"Taxas de mortalidade 15 a 39 anos (por mil hab.)"
3551702,"Sertãozinho",1.030407112,2020,"Longevidade",1.17,"Taxas de mortalidade 15 a 39 anos (por mil hab.)"
3551702,"Sertãozinho",1.331850448,2022,"Longevidade",1.39,"Taxas de mortalidade 15 a 39 anos (por mil hab.)"
3551702,"Sertãozinho",1.160188945,2024,"Longevidade",1.28,"Taxas de mortalidade 15 a 39 anos (por mil hab.)"
3551801,"Sete Barras",1.902044698,2014,"Longevidade",1.32,"Taxas de mortalidade 15 a 39 anos (por mil hab.)"
3551801,"Sete Barras",1.78804759,2016,"Longevidade",1.19,"Taxas de mortalidade 15 a 39 anos (por mil hab.)"
3551801,"Sete Barras",1.804427788,2018,"Longevidade",1.15,"Taxas de mortalidade 15 a 39 anos (por mil hab.)"
3551801,"Sete Barras",1.831888959,2020,"Longevidade",1.17,"Taxas de mortalidade 15 a 39 anos (por mil hab.)"
3551801,"Sete Barras",1.424197109,2022,"Longevidade",1.39,"Taxas de mortalidade 15 a 39 anos (por mil hab.)"
3551801,"Sete Barras",1.223690651,2024,"Longevidade",1.28,"Taxas de mortalidade 15 a 39 anos (por mil hab.)"
3551900,"Severínia",1.423082396,2014,"Longevidade",1.32,"Taxas de mortalidade 15 a 39 anos (por mil hab.)"
3551900,"Severínia",0.880118584,2016,"Longevidade",1.19,"Taxas de mortalidade 15 a 39 anos (por mil hab.)"
3551900,"Severínia",0.832523935,2018,"Longevidade",1.15,"Taxas de mortalidade 15 a 39 anos (por mil hab.)"
3551900,"Severínia",1.522491349,2020,"Longevidade",1.17,"Taxas de mortalidade 15 a 39 anos (por mil hab.)"
3551900,"Severínia",1.482511003,2022,"Longevidade",1.39,"Taxas de mortalidade 15 a 39 anos (por mil hab.)"
3551900,"Severínia",1.589047794,2024,"Longevidade",1.28,"Taxas de mortalidade 15 a 39 anos (por mil hab.)"
3552007,"Silveiras",1.269035533,2014,"Longevidade",1.32,"Taxas de mortalidade 15 a 39 anos (por mil hab.)"
3552007,"Silveiras",1.368363437,2016,"Longevidade",1.19,"Taxas de mortalidade 15 a 39 anos (por mil hab.)"
3552007,"Silveiras",0.958247775,2018,"Longevidade",1.15,"Taxas de mortalidade 15 a 39 anos (por mil hab.)"
3552007,"Silveiras",1.089769786,2020,"Longevidade",1.17,"Taxas de mortalidade 15 a 39 anos (por mil hab.)"
3552007,"Silveiras",0.955500956,2022,"Longevidade",1.39,"Taxas de mortalidade 15 a 39 anos (por mil hab.)"
3552007,"Silveiras",1.38760407,2024,"Longevidade",1.28,"Taxas de mortalidade 15 a 39 anos (por mil hab.)"
3552106,"Socorro",0.823219494,2014,"Longevidade",1.32,"Taxas de mortalidade 15 a 39 anos (por mil hab.)"
3552106,"Socorro",1.144592385,2016,"Longevidade",1.19,"Taxas de mortalidade 15 a 39 anos (por mil hab.)"
3552106,"Socorro",0.914462577,2018,"Longevidade",1.15,"Taxas de mortalidade 15 a 39 anos (por mil hab.)"
3552106,"Socorro",1.015468178,2020,"Longevidade",1.17,"Taxas de mortalidade 15 a 39 anos (por mil hab.)"
3552106,"Socorro",1.293940047,2022,"Longevidade",1.39,"Taxas de mortalidade 15 a 39 anos (por mil hab.)"
3552106,"Socorro",1.32192846,2024,"Longevidade",1.28,"Taxas de mortalidade 15 a 39 anos (por mil hab.)"
3552205,"Sorocaba",1.29739523,2014,"Longevidade",1.32,"Taxas de mortalidade 15 a 39 anos (por mil hab.)"
3552205,"Sorocaba",1.169621467,2016,"Longevidade",1.19,"Taxas de mortalidade 15 a 39 anos (por mil hab.)"
3552205,"Sorocaba",1.161483937,2018,"Longevidade",1.15,"Taxas de mortalidade 15 a 39 anos (por mil hab.)"
3552205,"Sorocaba",1.189569014,2020,"Longevidade",1.17,"Taxas de mortalidade 15 a 39 anos (por mil hab.)"
3552205,"Sorocaba",1.367323261,2022,"Longevidade",1.39,"Taxas de mortalidade 15 a 39 anos (por mil hab.)"
3552205,"Sorocaba",1.230791377,2024,"Longevidade",1.28,"Taxas de mortalidade 15 a 39 anos (por mil hab.)"
3552304,"Sud Mennucci",0.759548611,2014,"Longevidade",1.32,"Taxas de mortalidade 15 a 39 anos (por mil hab.)"
3552304,"Sud Mennucci",1.223445668,2016,"Longevidade",1.19,"Taxas de mortalidade 15 a 39 anos (por mil hab.)"
3552304,"Sud Mennucci",1.238320387,2018,"Longevidade",1.15,"Taxas de mortalidade 15 a 39 anos (por mil hab.)"
3552304,"Sud Mennucci",1.159017153,2020,"Longevidade",1.17,"Taxas de mortalidade 15 a 39 anos (por mil hab.)"
3552304,"Sud Mennucci",1.782531194,2022,"Longevidade",1.39,"Taxas de mortalidade 15 a 39 anos (por mil hab.)"
3552304,"Sud Mennucci",2.257017915,2024,"Longevidade",1.28,"Taxas de mortalidade 15 a 39 anos (por mil hab.)"
3552403,"Sumaré",1.259913414,2014,"Longevidade",1.32,"Taxas de mortalidade 15 a 39 anos (por mil hab.)"
3552403,"Sumaré",1.122382292,2016,"Longevidade",1.19,"Taxas de mortalidade 15 a 39 anos (por mil hab.)"
3552403,"Sumaré",1.109550363,2018,"Longevidade",1.15,"Taxas de mortalidade 15 a 39 anos (por mil hab.)"
3552403,"Sumaré",1.039347958,2020,"Longevidade",1.17,"Taxas de mortalidade 15 a 39 anos (por mil hab.)"
3552403,"Sumaré",1.382205385,2022,"Longevidade",1.39,"Taxas de mortalidade 15 a 39 anos (por mil hab.)"
3552403,"Sumaré",1.236132047,2024,"Longevidade",1.28,"Taxas de mortalidade 15 a 39 anos (por mil hab.)"
3552502,"Suzano",1.421764194,2014,"Longevidade",1.32,"Taxas de mortalidade 15 a 39 anos (por mil hab.)"
3552502,"Suzano",1.381344226,2016,"Longevidade",1.19,"Taxas de mortalidade 15 a 39 anos (por mil hab.)"
3552502,"Suzano",1.408032571,2018,"Longevidade",1.15,"Taxas de mortalidade 15 a 39 anos (por mil hab.)"
3552502,"Suzano",1.530000765,2020,"Longevidade",1.17,"Taxas de mortalidade 15 a 39 anos (por mil hab.)"
3552502,"Suzano",1.599186699,2022,"Longevidade",1.39,"Taxas de mortalidade 15 a 39 anos (por mil hab.)"
3552502,"Suzano",1.319772876,2024,"Longevidade",1.28,"Taxas de mortalidade 15 a 39 anos (por mil hab.)"
3552551,"Suzanápolis",0.714796283,2014,"Longevidade",1.32,"Taxas de mortalidade 15 a 39 anos (por mil hab.)"
3552551,"Suzanápolis",0.900292595,2016,"Longevidade",1.19,"Taxas de mortalidade 15 a 39 anos (por mil hab.)"
3552551,"Suzanápolis",0.887705282,2018,"Longevidade",1.15,"Taxas de mortalidade 15 a 39 anos (por mil hab.)"
3552551,"Suzanápolis",1.086484137,2020,"Longevidade",1.17,"Taxas de mortalidade 15 a 39 anos (por mil hab.)"
3552551,"Suzanápolis",0.859660434,2022,"Longevidade",1.39,"Taxas de mortalidade 15 a 39 anos (por mil hab.)"
3552551,"Suzanápolis",1.508295626,2024,"Longevidade",1.28,"Taxas de mortalidade 15 a 39 anos (por mil hab.)"
3552601,"Tabapuã",1.090750436,2014,"Longevidade",1.32,"Taxas de mortalidade 15 a 39 anos (por mil hab.)"
3552601,"Tabapuã",1.676507034,2016,"Longevidade",1.19,"Taxas de mortalidade 15 a 39 anos (por mil hab.)"
3552601,"Tabapuã",1.764446405,2018,"Longevidade",1.15,"Taxas de mortalidade 15 a 39 anos (por mil hab.)"
3552601,"Tabapuã",1.118067979,2020,"Longevidade",1.17,"Taxas de mortalidade 15 a 39 anos (por mil hab.)"
3552601,"Tabapuã",1.217378072,2022,"Longevidade",1.39,"Taxas de mortalidade 15 a 39 anos (por mil hab.)"
3552601,"Tabapuã",1.439107753,2024,"Longevidade",1.28,"Taxas de mortalidade 15 a 39 anos (por mil hab.)"
3552700,"Tabatinga",1.461072845,2014,"Longevidade",1.32,"Taxas de mortalidade 15 a 39 anos (por mil hab.)"
3552700,"Tabatinga",1.6390084,2016,"Longevidade",1.19,"Taxas de mortalidade 15 a 39 anos (por mil hab.)"
3552700,"Tabatinga",1.689967737,2018,"Longevidade",1.15,"Taxas de mortalidade 15 a 39 anos (por mil hab.)"
3552700,"Tabatinga",1.83851693,2020,"Longevidade",1.17,"Taxas de mortalidade 15 a 39 anos (por mil hab.)"
3552700,"Tabatinga",1.805426597,2022,"Longevidade",1.39,"Taxas de mortalidade 15 a 39 anos (por mil hab.)"
3552700,"Tabatinga",1.80878553,2024,"Longevidade",1.28,"Taxas de mortalidade 15 a 39 anos (por mil hab.)"
3552809,"Taboão da Serra",1.650691282,2014,"Longevidade",1.32,"Taxas de mortalidade 15 a 39 anos (por mil hab.)"
3552809,"Taboão da Serra",1.500990479,2016,"Longevidade",1.19,"Taxas de mortalidade 15 a 39 anos (por mil hab.)"
3552809,"Taboão da Serra",1.343204869,2018,"Longevidade",1.15,"Taxas de mortalidade 15 a 39 anos (por mil hab.)"
3552809,"Taboão da Serra",1.436529392,2020,"Longevidade",1.17,"Taxas de mortalidade 15 a 39 anos (por mil hab.)"
3552809,"Taboão da Serra",1.831842196,2022,"Longevidade",1.39,"Taxas de mortalidade 15 a 39 anos (por mil hab.)"
3552809,"Taboão da Serra",1.687619698,2024,"Longevidade",1.28,"Taxas de mortalidade 15 a 39 anos (por mil hab.)"
3552908,"Taciba",0.575953924,2014,"Longevidade",1.32,"Taxas de mortalidade 15 a 39 anos (por mil hab.)"
3552908,"Taciba",1.575028637,2016,"Longevidade",1.19,"Taxas de mortalidade 15 a 39 anos (por mil hab.)"
3552908,"Taciba",1.290322581,2018,"Longevidade",1.15,"Taxas de mortalidade 15 a 39 anos (por mil hab.)"
3552908,"Taciba",0.431406385,2020,"Longevidade",1.17,"Taxas de mortalidade 15 a 39 anos (por mil hab.)"
3552908,"Taciba",0.868432479,2022,"Longevidade",1.39,"Taxas de mortalidade 15 a 39 anos (por mil hab.)"
3552908,"Taciba",1.073290402,2024,"Longevidade",1.28,"Taxas de mortalidade 15 a 39 anos (por mil hab.)"
3553005,"Taguaí",1.230490253,2014,"Longevidade",1.32,"Taxas de mortalidade 15 a 39 anos (por mil hab.)"
3553005,"Taguaí",1.338443755,2016,"Longevidade",1.19,"Taxas de mortalidade 15 a 39 anos (por mil hab.)"
3553005,"Taguaí",0.902853016,2018,"Longevidade",1.15,"Taxas de mortalidade 15 a 39 anos (por mil hab.)"
3553005,"Taguaí",1.354534747,2020,"Longevidade",1.17,"Taxas de mortalidade 15 a 39 anos (por mil hab.)"
3553005,"Taguaí",1.631701632,2022,"Longevidade",1.39,"Taxas de mortalidade 15 a 39 anos (por mil hab.)"
3553005,"Taguaí",1.643007361,2024,"Longevidade",1.28,"Taxas de mortalidade 15 a 39 anos (por mil hab.)"
3553104,"Taiaçu",1.524601525,2014,"Longevidade",1.32,"Taxas de mortalidade 15 a 39 anos (por mil hab.)"
3553104,"Taiaçu",0.826446281,2016,"Longevidade",1.19,"Taxas de mortalidade 15 a 39 anos (por mil hab.)"
3553104,"Taiaçu",0.552562509,2018,"Longevidade",1.15,"Taxas de mortalidade 15 a 39 anos (por mil hab.)"
3553104,"Taiaçu",1.245847176,2020,"Longevidade",1.17,"Taxas de mortalidade 15 a 39 anos (por mil hab.)"
3553104,"Taiaçu",1.545812254,2022,"Longevidade",1.39,"Taxas de mortalidade 15 a 39 anos (por mil hab.)"
3553104,"Taiaçu",1.524390244,2024,"Longevidade",1.28,"Taxas de mortalidade 15 a 39 anos (por mil hab.)"
3553203,"Taiúva",0.690846287,2014,"Longevidade",1.32,"Taxas de mortalidade 15 a 39 anos (por mil hab.)"
3553203,"Taiúva",0.468329235,2016,"Longevidade",1.19,"Taxas de mortalidade 15 a 39 anos (por mil hab.)"
3553203,"Taiúva",0.471976401,2018,"Longevidade",1.15,"Taxas de mortalidade 15 a 39 anos (por mil hab.)"
3553203,"Taiúva",0.239205837,2020,"Longevidade",1.17,"Taxas de mortalidade 15 a 39 anos (por mil hab.)"
3553203,"Taiúva",0.975371861,2022,"Longevidade",1.39,"Taxas de mortalidade 15 a 39 anos (por mil hab.)"
3553203,"Taiúva",1.448225923,2024,"Longevidade",1.28,"Taxas de mortalidade 15 a 39 anos (por mil hab.)"
3553302,"Tambaú",1.093638044,2014,"Longevidade",1.32,"Taxas de mortalidade 15 a 39 anos (por mil hab.)"
3553302,"Tambaú",1.485544509,2016,"Longevidade",1.19,"Taxas de mortalidade 15 a 39 anos (por mil hab.)"
3553302,"Tambaú",1.150615579,2018,"Longevidade",1.15,"Taxas de mortalidade 15 a 39 anos (por mil hab.)"
3553302,"Tambaú",1.127045198,2020,"Longevidade",1.17,"Taxas de mortalidade 15 a 39 anos (por mil hab.)"
3553302,"Tambaú",1.145882725,2022,"Longevidade",1.39,"Taxas de mortalidade 15 a 39 anos (por mil hab.)"
3553302,"Tambaú",1.240352811,2024,"Longevidade",1.28,"Taxas de mortalidade 15 a 39 anos (por mil hab.)"
3553401,"Tanabi",1.196256421,2014,"Longevidade",1.32,"Taxas de mortalidade 15 a 39 anos (por mil hab.)"
3553401,"Tanabi",1.023144228,2016,"Longevidade",1.19,"Taxas de mortalidade 15 a 39 anos (por mil hab.)"
3553401,"Tanabi",1.031441172,2018,"Longevidade",1.15,"Taxas de mortalidade 15 a 39 anos (por mil hab.)"
3553401,"Tanabi",1.192670498,2020,"Longevidade",1.17,"Taxas de mortalidade 15 a 39 anos (por mil hab.)"
3553401,"Tanabi",1.48214021,2022,"Longevidade",1.39,"Taxas de mortalidade 15 a 39 anos (por mil hab.)"
3553401,"Tanabi",0.967819985,2024,"Longevidade",1.28,"Taxas de mortalidade 15 a 39 anos (por mil hab.)"
3553500,"Tapiraí",1.179371717,2014,"Longevidade",1.32,"Taxas de mortalidade 15 a 39 anos (por mil hab.)"
3553500,"Tapiraí",2.036441586,2016,"Longevidade",1.19,"Taxas de mortalidade 15 a 39 anos (por mil hab.)"
3553500,"Tapiraí",1.403736098,2018,"Longevidade",1.15,"Taxas de mortalidade 15 a 39 anos (por mil hab.)"
3553500,"Tapiraí",1.415659371,2020,"Longevidade",1.17,"Taxas de mortalidade 15 a 39 anos (por mil hab.)"
3553500,"Tapiraí",2.096436059,2022,"Longevidade",1.39,"Taxas de mortalidade 15 a 39 anos (por mil hab.)"
3553500,"Tapiraí",2.371635242,2024,"Longevidade",1.28,"Taxas de mortalidade 15 a 39 anos (por mil hab.)"
3553609,"Tapiratiba",0.865627913,2014,"Longevidade",1.32,"Taxas de mortalidade 15 a 39 anos (por mil hab.)"
3553609,"Tapiratiba",0.941619586,2016,"Longevidade",1.19,"Taxas de mortalidade 15 a 39 anos (por mil hab.)"
3553609,"Tapiratiba",0.745863846,2018,"Longevidade",1.15,"Taxas de mortalidade 15 a 39 anos (por mil hab.)"
3553609,"Tapiratiba",1.034982405,2020,"Longevidade",1.17,"Taxas de mortalidade 15 a 39 anos (por mil hab.)"
3553609,"Tapiratiba",1.972386588,2022,"Longevidade",1.39,"Taxas de mortalidade 15 a 39 anos (por mil hab.)"
3553609,"Tapiratiba",0.774193548,2024,"Longevidade",1.28,"Taxas de mortalidade 15 a 39 anos (por mil hab.)"
3553658,"Taquaral",1.839926403,2014,"Longevidade",1.32,"Taxas de mortalidade 15 a 39 anos (por mil hab.)"
3553658,"Taquaral",1.553277415,2016,"Longevidade",1.19,"Taxas de mortalidade 15 a 39 anos (por mil hab.)"
3553658,"Taquaral",1.872659176,2018,"Longevidade",1.15,"Taxas de mortalidade 15 a 39 anos (por mil hab.)"
3553658,"Taquaral",1.265022138,2020,"Longevidade",1.17,"Taxas de mortalidade 15 a 39 anos (por mil hab.)"
3553658,"Taquaral",1.943634597,2022,"Longevidade",1.39,"Taxas de mortalidade 15 a 39 anos (por mil hab.)"
3553658,"Taquaral",0.757575758,2024,"Longevidade",1.28,"Taxas de mortalidade 15 a 39 anos (por mil hab.)"
3553708,"Taquaritinga",1.331351786,2014,"Longevidade",1.32,"Taxas de mortalidade 15 a 39 anos (por mil hab.)"
3553708,"Taquaritinga",1.306757352,2016,"Longevidade",1.19,"Taxas de mortalidade 15 a 39 anos (por mil hab.)"
3553708,"Taquaritinga",1.0648104,2018,"Longevidade",1.15,"Taxas de mortalidade 15 a 39 anos (por mil hab.)"
3553708,"Taquaritinga",1.311698407,2020,"Longevidade",1.17,"Taxas de mortalidade 15 a 39 anos (por mil hab.)"
3553708,"Taquaritinga",1.524794484,2022,"Longevidade",1.39,"Taxas de mortalidade 15 a 39 anos (por mil hab.)"
3553708,"Taquaritinga",1.194475551,2024,"Longevidade",1.28,"Taxas de mortalidade 15 a 39 anos (por mil hab.)"
3553807,"Taquarituba",1.695040165,2014,"Longevidade",1.32,"Taxas de mortalidade 15 a 39 anos (por mil hab.)"
3553807,"Taquarituba",2.029145914,2016,"Longevidade",1.19,"Taxas de mortalidade 15 a 39 anos (por mil hab.)"
3553807,"Taquarituba",1.448629374,2018,"Longevidade",1.15,"Taxas de mortalidade 15 a 39 anos (por mil hab.)"
3553807,"Taquarituba",1.056165365,2020,"Longevidade",1.17,"Taxas de mortalidade 15 a 39 anos (por mil hab.)"
3553807,"Taquarituba",1.805539549,2022,"Longevidade",1.39,"Taxas de mortalidade 15 a 39 anos (por mil hab.)"
3553807,"Taquarituba",1.850665528,2024,"Longevidade",1.28,"Taxas de mortalidade 15 a 39 anos (por mil hab.)"
3553856,"Taquarivaí",1.575705486,2014,"Longevidade",1.32,"Taxas de mortalidade 15 a 39 anos (por mil hab.)"
3553856,"Taquarivaí",0.957068635,2016,"Longevidade",1.19,"Taxas de mortalidade 15 a 39 anos (por mil hab.)"
3553856,"Taquarivaí",0.949667616,2018,"Longevidade",1.15,"Taxas de mortalidade 15 a 39 anos (por mil hab.)"
3553856,"Taquarivaí",1.200480192,2020,"Longevidade",1.17,"Taxas de mortalidade 15 a 39 anos (por mil hab.)"
3553856,"Taquarivaí",1.459660297,2022,"Longevidade",1.39,"Taxas de mortalidade 15 a 39 anos (por mil hab.)"
3553856,"Taquarivaí",1.812907904,2024,"Longevidade",1.28,"Taxas de mortalidade 15 a 39 anos (por mil hab.)"
3553906,"Tarabai",1.736714137,2014,"Longevidade",1.32,"Taxas de mortalidade 15 a 39 anos (por mil hab.)"
3553906,"Tarabai",1.241254796,2016,"Longevidade",1.19,"Taxas de mortalidade 15 a 39 anos (por mil hab.)"
3553906,"Tarabai",1.123848056,2018,"Longevidade",1.15,"Taxas de mortalidade 15 a 39 anos (por mil hab.)"
3553906,"Tarabai",0.779857398,2020,"Longevidade",1.17,"Taxas de mortalidade 15 a 39 anos (por mil hab.)"
3553906,"Tarabai",1.225899922,2022,"Longevidade",1.39,"Taxas de mortalidade 15 a 39 anos (por mil hab.)"
3553906,"Tarabai",1.294219154,2024,"Longevidade",1.28,"Taxas de mortalidade 15 a 39 anos (por mil hab.)"
3553955,"Tarumã",1.046572475,2014,"Longevidade",1.32,"Taxas de mortalidade 15 a 39 anos (por mil hab.)"
3553955,"Tarumã",1.023541453,2016,"Longevidade",1.19,"Taxas de mortalidade 15 a 39 anos (por mil hab.)"
3553955,"Tarumã",0.848752334,2018,"Longevidade",1.15,"Taxas de mortalidade 15 a 39 anos (por mil hab.)"
3553955,"Tarumã",1.120824927,2020,"Longevidade",1.17,"Taxas de mortalidade 15 a 39 anos (por mil hab.)"
3553955,"Tarumã",1.676445935,2022,"Longevidade",1.39,"Taxas de mortalidade 15 a 39 anos (por mil hab.)"
3553955,"Tarumã",1.355514479,2024,"Longevidade",1.28,"Taxas de mortalidade 15 a 39 anos (por mil hab.)"
3554003,"Tatuí",1.609858603,2014,"Longevidade",1.32,"Taxas de mortalidade 15 a 39 anos (por mil hab.)"
3554003,"Tatuí",1.270171786,2016,"Longevidade",1.19,"Taxas de mortalidade 15 a 39 anos (por mil hab.)"
3554003,"Tatuí",1.303464581,2018,"Longevidade",1.15,"Taxas de mortalidade 15 a 39 anos (por mil hab.)"
3554003,"Tatuí",1.23133967,2020,"Longevidade",1.17,"Taxas de mortalidade 15 a 39 anos (por mil hab.)"
3554003,"Tatuí",1.3272184,2022,"Longevidade",1.39,"Taxas de mortalidade 15 a 39 anos (por mil hab.)"
3554003,"Tatuí",1.32201003,2024,"Longevidade",1.28,"Taxas de mortalidade 15 a 39 anos (por mil hab.)"
3554102,"Taubaté",1.363275622,2014,"Longevidade",1.32,"Taxas de mortalidade 15 a 39 anos (por mil hab.)"
3554102,"Taubaté",1.159886528,2016,"Longevidade",1.19,"Taxas de mortalidade 15 a 39 anos (por mil hab.)"
3554102,"Taubaté",1.218658652,2018,"Longevidade",1.15,"Taxas de mortalidade 15 a 39 anos (por mil hab.)"
3554102,"Taubaté",1.257955532,2020,"Longevidade",1.17,"Taxas de mortalidade 15 a 39 anos (por mil hab.)"
3554102,"Taubaté",1.495157538,2022,"Longevidade",1.39,"Taxas de mortalidade 15 a 39 anos (por mil hab.)"
3554102,"Taubaté",1.320818429,2024,"Longevidade",1.28,"Taxas de mortalidade 15 a 39 anos (por mil hab.)"
3554201,"Tejupá",1.955555556,2014,"Longevidade",1.32,"Taxas de mortalidade 15 a 39 anos (por mil hab.)"
3554201,"Tejupá",1.426024955,2016,"Longevidade",1.19,"Taxas de mortalidade 15 a 39 anos (por mil hab.)"
3554201,"Tejupá",1.61637931,2018,"Longevidade",1.15,"Taxas de mortalidade 15 a 39 anos (por mil hab.)"
3554201,"Tejupá",1.991671193,2020,"Longevidade",1.17,"Taxas de mortalidade 15 a 39 anos (por mil hab.)"
3554201,"Tejupá",2.016868354,2022,"Longevidade",1.39,"Taxas de mortalidade 15 a 39 anos (por mil hab.)"
3554201,"Tejupá",1.629422719,2024,"Longevidade",1.28,"Taxas de mortalidade 15 a 39 anos (por mil hab.)"
3554300,"Teodoro Sampaio",1.284168043,2014,"Longevidade",1.32,"Taxas de mortalidade 15 a 39 anos (por mil hab.)"
3554300,"Teodoro Sampaio",1.761726492,2016,"Longevidade",1.19,"Taxas de mortalidade 15 a 39 anos (por mil hab.)"
3554300,"Teodoro Sampaio",1.774032598,2018,"Longevidade",1.15,"Taxas de mortalidade 15 a 39 anos (por mil hab.)"
3554300,"Teodoro Sampaio",1.013171226,2020,"Longevidade",1.17,"Taxas de mortalidade 15 a 39 anos (por mil hab.)"
3554300,"Teodoro Sampaio",1.487584392,2022,"Longevidade",1.39,"Taxas de mortalidade 15 a 39 anos (por mil hab.)"
3554300,"Teodoro Sampaio",1.779513889,2024,"Longevidade",1.28,"Taxas de mortalidade 15 a 39 anos (por mil hab.)"
3554409,"Terra Roxa",1.505740636,2014,"Longevidade",1.32,"Taxas de mortalidade 15 a 39 anos (por mil hab.)"
3554409,"Terra Roxa",1.019935095,2016,"Longevidade",1.19,"Taxas de mortalidade 15 a 39 anos (por mil hab.)"
3554409,"Terra Roxa",0.740740741,2018,"Longevidade",1.15,"Taxas de mortalidade 15 a 39 anos (por mil hab.)"
3554409,"Terra Roxa",0.462834398,2020,"Longevidade",1.17,"Taxas de mortalidade 15 a 39 anos (por mil hab.)"
3554409,"Terra Roxa",1.398601399,2022,"Longevidade",1.39,"Taxas de mortalidade 15 a 39 anos (por mil hab.)"
3554409,"Terra Roxa",1.684109227,2024,"Longevidade",1.28,"Taxas de mortalidade 15 a 39 anos (por mil hab.)"
3554508,"Tietê",1.322584708,2014,"Longevidade",1.32,"Taxas de mortalidade 15 a 39 anos (por mil hab.)"
3554508,"Tietê",1.168583554,2016,"Longevidade",1.19,"Taxas de mortalidade 15 a 39 anos (por mil hab.)"
3554508,"Tietê",1.126818275,2018,"Longevidade",1.15,"Taxas de mortalidade 15 a 39 anos (por mil hab.)"
3554508,"Tietê",0.961794258,2020,"Longevidade",1.17,"Taxas de mortalidade 15 a 39 anos (por mil hab.)"
3554508,"Tietê",1.21526705,2022,"Longevidade",1.39,"Taxas de mortalidade 15 a 39 anos (por mil hab.)"
3554508,"Tietê",0.959268005,2024,"Longevidade",1.28,"Taxas de mortalidade 15 a 39 anos (por mil hab.)"
3554607,"Timburi",1.803751804,2014,"Longevidade",1.32,"Taxas de mortalidade 15 a 39 anos (por mil hab.)"
3554607,"Timburi",0.719165768,2016,"Longevidade",1.19,"Taxas de mortalidade 15 a 39 anos (por mil hab.)"
3554607,"Timburi",1.086956522,2018,"Longevidade",1.15,"Taxas de mortalidade 15 a 39 anos (por mil hab.)"
3554607,"Timburi",1.466813348,2020,"Longevidade",1.17,"Taxas de mortalidade 15 a 39 anos (por mil hab.)"
3554607,"Timburi",2.232142857,2022,"Longevidade",1.39,"Taxas de mortalidade 15 a 39 anos (por mil hab.)"
3554607,"Timburi",1.285347044,2024,"Longevidade",1.28,"Taxas de mortalidade 15 a 39 anos (por mil hab.)"
3554656,"Torre de Pedra",1.600640256,2014,"Longevidade",1.32,"Taxas de mortalidade 15 a 39 anos (por mil hab.)"
3554656,"Torre de Pedra",0.789889415,2016,"Longevidade",1.19,"Taxas de mortalidade 15 a 39 anos (por mil hab.)"
3554656,"Torre de Pedra",1.187648456,2018,"Longevidade",1.15,"Taxas de mortalidade 15 a 39 anos (por mil hab.)"
3554656,"Torre de Pedra",0.396353547,2020,"Longevidade",1.17,"Taxas de mortalidade 15 a 39 anos (por mil hab.)"
3554656,"Torre de Pedra",0.395882819,2022,"Longevidade",1.39,"Taxas de mortalidade 15 a 39 anos (por mil hab.)"
3554656,"Torre de Pedra",1.080497029,2024,"Longevidade",1.28,"Taxas de mortalidade 15 a 39 anos (por mil hab.)"
3554706,"Torrinha",1.150951749,2014,"Longevidade",1.32,"Taxas de mortalidade 15 a 39 anos (por mil hab.)"
3554706,"Torrinha",0.618265324,2016,"Longevidade",1.19,"Taxas de mortalidade 15 a 39 anos (por mil hab.)"
3554706,"Torrinha",0.800854245,2018,"Longevidade",1.15,"Taxas de mortalidade 15 a 39 anos (por mil hab.)"
3554706,"Torrinha",0.901144453,2020,"Longevidade",1.17,"Taxas de mortalidade 15 a 39 anos (por mil hab.)"
3554706,"Torrinha",1.009266905,2022,"Longevidade",1.39,"Taxas de mortalidade 15 a 39 anos (por mil hab.)"
3554706,"Torrinha",1.32144037,2024,"Longevidade",1.28,"Taxas de mortalidade 15 a 39 anos (por mil hab.)"
3554755,"Trabiju",1.005530417,2014,"Longevidade",1.32,"Taxas de mortalidade 15 a 39 anos (por mil hab.)"
3554755,"Trabiju",1.952171791,2016,"Longevidade",1.19,"Taxas de mortalidade 15 a 39 anos (por mil hab.)"
3554755,"Trabiju",0.968992248,2018,"Longevidade",1.15,"Taxas de mortalidade 15 a 39 anos (por mil hab.)"
3554755,"Trabiju",0.482392668,2020,"Longevidade",1.17,"Taxas de mortalidade 15 a 39 anos (por mil hab.)"
3554755,"Trabiju",1.075268817,2024,"Longevidade",1.28,"Taxas de mortalidade 15 a 39 anos (por mil hab.)"
3554805,"Tremembé",1.278728184,2014,"Longevidade",1.32,"Taxas de mortalidade 15 a 39 anos (por mil hab.)"
3554805,"Tremembé",1.070681723,2016,"Longevidade",1.19,"Taxas de mortalidade 15 a 39 anos (por mil hab.)"
3554805,"Tremembé",1.101707647,2018,"Longevidade",1.15,"Taxas de mortalidade 15 a 39 anos (por mil hab.)"
3554805,"Tremembé",1.064325151,2020,"Longevidade",1.17,"Taxas de mortalidade 15 a 39 anos (por mil hab.)"
3554805,"Tremembé",1.064696977,2022,"Longevidade",1.39,"Taxas de mortalidade 15 a 39 anos (por mil hab.)"
3554805,"Tremembé",0.797526042,2024,"Longevidade",1.28,"Taxas de mortalidade 15 a 39 anos (por mil hab.)"
3554904,"Três Fronteiras",3.107621851,2014,"Longevidade",1.32,"Taxas de mortalidade 15 a 39 anos (por mil hab.)"
3554904,"Três Fronteiras",2.283105023,2016,"Longevidade",1.19,"Taxas de mortalidade 15 a 39 anos (por mil hab.)"
3554904,"Três Fronteiras",1.477832512,2018,"Longevidade",1.15,"Taxas de mortalidade 15 a 39 anos (por mil hab.)"
3554904,"Três Fronteiras",1.167250292,2020,"Longevidade",1.17,"Taxas de mortalidade 15 a 39 anos (por mil hab.)"
3554904,"Três Fronteiras",2.891156463,2022,"Longevidade",1.39,"Taxas de mortalidade 15 a 39 anos (por mil hab.)"
3554904,"Três Fronteiras",1.895596384,2024,"Longevidade",1.28,"Taxas de mortalidade 15 a 39 anos (por mil hab.)"
3554953,"Tuiuti",1.524601525,2014,"Longevidade",1.32,"Taxas de mortalidade 15 a 39 anos (por mil hab.)"
3554953,"Tuiuti",0.538938292,2016,"Longevidade",1.19,"Taxas de mortalidade 15 a 39 anos (por mil hab.)"
3554953,"Tuiuti",0.404367165,2018,"Longevidade",1.15,"Taxas de mortalidade 15 a 39 anos (por mil hab.)"
3554953,"Tuiuti",0.946969697,2020,"Longevidade",1.17,"Taxas de mortalidade 15 a 39 anos (por mil hab.)"
3554953,"Tuiuti",1.088435374,2022,"Longevidade",1.39,"Taxas de mortalidade 15 a 39 anos (por mil hab.)"
3554953,"Tuiuti",1.46627566,2024,"Longevidade",1.28,"Taxas de mortalidade 15 a 39 anos (por mil hab.)"
3555000,"Tupã",1.396470738,2014,"Longevidade",1.32,"Taxas de mortalidade 15 a 39 anos (por mil hab.)"
3555000,"Tupã",1.318496624,2016,"Longevidade",1.19,"Taxas de mortalidade 15 a 39 anos (por mil hab.)"
3555000,"Tupã",1.393350054,2018,"Longevidade",1.15,"Taxas de mortalidade 15 a 39 anos (por mil hab.)"
3555000,"Tupã",1.292863693,2020,"Longevidade",1.17,"Taxas de mortalidade 15 a 39 anos (por mil hab.)"
3555000,"Tupã",1.717096714,2022,"Longevidade",1.39,"Taxas de mortalidade 15 a 39 anos (por mil hab.)"
3555000,"Tupã",1.655575915,2024,"Longevidade",1.28,"Taxas de mortalidade 15 a 39 anos (por mil hab.)"
3555109,"Tupi Paulista",2.057613169,2014,"Longevidade",1.32,"Taxas de mortalidade 15 a 39 anos (por mil hab.)"
3555109,"Tupi Paulista",1.784618817,2016,"Longevidade",1.19,"Taxas de mortalidade 15 a 39 anos (por mil hab.)"
3555109,"Tupi Paulista",1.567047235,2018,"Longevidade",1.15,"Taxas de mortalidade 15 a 39 anos (por mil hab.)"
3555109,"Tupi Paulista",1.068736641,2020,"Longevidade",1.17,"Taxas de mortalidade 15 a 39 anos (por mil hab.)"
3555109,"Tupi Paulista",1.365187713,2022,"Longevidade",1.39,"Taxas de mortalidade 15 a 39 anos (por mil hab.)"
3555109,"Tupi Paulista",1.065964384,2024,"Longevidade",1.28,"Taxas de mortalidade 15 a 39 anos (por mil hab.)"
3555208,"Turiúba",2.980625931,2014,"Longevidade",1.32,"Taxas de mortalidade 15 a 39 anos (por mil hab.)"
3555208,"Turiúba",1.028806584,2016,"Longevidade",1.19,"Taxas de mortalidade 15 a 39 anos (por mil hab.)"
3555208,"Turiúba",1.545595054,2018,"Longevidade",1.15,"Taxas de mortalidade 15 a 39 anos (por mil hab.)"
3555208,"Turiúba",1.063264221,2020,"Longevidade",1.17,"Taxas de mortalidade 15 a 39 anos (por mil hab.)"
3555208,"Turiúba",1.078748652,2022,"Longevidade",1.39,"Taxas de mortalidade 15 a 39 anos (por mil hab.)"
3555307,"Turmalina",2.196595277,2014,"Longevidade",1.32,"Taxas de mortalidade 15 a 39 anos (por mil hab.)"
3555307,"Turmalina",0.56980057,2016,"Longevidade",1.19,"Taxas de mortalidade 15 a 39 anos (por mil hab.)"
3555307,"Turmalina",0.575705239,2018,"Longevidade",1.15,"Taxas de mortalidade 15 a 39 anos (por mil hab.)"
3555307,"Turmalina",1.182033097,2020,"Longevidade",1.17,"Taxas de mortalidade 15 a 39 anos (por mil hab.)"
3555356,"Ubarana",1.258917331,2014,"Longevidade",1.32,"Taxas de mortalidade 15 a 39 anos (por mil hab.)"
3555356,"Ubarana",1.74379611,2016,"Longevidade",1.19,"Taxas de mortalidade 15 a 39 anos (por mil hab.)"
3555356,"Ubarana",0.929985386,2018,"Longevidade",1.15,"Taxas de mortalidade 15 a 39 anos (por mil hab.)"
3555356,"Ubarana",0.523903078,2020,"Longevidade",1.17,"Taxas de mortalidade 15 a 39 anos (por mil hab.)"
3555356,"Ubarana",1.042888802,2022,"Longevidade",1.39,"Taxas de mortalidade 15 a 39 anos (por mil hab.)"
3555356,"Ubarana",1.529831719,2024,"Longevidade",1.28,"Taxas de mortalidade 15 a 39 anos (por mil hab.)"
3555406,"Ubatuba",1.512280097,2014,"Longevidade",1.32,"Taxas de mortalidade 15 a 39 anos (por mil hab.)"
3555406,"Ubatuba",1.50812713,2016,"Longevidade",1.19,"Taxas de mortalidade 15 a 39 anos (por mil hab.)"
3555406,"Ubatuba",1.421127428,2018,"Longevidade",1.15,"Taxas de mortalidade 15 a 39 anos (por mil hab.)"
3555406,"Ubatuba",1.498127341,2020,"Longevidade",1.17,"Taxas de mortalidade 15 a 39 anos (por mil hab.)"
3555406,"Ubatuba",1.675320949,2022,"Longevidade",1.39,"Taxas de mortalidade 15 a 39 anos (por mil hab.)"
3555406,"Ubatuba",1.657898015,2024,"Longevidade",1.28,"Taxas de mortalidade 15 a 39 anos (por mil hab.)"
3555505,"Ubirajara",1.132502831,2014,"Longevidade",1.32,"Taxas de mortalidade 15 a 39 anos (por mil hab.)"
3555505,"Ubirajara",1.84569952,2016,"Longevidade",1.19,"Taxas de mortalidade 15 a 39 anos (por mil hab.)"
3555505,"Ubirajara",2.406070701,2018,"Longevidade",1.15,"Taxas de mortalidade 15 a 39 anos (por mil hab.)"
3555505,"Ubirajara",2.216066482,2020,"Longevidade",1.17,"Taxas de mortalidade 15 a 39 anos (por mil hab.)"
3555505,"Ubirajara",1.49142431,2022,"Longevidade",1.39,"Taxas de mortalidade 15 a 39 anos (por mil hab.)"
3555505,"Ubirajara",1.610305958,2024,"Longevidade",1.28,"Taxas de mortalidade 15 a 39 anos (por mil hab.)"
3555604,"Uchoa",1.538183134,2014,"Longevidade",1.32,"Taxas de mortalidade 15 a 39 anos (por mil hab.)"
3555604,"Uchoa",1.00209529,2016,"Longevidade",1.19,"Taxas de mortalidade 15 a 39 anos (por mil hab.)"
3555604,"Uchoa",0.732600733,2018,"Longevidade",1.15,"Taxas de mortalidade 15 a 39 anos (por mil hab.)"
3555604,"Uchoa",0.834724541,2020,"Longevidade",1.17,"Taxas de mortalidade 15 a 39 anos (por mil hab.)"
3555604,"Uchoa",1.039599282,2022,"Longevidade",1.39,"Taxas de mortalidade 15 a 39 anos (por mil hab.)"
3555604,"Uchoa",1.070872274,2024,"Longevidade",1.28,"Taxas de mortalidade 15 a 39 anos (por mil hab.)"
3555703,"União Paulista",0.998003992,2014,"Longevidade",1.32,"Taxas de mortalidade 15 a 39 anos (por mil hab.)"
3555703,"União Paulista",0.974658869,2016,"Longevidade",1.19,"Taxas de mortalidade 15 a 39 anos (por mil hab.)"
3555703,"União Paulista",0.978952521,2018,"Longevidade",1.15,"Taxas de mortalidade 15 a 39 anos (por mil hab.)"
3555703,"União Paulista",1.492537313,2020,"Longevidade",1.17,"Taxas de mortalidade 15 a 39 anos (por mil hab.)"
3555703,"União Paulista",1.9990005,2022,"Longevidade",1.39,"Taxas de mortalidade 15 a 39 anos (por mil hab.)"
3555703,"União Paulista",2.343292326,2024,"Longevidade",1.28,"Taxas de mortalidade 15 a 39 anos (por mil hab.)"
3555802,"Urânia",1.225865768,2014,"Longevidade",1.32,"Taxas de mortalidade 15 a 39 anos (por mil hab.)"
3555802,"Urânia",1.156677182,2016,"Longevidade",1.19,"Taxas de mortalidade 15 a 39 anos (por mil hab.)"
3555802,"Urânia",0.958160332,2018,"Longevidade",1.15,"Taxas de mortalidade 15 a 39 anos (por mil hab.)"
3555802,"Urânia",1.310186702,2020,"Longevidade",1.17,"Taxas de mortalidade 15 a 39 anos (por mil hab.)"
3555802,"Urânia",1.575512041,2022,"Longevidade",1.39,"Taxas de mortalidade 15 a 39 anos (por mil hab.)"
3555802,"Urânia",1.102941176,2024,"Longevidade",1.28,"Taxas de mortalidade 15 a 39 anos (por mil hab.)"
3555901,"Uru",2.173913043,2014,"Longevidade",1.32,"Taxas de mortalidade 15 a 39 anos (por mil hab.)"
3555901,"Uru",3.728560776,2016,"Longevidade",1.19,"Taxas de mortalidade 15 a 39 anos (por mil hab.)"
3555901,"Uru",3.770739065,2018,"Longevidade",1.15,"Taxas de mortalidade 15 a 39 anos (por mil hab.)"
3555901,"Uru",2.320185615,2020,"Longevidade",1.17,"Taxas de mortalidade 15 a 39 anos (por mil hab.)"
3555901,"Uru",3.996802558,2022,"Longevidade",1.39,"Taxas de mortalidade 15 a 39 anos (por mil hab.)"
3555901,"Uru",1.675041876,2024,"Longevidade",1.28,"Taxas de mortalidade 15 a 39 anos (por mil hab.)"
3556008,"Urupês",1.499046062,2014,"Longevidade",1.32,"Taxas de mortalidade 15 a 39 anos (por mil hab.)"
3556008,"Urupês",1.227998363,2016,"Longevidade",1.19,"Taxas de mortalidade 15 a 39 anos (por mil hab.)"
3556008,"Urupês",1.373437715,2018,"Longevidade",1.15,"Taxas de mortalidade 15 a 39 anos (por mil hab.)"
3556008,"Urupês",1.454394349,2020,"Longevidade",1.17,"Taxas de mortalidade 15 a 39 anos (por mil hab.)"
3556008,"Urupês",1.204136563,2022,"Longevidade",1.39,"Taxas de mortalidade 15 a 39 anos (por mil hab.)"
3556008,"Urupês",0.945729667,2024,"Longevidade",1.28,"Taxas de mortalidade 15 a 39 anos (por mil hab.)"
3556107,"Valentim Gentil",1.49142431,2014,"Longevidade",1.32,"Taxas de mortalidade 15 a 39 anos (por mil hab.)"
3556107,"Valentim Gentil",0.65321053,2016,"Longevidade",1.19,"Taxas de mortalidade 15 a 39 anos (por mil hab.)"
3556107,"Valentim Gentil",0.716986051,2018,"Longevidade",1.15,"Taxas de mortalidade 15 a 39 anos (por mil hab.)"
3556107,"Valentim Gentil",1.357641583,2020,"Longevidade",1.17,"Taxas de mortalidade 15 a 39 anos (por mil hab.)"
3556107,"Valentim Gentil",2.074419811,2022,"Longevidade",1.39,"Taxas de mortalidade 15 a 39 anos (por mil hab.)"
3556107,"Valentim Gentil",1.341510157,2024,"Longevidade",1.28,"Taxas de mortalidade 15 a 39 anos (por mil hab.)"
3556206,"Valinhos",0.842041627,2014,"Longevidade",1.32,"Taxas de mortalidade 15 a 39 anos (por mil hab.)"
3556206,"Valinhos",0.684075695,2016,"Longevidade",1.19,"Taxas de mortalidade 15 a 39 anos (por mil hab.)"
3556206,"Valinhos",0.58643656,2018,"Longevidade",1.15,"Taxas de mortalidade 15 a 39 anos (por mil hab.)"
3556206,"Valinhos",0.656621751,2020,"Longevidade",1.17,"Taxas de mortalidade 15 a 39 anos (por mil hab.)"
3556206,"Valinhos",1.021112379,2022,"Longevidade",1.39,"Taxas de mortalidade 15 a 39 anos (por mil hab.)"
3556206,"Valinhos",0.966939866,2024,"Longevidade",1.28,"Taxas de mortalidade 15 a 39 anos (por mil hab.)"
3556305,"Valparaíso",1.261193089,2014,"Longevidade",1.32,"Taxas de mortalidade 15 a 39 anos (por mil hab.)"
3556305,"Valparaíso",1.102709515,2016,"Longevidade",1.19,"Taxas de mortalidade 15 a 39 anos (por mil hab.)"
3556305,"Valparaíso",0.886524823,2018,"Longevidade",1.15,"Taxas de mortalidade 15 a 39 anos (por mil hab.)"
3556305,"Valparaíso",0.799974401,2020,"Longevidade",1.17,"Taxas de mortalidade 15 a 39 anos (por mil hab.)"
3556305,"Valparaíso",1.034794981,2022,"Longevidade",1.39,"Taxas de mortalidade 15 a 39 anos (por mil hab.)"
3556305,"Valparaíso",1.218375976,2024,"Longevidade",1.28,"Taxas de mortalidade 15 a 39 anos (por mil hab.)"
3556354,"Vargem",1.427551749,2014,"Longevidade",1.32,"Taxas de mortalidade 15 a 39 anos (por mil hab.)"
3556354,"Vargem",0.761035008,2016,"Longevidade",1.19,"Taxas de mortalidade 15 a 39 anos (por mil hab.)"
3556354,"Vargem",0.669512093,2018,"Longevidade",1.15,"Taxas de mortalidade 15 a 39 anos (por mil hab.)"
3556354,"Vargem",0.98352594,2020,"Longevidade",1.17,"Taxas de mortalidade 15 a 39 anos (por mil hab.)"
3556354,"Vargem",1.541332035,2022,"Longevidade",1.39,"Taxas de mortalidade 15 a 39 anos (por mil hab.)"
3556354,"Vargem",1.415052622,2024,"Longevidade",1.28,"Taxas de mortalidade 15 a 39 anos (por mil hab.)"
3556404,"Vargem Grande do Sul",1.301427372,2014,"Longevidade",1.32,"Taxas de mortalidade 15 a 39 anos (por mil hab.)"
3556404,"Vargem Grande do Sul",0.903000903,2016,"Longevidade",1.19,"Taxas de mortalidade 15 a 39 anos (por mil hab.)"
3556404,"Vargem Grande do Sul",0.928681483,2018,"Longevidade",1.15,"Taxas de mortalidade 15 a 39 anos (por mil hab.)"
3556404,"Vargem Grande do Sul",0.960430273,2020,"Longevidade",1.17,"Taxas de mortalidade 15 a 39 anos (por mil hab.)"
3556404,"Vargem Grande do Sul",1.450310626,2022,"Longevidade",1.39,"Taxas de mortalidade 15 a 39 anos (por mil hab.)"
3556404,"Vargem Grande do Sul",1.338028169,2024,"Longevidade",1.28,"Taxas de mortalidade 15 a 39 anos (por mil hab.)"
3556453,"Vargem Grande Paulista",1.10089257,2014,"Longevidade",1.32,"Taxas de mortalidade 15 a 39 anos (por mil hab.)"
3556453,"Vargem Grande Paulista",1.065581711,2016,"Longevidade",1.19,"Taxas de mortalidade 15 a 39 anos (por mil hab.)"
3556453,"Vargem Grande Paulista",1.104707012,2018,"Longevidade",1.15,"Taxas de mortalidade 15 a 39 anos (por mil hab.)"
3556453,"Vargem Grande Paulista",1.134215501,2020,"Longevidade",1.17,"Taxas de mortalidade 15 a 39 anos (por mil hab.)"
3556453,"Vargem Grande Paulista",1.185074301,2022,"Longevidade",1.39,"Taxas de mortalidade 15 a 39 anos (por mil hab.)"
3556453,"Vargem Grande Paulista",1.321513133,2024,"Longevidade",1.28,"Taxas de mortalidade 15 a 39 anos (por mil hab.)"
3556503,"Várzea Paulista",1.17330295,2014,"Longevidade",1.32,"Taxas de mortalidade 15 a 39 anos (por mil hab.)"
3556503,"Várzea Paulista",0.948154125,2016,"Longevidade",1.19,"Taxas de mortalidade 15 a 39 anos (por mil hab.)"
3556503,"Várzea Paulista",1.032534975,2018,"Longevidade",1.15,"Taxas de mortalidade 15 a 39 anos (por mil hab.)"
3556503,"Várzea Paulista",1.061181176,2020,"Longevidade",1.17,"Taxas de mortalidade 15 a 39 anos (por mil hab.)"
3556503,"Várzea Paulista",1.201350484,2022,"Longevidade",1.39,"Taxas de mortalidade 15 a 39 anos (por mil hab.)"
3556503,"Várzea Paulista",0.964093053,2024,"Longevidade",1.28,"Taxas de mortalidade 15 a 39 anos (por mil hab.)"
3556602,"Vera Cruz",1.469147894,2014,"Longevidade",1.32,"Taxas de mortalidade 15 a 39 anos (por mil hab.)"
3556602,"Vera Cruz",1.411725627,2016,"Longevidade",1.19,"Taxas de mortalidade 15 a 39 anos (por mil hab.)"
3556602,"Vera Cruz",1.42557652,2018,"Longevidade",1.15,"Taxas de mortalidade 15 a 39 anos (por mil hab.)"
3556602,"Vera Cruz",0.856898029,2020,"Longevidade",1.17,"Taxas de mortalidade 15 a 39 anos (por mil hab.)"
3556602,"Vera Cruz",1.138553162,2022,"Longevidade",1.39,"Taxas de mortalidade 15 a 39 anos (por mil hab.)"
3556602,"Vera Cruz",1.977312936,2024,"Longevidade",1.28,"Taxas de mortalidade 15 a 39 anos (por mil hab.)"
3556701,"Vinhedo",0.824478895,2014,"Longevidade",1.32,"Taxas de mortalidade 15 a 39 anos (por mil hab.)"
3556701,"Vinhedo",0.600881293,2016,"Longevidade",1.19,"Taxas de mortalidade 15 a 39 anos (por mil hab.)"
3556701,"Vinhedo",0.630140621,2018,"Longevidade",1.15,"Taxas de mortalidade 15 a 39 anos (por mil hab.)"
3556701,"Vinhedo",0.742268942,2020,"Longevidade",1.17,"Taxas de mortalidade 15 a 39 anos (por mil hab.)"
3556701,"Vinhedo",1.123987865,2022,"Longevidade",1.39,"Taxas de mortalidade 15 a 39 anos (por mil hab.)"
3556701,"Vinhedo",0.909691328,2024,"Longevidade",1.28,"Taxas de mortalidade 15 a 39 anos (por mil hab.)"
3556800,"Viradouro",1.174026912,2014,"Longevidade",1.32,"Taxas de mortalidade 15 a 39 anos (por mil hab.)"
3556800,"Viradouro",0.763084658,2016,"Longevidade",1.19,"Taxas de mortalidade 15 a 39 anos (por mil hab.)"
3556800,"Viradouro",0.811798133,2018,"Longevidade",1.15,"Taxas de mortalidade 15 a 39 anos (por mil hab.)"
3556800,"Viradouro",0.773711997,2020,"Longevidade",1.17,"Taxas de mortalidade 15 a 39 anos (por mil hab.)"
3556800,"Viradouro",1.343152239,2022,"Longevidade",1.39,"Taxas de mortalidade 15 a 39 anos (por mil hab.)"
3556800,"Viradouro",1.189368084,2024,"Longevidade",1.28,"Taxas de mortalidade 15 a 39 anos (por mil hab.)"
3556909,"Vista Alegre do Alto",1.312335958,2014,"Longevidade",1.32,"Taxas de mortalidade 15 a 39 anos (por mil hab.)"
3556909,"Vista Alegre do Alto",0.388500389,2016,"Longevidade",1.19,"Taxas de mortalidade 15 a 39 anos (por mil hab.)"
3556909,"Vista Alegre do Alto",0.388048118,2018,"Longevidade",1.15,"Taxas de mortalidade 15 a 39 anos (por mil hab.)"
3556909,"Vista Alegre do Alto",0.385467862,2020,"Longevidade",1.17,"Taxas de mortalidade 15 a 39 anos (por mil hab.)"
3556909,"Vista Alegre do Alto",1.068064861,2022,"Longevidade",1.39,"Taxas de mortalidade 15 a 39 anos (por mil hab.)"
3556909,"Vista Alegre do Alto",0.834115316,2024,"Longevidade",1.28,"Taxas de mortalidade 15 a 39 anos (por mil hab.)"
3556958,"Vitória Brasil",2.886002886,2014,"Longevidade",1.32,"Taxas de mortalidade 15 a 39 anos (por mil hab.)"
3556958,"Vitória Brasil",0.490918017,2016,"Longevidade",1.19,"Taxas de mortalidade 15 a 39 anos (por mil hab.)"
3556958,"Vitória Brasil",0.49382716,2018,"Longevidade",1.15,"Taxas de mortalidade 15 a 39 anos (por mil hab.)"
3556958,"Vitória Brasil",0.578703704,2024,"Longevidade",1.28,"Taxas de mortalidade 15 a 39 anos (por mil hab.)"
3557006,"Votorantim",1.349862259,2014,"Longevidade",1.32,"Taxas de mortalidade 15 a 39 anos (por mil hab.)"
3557006,"Votorantim",1.30622908,2016,"Longevidade",1.19,"Taxas de mortalidade 15 a 39 anos (por mil hab.)"
3557006,"Votorantim",1.363912246,2018,"Longevidade",1.15,"Taxas de mortalidade 15 a 39 anos (por mil hab.)"
3557006,"Votorantim",1.254576118,2020,"Longevidade",1.17,"Taxas de mortalidade 15 a 39 anos (por mil hab.)"
3557006,"Votorantim",1.764293206,2022,"Longevidade",1.39,"Taxas de mortalidade 15 a 39 anos (por mil hab.)"
3557006,"Votorantim",1.325447927,2024,"Longevidade",1.28,"Taxas de mortalidade 15 a 39 anos (por mil hab.)"
3557105,"Votuporanga",1.331800326,2014,"Longevidade",1.32,"Taxas de mortalidade 15 a 39 anos (por mil hab.)"
3557105,"Votuporanga",0.87584014,2016,"Longevidade",1.19,"Taxas de mortalidade 15 a 39 anos (por mil hab.)"
3557105,"Votuporanga",0.955630095,2018,"Longevidade",1.15,"Taxas de mortalidade 15 a 39 anos (por mil hab.)"
3557105,"Votuporanga",1.174624265,2020,"Longevidade",1.17,"Taxas de mortalidade 15 a 39 anos (por mil hab.)"
3557105,"Votuporanga",1.52564253,2022,"Longevidade",1.39,"Taxas de mortalidade 15 a 39 anos (por mil hab.)"
3557105,"Votuporanga",1.253827088,2024,"Longevidade",1.28,"Taxas de mortalidade 15 a 39 anos (por mil hab.)"
3557154,"Zacarias",0.716075904,2014,"Longevidade",1.32,"Taxas de mortalidade 15 a 39 anos (por mil hab.)"
3557154,"Zacarias",2.087682672,2016,"Longevidade",1.19,"Taxas de mortalidade 15 a 39 anos (por mil hab.)"
3557154,"Zacarias",1.734304544,2018,"Longevidade",1.15,"Taxas de mortalidade 15 a 39 anos (por mil hab.)"
3557154,"Zacarias",1.024590164,2020,"Longevidade",1.17,"Taxas de mortalidade 15 a 39 anos (por mil hab.)"
3557154,"Zacarias",1.711156742,2022,"Longevidade",1.39,"Taxas de mortalidade 15 a 39 anos (por mil hab.)"
3557154,"Zacarias",1.226993865,2024,"Longevidade",1.28,"Taxas de mortalidade 15 a 39 anos (por mil hab.)"
3557204,"Chavantes",1.329415057,2014,"Longevidade",1.32,"Taxas de mortalidade 15 a 39 anos (por mil hab.)"
3557204,"Chavantes",1.636428317,2016,"Longevidade",1.19,"Taxas de mortalidade 15 a 39 anos (por mil hab.)"
3557204,"Chavantes",1.369369369,2018,"Longevidade",1.15,"Taxas de mortalidade 15 a 39 anos (por mil hab.)"
3557204,"Chavantes",0.809776207,2020,"Longevidade",1.17,"Taxas de mortalidade 15 a 39 anos (por mil hab.)"
3557204,"Chavantes",1.129943503,2022,"Longevidade",1.39,"Taxas de mortalidade 15 a 39 anos (por mil hab.)"
3557204,"Chavantes",1.969473166,2024,"Longevidade",1.28,"Taxas de mortalidade 15 a 39 anos (por mil hab.)"
3557303,"Estiva Gerbi",1.207456041,2014,"Longevidade",1.32,"Taxas de mortalidade 15 a 39 anos (por mil hab.)"
3557303,"Estiva Gerbi",1.037267541,2016,"Longevidade",1.19,"Taxas de mortalidade 15 a 39 anos (por mil hab.)"
3557303,"Estiva Gerbi",0.816265954,2018,"Longevidade",1.15,"Taxas de mortalidade 15 a 39 anos (por mil hab.)"
3557303,"Estiva Gerbi",0.888494003,2020,"Longevidade",1.17,"Taxas de mortalidade 15 a 39 anos (por mil hab.)"
3557303,"Estiva Gerbi",1.343484102,2022,"Longevidade",1.39,"Taxas de mortalidade 15 a 39 anos (por mil hab.)"
3557303,"Estiva Gerbi",0.960845544,2024,"Longevidade",1.28,"Taxas de mortalidade 15 a 39 anos (por mil hab.)"
