"cod_ibge","municipio","valor","ano","tipo","valor_estado","metrica"
3500105,"Adamantina",43.39493498,2014,"Escolaridade",38.5,"Taxas de atendimento escolar de crianças de 0 a 3 anos (%)"
3500105,"Adamantina",48.25938567,2016,"Escolaridade",42.77,"Taxas de atendimento escolar de crianças de 0 a 3 anos (%)"
3500105,"Adamantina",51.52807392,2018,"Escolaridade",47.19,"Taxas de atendimento escolar de crianças de 0 a 3 anos (%)"
3500105,"Adamantina",53.65853659,2020,"Escolaridade",48.28,"Taxas de atendimento escolar de crianças de 0 a 3 anos (%)"
3500105,"Adamantina",54.55938697,2022,"Escolaridade",48.85,"Taxas de atendimento escolar de crianças de 0 a 3 anos (%)"
3500105,"Adamantina",74.79740681,2024,"Escolaridade",51.53,"Taxas de atendimento escolar de crianças de 0 a 3 anos (%)"
3500204,"Adolfo",40.14084507,2014,"Escolaridade",38.5,"Taxas de atendimento escolar de crianças de 0 a 3 anos (%)"
3500204,"Adolfo",70.0729927,2016,"Escolaridade",42.77,"Taxas de atendimento escolar de crianças de 0 a 3 anos (%)"
3500204,"Adolfo",79.25925926,2018,"Escolaridade",47.19,"Taxas de atendimento escolar de crianças de 0 a 3 anos (%)"
3500204,"Adolfo",78.94736842,2020,"Escolaridade",48.28,"Taxas de atendimento escolar de crianças de 0 a 3 anos (%)"
3500204,"Adolfo",83.33333333,2022,"Escolaridade",48.85,"Taxas de atendimento escolar de crianças de 0 a 3 anos (%)"
3500204,"Adolfo",101.6666667,2024,"Escolaridade",51.53,"Taxas de atendimento escolar de crianças de 0 a 3 anos (%)"
3500303,"Aguaí",23.12599681,2014,"Escolaridade",38.5,"Taxas de atendimento escolar de crianças de 0 a 3 anos (%)"
3500303,"Aguaí",24.45738486,2016,"Escolaridade",42.77,"Taxas de atendimento escolar de crianças de 0 a 3 anos (%)"
3500303,"Aguaí",32.80590717,2018,"Escolaridade",47.19,"Taxas de atendimento escolar de crianças de 0 a 3 anos (%)"
3500303,"Aguaí",32.33280674,2020,"Escolaridade",48.28,"Taxas de atendimento escolar de crianças de 0 a 3 anos (%)"
3500303,"Aguaí",34.04710921,2022,"Escolaridade",48.85,"Taxas de atendimento escolar de crianças de 0 a 3 anos (%)"
3500303,"Aguaí",36.56387665,2024,"Escolaridade",51.53,"Taxas de atendimento escolar de crianças de 0 a 3 anos (%)"
3500402,"Águas da Prata",15.03267974,2014,"Escolaridade",38.5,"Taxas de atendimento escolar de crianças de 0 a 3 anos (%)"
3500402,"Águas da Prata",26.82119205,2016,"Escolaridade",42.77,"Taxas de atendimento escolar de crianças de 0 a 3 anos (%)"
3500402,"Águas da Prata",39.9339934,2018,"Escolaridade",47.19,"Taxas de atendimento escolar de crianças de 0 a 3 anos (%)"
3500402,"Águas da Prata",37.08609272,2020,"Escolaridade",48.28,"Taxas de atendimento escolar de crianças de 0 a 3 anos (%)"
3500402,"Águas da Prata",36.05442177,2022,"Escolaridade",48.85,"Taxas de atendimento escolar de crianças de 0 a 3 anos (%)"
3500402,"Águas da Prata",33.45070423,2024,"Escolaridade",51.53,"Taxas de atendimento escolar de crianças de 0 a 3 anos (%)"
3500501,"Águas de Lindóia",43.53405726,2014,"Escolaridade",38.5,"Taxas de atendimento escolar de crianças de 0 a 3 anos (%)"
3500501,"Águas de Lindóia",43.39981007,2016,"Escolaridade",42.77,"Taxas de atendimento escolar de crianças de 0 a 3 anos (%)"
3500501,"Águas de Lindóia",48.45154845,2018,"Escolaridade",47.19,"Taxas de atendimento escolar de crianças de 0 a 3 anos (%)"
3500501,"Águas de Lindóia",50.36958817,2020,"Escolaridade",48.28,"Taxas de atendimento escolar de crianças de 0 a 3 anos (%)"
3500501,"Águas de Lindóia",48.53420195,2022,"Escolaridade",48.85,"Taxas de atendimento escolar de crianças de 0 a 3 anos (%)"
3500501,"Águas de Lindóia",49.54648526,2024,"Escolaridade",51.53,"Taxas de atendimento escolar de crianças de 0 a 3 anos (%)"
3500550,"Águas de Santa Bárbara",50.32467532,2014,"Escolaridade",38.5,"Taxas de atendimento escolar de crianças de 0 a 3 anos (%)"
3500550,"Águas de Santa Bárbara",83.76623377,2016,"Escolaridade",42.77,"Taxas de atendimento escolar de crianças de 0 a 3 anos (%)"
3500550,"Águas de Santa Bárbara",52.45901639,2018,"Escolaridade",47.19,"Taxas de atendimento escolar de crianças de 0 a 3 anos (%)"
3500550,"Águas de Santa Bárbara",50.65789474,2020,"Escolaridade",48.28,"Taxas de atendimento escolar de crianças de 0 a 3 anos (%)"
3500550,"Águas de Santa Bárbara",63.5451505,2022,"Escolaridade",48.85,"Taxas de atendimento escolar de crianças de 0 a 3 anos (%)"
3500550,"Águas de Santa Bárbara",59.10652921,2024,"Escolaridade",51.53,"Taxas de atendimento escolar de crianças de 0 a 3 anos (%)"
3500600,"Águas de São Pedro",79.33884298,2014,"Escolaridade",38.5,"Taxas de atendimento escolar de crianças de 0 a 3 anos (%)"
3500600,"Águas de São Pedro",62.87878788,2016,"Escolaridade",42.77,"Taxas de atendimento escolar de crianças de 0 a 3 anos (%)"
3500600,"Águas de São Pedro",54.81481481,2018,"Escolaridade",47.19,"Taxas de atendimento escolar de crianças de 0 a 3 anos (%)"
3500600,"Águas de São Pedro",68.65671642,2020,"Escolaridade",48.28,"Taxas de atendimento escolar de crianças de 0 a 3 anos (%)"
3500600,"Águas de São Pedro",77.03703704,2022,"Escolaridade",48.85,"Taxas de atendimento escolar de crianças de 0 a 3 anos (%)"
3500600,"Águas de São Pedro",75,2024,"Escolaridade",51.53,"Taxas de atendimento escolar de crianças de 0 a 3 anos (%)"
3500709,"Agudos",49.03293257,2014,"Escolaridade",38.5,"Taxas de atendimento escolar de crianças de 0 a 3 anos (%)"
3500709,"Agudos",55.35620053,2016,"Escolaridade",42.77,"Taxas de atendimento escolar de crianças de 0 a 3 anos (%)"
3500709,"Agudos",56.28032345,2018,"Escolaridade",47.19,"Taxas de atendimento escolar de crianças de 0 a 3 anos (%)"
3500709,"Agudos",57.63927192,2020,"Escolaridade",48.28,"Taxas de atendimento escolar de crianças de 0 a 3 anos (%)"
3500709,"Agudos",55.63739377,2022,"Escolaridade",48.85,"Taxas de atendimento escolar de crianças de 0 a 3 anos (%)"
3500709,"Agudos",64.42477876,2024,"Escolaridade",51.53,"Taxas de atendimento escolar de crianças de 0 a 3 anos (%)"
3500758,"Alambari",40.07352941,2014,"Escolaridade",38.5,"Taxas de atendimento escolar de crianças de 0 a 3 anos (%)"
3500758,"Alambari",46.20938628,2016,"Escolaridade",42.77,"Taxas de atendimento escolar de crianças de 0 a 3 anos (%)"
3500758,"Alambari",38.06228374,2018,"Escolaridade",47.19,"Taxas de atendimento escolar de crianças de 0 a 3 anos (%)"
3500758,"Alambari",33.88704319,2020,"Escolaridade",48.28,"Taxas de atendimento escolar de crianças de 0 a 3 anos (%)"
3500758,"Alambari",42.29508197,2022,"Escolaridade",48.85,"Taxas de atendimento escolar de crianças de 0 a 3 anos (%)"
3500758,"Alambari",38.585209,2024,"Escolaridade",51.53,"Taxas de atendimento escolar de crianças de 0 a 3 anos (%)"
3500808,"Alfredo Marcondes",42.48366013,2014,"Escolaridade",38.5,"Taxas de atendimento escolar de crianças de 0 a 3 anos (%)"
3500808,"Alfredo Marcondes",60.78431373,2016,"Escolaridade",42.77,"Taxas de atendimento escolar de crianças de 0 a 3 anos (%)"
3500808,"Alfredo Marcondes",74.4966443,2018,"Escolaridade",47.19,"Taxas de atendimento escolar de crianças de 0 a 3 anos (%)"
3500808,"Alfredo Marcondes",80.68965517,2020,"Escolaridade",48.28,"Taxas de atendimento escolar de crianças de 0 a 3 anos (%)"
3500808,"Alfredo Marcondes",85.31468531,2022,"Escolaridade",48.85,"Taxas de atendimento escolar de crianças de 0 a 3 anos (%)"
3500808,"Alfredo Marcondes",70.58823529,2024,"Escolaridade",51.53,"Taxas de atendimento escolar de crianças de 0 a 3 anos (%)"
3500907,"Altair",35.67839196,2014,"Escolaridade",38.5,"Taxas de atendimento escolar de crianças de 0 a 3 anos (%)"
3500907,"Altair",49.21465969,2016,"Escolaridade",42.77,"Taxas de atendimento escolar de crianças de 0 a 3 anos (%)"
3500907,"Altair",56.25,2018,"Escolaridade",47.19,"Taxas de atendimento escolar de crianças de 0 a 3 anos (%)"
3500907,"Altair",45.3125,2020,"Escolaridade",48.28,"Taxas de atendimento escolar de crianças de 0 a 3 anos (%)"
3500907,"Altair",38.37837838,2022,"Escolaridade",48.85,"Taxas de atendimento escolar de crianças de 0 a 3 anos (%)"
3500907,"Altair",43.25842697,2024,"Escolaridade",51.53,"Taxas de atendimento escolar de crianças de 0 a 3 anos (%)"
3501004,"Altinópolis",38.75338753,2014,"Escolaridade",38.5,"Taxas de atendimento escolar de crianças de 0 a 3 anos (%)"
3501004,"Altinópolis",47.34693878,2016,"Escolaridade",42.77,"Taxas de atendimento escolar de crianças de 0 a 3 anos (%)"
3501004,"Altinópolis",54.96503497,2018,"Escolaridade",47.19,"Taxas de atendimento escolar de crianças de 0 a 3 anos (%)"
3501004,"Altinópolis",61.95965418,2020,"Escolaridade",48.28,"Taxas de atendimento escolar de crianças de 0 a 3 anos (%)"
3501004,"Altinópolis",56.95266272,2022,"Escolaridade",48.85,"Taxas de atendimento escolar de crianças de 0 a 3 anos (%)"
3501004,"Altinópolis",62.57763975,2024,"Escolaridade",51.53,"Taxas de atendimento escolar de crianças de 0 a 3 anos (%)"
3501103,"Alto Alegre",27.38853503,2014,"Escolaridade",38.5,"Taxas de atendimento escolar de crianças de 0 a 3 anos (%)"
3501103,"Alto Alegre",32.45033113,2016,"Escolaridade",42.77,"Taxas de atendimento escolar de crianças de 0 a 3 anos (%)"
3501103,"Alto Alegre",33.55263158,2018,"Escolaridade",47.19,"Taxas de atendimento escolar de crianças de 0 a 3 anos (%)"
3501103,"Alto Alegre",19.33333333,2020,"Escolaridade",48.28,"Taxas de atendimento escolar de crianças de 0 a 3 anos (%)"
3501103,"Alto Alegre",28.08219178,2022,"Escolaridade",48.85,"Taxas de atendimento escolar de crianças de 0 a 3 anos (%)"
3501103,"Alto Alegre",32.60869565,2024,"Escolaridade",51.53,"Taxas de atendimento escolar de crianças de 0 a 3 anos (%)"
3501152,"Alumínio",30.602171770000002,2014,"Escolaridade",38.5,"Taxas de atendimento escolar de crianças de 0 a 3 anos (%)"
3501152,"Alumínio",35.57312253,2016,"Escolaridade",42.77,"Taxas de atendimento escolar de crianças de 0 a 3 anos (%)"
3501152,"Alumínio",39.39698492,2018,"Escolaridade",47.19,"Taxas de atendimento escolar de crianças de 0 a 3 anos (%)"
3501152,"Alumínio",38.62704918,2020,"Escolaridade",48.28,"Taxas de atendimento escolar de crianças de 0 a 3 anos (%)"
3501152,"Alumínio",33.05613306,2022,"Escolaridade",48.85,"Taxas de atendimento escolar de crianças de 0 a 3 anos (%)"
3501152,"Alumínio",45.19230769,2024,"Escolaridade",51.53,"Taxas de atendimento escolar de crianças de 0 a 3 anos (%)"
3501202,"Álvares Florence",61.94690265,2014,"Escolaridade",38.5,"Taxas de atendimento escolar de crianças de 0 a 3 anos (%)"
3501202,"Álvares Florence",67.61904762,2016,"Escolaridade",42.77,"Taxas de atendimento escolar de crianças de 0 a 3 anos (%)"
3501202,"Álvares Florence",87.73584906,2018,"Escolaridade",47.19,"Taxas de atendimento escolar de crianças de 0 a 3 anos (%)"
3501202,"Álvares Florence",65.42056075,2020,"Escolaridade",48.28,"Taxas de atendimento escolar de crianças de 0 a 3 anos (%)"
3501202,"Álvares Florence",79.20792079,2022,"Escolaridade",48.85,"Taxas de atendimento escolar de crianças de 0 a 3 anos (%)"
3501202,"Álvares Florence",82.4742268,2024,"Escolaridade",51.53,"Taxas de atendimento escolar de crianças de 0 a 3 anos (%)"
3501301,"Álvares Machado",28.00369686,2014,"Escolaridade",38.5,"Taxas de atendimento escolar de crianças de 0 a 3 anos (%)"
3501301,"Álvares Machado",31.58388004,2016,"Escolaridade",42.77,"Taxas de atendimento escolar de crianças de 0 a 3 anos (%)"
3501301,"Álvares Machado",44.48669202,2018,"Escolaridade",47.19,"Taxas de atendimento escolar de crianças de 0 a 3 anos (%)"
3501301,"Álvares Machado",43.53281853,2020,"Escolaridade",48.28,"Taxas de atendimento escolar de crianças de 0 a 3 anos (%)"
3501301,"Álvares Machado",48.42829077,2022,"Escolaridade",48.85,"Taxas de atendimento escolar de crianças de 0 a 3 anos (%)"
3501301,"Álvares Machado",62.36125126,2024,"Escolaridade",51.53,"Taxas de atendimento escolar de crianças de 0 a 3 anos (%)"
3501400,"Álvaro de Carvalho",33.33333333,2014,"Escolaridade",38.5,"Taxas de atendimento escolar de crianças de 0 a 3 anos (%)"
3501400,"Álvaro de Carvalho",35.52631579,2016,"Escolaridade",42.77,"Taxas de atendimento escolar de crianças de 0 a 3 anos (%)"
3501400,"Álvaro de Carvalho",38.0952381,2018,"Escolaridade",47.19,"Taxas de atendimento escolar de crianças de 0 a 3 anos (%)"
3501400,"Álvaro de Carvalho",31.3304721,2020,"Escolaridade",48.28,"Taxas de atendimento escolar de crianças de 0 a 3 anos (%)"
3501400,"Álvaro de Carvalho",35.8974359,2022,"Escolaridade",48.85,"Taxas de atendimento escolar de crianças de 0 a 3 anos (%)"
3501400,"Álvaro de Carvalho",32.61802575,2024,"Escolaridade",51.53,"Taxas de atendimento escolar de crianças de 0 a 3 anos (%)"
3501509,"Alvinlândia",61.78010471,2014,"Escolaridade",38.5,"Taxas de atendimento escolar de crianças de 0 a 3 anos (%)"
3501509,"Alvinlândia",65.10416667,2016,"Escolaridade",42.77,"Taxas de atendimento escolar de crianças de 0 a 3 anos (%)"
3501509,"Alvinlândia",64.73684211,2018,"Escolaridade",47.19,"Taxas de atendimento escolar de crianças de 0 a 3 anos (%)"
3501509,"Alvinlândia",56.14973262,2020,"Escolaridade",48.28,"Taxas de atendimento escolar de crianças de 0 a 3 anos (%)"
3501509,"Alvinlândia",55.91397849,2022,"Escolaridade",48.85,"Taxas de atendimento escolar de crianças de 0 a 3 anos (%)"
3501509,"Alvinlândia",51.93370166,2024,"Escolaridade",51.53,"Taxas de atendimento escolar de crianças de 0 a 3 anos (%)"
3501608,"Americana",53.6917286,2014,"Escolaridade",38.5,"Taxas de atendimento escolar de crianças de 0 a 3 anos (%)"
3501608,"Americana",52.02521972,2016,"Escolaridade",42.77,"Taxas de atendimento escolar de crianças de 0 a 3 anos (%)"
3501608,"Americana",54.52857841,2018,"Escolaridade",47.19,"Taxas de atendimento escolar de crianças de 0 a 3 anos (%)"
3501608,"Americana",51.79322781,2020,"Escolaridade",48.28,"Taxas de atendimento escolar de crianças de 0 a 3 anos (%)"
3501608,"Americana",50.76734193,2022,"Escolaridade",48.85,"Taxas de atendimento escolar de crianças de 0 a 3 anos (%)"
3501608,"Americana",56.24735282,2024,"Escolaridade",51.53,"Taxas de atendimento escolar de crianças de 0 a 3 anos (%)"
3501707,"Américo Brasiliense",43.26965793,2014,"Escolaridade",38.5,"Taxas de atendimento escolar de crianças de 0 a 3 anos (%)"
3501707,"Américo Brasiliense",48.42931937,2016,"Escolaridade",42.77,"Taxas de atendimento escolar de crianças de 0 a 3 anos (%)"
3501707,"Américo Brasiliense",47.28070175,2018,"Escolaridade",47.19,"Taxas de atendimento escolar de crianças de 0 a 3 anos (%)"
3501707,"Américo Brasiliense",45.57913351,2020,"Escolaridade",48.28,"Taxas de atendimento escolar de crianças de 0 a 3 anos (%)"
3501707,"Américo Brasiliense",37.55047106,2022,"Escolaridade",48.85,"Taxas de atendimento escolar de crianças de 0 a 3 anos (%)"
3501707,"Américo Brasiliense",42.36430543,2024,"Escolaridade",51.53,"Taxas de atendimento escolar de crianças de 0 a 3 anos (%)"
3501806,"Américo de Campos",36.44444444,2014,"Escolaridade",38.5,"Taxas de atendimento escolar de crianças de 0 a 3 anos (%)"
3501806,"Américo de Campos",46.84684685,2016,"Escolaridade",42.77,"Taxas de atendimento escolar de crianças de 0 a 3 anos (%)"
3501806,"Américo de Campos",55.45454545,2018,"Escolaridade",47.19,"Taxas de atendimento escolar de crianças de 0 a 3 anos (%)"
3501806,"Américo de Campos",52.96803653,2020,"Escolaridade",48.28,"Taxas de atendimento escolar de crianças de 0 a 3 anos (%)"
3501806,"Américo de Campos",63.72093023,2022,"Escolaridade",48.85,"Taxas de atendimento escolar de crianças de 0 a 3 anos (%)"
3501806,"Américo de Campos",51.70731707,2024,"Escolaridade",51.53,"Taxas de atendimento escolar de crianças de 0 a 3 anos (%)"
3501905,"Amparo",44.54899416,2014,"Escolaridade",38.5,"Taxas de atendimento escolar de crianças de 0 a 3 anos (%)"
3501905,"Amparo",48.66085834,2016,"Escolaridade",42.77,"Taxas de atendimento escolar de crianças de 0 a 3 anos (%)"
3501905,"Amparo",56.9582505,2018,"Escolaridade",47.19,"Taxas de atendimento escolar de crianças de 0 a 3 anos (%)"
3501905,"Amparo",53.73083475,2020,"Escolaridade",48.28,"Taxas de atendimento escolar de crianças de 0 a 3 anos (%)"
3501905,"Amparo",49.84227129,2022,"Escolaridade",48.85,"Taxas de atendimento escolar de crianças de 0 a 3 anos (%)"
3501905,"Amparo",54.52215306,2024,"Escolaridade",51.53,"Taxas de atendimento escolar de crianças de 0 a 3 anos (%)"
3502002,"Analândia",46.46017699,2014,"Escolaridade",38.5,"Taxas de atendimento escolar de crianças de 0 a 3 anos (%)"
3502002,"Analândia",53.125,2016,"Escolaridade",42.77,"Taxas de atendimento escolar de crianças de 0 a 3 anos (%)"
3502002,"Analândia",52.83842795,2018,"Escolaridade",47.19,"Taxas de atendimento escolar de crianças de 0 a 3 anos (%)"
3502002,"Analândia",45.10638298,2020,"Escolaridade",48.28,"Taxas de atendimento escolar de crianças de 0 a 3 anos (%)"
3502002,"Analândia",45.72649573,2022,"Escolaridade",48.85,"Taxas de atendimento escolar de crianças de 0 a 3 anos (%)"
3502002,"Analândia",57.26495726,2024,"Escolaridade",51.53,"Taxas de atendimento escolar de crianças de 0 a 3 anos (%)"
3502101,"Andradina",41.11694153,2014,"Escolaridade",38.5,"Taxas de atendimento escolar de crianças de 0 a 3 anos (%)"
3502101,"Andradina",42.07753105,2016,"Escolaridade",42.77,"Taxas de atendimento escolar de crianças de 0 a 3 anos (%)"
3502101,"Andradina",45.546875,2018,"Escolaridade",47.19,"Taxas de atendimento escolar de crianças de 0 a 3 anos (%)"
3502101,"Andradina",43.55231144,2020,"Escolaridade",48.28,"Taxas de atendimento escolar de crianças de 0 a 3 anos (%)"
3502101,"Andradina",43.14954052,2022,"Escolaridade",48.85,"Taxas de atendimento escolar de crianças de 0 a 3 anos (%)"
3502101,"Andradina",52.22707424,2024,"Escolaridade",51.53,"Taxas de atendimento escolar de crianças de 0 a 3 anos (%)"
3502200,"Angatuba",25.5387071,2014,"Escolaridade",38.5,"Taxas de atendimento escolar de crianças de 0 a 3 anos (%)"
3502200,"Angatuba",37.22397476,2016,"Escolaridade",42.77,"Taxas de atendimento escolar de crianças de 0 a 3 anos (%)"
3502200,"Angatuba",41.59499609,2018,"Escolaridade",47.19,"Taxas de atendimento escolar de crianças de 0 a 3 anos (%)"
3502200,"Angatuba",40.0464756,2020,"Escolaridade",48.28,"Taxas de atendimento escolar de crianças de 0 a 3 anos (%)"
3502200,"Angatuba",39.08313908,2022,"Escolaridade",48.85,"Taxas de atendimento escolar de crianças de 0 a 3 anos (%)"
3502200,"Angatuba",39.01098901,2024,"Escolaridade",51.53,"Taxas de atendimento escolar de crianças de 0 a 3 anos (%)"
3502309,"Anhembi",42.46153846,2014,"Escolaridade",38.5,"Taxas de atendimento escolar de crianças de 0 a 3 anos (%)"
3502309,"Anhembi",49.0797546,2016,"Escolaridade",42.77,"Taxas de atendimento escolar de crianças de 0 a 3 anos (%)"
3502309,"Anhembi",45.90643275,2018,"Escolaridade",47.19,"Taxas de atendimento escolar de crianças de 0 a 3 anos (%)"
3502309,"Anhembi",44.01114206,2020,"Escolaridade",48.28,"Taxas de atendimento escolar de crianças de 0 a 3 anos (%)"
3502309,"Anhembi",43.40659341,2022,"Escolaridade",48.85,"Taxas de atendimento escolar de crianças de 0 a 3 anos (%)"
3502309,"Anhembi",47.55434783,2024,"Escolaridade",51.53,"Taxas de atendimento escolar de crianças de 0 a 3 anos (%)"
3502408,"Anhumas",63.63636364,2014,"Escolaridade",38.5,"Taxas de atendimento escolar de crianças de 0 a 3 anos (%)"
3502408,"Anhumas",64.04494382,2016,"Escolaridade",42.77,"Taxas de atendimento escolar de crianças de 0 a 3 anos (%)"
3502408,"Anhumas",68.88888889,2018,"Escolaridade",47.19,"Taxas de atendimento escolar de crianças de 0 a 3 anos (%)"
3502408,"Anhumas",63.68715084,2020,"Escolaridade",48.28,"Taxas de atendimento escolar de crianças de 0 a 3 anos (%)"
3502408,"Anhumas",53.63128492,2022,"Escolaridade",48.85,"Taxas de atendimento escolar de crianças de 0 a 3 anos (%)"
3502408,"Anhumas",60.22727273,2024,"Escolaridade",51.53,"Taxas de atendimento escolar de crianças de 0 a 3 anos (%)"
3502507,"Aparecida",41.73819742,2014,"Escolaridade",38.5,"Taxas de atendimento escolar de crianças de 0 a 3 anos (%)"
3502507,"Aparecida",43.65207996,2016,"Escolaridade",42.77,"Taxas de atendimento escolar de crianças de 0 a 3 anos (%)"
3502507,"Aparecida",46.77871148,2018,"Escolaridade",47.19,"Taxas de atendimento escolar de crianças de 0 a 3 anos (%)"
3502507,"Aparecida",41.21071013,2020,"Escolaridade",48.28,"Taxas de atendimento escolar de crianças de 0 a 3 anos (%)"
3502507,"Aparecida",42.28915663,2022,"Escolaridade",48.85,"Taxas de atendimento escolar de crianças de 0 a 3 anos (%)"
3502507,"Aparecida",49.77721197,2024,"Escolaridade",51.53,"Taxas de atendimento escolar de crianças de 0 a 3 anos (%)"
3502606,"Aparecida d'Oeste",49.10179641,2014,"Escolaridade",38.5,"Taxas de atendimento escolar de crianças de 0 a 3 anos (%)"
3502606,"Aparecida d'Oeste",60.60606061,2016,"Escolaridade",42.77,"Taxas de atendimento escolar de crianças de 0 a 3 anos (%)"
3502606,"Aparecida d'Oeste",63.41463415,2018,"Escolaridade",47.19,"Taxas de atendimento escolar de crianças de 0 a 3 anos (%)"
3502606,"Aparecida d'Oeste",56.96202532,2020,"Escolaridade",48.28,"Taxas de atendimento escolar de crianças de 0 a 3 anos (%)"
3502606,"Aparecida d'Oeste",53.20512821,2022,"Escolaridade",48.85,"Taxas de atendimento escolar de crianças de 0 a 3 anos (%)"
3502606,"Aparecida d'Oeste",57.33333333,2024,"Escolaridade",51.53,"Taxas de atendimento escolar de crianças de 0 a 3 anos (%)"
3502705,"Apiaí",25.96762843,2014,"Escolaridade",38.5,"Taxas de atendimento escolar de crianças de 0 a 3 anos (%)"
3502705,"Apiaí",28.57142857,2016,"Escolaridade",42.77,"Taxas de atendimento escolar de crianças de 0 a 3 anos (%)"
3502705,"Apiaí",33.93242272,2018,"Escolaridade",47.19,"Taxas de atendimento escolar de crianças de 0 a 3 anos (%)"
3502705,"Apiaí",31.45985401,2020,"Escolaridade",48.28,"Taxas de atendimento escolar de crianças de 0 a 3 anos (%)"
3502705,"Apiaí",35.994087210000004,2022,"Escolaridade",48.85,"Taxas de atendimento escolar de crianças de 0 a 3 anos (%)"
3502705,"Apiaí",39.17995444,2024,"Escolaridade",51.53,"Taxas de atendimento escolar de crianças de 0 a 3 anos (%)"
3502754,"Araçariguama",26.04976672,2014,"Escolaridade",38.5,"Taxas de atendimento escolar de crianças de 0 a 3 anos (%)"
3502754,"Araçariguama",28.65853659,2016,"Escolaridade",42.77,"Taxas de atendimento escolar de crianças de 0 a 3 anos (%)"
3502754,"Araçariguama",38.26606876,2018,"Escolaridade",47.19,"Taxas de atendimento escolar de crianças de 0 a 3 anos (%)"
3502754,"Araçariguama",33.52984525,2020,"Escolaridade",48.28,"Taxas de atendimento escolar de crianças de 0 a 3 anos (%)"
3502754,"Araçariguama",39.33579336,2022,"Escolaridade",48.85,"Taxas de atendimento escolar de crianças de 0 a 3 anos (%)"
3502754,"Araçariguama",39.26974665,2024,"Escolaridade",51.53,"Taxas de atendimento escolar de crianças de 0 a 3 anos (%)"
3502804,"Araçatuba",48.58247423,2014,"Escolaridade",38.5,"Taxas de atendimento escolar de crianças de 0 a 3 anos (%)"
3502804,"Araçatuba",52.71931899,2016,"Escolaridade",42.77,"Taxas de atendimento escolar de crianças de 0 a 3 anos (%)"
3502804,"Araçatuba",67.54556501,2018,"Escolaridade",47.19,"Taxas de atendimento escolar de crianças de 0 a 3 anos (%)"
3502804,"Araçatuba",56.11555778,2020,"Escolaridade",48.28,"Taxas de atendimento escolar de crianças de 0 a 3 anos (%)"
3502804,"Araçatuba",58.71500452,2022,"Escolaridade",48.85,"Taxas de atendimento escolar de crianças de 0 a 3 anos (%)"
3502804,"Araçatuba",63.15218864,2024,"Escolaridade",51.53,"Taxas de atendimento escolar de crianças de 0 a 3 anos (%)"
3502903,"Araçoiaba da Serra",35.40903541,2014,"Escolaridade",38.5,"Taxas de atendimento escolar de crianças de 0 a 3 anos (%)"
3502903,"Araçoiaba da Serra",33.60655738,2016,"Escolaridade",42.77,"Taxas de atendimento escolar de crianças de 0 a 3 anos (%)"
3502903,"Araçoiaba da Serra",36.88711517,2018,"Escolaridade",47.19,"Taxas de atendimento escolar de crianças de 0 a 3 anos (%)"
3502903,"Araçoiaba da Serra",35.75791227,2020,"Escolaridade",48.28,"Taxas de atendimento escolar de crianças de 0 a 3 anos (%)"
3502903,"Araçoiaba da Serra",34.17443774,2022,"Escolaridade",48.85,"Taxas de atendimento escolar de crianças de 0 a 3 anos (%)"
3502903,"Araçoiaba da Serra",39.05070119,2024,"Escolaridade",51.53,"Taxas de atendimento escolar de crianças de 0 a 3 anos (%)"
3503000,"Aramina",38.46153846,2014,"Escolaridade",38.5,"Taxas de atendimento escolar de crianças de 0 a 3 anos (%)"
3503000,"Aramina",50,2016,"Escolaridade",42.77,"Taxas de atendimento escolar de crianças de 0 a 3 anos (%)"
3503000,"Aramina",52.10727969,2018,"Escolaridade",47.19,"Taxas de atendimento escolar de crianças de 0 a 3 anos (%)"
3503000,"Aramina",57.93650794,2020,"Escolaridade",48.28,"Taxas de atendimento escolar de crianças de 0 a 3 anos (%)"
3503000,"Aramina",40.81632653,2022,"Escolaridade",48.85,"Taxas de atendimento escolar de crianças de 0 a 3 anos (%)"
3503000,"Aramina",51.70940171,2024,"Escolaridade",51.53,"Taxas de atendimento escolar de crianças de 0 a 3 anos (%)"
3503109,"Arandu",28.52564103,2014,"Escolaridade",38.5,"Taxas de atendimento escolar de crianças de 0 a 3 anos (%)"
3503109,"Arandu",29.58199357,2016,"Escolaridade",42.77,"Taxas de atendimento escolar de crianças de 0 a 3 anos (%)"
3503109,"Arandu",30.44871795,2018,"Escolaridade",47.19,"Taxas de atendimento escolar de crianças de 0 a 3 anos (%)"
3503109,"Arandu",31.06796117,2020,"Escolaridade",48.28,"Taxas de atendimento escolar de crianças de 0 a 3 anos (%)"
3503109,"Arandu",38.15789474,2022,"Escolaridade",48.85,"Taxas de atendimento escolar de crianças de 0 a 3 anos (%)"
3503109,"Arandu",53.40136054,2024,"Escolaridade",51.53,"Taxas de atendimento escolar de crianças de 0 a 3 anos (%)"
3503158,"Arapeí",14.75409836,2014,"Escolaridade",38.5,"Taxas de atendimento escolar de crianças de 0 a 3 anos (%)"
3503158,"Arapeí",20.16806723,2016,"Escolaridade",42.77,"Taxas de atendimento escolar de crianças de 0 a 3 anos (%)"
3503158,"Arapeí",19.49152542,2018,"Escolaridade",47.19,"Taxas de atendimento escolar de crianças de 0 a 3 anos (%)"
3503158,"Arapeí",14.28571429,2020,"Escolaridade",48.28,"Taxas de atendimento escolar de crianças de 0 a 3 anos (%)"
3503158,"Arapeí",10.34482759,2022,"Escolaridade",48.85,"Taxas de atendimento escolar de crianças de 0 a 3 anos (%)"
3503158,"Arapeí",15.45454545,2024,"Escolaridade",51.53,"Taxas de atendimento escolar de crianças de 0 a 3 anos (%)"
3503208,"Araraquara",60.44140934,2014,"Escolaridade",38.5,"Taxas de atendimento escolar de crianças de 0 a 3 anos (%)"
3503208,"Araraquara",60.28948405,2016,"Escolaridade",42.77,"Taxas de atendimento escolar de crianças de 0 a 3 anos (%)"
3503208,"Araraquara",65.4936658,2018,"Escolaridade",47.19,"Taxas de atendimento escolar de crianças de 0 a 3 anos (%)"
3503208,"Araraquara",62.47556333,2020,"Escolaridade",48.28,"Taxas de atendimento escolar de crianças de 0 a 3 anos (%)"
3503208,"Araraquara",58.92876045,2022,"Escolaridade",48.85,"Taxas de atendimento escolar de crianças de 0 a 3 anos (%)"
3503208,"Araraquara",66.38608927,2024,"Escolaridade",51.53,"Taxas de atendimento escolar de crianças de 0 a 3 anos (%)"
3503307,"Araras",60.62616981,2014,"Escolaridade",38.5,"Taxas de atendimento escolar de crianças de 0 a 3 anos (%)"
3503307,"Araras",85.01866305,2016,"Escolaridade",42.77,"Taxas de atendimento escolar de crianças de 0 a 3 anos (%)"
3503307,"Araras",85.2495316,2018,"Escolaridade",47.19,"Taxas de atendimento escolar de crianças de 0 a 3 anos (%)"
3503307,"Araras",77.60452365,2020,"Escolaridade",48.28,"Taxas de atendimento escolar de crianças de 0 a 3 anos (%)"
3503307,"Araras",71.09046283,2022,"Escolaridade",48.85,"Taxas de atendimento escolar de crianças de 0 a 3 anos (%)"
3503307,"Araras",92.01091902,2024,"Escolaridade",51.53,"Taxas de atendimento escolar de crianças de 0 a 3 anos (%)"
3503356,"Arco-Íris",46.42857143,2014,"Escolaridade",38.5,"Taxas de atendimento escolar de crianças de 0 a 3 anos (%)"
3503356,"Arco-Íris",55.84415584,2016,"Escolaridade",42.77,"Taxas de atendimento escolar de crianças de 0 a 3 anos (%)"
3503356,"Arco-Íris",61.53846154,2018,"Escolaridade",47.19,"Taxas de atendimento escolar de crianças de 0 a 3 anos (%)"
3503356,"Arco-Íris",36.48648649,2020,"Escolaridade",48.28,"Taxas de atendimento escolar de crianças de 0 a 3 anos (%)"
3503356,"Arco-Íris",65.71428571,2022,"Escolaridade",48.85,"Taxas de atendimento escolar de crianças de 0 a 3 anos (%)"
3503356,"Arco-Íris",67.1875,2024,"Escolaridade",51.53,"Taxas de atendimento escolar de crianças de 0 a 3 anos (%)"
3503406,"Arealva",27.87356322,2014,"Escolaridade",38.5,"Taxas de atendimento escolar de crianças de 0 a 3 anos (%)"
3503406,"Arealva",37.28813559,2016,"Escolaridade",42.77,"Taxas de atendimento escolar de crianças de 0 a 3 anos (%)"
3503406,"Arealva",42.57703081,2018,"Escolaridade",47.19,"Taxas de atendimento escolar de crianças de 0 a 3 anos (%)"
3503406,"Arealva",37.39612188,2020,"Escolaridade",48.28,"Taxas de atendimento escolar de crianças de 0 a 3 anos (%)"
3503406,"Arealva",29.88826816,2022,"Escolaridade",48.85,"Taxas de atendimento escolar de crianças de 0 a 3 anos (%)"
3503406,"Arealva",44.19263456,2024,"Escolaridade",51.53,"Taxas de atendimento escolar de crianças de 0 a 3 anos (%)"
3503505,"Areias",27.52293578,2014,"Escolaridade",38.5,"Taxas de atendimento escolar de crianças de 0 a 3 anos (%)"
3503505,"Areias",18.09954751,2016,"Escolaridade",42.77,"Taxas de atendimento escolar de crianças de 0 a 3 anos (%)"
3503505,"Areias",20.72072072,2018,"Escolaridade",47.19,"Taxas de atendimento escolar de crianças de 0 a 3 anos (%)"
3503505,"Areias",24.21524664,2020,"Escolaridade",48.28,"Taxas de atendimento escolar de crianças de 0 a 3 anos (%)"
3503505,"Areias",12.16216216,2022,"Escolaridade",48.85,"Taxas de atendimento escolar de crianças de 0 a 3 anos (%)"
3503505,"Areias",20.53571429,2024,"Escolaridade",51.53,"Taxas de atendimento escolar de crianças de 0 a 3 anos (%)"
3503604,"Areiópolis",23.89240506,2014,"Escolaridade",38.5,"Taxas de atendimento escolar de crianças de 0 a 3 anos (%)"
3503604,"Areiópolis",17.19745223,2016,"Escolaridade",42.77,"Taxas de atendimento escolar de crianças de 0 a 3 anos (%)"
3503604,"Areiópolis",28.43137255,2018,"Escolaridade",47.19,"Taxas de atendimento escolar de crianças de 0 a 3 anos (%)"
3503604,"Areiópolis",28.95622896,2020,"Escolaridade",48.28,"Taxas de atendimento escolar de crianças de 0 a 3 anos (%)"
3503604,"Areiópolis",30.94017094,2022,"Escolaridade",48.85,"Taxas de atendimento escolar de crianças de 0 a 3 anos (%)"
3503604,"Areiópolis",40.28268551,2024,"Escolaridade",51.53,"Taxas de atendimento escolar de crianças de 0 a 3 anos (%)"
3503703,"Ariranha",43.86363636,2014,"Escolaridade",38.5,"Taxas de atendimento escolar de crianças de 0 a 3 anos (%)"
3503703,"Ariranha",48.97025172,2016,"Escolaridade",42.77,"Taxas de atendimento escolar de crianças de 0 a 3 anos (%)"
3503703,"Ariranha",41.87643021,2018,"Escolaridade",47.19,"Taxas de atendimento escolar de crianças de 0 a 3 anos (%)"
3503703,"Ariranha",34.86238532,2020,"Escolaridade",48.28,"Taxas de atendimento escolar de crianças de 0 a 3 anos (%)"
3503703,"Ariranha",38.78504673,2022,"Escolaridade",48.85,"Taxas de atendimento escolar de crianças de 0 a 3 anos (%)"
3503703,"Ariranha",40.43062201,2024,"Escolaridade",51.53,"Taxas de atendimento escolar de crianças de 0 a 3 anos (%)"
3503802,"Artur Nogueira",46.2977707,2014,"Escolaridade",38.5,"Taxas de atendimento escolar de crianças de 0 a 3 anos (%)"
3503802,"Artur Nogueira",43.89477817,2016,"Escolaridade",42.77,"Taxas de atendimento escolar de crianças de 0 a 3 anos (%)"
3503802,"Artur Nogueira",44.23820572,2018,"Escolaridade",47.19,"Taxas de atendimento escolar de crianças de 0 a 3 anos (%)"
3503802,"Artur Nogueira",45.97481877,2020,"Escolaridade",48.28,"Taxas de atendimento escolar de crianças de 0 a 3 anos (%)"
3503802,"Artur Nogueira",45.78684109,2022,"Escolaridade",48.85,"Taxas de atendimento escolar de crianças de 0 a 3 anos (%)"
3503802,"Artur Nogueira",53.53653771,2024,"Escolaridade",51.53,"Taxas de atendimento escolar de crianças de 0 a 3 anos (%)"
3503901,"Arujá",32.93172691,2014,"Escolaridade",38.5,"Taxas de atendimento escolar de crianças de 0 a 3 anos (%)"
3503901,"Arujá",36.28944505,2016,"Escolaridade",42.77,"Taxas de atendimento escolar de crianças de 0 a 3 anos (%)"
3503901,"Arujá",36.30780347,2018,"Escolaridade",47.19,"Taxas de atendimento escolar de crianças de 0 a 3 anos (%)"
3503901,"Arujá",33.32731866,2020,"Escolaridade",48.28,"Taxas de atendimento escolar de crianças de 0 a 3 anos (%)"
3503901,"Arujá",31.0971223,2022,"Escolaridade",48.85,"Taxas de atendimento escolar de crianças de 0 a 3 anos (%)"
3503901,"Arujá",40.05385996,2024,"Escolaridade",51.53,"Taxas de atendimento escolar de crianças de 0 a 3 anos (%)"
3503950,"Aspásia",59.42028986,2014,"Escolaridade",38.5,"Taxas de atendimento escolar de crianças de 0 a 3 anos (%)"
3503950,"Aspásia",66.66666667,2016,"Escolaridade",42.77,"Taxas de atendimento escolar de crianças de 0 a 3 anos (%)"
3503950,"Aspásia",80.88235294,2018,"Escolaridade",47.19,"Taxas de atendimento escolar de crianças de 0 a 3 anos (%)"
3503950,"Aspásia",85.07462687,2020,"Escolaridade",48.28,"Taxas de atendimento escolar de crianças de 0 a 3 anos (%)"
3503950,"Aspásia",86.15384615,2022,"Escolaridade",48.85,"Taxas de atendimento escolar de crianças de 0 a 3 anos (%)"
3503950,"Aspásia",88.88888889,2024,"Escolaridade",51.53,"Taxas de atendimento escolar de crianças de 0 a 3 anos (%)"
3504008,"Assis",54.52049007,2014,"Escolaridade",38.5,"Taxas de atendimento escolar de crianças de 0 a 3 anos (%)"
3504008,"Assis",61.99660873,2016,"Escolaridade",42.77,"Taxas de atendimento escolar de crianças de 0 a 3 anos (%)"
3504008,"Assis",60.83387341,2018,"Escolaridade",47.19,"Taxas de atendimento escolar de crianças de 0 a 3 anos (%)"
3504008,"Assis",58.63134658,2020,"Escolaridade",48.28,"Taxas de atendimento escolar de crianças de 0 a 3 anos (%)"
3504008,"Assis",54.30975665,2022,"Escolaridade",48.85,"Taxas de atendimento escolar de crianças de 0 a 3 anos (%)"
3504008,"Assis",60.33333333,2024,"Escolaridade",51.53,"Taxas de atendimento escolar de crianças de 0 a 3 anos (%)"
3504107,"Atibaia",34.68154957,2014,"Escolaridade",38.5,"Taxas de atendimento escolar de crianças de 0 a 3 anos (%)"
3504107,"Atibaia",39.04676947,2016,"Escolaridade",42.77,"Taxas de atendimento escolar de crianças de 0 a 3 anos (%)"
3504107,"Atibaia",46.97625607,2018,"Escolaridade",47.19,"Taxas de atendimento escolar de crianças de 0 a 3 anos (%)"
3504107,"Atibaia",46.57905433,2020,"Escolaridade",48.28,"Taxas de atendimento escolar de crianças de 0 a 3 anos (%)"
3504107,"Atibaia",52.27553967,2022,"Escolaridade",48.85,"Taxas de atendimento escolar de crianças de 0 a 3 anos (%)"
3504107,"Atibaia",56.26846771,2024,"Escolaridade",51.53,"Taxas de atendimento escolar de crianças de 0 a 3 anos (%)"
3504206,"Auriflama",28.23529412,2014,"Escolaridade",38.5,"Taxas de atendimento escolar de crianças de 0 a 3 anos (%)"
3504206,"Auriflama",33.5042735,2016,"Escolaridade",42.77,"Taxas de atendimento escolar de crianças de 0 a 3 anos (%)"
3504206,"Auriflama",38.24561404,2018,"Escolaridade",47.19,"Taxas de atendimento escolar de crianças de 0 a 3 anos (%)"
3504206,"Auriflama",38.87884268,2020,"Escolaridade",48.28,"Taxas de atendimento escolar de crianças de 0 a 3 anos (%)"
3504206,"Auriflama",37.19626168,2022,"Escolaridade",48.85,"Taxas de atendimento escolar de crianças de 0 a 3 anos (%)"
3504206,"Auriflama",47.6284585,2024,"Escolaridade",51.53,"Taxas de atendimento escolar de crianças de 0 a 3 anos (%)"
3504305,"Avaí",8.235294118,2014,"Escolaridade",38.5,"Taxas de atendimento escolar de crianças de 0 a 3 anos (%)"
3504305,"Avaí",6.640625,2016,"Escolaridade",42.77,"Taxas de atendimento escolar de crianças de 0 a 3 anos (%)"
3504305,"Avaí",13.95348837,2018,"Escolaridade",47.19,"Taxas de atendimento escolar de crianças de 0 a 3 anos (%)"
3504305,"Avaí",11.83206107,2020,"Escolaridade",48.28,"Taxas de atendimento escolar de crianças de 0 a 3 anos (%)"
3504305,"Avaí",14.0625,2022,"Escolaridade",48.85,"Taxas de atendimento escolar de crianças de 0 a 3 anos (%)"
3504305,"Avaí",32.38866397,2024,"Escolaridade",51.53,"Taxas de atendimento escolar de crianças de 0 a 3 anos (%)"
3504404,"Avanhandava",46.08,2014,"Escolaridade",38.5,"Taxas de atendimento escolar de crianças de 0 a 3 anos (%)"
3504404,"Avanhandava",37.5399361,2016,"Escolaridade",42.77,"Taxas de atendimento escolar de crianças de 0 a 3 anos (%)"
3504404,"Avanhandava",50,2018,"Escolaridade",47.19,"Taxas de atendimento escolar de crianças de 0 a 3 anos (%)"
3504404,"Avanhandava",49.12836767,2020,"Escolaridade",48.28,"Taxas de atendimento escolar de crianças de 0 a 3 anos (%)"
3504404,"Avanhandava",45.88045234,2022,"Escolaridade",48.85,"Taxas de atendimento escolar de crianças de 0 a 3 anos (%)"
3504404,"Avanhandava",46.35761589,2024,"Escolaridade",51.53,"Taxas de atendimento escolar de crianças de 0 a 3 anos (%)"
3504503,"Avaré",50.5866426,2014,"Escolaridade",38.5,"Taxas de atendimento escolar de crianças de 0 a 3 anos (%)"
3504503,"Avaré",55.63636364,2016,"Escolaridade",42.77,"Taxas de atendimento escolar de crianças de 0 a 3 anos (%)"
3504503,"Avaré",52.98368298,2018,"Escolaridade",47.19,"Taxas de atendimento escolar de crianças de 0 a 3 anos (%)"
3504503,"Avaré",48.62275449,2020,"Escolaridade",48.28,"Taxas de atendimento escolar de crianças de 0 a 3 anos (%)"
3504503,"Avaré",52.34105471,2022,"Escolaridade",48.85,"Taxas de atendimento escolar de crianças de 0 a 3 anos (%)"
3504503,"Avaré",55.60133917,2024,"Escolaridade",51.53,"Taxas de atendimento escolar de crianças de 0 a 3 anos (%)"
3504602,"Bady Bassitt",53.63372093,2014,"Escolaridade",38.5,"Taxas de atendimento escolar de crianças de 0 a 3 anos (%)"
3504602,"Bady Bassitt",58.44346549,2016,"Escolaridade",42.77,"Taxas de atendimento escolar de crianças de 0 a 3 anos (%)"
3504602,"Bady Bassitt",56.60377358,2018,"Escolaridade",47.19,"Taxas de atendimento escolar de crianças de 0 a 3 anos (%)"
3504602,"Bady Bassitt",61.56069364,2020,"Escolaridade",48.28,"Taxas de atendimento escolar de crianças de 0 a 3 anos (%)"
3504602,"Bady Bassitt",77.71260997,2022,"Escolaridade",48.85,"Taxas de atendimento escolar de crianças de 0 a 3 anos (%)"
3504602,"Bady Bassitt",93.35347432,2024,"Escolaridade",51.53,"Taxas de atendimento escolar de crianças de 0 a 3 anos (%)"
3504701,"Balbinos",66.10169492,2014,"Escolaridade",38.5,"Taxas de atendimento escolar de crianças de 0 a 3 anos (%)"
3504701,"Balbinos",91.22807018,2016,"Escolaridade",42.77,"Taxas de atendimento escolar de crianças de 0 a 3 anos (%)"
3504701,"Balbinos",94.73684211,2018,"Escolaridade",47.19,"Taxas de atendimento escolar de crianças de 0 a 3 anos (%)"
3504701,"Balbinos",71.92982456,2020,"Escolaridade",48.28,"Taxas de atendimento escolar de crianças de 0 a 3 anos (%)"
3504701,"Balbinos",76.78571429,2022,"Escolaridade",48.85,"Taxas de atendimento escolar de crianças de 0 a 3 anos (%)"
3504701,"Balbinos",74.50980392,2024,"Escolaridade",51.53,"Taxas de atendimento escolar de crianças de 0 a 3 anos (%)"
3504800,"Bálsamo",57.54189944,2014,"Escolaridade",38.5,"Taxas de atendimento escolar de crianças de 0 a 3 anos (%)"
3504800,"Bálsamo",50.85227273,2016,"Escolaridade",42.77,"Taxas de atendimento escolar de crianças de 0 a 3 anos (%)"
3504800,"Bálsamo",50.86206897,2018,"Escolaridade",47.19,"Taxas de atendimento escolar de crianças de 0 a 3 anos (%)"
3504800,"Bálsamo",50.29411765,2020,"Escolaridade",48.28,"Taxas de atendimento escolar de crianças de 0 a 3 anos (%)"
3504800,"Bálsamo",66.66666667,2022,"Escolaridade",48.85,"Taxas de atendimento escolar de crianças de 0 a 3 anos (%)"
3504800,"Bálsamo",66.875,2024,"Escolaridade",51.53,"Taxas de atendimento escolar de crianças de 0 a 3 anos (%)"
3504909,"Bananal",12.07207207,2014,"Escolaridade",38.5,"Taxas de atendimento escolar de crianças de 0 a 3 anos (%)"
3504909,"Bananal",15.09090909,2016,"Escolaridade",42.77,"Taxas de atendimento escolar de crianças de 0 a 3 anos (%)"
3504909,"Bananal",15.11839709,2018,"Escolaridade",47.19,"Taxas de atendimento escolar de crianças de 0 a 3 anos (%)"
3504909,"Bananal",15.45454545,2020,"Escolaridade",48.28,"Taxas de atendimento escolar de crianças de 0 a 3 anos (%)"
3504909,"Bananal",20.18518519,2022,"Escolaridade",48.85,"Taxas de atendimento escolar de crianças de 0 a 3 anos (%)"
3504909,"Bananal",22.94455067,2024,"Escolaridade",51.53,"Taxas de atendimento escolar de crianças de 0 a 3 anos (%)"
3505005,"Barão de Antonina",26.3803681,2014,"Escolaridade",38.5,"Taxas de atendimento escolar de crianças de 0 a 3 anos (%)"
3505005,"Barão de Antonina",36.19631902,2016,"Escolaridade",42.77,"Taxas de atendimento escolar de crianças de 0 a 3 anos (%)"
3505005,"Barão de Antonina",49.4047619,2018,"Escolaridade",47.19,"Taxas de atendimento escolar de crianças de 0 a 3 anos (%)"
3505005,"Barão de Antonina",45.93023256,2020,"Escolaridade",48.28,"Taxas de atendimento escolar de crianças de 0 a 3 anos (%)"
3505005,"Barão de Antonina",31.6091954,2022,"Escolaridade",48.85,"Taxas de atendimento escolar de crianças de 0 a 3 anos (%)"
3505005,"Barão de Antonina",45.97701149,2024,"Escolaridade",51.53,"Taxas de atendimento escolar de crianças de 0 a 3 anos (%)"
3505104,"Barbosa",43.56955381,2014,"Escolaridade",38.5,"Taxas de atendimento escolar de crianças de 0 a 3 anos (%)"
3505104,"Barbosa",39.84575835,2016,"Escolaridade",42.77,"Taxas de atendimento escolar de crianças de 0 a 3 anos (%)"
3505104,"Barbosa",45.47738693,2018,"Escolaridade",47.19,"Taxas de atendimento escolar de crianças de 0 a 3 anos (%)"
3505104,"Barbosa",43.62745098,2020,"Escolaridade",48.28,"Taxas de atendimento escolar de crianças de 0 a 3 anos (%)"
3505104,"Barbosa",37.07317073,2022,"Escolaridade",48.85,"Taxas de atendimento escolar de crianças de 0 a 3 anos (%)"
3505104,"Barbosa",37.28813559,2024,"Escolaridade",51.53,"Taxas de atendimento escolar de crianças de 0 a 3 anos (%)"
3505203,"Bariri",30.03236246,2014,"Escolaridade",38.5,"Taxas de atendimento escolar de crianças de 0 a 3 anos (%)"
3505203,"Bariri",47.3243069,2016,"Escolaridade",42.77,"Taxas de atendimento escolar de crianças de 0 a 3 anos (%)"
3505203,"Bariri",46.12427931,2018,"Escolaridade",47.19,"Taxas de atendimento escolar de crianças de 0 a 3 anos (%)"
3505203,"Bariri",49.26611359,2020,"Escolaridade",48.28,"Taxas de atendimento escolar de crianças de 0 a 3 anos (%)"
3505203,"Bariri",49.64539007,2022,"Escolaridade",48.85,"Taxas de atendimento escolar de crianças de 0 a 3 anos (%)"
3505203,"Bariri",50.85301837,2024,"Escolaridade",51.53,"Taxas de atendimento escolar de crianças de 0 a 3 anos (%)"
3505302,"Barra Bonita",43.78818737,2014,"Escolaridade",38.5,"Taxas de atendimento escolar de crianças de 0 a 3 anos (%)"
3505302,"Barra Bonita",43.53507565,2016,"Escolaridade",42.77,"Taxas de atendimento escolar de crianças de 0 a 3 anos (%)"
3505302,"Barra Bonita",43.49049965,2018,"Escolaridade",47.19,"Taxas de atendimento escolar de crianças de 0 a 3 anos (%)"
3505302,"Barra Bonita",37.80663781,2020,"Escolaridade",48.28,"Taxas de atendimento escolar de crianças de 0 a 3 anos (%)"
3505302,"Barra Bonita",47.65151515,2022,"Escolaridade",48.85,"Taxas de atendimento escolar de crianças de 0 a 3 anos (%)"
3505302,"Barra Bonita",53.63859362,2024,"Escolaridade",51.53,"Taxas de atendimento escolar de crianças de 0 a 3 anos (%)"
3505351,"Barra do Chapéu",23.92638037,2014,"Escolaridade",38.5,"Taxas de atendimento escolar de crianças de 0 a 3 anos (%)"
3505351,"Barra do Chapéu",16,2016,"Escolaridade",42.77,"Taxas de atendimento escolar de crianças de 0 a 3 anos (%)"
3505351,"Barra do Chapéu",25,2018,"Escolaridade",47.19,"Taxas de atendimento escolar de crianças de 0 a 3 anos (%)"
3505351,"Barra do Chapéu",27.02702703,2020,"Escolaridade",48.28,"Taxas de atendimento escolar de crianças de 0 a 3 anos (%)"
3505351,"Barra do Chapéu",37.34939759,2022,"Escolaridade",48.85,"Taxas de atendimento escolar de crianças de 0 a 3 anos (%)"
3505351,"Barra do Chapéu",37.23723724,2024,"Escolaridade",51.53,"Taxas de atendimento escolar de crianças de 0 a 3 anos (%)"
3505401,"Barra do Turvo",2.286902287,2014,"Escolaridade",38.5,"Taxas de atendimento escolar de crianças de 0 a 3 anos (%)"
3505401,"Barra do Turvo",2.087682672,2016,"Escolaridade",42.77,"Taxas de atendimento escolar de crianças de 0 a 3 anos (%)"
3505401,"Barra do Turvo",1.226993865,2018,"Escolaridade",47.19,"Taxas de atendimento escolar de crianças de 0 a 3 anos (%)"
3505401,"Barra do Turvo",12.34309623,2024,"Escolaridade",51.53,"Taxas de atendimento escolar de crianças de 0 a 3 anos (%)"
3505500,"Barretos",48.28592268,2014,"Escolaridade",38.5,"Taxas de atendimento escolar de crianças de 0 a 3 anos (%)"
3505500,"Barretos",53.15779783,2016,"Escolaridade",42.77,"Taxas de atendimento escolar de crianças de 0 a 3 anos (%)"
3505500,"Barretos",63.46696781,2018,"Escolaridade",47.19,"Taxas de atendimento escolar de crianças de 0 a 3 anos (%)"
3505500,"Barretos",61.15288221,2020,"Escolaridade",48.28,"Taxas de atendimento escolar de crianças de 0 a 3 anos (%)"
3505500,"Barretos",65.19402985,2022,"Escolaridade",48.85,"Taxas de atendimento escolar de crianças de 0 a 3 anos (%)"
3505500,"Barretos",71.87042842,2024,"Escolaridade",51.53,"Taxas de atendimento escolar de crianças de 0 a 3 anos (%)"
3505609,"Barrinha",16.26569038,2014,"Escolaridade",38.5,"Taxas de atendimento escolar de crianças de 0 a 3 anos (%)"
3505609,"Barrinha",23.82690302,2016,"Escolaridade",42.77,"Taxas de atendimento escolar de crianças de 0 a 3 anos (%)"
3505609,"Barrinha",27.20125786,2018,"Escolaridade",47.19,"Taxas de atendimento escolar de crianças de 0 a 3 anos (%)"
3505609,"Barrinha",30.17970402,2020,"Escolaridade",48.28,"Taxas de atendimento escolar de crianças de 0 a 3 anos (%)"
3505609,"Barrinha",30.27375201,2022,"Escolaridade",48.85,"Taxas de atendimento escolar de crianças de 0 a 3 anos (%)"
3505609,"Barrinha",34.15977961,2024,"Escolaridade",51.53,"Taxas de atendimento escolar de crianças de 0 a 3 anos (%)"
3505708,"Barueri",39.75628332,2014,"Escolaridade",38.5,"Taxas de atendimento escolar de crianças de 0 a 3 anos (%)"
3505708,"Barueri",40.50646212,2016,"Escolaridade",42.77,"Taxas de atendimento escolar de crianças de 0 a 3 anos (%)"
3505708,"Barueri",53.05896056,2018,"Escolaridade",47.19,"Taxas de atendimento escolar de crianças de 0 a 3 anos (%)"
3505708,"Barueri",57.65914728,2020,"Escolaridade",48.28,"Taxas de atendimento escolar de crianças de 0 a 3 anos (%)"
3505708,"Barueri",62.59970993,2022,"Escolaridade",48.85,"Taxas de atendimento escolar de crianças de 0 a 3 anos (%)"
3505708,"Barueri",66.98213726,2024,"Escolaridade",51.53,"Taxas de atendimento escolar de crianças de 0 a 3 anos (%)"
3505807,"Bastos",31.51340996,2014,"Escolaridade",38.5,"Taxas de atendimento escolar de crianças de 0 a 3 anos (%)"
3505807,"Bastos",40.58536585,2016,"Escolaridade",42.77,"Taxas de atendimento escolar de crianças de 0 a 3 anos (%)"
3505807,"Bastos",47.05882353,2018,"Escolaridade",47.19,"Taxas de atendimento escolar de crianças de 0 a 3 anos (%)"
3505807,"Bastos",46.31147541,2020,"Escolaridade",48.28,"Taxas de atendimento escolar de crianças de 0 a 3 anos (%)"
3505807,"Bastos",43.57894737,2022,"Escolaridade",48.85,"Taxas de atendimento escolar de crianças de 0 a 3 anos (%)"
3505807,"Bastos",50.32967033,2024,"Escolaridade",51.53,"Taxas de atendimento escolar de crianças de 0 a 3 anos (%)"
3505906,"Batatais",32.92196007,2014,"Escolaridade",38.5,"Taxas de atendimento escolar de crianças de 0 a 3 anos (%)"
3505906,"Batatais",33.33333333,2016,"Escolaridade",42.77,"Taxas de atendimento escolar de crianças de 0 a 3 anos (%)"
3505906,"Batatais",39.53659434,2018,"Escolaridade",47.19,"Taxas de atendimento escolar de crianças de 0 a 3 anos (%)"
3505906,"Batatais",41.18745332,2020,"Escolaridade",48.28,"Taxas de atendimento escolar de crianças de 0 a 3 anos (%)"
3505906,"Batatais",40.13709063,2022,"Escolaridade",48.85,"Taxas de atendimento escolar de crianças de 0 a 3 anos (%)"
3505906,"Batatais",48.60401101,2024,"Escolaridade",51.53,"Taxas de atendimento escolar de crianças de 0 a 3 anos (%)"
3506003,"Bauru",45.92312172,2014,"Escolaridade",38.5,"Taxas de atendimento escolar de crianças de 0 a 3 anos (%)"
3506003,"Bauru",49.62520497,2016,"Escolaridade",42.77,"Taxas de atendimento escolar de crianças de 0 a 3 anos (%)"
3506003,"Bauru",51.96651208,2018,"Escolaridade",47.19,"Taxas de atendimento escolar de crianças de 0 a 3 anos (%)"
3506003,"Bauru",51.365103,2020,"Escolaridade",48.28,"Taxas de atendimento escolar de crianças de 0 a 3 anos (%)"
3506003,"Bauru",49.5168,2022,"Escolaridade",48.85,"Taxas de atendimento escolar de crianças de 0 a 3 anos (%)"
3506003,"Bauru",57.42221625,2024,"Escolaridade",51.53,"Taxas de atendimento escolar de crianças de 0 a 3 anos (%)"
3506102,"Bebedouro",50.83211679,2014,"Escolaridade",38.5,"Taxas de atendimento escolar de crianças de 0 a 3 anos (%)"
3506102,"Bebedouro",50.34482759,2016,"Escolaridade",42.77,"Taxas de atendimento escolar de crianças de 0 a 3 anos (%)"
3506102,"Bebedouro",66.47975078,2018,"Escolaridade",47.19,"Taxas de atendimento escolar de crianças de 0 a 3 anos (%)"
3506102,"Bebedouro",71.17380026,2020,"Escolaridade",48.28,"Taxas de atendimento escolar de crianças de 0 a 3 anos (%)"
3506102,"Bebedouro",70.03378378,2022,"Escolaridade",48.85,"Taxas de atendimento escolar de crianças de 0 a 3 anos (%)"
3506102,"Bebedouro",72.48829672,2024,"Escolaridade",51.53,"Taxas de atendimento escolar de crianças de 0 a 3 anos (%)"
3506201,"Bento de Abreu",40.27777778,2014,"Escolaridade",38.5,"Taxas de atendimento escolar de crianças de 0 a 3 anos (%)"
3506201,"Bento de Abreu",47.55244755,2016,"Escolaridade",42.77,"Taxas de atendimento escolar de crianças de 0 a 3 anos (%)"
3506201,"Bento de Abreu",38.02816901,2018,"Escolaridade",47.19,"Taxas de atendimento escolar de crianças de 0 a 3 anos (%)"
3506201,"Bento de Abreu",35.86206897,2020,"Escolaridade",48.28,"Taxas de atendimento escolar de crianças de 0 a 3 anos (%)"
3506201,"Bento de Abreu",36.30136986,2022,"Escolaridade",48.85,"Taxas de atendimento escolar de crianças de 0 a 3 anos (%)"
3506201,"Bento de Abreu",47.88732394,2024,"Escolaridade",51.53,"Taxas de atendimento escolar de crianças de 0 a 3 anos (%)"
3506300,"Bernardino de Campos",39.4106814,2014,"Escolaridade",38.5,"Taxas de atendimento escolar de crianças de 0 a 3 anos (%)"
3506300,"Bernardino de Campos",36.58088235,2016,"Escolaridade",42.77,"Taxas de atendimento escolar de crianças de 0 a 3 anos (%)"
3506300,"Bernardino de Campos",47.49536178,2018,"Escolaridade",47.19,"Taxas de atendimento escolar de crianças de 0 a 3 anos (%)"
3506300,"Bernardino de Campos",45.76271186,2020,"Escolaridade",48.28,"Taxas de atendimento escolar de crianças de 0 a 3 anos (%)"
3506300,"Bernardino de Campos",45.97701149,2022,"Escolaridade",48.85,"Taxas de atendimento escolar de crianças de 0 a 3 anos (%)"
3506300,"Bernardino de Campos",49.9009901,2024,"Escolaridade",51.53,"Taxas de atendimento escolar de crianças de 0 a 3 anos (%)"
3506359,"Bertioga",37.47096774,2014,"Escolaridade",38.5,"Taxas de atendimento escolar de crianças de 0 a 3 anos (%)"
3506359,"Bertioga",40.12738854,2016,"Escolaridade",42.77,"Taxas de atendimento escolar de crianças de 0 a 3 anos (%)"
3506359,"Bertioga",43.34939759,2018,"Escolaridade",47.19,"Taxas de atendimento escolar de crianças de 0 a 3 anos (%)"
3506359,"Bertioga",46.01854053,2020,"Escolaridade",48.28,"Taxas de atendimento escolar de crianças de 0 a 3 anos (%)"
3506359,"Bertioga",43.3170049,2022,"Escolaridade",48.85,"Taxas de atendimento escolar de crianças de 0 a 3 anos (%)"
3506359,"Bertioga",42.99022949,2024,"Escolaridade",51.53,"Taxas de atendimento escolar de crianças de 0 a 3 anos (%)"
3506409,"Bilac",53.50318471,2014,"Escolaridade",38.5,"Taxas de atendimento escolar de crianças de 0 a 3 anos (%)"
3506409,"Bilac",48.78787879,2016,"Escolaridade",42.77,"Taxas de atendimento escolar de crianças de 0 a 3 anos (%)"
3506409,"Bilac",56.13496933,2018,"Escolaridade",47.19,"Taxas de atendimento escolar de crianças de 0 a 3 anos (%)"
3506409,"Bilac",40.80996885,2020,"Escolaridade",48.28,"Taxas de atendimento escolar de crianças de 0 a 3 anos (%)"
3506409,"Bilac",45.42586751,2022,"Escolaridade",48.85,"Taxas de atendimento escolar de crianças de 0 a 3 anos (%)"
3506409,"Bilac",39.80582524,2024,"Escolaridade",51.53,"Taxas de atendimento escolar de crianças de 0 a 3 anos (%)"
3506508,"Birigui",53.38375024,2014,"Escolaridade",38.5,"Taxas de atendimento escolar de crianças de 0 a 3 anos (%)"
3506508,"Birigui",61.86671863,2016,"Escolaridade",42.77,"Taxas de atendimento escolar de crianças de 0 a 3 anos (%)"
3506508,"Birigui",62.31292517,2018,"Escolaridade",47.19,"Taxas de atendimento escolar de crianças de 0 a 3 anos (%)"
3506508,"Birigui",56.13116026,2020,"Escolaridade",48.28,"Taxas de atendimento escolar de crianças de 0 a 3 anos (%)"
3506508,"Birigui",53.65563701,2022,"Escolaridade",48.85,"Taxas de atendimento escolar de crianças de 0 a 3 anos (%)"
3506508,"Birigui",60.0860127,2024,"Escolaridade",51.53,"Taxas de atendimento escolar de crianças de 0 a 3 anos (%)"
3506607,"Biritiba Mirim",19.62774958,2014,"Escolaridade",38.5,"Taxas de atendimento escolar de crianças de 0 a 3 anos (%)"
3506607,"Biritiba Mirim",23.66666667,2016,"Escolaridade",42.77,"Taxas de atendimento escolar de crianças de 0 a 3 anos (%)"
3506607,"Biritiba Mirim",20.80131723,2018,"Escolaridade",47.19,"Taxas de atendimento escolar de crianças de 0 a 3 anos (%)"
3506607,"Biritiba Mirim",18.01410743,2020,"Escolaridade",48.28,"Taxas de atendimento escolar de crianças de 0 a 3 anos (%)"
3506607,"Biritiba Mirim",14.48648649,2022,"Escolaridade",48.85,"Taxas de atendimento escolar de crianças de 0 a 3 anos (%)"
3506607,"Biritiba Mirim",23.12668464,2024,"Escolaridade",51.53,"Taxas de atendimento escolar de crianças de 0 a 3 anos (%)"
3506706,"Boa Esperança do Sul",44.6313066,2014,"Escolaridade",38.5,"Taxas de atendimento escolar de crianças de 0 a 3 anos (%)"
3506706,"Boa Esperança do Sul",40.96858639,2016,"Escolaridade",42.77,"Taxas de atendimento escolar de crianças de 0 a 3 anos (%)"
3506706,"Boa Esperança do Sul",39.65968586,2018,"Escolaridade",47.19,"Taxas de atendimento escolar de crianças de 0 a 3 anos (%)"
3506706,"Boa Esperança do Sul",26.57068063,2020,"Escolaridade",48.28,"Taxas de atendimento escolar de crianças de 0 a 3 anos (%)"
3506706,"Boa Esperança do Sul",43.1424767,2022,"Escolaridade",48.85,"Taxas de atendimento escolar de crianças de 0 a 3 anos (%)"
3506706,"Boa Esperança do Sul",49.72527473,2024,"Escolaridade",51.53,"Taxas de atendimento escolar de crianças de 0 a 3 anos (%)"
3506805,"Bocaina",35.6302521,2014,"Escolaridade",38.5,"Taxas de atendimento escolar de crianças de 0 a 3 anos (%)"
3506805,"Bocaina",36.8852459,2016,"Escolaridade",42.77,"Taxas de atendimento escolar de crianças de 0 a 3 anos (%)"
3506805,"Bocaina",39.63815789,2018,"Escolaridade",47.19,"Taxas de atendimento escolar de crianças de 0 a 3 anos (%)"
3506805,"Bocaina",40.39735099,2020,"Escolaridade",48.28,"Taxas de atendimento escolar de crianças de 0 a 3 anos (%)"
3506805,"Bocaina",41.40233723,2022,"Escolaridade",48.85,"Taxas de atendimento escolar de crianças de 0 a 3 anos (%)"
3506805,"Bocaina",40.74074074,2024,"Escolaridade",51.53,"Taxas de atendimento escolar de crianças de 0 a 3 anos (%)"
3506904,"Bofete",28.0075188,2014,"Escolaridade",38.5,"Taxas de atendimento escolar de crianças de 0 a 3 anos (%)"
3506904,"Bofete",24.53874539,2016,"Escolaridade",42.77,"Taxas de atendimento escolar de crianças de 0 a 3 anos (%)"
3506904,"Bofete",28.64674868,2018,"Escolaridade",47.19,"Taxas de atendimento escolar de crianças de 0 a 3 anos (%)"
3506904,"Bofete",26.17449664,2020,"Escolaridade",48.28,"Taxas de atendimento escolar de crianças de 0 a 3 anos (%)"
3506904,"Bofete",20.2970297,2022,"Escolaridade",48.85,"Taxas de atendimento escolar de crianças de 0 a 3 anos (%)"
3506904,"Bofete",28.1300813,2024,"Escolaridade",51.53,"Taxas de atendimento escolar de crianças de 0 a 3 anos (%)"
3507001,"Boituva",35.66835871,2014,"Escolaridade",38.5,"Taxas de atendimento escolar de crianças de 0 a 3 anos (%)"
3507001,"Boituva",36.78807947,2016,"Escolaridade",42.77,"Taxas de atendimento escolar de crianças de 0 a 3 anos (%)"
3507001,"Boituva",36.09545907,2018,"Escolaridade",47.19,"Taxas de atendimento escolar de crianças de 0 a 3 anos (%)"
3507001,"Boituva",43.10402127,2020,"Escolaridade",48.28,"Taxas de atendimento escolar de crianças de 0 a 3 anos (%)"
3507001,"Boituva",50.16733601,2022,"Escolaridade",48.85,"Taxas de atendimento escolar de crianças de 0 a 3 anos (%)"
3507001,"Boituva",60.02031144,2024,"Escolaridade",51.53,"Taxas de atendimento escolar de crianças de 0 a 3 anos (%)"
3507100,"Bom Jesus dos Perdões",38,2014,"Escolaridade",38.5,"Taxas de atendimento escolar de crianças de 0 a 3 anos (%)"
3507100,"Bom Jesus dos Perdões",46.72594988,2016,"Escolaridade",42.77,"Taxas de atendimento escolar de crianças de 0 a 3 anos (%)"
3507100,"Bom Jesus dos Perdões",43.65642238,2018,"Escolaridade",47.19,"Taxas de atendimento escolar de crianças de 0 a 3 anos (%)"
3507100,"Bom Jesus dos Perdões",38.01843318,2020,"Escolaridade",48.28,"Taxas de atendimento escolar de crianças de 0 a 3 anos (%)"
3507100,"Bom Jesus dos Perdões",33.40978593,2022,"Escolaridade",48.85,"Taxas de atendimento escolar de crianças de 0 a 3 anos (%)"
3507100,"Bom Jesus dos Perdões",37.91793313,2024,"Escolaridade",51.53,"Taxas de atendimento escolar de crianças de 0 a 3 anos (%)"
3507159,"Bom Sucesso de Itararé",28.6259542,2014,"Escolaridade",38.5,"Taxas de atendimento escolar de crianças de 0 a 3 anos (%)"
3507159,"Bom Sucesso de Itararé",38.34586466,2016,"Escolaridade",42.77,"Taxas de atendimento escolar de crianças de 0 a 3 anos (%)"
3507159,"Bom Sucesso de Itararé",44.81481481,2018,"Escolaridade",47.19,"Taxas de atendimento escolar de crianças de 0 a 3 anos (%)"
3507159,"Bom Sucesso de Itararé",44.52554745,2020,"Escolaridade",48.28,"Taxas de atendimento escolar de crianças de 0 a 3 anos (%)"
3507159,"Bom Sucesso de Itararé",39.85239852,2022,"Escolaridade",48.85,"Taxas de atendimento escolar de crianças de 0 a 3 anos (%)"
3507159,"Bom Sucesso de Itararé",44.98141264,2024,"Escolaridade",51.53,"Taxas de atendimento escolar de crianças de 0 a 3 anos (%)"
3507209,"Borá",67.64705882,2014,"Escolaridade",38.5,"Taxas de atendimento escolar de crianças de 0 a 3 anos (%)"
3507209,"Borá",100,2016,"Escolaridade",42.77,"Taxas de atendimento escolar de crianças de 0 a 3 anos (%)"
3507209,"Borá",100,2018,"Escolaridade",47.19,"Taxas de atendimento escolar de crianças de 0 a 3 anos (%)"
3507209,"Borá",90.90909091,2020,"Escolaridade",48.28,"Taxas de atendimento escolar de crianças de 0 a 3 anos (%)"
3507209,"Borá",96.875,2022,"Escolaridade",48.85,"Taxas de atendimento escolar de crianças de 0 a 3 anos (%)"
3507209,"Borá",80,2024,"Escolaridade",51.53,"Taxas de atendimento escolar de crianças de 0 a 3 anos (%)"
3507308,"Boracéia",62.8,2014,"Escolaridade",38.5,"Taxas de atendimento escolar de crianças de 0 a 3 anos (%)"
3507308,"Boracéia",53.17460317,2016,"Escolaridade",42.77,"Taxas de atendimento escolar de crianças de 0 a 3 anos (%)"
3507308,"Boracéia",51.171875,2018,"Escolaridade",47.19,"Taxas de atendimento escolar de crianças de 0 a 3 anos (%)"
3507308,"Boracéia",62.45210728,2020,"Escolaridade",48.28,"Taxas de atendimento escolar de crianças de 0 a 3 anos (%)"
3507308,"Boracéia",63.28125,2022,"Escolaridade",48.85,"Taxas de atendimento escolar de crianças de 0 a 3 anos (%)"
3507308,"Boracéia",70.11952191,2024,"Escolaridade",51.53,"Taxas de atendimento escolar de crianças de 0 a 3 anos (%)"
3507407,"Borborema",29.92592593,2014,"Escolaridade",38.5,"Taxas de atendimento escolar de crianças de 0 a 3 anos (%)"
3507407,"Borborema",41.90193165,2016,"Escolaridade",42.77,"Taxas de atendimento escolar de crianças de 0 a 3 anos (%)"
3507407,"Borborema",44.54545455,2018,"Escolaridade",47.19,"Taxas de atendimento escolar de crianças de 0 a 3 anos (%)"
3507407,"Borborema",48.37209302,2020,"Escolaridade",48.28,"Taxas de atendimento escolar de crianças de 0 a 3 anos (%)"
3507407,"Borborema",47.47634069,2022,"Escolaridade",48.85,"Taxas de atendimento escolar de crianças de 0 a 3 anos (%)"
3507407,"Borborema",54.5751634,2024,"Escolaridade",51.53,"Taxas de atendimento escolar de crianças de 0 a 3 anos (%)"
3507456,"Borebi",71.73913043,2014,"Escolaridade",38.5,"Taxas de atendimento escolar de crianças de 0 a 3 anos (%)"
3507456,"Borebi",60.43165468,2016,"Escolaridade",42.77,"Taxas de atendimento escolar de crianças de 0 a 3 anos (%)"
3507456,"Borebi",75.88652482,2018,"Escolaridade",47.19,"Taxas de atendimento escolar de crianças de 0 a 3 anos (%)"
3507456,"Borebi",60.95890411,2020,"Escolaridade",48.28,"Taxas de atendimento escolar de crianças de 0 a 3 anos (%)"
3507456,"Borebi",75.69444444,2022,"Escolaridade",48.85,"Taxas de atendimento escolar de crianças de 0 a 3 anos (%)"
3507456,"Borebi",77.69784173,2024,"Escolaridade",51.53,"Taxas de atendimento escolar de crianças de 0 a 3 anos (%)"
3507506,"Botucatu",49.74388995,2014,"Escolaridade",38.5,"Taxas de atendimento escolar de crianças de 0 a 3 anos (%)"
3507506,"Botucatu",55.25895836,2016,"Escolaridade",42.77,"Taxas de atendimento escolar de crianças de 0 a 3 anos (%)"
3507506,"Botucatu",58.55013154,2018,"Escolaridade",47.19,"Taxas de atendimento escolar de crianças de 0 a 3 anos (%)"
3507506,"Botucatu",53.89380531,2020,"Escolaridade",48.28,"Taxas de atendimento escolar de crianças de 0 a 3 anos (%)"
3507506,"Botucatu",59.72932331,2022,"Escolaridade",48.85,"Taxas de atendimento escolar de crianças de 0 a 3 anos (%)"
3507506,"Botucatu",61.57069688,2024,"Escolaridade",51.53,"Taxas de atendimento escolar de crianças de 0 a 3 anos (%)"
3507605,"Bragança Paulista",40.67692308,2014,"Escolaridade",38.5,"Taxas de atendimento escolar de crianças de 0 a 3 anos (%)"
3507605,"Bragança Paulista",41.46808765,2016,"Escolaridade",42.77,"Taxas de atendimento escolar de crianças de 0 a 3 anos (%)"
3507605,"Bragança Paulista",45.81862447,2018,"Escolaridade",47.19,"Taxas de atendimento escolar de crianças de 0 a 3 anos (%)"
3507605,"Bragança Paulista",47.728965,2020,"Escolaridade",48.28,"Taxas de atendimento escolar de crianças de 0 a 3 anos (%)"
3507605,"Bragança Paulista",48.1317849,2022,"Escolaridade",48.85,"Taxas de atendimento escolar de crianças de 0 a 3 anos (%)"
3507605,"Bragança Paulista",53.54361371,2024,"Escolaridade",51.53,"Taxas de atendimento escolar de crianças de 0 a 3 anos (%)"
3507704,"Braúna",33.75527426,2014,"Escolaridade",38.5,"Taxas de atendimento escolar de crianças de 0 a 3 anos (%)"
3507704,"Braúna",54.85232068,2016,"Escolaridade",42.77,"Taxas de atendimento escolar de crianças de 0 a 3 anos (%)"
3507704,"Braúna",56.96721311,2018,"Escolaridade",47.19,"Taxas de atendimento escolar de crianças de 0 a 3 anos (%)"
3507704,"Braúna",50.19920319,2020,"Escolaridade",48.28,"Taxas de atendimento escolar de crianças de 0 a 3 anos (%)"
3507704,"Braúna",65.72580645,2022,"Escolaridade",48.85,"Taxas de atendimento escolar de crianças de 0 a 3 anos (%)"
3507704,"Braúna",66.25514403,2024,"Escolaridade",51.53,"Taxas de atendimento escolar de crianças de 0 a 3 anos (%)"
3507753,"Brejo Alegre",67.52136752,2014,"Escolaridade",38.5,"Taxas de atendimento escolar de crianças de 0 a 3 anos (%)"
3507753,"Brejo Alegre",67.79661017,2016,"Escolaridade",42.77,"Taxas de atendimento escolar de crianças de 0 a 3 anos (%)"
3507753,"Brejo Alegre",66.37931034,2018,"Escolaridade",47.19,"Taxas de atendimento escolar de crianças de 0 a 3 anos (%)"
3507753,"Brejo Alegre",64.65517241,2020,"Escolaridade",48.28,"Taxas de atendimento escolar de crianças de 0 a 3 anos (%)"
3507753,"Brejo Alegre",57.52212389,2022,"Escolaridade",48.85,"Taxas de atendimento escolar de crianças de 0 a 3 anos (%)"
3507753,"Brejo Alegre",54.86725664,2024,"Escolaridade",51.53,"Taxas de atendimento escolar de crianças de 0 a 3 anos (%)"
3507803,"Brodowski",37.25671918,2014,"Escolaridade",38.5,"Taxas de atendimento escolar de crianças de 0 a 3 anos (%)"
3507803,"Brodowski",38.7477314,2016,"Escolaridade",42.77,"Taxas de atendimento escolar de crianças de 0 a 3 anos (%)"
3507803,"Brodowski",45.93386953,2018,"Escolaridade",47.19,"Taxas de atendimento escolar de crianças de 0 a 3 anos (%)"
3507803,"Brodowski",43.83802817,2020,"Escolaridade",48.28,"Taxas de atendimento escolar de crianças de 0 a 3 anos (%)"
3507803,"Brodowski",38.7755102,2022,"Escolaridade",48.85,"Taxas de atendimento escolar de crianças de 0 a 3 anos (%)"
3507803,"Brodowski",46.97380307,2024,"Escolaridade",51.53,"Taxas de atendimento escolar de crianças de 0 a 3 anos (%)"
3507902,"Brotas",36.159601,2014,"Escolaridade",38.5,"Taxas de atendimento escolar de crianças de 0 a 3 anos (%)"
3507902,"Brotas",31.38866064,2016,"Escolaridade",42.77,"Taxas de atendimento escolar de crianças de 0 a 3 anos (%)"
3507902,"Brotas",36.18581907,2018,"Escolaridade",47.19,"Taxas de atendimento escolar de crianças de 0 a 3 anos (%)"
3507902,"Brotas",42.51012146,2020,"Escolaridade",48.28,"Taxas de atendimento escolar de crianças de 0 a 3 anos (%)"
3507902,"Brotas",38.69387755,2022,"Escolaridade",48.85,"Taxas de atendimento escolar de crianças de 0 a 3 anos (%)"
3507902,"Brotas",48.71155445,2024,"Escolaridade",51.53,"Taxas de atendimento escolar de crianças de 0 a 3 anos (%)"
3508009,"Buri",27.7486911,2014,"Escolaridade",38.5,"Taxas de atendimento escolar de crianças de 0 a 3 anos (%)"
3508009,"Buri",27.7736411,2016,"Escolaridade",42.77,"Taxas de atendimento escolar de crianças de 0 a 3 anos (%)"
3508009,"Buri",33.94216134,2018,"Escolaridade",47.19,"Taxas de atendimento escolar de crianças de 0 a 3 anos (%)"
3508009,"Buri",35.71984436,2020,"Escolaridade",48.28,"Taxas de atendimento escolar de crianças de 0 a 3 anos (%)"
3508009,"Buri",31.78963893,2022,"Escolaridade",48.85,"Taxas de atendimento escolar de crianças de 0 a 3 anos (%)"
3508009,"Buri",40.66985646,2024,"Escolaridade",51.53,"Taxas de atendimento escolar de crianças de 0 a 3 anos (%)"
3508108,"Buritama",28.30188679,2014,"Escolaridade",38.5,"Taxas de atendimento escolar de crianças de 0 a 3 anos (%)"
3508108,"Buritama",33.37893297,2016,"Escolaridade",42.77,"Taxas de atendimento escolar de crianças de 0 a 3 anos (%)"
3508108,"Buritama",39.89218329,2018,"Escolaridade",47.19,"Taxas de atendimento escolar de crianças de 0 a 3 anos (%)"
3508108,"Buritama",39.2,2020,"Escolaridade",48.28,"Taxas de atendimento escolar de crianças de 0 a 3 anos (%)"
3508108,"Buritama",36.97135061,2022,"Escolaridade",48.85,"Taxas de atendimento escolar de crianças de 0 a 3 anos (%)"
3508108,"Buritama",45.19774011,2024,"Escolaridade",51.53,"Taxas de atendimento escolar de crianças de 0 a 3 anos (%)"
3508207,"Buritizal",55.2238806,2014,"Escolaridade",38.5,"Taxas de atendimento escolar de crianças de 0 a 3 anos (%)"
3508207,"Buritizal",54.82233503,2016,"Escolaridade",42.77,"Taxas de atendimento escolar de crianças de 0 a 3 anos (%)"
3508207,"Buritizal",61.65803109,2018,"Escolaridade",47.19,"Taxas de atendimento escolar de crianças de 0 a 3 anos (%)"
3508207,"Buritizal",50.79365079,2020,"Escolaridade",48.28,"Taxas de atendimento escolar de crianças de 0 a 3 anos (%)"
3508207,"Buritizal",58.69565217,2022,"Escolaridade",48.85,"Taxas de atendimento escolar de crianças de 0 a 3 anos (%)"
3508207,"Buritizal",63.84180791,2024,"Escolaridade",51.53,"Taxas de atendimento escolar de crianças de 0 a 3 anos (%)"
3508306,"Cabrália Paulista",25.35211268,2014,"Escolaridade",38.5,"Taxas de atendimento escolar de crianças de 0 a 3 anos (%)"
3508306,"Cabrália Paulista",25.36585366,2016,"Escolaridade",42.77,"Taxas de atendimento escolar de crianças de 0 a 3 anos (%)"
3508306,"Cabrália Paulista",31.5270936,2018,"Escolaridade",47.19,"Taxas de atendimento escolar de crianças de 0 a 3 anos (%)"
3508306,"Cabrália Paulista",44.05940594,2020,"Escolaridade",48.28,"Taxas de atendimento escolar de crianças de 0 a 3 anos (%)"
3508306,"Cabrália Paulista",40.60913706,2022,"Escolaridade",48.85,"Taxas de atendimento escolar de crianças de 0 a 3 anos (%)"
3508306,"Cabrália Paulista",41.26984127,2024,"Escolaridade",51.53,"Taxas de atendimento escolar de crianças de 0 a 3 anos (%)"
3508405,"Cabreúva",26.3909224,2014,"Escolaridade",38.5,"Taxas de atendimento escolar de crianças de 0 a 3 anos (%)"
3508405,"Cabreúva",27.08933718,2016,"Escolaridade",42.77,"Taxas de atendimento escolar de crianças de 0 a 3 anos (%)"
3508405,"Cabreúva",40.55869873,2018,"Escolaridade",47.19,"Taxas de atendimento escolar de crianças de 0 a 3 anos (%)"
3508405,"Cabreúva",41.36253041,2020,"Escolaridade",48.28,"Taxas de atendimento escolar de crianças de 0 a 3 anos (%)"
3508405,"Cabreúva",43.34958217,2022,"Escolaridade",48.85,"Taxas de atendimento escolar de crianças de 0 a 3 anos (%)"
3508405,"Cabreúva",46.07568325,2024,"Escolaridade",51.53,"Taxas de atendimento escolar de crianças de 0 a 3 anos (%)"
3508504,"Caçapava",28.21368948,2014,"Escolaridade",38.5,"Taxas de atendimento escolar de crianças de 0 a 3 anos (%)"
3508504,"Caçapava",29.41544885,2016,"Escolaridade",42.77,"Taxas de atendimento escolar de crianças de 0 a 3 anos (%)"
3508504,"Caçapava",32.03158344,2018,"Escolaridade",47.19,"Taxas de atendimento escolar de crianças de 0 a 3 anos (%)"
3508504,"Caçapava",32.53933566,2020,"Escolaridade",48.28,"Taxas de atendimento escolar de crianças de 0 a 3 anos (%)"
3508504,"Caçapava",35.88129496,2022,"Escolaridade",48.85,"Taxas de atendimento escolar de crianças de 0 a 3 anos (%)"
3508504,"Caçapava",37.72342427,2024,"Escolaridade",51.53,"Taxas de atendimento escolar de crianças de 0 a 3 anos (%)"
3508603,"Cachoeira Paulista",31.79810726,2014,"Escolaridade",38.5,"Taxas de atendimento escolar de crianças de 0 a 3 anos (%)"
3508603,"Cachoeira Paulista",36.67091837,2016,"Escolaridade",42.77,"Taxas de atendimento escolar de crianças de 0 a 3 anos (%)"
3508603,"Cachoeira Paulista",41.36597938,2018,"Escolaridade",47.19,"Taxas de atendimento escolar de crianças de 0 a 3 anos (%)"
3508603,"Cachoeira Paulista",42.6988266,2020,"Escolaridade",48.28,"Taxas de atendimento escolar de crianças de 0 a 3 anos (%)"
3508603,"Cachoeira Paulista",38.36978131,2022,"Escolaridade",48.85,"Taxas de atendimento escolar de crianças de 0 a 3 anos (%)"
3508603,"Cachoeira Paulista",38.37764145,2024,"Escolaridade",51.53,"Taxas de atendimento escolar de crianças de 0 a 3 anos (%)"
3508702,"Caconde",34.30735931,2014,"Escolaridade",38.5,"Taxas de atendimento escolar de crianças de 0 a 3 anos (%)"
3508702,"Caconde",30.86956522,2016,"Escolaridade",42.77,"Taxas de atendimento escolar de crianças de 0 a 3 anos (%)"
3508702,"Caconde",33.65800866,2018,"Escolaridade",47.19,"Taxas de atendimento escolar de crianças de 0 a 3 anos (%)"
3508702,"Caconde",33.54908306,2020,"Escolaridade",48.28,"Taxas de atendimento escolar de crianças de 0 a 3 anos (%)"
3508702,"Caconde",29.88004362,2022,"Escolaridade",48.85,"Taxas de atendimento escolar de crianças de 0 a 3 anos (%)"
3508702,"Caconde",33.03571429,2024,"Escolaridade",51.53,"Taxas de atendimento escolar de crianças de 0 a 3 anos (%)"
3508801,"Cafelândia",27.75229358,2014,"Escolaridade",38.5,"Taxas de atendimento escolar de crianças de 0 a 3 anos (%)"
3508801,"Cafelândia",29.78235968,2016,"Escolaridade",42.77,"Taxas de atendimento escolar de crianças de 0 a 3 anos (%)"
3508801,"Cafelândia",26.76056338,2018,"Escolaridade",47.19,"Taxas de atendimento escolar de crianças de 0 a 3 anos (%)"
3508801,"Cafelândia",29.6875,2020,"Escolaridade",48.28,"Taxas de atendimento escolar de crianças de 0 a 3 anos (%)"
3508801,"Cafelândia",41.62561576,2022,"Escolaridade",48.85,"Taxas de atendimento escolar de crianças de 0 a 3 anos (%)"
3508801,"Cafelândia",46.08472401,2024,"Escolaridade",51.53,"Taxas de atendimento escolar de crianças de 0 a 3 anos (%)"
3508900,"Caiabu",45.14563107,2014,"Escolaridade",38.5,"Taxas de atendimento escolar de crianças de 0 a 3 anos (%)"
3508900,"Caiabu",37.01923077,2016,"Escolaridade",42.77,"Taxas de atendimento escolar de crianças de 0 a 3 anos (%)"
3508900,"Caiabu",32.33830846,2018,"Escolaridade",47.19,"Taxas de atendimento escolar de crianças de 0 a 3 anos (%)"
3508900,"Caiabu",38.97435897,2020,"Escolaridade",48.28,"Taxas de atendimento escolar de crianças de 0 a 3 anos (%)"
3508900,"Caiabu",36.84210526,2022,"Escolaridade",48.85,"Taxas de atendimento escolar de crianças de 0 a 3 anos (%)"
3508900,"Caiabu",46.15384615,2024,"Escolaridade",51.53,"Taxas de atendimento escolar de crianças de 0 a 3 anos (%)"
3509007,"Caieiras",38.29053277,2014,"Escolaridade",38.5,"Taxas de atendimento escolar de crianças de 0 a 3 anos (%)"
3509007,"Caieiras",38.26598368,2016,"Escolaridade",42.77,"Taxas de atendimento escolar de crianças de 0 a 3 anos (%)"
3509007,"Caieiras",49.11287278,2018,"Escolaridade",47.19,"Taxas de atendimento escolar de crianças de 0 a 3 anos (%)"
3509007,"Caieiras",51.44900263,2020,"Escolaridade",48.28,"Taxas de atendimento escolar de crianças de 0 a 3 anos (%)"
3509007,"Caieiras",47.24334601,2022,"Escolaridade",48.85,"Taxas de atendimento escolar de crianças de 0 a 3 anos (%)"
3509007,"Caieiras",48.12015504,2024,"Escolaridade",51.53,"Taxas de atendimento escolar de crianças de 0 a 3 anos (%)"
3509106,"Caiuá",18.30357143,2014,"Escolaridade",38.5,"Taxas de atendimento escolar de crianças de 0 a 3 anos (%)"
3509106,"Caiuá",18.26086957,2016,"Escolaridade",42.77,"Taxas de atendimento escolar de crianças de 0 a 3 anos (%)"
3509106,"Caiuá",29.11392405,2018,"Escolaridade",47.19,"Taxas de atendimento escolar de crianças de 0 a 3 anos (%)"
3509106,"Caiuá",14.69387755,2020,"Escolaridade",48.28,"Taxas de atendimento escolar de crianças de 0 a 3 anos (%)"
3509106,"Caiuá",12.90322581,2022,"Escolaridade",48.85,"Taxas de atendimento escolar de crianças de 0 a 3 anos (%)"
3509106,"Caiuá",12.5984252,2024,"Escolaridade",51.53,"Taxas de atendimento escolar de crianças de 0 a 3 anos (%)"
3509205,"Cajamar",36.34188778,2014,"Escolaridade",38.5,"Taxas de atendimento escolar de crianças de 0 a 3 anos (%)"
3509205,"Cajamar",37.3628692,2016,"Escolaridade",42.77,"Taxas de atendimento escolar de crianças de 0 a 3 anos (%)"
3509205,"Cajamar",43.4938741,2018,"Escolaridade",47.19,"Taxas de atendimento escolar de crianças de 0 a 3 anos (%)"
3509205,"Cajamar",51.97117423,2020,"Escolaridade",48.28,"Taxas de atendimento escolar de crianças de 0 a 3 anos (%)"
3509205,"Cajamar",51.17071094,2022,"Escolaridade",48.85,"Taxas de atendimento escolar de crianças de 0 a 3 anos (%)"
3509205,"Cajamar",63.70274914,2024,"Escolaridade",51.53,"Taxas de atendimento escolar de crianças de 0 a 3 anos (%)"
3509254,"Cajati",16.37649619,2014,"Escolaridade",38.5,"Taxas de atendimento escolar de crianças de 0 a 3 anos (%)"
3509254,"Cajati",21.08731466,2016,"Escolaridade",42.77,"Taxas de atendimento escolar de crianças de 0 a 3 anos (%)"
3509254,"Cajati",23.61419069,2018,"Escolaridade",47.19,"Taxas de atendimento escolar de crianças de 0 a 3 anos (%)"
3509254,"Cajati",24.59292532,2020,"Escolaridade",48.28,"Taxas de atendimento escolar de crianças de 0 a 3 anos (%)"
3509254,"Cajati",23.24786325,2022,"Escolaridade",48.85,"Taxas de atendimento escolar de crianças de 0 a 3 anos (%)"
3509254,"Cajati",24.1076653,2024,"Escolaridade",51.53,"Taxas de atendimento escolar de crianças de 0 a 3 anos (%)"
3509304,"Cajobi",51.52224824,2014,"Escolaridade",38.5,"Taxas de atendimento escolar de crianças de 0 a 3 anos (%)"
3509304,"Cajobi",54.69483568,2016,"Escolaridade",42.77,"Taxas de atendimento escolar de crianças de 0 a 3 anos (%)"
3509304,"Cajobi",62.47030879,2018,"Escolaridade",47.19,"Taxas de atendimento escolar de crianças de 0 a 3 anos (%)"
3509304,"Cajobi",53.01204819,2020,"Escolaridade",48.28,"Taxas de atendimento escolar de crianças de 0 a 3 anos (%)"
3509304,"Cajobi",56.6084788,2022,"Escolaridade",48.85,"Taxas de atendimento escolar de crianças de 0 a 3 anos (%)"
3509304,"Cajobi",58.13953488,2024,"Escolaridade",51.53,"Taxas de atendimento escolar de crianças de 0 a 3 anos (%)"
3509403,"Cajuru",29.24731183,2014,"Escolaridade",38.5,"Taxas de atendimento escolar de crianças de 0 a 3 anos (%)"
3509403,"Cajuru",33.16901408,2016,"Escolaridade",42.77,"Taxas de atendimento escolar de crianças de 0 a 3 anos (%)"
3509403,"Cajuru",37.42937853,2018,"Escolaridade",47.19,"Taxas de atendimento escolar de crianças de 0 a 3 anos (%)"
3509403,"Cajuru",32.93201133,2020,"Escolaridade",48.28,"Taxas de atendimento escolar de crianças de 0 a 3 anos (%)"
3509403,"Cajuru",37.0050396,2022,"Escolaridade",48.85,"Taxas de atendimento escolar de crianças de 0 a 3 anos (%)"
3509403,"Cajuru",36.73318551,2024,"Escolaridade",51.53,"Taxas de atendimento escolar de crianças de 0 a 3 anos (%)"
3509452,"Campina do Monte Alegre",35.7827476,2014,"Escolaridade",38.5,"Taxas de atendimento escolar de crianças de 0 a 3 anos (%)"
3509452,"Campina do Monte Alegre",40.70512821,2016,"Escolaridade",42.77,"Taxas de atendimento escolar de crianças de 0 a 3 anos (%)"
3509452,"Campina do Monte Alegre",28.24675325,2018,"Escolaridade",47.19,"Taxas de atendimento escolar de crianças de 0 a 3 anos (%)"
3509452,"Campina do Monte Alegre",37.37704918,2020,"Escolaridade",48.28,"Taxas de atendimento escolar de crianças de 0 a 3 anos (%)"
3509452,"Campina do Monte Alegre",39.9339934,2022,"Escolaridade",48.85,"Taxas de atendimento escolar de crianças de 0 a 3 anos (%)"
3509452,"Campina do Monte Alegre",48.31081081,2024,"Escolaridade",51.53,"Taxas de atendimento escolar de crianças de 0 a 3 anos (%)"
3509502,"Campinas",38.65751229,2014,"Escolaridade",38.5,"Taxas de atendimento escolar de crianças de 0 a 3 anos (%)"
3509502,"Campinas",44.15405065,2016,"Escolaridade",42.77,"Taxas de atendimento escolar de crianças de 0 a 3 anos (%)"
3509502,"Campinas",51.38657941,2018,"Escolaridade",47.19,"Taxas de atendimento escolar de crianças de 0 a 3 anos (%)"
3509502,"Campinas",50.68276823,2020,"Escolaridade",48.28,"Taxas de atendimento escolar de crianças de 0 a 3 anos (%)"
3509502,"Campinas",50.20551743,2022,"Escolaridade",48.85,"Taxas de atendimento escolar de crianças de 0 a 3 anos (%)"
3509502,"Campinas",54.25348958,2024,"Escolaridade",51.53,"Taxas de atendimento escolar de crianças de 0 a 3 anos (%)"
3509601,"Campo Limpo Paulista",29.82535722,2014,"Escolaridade",38.5,"Taxas de atendimento escolar de crianças de 0 a 3 anos (%)"
3509601,"Campo Limpo Paulista",31.192038,2016,"Escolaridade",42.77,"Taxas de atendimento escolar de crianças de 0 a 3 anos (%)"
3509601,"Campo Limpo Paulista",31.5430132,2018,"Escolaridade",47.19,"Taxas de atendimento escolar de crianças de 0 a 3 anos (%)"
3509601,"Campo Limpo Paulista",29.72477064,2020,"Escolaridade",48.28,"Taxas de atendimento escolar de crianças de 0 a 3 anos (%)"
3509601,"Campo Limpo Paulista",30.35046729,2022,"Escolaridade",48.85,"Taxas de atendimento escolar de crianças de 0 a 3 anos (%)"
3509601,"Campo Limpo Paulista",33.29318237,2024,"Escolaridade",51.53,"Taxas de atendimento escolar de crianças de 0 a 3 anos (%)"
3509700,"Campos do Jordão",49.44871367,2014,"Escolaridade",38.5,"Taxas de atendimento escolar de crianças de 0 a 3 anos (%)"
3509700,"Campos do Jordão",47.48272458,2016,"Escolaridade",42.77,"Taxas de atendimento escolar de crianças de 0 a 3 anos (%)"
3509700,"Campos do Jordão",55.10961214,2018,"Escolaridade",47.19,"Taxas de atendimento escolar de crianças de 0 a 3 anos (%)"
3509700,"Campos do Jordão",52.92691375,2020,"Escolaridade",48.28,"Taxas de atendimento escolar de crianças de 0 a 3 anos (%)"
3509700,"Campos do Jordão",48.81583598,2022,"Escolaridade",48.85,"Taxas de atendimento escolar de crianças de 0 a 3 anos (%)"
3509700,"Campos do Jordão",51.27737226,2024,"Escolaridade",51.53,"Taxas de atendimento escolar de crianças de 0 a 3 anos (%)"
3509809,"Campos Novos Paulista",44.7257384,2014,"Escolaridade",38.5,"Taxas de atendimento escolar de crianças de 0 a 3 anos (%)"
3509809,"Campos Novos Paulista",36.44067797,2016,"Escolaridade",42.77,"Taxas de atendimento escolar de crianças de 0 a 3 anos (%)"
3509809,"Campos Novos Paulista",46.0251046,2018,"Escolaridade",47.19,"Taxas de atendimento escolar de crianças de 0 a 3 anos (%)"
3509809,"Campos Novos Paulista",47.9338843,2020,"Escolaridade",48.28,"Taxas de atendimento escolar de crianças de 0 a 3 anos (%)"
3509809,"Campos Novos Paulista",43.15352697,2022,"Escolaridade",48.85,"Taxas de atendimento escolar de crianças de 0 a 3 anos (%)"
3509809,"Campos Novos Paulista",52.94117647,2024,"Escolaridade",51.53,"Taxas de atendimento escolar de crianças de 0 a 3 anos (%)"
3509908,"Cananéia",21.2244898,2014,"Escolaridade",38.5,"Taxas de atendimento escolar de crianças de 0 a 3 anos (%)"
3509908,"Cananéia",19.37244202,2016,"Escolaridade",42.77,"Taxas de atendimento escolar de crianças de 0 a 3 anos (%)"
3509908,"Cananéia",27.90697674,2018,"Escolaridade",47.19,"Taxas de atendimento escolar de crianças de 0 a 3 anos (%)"
3509908,"Cananéia",23.38376891,2020,"Escolaridade",48.28,"Taxas de atendimento escolar de crianças de 0 a 3 anos (%)"
3509908,"Cananéia",18.88888889,2022,"Escolaridade",48.85,"Taxas de atendimento escolar de crianças de 0 a 3 anos (%)"
3509908,"Cananéia",17.8470255,2024,"Escolaridade",51.53,"Taxas de atendimento escolar de crianças de 0 a 3 anos (%)"
3509957,"Canas",26.71232877,2014,"Escolaridade",38.5,"Taxas de atendimento escolar de crianças de 0 a 3 anos (%)"
3509957,"Canas",23.63013699,2016,"Escolaridade",42.77,"Taxas de atendimento escolar de crianças de 0 a 3 anos (%)"
3509957,"Canas",36.12040134,2018,"Escolaridade",47.19,"Taxas de atendimento escolar de crianças de 0 a 3 anos (%)"
3509957,"Canas",34.19354839,2020,"Escolaridade",48.28,"Taxas de atendimento escolar de crianças de 0 a 3 anos (%)"
3509957,"Canas",31.37254902,2022,"Escolaridade",48.85,"Taxas de atendimento escolar de crianças de 0 a 3 anos (%)"
3509957,"Canas",33.44262295,2024,"Escolaridade",51.53,"Taxas de atendimento escolar de crianças de 0 a 3 anos (%)"
3510005,"Cândido Mota",59.58041958,2014,"Escolaridade",38.5,"Taxas de atendimento escolar de crianças de 0 a 3 anos (%)"
3510005,"Cândido Mota",59.30984903,2016,"Escolaridade",42.77,"Taxas de atendimento escolar de crianças de 0 a 3 anos (%)"
3510005,"Cândido Mota",59.2403214,2018,"Escolaridade",47.19,"Taxas de atendimento escolar de crianças de 0 a 3 anos (%)"
3510005,"Cândido Mota",57.6095026,2020,"Escolaridade",48.28,"Taxas de atendimento escolar de crianças de 0 a 3 anos (%)"
3510005,"Cândido Mota",57.6362241,2022,"Escolaridade",48.85,"Taxas de atendimento escolar de crianças de 0 a 3 anos (%)"
3510005,"Cândido Mota",64.12337662,2024,"Escolaridade",51.53,"Taxas de atendimento escolar de crianças de 0 a 3 anos (%)"
3510104,"Cândido Rodrigues",42.85714286,2014,"Escolaridade",38.5,"Taxas de atendimento escolar de crianças de 0 a 3 anos (%)"
3510104,"Cândido Rodrigues",48.21428571,2016,"Escolaridade",42.77,"Taxas de atendimento escolar de crianças de 0 a 3 anos (%)"
3510104,"Cândido Rodrigues",39.81481481,2018,"Escolaridade",47.19,"Taxas de atendimento escolar de crianças de 0 a 3 anos (%)"
3510104,"Cândido Rodrigues",56.31067961,2020,"Escolaridade",48.28,"Taxas de atendimento escolar de crianças de 0 a 3 anos (%)"
3510104,"Cândido Rodrigues",69.60784314,2022,"Escolaridade",48.85,"Taxas de atendimento escolar de crianças de 0 a 3 anos (%)"
3510104,"Cândido Rodrigues",80.41237113,2024,"Escolaridade",51.53,"Taxas de atendimento escolar de crianças de 0 a 3 anos (%)"
3510153,"Canitar",30.87719298,2014,"Escolaridade",38.5,"Taxas de atendimento escolar de crianças de 0 a 3 anos (%)"
3510153,"Canitar",36.08247423,2016,"Escolaridade",42.77,"Taxas de atendimento escolar de crianças de 0 a 3 anos (%)"
3510153,"Canitar",39.52702703,2018,"Escolaridade",47.19,"Taxas de atendimento escolar de crianças de 0 a 3 anos (%)"
3510153,"Canitar",26.55737705,2020,"Escolaridade",48.28,"Taxas de atendimento escolar de crianças de 0 a 3 anos (%)"
3510153,"Canitar",37.86407767,2022,"Escolaridade",48.85,"Taxas de atendimento escolar de crianças de 0 a 3 anos (%)"
3510153,"Canitar",44.62025316,2024,"Escolaridade",51.53,"Taxas de atendimento escolar de crianças de 0 a 3 anos (%)"
3510203,"Capão Bonito",34.23357664,2014,"Escolaridade",38.5,"Taxas de atendimento escolar de crianças de 0 a 3 anos (%)"
3510203,"Capão Bonito",34.78419898,2016,"Escolaridade",42.77,"Taxas de atendimento escolar de crianças de 0 a 3 anos (%)"
3510203,"Capão Bonito",39.35652825,2018,"Escolaridade",47.19,"Taxas de atendimento escolar de crianças de 0 a 3 anos (%)"
3510203,"Capão Bonito",37.55274262,2020,"Escolaridade",48.28,"Taxas de atendimento escolar de crianças de 0 a 3 anos (%)"
3510203,"Capão Bonito",33.54109856,2022,"Escolaridade",48.85,"Taxas de atendimento escolar de crianças de 0 a 3 anos (%)"
3510203,"Capão Bonito",42.24,2024,"Escolaridade",51.53,"Taxas de atendimento escolar de crianças de 0 a 3 anos (%)"
3510302,"Capela do Alto",23.36802271,2014,"Escolaridade",38.5,"Taxas de atendimento escolar de crianças de 0 a 3 anos (%)"
3510302,"Capela do Alto",35.51912568,2016,"Escolaridade",42.77,"Taxas de atendimento escolar de crianças de 0 a 3 anos (%)"
3510302,"Capela do Alto",32.27513228,2018,"Escolaridade",47.19,"Taxas de atendimento escolar de crianças de 0 a 3 anos (%)"
3510302,"Capela do Alto",28.46153846,2020,"Escolaridade",48.28,"Taxas de atendimento escolar de crianças de 0 a 3 anos (%)"
3510302,"Capela do Alto",27.24224644,2022,"Escolaridade",48.85,"Taxas de atendimento escolar de crianças de 0 a 3 anos (%)"
3510302,"Capela do Alto",35.6792144,2024,"Escolaridade",51.53,"Taxas de atendimento escolar de crianças de 0 a 3 anos (%)"
3510401,"Capivari",30.63844552,2014,"Escolaridade",38.5,"Taxas de atendimento escolar de crianças de 0 a 3 anos (%)"
3510401,"Capivari",30.63464837,2016,"Escolaridade",42.77,"Taxas de atendimento escolar de crianças de 0 a 3 anos (%)"
3510401,"Capivari",33.61980062,2018,"Escolaridade",47.19,"Taxas de atendimento escolar de crianças de 0 a 3 anos (%)"
3510401,"Capivari",31.35359116,2020,"Escolaridade",48.28,"Taxas de atendimento escolar de crianças de 0 a 3 anos (%)"
3510401,"Capivari",32.50611674,2022,"Escolaridade",48.85,"Taxas de atendimento escolar de crianças de 0 a 3 anos (%)"
3510401,"Capivari",41.812343920000004,2024,"Escolaridade",51.53,"Taxas de atendimento escolar de crianças de 0 a 3 anos (%)"
3510500,"Caraguatatuba",61.61977557,2014,"Escolaridade",38.5,"Taxas de atendimento escolar de crianças de 0 a 3 anos (%)"
3510500,"Caraguatatuba",60.52043423,2016,"Escolaridade",42.77,"Taxas de atendimento escolar de crianças de 0 a 3 anos (%)"
3510500,"Caraguatatuba",63.48580442,2018,"Escolaridade",47.19,"Taxas de atendimento escolar de crianças de 0 a 3 anos (%)"
3510500,"Caraguatatuba",65.1224458,2020,"Escolaridade",48.28,"Taxas de atendimento escolar de crianças de 0 a 3 anos (%)"
3510500,"Caraguatatuba",59.86748699,2022,"Escolaridade",48.85,"Taxas de atendimento escolar de crianças de 0 a 3 anos (%)"
3510500,"Caraguatatuba",68.64038616,2024,"Escolaridade",51.53,"Taxas de atendimento escolar de crianças de 0 a 3 anos (%)"
3510609,"Carapicuíba",20.1084789,2014,"Escolaridade",38.5,"Taxas de atendimento escolar de crianças de 0 a 3 anos (%)"
3510609,"Carapicuíba",22.40250724,2016,"Escolaridade",42.77,"Taxas de atendimento escolar de crianças de 0 a 3 anos (%)"
3510609,"Carapicuíba",27.70963705,2018,"Escolaridade",47.19,"Taxas de atendimento escolar de crianças de 0 a 3 anos (%)"
3510609,"Carapicuíba",29.95284058,2020,"Escolaridade",48.28,"Taxas de atendimento escolar de crianças de 0 a 3 anos (%)"
3510609,"Carapicuíba",30.00497895,2022,"Escolaridade",48.85,"Taxas de atendimento escolar de crianças de 0 a 3 anos (%)"
3510609,"Carapicuíba",36.15402788,2024,"Escolaridade",51.53,"Taxas de atendimento escolar de crianças de 0 a 3 anos (%)"
3510708,"Cardoso",44.9304175,2014,"Escolaridade",38.5,"Taxas de atendimento escolar de crianças de 0 a 3 anos (%)"
3510708,"Cardoso",42.97520661,2016,"Escolaridade",42.77,"Taxas de atendimento escolar de crianças de 0 a 3 anos (%)"
3510708,"Cardoso",42.00819672,2018,"Escolaridade",47.19,"Taxas de atendimento escolar de crianças de 0 a 3 anos (%)"
3510708,"Cardoso",43.58452138,2020,"Escolaridade",48.28,"Taxas de atendimento escolar de crianças de 0 a 3 anos (%)"
3510708,"Cardoso",35.71428571,2022,"Escolaridade",48.85,"Taxas de atendimento escolar de crianças de 0 a 3 anos (%)"
3510708,"Cardoso",43.88646288,2024,"Escolaridade",51.53,"Taxas de atendimento escolar de crianças de 0 a 3 anos (%)"
3510807,"Casa Branca",50.13869626,2014,"Escolaridade",38.5,"Taxas de atendimento escolar de crianças de 0 a 3 anos (%)"
3510807,"Casa Branca",43.79712132,2016,"Escolaridade",42.77,"Taxas de atendimento escolar de crianças de 0 a 3 anos (%)"
3510807,"Casa Branca",46.44616467,2018,"Escolaridade",47.19,"Taxas de atendimento escolar de crianças de 0 a 3 anos (%)"
3510807,"Casa Branca",52.93265749,2020,"Escolaridade",48.28,"Taxas de atendimento escolar de crianças de 0 a 3 anos (%)"
3510807,"Casa Branca",46.32352941,2022,"Escolaridade",48.85,"Taxas de atendimento escolar de crianças de 0 a 3 anos (%)"
3510807,"Casa Branca",50.60331825,2024,"Escolaridade",51.53,"Taxas de atendimento escolar de crianças de 0 a 3 anos (%)"
3510906,"Cássia dos Coqueiros",53.57142857,2014,"Escolaridade",38.5,"Taxas de atendimento escolar de crianças de 0 a 3 anos (%)"
3510906,"Cássia dos Coqueiros",63.96396396,2016,"Escolaridade",42.77,"Taxas de atendimento escolar de crianças de 0 a 3 anos (%)"
3510906,"Cássia dos Coqueiros",86.11111111,2018,"Escolaridade",47.19,"Taxas de atendimento escolar de crianças de 0 a 3 anos (%)"
3510906,"Cássia dos Coqueiros",72.64150943,2020,"Escolaridade",48.28,"Taxas de atendimento escolar de crianças de 0 a 3 anos (%)"
3510906,"Cássia dos Coqueiros",76.47058824,2022,"Escolaridade",48.85,"Taxas de atendimento escolar de crianças de 0 a 3 anos (%)"
3510906,"Cássia dos Coqueiros",69.3877551,2024,"Escolaridade",51.53,"Taxas de atendimento escolar de crianças de 0 a 3 anos (%)"
3511003,"Castilho",36.72654691,2014,"Escolaridade",38.5,"Taxas de atendimento escolar de crianças de 0 a 3 anos (%)"
3511003,"Castilho",41.66666667,2016,"Escolaridade",42.77,"Taxas de atendimento escolar de crianças de 0 a 3 anos (%)"
3511003,"Castilho",37.77777778,2018,"Escolaridade",47.19,"Taxas de atendimento escolar de crianças de 0 a 3 anos (%)"
3511003,"Castilho",39.60302457,2020,"Escolaridade",48.28,"Taxas de atendimento escolar de crianças de 0 a 3 anos (%)"
3511003,"Castilho",40.91341579,2022,"Escolaridade",48.85,"Taxas de atendimento escolar de crianças de 0 a 3 anos (%)"
3511003,"Castilho",40.13474495,2024,"Escolaridade",51.53,"Taxas de atendimento escolar de crianças de 0 a 3 anos (%)"
3511102,"Catanduva",47.34083851,2014,"Escolaridade",38.5,"Taxas de atendimento escolar de crianças de 0 a 3 anos (%)"
3511102,"Catanduva",52.09521936,2016,"Escolaridade",42.77,"Taxas de atendimento escolar de crianças de 0 a 3 anos (%)"
3511102,"Catanduva",53.89426957,2018,"Escolaridade",47.19,"Taxas de atendimento escolar de crianças de 0 a 3 anos (%)"
3511102,"Catanduva",52.99357779,2020,"Escolaridade",48.28,"Taxas de atendimento escolar de crianças de 0 a 3 anos (%)"
3511102,"Catanduva",53.32047986,2022,"Escolaridade",48.85,"Taxas de atendimento escolar de crianças de 0 a 3 anos (%)"
3511102,"Catanduva",59.7740113,2024,"Escolaridade",51.53,"Taxas de atendimento escolar de crianças de 0 a 3 anos (%)"
3511201,"Catiguá",31.21387283,2014,"Escolaridade",38.5,"Taxas de atendimento escolar de crianças de 0 a 3 anos (%)"
3511201,"Catiguá",43.14868805,2016,"Escolaridade",42.77,"Taxas de atendimento escolar de crianças de 0 a 3 anos (%)"
3511201,"Catiguá",38.98809524,2018,"Escolaridade",47.19,"Taxas de atendimento escolar de crianças de 0 a 3 anos (%)"
3511201,"Catiguá",35.04531722,2020,"Escolaridade",48.28,"Taxas de atendimento escolar de crianças de 0 a 3 anos (%)"
3511201,"Catiguá",31.69230769,2022,"Escolaridade",48.85,"Taxas de atendimento escolar de crianças de 0 a 3 anos (%)"
3511201,"Catiguá",38.85350318,2024,"Escolaridade",51.53,"Taxas de atendimento escolar de crianças de 0 a 3 anos (%)"
3511300,"Cedral",48.86363636,2014,"Escolaridade",38.5,"Taxas de atendimento escolar de crianças de 0 a 3 anos (%)"
3511300,"Cedral",52.24719101,2016,"Escolaridade",42.77,"Taxas de atendimento escolar de crianças de 0 a 3 anos (%)"
3511300,"Cedral",51.66666667,2018,"Escolaridade",47.19,"Taxas de atendimento escolar de crianças de 0 a 3 anos (%)"
3511300,"Cedral",65.6424581,2020,"Escolaridade",48.28,"Taxas de atendimento escolar de crianças de 0 a 3 anos (%)"
3511300,"Cedral",66.76056338,2022,"Escolaridade",48.85,"Taxas de atendimento escolar de crianças de 0 a 3 anos (%)"
3511300,"Cedral",83.28530259,2024,"Escolaridade",51.53,"Taxas de atendimento escolar de crianças de 0 a 3 anos (%)"
3511409,"Cerqueira César",43.90495868,2014,"Escolaridade",38.5,"Taxas de atendimento escolar de crianças de 0 a 3 anos (%)"
3511409,"Cerqueira César",55.20408163,2016,"Escolaridade",42.77,"Taxas de atendimento escolar de crianças de 0 a 3 anos (%)"
3511409,"Cerqueira César",52.56281407,2018,"Escolaridade",47.19,"Taxas de atendimento escolar de crianças de 0 a 3 anos (%)"
3511409,"Cerqueira César",53.41922696,2020,"Escolaridade",48.28,"Taxas de atendimento escolar de crianças de 0 a 3 anos (%)"
3511409,"Cerqueira César",48.21073559,2022,"Escolaridade",48.85,"Taxas de atendimento escolar de crianças de 0 a 3 anos (%)"
3511409,"Cerqueira César",48.54854855,2024,"Escolaridade",51.53,"Taxas de atendimento escolar de crianças de 0 a 3 anos (%)"
3511508,"Cerquilho",54.58412098,2014,"Escolaridade",38.5,"Taxas de atendimento escolar de crianças de 0 a 3 anos (%)"
3511508,"Cerquilho",59.99070632,2016,"Escolaridade",42.77,"Taxas de atendimento escolar de crianças de 0 a 3 anos (%)"
3511508,"Cerquilho",57.01107011,2018,"Escolaridade",47.19,"Taxas de atendimento escolar de crianças de 0 a 3 anos (%)"
3511508,"Cerquilho",60.28466483,2020,"Escolaridade",48.28,"Taxas de atendimento escolar de crianças de 0 a 3 anos (%)"
3511508,"Cerquilho",55.1039261,2022,"Escolaridade",48.85,"Taxas de atendimento escolar de crianças de 0 a 3 anos (%)"
3511508,"Cerquilho",57.84543326,2024,"Escolaridade",51.53,"Taxas de atendimento escolar de crianças de 0 a 3 anos (%)"
3511607,"Cesário Lange",41.37529138,2014,"Escolaridade",38.5,"Taxas de atendimento escolar de crianças de 0 a 3 anos (%)"
3511607,"Cesário Lange",47.37456243,2016,"Escolaridade",42.77,"Taxas de atendimento escolar de crianças de 0 a 3 anos (%)"
3511607,"Cesário Lange",51.73210162,2018,"Escolaridade",47.19,"Taxas de atendimento escolar de crianças de 0 a 3 anos (%)"
3511607,"Cesário Lange",51.14416476,2020,"Escolaridade",48.28,"Taxas de atendimento escolar de crianças de 0 a 3 anos (%)"
3511607,"Cesário Lange",55.46511628,2022,"Escolaridade",48.85,"Taxas de atendimento escolar de crianças de 0 a 3 anos (%)"
3511607,"Cesário Lange",61.75059952,2024,"Escolaridade",51.53,"Taxas de atendimento escolar de crianças de 0 a 3 anos (%)"
3511706,"Charqueada",25.57077626,2014,"Escolaridade",38.5,"Taxas de atendimento escolar de crianças de 0 a 3 anos (%)"
3511706,"Charqueada",31.12359551,2016,"Escolaridade",42.77,"Taxas de atendimento escolar de crianças de 0 a 3 anos (%)"
3511706,"Charqueada",33.10961969,2018,"Escolaridade",47.19,"Taxas de atendimento escolar de crianças de 0 a 3 anos (%)"
3511706,"Charqueada",38.36689038,2020,"Escolaridade",48.28,"Taxas de atendimento escolar de crianças de 0 a 3 anos (%)"
3511706,"Charqueada",33.10657596,2022,"Escolaridade",48.85,"Taxas de atendimento escolar de crianças de 0 a 3 anos (%)"
3511706,"Charqueada",41.51162791,2024,"Escolaridade",51.53,"Taxas de atendimento escolar de crianças de 0 a 3 anos (%)"
3511904,"Clementina",36.30573248,2014,"Escolaridade",38.5,"Taxas de atendimento escolar de crianças de 0 a 3 anos (%)"
3511904,"Clementina",40.50104384,2016,"Escolaridade",42.77,"Taxas de atendimento escolar de crianças de 0 a 3 anos (%)"
3511904,"Clementina",43.00626305,2018,"Escolaridade",47.19,"Taxas de atendimento escolar de crianças de 0 a 3 anos (%)"
3511904,"Clementina",35.625,2020,"Escolaridade",48.28,"Taxas de atendimento escolar de crianças de 0 a 3 anos (%)"
3511904,"Clementina",43.55179704,2022,"Escolaridade",48.85,"Taxas de atendimento escolar de crianças de 0 a 3 anos (%)"
3511904,"Clementina",40.2173913,2024,"Escolaridade",51.53,"Taxas de atendimento escolar de crianças de 0 a 3 anos (%)"
3512001,"Colina",41.19047619,2014,"Escolaridade",38.5,"Taxas de atendimento escolar de crianças de 0 a 3 anos (%)"
3512001,"Colina",54.75330927,2016,"Escolaridade",42.77,"Taxas de atendimento escolar de crianças de 0 a 3 anos (%)"
3512001,"Colina",57.47836836,2018,"Escolaridade",47.19,"Taxas de atendimento escolar de crianças de 0 a 3 anos (%)"
3512001,"Colina",61.75349428,2020,"Escolaridade",48.28,"Taxas de atendimento escolar de crianças de 0 a 3 anos (%)"
3512001,"Colina",55.62827225,2022,"Escolaridade",48.85,"Taxas de atendimento escolar de crianças de 0 a 3 anos (%)"
3512001,"Colina",62.51728907,2024,"Escolaridade",51.53,"Taxas de atendimento escolar de crianças de 0 a 3 anos (%)"
3512100,"Colômbia",45.66473988,2014,"Escolaridade",38.5,"Taxas de atendimento escolar de crianças de 0 a 3 anos (%)"
3512100,"Colômbia",55.42857143,2016,"Escolaridade",42.77,"Taxas de atendimento escolar de crianças de 0 a 3 anos (%)"
3512100,"Colômbia",47.02380952,2018,"Escolaridade",47.19,"Taxas de atendimento escolar de crianças de 0 a 3 anos (%)"
3512100,"Colômbia",50.46728972,2020,"Escolaridade",48.28,"Taxas de atendimento escolar de crianças de 0 a 3 anos (%)"
3512100,"Colômbia",52.56410256,2022,"Escolaridade",48.85,"Taxas de atendimento escolar de crianças de 0 a 3 anos (%)"
3512100,"Colômbia",55.70469799,2024,"Escolaridade",51.53,"Taxas de atendimento escolar de crianças de 0 a 3 anos (%)"
3512209,"Conchal",39.43298969,2014,"Escolaridade",38.5,"Taxas de atendimento escolar de crianças de 0 a 3 anos (%)"
3512209,"Conchal",37.88938334,2016,"Escolaridade",42.77,"Taxas de atendimento escolar de crianças de 0 a 3 anos (%)"
3512209,"Conchal",48.51421189,2018,"Escolaridade",47.19,"Taxas de atendimento escolar de crianças de 0 a 3 anos (%)"
3512209,"Conchal",42.96052632,2020,"Escolaridade",48.28,"Taxas de atendimento escolar de crianças de 0 a 3 anos (%)"
3512209,"Conchal",37.07186031,2022,"Escolaridade",48.85,"Taxas de atendimento escolar de crianças de 0 a 3 anos (%)"
3512209,"Conchal",46.97706741,2024,"Escolaridade",51.53,"Taxas de atendimento escolar de crianças de 0 a 3 anos (%)"
3512308,"Conchas",50.33112583,2014,"Escolaridade",38.5,"Taxas de atendimento escolar de crianças de 0 a 3 anos (%)"
3512308,"Conchas",50.66964286,2016,"Escolaridade",42.77,"Taxas de atendimento escolar de crianças de 0 a 3 anos (%)"
3512308,"Conchas",46.18834081,2018,"Escolaridade",47.19,"Taxas de atendimento escolar de crianças de 0 a 3 anos (%)"
3512308,"Conchas",46.7268623,2020,"Escolaridade",48.28,"Taxas de atendimento escolar de crianças de 0 a 3 anos (%)"
3512308,"Conchas",44.26605505,2022,"Escolaridade",48.85,"Taxas de atendimento escolar de crianças de 0 a 3 anos (%)"
3512308,"Conchas",44.06580494,2024,"Escolaridade",51.53,"Taxas de atendimento escolar de crianças de 0 a 3 anos (%)"
3512407,"Cordeirópolis",47.48557296,2014,"Escolaridade",38.5,"Taxas de atendimento escolar de crianças de 0 a 3 anos (%)"
3512407,"Cordeirópolis",44.07735697,2016,"Escolaridade",42.77,"Taxas de atendimento escolar de crianças de 0 a 3 anos (%)"
3512407,"Cordeirópolis",52.33870968,2018,"Escolaridade",47.19,"Taxas de atendimento escolar de crianças de 0 a 3 anos (%)"
3512407,"Cordeirópolis",52.87915653,2020,"Escolaridade",48.28,"Taxas de atendimento escolar de crianças de 0 a 3 anos (%)"
3512407,"Cordeirópolis",56.29084967,2022,"Escolaridade",48.85,"Taxas de atendimento escolar de crianças de 0 a 3 anos (%)"
3512407,"Cordeirópolis",56.02660017,2024,"Escolaridade",51.53,"Taxas de atendimento escolar de crianças de 0 a 3 anos (%)"
3512506,"Coroados",42.33870968,2014,"Escolaridade",38.5,"Taxas de atendimento escolar de crianças de 0 a 3 anos (%)"
3512506,"Coroados",53.68852459,2016,"Escolaridade",42.77,"Taxas de atendimento escolar de crianças de 0 a 3 anos (%)"
3512506,"Coroados",71.20622568,2018,"Escolaridade",47.19,"Taxas de atendimento escolar de crianças de 0 a 3 anos (%)"
3512506,"Coroados",45.66037736,2020,"Escolaridade",48.28,"Taxas de atendimento escolar de crianças de 0 a 3 anos (%)"
3512506,"Coroados",39.14728682,2022,"Escolaridade",48.85,"Taxas de atendimento escolar de crianças de 0 a 3 anos (%)"
3512506,"Coroados",41.36546185,2024,"Escolaridade",51.53,"Taxas de atendimento escolar de crianças de 0 a 3 anos (%)"
3512605,"Coronel Macedo",41.27659574,2014,"Escolaridade",38.5,"Taxas de atendimento escolar de crianças de 0 a 3 anos (%)"
3512605,"Coronel Macedo",45.70135747,2016,"Escolaridade",42.77,"Taxas de atendimento escolar de crianças de 0 a 3 anos (%)"
3512605,"Coronel Macedo",47.34513274,2018,"Escolaridade",47.19,"Taxas de atendimento escolar de crianças de 0 a 3 anos (%)"
3512605,"Coronel Macedo",39.64757709,2020,"Escolaridade",48.28,"Taxas de atendimento escolar de crianças de 0 a 3 anos (%)"
3512605,"Coronel Macedo",40.09009009,2022,"Escolaridade",48.85,"Taxas de atendimento escolar de crianças de 0 a 3 anos (%)"
3512605,"Coronel Macedo",43.31797235,2024,"Escolaridade",51.53,"Taxas de atendimento escolar de crianças de 0 a 3 anos (%)"
3512704,"Corumbataí",45.74468085,2014,"Escolaridade",38.5,"Taxas de atendimento escolar de crianças de 0 a 3 anos (%)"
3512704,"Corumbataí",50.80213904,2016,"Escolaridade",42.77,"Taxas de atendimento escolar de crianças de 0 a 3 anos (%)"
3512704,"Corumbataí",43.16939891,2018,"Escolaridade",47.19,"Taxas de atendimento escolar de crianças de 0 a 3 anos (%)"
3512704,"Corumbataí",48.60335196,2020,"Escolaridade",48.28,"Taxas de atendimento escolar de crianças de 0 a 3 anos (%)"
3512704,"Corumbataí",48.31460674,2022,"Escolaridade",48.85,"Taxas de atendimento escolar de crianças de 0 a 3 anos (%)"
3512704,"Corumbataí",47.15909091,2024,"Escolaridade",51.53,"Taxas de atendimento escolar de crianças de 0 a 3 anos (%)"
3512803,"Cosmópolis",30.27809308,2014,"Escolaridade",38.5,"Taxas de atendimento escolar de crianças de 0 a 3 anos (%)"
3512803,"Cosmópolis",30.19026301,2016,"Escolaridade",42.77,"Taxas de atendimento escolar de crianças de 0 a 3 anos (%)"
3512803,"Cosmópolis",29.7596021,2018,"Escolaridade",47.19,"Taxas de atendimento escolar de crianças de 0 a 3 anos (%)"
3512803,"Cosmópolis",32.7689787,2020,"Escolaridade",48.28,"Taxas de atendimento escolar de crianças de 0 a 3 anos (%)"
3512803,"Cosmópolis",30.96738833,2022,"Escolaridade",48.85,"Taxas de atendimento escolar de crianças de 0 a 3 anos (%)"
3512803,"Cosmópolis",31.07921612,2024,"Escolaridade",51.53,"Taxas de atendimento escolar de crianças de 0 a 3 anos (%)"
3512902,"Cosmorama",34.06593407,2014,"Escolaridade",38.5,"Taxas de atendimento escolar de crianças de 0 a 3 anos (%)"
3512902,"Cosmorama",38.11320755,2016,"Escolaridade",42.77,"Taxas de atendimento escolar de crianças de 0 a 3 anos (%)"
3512902,"Cosmorama",48.64864865,2018,"Escolaridade",47.19,"Taxas de atendimento escolar de crianças de 0 a 3 anos (%)"
3512902,"Cosmorama",51.57480315,2020,"Escolaridade",48.28,"Taxas de atendimento escolar de crianças de 0 a 3 anos (%)"
3512902,"Cosmorama",71.65991903,2022,"Escolaridade",48.85,"Taxas de atendimento escolar de crianças de 0 a 3 anos (%)"
3512902,"Cosmorama",83.5443038,2024,"Escolaridade",51.53,"Taxas de atendimento escolar de crianças de 0 a 3 anos (%)"
3513009,"Cotia",26.78783642,2014,"Escolaridade",38.5,"Taxas de atendimento escolar de crianças de 0 a 3 anos (%)"
3513009,"Cotia",28.59811837,2016,"Escolaridade",42.77,"Taxas de atendimento escolar de crianças de 0 a 3 anos (%)"
3513009,"Cotia",31.54264491,2018,"Escolaridade",47.19,"Taxas de atendimento escolar de crianças de 0 a 3 anos (%)"
3513009,"Cotia",32.43493196,2020,"Escolaridade",48.28,"Taxas de atendimento escolar de crianças de 0 a 3 anos (%)"
3513009,"Cotia",38.26591119,2022,"Escolaridade",48.85,"Taxas de atendimento escolar de crianças de 0 a 3 anos (%)"
3513009,"Cotia",44.06155465,2024,"Escolaridade",51.53,"Taxas de atendimento escolar de crianças de 0 a 3 anos (%)"
3513108,"Cravinhos",33.88724036,2014,"Escolaridade",38.5,"Taxas de atendimento escolar de crianças de 0 a 3 anos (%)"
3513108,"Cravinhos",37.69230769,2016,"Escolaridade",42.77,"Taxas de atendimento escolar de crianças de 0 a 3 anos (%)"
3513108,"Cravinhos",36.36363636,2018,"Escolaridade",47.19,"Taxas de atendimento escolar de crianças de 0 a 3 anos (%)"
3513108,"Cravinhos",45.18828452,2020,"Escolaridade",48.28,"Taxas de atendimento escolar de crianças de 0 a 3 anos (%)"
3513108,"Cravinhos",42.65776699,2022,"Escolaridade",48.85,"Taxas de atendimento escolar de crianças de 0 a 3 anos (%)"
3513108,"Cravinhos",46.76616915,2024,"Escolaridade",51.53,"Taxas de atendimento escolar de crianças de 0 a 3 anos (%)"
3513207,"Cristais Paulista",33.8902148,2014,"Escolaridade",38.5,"Taxas de atendimento escolar de crianças de 0 a 3 anos (%)"
3513207,"Cristais Paulista",43.35664336,2016,"Escolaridade",42.77,"Taxas de atendimento escolar de crianças de 0 a 3 anos (%)"
3513207,"Cristais Paulista",49.06542056,2018,"Escolaridade",47.19,"Taxas de atendimento escolar de crianças de 0 a 3 anos (%)"
3513207,"Cristais Paulista",41.21779859,2020,"Escolaridade",48.28,"Taxas de atendimento escolar de crianças de 0 a 3 anos (%)"
3513207,"Cristais Paulista",58.86524823,2022,"Escolaridade",48.85,"Taxas de atendimento escolar de crianças de 0 a 3 anos (%)"
3513207,"Cristais Paulista",69.47115385,2024,"Escolaridade",51.53,"Taxas de atendimento escolar de crianças de 0 a 3 anos (%)"
3513306,"Cruzália",79.16666667,2014,"Escolaridade",38.5,"Taxas de atendimento escolar de crianças de 0 a 3 anos (%)"
3513306,"Cruzália",57.89473684,2016,"Escolaridade",42.77,"Taxas de atendimento escolar de crianças de 0 a 3 anos (%)"
3513306,"Cruzália",75.53191489,2018,"Escolaridade",47.19,"Taxas de atendimento escolar de crianças de 0 a 3 anos (%)"
3513306,"Cruzália",75.55555556,2020,"Escolaridade",48.28,"Taxas de atendimento escolar de crianças de 0 a 3 anos (%)"
3513306,"Cruzália",64.77272727,2022,"Escolaridade",48.85,"Taxas de atendimento escolar de crianças de 0 a 3 anos (%)"
3513306,"Cruzália",87.65432099,2024,"Escolaridade",51.53,"Taxas de atendimento escolar de crianças de 0 a 3 anos (%)"
3513405,"Cruzeiro",21.67058824,2014,"Escolaridade",38.5,"Taxas de atendimento escolar de crianças de 0 a 3 anos (%)"
3513405,"Cruzeiro",25.33112583,2016,"Escolaridade",42.77,"Taxas de atendimento escolar de crianças de 0 a 3 anos (%)"
3513405,"Cruzeiro",24.07497566,2018,"Escolaridade",47.19,"Taxas de atendimento escolar de crianças de 0 a 3 anos (%)"
3513405,"Cruzeiro",25.18834756,2020,"Escolaridade",48.28,"Taxas de atendimento escolar de crianças de 0 a 3 anos (%)"
3513405,"Cruzeiro",23.94220846,2022,"Escolaridade",48.85,"Taxas de atendimento escolar de crianças de 0 a 3 anos (%)"
3513405,"Cruzeiro",30.48977395,2024,"Escolaridade",51.53,"Taxas de atendimento escolar de crianças de 0 a 3 anos (%)"
3513504,"Cubatão",30.33083125,2014,"Escolaridade",38.5,"Taxas de atendimento escolar de crianças de 0 a 3 anos (%)"
3513504,"Cubatão",39.19296286,2016,"Escolaridade",42.77,"Taxas de atendimento escolar de crianças de 0 a 3 anos (%)"
3513504,"Cubatão",34.63345196,2018,"Escolaridade",47.19,"Taxas de atendimento escolar de crianças de 0 a 3 anos (%)"
3513504,"Cubatão",34.34137831,2020,"Escolaridade",48.28,"Taxas de atendimento escolar de crianças de 0 a 3 anos (%)"
3513504,"Cubatão",35.34622767,2022,"Escolaridade",48.85,"Taxas de atendimento escolar de crianças de 0 a 3 anos (%)"
3513504,"Cubatão",42.48861912,2024,"Escolaridade",51.53,"Taxas de atendimento escolar de crianças de 0 a 3 anos (%)"
3513603,"Cunha",15.96638655,2014,"Escolaridade",38.5,"Taxas de atendimento escolar de crianças de 0 a 3 anos (%)"
3513603,"Cunha",18.31637373,2016,"Escolaridade",42.77,"Taxas de atendimento escolar de crianças de 0 a 3 anos (%)"
3513603,"Cunha",19.43127962,2018,"Escolaridade",47.19,"Taxas de atendimento escolar de crianças de 0 a 3 anos (%)"
3513603,"Cunha",19.92225462,2020,"Escolaridade",48.28,"Taxas de atendimento escolar de crianças de 0 a 3 anos (%)"
3513603,"Cunha",21.78217822,2022,"Escolaridade",48.85,"Taxas de atendimento escolar de crianças de 0 a 3 anos (%)"
3513603,"Cunha",24.30769231,2024,"Escolaridade",51.53,"Taxas de atendimento escolar de crianças de 0 a 3 anos (%)"
3513702,"Descalvado",44.70338983,2014,"Escolaridade",38.5,"Taxas de atendimento escolar de crianças de 0 a 3 anos (%)"
3513702,"Descalvado",47.52688172,2016,"Escolaridade",42.77,"Taxas de atendimento escolar de crianças de 0 a 3 anos (%)"
3513702,"Descalvado",49.41605839,2018,"Escolaridade",47.19,"Taxas de atendimento escolar de crianças de 0 a 3 anos (%)"
3513702,"Descalvado",51.82699478,2020,"Escolaridade",48.28,"Taxas de atendimento escolar de crianças de 0 a 3 anos (%)"
3513702,"Descalvado",53.04080062,2022,"Escolaridade",48.85,"Taxas de atendimento escolar de crianças de 0 a 3 anos (%)"
3513702,"Descalvado",53.3171521,2024,"Escolaridade",51.53,"Taxas de atendimento escolar de crianças de 0 a 3 anos (%)"
3513801,"Diadema",31.72380297,2014,"Escolaridade",38.5,"Taxas de atendimento escolar de crianças de 0 a 3 anos (%)"
3513801,"Diadema",32.97996695,2016,"Escolaridade",42.77,"Taxas de atendimento escolar de crianças de 0 a 3 anos (%)"
3513801,"Diadema",35.81637801,2018,"Escolaridade",47.19,"Taxas de atendimento escolar de crianças de 0 a 3 anos (%)"
3513801,"Diadema",36.62882788,2020,"Escolaridade",48.28,"Taxas de atendimento escolar de crianças de 0 a 3 anos (%)"
3513801,"Diadema",35.76320058,2022,"Escolaridade",48.85,"Taxas de atendimento escolar de crianças de 0 a 3 anos (%)"
3513801,"Diadema",37.96395975,2024,"Escolaridade",51.53,"Taxas de atendimento escolar de crianças de 0 a 3 anos (%)"
3513850,"Dirce Reis",59.72222222,2014,"Escolaridade",38.5,"Taxas de atendimento escolar de crianças de 0 a 3 anos (%)"
3513850,"Dirce Reis",66.1971831,2016,"Escolaridade",42.77,"Taxas de atendimento escolar de crianças de 0 a 3 anos (%)"
3513850,"Dirce Reis",54.28571429,2018,"Escolaridade",47.19,"Taxas de atendimento escolar de crianças de 0 a 3 anos (%)"
3513850,"Dirce Reis",52.94117647,2020,"Escolaridade",48.28,"Taxas de atendimento escolar de crianças de 0 a 3 anos (%)"
3513850,"Dirce Reis",90.625,2022,"Escolaridade",48.85,"Taxas de atendimento escolar de crianças de 0 a 3 anos (%)"
3513850,"Dirce Reis",106.6666667,2024,"Escolaridade",51.53,"Taxas de atendimento escolar de crianças de 0 a 3 anos (%)"
3513900,"Divinolândia",15.47169811,2014,"Escolaridade",38.5,"Taxas de atendimento escolar de crianças de 0 a 3 anos (%)"
3513900,"Divinolândia",29.85074627,2016,"Escolaridade",42.77,"Taxas de atendimento escolar de crianças de 0 a 3 anos (%)"
3513900,"Divinolândia",31.75542406,2018,"Escolaridade",47.19,"Taxas de atendimento escolar de crianças de 0 a 3 anos (%)"
3513900,"Divinolândia",39.49579832,2020,"Escolaridade",48.28,"Taxas de atendimento escolar de crianças de 0 a 3 anos (%)"
3513900,"Divinolândia",45.43478261,2022,"Escolaridade",48.85,"Taxas de atendimento escolar de crianças de 0 a 3 anos (%)"
3513900,"Divinolândia",55.50458716,2024,"Escolaridade",51.53,"Taxas de atendimento escolar de crianças de 0 a 3 anos (%)"
3514007,"Dobrada",37.4501992,2014,"Escolaridade",38.5,"Taxas de atendimento escolar de crianças de 0 a 3 anos (%)"
3514007,"Dobrada",47.79116466,2016,"Escolaridade",42.77,"Taxas de atendimento escolar de crianças de 0 a 3 anos (%)"
3514007,"Dobrada",44.26559356,2018,"Escolaridade",47.19,"Taxas de atendimento escolar de crianças de 0 a 3 anos (%)"
3514007,"Dobrada",40.64386318,2020,"Escolaridade",48.28,"Taxas de atendimento escolar de crianças de 0 a 3 anos (%)"
3514007,"Dobrada",38.31967213,2022,"Escolaridade",48.85,"Taxas de atendimento escolar de crianças de 0 a 3 anos (%)"
3514007,"Dobrada",46.12159329,2024,"Escolaridade",51.53,"Taxas de atendimento escolar de crianças de 0 a 3 anos (%)"
3514106,"Dois Córregos",21.0292249,2014,"Escolaridade",38.5,"Taxas de atendimento escolar de crianças de 0 a 3 anos (%)"
3514106,"Dois Córregos",23.92947103,2016,"Escolaridade",42.77,"Taxas de atendimento escolar de crianças de 0 a 3 anos (%)"
3514106,"Dois Córregos",26.44628099,2018,"Escolaridade",47.19,"Taxas de atendimento escolar de crianças de 0 a 3 anos (%)"
3514106,"Dois Córregos",32.75418275,2020,"Escolaridade",48.28,"Taxas de atendimento escolar de crianças de 0 a 3 anos (%)"
3514106,"Dois Córregos",28.81578947,2022,"Escolaridade",48.85,"Taxas de atendimento escolar de crianças de 0 a 3 anos (%)"
3514106,"Dois Córregos",35.60245065,2024,"Escolaridade",51.53,"Taxas de atendimento escolar de crianças de 0 a 3 anos (%)"
3514205,"Dolcinópolis",51.76470588,2014,"Escolaridade",38.5,"Taxas de atendimento escolar de crianças de 0 a 3 anos (%)"
3514205,"Dolcinópolis",62.35294118,2016,"Escolaridade",42.77,"Taxas de atendimento escolar de crianças de 0 a 3 anos (%)"
3514205,"Dolcinópolis",67.5,2018,"Escolaridade",47.19,"Taxas de atendimento escolar de crianças de 0 a 3 anos (%)"
3514205,"Dolcinópolis",71.42857143,2020,"Escolaridade",48.28,"Taxas de atendimento escolar de crianças de 0 a 3 anos (%)"
3514205,"Dolcinópolis",100,2022,"Escolaridade",48.85,"Taxas de atendimento escolar de crianças de 0 a 3 anos (%)"
3514205,"Dolcinópolis",93.05555556,2024,"Escolaridade",51.53,"Taxas de atendimento escolar de crianças de 0 a 3 anos (%)"
3514304,"Dourado",28.15013405,2014,"Escolaridade",38.5,"Taxas de atendimento escolar de crianças de 0 a 3 anos (%)"
3514304,"Dourado",33.24250681,2016,"Escolaridade",42.77,"Taxas de atendimento escolar de crianças de 0 a 3 anos (%)"
3514304,"Dourado",32.77310924,2018,"Escolaridade",47.19,"Taxas de atendimento escolar de crianças de 0 a 3 anos (%)"
3514304,"Dourado",39.59537572,2020,"Escolaridade",48.28,"Taxas de atendimento escolar de crianças de 0 a 3 anos (%)"
3514304,"Dourado",38.0239521,2022,"Escolaridade",48.85,"Taxas de atendimento escolar de crianças de 0 a 3 anos (%)"
3514304,"Dourado",65.60509554,2024,"Escolaridade",51.53,"Taxas de atendimento escolar de crianças de 0 a 3 anos (%)"
3514403,"Dracena",57.67634855,2014,"Escolaridade",38.5,"Taxas de atendimento escolar de crianças de 0 a 3 anos (%)"
3514403,"Dracena",56.27572016,2016,"Escolaridade",42.77,"Taxas de atendimento escolar de crianças de 0 a 3 anos (%)"
3514403,"Dracena",63.1467793,2018,"Escolaridade",47.19,"Taxas de atendimento escolar de crianças de 0 a 3 anos (%)"
3514403,"Dracena",62.15334421,2020,"Escolaridade",48.28,"Taxas de atendimento escolar de crianças de 0 a 3 anos (%)"
3514403,"Dracena",56.36464703,2022,"Escolaridade",48.85,"Taxas de atendimento escolar de crianças de 0 a 3 anos (%)"
3514403,"Dracena",63.75143843,2024,"Escolaridade",51.53,"Taxas de atendimento escolar de crianças de 0 a 3 anos (%)"
3514502,"Duartina",40.43715847,2014,"Escolaridade",38.5,"Taxas de atendimento escolar de crianças de 0 a 3 anos (%)"
3514502,"Duartina",41.10091743,2016,"Escolaridade",42.77,"Taxas de atendimento escolar de crianças de 0 a 3 anos (%)"
3514502,"Duartina",44.84732824,2018,"Escolaridade",47.19,"Taxas de atendimento escolar de crianças de 0 a 3 anos (%)"
3514502,"Duartina",46.24505929,2020,"Escolaridade",48.28,"Taxas de atendimento escolar de crianças de 0 a 3 anos (%)"
3514502,"Duartina",45.49180328,2022,"Escolaridade",48.85,"Taxas de atendimento escolar de crianças de 0 a 3 anos (%)"
3514502,"Duartina",47.28850325,2024,"Escolaridade",51.53,"Taxas de atendimento escolar de crianças de 0 a 3 anos (%)"
3514601,"Dumont",33.97129187,2014,"Escolaridade",38.5,"Taxas de atendimento escolar de crianças de 0 a 3 anos (%)"
3514601,"Dumont",45.13064133,2016,"Escolaridade",42.77,"Taxas de atendimento escolar de crianças de 0 a 3 anos (%)"
3514601,"Dumont",52.4361949,2018,"Escolaridade",47.19,"Taxas de atendimento escolar de crianças de 0 a 3 anos (%)"
3514601,"Dumont",49.31506849,2020,"Escolaridade",48.28,"Taxas de atendimento escolar de crianças de 0 a 3 anos (%)"
3514601,"Dumont",56.612529,2022,"Escolaridade",48.85,"Taxas de atendimento escolar de crianças de 0 a 3 anos (%)"
3514601,"Dumont",61.63069544,2024,"Escolaridade",51.53,"Taxas de atendimento escolar de crianças de 0 a 3 anos (%)"
3514700,"Echaporã",33.13253012,2014,"Escolaridade",38.5,"Taxas de atendimento escolar de crianças de 0 a 3 anos (%)"
3514700,"Echaporã",36,2016,"Escolaridade",42.77,"Taxas de atendimento escolar de crianças de 0 a 3 anos (%)"
3514700,"Echaporã",44.375,2018,"Escolaridade",47.19,"Taxas de atendimento escolar de crianças de 0 a 3 anos (%)"
3514700,"Echaporã",53.52564103,2020,"Escolaridade",48.28,"Taxas de atendimento escolar de crianças de 0 a 3 anos (%)"
3514700,"Echaporã",47.01986755,2022,"Escolaridade",48.85,"Taxas de atendimento escolar de crianças de 0 a 3 anos (%)"
3514700,"Echaporã",51.04895105,2024,"Escolaridade",51.53,"Taxas de atendimento escolar de crianças de 0 a 3 anos (%)"
3514809,"Eldorado",21.12820513,2014,"Escolaridade",38.5,"Taxas de atendimento escolar de crianças de 0 a 3 anos (%)"
3514809,"Eldorado",21.21212121,2016,"Escolaridade",42.77,"Taxas de atendimento escolar de crianças de 0 a 3 anos (%)"
3514809,"Eldorado",22.63210369,2018,"Escolaridade",47.19,"Taxas de atendimento escolar de crianças de 0 a 3 anos (%)"
3514809,"Eldorado",19.76284585,2020,"Escolaridade",48.28,"Taxas de atendimento escolar de crianças de 0 a 3 anos (%)"
3514809,"Eldorado",21.47783251,2022,"Escolaridade",48.85,"Taxas de atendimento escolar de crianças de 0 a 3 anos (%)"
3514809,"Eldorado",14.41351889,2024,"Escolaridade",51.53,"Taxas de atendimento escolar de crianças de 0 a 3 anos (%)"
3514908,"Elias Fausto",40.02320186,2014,"Escolaridade",38.5,"Taxas de atendimento escolar de crianças de 0 a 3 anos (%)"
3514908,"Elias Fausto",35.15081206,2016,"Escolaridade",42.77,"Taxas de atendimento escolar de crianças de 0 a 3 anos (%)"
3514908,"Elias Fausto",40.25522042,2018,"Escolaridade",47.19,"Taxas de atendimento escolar de crianças de 0 a 3 anos (%)"
3514908,"Elias Fausto",35.8556461,2020,"Escolaridade",48.28,"Taxas de atendimento escolar de crianças de 0 a 3 anos (%)"
3514908,"Elias Fausto",39.12529551,2022,"Escolaridade",48.85,"Taxas de atendimento escolar de crianças de 0 a 3 anos (%)"
3514908,"Elias Fausto",46.66666667,2024,"Escolaridade",51.53,"Taxas de atendimento escolar de crianças de 0 a 3 anos (%)"
3514924,"Elisiário",52.4137931,2014,"Escolaridade",38.5,"Taxas de atendimento escolar de crianças de 0 a 3 anos (%)"
3514924,"Elisiário",60.13986014,2016,"Escolaridade",42.77,"Taxas de atendimento escolar de crianças de 0 a 3 anos (%)"
3514924,"Elisiário",51.36986301,2018,"Escolaridade",47.19,"Taxas de atendimento escolar de crianças de 0 a 3 anos (%)"
3514924,"Elisiário",44.59459459,2020,"Escolaridade",48.28,"Taxas de atendimento escolar de crianças de 0 a 3 anos (%)"
3514924,"Elisiário",38.88888889,2022,"Escolaridade",48.85,"Taxas de atendimento escolar de crianças de 0 a 3 anos (%)"
3514924,"Elisiário",39.41605839,2024,"Escolaridade",51.53,"Taxas de atendimento escolar de crianças de 0 a 3 anos (%)"
3514957,"Embaúba",45.53571429,2014,"Escolaridade",38.5,"Taxas de atendimento escolar de crianças de 0 a 3 anos (%)"
3514957,"Embaúba",46.36363636,2016,"Escolaridade",42.77,"Taxas de atendimento escolar de crianças de 0 a 3 anos (%)"
3514957,"Embaúba",42.99065421,2018,"Escolaridade",47.19,"Taxas de atendimento escolar de crianças de 0 a 3 anos (%)"
3514957,"Embaúba",53.92156863,2020,"Escolaridade",48.28,"Taxas de atendimento escolar de crianças de 0 a 3 anos (%)"
3514957,"Embaúba",54.45544554,2022,"Escolaridade",48.85,"Taxas de atendimento escolar de crianças de 0 a 3 anos (%)"
3514957,"Embaúba",57.44680851,2024,"Escolaridade",51.53,"Taxas de atendimento escolar de crianças de 0 a 3 anos (%)"
3515004,"Embu das Artes",28.02573382,2014,"Escolaridade",38.5,"Taxas de atendimento escolar de crianças de 0 a 3 anos (%)"
3515004,"Embu das Artes",28.88626525,2016,"Escolaridade",42.77,"Taxas de atendimento escolar de crianças de 0 a 3 anos (%)"
3515004,"Embu das Artes",32.88497217,2018,"Escolaridade",47.19,"Taxas de atendimento escolar de crianças de 0 a 3 anos (%)"
3515004,"Embu das Artes",34.92644851,2020,"Escolaridade",48.28,"Taxas de atendimento escolar de crianças de 0 a 3 anos (%)"
3515004,"Embu das Artes",32.89249147,2022,"Escolaridade",48.85,"Taxas de atendimento escolar de crianças de 0 a 3 anos (%)"
3515004,"Embu das Artes",32.9103638,2024,"Escolaridade",51.53,"Taxas de atendimento escolar de crianças de 0 a 3 anos (%)"
3515103,"Embu-Guaçu",48.48161961,2014,"Escolaridade",38.5,"Taxas de atendimento escolar de crianças de 0 a 3 anos (%)"
3515103,"Embu-Guaçu",43.49668874,2016,"Escolaridade",42.77,"Taxas de atendimento escolar de crianças de 0 a 3 anos (%)"
3515103,"Embu-Guaçu",42.75825346,2018,"Escolaridade",47.19,"Taxas de atendimento escolar de crianças de 0 a 3 anos (%)"
3515103,"Embu-Guaçu",38.64488484,2020,"Escolaridade",48.28,"Taxas de atendimento escolar de crianças de 0 a 3 anos (%)"
3515103,"Embu-Guaçu",33.99081329,2022,"Escolaridade",48.85,"Taxas de atendimento escolar de crianças de 0 a 3 anos (%)"
3515103,"Embu-Guaçu",35.95937414,2024,"Escolaridade",51.53,"Taxas de atendimento escolar de crianças de 0 a 3 anos (%)"
3515129,"Emilianópolis",59.2,2014,"Escolaridade",38.5,"Taxas de atendimento escolar de crianças de 0 a 3 anos (%)"
3515129,"Emilianópolis",62.09677419,2016,"Escolaridade",42.77,"Taxas de atendimento escolar de crianças de 0 a 3 anos (%)"
3515129,"Emilianópolis",74.19354839,2018,"Escolaridade",47.19,"Taxas de atendimento escolar de crianças de 0 a 3 anos (%)"
3515129,"Emilianópolis",60.48387097,2020,"Escolaridade",48.28,"Taxas de atendimento escolar de crianças de 0 a 3 anos (%)"
3515129,"Emilianópolis",73.94957983,2022,"Escolaridade",48.85,"Taxas de atendimento escolar de crianças de 0 a 3 anos (%)"
3515129,"Emilianópolis",77.39130435,2024,"Escolaridade",51.53,"Taxas de atendimento escolar de crianças de 0 a 3 anos (%)"
3515152,"Engenheiro Coelho",29.69752521,2014,"Escolaridade",38.5,"Taxas de atendimento escolar de crianças de 0 a 3 anos (%)"
3515152,"Engenheiro Coelho",33.33333333,2016,"Escolaridade",42.77,"Taxas de atendimento escolar de crianças de 0 a 3 anos (%)"
3515152,"Engenheiro Coelho",41.23263889,2018,"Escolaridade",47.19,"Taxas de atendimento escolar de crianças de 0 a 3 anos (%)"
3515152,"Engenheiro Coelho",42.78438031,2020,"Escolaridade",48.28,"Taxas de atendimento escolar de crianças de 0 a 3 anos (%)"
3515152,"Engenheiro Coelho",41.81509754,2022,"Escolaridade",48.85,"Taxas de atendimento escolar de crianças de 0 a 3 anos (%)"
3515152,"Engenheiro Coelho",46.34353741,2024,"Escolaridade",51.53,"Taxas de atendimento escolar de crianças de 0 a 3 anos (%)"
3515186,"Espírito Santo do Pinhal",47.45762712,2014,"Escolaridade",38.5,"Taxas de atendimento escolar de crianças de 0 a 3 anos (%)"
3515186,"Espírito Santo do Pinhal",47.78350515,2016,"Escolaridade",42.77,"Taxas de atendimento escolar de crianças de 0 a 3 anos (%)"
3515186,"Espírito Santo do Pinhal",47.63423711,2018,"Escolaridade",47.19,"Taxas de atendimento escolar de crianças de 0 a 3 anos (%)"
3515186,"Espírito Santo do Pinhal",48.38001098,2020,"Escolaridade",48.28,"Taxas de atendimento escolar de crianças de 0 a 3 anos (%)"
3515186,"Espírito Santo do Pinhal",44.61364918,2022,"Escolaridade",48.85,"Taxas de atendimento escolar de crianças de 0 a 3 anos (%)"
3515186,"Espírito Santo do Pinhal",46.40753828,2024,"Escolaridade",51.53,"Taxas de atendimento escolar de crianças de 0 a 3 anos (%)"
3515194,"Espírito Santo do Turvo",37.12121212,2014,"Escolaridade",38.5,"Taxas de atendimento escolar de crianças de 0 a 3 anos (%)"
3515194,"Espírito Santo do Turvo",34.21052632,2016,"Escolaridade",42.77,"Taxas de atendimento escolar de crianças de 0 a 3 anos (%)"
3515194,"Espírito Santo do Turvo",41.69741697,2018,"Escolaridade",47.19,"Taxas de atendimento escolar de crianças de 0 a 3 anos (%)"
3515194,"Espírito Santo do Turvo",45.98540146,2020,"Escolaridade",48.28,"Taxas de atendimento escolar de crianças de 0 a 3 anos (%)"
3515194,"Espírito Santo do Turvo",37.95620438,2022,"Escolaridade",48.85,"Taxas de atendimento escolar de crianças de 0 a 3 anos (%)"
3515194,"Espírito Santo do Turvo",59.77859779,2024,"Escolaridade",51.53,"Taxas de atendimento escolar de crianças de 0 a 3 anos (%)"
3515202,"Estrela d'Oeste",43.64640884,2014,"Escolaridade",38.5,"Taxas de atendimento escolar de crianças de 0 a 3 anos (%)"
3515202,"Estrela d'Oeste",43.41736695,2016,"Escolaridade",42.77,"Taxas de atendimento escolar de crianças de 0 a 3 anos (%)"
3515202,"Estrela d'Oeste",65.68914956,2018,"Escolaridade",47.19,"Taxas de atendimento escolar de crianças de 0 a 3 anos (%)"
3515202,"Estrela d'Oeste",66.87116564,2020,"Escolaridade",48.28,"Taxas de atendimento escolar de crianças de 0 a 3 anos (%)"
3515202,"Estrela d'Oeste",64.55696203,2022,"Escolaridade",48.85,"Taxas de atendimento escolar de crianças de 0 a 3 anos (%)"
3515202,"Estrela d'Oeste",77.85234899,2024,"Escolaridade",51.53,"Taxas de atendimento escolar de crianças de 0 a 3 anos (%)"
3515301,"Estrela do Norte",62.96296296,2014,"Escolaridade",38.5,"Taxas de atendimento escolar de crianças de 0 a 3 anos (%)"
3515301,"Estrela do Norte",72.44094488,2016,"Escolaridade",42.77,"Taxas de atendimento escolar de crianças de 0 a 3 anos (%)"
3515301,"Estrela do Norte",69.76744186,2018,"Escolaridade",47.19,"Taxas de atendimento escolar de crianças de 0 a 3 anos (%)"
3515301,"Estrela do Norte",58.26771654,2020,"Escolaridade",48.28,"Taxas de atendimento escolar de crianças de 0 a 3 anos (%)"
3515301,"Estrela do Norte",58.06451613,2022,"Escolaridade",48.85,"Taxas de atendimento escolar de crianças de 0 a 3 anos (%)"
3515301,"Estrela do Norte",54.7008547,2024,"Escolaridade",51.53,"Taxas de atendimento escolar de crianças de 0 a 3 anos (%)"
3515350,"Euclides da Cunha Paulista",15.8203125,2014,"Escolaridade",38.5,"Taxas de atendimento escolar de crianças de 0 a 3 anos (%)"
3515350,"Euclides da Cunha Paulista",14.97005988,2016,"Escolaridade",42.77,"Taxas de atendimento escolar de crianças de 0 a 3 anos (%)"
3515350,"Euclides da Cunha Paulista",14.97005988,2018,"Escolaridade",47.19,"Taxas de atendimento escolar de crianças de 0 a 3 anos (%)"
3515350,"Euclides da Cunha Paulista",18.32669323,2020,"Escolaridade",48.28,"Taxas de atendimento escolar de crianças de 0 a 3 anos (%)"
3515350,"Euclides da Cunha Paulista",19.63562753,2022,"Escolaridade",48.85,"Taxas de atendimento escolar de crianças de 0 a 3 anos (%)"
3515350,"Euclides da Cunha Paulista",18.82845188,2024,"Escolaridade",51.53,"Taxas de atendimento escolar de crianças de 0 a 3 anos (%)"
3515400,"Fartura",52.63157895,2014,"Escolaridade",38.5,"Taxas de atendimento escolar de crianças de 0 a 3 anos (%)"
3515400,"Fartura",59.5084088,2016,"Escolaridade",42.77,"Taxas de atendimento escolar de crianças de 0 a 3 anos (%)"
3515400,"Fartura",66.1038961,2018,"Escolaridade",47.19,"Taxas de atendimento escolar de crianças de 0 a 3 anos (%)"
3515400,"Fartura",62.99212598,2020,"Escolaridade",48.28,"Taxas de atendimento escolar de crianças de 0 a 3 anos (%)"
3515400,"Fartura",64.21895861,2022,"Escolaridade",48.85,"Taxas de atendimento escolar de crianças de 0 a 3 anos (%)"
3515400,"Fartura",67.0781893,2024,"Escolaridade",51.53,"Taxas de atendimento escolar de crianças de 0 a 3 anos (%)"
3515509,"Fernandópolis",61.29851288,2014,"Escolaridade",38.5,"Taxas de atendimento escolar de crianças de 0 a 3 anos (%)"
3515509,"Fernandópolis",66.38747269,2016,"Escolaridade",42.77,"Taxas de atendimento escolar de crianças de 0 a 3 anos (%)"
3515509,"Fernandópolis",70.67669173,2018,"Escolaridade",47.19,"Taxas de atendimento escolar de crianças de 0 a 3 anos (%)"
3515509,"Fernandópolis",69.61089494,2020,"Escolaridade",48.28,"Taxas de atendimento escolar de crianças de 0 a 3 anos (%)"
3515509,"Fernandópolis",67.0276775,2022,"Escolaridade",48.85,"Taxas de atendimento escolar de crianças de 0 a 3 anos (%)"
3515509,"Fernandópolis",73.75737152,2024,"Escolaridade",51.53,"Taxas de atendimento escolar de crianças de 0 a 3 anos (%)"
3515608,"Fernando Prestes",36.65158371,2014,"Escolaridade",38.5,"Taxas de atendimento escolar de crianças de 0 a 3 anos (%)"
3515608,"Fernando Prestes",48.59813084,2016,"Escolaridade",42.77,"Taxas de atendimento escolar de crianças de 0 a 3 anos (%)"
3515608,"Fernando Prestes",63.08411215,2018,"Escolaridade",47.19,"Taxas de atendimento escolar de crianças de 0 a 3 anos (%)"
3515608,"Fernando Prestes",78.30188679,2020,"Escolaridade",48.28,"Taxas de atendimento escolar de crianças de 0 a 3 anos (%)"
3515608,"Fernando Prestes",74.01960784,2022,"Escolaridade",48.85,"Taxas de atendimento escolar de crianças de 0 a 3 anos (%)"
3515608,"Fernando Prestes",68.06282723,2024,"Escolaridade",51.53,"Taxas de atendimento escolar de crianças de 0 a 3 anos (%)"
3515657,"Fernão",72.22222222,2014,"Escolaridade",38.5,"Taxas de atendimento escolar de crianças de 0 a 3 anos (%)"
3515657,"Fernão",55.55555556,2016,"Escolaridade",42.77,"Taxas de atendimento escolar de crianças de 0 a 3 anos (%)"
3515657,"Fernão",75.67567568,2018,"Escolaridade",47.19,"Taxas de atendimento escolar de crianças de 0 a 3 anos (%)"
3515657,"Fernão",73.68421053,2020,"Escolaridade",48.28,"Taxas de atendimento escolar de crianças de 0 a 3 anos (%)"
3515657,"Fernão",84,2022,"Escolaridade",48.85,"Taxas de atendimento escolar de crianças de 0 a 3 anos (%)"
3515657,"Fernão",65.33333333,2024,"Escolaridade",51.53,"Taxas de atendimento escolar de crianças de 0 a 3 anos (%)"
3515707,"Ferraz de Vasconcelos",27.98383476,2014,"Escolaridade",38.5,"Taxas de atendimento escolar de crianças de 0 a 3 anos (%)"
3515707,"Ferraz de Vasconcelos",35.58903868,2016,"Escolaridade",42.77,"Taxas de atendimento escolar de crianças de 0 a 3 anos (%)"
3515707,"Ferraz de Vasconcelos",33.71634067,2018,"Escolaridade",47.19,"Taxas de atendimento escolar de crianças de 0 a 3 anos (%)"
3515707,"Ferraz de Vasconcelos",31.1056683,2020,"Escolaridade",48.28,"Taxas de atendimento escolar de crianças de 0 a 3 anos (%)"
3515707,"Ferraz de Vasconcelos",31.35301895,2022,"Escolaridade",48.85,"Taxas de atendimento escolar de crianças de 0 a 3 anos (%)"
3515707,"Ferraz de Vasconcelos",36.22047244,2024,"Escolaridade",51.53,"Taxas de atendimento escolar de crianças de 0 a 3 anos (%)"
3515806,"Flora Rica",33.84615385,2014,"Escolaridade",38.5,"Taxas de atendimento escolar de crianças de 0 a 3 anos (%)"
3515806,"Flora Rica",53.03030303,2016,"Escolaridade",42.77,"Taxas de atendimento escolar de crianças de 0 a 3 anos (%)"
3515806,"Flora Rica",43.75,2018,"Escolaridade",47.19,"Taxas de atendimento escolar de crianças de 0 a 3 anos (%)"
3515806,"Flora Rica",54.09836066,2020,"Escolaridade",48.28,"Taxas de atendimento escolar de crianças de 0 a 3 anos (%)"
3515806,"Flora Rica",52.54237288,2022,"Escolaridade",48.85,"Taxas de atendimento escolar de crianças de 0 a 3 anos (%)"
3515806,"Flora Rica",64.28571429,2024,"Escolaridade",51.53,"Taxas de atendimento escolar de crianças de 0 a 3 anos (%)"
3515905,"Floreal",55,2014,"Escolaridade",38.5,"Taxas de atendimento escolar de crianças de 0 a 3 anos (%)"
3515905,"Floreal",57.42574257,2016,"Escolaridade",42.77,"Taxas de atendimento escolar de crianças de 0 a 3 anos (%)"
3515905,"Floreal",57.29166667,2018,"Escolaridade",47.19,"Taxas de atendimento escolar de crianças de 0 a 3 anos (%)"
3515905,"Floreal",59.5505618,2020,"Escolaridade",48.28,"Taxas de atendimento escolar de crianças de 0 a 3 anos (%)"
3515905,"Floreal",48.27586207,2022,"Escolaridade",48.85,"Taxas de atendimento escolar de crianças de 0 a 3 anos (%)"
3515905,"Floreal",58.33333333,2024,"Escolaridade",51.53,"Taxas de atendimento escolar de crianças de 0 a 3 anos (%)"
3516002,"Flórida Paulista",25.08710801,2014,"Escolaridade",38.5,"Taxas de atendimento escolar de crianças de 0 a 3 anos (%)"
3516002,"Flórida Paulista",30.28673835,2016,"Escolaridade",42.77,"Taxas de atendimento escolar de crianças de 0 a 3 anos (%)"
3516002,"Flórida Paulista",31.18081181,2018,"Escolaridade",47.19,"Taxas de atendimento escolar de crianças de 0 a 3 anos (%)"
3516002,"Flórida Paulista",34.23076923,2020,"Escolaridade",48.28,"Taxas de atendimento escolar de crianças de 0 a 3 anos (%)"
3516002,"Flórida Paulista",32.8,2022,"Escolaridade",48.85,"Taxas de atendimento escolar de crianças de 0 a 3 anos (%)"
3516002,"Flórida Paulista",47.54797441,2024,"Escolaridade",51.53,"Taxas de atendimento escolar de crianças de 0 a 3 anos (%)"
3516101,"Florínea",64.66165414,2014,"Escolaridade",38.5,"Taxas de atendimento escolar de crianças de 0 a 3 anos (%)"
3516101,"Florínea",54.54545455,2016,"Escolaridade",42.77,"Taxas de atendimento escolar de crianças de 0 a 3 anos (%)"
3516101,"Florínea",84.375,2018,"Escolaridade",47.19,"Taxas de atendimento escolar de crianças de 0 a 3 anos (%)"
3516101,"Florínea",58.06451613,2020,"Escolaridade",48.28,"Taxas de atendimento escolar de crianças de 0 a 3 anos (%)"
3516101,"Florínea",60.33057851,2022,"Escolaridade",48.85,"Taxas de atendimento escolar de crianças de 0 a 3 anos (%)"
3516101,"Florínea",62.39316239,2024,"Escolaridade",51.53,"Taxas de atendimento escolar de crianças de 0 a 3 anos (%)"
3516200,"Franca",30.43181818,2014,"Escolaridade",38.5,"Taxas de atendimento escolar de crianças de 0 a 3 anos (%)"
3516200,"Franca",35.37145124,2016,"Escolaridade",42.77,"Taxas de atendimento escolar de crianças de 0 a 3 anos (%)"
3516200,"Franca",42.159130330000004,2018,"Escolaridade",47.19,"Taxas de atendimento escolar de crianças de 0 a 3 anos (%)"
3516200,"Franca",45.11171533,2020,"Escolaridade",48.28,"Taxas de atendimento escolar de crianças de 0 a 3 anos (%)"
3516200,"Franca",51.0505601,2022,"Escolaridade",48.85,"Taxas de atendimento escolar de crianças de 0 a 3 anos (%)"
3516200,"Franca",55.84718026,2024,"Escolaridade",51.53,"Taxas de atendimento escolar de crianças de 0 a 3 anos (%)"
3516309,"Francisco Morato",19.80577085,2014,"Escolaridade",38.5,"Taxas de atendimento escolar de crianças de 0 a 3 anos (%)"
3516309,"Francisco Morato",24.17633411,2016,"Escolaridade",42.77,"Taxas de atendimento escolar de crianças de 0 a 3 anos (%)"
3516309,"Francisco Morato",31.77232763,2018,"Escolaridade",47.19,"Taxas de atendimento escolar de crianças de 0 a 3 anos (%)"
3516309,"Francisco Morato",34.39696633,2020,"Escolaridade",48.28,"Taxas de atendimento escolar de crianças de 0 a 3 anos (%)"
3516309,"Francisco Morato",34.21787709,2022,"Escolaridade",48.85,"Taxas de atendimento escolar de crianças de 0 a 3 anos (%)"
3516309,"Francisco Morato",41.18368888,2024,"Escolaridade",51.53,"Taxas de atendimento escolar de crianças de 0 a 3 anos (%)"
3516408,"Franco da Rocha",27.16972316,2014,"Escolaridade",38.5,"Taxas de atendimento escolar de crianças de 0 a 3 anos (%)"
3516408,"Franco da Rocha",46.65001136,2016,"Escolaridade",42.77,"Taxas de atendimento escolar de crianças de 0 a 3 anos (%)"
3516408,"Franco da Rocha",46.51057058,2018,"Escolaridade",47.19,"Taxas de atendimento escolar de crianças de 0 a 3 anos (%)"
3516408,"Franco da Rocha",38.67472628,2020,"Escolaridade",48.28,"Taxas de atendimento escolar de crianças de 0 a 3 anos (%)"
3516408,"Franco da Rocha",39.60986804,2022,"Escolaridade",48.85,"Taxas de atendimento escolar de crianças de 0 a 3 anos (%)"
3516408,"Franco da Rocha",42.62161848,2024,"Escolaridade",51.53,"Taxas de atendimento escolar de crianças de 0 a 3 anos (%)"
3516507,"Gabriel Monteiro",65.71428571,2014,"Escolaridade",38.5,"Taxas de atendimento escolar de crianças de 0 a 3 anos (%)"
3516507,"Gabriel Monteiro",100,2016,"Escolaridade",42.77,"Taxas de atendimento escolar de crianças de 0 a 3 anos (%)"
3516507,"Gabriel Monteiro",88.65979381,2018,"Escolaridade",47.19,"Taxas de atendimento escolar de crianças de 0 a 3 anos (%)"
3516507,"Gabriel Monteiro",89.36170213,2020,"Escolaridade",48.28,"Taxas de atendimento escolar de crianças de 0 a 3 anos (%)"
3516507,"Gabriel Monteiro",72.82608696,2022,"Escolaridade",48.85,"Taxas de atendimento escolar de crianças de 0 a 3 anos (%)"
3516507,"Gabriel Monteiro",83.90804598,2024,"Escolaridade",51.53,"Taxas de atendimento escolar de crianças de 0 a 3 anos (%)"
3516606,"Gália",42.55319149,2014,"Escolaridade",38.5,"Taxas de atendimento escolar de crianças de 0 a 3 anos (%)"
3516606,"Gália",45.01845018,2016,"Escolaridade",42.77,"Taxas de atendimento escolar de crianças de 0 a 3 anos (%)"
3516606,"Gália",43.18181818,2018,"Escolaridade",47.19,"Taxas de atendimento escolar de crianças de 0 a 3 anos (%)"
3516606,"Gália",54.08560311,2020,"Escolaridade",48.28,"Taxas de atendimento escolar de crianças de 0 a 3 anos (%)"
3516606,"Gália",46.18473896,2022,"Escolaridade",48.85,"Taxas de atendimento escolar de crianças de 0 a 3 anos (%)"
3516606,"Gália",52.5210084,2024,"Escolaridade",51.53,"Taxas de atendimento escolar de crianças de 0 a 3 anos (%)"
3516705,"Garça",37.8592666,2014,"Escolaridade",38.5,"Taxas de atendimento escolar de crianças de 0 a 3 anos (%)"
3516705,"Garça",41.27226463,2016,"Escolaridade",42.77,"Taxas de atendimento escolar de crianças de 0 a 3 anos (%)"
3516705,"Garça",42.16046146,2018,"Escolaridade",47.19,"Taxas de atendimento escolar de crianças de 0 a 3 anos (%)"
3516705,"Garça",40.33477322,2020,"Escolaridade",48.28,"Taxas de atendimento escolar de crianças de 0 a 3 anos (%)"
3516705,"Garça",46.83473389,2022,"Escolaridade",48.85,"Taxas de atendimento escolar de crianças de 0 a 3 anos (%)"
3516705,"Garça",49.55595027,2024,"Escolaridade",51.53,"Taxas de atendimento escolar de crianças de 0 a 3 anos (%)"
3516804,"Gastão Vidigal",59.91735537,2014,"Escolaridade",38.5,"Taxas de atendimento escolar de crianças de 0 a 3 anos (%)"
3516804,"Gastão Vidigal",41.2244898,2016,"Escolaridade",42.77,"Taxas de atendimento escolar de crianças de 0 a 3 anos (%)"
3516804,"Gastão Vidigal",44.93927126,2018,"Escolaridade",47.19,"Taxas de atendimento escolar de crianças de 0 a 3 anos (%)"
3516804,"Gastão Vidigal",33.33333333,2020,"Escolaridade",48.28,"Taxas de atendimento escolar de crianças de 0 a 3 anos (%)"
3516804,"Gastão Vidigal",28.04878049,2022,"Escolaridade",48.85,"Taxas de atendimento escolar de crianças de 0 a 3 anos (%)"
3516804,"Gastão Vidigal",30.04115226,2024,"Escolaridade",51.53,"Taxas de atendimento escolar de crianças de 0 a 3 anos (%)"
3516853,"Gavião Peixoto",65.38461538,2014,"Escolaridade",38.5,"Taxas de atendimento escolar de crianças de 0 a 3 anos (%)"
3516853,"Gavião Peixoto",70.56277056,2016,"Escolaridade",42.77,"Taxas de atendimento escolar de crianças de 0 a 3 anos (%)"
3516853,"Gavião Peixoto",82.01754386,2018,"Escolaridade",47.19,"Taxas de atendimento escolar de crianças de 0 a 3 anos (%)"
3516853,"Gavião Peixoto",71.68141593,2020,"Escolaridade",48.28,"Taxas de atendimento escolar de crianças de 0 a 3 anos (%)"
3516853,"Gavião Peixoto",84.47488584,2022,"Escolaridade",48.85,"Taxas de atendimento escolar de crianças de 0 a 3 anos (%)"
3516853,"Gavião Peixoto",92.7184466,2024,"Escolaridade",51.53,"Taxas de atendimento escolar de crianças de 0 a 3 anos (%)"
3516903,"General Salgado",40.87912088,2014,"Escolaridade",38.5,"Taxas de atendimento escolar de crianças de 0 a 3 anos (%)"
3516903,"General Salgado",45.02262443,2016,"Escolaridade",42.77,"Taxas de atendimento escolar de crianças de 0 a 3 anos (%)"
3516903,"General Salgado",44.70046083,2018,"Escolaridade",47.19,"Taxas de atendimento escolar de crianças de 0 a 3 anos (%)"
3516903,"General Salgado",40.37558685,2020,"Escolaridade",48.28,"Taxas de atendimento escolar de crianças de 0 a 3 anos (%)"
3516903,"General Salgado",39.21568627,2022,"Escolaridade",48.85,"Taxas de atendimento escolar de crianças de 0 a 3 anos (%)"
3516903,"General Salgado",41.73228346,2024,"Escolaridade",51.53,"Taxas de atendimento escolar de crianças de 0 a 3 anos (%)"
3517000,"Getulina",25.77962578,2014,"Escolaridade",38.5,"Taxas de atendimento escolar de crianças de 0 a 3 anos (%)"
3517000,"Getulina",25.15592516,2016,"Escolaridade",42.77,"Taxas de atendimento escolar de crianças de 0 a 3 anos (%)"
3517000,"Getulina",28.66108787,2018,"Escolaridade",47.19,"Taxas de atendimento escolar de crianças de 0 a 3 anos (%)"
3517000,"Getulina",27.00421941,2020,"Escolaridade",48.28,"Taxas de atendimento escolar de crianças de 0 a 3 anos (%)"
3517000,"Getulina",25.91006424,2022,"Escolaridade",48.85,"Taxas de atendimento escolar de crianças de 0 a 3 anos (%)"
3517000,"Getulina",31.44104803,2024,"Escolaridade",51.53,"Taxas de atendimento escolar de crianças de 0 a 3 anos (%)"
3517109,"Glicério",65.53191489,2014,"Escolaridade",38.5,"Taxas de atendimento escolar de crianças de 0 a 3 anos (%)"
3517109,"Glicério",73.27586207,2016,"Escolaridade",42.77,"Taxas de atendimento escolar de crianças de 0 a 3 anos (%)"
3517109,"Glicério",57.14285714,2018,"Escolaridade",47.19,"Taxas de atendimento escolar de crianças de 0 a 3 anos (%)"
3517109,"Glicério",55.41125541,2020,"Escolaridade",48.28,"Taxas de atendimento escolar de crianças de 0 a 3 anos (%)"
3517109,"Glicério",44.29824561,2022,"Escolaridade",48.85,"Taxas de atendimento escolar de crianças de 0 a 3 anos (%)"
3517109,"Glicério",51.13122172,2024,"Escolaridade",51.53,"Taxas de atendimento escolar de crianças de 0 a 3 anos (%)"
3517208,"Guaiçara",28.68589744,2014,"Escolaridade",38.5,"Taxas de atendimento escolar de crianças de 0 a 3 anos (%)"
3517208,"Guaiçara",34.6031746,2016,"Escolaridade",42.77,"Taxas de atendimento escolar de crianças de 0 a 3 anos (%)"
3517208,"Guaiçara",33.64779874,2018,"Escolaridade",47.19,"Taxas de atendimento escolar de crianças de 0 a 3 anos (%)"
3517208,"Guaiçara",36.67711599,2020,"Escolaridade",48.28,"Taxas de atendimento escolar de crianças de 0 a 3 anos (%)"
3517208,"Guaiçara",36.42172524,2022,"Escolaridade",48.85,"Taxas de atendimento escolar de crianças de 0 a 3 anos (%)"
3517208,"Guaiçara",41.25412541,2024,"Escolaridade",51.53,"Taxas de atendimento escolar de crianças de 0 a 3 anos (%)"
3517307,"Guaimbê",27.02702703,2014,"Escolaridade",38.5,"Taxas de atendimento escolar de crianças de 0 a 3 anos (%)"
3517307,"Guaimbê",41.37931034,2016,"Escolaridade",42.77,"Taxas de atendimento escolar de crianças de 0 a 3 anos (%)"
3517307,"Guaimbê",30.79584775,2018,"Escolaridade",47.19,"Taxas de atendimento escolar de crianças de 0 a 3 anos (%)"
3517307,"Guaimbê",30,2020,"Escolaridade",48.28,"Taxas de atendimento escolar de crianças de 0 a 3 anos (%)"
3517307,"Guaimbê",33.4519573,2022,"Escolaridade",48.85,"Taxas de atendimento escolar de crianças de 0 a 3 anos (%)"
3517307,"Guaimbê",41.02564103,2024,"Escolaridade",51.53,"Taxas de atendimento escolar de crianças de 0 a 3 anos (%)"
3517406,"Guaíra",45.62780269,2014,"Escolaridade",38.5,"Taxas de atendimento escolar de crianças de 0 a 3 anos (%)"
3517406,"Guaíra",46.89655172,2016,"Escolaridade",42.77,"Taxas de atendimento escolar de crianças de 0 a 3 anos (%)"
3517406,"Guaíra",50,2018,"Escolaridade",47.19,"Taxas de atendimento escolar de crianças de 0 a 3 anos (%)"
3517406,"Guaíra",47.52238806,2020,"Escolaridade",48.28,"Taxas de atendimento escolar de crianças de 0 a 3 anos (%)"
3517406,"Guaíra",53.16144874,2022,"Escolaridade",48.85,"Taxas de atendimento escolar de crianças de 0 a 3 anos (%)"
3517406,"Guaíra",50.61014772,2024,"Escolaridade",51.53,"Taxas de atendimento escolar de crianças de 0 a 3 anos (%)"
3517505,"Guapiaçu",47.26027397,2014,"Escolaridade",38.5,"Taxas de atendimento escolar de crianças de 0 a 3 anos (%)"
3517505,"Guapiaçu",50.05611672,2016,"Escolaridade",42.77,"Taxas de atendimento escolar de crianças de 0 a 3 anos (%)"
3517505,"Guapiaçu",55.14950166,2018,"Escolaridade",47.19,"Taxas de atendimento escolar de crianças de 0 a 3 anos (%)"
3517505,"Guapiaçu",49.17853231,2020,"Escolaridade",48.28,"Taxas de atendimento escolar de crianças de 0 a 3 anos (%)"
3517505,"Guapiaçu",53.53200883,2022,"Escolaridade",48.85,"Taxas de atendimento escolar de crianças de 0 a 3 anos (%)"
3517505,"Guapiaçu",56.83856502,2024,"Escolaridade",51.53,"Taxas de atendimento escolar de crianças de 0 a 3 anos (%)"
3517604,"Guapiara",7.215541166,2014,"Escolaridade",38.5,"Taxas de atendimento escolar de crianças de 0 a 3 anos (%)"
3517604,"Guapiara",10.27522936,2016,"Escolaridade",42.77,"Taxas de atendimento escolar de crianças de 0 a 3 anos (%)"
3517604,"Guapiara",13.65762395,2018,"Escolaridade",47.19,"Taxas de atendimento escolar de crianças de 0 a 3 anos (%)"
3517604,"Guapiara",13.28871893,2020,"Escolaridade",48.28,"Taxas de atendimento escolar de crianças de 0 a 3 anos (%)"
3517604,"Guapiara",13.98264224,2022,"Escolaridade",48.85,"Taxas de atendimento escolar de crianças de 0 a 3 anos (%)"
3517604,"Guapiara",19.80392157,2024,"Escolaridade",51.53,"Taxas de atendimento escolar de crianças de 0 a 3 anos (%)"
3517703,"Guará",32.35039029,2014,"Escolaridade",38.5,"Taxas de atendimento escolar de crianças de 0 a 3 anos (%)"
3517703,"Guará",34.15276558,2016,"Escolaridade",42.77,"Taxas de atendimento escolar de crianças de 0 a 3 anos (%)"
3517703,"Guará",36.7816092,2018,"Escolaridade",47.19,"Taxas de atendimento escolar de crianças de 0 a 3 anos (%)"
3517703,"Guará",34.64285714,2020,"Escolaridade",48.28,"Taxas de atendimento escolar de crianças de 0 a 3 anos (%)"
3517703,"Guará",32.03971119,2022,"Escolaridade",48.85,"Taxas de atendimento escolar de crianças de 0 a 3 anos (%)"
3517703,"Guará",34.9907919,2024,"Escolaridade",51.53,"Taxas de atendimento escolar de crianças de 0 a 3 anos (%)"
3517802,"Guaraçaí",23.45679012,2014,"Escolaridade",38.5,"Taxas de atendimento escolar de crianças de 0 a 3 anos (%)"
3517802,"Guaraçaí",30.69306931,2016,"Escolaridade",42.77,"Taxas de atendimento escolar de crianças de 0 a 3 anos (%)"
3517802,"Guaraçaí",35.54987212,2018,"Escolaridade",47.19,"Taxas de atendimento escolar de crianças de 0 a 3 anos (%)"
3517802,"Guaraçaí",29.67914439,2020,"Escolaridade",48.28,"Taxas de atendimento escolar de crianças de 0 a 3 anos (%)"
3517802,"Guaraçaí",27.74725275,2022,"Escolaridade",48.85,"Taxas de atendimento escolar de crianças de 0 a 3 anos (%)"
3517802,"Guaraçaí",32.75862069,2024,"Escolaridade",51.53,"Taxas de atendimento escolar de crianças de 0 a 3 anos (%)"
3517901,"Guaraci",41.89655172,2014,"Escolaridade",38.5,"Taxas de atendimento escolar de crianças de 0 a 3 anos (%)"
3517901,"Guaraci",41.0652921,2016,"Escolaridade",42.77,"Taxas de atendimento escolar de crianças de 0 a 3 anos (%)"
3517901,"Guaraci",42.6369863,2018,"Escolaridade",47.19,"Taxas de atendimento escolar de crianças de 0 a 3 anos (%)"
3517901,"Guaraci",39.82905983,2020,"Escolaridade",48.28,"Taxas de atendimento escolar de crianças de 0 a 3 anos (%)"
3517901,"Guaraci",38.31282953,2022,"Escolaridade",48.85,"Taxas de atendimento escolar de crianças de 0 a 3 anos (%)"
3517901,"Guaraci",49.17127072,2024,"Escolaridade",51.53,"Taxas de atendimento escolar de crianças de 0 a 3 anos (%)"
3518008,"Guarani d'Oeste",56.79012346,2014,"Escolaridade",38.5,"Taxas de atendimento escolar de crianças de 0 a 3 anos (%)"
3518008,"Guarani d'Oeste",63.51351351,2016,"Escolaridade",42.77,"Taxas de atendimento escolar de crianças de 0 a 3 anos (%)"
3518008,"Guarani d'Oeste",60.81081081,2018,"Escolaridade",47.19,"Taxas de atendimento escolar de crianças de 0 a 3 anos (%)"
3518008,"Guarani d'Oeste",75.67567568,2020,"Escolaridade",48.28,"Taxas de atendimento escolar de crianças de 0 a 3 anos (%)"
3518008,"Guarani d'Oeste",80.55555556,2022,"Escolaridade",48.85,"Taxas de atendimento escolar de crianças de 0 a 3 anos (%)"
3518008,"Guarani d'Oeste",61.42857143,2024,"Escolaridade",51.53,"Taxas de atendimento escolar de crianças de 0 a 3 anos (%)"
3518107,"Guarantã",20.1183432,2014,"Escolaridade",38.5,"Taxas de atendimento escolar de crianças de 0 a 3 anos (%)"
3518107,"Guarantã",33.73860182,2016,"Escolaridade",42.77,"Taxas de atendimento escolar de crianças de 0 a 3 anos (%)"
3518107,"Guarantã",24.7706422,2018,"Escolaridade",47.19,"Taxas de atendimento escolar de crianças de 0 a 3 anos (%)"
3518107,"Guarantã",24.22360248,2020,"Escolaridade",48.28,"Taxas de atendimento escolar de crianças de 0 a 3 anos (%)"
3518107,"Guarantã",32.48407643,2022,"Escolaridade",48.85,"Taxas de atendimento escolar de crianças de 0 a 3 anos (%)"
3518107,"Guarantã",34.21052632,2024,"Escolaridade",51.53,"Taxas de atendimento escolar de crianças de 0 a 3 anos (%)"
3518206,"Guararapes",49.66028413,2014,"Escolaridade",38.5,"Taxas de atendimento escolar de crianças de 0 a 3 anos (%)"
3518206,"Guararapes",47.23247232,2016,"Escolaridade",42.77,"Taxas de atendimento escolar de crianças de 0 a 3 anos (%)"
3518206,"Guararapes",52.8241335,2018,"Escolaridade",47.19,"Taxas de atendimento escolar de crianças de 0 a 3 anos (%)"
3518206,"Guararapes",59.21938089,2020,"Escolaridade",48.28,"Taxas de atendimento escolar de crianças de 0 a 3 anos (%)"
3518206,"Guararapes",56,2022,"Escolaridade",48.85,"Taxas de atendimento escolar de crianças de 0 a 3 anos (%)"
3518206,"Guararapes",58,2024,"Escolaridade",51.53,"Taxas de atendimento escolar de crianças de 0 a 3 anos (%)"
3518305,"Guararema",40.80635308,2014,"Escolaridade",38.5,"Taxas de atendimento escolar de crianças de 0 a 3 anos (%)"
3518305,"Guararema",40.11627907,2016,"Escolaridade",42.77,"Taxas de atendimento escolar de crianças de 0 a 3 anos (%)"
3518305,"Guararema",47.30046948,2018,"Escolaridade",47.19,"Taxas de atendimento escolar de crianças de 0 a 3 anos (%)"
3518305,"Guararema",46.10350982,2020,"Escolaridade",48.28,"Taxas de atendimento escolar de crianças de 0 a 3 anos (%)"
3518305,"Guararema",46.06205251,2022,"Escolaridade",48.85,"Taxas de atendimento escolar de crianças de 0 a 3 anos (%)"
3518305,"Guararema",52.55869958,2024,"Escolaridade",51.53,"Taxas de atendimento escolar de crianças de 0 a 3 anos (%)"
3518404,"Guaratinguetá",29.14548138,2014,"Escolaridade",38.5,"Taxas de atendimento escolar de crianças de 0 a 3 anos (%)"
3518404,"Guaratinguetá",30.60532688,2016,"Escolaridade",42.77,"Taxas de atendimento escolar de crianças de 0 a 3 anos (%)"
3518404,"Guaratinguetá",35.24480215,2018,"Escolaridade",47.19,"Taxas de atendimento escolar de crianças de 0 a 3 anos (%)"
3518404,"Guaratinguetá",32.42392445,2020,"Escolaridade",48.28,"Taxas de atendimento escolar de crianças de 0 a 3 anos (%)"
3518404,"Guaratinguetá",37.30514245,2022,"Escolaridade",48.85,"Taxas de atendimento escolar de crianças de 0 a 3 anos (%)"
3518404,"Guaratinguetá",41.83882375,2024,"Escolaridade",51.53,"Taxas de atendimento escolar de crianças de 0 a 3 anos (%)"
3518503,"Guareí",46.78456592,2014,"Escolaridade",38.5,"Taxas de atendimento escolar de crianças de 0 a 3 anos (%)"
3518503,"Guareí",40.41533546,2016,"Escolaridade",42.77,"Taxas de atendimento escolar de crianças de 0 a 3 anos (%)"
3518503,"Guareí",36.52037618,2018,"Escolaridade",47.19,"Taxas de atendimento escolar de crianças de 0 a 3 anos (%)"
3518503,"Guareí",41.70542636,2020,"Escolaridade",48.28,"Taxas de atendimento escolar de crianças de 0 a 3 anos (%)"
3518503,"Guareí",41.58878505,2022,"Escolaridade",48.85,"Taxas de atendimento escolar de crianças de 0 a 3 anos (%)"
3518503,"Guareí",47.22662441,2024,"Escolaridade",51.53,"Taxas de atendimento escolar de crianças de 0 a 3 anos (%)"
3518602,"Guariba",29.16862377,2014,"Escolaridade",38.5,"Taxas de atendimento escolar de crianças de 0 a 3 anos (%)"
3518602,"Guariba",31.26773888,2016,"Escolaridade",42.77,"Taxas de atendimento escolar de crianças de 0 a 3 anos (%)"
3518602,"Guariba",30.3494495,2018,"Escolaridade",47.19,"Taxas de atendimento escolar de crianças de 0 a 3 anos (%)"
3518602,"Guariba",35.13119534,2020,"Escolaridade",48.28,"Taxas de atendimento escolar de crianças de 0 a 3 anos (%)"
3518602,"Guariba",30.66202091,2022,"Escolaridade",48.85,"Taxas de atendimento escolar de crianças de 0 a 3 anos (%)"
3518602,"Guariba",38.38592861,2024,"Escolaridade",51.53,"Taxas de atendimento escolar de crianças de 0 a 3 anos (%)"
3518701,"Guarujá",24.0340941,2014,"Escolaridade",38.5,"Taxas de atendimento escolar de crianças de 0 a 3 anos (%)"
3518701,"Guarujá",27.0383626,2016,"Escolaridade",42.77,"Taxas de atendimento escolar de crianças de 0 a 3 anos (%)"
3518701,"Guarujá",29.7777275,2018,"Escolaridade",47.19,"Taxas de atendimento escolar de crianças de 0 a 3 anos (%)"
3518701,"Guarujá",29.84818104,2020,"Escolaridade",48.28,"Taxas de atendimento escolar de crianças de 0 a 3 anos (%)"
3518701,"Guarujá",40.09299622,2022,"Escolaridade",48.85,"Taxas de atendimento escolar de crianças de 0 a 3 anos (%)"
3518701,"Guarujá",43.7578139,2024,"Escolaridade",51.53,"Taxas de atendimento escolar de crianças de 0 a 3 anos (%)"
3518800,"Guarulhos",31.18539113,2014,"Escolaridade",38.5,"Taxas de atendimento escolar de crianças de 0 a 3 anos (%)"
3518800,"Guarulhos",31.02533443,2016,"Escolaridade",42.77,"Taxas de atendimento escolar de crianças de 0 a 3 anos (%)"
3518800,"Guarulhos",34.53343317,2018,"Escolaridade",47.19,"Taxas de atendimento escolar de crianças de 0 a 3 anos (%)"
3518800,"Guarulhos",37.24110221,2020,"Escolaridade",48.28,"Taxas de atendimento escolar de crianças de 0 a 3 anos (%)"
3518800,"Guarulhos",33.62737762,2022,"Escolaridade",48.85,"Taxas de atendimento escolar de crianças de 0 a 3 anos (%)"
3518800,"Guarulhos",30.98993964,2024,"Escolaridade",51.53,"Taxas de atendimento escolar de crianças de 0 a 3 anos (%)"
3518859,"Guatapará",48.01061008,2014,"Escolaridade",38.5,"Taxas de atendimento escolar de crianças de 0 a 3 anos (%)"
3518859,"Guatapará",50.27027027,2016,"Escolaridade",42.77,"Taxas de atendimento escolar de crianças de 0 a 3 anos (%)"
3518859,"Guatapará",55.31914894,2018,"Escolaridade",47.19,"Taxas de atendimento escolar de crianças de 0 a 3 anos (%)"
3518859,"Guatapará",66.04774536,2020,"Escolaridade",48.28,"Taxas de atendimento escolar de crianças de 0 a 3 anos (%)"
3518859,"Guatapará",56.8,2022,"Escolaridade",48.85,"Taxas de atendimento escolar de crianças de 0 a 3 anos (%)"
3518859,"Guatapará",42.34972678,2024,"Escolaridade",51.53,"Taxas de atendimento escolar de crianças de 0 a 3 anos (%)"
3518909,"Guzolândia",24.27983539,2014,"Escolaridade",38.5,"Taxas de atendimento escolar de crianças de 0 a 3 anos (%)"
3518909,"Guzolândia",25.31120332,2016,"Escolaridade",42.77,"Taxas de atendimento escolar de crianças de 0 a 3 anos (%)"
3518909,"Guzolândia",30.6122449,2018,"Escolaridade",47.19,"Taxas de atendimento escolar de crianças de 0 a 3 anos (%)"
3518909,"Guzolândia",26.2295082,2020,"Escolaridade",48.28,"Taxas de atendimento escolar de crianças de 0 a 3 anos (%)"
3518909,"Guzolândia",23.65145228,2022,"Escolaridade",48.85,"Taxas de atendimento escolar de crianças de 0 a 3 anos (%)"
3518909,"Guzolândia",38.03418803,2024,"Escolaridade",51.53,"Taxas de atendimento escolar de crianças de 0 a 3 anos (%)"
3519006,"Herculândia",17.40976645,2014,"Escolaridade",38.5,"Taxas de atendimento escolar de crianças de 0 a 3 anos (%)"
3519006,"Herculândia",17.22689076,2016,"Escolaridade",42.77,"Taxas de atendimento escolar de crianças de 0 a 3 anos (%)"
3519006,"Herculândia",28.1779661,2018,"Escolaridade",47.19,"Taxas de atendimento escolar de crianças de 0 a 3 anos (%)"
3519006,"Herculândia",24.83940043,2020,"Escolaridade",48.28,"Taxas de atendimento escolar de crianças de 0 a 3 anos (%)"
3519006,"Herculândia",28.17204301,2022,"Escolaridade",48.85,"Taxas de atendimento escolar de crianças de 0 a 3 anos (%)"
3519006,"Herculândia",38.64628821,2024,"Escolaridade",51.53,"Taxas de atendimento escolar de crianças de 0 a 3 anos (%)"
3519055,"Holambra",63.2183908,2014,"Escolaridade",38.5,"Taxas de atendimento escolar de crianças de 0 a 3 anos (%)"
3519055,"Holambra",56.39810427,2016,"Escolaridade",42.77,"Taxas de atendimento escolar de crianças de 0 a 3 anos (%)"
3519055,"Holambra",63.12649165,2018,"Escolaridade",47.19,"Taxas de atendimento escolar de crianças de 0 a 3 anos (%)"
3519055,"Holambra",60.82224909,2020,"Escolaridade",48.28,"Taxas de atendimento escolar de crianças de 0 a 3 anos (%)"
3519055,"Holambra",66.66666667,2022,"Escolaridade",48.85,"Taxas de atendimento escolar de crianças de 0 a 3 anos (%)"
3519055,"Holambra",67.95180723,2024,"Escolaridade",51.53,"Taxas de atendimento escolar de crianças de 0 a 3 anos (%)"
3519071,"Hortolândia",43.94797381,2014,"Escolaridade",38.5,"Taxas de atendimento escolar de crianças de 0 a 3 anos (%)"
3519071,"Hortolândia",49.70039079,2016,"Escolaridade",42.77,"Taxas de atendimento escolar de crianças de 0 a 3 anos (%)"
3519071,"Hortolândia",48.98360096,2018,"Escolaridade",47.19,"Taxas de atendimento escolar de crianças de 0 a 3 anos (%)"
3519071,"Hortolândia",46.52082457,2020,"Escolaridade",48.28,"Taxas de atendimento escolar de crianças de 0 a 3 anos (%)"
3519071,"Hortolândia",46.81695373,2022,"Escolaridade",48.85,"Taxas de atendimento escolar de crianças de 0 a 3 anos (%)"
3519071,"Hortolândia",48.01022582,2024,"Escolaridade",51.53,"Taxas de atendimento escolar de crianças de 0 a 3 anos (%)"
3519105,"Iacanga",35.72778828,2014,"Escolaridade",38.5,"Taxas de atendimento escolar de crianças de 0 a 3 anos (%)"
3519105,"Iacanga",38.03339518,2016,"Escolaridade",42.77,"Taxas de atendimento escolar de crianças de 0 a 3 anos (%)"
3519105,"Iacanga",42.12454212,2018,"Escolaridade",47.19,"Taxas de atendimento escolar de crianças de 0 a 3 anos (%)"
3519105,"Iacanga",45.40540541,2020,"Escolaridade",48.28,"Taxas de atendimento escolar de crianças de 0 a 3 anos (%)"
3519105,"Iacanga",40.25270758,2022,"Escolaridade",48.85,"Taxas de atendimento escolar de crianças de 0 a 3 anos (%)"
3519105,"Iacanga",39.89169675,2024,"Escolaridade",51.53,"Taxas de atendimento escolar de crianças de 0 a 3 anos (%)"
3519204,"Iacri",20.57877814,2014,"Escolaridade",38.5,"Taxas de atendimento escolar de crianças de 0 a 3 anos (%)"
3519204,"Iacri",21.9269103,2016,"Escolaridade",42.77,"Taxas de atendimento escolar de crianças de 0 a 3 anos (%)"
3519204,"Iacri",29.89690722,2018,"Escolaridade",47.19,"Taxas de atendimento escolar de crianças de 0 a 3 anos (%)"
3519204,"Iacri",28.92857143,2020,"Escolaridade",48.28,"Taxas de atendimento escolar de crianças de 0 a 3 anos (%)"
3519204,"Iacri",27.23880597,2022,"Escolaridade",48.85,"Taxas de atendimento escolar de crianças de 0 a 3 anos (%)"
3519204,"Iacri",38.97637795,2024,"Escolaridade",51.53,"Taxas de atendimento escolar de crianças de 0 a 3 anos (%)"
3519253,"Iaras",36.78929766,2014,"Escolaridade",38.5,"Taxas de atendimento escolar de crianças de 0 a 3 anos (%)"
3519253,"Iaras",34.93150685,2016,"Escolaridade",42.77,"Taxas de atendimento escolar de crianças de 0 a 3 anos (%)"
3519253,"Iaras",41.80602007,2018,"Escolaridade",47.19,"Taxas de atendimento escolar de crianças de 0 a 3 anos (%)"
3519253,"Iaras",31.90789474,2020,"Escolaridade",48.28,"Taxas de atendimento escolar de crianças de 0 a 3 anos (%)"
3519253,"Iaras",48.01324503,2022,"Escolaridade",48.85,"Taxas de atendimento escolar de crianças de 0 a 3 anos (%)"
3519253,"Iaras",57.04697987,2024,"Escolaridade",51.53,"Taxas de atendimento escolar de crianças de 0 a 3 anos (%)"
3519303,"Ibaté",39.89528796,2014,"Escolaridade",38.5,"Taxas de atendimento escolar de crianças de 0 a 3 anos (%)"
3519303,"Ibaté",40.37460978,2016,"Escolaridade",42.77,"Taxas de atendimento escolar de crianças de 0 a 3 anos (%)"
3519303,"Ibaté",43.9178515,2018,"Escolaridade",47.19,"Taxas de atendimento escolar de crianças de 0 a 3 anos (%)"
3519303,"Ibaté",51.22732124,2020,"Escolaridade",48.28,"Taxas de atendimento escolar de crianças de 0 a 3 anos (%)"
3519303,"Ibaté",44.94565217,2022,"Escolaridade",48.85,"Taxas de atendimento escolar de crianças de 0 a 3 anos (%)"
3519303,"Ibaté",51.45903479,2024,"Escolaridade",51.53,"Taxas de atendimento escolar de crianças de 0 a 3 anos (%)"
3519402,"Ibirá",36.21621622,2014,"Escolaridade",38.5,"Taxas de atendimento escolar de crianças de 0 a 3 anos (%)"
3519402,"Ibirá",41.45907473,2016,"Escolaridade",42.77,"Taxas de atendimento escolar de crianças de 0 a 3 anos (%)"
3519402,"Ibirá",38.07017544,2018,"Escolaridade",47.19,"Taxas de atendimento escolar de crianças de 0 a 3 anos (%)"
3519402,"Ibirá",44.42508711,2020,"Escolaridade",48.28,"Taxas de atendimento escolar de crianças de 0 a 3 anos (%)"
3519402,"Ibirá",43.36283186,2022,"Escolaridade",48.85,"Taxas de atendimento escolar de crianças de 0 a 3 anos (%)"
3519402,"Ibirá",48.9010989,2024,"Escolaridade",51.53,"Taxas de atendimento escolar de crianças de 0 a 3 anos (%)"
3519501,"Ibirarema",40.55555556,2014,"Escolaridade",38.5,"Taxas de atendimento escolar de crianças de 0 a 3 anos (%)"
3519501,"Ibirarema",43.59673025,2016,"Escolaridade",42.77,"Taxas de atendimento escolar de crianças de 0 a 3 anos (%)"
3519501,"Ibirarema",42.2459893,2018,"Escolaridade",47.19,"Taxas de atendimento escolar de crianças de 0 a 3 anos (%)"
3519501,"Ibirarema",44.53125,2020,"Escolaridade",48.28,"Taxas de atendimento escolar de crianças de 0 a 3 anos (%)"
3519501,"Ibirarema",47.51958225,2022,"Escolaridade",48.85,"Taxas de atendimento escolar de crianças de 0 a 3 anos (%)"
3519501,"Ibirarema",47.10526316,2024,"Escolaridade",51.53,"Taxas de atendimento escolar de crianças de 0 a 3 anos (%)"
3519600,"Ibitinga",37.9049676,2014,"Escolaridade",38.5,"Taxas de atendimento escolar de crianças de 0 a 3 anos (%)"
3519600,"Ibitinga",43.59157444,2016,"Escolaridade",42.77,"Taxas de atendimento escolar de crianças de 0 a 3 anos (%)"
3519600,"Ibitinga",44.03039074,2018,"Escolaridade",47.19,"Taxas de atendimento escolar de crianças de 0 a 3 anos (%)"
3519600,"Ibitinga",44.13387275,2020,"Escolaridade",48.28,"Taxas de atendimento escolar de crianças de 0 a 3 anos (%)"
3519600,"Ibitinga",42.89473684,2022,"Escolaridade",48.85,"Taxas de atendimento escolar de crianças de 0 a 3 anos (%)"
3519600,"Ibitinga",48.89061892,2024,"Escolaridade",51.53,"Taxas de atendimento escolar de crianças de 0 a 3 anos (%)"
3519709,"Ibiúna",21.5106331,2014,"Escolaridade",38.5,"Taxas de atendimento escolar de crianças de 0 a 3 anos (%)"
3519709,"Ibiúna",23.28700317,2016,"Escolaridade",42.77,"Taxas de atendimento escolar de crianças de 0 a 3 anos (%)"
3519709,"Ibiúna",32.32125367,2018,"Escolaridade",47.19,"Taxas de atendimento escolar de crianças de 0 a 3 anos (%)"
3519709,"Ibiúna",28.48350566,2020,"Escolaridade",48.28,"Taxas de atendimento escolar de crianças de 0 a 3 anos (%)"
3519709,"Ibiúna",27.21393035,2022,"Escolaridade",48.85,"Taxas de atendimento escolar de crianças de 0 a 3 anos (%)"
3519709,"Ibiúna",35.2077001,2024,"Escolaridade",51.53,"Taxas de atendimento escolar de crianças de 0 a 3 anos (%)"
3519808,"Icém",30.41575492,2014,"Escolaridade",38.5,"Taxas de atendimento escolar de crianças de 0 a 3 anos (%)"
3519808,"Icém",31.89655172,2016,"Escolaridade",42.77,"Taxas de atendimento escolar de crianças de 0 a 3 anos (%)"
3519808,"Icém",38.71681416,2018,"Escolaridade",47.19,"Taxas de atendimento escolar de crianças de 0 a 3 anos (%)"
3519808,"Icém",34.62414579,2020,"Escolaridade",48.28,"Taxas de atendimento escolar de crianças de 0 a 3 anos (%)"
3519808,"Icém",37.00234192,2022,"Escolaridade",48.85,"Taxas de atendimento escolar de crianças de 0 a 3 anos (%)"
3519808,"Icém",39.7094431,2024,"Escolaridade",51.53,"Taxas de atendimento escolar de crianças de 0 a 3 anos (%)"
3519907,"Iepê",39.34837093,2014,"Escolaridade",38.5,"Taxas de atendimento escolar de crianças de 0 a 3 anos (%)"
3519907,"Iepê",32,2016,"Escolaridade",42.77,"Taxas de atendimento escolar de crianças de 0 a 3 anos (%)"
3519907,"Iepê",46.48241206,2018,"Escolaridade",47.19,"Taxas de atendimento escolar de crianças de 0 a 3 anos (%)"
3519907,"Iepê",43.51145038,2020,"Escolaridade",48.28,"Taxas de atendimento escolar de crianças de 0 a 3 anos (%)"
3519907,"Iepê",45.10309278,2022,"Escolaridade",48.85,"Taxas de atendimento escolar de crianças de 0 a 3 anos (%)"
3519907,"Iepê",40.47619048,2024,"Escolaridade",51.53,"Taxas de atendimento escolar de crianças de 0 a 3 anos (%)"
3520004,"Igaraçu do Tietê",35.24783635,2014,"Escolaridade",38.5,"Taxas de atendimento escolar de crianças de 0 a 3 anos (%)"
3520004,"Igaraçu do Tietê",37.52988048,2016,"Escolaridade",42.77,"Taxas de atendimento escolar de crianças de 0 a 3 anos (%)"
3520004,"Igaraçu do Tietê",39.63815789,2018,"Escolaridade",47.19,"Taxas de atendimento escolar de crianças de 0 a 3 anos (%)"
3520004,"Igaraçu do Tietê",39.8637138,2020,"Escolaridade",48.28,"Taxas de atendimento escolar de crianças de 0 a 3 anos (%)"
3520004,"Igaraçu do Tietê",35.3765324,2022,"Escolaridade",48.85,"Taxas de atendimento escolar de crianças de 0 a 3 anos (%)"
3520004,"Igaraçu do Tietê",36.53846154,2024,"Escolaridade",51.53,"Taxas de atendimento escolar de crianças de 0 a 3 anos (%)"
3520103,"Igarapava",44.20391061,2014,"Escolaridade",38.5,"Taxas de atendimento escolar de crianças de 0 a 3 anos (%)"
3520103,"Igarapava",42.37047551,2016,"Escolaridade",42.77,"Taxas de atendimento escolar de crianças de 0 a 3 anos (%)"
3520103,"Igarapava",48.05194805,2018,"Escolaridade",47.19,"Taxas de atendimento escolar de crianças de 0 a 3 anos (%)"
3520103,"Igarapava",45.07352941,2020,"Escolaridade",48.28,"Taxas de atendimento escolar de crianças de 0 a 3 anos (%)"
3520103,"Igarapava",39.47169811,2022,"Escolaridade",48.85,"Taxas de atendimento escolar de crianças de 0 a 3 anos (%)"
3520103,"Igarapava",43.16037736,2024,"Escolaridade",51.53,"Taxas de atendimento escolar de crianças de 0 a 3 anos (%)"
3520202,"Igaratá",26.41878669,2014,"Escolaridade",38.5,"Taxas de atendimento escolar de crianças de 0 a 3 anos (%)"
3520202,"Igaratá",24.08477842,2016,"Escolaridade",42.77,"Taxas de atendimento escolar de crianças de 0 a 3 anos (%)"
3520202,"Igaratá",37.45098039,2018,"Escolaridade",47.19,"Taxas de atendimento escolar de crianças de 0 a 3 anos (%)"
3520202,"Igaratá",35,2020,"Escolaridade",48.28,"Taxas de atendimento escolar de crianças de 0 a 3 anos (%)"
3520202,"Igaratá",35.36585366,2022,"Escolaridade",48.85,"Taxas de atendimento escolar de crianças de 0 a 3 anos (%)"
3520202,"Igaratá",44.00826446,2024,"Escolaridade",51.53,"Taxas de atendimento escolar de crianças de 0 a 3 anos (%)"
3520301,"Iguape",25.52329507,2014,"Escolaridade",38.5,"Taxas de atendimento escolar de crianças de 0 a 3 anos (%)"
3520301,"Iguape",27.85665991,2016,"Escolaridade",42.77,"Taxas de atendimento escolar de crianças de 0 a 3 anos (%)"
3520301,"Iguape",33.1997328,2018,"Escolaridade",47.19,"Taxas de atendimento escolar de crianças de 0 a 3 anos (%)"
3520301,"Iguape",30.24487095,2020,"Escolaridade",48.28,"Taxas de atendimento escolar de crianças de 0 a 3 anos (%)"
3520301,"Iguape",33.17880795,2022,"Escolaridade",48.85,"Taxas de atendimento escolar de crianças de 0 a 3 anos (%)"
3520301,"Iguape",34.8,2024,"Escolaridade",51.53,"Taxas de atendimento escolar de crianças de 0 a 3 anos (%)"
3520400,"Ilhabela",45.625,2014,"Escolaridade",38.5,"Taxas de atendimento escolar de crianças de 0 a 3 anos (%)"
3520400,"Ilhabela",49.44219067,2016,"Escolaridade",42.77,"Taxas de atendimento escolar de crianças de 0 a 3 anos (%)"
3520400,"Ilhabela",55.40194572,2018,"Escolaridade",47.19,"Taxas de atendimento escolar de crianças de 0 a 3 anos (%)"
3520400,"Ilhabela",54.97925311,2020,"Escolaridade",48.28,"Taxas de atendimento escolar de crianças de 0 a 3 anos (%)"
3520400,"Ilhabela",49.2920818,2022,"Escolaridade",48.85,"Taxas de atendimento escolar de crianças de 0 a 3 anos (%)"
3520400,"Ilhabela",54.40940673,2024,"Escolaridade",51.53,"Taxas de atendimento escolar de crianças de 0 a 3 anos (%)"
3520426,"Ilha Comprida",42.35294118,2014,"Escolaridade",38.5,"Taxas de atendimento escolar de crianças de 0 a 3 anos (%)"
3520426,"Ilha Comprida",46.2406015,2016,"Escolaridade",42.77,"Taxas de atendimento escolar de crianças de 0 a 3 anos (%)"
3520426,"Ilha Comprida",62.36363636,2018,"Escolaridade",47.19,"Taxas de atendimento escolar de crianças de 0 a 3 anos (%)"
3520426,"Ilha Comprida",57.21830986,2020,"Escolaridade",48.28,"Taxas de atendimento escolar de crianças de 0 a 3 anos (%)"
3520426,"Ilha Comprida",58.86402754,2022,"Escolaridade",48.85,"Taxas de atendimento escolar de crianças de 0 a 3 anos (%)"
3520426,"Ilha Comprida",62.31155779,2024,"Escolaridade",51.53,"Taxas de atendimento escolar de crianças de 0 a 3 anos (%)"
3520442,"Ilha Solteira",56.48574057,2014,"Escolaridade",38.5,"Taxas de atendimento escolar de crianças de 0 a 3 anos (%)"
3520442,"Ilha Solteira",63.17757009,2016,"Escolaridade",42.77,"Taxas de atendimento escolar de crianças de 0 a 3 anos (%)"
3520442,"Ilha Solteira",58.38095238,2018,"Escolaridade",47.19,"Taxas de atendimento escolar de crianças de 0 a 3 anos (%)"
3520442,"Ilha Solteira",59.6097561,2020,"Escolaridade",48.28,"Taxas de atendimento escolar de crianças de 0 a 3 anos (%)"
3520442,"Ilha Solteira",54.95951417,2022,"Escolaridade",48.85,"Taxas de atendimento escolar de crianças de 0 a 3 anos (%)"
3520442,"Ilha Solteira",51.82403433,2024,"Escolaridade",51.53,"Taxas de atendimento escolar de crianças de 0 a 3 anos (%)"
3520509,"Indaiatuba",54.81377372,2014,"Escolaridade",38.5,"Taxas de atendimento escolar de crianças de 0 a 3 anos (%)"
3520509,"Indaiatuba",60.63957476,2016,"Escolaridade",42.77,"Taxas de atendimento escolar de crianças de 0 a 3 anos (%)"
3520509,"Indaiatuba",65.61481736,2018,"Escolaridade",47.19,"Taxas de atendimento escolar de crianças de 0 a 3 anos (%)"
3520509,"Indaiatuba",62.72453803,2020,"Escolaridade",48.28,"Taxas de atendimento escolar de crianças de 0 a 3 anos (%)"
3520509,"Indaiatuba",66.20629371,2022,"Escolaridade",48.85,"Taxas de atendimento escolar de crianças de 0 a 3 anos (%)"
3520509,"Indaiatuba",70.9352518,2024,"Escolaridade",51.53,"Taxas de atendimento escolar de crianças de 0 a 3 anos (%)"
3520608,"Indiana",41.30434783,2014,"Escolaridade",38.5,"Taxas de atendimento escolar de crianças de 0 a 3 anos (%)"
3520608,"Indiana",55.02183406,2016,"Escolaridade",42.77,"Taxas de atendimento escolar de crianças de 0 a 3 anos (%)"
3520608,"Indiana",45.41284404,2018,"Escolaridade",47.19,"Taxas de atendimento escolar de crianças de 0 a 3 anos (%)"
3520608,"Indiana",46.15384615,2020,"Escolaridade",48.28,"Taxas de atendimento escolar de crianças de 0 a 3 anos (%)"
3520608,"Indiana",52.97029703,2022,"Escolaridade",48.85,"Taxas de atendimento escolar de crianças de 0 a 3 anos (%)"
3520608,"Indiana",57.21649485,2024,"Escolaridade",51.53,"Taxas de atendimento escolar de crianças de 0 a 3 anos (%)"
3520707,"Indiaporã",51.30890052,2014,"Escolaridade",38.5,"Taxas de atendimento escolar de crianças de 0 a 3 anos (%)"
3520707,"Indiaporã",37.56345178,2016,"Escolaridade",42.77,"Taxas de atendimento escolar de crianças de 0 a 3 anos (%)"
3520707,"Indiaporã",43.85026738,2018,"Escolaridade",47.19,"Taxas de atendimento escolar de crianças de 0 a 3 anos (%)"
3520707,"Indiaporã",41.37931034,2020,"Escolaridade",48.28,"Taxas de atendimento escolar de crianças de 0 a 3 anos (%)"
3520707,"Indiaporã",45.56213018,2022,"Escolaridade",48.85,"Taxas de atendimento escolar de crianças de 0 a 3 anos (%)"
3520707,"Indiaporã",51.2195122,2024,"Escolaridade",51.53,"Taxas de atendimento escolar de crianças de 0 a 3 anos (%)"
3520806,"Inúbia Paulista",25.55555556,2014,"Escolaridade",38.5,"Taxas de atendimento escolar de crianças de 0 a 3 anos (%)"
3520806,"Inúbia Paulista",24.72527473,2016,"Escolaridade",42.77,"Taxas de atendimento escolar de crianças de 0 a 3 anos (%)"
3520806,"Inúbia Paulista",26.92307692,2018,"Escolaridade",47.19,"Taxas de atendimento escolar de crianças de 0 a 3 anos (%)"
3520806,"Inúbia Paulista",31.14754098,2020,"Escolaridade",48.28,"Taxas de atendimento escolar de crianças de 0 a 3 anos (%)"
3520806,"Inúbia Paulista",29.44444444,2022,"Escolaridade",48.85,"Taxas de atendimento escolar de crianças de 0 a 3 anos (%)"
3520806,"Inúbia Paulista",38.63636364,2024,"Escolaridade",51.53,"Taxas de atendimento escolar de crianças de 0 a 3 anos (%)"
3520905,"Ipaussu",30.06802721,2014,"Escolaridade",38.5,"Taxas de atendimento escolar de crianças de 0 a 3 anos (%)"
3520905,"Ipaussu",31.76144244,2016,"Escolaridade",42.77,"Taxas de atendimento escolar de crianças de 0 a 3 anos (%)"
3520905,"Ipaussu",36.51226158,2018,"Escolaridade",47.19,"Taxas de atendimento escolar de crianças de 0 a 3 anos (%)"
3520905,"Ipaussu",38.49259758,2020,"Escolaridade",48.28,"Taxas de atendimento escolar de crianças de 0 a 3 anos (%)"
3520905,"Ipaussu",43.05177112,2022,"Escolaridade",48.85,"Taxas de atendimento escolar de crianças de 0 a 3 anos (%)"
3520905,"Ipaussu",46.16457462,2024,"Escolaridade",51.53,"Taxas de atendimento escolar de crianças de 0 a 3 anos (%)"
3521002,"Iperó",32.41723923,2014,"Escolaridade",38.5,"Taxas de atendimento escolar de crianças de 0 a 3 anos (%)"
3521002,"Iperó",63.50681537,2016,"Escolaridade",42.77,"Taxas de atendimento escolar de crianças de 0 a 3 anos (%)"
3521002,"Iperó",40.21289178,2018,"Escolaridade",47.19,"Taxas de atendimento escolar de crianças de 0 a 3 anos (%)"
3521002,"Iperó",33.69195923,2020,"Escolaridade",48.28,"Taxas de atendimento escolar de crianças de 0 a 3 anos (%)"
3521002,"Iperó",31.47208122,2022,"Escolaridade",48.85,"Taxas de atendimento escolar de crianças de 0 a 3 anos (%)"
3521002,"Iperó",42.19977553,2024,"Escolaridade",51.53,"Taxas de atendimento escolar de crianças de 0 a 3 anos (%)"
3521101,"Ipeúna",54.02298851,2014,"Escolaridade",38.5,"Taxas de atendimento escolar de crianças de 0 a 3 anos (%)"
3521101,"Ipeúna",61.83844011,2016,"Escolaridade",42.77,"Taxas de atendimento escolar de crianças de 0 a 3 anos (%)"
3521101,"Ipeúna",51.18733509,2018,"Escolaridade",47.19,"Taxas de atendimento escolar de crianças de 0 a 3 anos (%)"
3521101,"Ipeúna",53.11720698,2020,"Escolaridade",48.28,"Taxas de atendimento escolar de crianças de 0 a 3 anos (%)"
3521101,"Ipeúna",42.54278729,2022,"Escolaridade",48.85,"Taxas de atendimento escolar de crianças de 0 a 3 anos (%)"
3521101,"Ipeúna",44.54976303,2024,"Escolaridade",51.53,"Taxas de atendimento escolar de crianças de 0 a 3 anos (%)"
3521150,"Ipiguá",28.50678733,2014,"Escolaridade",38.5,"Taxas de atendimento escolar de crianças de 0 a 3 anos (%)"
3521150,"Ipiguá",54.8245614,2016,"Escolaridade",42.77,"Taxas de atendimento escolar de crianças de 0 a 3 anos (%)"
3521150,"Ipiguá",41.88034188,2018,"Escolaridade",47.19,"Taxas de atendimento escolar de crianças de 0 a 3 anos (%)"
3521150,"Ipiguá",41.52542373,2020,"Escolaridade",48.28,"Taxas de atendimento escolar de crianças de 0 a 3 anos (%)"
3521150,"Ipiguá",49.15254237,2022,"Escolaridade",48.85,"Taxas de atendimento escolar de crianças de 0 a 3 anos (%)"
3521150,"Ipiguá",49.36170213,2024,"Escolaridade",51.53,"Taxas de atendimento escolar de crianças de 0 a 3 anos (%)"
3521200,"Iporanga",1.858736059,2014,"Escolaridade",38.5,"Taxas de atendimento escolar de crianças de 0 a 3 anos (%)"
3521200,"Iporanga",13.60294118,2016,"Escolaridade",42.77,"Taxas de atendimento escolar de crianças de 0 a 3 anos (%)"
3521200,"Iporanga",24.46043165,2018,"Escolaridade",47.19,"Taxas de atendimento escolar de crianças de 0 a 3 anos (%)"
3521200,"Iporanga",15.3024911,2020,"Escolaridade",48.28,"Taxas de atendimento escolar de crianças de 0 a 3 anos (%)"
3521200,"Iporanga",17.43772242,2022,"Escolaridade",48.85,"Taxas de atendimento escolar de crianças de 0 a 3 anos (%)"
3521200,"Iporanga",18.68131868,2024,"Escolaridade",51.53,"Taxas de atendimento escolar de crianças de 0 a 3 anos (%)"
3521309,"Ipuã",45.17282479,2014,"Escolaridade",38.5,"Taxas de atendimento escolar de crianças de 0 a 3 anos (%)"
3521309,"Ipuã",45.38011696,2016,"Escolaridade",42.77,"Taxas de atendimento escolar de crianças de 0 a 3 anos (%)"
3521309,"Ipuã",47.23854289,2018,"Escolaridade",47.19,"Taxas de atendimento escolar de crianças de 0 a 3 anos (%)"
3521309,"Ipuã",48.52420307,2020,"Escolaridade",48.28,"Taxas de atendimento escolar de crianças de 0 a 3 anos (%)"
3521309,"Ipuã",44.78672986,2022,"Escolaridade",48.85,"Taxas de atendimento escolar de crianças de 0 a 3 anos (%)"
3521309,"Ipuã",47.25536993,2024,"Escolaridade",51.53,"Taxas de atendimento escolar de crianças de 0 a 3 anos (%)"
3521408,"Iracemápolis",37.55615454,2014,"Escolaridade",38.5,"Taxas de atendimento escolar de crianças de 0 a 3 anos (%)"
3521408,"Iracemápolis",48.45542807,2016,"Escolaridade",42.77,"Taxas de atendimento escolar de crianças de 0 a 3 anos (%)"
3521408,"Iracemápolis",57.38137083,2018,"Escolaridade",47.19,"Taxas de atendimento escolar de crianças de 0 a 3 anos (%)"
3521408,"Iracemápolis",50.52631579,2020,"Escolaridade",48.28,"Taxas de atendimento escolar de crianças de 0 a 3 anos (%)"
3521408,"Iracemápolis",53.38078292,2022,"Escolaridade",48.85,"Taxas de atendimento escolar de crianças de 0 a 3 anos (%)"
3521408,"Iracemápolis",55.34246575,2024,"Escolaridade",51.53,"Taxas de atendimento escolar de crianças de 0 a 3 anos (%)"
3521507,"Irapuã",41.59292035,2014,"Escolaridade",38.5,"Taxas de atendimento escolar de crianças de 0 a 3 anos (%)"
3521507,"Irapuã",45.70552147,2016,"Escolaridade",42.77,"Taxas de atendimento escolar de crianças de 0 a 3 anos (%)"
3521507,"Irapuã",50.45045045,2018,"Escolaridade",47.19,"Taxas de atendimento escolar de crianças de 0 a 3 anos (%)"
3521507,"Irapuã",35.69321534,2020,"Escolaridade",48.28,"Taxas de atendimento escolar de crianças de 0 a 3 anos (%)"
3521507,"Irapuã",36.82634731,2022,"Escolaridade",48.85,"Taxas de atendimento escolar de crianças de 0 a 3 anos (%)"
3521507,"Irapuã",48.92307692,2024,"Escolaridade",51.53,"Taxas de atendimento escolar de crianças de 0 a 3 anos (%)"
3521606,"Irapuru",39.2,2014,"Escolaridade",38.5,"Taxas de atendimento escolar de crianças de 0 a 3 anos (%)"
3521606,"Irapuru",41.66666667,2016,"Escolaridade",42.77,"Taxas de atendimento escolar de crianças de 0 a 3 anos (%)"
3521606,"Irapuru",34.17721519,2018,"Escolaridade",47.19,"Taxas de atendimento escolar de crianças de 0 a 3 anos (%)"
3521606,"Irapuru",40.77253219,2020,"Escolaridade",48.28,"Taxas de atendimento escolar de crianças de 0 a 3 anos (%)"
3521606,"Irapuru",41.15044248,2022,"Escolaridade",48.85,"Taxas de atendimento escolar de crianças de 0 a 3 anos (%)"
3521606,"Irapuru",48.34123223,2024,"Escolaridade",51.53,"Taxas de atendimento escolar de crianças de 0 a 3 anos (%)"
3521705,"Itaberá",34.1745531,2014,"Escolaridade",38.5,"Taxas de atendimento escolar de crianças de 0 a 3 anos (%)"
3521705,"Itaberá",46.42475987,2016,"Escolaridade",42.77,"Taxas de atendimento escolar de crianças de 0 a 3 anos (%)"
3521705,"Itaberá",45.67099567,2018,"Escolaridade",47.19,"Taxas de atendimento escolar de crianças de 0 a 3 anos (%)"
3521705,"Itaberá",43.01430143,2020,"Escolaridade",48.28,"Taxas de atendimento escolar de crianças de 0 a 3 anos (%)"
3521705,"Itaberá",43.84180791,2022,"Escolaridade",48.85,"Taxas de atendimento escolar de crianças de 0 a 3 anos (%)"
3521705,"Itaberá",72.79151943,2024,"Escolaridade",51.53,"Taxas de atendimento escolar de crianças de 0 a 3 anos (%)"
3521804,"Itaí",21.61383285,2014,"Escolaridade",38.5,"Taxas de atendimento escolar de crianças de 0 a 3 anos (%)"
3521804,"Itaí",24.17739628,2016,"Escolaridade",42.77,"Taxas de atendimento escolar de crianças de 0 a 3 anos (%)"
3521804,"Itaí",30.94393187,2018,"Escolaridade",47.19,"Taxas de atendimento escolar de crianças de 0 a 3 anos (%)"
3521804,"Itaí",31.03448276,2020,"Escolaridade",48.28,"Taxas de atendimento escolar de crianças de 0 a 3 anos (%)"
3521804,"Itaí",28.50070721,2022,"Escolaridade",48.85,"Taxas de atendimento escolar de crianças de 0 a 3 anos (%)"
3521804,"Itaí",39.92857143,2024,"Escolaridade",51.53,"Taxas de atendimento escolar de crianças de 0 a 3 anos (%)"
3521903,"Itajobi",47.82608696,2014,"Escolaridade",38.5,"Taxas de atendimento escolar de crianças de 0 a 3 anos (%)"
3521903,"Itajobi",53.35689046,2016,"Escolaridade",42.77,"Taxas de atendimento escolar de crianças de 0 a 3 anos (%)"
3521903,"Itajobi",61.74863388,2018,"Escolaridade",47.19,"Taxas de atendimento escolar de crianças de 0 a 3 anos (%)"
3521903,"Itajobi",64.40677966,2020,"Escolaridade",48.28,"Taxas de atendimento escolar de crianças de 0 a 3 anos (%)"
3521903,"Itajobi",70.56530214,2022,"Escolaridade",48.85,"Taxas de atendimento escolar de crianças de 0 a 3 anos (%)"
3521903,"Itajobi",82.51028807,2024,"Escolaridade",51.53,"Taxas de atendimento escolar de crianças de 0 a 3 anos (%)"
3522000,"Itaju",45.94594595,2014,"Escolaridade",38.5,"Taxas de atendimento escolar de crianças de 0 a 3 anos (%)"
3522000,"Itaju",54.05405405,2016,"Escolaridade",42.77,"Taxas de atendimento escolar de crianças de 0 a 3 anos (%)"
3522000,"Itaju",63.05732484,2018,"Escolaridade",47.19,"Taxas de atendimento escolar de crianças de 0 a 3 anos (%)"
3522000,"Itaju",51.2345679,2020,"Escolaridade",48.28,"Taxas de atendimento escolar de crianças de 0 a 3 anos (%)"
3522000,"Itaju",44.78527607,2022,"Escolaridade",48.85,"Taxas de atendimento escolar de crianças de 0 a 3 anos (%)"
3522000,"Itaju",68.51851852,2024,"Escolaridade",51.53,"Taxas de atendimento escolar de crianças de 0 a 3 anos (%)"
3522109,"Itanhaém",52.57564841,2014,"Escolaridade",38.5,"Taxas de atendimento escolar de crianças de 0 a 3 anos (%)"
3522109,"Itanhaém",47.95936241,2016,"Escolaridade",42.77,"Taxas de atendimento escolar de crianças de 0 a 3 anos (%)"
3522109,"Itanhaém",45.38303694,2018,"Escolaridade",47.19,"Taxas de atendimento escolar de crianças de 0 a 3 anos (%)"
3522109,"Itanhaém",42.87863591,2020,"Escolaridade",48.28,"Taxas de atendimento escolar de crianças de 0 a 3 anos (%)"
3522109,"Itanhaém",39.22025991,2022,"Escolaridade",48.85,"Taxas de atendimento escolar de crianças de 0 a 3 anos (%)"
3522109,"Itanhaém",44.02860945,2024,"Escolaridade",51.53,"Taxas de atendimento escolar de crianças de 0 a 3 anos (%)"
3522158,"Itaoca",28.31325301,2014,"Escolaridade",38.5,"Taxas de atendimento escolar de crianças de 0 a 3 anos (%)"
3522158,"Itaoca",37.7245509,2016,"Escolaridade",42.77,"Taxas de atendimento escolar de crianças de 0 a 3 anos (%)"
3522158,"Itaoca",42.10526316,2018,"Escolaridade",47.19,"Taxas de atendimento escolar de crianças de 0 a 3 anos (%)"
3522158,"Itaoca",34.52380952,2020,"Escolaridade",48.28,"Taxas de atendimento escolar de crianças de 0 a 3 anos (%)"
3522158,"Itaoca",41.66666667,2022,"Escolaridade",48.85,"Taxas de atendimento escolar de crianças de 0 a 3 anos (%)"
3522158,"Itaoca",45.39877301,2024,"Escolaridade",51.53,"Taxas de atendimento escolar de crianças de 0 a 3 anos (%)"
3522208,"Itapecerica da Serra",24.82915718,2014,"Escolaridade",38.5,"Taxas de atendimento escolar de crianças de 0 a 3 anos (%)"
3522208,"Itapecerica da Serra",30.52493929,2016,"Escolaridade",42.77,"Taxas de atendimento escolar de crianças de 0 a 3 anos (%)"
3522208,"Itapecerica da Serra",29.57383926,2018,"Escolaridade",47.19,"Taxas de atendimento escolar de crianças de 0 a 3 anos (%)"
3522208,"Itapecerica da Serra",29.30781997,2020,"Escolaridade",48.28,"Taxas de atendimento escolar de crianças de 0 a 3 anos (%)"
3522208,"Itapecerica da Serra",26.98396992,2022,"Escolaridade",48.85,"Taxas de atendimento escolar de crianças de 0 a 3 anos (%)"
3522208,"Itapecerica da Serra",27.73109244,2024,"Escolaridade",51.53,"Taxas de atendimento escolar de crianças de 0 a 3 anos (%)"
3522307,"Itapetininga",38.63908156,2014,"Escolaridade",38.5,"Taxas de atendimento escolar de crianças de 0 a 3 anos (%)"
3522307,"Itapetininga",42.58277365,2016,"Escolaridade",42.77,"Taxas de atendimento escolar de crianças de 0 a 3 anos (%)"
3522307,"Itapetininga",42.56597549,2018,"Escolaridade",47.19,"Taxas de atendimento escolar de crianças de 0 a 3 anos (%)"
3522307,"Itapetininga",43.13841075,2020,"Escolaridade",48.28,"Taxas de atendimento escolar de crianças de 0 a 3 anos (%)"
3522307,"Itapetininga",38.23529412,2022,"Escolaridade",48.85,"Taxas de atendimento escolar de crianças de 0 a 3 anos (%)"
3522307,"Itapetininga",40.59275258,2024,"Escolaridade",51.53,"Taxas de atendimento escolar de crianças de 0 a 3 anos (%)"
3522406,"Itapeva",43.93117636,2014,"Escolaridade",38.5,"Taxas de atendimento escolar de crianças de 0 a 3 anos (%)"
3522406,"Itapeva",46.6131741,2016,"Escolaridade",42.77,"Taxas de atendimento escolar de crianças de 0 a 3 anos (%)"
3522406,"Itapeva",48.118737,2018,"Escolaridade",47.19,"Taxas de atendimento escolar de crianças de 0 a 3 anos (%)"
3522406,"Itapeva",45.94127807,2020,"Escolaridade",48.28,"Taxas de atendimento escolar de crianças de 0 a 3 anos (%)"
3522406,"Itapeva",41.91290824,2022,"Escolaridade",48.85,"Taxas de atendimento escolar de crianças de 0 a 3 anos (%)"
3522406,"Itapeva",45.35692981,2024,"Escolaridade",51.53,"Taxas de atendimento escolar de crianças de 0 a 3 anos (%)"
3522505,"Itapevi",21.24872752,2014,"Escolaridade",38.5,"Taxas de atendimento escolar de crianças de 0 a 3 anos (%)"
3522505,"Itapevi",20.34177883,2016,"Escolaridade",42.77,"Taxas de atendimento escolar de crianças de 0 a 3 anos (%)"
3522505,"Itapevi",21.5582203,2018,"Escolaridade",47.19,"Taxas de atendimento escolar de crianças de 0 a 3 anos (%)"
3522505,"Itapevi",20.33378969,2020,"Escolaridade",48.28,"Taxas de atendimento escolar de crianças de 0 a 3 anos (%)"
3522505,"Itapevi",16.23892652,2022,"Escolaridade",48.85,"Taxas de atendimento escolar de crianças de 0 a 3 anos (%)"
3522505,"Itapevi",21.87703955,2024,"Escolaridade",51.53,"Taxas de atendimento escolar de crianças de 0 a 3 anos (%)"
3522604,"Itapira",44.38992476,2014,"Escolaridade",38.5,"Taxas de atendimento escolar de crianças de 0 a 3 anos (%)"
3522604,"Itapira",47.29817708,2016,"Escolaridade",42.77,"Taxas de atendimento escolar de crianças de 0 a 3 anos (%)"
3522604,"Itapira",53.72535917,2018,"Escolaridade",47.19,"Taxas de atendimento escolar de crianças de 0 a 3 anos (%)"
3522604,"Itapira",55.56318681,2020,"Escolaridade",48.28,"Taxas de atendimento escolar de crianças de 0 a 3 anos (%)"
3522604,"Itapira",55.00530598,2022,"Escolaridade",48.85,"Taxas de atendimento escolar de crianças de 0 a 3 anos (%)"
3522604,"Itapira",57.56115641,2024,"Escolaridade",51.53,"Taxas de atendimento escolar de crianças de 0 a 3 anos (%)"
3522653,"Itapirapuã Paulista",1.149425287,2014,"Escolaridade",38.5,"Taxas de atendimento escolar de crianças de 0 a 3 anos (%)"
3522653,"Itapirapuã Paulista",2.255639098,2016,"Escolaridade",42.77,"Taxas de atendimento escolar de crianças de 0 a 3 anos (%)"
3522653,"Itapirapuã Paulista",1.111111111,2018,"Escolaridade",47.19,"Taxas de atendimento escolar de crianças de 0 a 3 anos (%)"
3522653,"Itapirapuã Paulista",25.73529412,2020,"Escolaridade",48.28,"Taxas de atendimento escolar de crianças de 0 a 3 anos (%)"
3522653,"Itapirapuã Paulista",24.63768116,2022,"Escolaridade",48.85,"Taxas de atendimento escolar de crianças de 0 a 3 anos (%)"
3522653,"Itapirapuã Paulista",27.37226277,2024,"Escolaridade",51.53,"Taxas de atendimento escolar de crianças de 0 a 3 anos (%)"
3522703,"Itápolis",47.14125561,2014,"Escolaridade",38.5,"Taxas de atendimento escolar de crianças de 0 a 3 anos (%)"
3522703,"Itápolis",48.20828667,2016,"Escolaridade",42.77,"Taxas de atendimento escolar de crianças de 0 a 3 anos (%)"
3522703,"Itápolis",45.32047646,2018,"Escolaridade",47.19,"Taxas de atendimento escolar de crianças de 0 a 3 anos (%)"
3522703,"Itápolis",50.20126509,2020,"Escolaridade",48.28,"Taxas de atendimento escolar de crianças de 0 a 3 anos (%)"
3522703,"Itápolis",51.55607751,2022,"Escolaridade",48.85,"Taxas de atendimento escolar de crianças de 0 a 3 anos (%)"
3522703,"Itápolis",52.91616039,2024,"Escolaridade",51.53,"Taxas de atendimento escolar de crianças de 0 a 3 anos (%)"
3522802,"Itaporanga",41.6969697,2014,"Escolaridade",38.5,"Taxas de atendimento escolar de crianças de 0 a 3 anos (%)"
3522802,"Itaporanga",36.06356968,2016,"Escolaridade",42.77,"Taxas de atendimento escolar de crianças de 0 a 3 anos (%)"
3522802,"Itaporanga",42.32673267,2018,"Escolaridade",47.19,"Taxas de atendimento escolar de crianças de 0 a 3 anos (%)"
3522802,"Itaporanga",39.1959799,2020,"Escolaridade",48.28,"Taxas de atendimento escolar de crianças de 0 a 3 anos (%)"
3522802,"Itaporanga",37.4841169,2022,"Escolaridade",48.85,"Taxas de atendimento escolar de crianças de 0 a 3 anos (%)"
3522802,"Itaporanga",38.49154746,2024,"Escolaridade",51.53,"Taxas de atendimento escolar de crianças de 0 a 3 anos (%)"
3522901,"Itapuí",61.23680241,2014,"Escolaridade",38.5,"Taxas de atendimento escolar de crianças de 0 a 3 anos (%)"
3522901,"Itapuí",57.38203957,2016,"Escolaridade",42.77,"Taxas de atendimento escolar de crianças de 0 a 3 anos (%)"
3522901,"Itapuí",66.56848306,2018,"Escolaridade",47.19,"Taxas de atendimento escolar de crianças de 0 a 3 anos (%)"
3522901,"Itapuí",58.78962536,2020,"Escolaridade",48.28,"Taxas de atendimento escolar de crianças de 0 a 3 anos (%)"
3522901,"Itapuí",68.50507983,2022,"Escolaridade",48.85,"Taxas de atendimento escolar de crianças de 0 a 3 anos (%)"
3522901,"Itapuí",81.09305761,2024,"Escolaridade",51.53,"Taxas de atendimento escolar de crianças de 0 a 3 anos (%)"
3523008,"Itapura",56.80751174,2014,"Escolaridade",38.5,"Taxas de atendimento escolar de crianças de 0 a 3 anos (%)"
3523008,"Itapura",47.6635514,2016,"Escolaridade",42.77,"Taxas de atendimento escolar de crianças de 0 a 3 anos (%)"
3523008,"Itapura",42.72727273,2018,"Escolaridade",47.19,"Taxas de atendimento escolar de crianças de 0 a 3 anos (%)"
3523008,"Itapura",49.12280702,2020,"Escolaridade",48.28,"Taxas de atendimento escolar de crianças de 0 a 3 anos (%)"
3523008,"Itapura",45.37444934,2022,"Escolaridade",48.85,"Taxas de atendimento escolar de crianças de 0 a 3 anos (%)"
3523008,"Itapura",43.42105263,2024,"Escolaridade",51.53,"Taxas de atendimento escolar de crianças de 0 a 3 anos (%)"
3523107,"Itaquaquecetuba",16.276958,2014,"Escolaridade",38.5,"Taxas de atendimento escolar de crianças de 0 a 3 anos (%)"
3523107,"Itaquaquecetuba",20.75015666,2016,"Escolaridade",42.77,"Taxas de atendimento escolar de crianças de 0 a 3 anos (%)"
3523107,"Itaquaquecetuba",26.76555236,2018,"Escolaridade",47.19,"Taxas de atendimento escolar de crianças de 0 a 3 anos (%)"
3523107,"Itaquaquecetuba",27.40838271,2020,"Escolaridade",48.28,"Taxas de atendimento escolar de crianças de 0 a 3 anos (%)"
3523107,"Itaquaquecetuba",33.50796865,2022,"Escolaridade",48.85,"Taxas de atendimento escolar de crianças de 0 a 3 anos (%)"
3523107,"Itaquaquecetuba",36.77900626,2024,"Escolaridade",51.53,"Taxas de atendimento escolar de crianças de 0 a 3 anos (%)"
3523206,"Itararé",26.5411591,2014,"Escolaridade",38.5,"Taxas de atendimento escolar de crianças de 0 a 3 anos (%)"
3523206,"Itararé",31.03575378,2016,"Escolaridade",42.77,"Taxas de atendimento escolar de crianças de 0 a 3 anos (%)"
3523206,"Itararé",32.10014948,2018,"Escolaridade",47.19,"Taxas de atendimento escolar de crianças de 0 a 3 anos (%)"
3523206,"Itararé",30.98484848,2020,"Escolaridade",48.28,"Taxas de atendimento escolar de crianças de 0 a 3 anos (%)"
3523206,"Itararé",37.04274162,2022,"Escolaridade",48.85,"Taxas de atendimento escolar de crianças de 0 a 3 anos (%)"
3523206,"Itararé",40.18987342,2024,"Escolaridade",51.53,"Taxas de atendimento escolar de crianças de 0 a 3 anos (%)"
3523305,"Itariri",24.33371958,2014,"Escolaridade",38.5,"Taxas de atendimento escolar de crianças de 0 a 3 anos (%)"
3523305,"Itariri",26.15384615,2016,"Escolaridade",42.77,"Taxas de atendimento escolar de crianças de 0 a 3 anos (%)"
3523305,"Itariri",23.95143488,2018,"Escolaridade",47.19,"Taxas de atendimento escolar de crianças de 0 a 3 anos (%)"
3523305,"Itariri",22.406639,2020,"Escolaridade",48.28,"Taxas de atendimento escolar de crianças de 0 a 3 anos (%)"
3523305,"Itariri",17.08074534,2022,"Escolaridade",48.85,"Taxas de atendimento escolar de crianças de 0 a 3 anos (%)"
3523305,"Itariri",19.67044284,2024,"Escolaridade",51.53,"Taxas de atendimento escolar de crianças de 0 a 3 anos (%)"
3523404,"Itatiba",48.80777696,2014,"Escolaridade",38.5,"Taxas de atendimento escolar de crianças de 0 a 3 anos (%)"
3523404,"Itatiba",51.57649588,2016,"Escolaridade",42.77,"Taxas de atendimento escolar de crianças de 0 a 3 anos (%)"
3523404,"Itatiba",53.88218339,2018,"Escolaridade",47.19,"Taxas de atendimento escolar de crianças de 0 a 3 anos (%)"
3523404,"Itatiba",53.61030479,2020,"Escolaridade",48.28,"Taxas de atendimento escolar de crianças de 0 a 3 anos (%)"
3523404,"Itatiba",47.00823422,2022,"Escolaridade",48.85,"Taxas de atendimento escolar de crianças de 0 a 3 anos (%)"
3523404,"Itatiba",54.48801338,2024,"Escolaridade",51.53,"Taxas de atendimento escolar de crianças de 0 a 3 anos (%)"
3523503,"Itatinga",28.99921198,2014,"Escolaridade",38.5,"Taxas de atendimento escolar de crianças de 0 a 3 anos (%)"
3523503,"Itatinga",30.13168087,2016,"Escolaridade",42.77,"Taxas de atendimento escolar de crianças de 0 a 3 anos (%)"
3523503,"Itatinga",26.06013878,2018,"Escolaridade",47.19,"Taxas de atendimento escolar de crianças de 0 a 3 anos (%)"
3523503,"Itatinga",30.13066872,2020,"Escolaridade",48.28,"Taxas de atendimento escolar de crianças de 0 a 3 anos (%)"
3523503,"Itatinga",26.87838885,2022,"Escolaridade",48.85,"Taxas de atendimento escolar de crianças de 0 a 3 anos (%)"
3523503,"Itatinga",32.36220472,2024,"Escolaridade",51.53,"Taxas de atendimento escolar de crianças de 0 a 3 anos (%)"
3523602,"Itirapina",39.24221922,2014,"Escolaridade",38.5,"Taxas de atendimento escolar de crianças de 0 a 3 anos (%)"
3523602,"Itirapina",38.74833555,2016,"Escolaridade",42.77,"Taxas de atendimento escolar de crianças de 0 a 3 anos (%)"
3523602,"Itirapina",33.15858453,2018,"Escolaridade",47.19,"Taxas de atendimento escolar de crianças de 0 a 3 anos (%)"
3523602,"Itirapina",41.52652005,2020,"Escolaridade",48.28,"Taxas de atendimento escolar de crianças de 0 a 3 anos (%)"
3523602,"Itirapina",37.13910761,2022,"Escolaridade",48.85,"Taxas de atendimento escolar de crianças de 0 a 3 anos (%)"
3523602,"Itirapina",41.04278075,2024,"Escolaridade",51.53,"Taxas de atendimento escolar de crianças de 0 a 3 anos (%)"
3523701,"Itirapuã",52.71565495,2014,"Escolaridade",38.5,"Taxas de atendimento escolar de crianças de 0 a 3 anos (%)"
3523701,"Itirapuã",57.18954248,2016,"Escolaridade",42.77,"Taxas de atendimento escolar de crianças de 0 a 3 anos (%)"
3523701,"Itirapuã",39.22829582,2018,"Escolaridade",47.19,"Taxas de atendimento escolar de crianças de 0 a 3 anos (%)"
3523701,"Itirapuã",34.70031546,2020,"Escolaridade",48.28,"Taxas de atendimento escolar de crianças de 0 a 3 anos (%)"
3523701,"Itirapuã",45.07936508,2022,"Escolaridade",48.85,"Taxas de atendimento escolar de crianças de 0 a 3 anos (%)"
3523701,"Itirapuã",48.71794872,2024,"Escolaridade",51.53,"Taxas de atendimento escolar de crianças de 0 a 3 anos (%)"
3523800,"Itobi",20.46783626,2014,"Escolaridade",38.5,"Taxas de atendimento escolar de crianças de 0 a 3 anos (%)"
3523800,"Itobi",20.65868263,2016,"Escolaridade",42.77,"Taxas de atendimento escolar de crianças de 0 a 3 anos (%)"
3523800,"Itobi",24.47129909,2018,"Escolaridade",47.19,"Taxas de atendimento escolar de crianças de 0 a 3 anos (%)"
3523800,"Itobi",36.66666667,2020,"Escolaridade",48.28,"Taxas de atendimento escolar de crianças de 0 a 3 anos (%)"
3523800,"Itobi",42.00626959,2022,"Escolaridade",48.85,"Taxas de atendimento escolar de crianças de 0 a 3 anos (%)"
3523800,"Itobi",57.80730897,2024,"Escolaridade",51.53,"Taxas de atendimento escolar de crianças de 0 a 3 anos (%)"
3523909,"Itu",30.05735716,2014,"Escolaridade",38.5,"Taxas de atendimento escolar de crianças de 0 a 3 anos (%)"
3523909,"Itu",32.98946683,2016,"Escolaridade",42.77,"Taxas de atendimento escolar de crianças de 0 a 3 anos (%)"
3523909,"Itu",39.23307104,2018,"Escolaridade",47.19,"Taxas de atendimento escolar de crianças de 0 a 3 anos (%)"
3523909,"Itu",40.99829836,2020,"Escolaridade",48.28,"Taxas de atendimento escolar de crianças de 0 a 3 anos (%)"
3523909,"Itu",44.23166202,2022,"Escolaridade",48.85,"Taxas de atendimento escolar de crianças de 0 a 3 anos (%)"
3523909,"Itu",48.06975346,2024,"Escolaridade",51.53,"Taxas de atendimento escolar de crianças de 0 a 3 anos (%)"
3524006,"Itupeva",34.38495857,2014,"Escolaridade",38.5,"Taxas de atendimento escolar de crianças de 0 a 3 anos (%)"
3524006,"Itupeva",35.03828484,2016,"Escolaridade",42.77,"Taxas de atendimento escolar de crianças de 0 a 3 anos (%)"
3524006,"Itupeva",41.43546441,2018,"Escolaridade",47.19,"Taxas de atendimento escolar de crianças de 0 a 3 anos (%)"
3524006,"Itupeva",42.95062463,2020,"Escolaridade",48.28,"Taxas de atendimento escolar de crianças de 0 a 3 anos (%)"
3524006,"Itupeva",53.21533923,2022,"Escolaridade",48.85,"Taxas de atendimento escolar de crianças de 0 a 3 anos (%)"
3524006,"Itupeva",51.33079848,2024,"Escolaridade",51.53,"Taxas de atendimento escolar de crianças de 0 a 3 anos (%)"
3524105,"Ituverava",44.95841996,2014,"Escolaridade",38.5,"Taxas de atendimento escolar de crianças de 0 a 3 anos (%)"
3524105,"Ituverava",42.8348098,2016,"Escolaridade",42.77,"Taxas de atendimento escolar de crianças de 0 a 3 anos (%)"
3524105,"Ituverava",50.37473233,2018,"Escolaridade",47.19,"Taxas de atendimento escolar de crianças de 0 a 3 anos (%)"
3524105,"Ituverava",55.41436464,2020,"Escolaridade",48.28,"Taxas de atendimento escolar de crianças de 0 a 3 anos (%)"
3524105,"Ituverava",48.09767178,2022,"Escolaridade",48.85,"Taxas de atendimento escolar de crianças de 0 a 3 anos (%)"
3524105,"Ituverava",53.29376855,2024,"Escolaridade",51.53,"Taxas de atendimento escolar de crianças de 0 a 3 anos (%)"
3524204,"Jaborandi",54.65116279,2014,"Escolaridade",38.5,"Taxas de atendimento escolar de crianças de 0 a 3 anos (%)"
3524204,"Jaborandi",44.89795918,2016,"Escolaridade",42.77,"Taxas de atendimento escolar de crianças de 0 a 3 anos (%)"
3524204,"Jaborandi",49.25373134,2018,"Escolaridade",47.19,"Taxas de atendimento escolar de crianças de 0 a 3 anos (%)"
3524204,"Jaborandi",51.69230769,2020,"Escolaridade",48.28,"Taxas de atendimento escolar de crianças de 0 a 3 anos (%)"
3524204,"Jaborandi",57.96178344,2022,"Escolaridade",48.85,"Taxas de atendimento escolar de crianças de 0 a 3 anos (%)"
3524204,"Jaborandi",48.82154882,2024,"Escolaridade",51.53,"Taxas de atendimento escolar de crianças de 0 a 3 anos (%)"
3524303,"Jaboticabal",40.1007706,2014,"Escolaridade",38.5,"Taxas de atendimento escolar de crianças de 0 a 3 anos (%)"
3524303,"Jaboticabal",42.40978228,2016,"Escolaridade",42.77,"Taxas de atendimento escolar de crianças de 0 a 3 anos (%)"
3524303,"Jaboticabal",51.88504326,2018,"Escolaridade",47.19,"Taxas de atendimento escolar de crianças de 0 a 3 anos (%)"
3524303,"Jaboticabal",49.24703621,2020,"Escolaridade",48.28,"Taxas de atendimento escolar de crianças de 0 a 3 anos (%)"
3524303,"Jaboticabal",48.1408358,2022,"Escolaridade",48.85,"Taxas de atendimento escolar de crianças de 0 a 3 anos (%)"
3524303,"Jaboticabal",55.56318681,2024,"Escolaridade",51.53,"Taxas de atendimento escolar de crianças de 0 a 3 anos (%)"
3524402,"Jacareí",31.82583594,2014,"Escolaridade",38.5,"Taxas de atendimento escolar de crianças de 0 a 3 anos (%)"
3524402,"Jacareí",34.62762572,2016,"Escolaridade",42.77,"Taxas de atendimento escolar de crianças de 0 a 3 anos (%)"
3524402,"Jacareí",38.6800197,2018,"Escolaridade",47.19,"Taxas de atendimento escolar de crianças de 0 a 3 anos (%)"
3524402,"Jacareí",41.54499151,2020,"Escolaridade",48.28,"Taxas de atendimento escolar de crianças de 0 a 3 anos (%)"
3524402,"Jacareí",42.22145269,2022,"Escolaridade",48.85,"Taxas de atendimento escolar de crianças de 0 a 3 anos (%)"
3524402,"Jacareí",45.10452028,2024,"Escolaridade",51.53,"Taxas de atendimento escolar de crianças de 0 a 3 anos (%)"
3524501,"Jaci",36.67820069,2014,"Escolaridade",38.5,"Taxas de atendimento escolar de crianças de 0 a 3 anos (%)"
3524501,"Jaci",46.28378378,2016,"Escolaridade",42.77,"Taxas de atendimento escolar de crianças de 0 a 3 anos (%)"
3524501,"Jaci",63.15789474,2018,"Escolaridade",47.19,"Taxas de atendimento escolar de crianças de 0 a 3 anos (%)"
3524501,"Jaci",60.50955414,2020,"Escolaridade",48.28,"Taxas de atendimento escolar de crianças de 0 a 3 anos (%)"
3524501,"Jaci",71.15384615,2022,"Escolaridade",48.85,"Taxas de atendimento escolar de crianças de 0 a 3 anos (%)"
3524501,"Jaci",69.35483871,2024,"Escolaridade",51.53,"Taxas de atendimento escolar de crianças de 0 a 3 anos (%)"
3524600,"Jacupiranga",25.47368421,2014,"Escolaridade",38.5,"Taxas de atendimento escolar de crianças de 0 a 3 anos (%)"
3524600,"Jacupiranga",27.41061755,2016,"Escolaridade",42.77,"Taxas de atendimento escolar de crianças de 0 a 3 anos (%)"
3524600,"Jacupiranga",29.75295381,2018,"Escolaridade",47.19,"Taxas de atendimento escolar de crianças de 0 a 3 anos (%)"
3524600,"Jacupiranga",27.51605996,2020,"Escolaridade",48.28,"Taxas de atendimento escolar de crianças de 0 a 3 anos (%)"
3524600,"Jacupiranga",22.92576419,2022,"Escolaridade",48.85,"Taxas de atendimento escolar de crianças de 0 a 3 anos (%)"
3524600,"Jacupiranga",24.97187852,2024,"Escolaridade",51.53,"Taxas de atendimento escolar de crianças de 0 a 3 anos (%)"
3524709,"Jaguariúna",42.55780347,2014,"Escolaridade",38.5,"Taxas de atendimento escolar de crianças de 0 a 3 anos (%)"
3524709,"Jaguariúna",46.85872961,2016,"Escolaridade",42.77,"Taxas de atendimento escolar de crianças de 0 a 3 anos (%)"
3524709,"Jaguariúna",52.46527778,2018,"Escolaridade",47.19,"Taxas de atendimento escolar de crianças de 0 a 3 anos (%)"
3524709,"Jaguariúna",55.06439262,2020,"Escolaridade",48.28,"Taxas de atendimento escolar de crianças de 0 a 3 anos (%)"
3524709,"Jaguariúna",57.04721635,2022,"Escolaridade",48.85,"Taxas de atendimento escolar de crianças de 0 a 3 anos (%)"
3524709,"Jaguariúna",59.76224784,2024,"Escolaridade",51.53,"Taxas de atendimento escolar de crianças de 0 a 3 anos (%)"
3524808,"Jales",44.92385787,2014,"Escolaridade",38.5,"Taxas de atendimento escolar de crianças de 0 a 3 anos (%)"
3524808,"Jales",55.17598344,2016,"Escolaridade",42.77,"Taxas de atendimento escolar de crianças de 0 a 3 anos (%)"
3524808,"Jales",65.8993576,2018,"Escolaridade",47.19,"Taxas de atendimento escolar de crianças de 0 a 3 anos (%)"
3524808,"Jales",64.87236404,2020,"Escolaridade",48.28,"Taxas de atendimento escolar de crianças de 0 a 3 anos (%)"
3524808,"Jales",65.55299539,2022,"Escolaridade",48.85,"Taxas de atendimento escolar de crianças de 0 a 3 anos (%)"
3524808,"Jales",64.3902439,2024,"Escolaridade",51.53,"Taxas de atendimento escolar de crianças de 0 a 3 anos (%)"
3524907,"Jambeiro",40.93959732,2014,"Escolaridade",38.5,"Taxas de atendimento escolar de crianças de 0 a 3 anos (%)"
3524907,"Jambeiro",36.03896104,2016,"Escolaridade",42.77,"Taxas de atendimento escolar de crianças de 0 a 3 anos (%)"
3524907,"Jambeiro",35.46325879,2018,"Escolaridade",47.19,"Taxas de atendimento escolar de crianças de 0 a 3 anos (%)"
3524907,"Jambeiro",24.53416149,2020,"Escolaridade",48.28,"Taxas de atendimento escolar de crianças de 0 a 3 anos (%)"
3524907,"Jambeiro",33.75,2022,"Escolaridade",48.85,"Taxas de atendimento escolar de crianças de 0 a 3 anos (%)"
3524907,"Jambeiro",42.67912773,2024,"Escolaridade",51.53,"Taxas de atendimento escolar de crianças de 0 a 3 anos (%)"
3525003,"Jandira",32.75276753,2014,"Escolaridade",38.5,"Taxas de atendimento escolar de crianças de 0 a 3 anos (%)"
3525003,"Jandira",41.51082315,2016,"Escolaridade",42.77,"Taxas de atendimento escolar de crianças de 0 a 3 anos (%)"
3525003,"Jandira",42.33210332,2018,"Escolaridade",47.19,"Taxas de atendimento escolar de crianças de 0 a 3 anos (%)"
3525003,"Jandira",44.46092244,2020,"Escolaridade",48.28,"Taxas de atendimento escolar de crianças de 0 a 3 anos (%)"
3525003,"Jandira",42.6618597,2022,"Escolaridade",48.85,"Taxas de atendimento escolar de crianças de 0 a 3 anos (%)"
3525003,"Jandira",43.71349524,2024,"Escolaridade",51.53,"Taxas de atendimento escolar de crianças de 0 a 3 anos (%)"
3525102,"Jardinópolis",52.58171483,2014,"Escolaridade",38.5,"Taxas de atendimento escolar de crianças de 0 a 3 anos (%)"
3525102,"Jardinópolis",58.74291115,2016,"Escolaridade",42.77,"Taxas de atendimento escolar de crianças de 0 a 3 anos (%)"
3525102,"Jardinópolis",53.98517146,2018,"Escolaridade",47.19,"Taxas de atendimento escolar de crianças de 0 a 3 anos (%)"
3525102,"Jardinópolis",51.2295082,2020,"Escolaridade",48.28,"Taxas de atendimento escolar de crianças de 0 a 3 anos (%)"
3525102,"Jardinópolis",51.35882082,2022,"Escolaridade",48.85,"Taxas de atendimento escolar de crianças de 0 a 3 anos (%)"
3525102,"Jardinópolis",50.63410052,2024,"Escolaridade",51.53,"Taxas de atendimento escolar de crianças de 0 a 3 anos (%)"
3525201,"Jarinu",42.6121372,2014,"Escolaridade",38.5,"Taxas de atendimento escolar de crianças de 0 a 3 anos (%)"
3525201,"Jarinu",46.92211055,2016,"Escolaridade",42.77,"Taxas de atendimento escolar de crianças de 0 a 3 anos (%)"
3525201,"Jarinu",50.09163103,2018,"Escolaridade",47.19,"Taxas de atendimento escolar de crianças de 0 a 3 anos (%)"
3525201,"Jarinu",50.62388592,2020,"Escolaridade",48.28,"Taxas de atendimento escolar de crianças de 0 a 3 anos (%)"
3525201,"Jarinu",44.47058824,2022,"Escolaridade",48.85,"Taxas de atendimento escolar de crianças de 0 a 3 anos (%)"
3525201,"Jarinu",50.55072464,2024,"Escolaridade",51.53,"Taxas de atendimento escolar de crianças de 0 a 3 anos (%)"
3525300,"Jaú",31.91395961,2014,"Escolaridade",38.5,"Taxas de atendimento escolar de crianças de 0 a 3 anos (%)"
3525300,"Jaú",33.53171723,2016,"Escolaridade",42.77,"Taxas de atendimento escolar de crianças de 0 a 3 anos (%)"
3525300,"Jaú",33.2117853,2018,"Escolaridade",47.19,"Taxas de atendimento escolar de crianças de 0 a 3 anos (%)"
3525300,"Jaú",30.53883424,2020,"Escolaridade",48.28,"Taxas de atendimento escolar de crianças de 0 a 3 anos (%)"
3525300,"Jaú",33.74645364,2022,"Escolaridade",48.85,"Taxas de atendimento escolar de crianças de 0 a 3 anos (%)"
3525300,"Jaú",40.00614534,2024,"Escolaridade",51.53,"Taxas de atendimento escolar de crianças de 0 a 3 anos (%)"
3525409,"Jeriquara",54.81927711,2014,"Escolaridade",38.5,"Taxas de atendimento escolar de crianças de 0 a 3 anos (%)"
3525409,"Jeriquara",54.08805031,2016,"Escolaridade",42.77,"Taxas de atendimento escolar de crianças de 0 a 3 anos (%)"
3525409,"Jeriquara",66.66666667,2018,"Escolaridade",47.19,"Taxas de atendimento escolar de crianças de 0 a 3 anos (%)"
3525409,"Jeriquara",67.30769231,2020,"Escolaridade",48.28,"Taxas de atendimento escolar de crianças de 0 a 3 anos (%)"
3525409,"Jeriquara",54.66666667,2022,"Escolaridade",48.85,"Taxas de atendimento escolar de crianças de 0 a 3 anos (%)"
3525409,"Jeriquara",66.20689655,2024,"Escolaridade",51.53,"Taxas de atendimento escolar de crianças de 0 a 3 anos (%)"
3525508,"Joanópolis",45.95524957,2014,"Escolaridade",38.5,"Taxas de atendimento escolar de crianças de 0 a 3 anos (%)"
3525508,"Joanópolis",46.55172414,2016,"Escolaridade",42.77,"Taxas de atendimento escolar de crianças de 0 a 3 anos (%)"
3525508,"Joanópolis",38.7434555,2018,"Escolaridade",47.19,"Taxas de atendimento escolar de crianças de 0 a 3 anos (%)"
3525508,"Joanópolis",48.32451499,2020,"Escolaridade",48.28,"Taxas de atendimento escolar de crianças de 0 a 3 anos (%)"
3525508,"Joanópolis",50.45045045,2022,"Escolaridade",48.85,"Taxas de atendimento escolar de crianças de 0 a 3 anos (%)"
3525508,"Joanópolis",51.12359551,2024,"Escolaridade",51.53,"Taxas de atendimento escolar de crianças de 0 a 3 anos (%)"
3525607,"João Ramalho",41.33333333,2014,"Escolaridade",38.5,"Taxas de atendimento escolar de crianças de 0 a 3 anos (%)"
3525607,"João Ramalho",40.09009009,2016,"Escolaridade",42.77,"Taxas de atendimento escolar de crianças de 0 a 3 anos (%)"
3525607,"João Ramalho",53.39366516,2018,"Escolaridade",47.19,"Taxas de atendimento escolar de crianças de 0 a 3 anos (%)"
3525607,"João Ramalho",49.0990991,2020,"Escolaridade",48.28,"Taxas de atendimento escolar de crianças de 0 a 3 anos (%)"
3525607,"João Ramalho",46.75925926,2022,"Escolaridade",48.85,"Taxas de atendimento escolar de crianças de 0 a 3 anos (%)"
3525607,"João Ramalho",53.14009662,2024,"Escolaridade",51.53,"Taxas de atendimento escolar de crianças de 0 a 3 anos (%)"
3525706,"José Bonifácio",36.36363636,2014,"Escolaridade",38.5,"Taxas de atendimento escolar de crianças de 0 a 3 anos (%)"
3525706,"José Bonifácio",36.10280932,2016,"Escolaridade",42.77,"Taxas de atendimento escolar de crianças de 0 a 3 anos (%)"
3525706,"José Bonifácio",42.57366206,2018,"Escolaridade",47.19,"Taxas de atendimento escolar de crianças de 0 a 3 anos (%)"
3525706,"José Bonifácio",41.94915254,2020,"Escolaridade",48.28,"Taxas de atendimento escolar de crianças de 0 a 3 anos (%)"
3525706,"José Bonifácio",48.3672212,2022,"Escolaridade",48.85,"Taxas de atendimento escolar de crianças de 0 a 3 anos (%)"
3525706,"José Bonifácio",55.59772296,2024,"Escolaridade",51.53,"Taxas de atendimento escolar de crianças de 0 a 3 anos (%)"
3525805,"Júlio Mesquita",29.79591837,2014,"Escolaridade",38.5,"Taxas de atendimento escolar de crianças de 0 a 3 anos (%)"
3525805,"Júlio Mesquita",34.63035019,2016,"Escolaridade",42.77,"Taxas de atendimento escolar de crianças de 0 a 3 anos (%)"
3525805,"Júlio Mesquita",36.8627451,2018,"Escolaridade",47.19,"Taxas de atendimento escolar de crianças de 0 a 3 anos (%)"
3525805,"Júlio Mesquita",29.88047809,2020,"Escolaridade",48.28,"Taxas de atendimento escolar de crianças de 0 a 3 anos (%)"
3525805,"Júlio Mesquita",33.46613546,2022,"Escolaridade",48.85,"Taxas de atendimento escolar de crianças de 0 a 3 anos (%)"
3525805,"Júlio Mesquita",44.71544715,2024,"Escolaridade",51.53,"Taxas de atendimento escolar de crianças de 0 a 3 anos (%)"
3525854,"Jumirim",66.43356643,2014,"Escolaridade",38.5,"Taxas de atendimento escolar de crianças de 0 a 3 anos (%)"
3525854,"Jumirim",54.72972973,2016,"Escolaridade",42.77,"Taxas de atendimento escolar de crianças de 0 a 3 anos (%)"
3525854,"Jumirim",53.64238411,2018,"Escolaridade",47.19,"Taxas de atendimento escolar de crianças de 0 a 3 anos (%)"
3525854,"Jumirim",55.55555556,2020,"Escolaridade",48.28,"Taxas de atendimento escolar de crianças de 0 a 3 anos (%)"
3525854,"Jumirim",53.94736842,2022,"Escolaridade",48.85,"Taxas de atendimento escolar de crianças de 0 a 3 anos (%)"
3525854,"Jumirim",62.91390728,2024,"Escolaridade",51.53,"Taxas de atendimento escolar de crianças de 0 a 3 anos (%)"
3525904,"Jundiaí",42.63831503,2014,"Escolaridade",38.5,"Taxas de atendimento escolar de crianças de 0 a 3 anos (%)"
3525904,"Jundiaí",42.20261242,2016,"Escolaridade",42.77,"Taxas de atendimento escolar de crianças de 0 a 3 anos (%)"
3525904,"Jundiaí",46.2785176,2018,"Escolaridade",47.19,"Taxas de atendimento escolar de crianças de 0 a 3 anos (%)"
3525904,"Jundiaí",44.08233276,2020,"Escolaridade",48.28,"Taxas de atendimento escolar de crianças de 0 a 3 anos (%)"
3525904,"Jundiaí",49.15625685,2022,"Escolaridade",48.85,"Taxas de atendimento escolar de crianças de 0 a 3 anos (%)"
3525904,"Jundiaí",55.9142225,2024,"Escolaridade",51.53,"Taxas de atendimento escolar de crianças de 0 a 3 anos (%)"
3526001,"Junqueirópolis",60.04672897,2014,"Escolaridade",38.5,"Taxas de atendimento escolar de crianças de 0 a 3 anos (%)"
3526001,"Junqueirópolis",61.91024166,2016,"Escolaridade",42.77,"Taxas de atendimento escolar de crianças de 0 a 3 anos (%)"
3526001,"Junqueirópolis",64.67203682,2018,"Escolaridade",47.19,"Taxas de atendimento escolar de crianças de 0 a 3 anos (%)"
3526001,"Junqueirópolis",66.89655172,2020,"Escolaridade",48.28,"Taxas de atendimento escolar de crianças de 0 a 3 anos (%)"
3526001,"Junqueirópolis",59.39675174,2022,"Escolaridade",48.85,"Taxas de atendimento escolar de crianças de 0 a 3 anos (%)"
3526001,"Junqueirópolis",64.41281139,2024,"Escolaridade",51.53,"Taxas de atendimento escolar de crianças de 0 a 3 anos (%)"
3526100,"Juquiá",16.88191882,2014,"Escolaridade",38.5,"Taxas de atendimento escolar de crianças de 0 a 3 anos (%)"
3526100,"Juquiá",21.40871177,2016,"Escolaridade",42.77,"Taxas de atendimento escolar de crianças de 0 a 3 anos (%)"
3526100,"Juquiá",18.94150418,2018,"Escolaridade",47.19,"Taxas de atendimento escolar de crianças de 0 a 3 anos (%)"
3526100,"Juquiá",24.51071761,2020,"Escolaridade",48.28,"Taxas de atendimento escolar de crianças de 0 a 3 anos (%)"
3526100,"Juquiá",26.15239887,2022,"Escolaridade",48.85,"Taxas de atendimento escolar de crianças de 0 a 3 anos (%)"
3526100,"Juquiá",29.39481268,2024,"Escolaridade",51.53,"Taxas de atendimento escolar de crianças de 0 a 3 anos (%)"
3526209,"Juquitiba",31.23287671,2014,"Escolaridade",38.5,"Taxas de atendimento escolar de crianças de 0 a 3 anos (%)"
3526209,"Juquitiba",31.9391635,2016,"Escolaridade",42.77,"Taxas de atendimento escolar de crianças de 0 a 3 anos (%)"
3526209,"Juquitiba",25.76419214,2018,"Escolaridade",47.19,"Taxas de atendimento escolar de crianças de 0 a 3 anos (%)"
3526209,"Juquitiba",27.01812191,2020,"Escolaridade",48.28,"Taxas de atendimento escolar de crianças de 0 a 3 anos (%)"
3526209,"Juquitiba",24.34975097,2022,"Escolaridade",48.85,"Taxas de atendimento escolar de crianças de 0 a 3 anos (%)"
3526209,"Juquitiba",24.00224845,2024,"Escolaridade",51.53,"Taxas de atendimento escolar de crianças de 0 a 3 anos (%)"
3526308,"Lagoinha",16.90140845,2014,"Escolaridade",38.5,"Taxas de atendimento escolar de crianças de 0 a 3 anos (%)"
3526308,"Lagoinha",19.1588785,2016,"Escolaridade",42.77,"Taxas de atendimento escolar de crianças de 0 a 3 anos (%)"
3526308,"Lagoinha",28.37209302,2018,"Escolaridade",47.19,"Taxas de atendimento escolar de crianças de 0 a 3 anos (%)"
3526308,"Lagoinha",26.06635071,2020,"Escolaridade",48.28,"Taxas de atendimento escolar de crianças de 0 a 3 anos (%)"
3526308,"Lagoinha",30.8056872,2022,"Escolaridade",48.85,"Taxas de atendimento escolar de crianças de 0 a 3 anos (%)"
3526308,"Lagoinha",24.40191388,2024,"Escolaridade",51.53,"Taxas de atendimento escolar de crianças de 0 a 3 anos (%)"
3526407,"Laranjal Paulista",38.15694744,2014,"Escolaridade",38.5,"Taxas de atendimento escolar de crianças de 0 a 3 anos (%)"
3526407,"Laranjal Paulista",44.68531469,2016,"Escolaridade",42.77,"Taxas de atendimento escolar de crianças de 0 a 3 anos (%)"
3526407,"Laranjal Paulista",50.7082153,2018,"Escolaridade",47.19,"Taxas de atendimento escolar de crianças de 0 a 3 anos (%)"
3526407,"Laranjal Paulista",54.08309456,2020,"Escolaridade",48.28,"Taxas de atendimento escolar de crianças de 0 a 3 anos (%)"
3526407,"Laranjal Paulista",51.85185185,2022,"Escolaridade",48.85,"Taxas de atendimento escolar de crianças de 0 a 3 anos (%)"
3526407,"Laranjal Paulista",54.96296296,2024,"Escolaridade",51.53,"Taxas de atendimento escolar de crianças de 0 a 3 anos (%)"
3526506,"Lavínia",35.8490566,2014,"Escolaridade",38.5,"Taxas de atendimento escolar de crianças de 0 a 3 anos (%)"
3526506,"Lavínia",34.48275862,2016,"Escolaridade",42.77,"Taxas de atendimento escolar de crianças de 0 a 3 anos (%)"
3526506,"Lavínia",32.5,2018,"Escolaridade",47.19,"Taxas de atendimento escolar de crianças de 0 a 3 anos (%)"
3526506,"Lavínia",25.77319588,2020,"Escolaridade",48.28,"Taxas de atendimento escolar de crianças de 0 a 3 anos (%)"
3526506,"Lavínia",24.19354839,2022,"Escolaridade",48.85,"Taxas de atendimento escolar de crianças de 0 a 3 anos (%)"
3526506,"Lavínia",33.90804598,2024,"Escolaridade",51.53,"Taxas de atendimento escolar de crianças de 0 a 3 anos (%)"
3526605,"Lavrinhas",0.229357798,2014,"Escolaridade",38.5,"Taxas de atendimento escolar de crianças de 0 a 3 anos (%)"
3526605,"Lavrinhas",2.309468822,2016,"Escolaridade",42.77,"Taxas de atendimento escolar de crianças de 0 a 3 anos (%)"
3526605,"Lavrinhas",0.938967136,2018,"Escolaridade",47.19,"Taxas de atendimento escolar de crianças de 0 a 3 anos (%)"
3526605,"Lavrinhas",14.21319797,2024,"Escolaridade",51.53,"Taxas de atendimento escolar de crianças de 0 a 3 anos (%)"
3526704,"Leme",43.10542399,2014,"Escolaridade",38.5,"Taxas de atendimento escolar de crianças de 0 a 3 anos (%)"
3526704,"Leme",44.53125,2016,"Escolaridade",42.77,"Taxas de atendimento escolar de crianças de 0 a 3 anos (%)"
3526704,"Leme",48.05518299,2018,"Escolaridade",47.19,"Taxas de atendimento escolar de crianças de 0 a 3 anos (%)"
3526704,"Leme",48.58080711,2020,"Escolaridade",48.28,"Taxas de atendimento escolar de crianças de 0 a 3 anos (%)"
3526704,"Leme",49.24287119,2022,"Escolaridade",48.85,"Taxas de atendimento escolar de crianças de 0 a 3 anos (%)"
3526704,"Leme",48.97628218,2024,"Escolaridade",51.53,"Taxas de atendimento escolar de crianças de 0 a 3 anos (%)"
3526803,"Lençóis Paulista",42.59546725,2014,"Escolaridade",38.5,"Taxas de atendimento escolar de crianças de 0 a 3 anos (%)"
3526803,"Lençóis Paulista",49.46775204,2016,"Escolaridade",42.77,"Taxas de atendimento escolar de crianças de 0 a 3 anos (%)"
3526803,"Lençóis Paulista",52.86664555,2018,"Escolaridade",47.19,"Taxas de atendimento escolar de crianças de 0 a 3 anos (%)"
3526803,"Lençóis Paulista",51.39826422,2020,"Escolaridade",48.28,"Taxas de atendimento escolar de crianças de 0 a 3 anos (%)"
3526803,"Lençóis Paulista",56.4489662,2022,"Escolaridade",48.85,"Taxas de atendimento escolar de crianças de 0 a 3 anos (%)"
3526803,"Lençóis Paulista",65.14945652,2024,"Escolaridade",51.53,"Taxas de atendimento escolar de crianças de 0 a 3 anos (%)"
3526902,"Limeira",42.27184045,2014,"Escolaridade",38.5,"Taxas de atendimento escolar de crianças de 0 a 3 anos (%)"
3526902,"Limeira",47.20244151,2016,"Escolaridade",42.77,"Taxas de atendimento escolar de crianças de 0 a 3 anos (%)"
3526902,"Limeira",47.18294218,2018,"Escolaridade",47.19,"Taxas de atendimento escolar de crianças de 0 a 3 anos (%)"
3526902,"Limeira",49.88660417,2020,"Escolaridade",48.28,"Taxas de atendimento escolar de crianças de 0 a 3 anos (%)"
3526902,"Limeira",53.89398414,2022,"Escolaridade",48.85,"Taxas de atendimento escolar de crianças de 0 a 3 anos (%)"
3526902,"Limeira",55.84003901,2024,"Escolaridade",51.53,"Taxas de atendimento escolar de crianças de 0 a 3 anos (%)"
3527009,"Lindóia",50.45317221,2014,"Escolaridade",38.5,"Taxas de atendimento escolar de crianças de 0 a 3 anos (%)"
3527009,"Lindóia",50,2016,"Escolaridade",42.77,"Taxas de atendimento escolar de crianças de 0 a 3 anos (%)"
3527009,"Lindóia",45.99406528,2018,"Escolaridade",47.19,"Taxas de atendimento escolar de crianças de 0 a 3 anos (%)"
3527009,"Lindóia",46.24277457,2020,"Escolaridade",48.28,"Taxas de atendimento escolar de crianças de 0 a 3 anos (%)"
3527009,"Lindóia",45.18950437,2022,"Escolaridade",48.85,"Taxas de atendimento escolar de crianças de 0 a 3 anos (%)"
3527009,"Lindóia",51.92878338,2024,"Escolaridade",51.53,"Taxas de atendimento escolar de crianças de 0 a 3 anos (%)"
3527108,"Lins",43.32275743,2014,"Escolaridade",38.5,"Taxas de atendimento escolar de crianças de 0 a 3 anos (%)"
3527108,"Lins",49.43625325,2016,"Escolaridade",42.77,"Taxas de atendimento escolar de crianças de 0 a 3 anos (%)"
3527108,"Lins",55.00742942,2018,"Escolaridade",47.19,"Taxas de atendimento escolar de crianças de 0 a 3 anos (%)"
3527108,"Lins",55.95347414,2020,"Escolaridade",48.28,"Taxas de atendimento escolar de crianças de 0 a 3 anos (%)"
3527108,"Lins",54.08805031,2022,"Escolaridade",48.85,"Taxas de atendimento escolar de crianças de 0 a 3 anos (%)"
3527108,"Lins",59.04168034,2024,"Escolaridade",51.53,"Taxas de atendimento escolar de crianças de 0 a 3 anos (%)"
3527207,"Lorena",27.53350084,2014,"Escolaridade",38.5,"Taxas de atendimento escolar de crianças de 0 a 3 anos (%)"
3527207,"Lorena",29.15712799,2016,"Escolaridade",42.77,"Taxas de atendimento escolar de crianças de 0 a 3 anos (%)"
3527207,"Lorena",31.15599484,2018,"Escolaridade",47.19,"Taxas de atendimento escolar de crianças de 0 a 3 anos (%)"
3527207,"Lorena",29.62222222,2020,"Escolaridade",48.28,"Taxas de atendimento escolar de crianças de 0 a 3 anos (%)"
3527207,"Lorena",27.80432309,2022,"Escolaridade",48.85,"Taxas de atendimento escolar de crianças de 0 a 3 anos (%)"
3527207,"Lorena",32.68776571,2024,"Escolaridade",51.53,"Taxas de atendimento escolar de crianças de 0 a 3 anos (%)"
3527256,"Lourdes",84.81012658,2014,"Escolaridade",38.5,"Taxas de atendimento escolar de crianças de 0 a 3 anos (%)"
3527256,"Lourdes",64.1025641,2016,"Escolaridade",42.77,"Taxas de atendimento escolar de crianças de 0 a 3 anos (%)"
3527256,"Lourdes",86.84210526,2018,"Escolaridade",47.19,"Taxas de atendimento escolar de crianças de 0 a 3 anos (%)"
3527256,"Lourdes",67.10526316,2020,"Escolaridade",48.28,"Taxas de atendimento escolar de crianças de 0 a 3 anos (%)"
3527256,"Lourdes",89.18918919,2022,"Escolaridade",48.85,"Taxas de atendimento escolar de crianças de 0 a 3 anos (%)"
3527256,"Lourdes",78.87323944,2024,"Escolaridade",51.53,"Taxas de atendimento escolar de crianças de 0 a 3 anos (%)"
3527306,"Louveira",42.44960061,2014,"Escolaridade",38.5,"Taxas de atendimento escolar de crianças de 0 a 3 anos (%)"
3527306,"Louveira",46.3853211,2016,"Escolaridade",42.77,"Taxas de atendimento escolar de crianças de 0 a 3 anos (%)"
3527306,"Louveira",46.2020649,2018,"Escolaridade",47.19,"Taxas de atendimento escolar de crianças de 0 a 3 anos (%)"
3527306,"Louveira",50.16759777,2020,"Escolaridade",48.28,"Taxas de atendimento escolar de crianças de 0 a 3 anos (%)"
3527306,"Louveira",56.02272727,2022,"Escolaridade",48.85,"Taxas de atendimento escolar de crianças de 0 a 3 anos (%)"
3527306,"Louveira",66.58841941,2024,"Escolaridade",51.53,"Taxas de atendimento escolar de crianças de 0 a 3 anos (%)"
3527405,"Lucélia",45.37444934,2014,"Escolaridade",38.5,"Taxas de atendimento escolar de crianças de 0 a 3 anos (%)"
3527405,"Lucélia",43.2166302,2016,"Escolaridade",42.77,"Taxas de atendimento escolar de crianças de 0 a 3 anos (%)"
3527405,"Lucélia",41.42857143,2018,"Escolaridade",47.19,"Taxas de atendimento escolar de crianças de 0 a 3 anos (%)"
3527405,"Lucélia",43.45898004,2020,"Escolaridade",48.28,"Taxas de atendimento escolar de crianças de 0 a 3 anos (%)"
3527405,"Lucélia",46.7268623,2022,"Escolaridade",48.85,"Taxas de atendimento escolar de crianças de 0 a 3 anos (%)"
3527405,"Lucélia",53.4965035,2024,"Escolaridade",51.53,"Taxas de atendimento escolar de crianças de 0 a 3 anos (%)"
3527504,"Lucianópolis",40.7079646,2014,"Escolaridade",38.5,"Taxas de atendimento escolar de crianças de 0 a 3 anos (%)"
3527504,"Lucianópolis",23.68421053,2016,"Escolaridade",42.77,"Taxas de atendimento escolar de crianças de 0 a 3 anos (%)"
3527504,"Lucianópolis",53.15315315,2018,"Escolaridade",47.19,"Taxas de atendimento escolar de crianças de 0 a 3 anos (%)"
3527504,"Lucianópolis",39.44954128,2020,"Escolaridade",48.28,"Taxas de atendimento escolar de crianças de 0 a 3 anos (%)"
3527504,"Lucianópolis",41.28440367,2022,"Escolaridade",48.85,"Taxas de atendimento escolar de crianças de 0 a 3 anos (%)"
3527504,"Lucianópolis",35.18518519,2024,"Escolaridade",51.53,"Taxas de atendimento escolar de crianças de 0 a 3 anos (%)"
3527603,"Luís Antônio",35.42538354,2014,"Escolaridade",38.5,"Taxas de atendimento escolar de crianças de 0 a 3 anos (%)"
3527603,"Luís Antônio",33.60655738,2016,"Escolaridade",42.77,"Taxas de atendimento escolar de crianças de 0 a 3 anos (%)"
3527603,"Luís Antônio",46.68435013,2018,"Escolaridade",47.19,"Taxas de atendimento escolar de crianças de 0 a 3 anos (%)"
3527603,"Luís Antônio",44,2020,"Escolaridade",48.28,"Taxas de atendimento escolar de crianças de 0 a 3 anos (%)"
3527603,"Luís Antônio",47.18954248,2022,"Escolaridade",48.85,"Taxas de atendimento escolar de crianças de 0 a 3 anos (%)"
3527603,"Luís Antônio",53.27102804,2024,"Escolaridade",51.53,"Taxas de atendimento escolar de crianças de 0 a 3 anos (%)"
3527702,"Luiziânia",36.17021277,2014,"Escolaridade",38.5,"Taxas de atendimento escolar de crianças de 0 a 3 anos (%)"
3527702,"Luiziânia",45.17241379,2016,"Escolaridade",42.77,"Taxas de atendimento escolar de crianças de 0 a 3 anos (%)"
3527702,"Luiziânia",47.97297297,2018,"Escolaridade",47.19,"Taxas de atendimento escolar de crianças de 0 a 3 anos (%)"
3527702,"Luiziânia",36.92810458,2020,"Escolaridade",48.28,"Taxas de atendimento escolar de crianças de 0 a 3 anos (%)"
3527702,"Luiziânia",39.9339934,2022,"Escolaridade",48.85,"Taxas de atendimento escolar de crianças de 0 a 3 anos (%)"
3527702,"Luiziânia",46.46464646,2024,"Escolaridade",51.53,"Taxas de atendimento escolar de crianças de 0 a 3 anos (%)"
3527801,"Lupércio",51.85185185,2014,"Escolaridade",38.5,"Taxas de atendimento escolar de crianças de 0 a 3 anos (%)"
3527801,"Lupércio",48.75,2016,"Escolaridade",42.77,"Taxas de atendimento escolar de crianças de 0 a 3 anos (%)"
3527801,"Lupércio",55.83333333,2018,"Escolaridade",47.19,"Taxas de atendimento escolar de crianças de 0 a 3 anos (%)"
3527801,"Lupércio",54.04255319,2020,"Escolaridade",48.28,"Taxas de atendimento escolar de crianças de 0 a 3 anos (%)"
3527801,"Lupércio",54.11255411,2022,"Escolaridade",48.85,"Taxas de atendimento escolar de crianças de 0 a 3 anos (%)"
3527801,"Lupércio",53.77777778,2024,"Escolaridade",51.53,"Taxas de atendimento escolar de crianças de 0 a 3 anos (%)"
3527900,"Lutécia",66.91176471,2014,"Escolaridade",38.5,"Taxas de atendimento escolar de crianças de 0 a 3 anos (%)"
3527900,"Lutécia",47.79411765,2016,"Escolaridade",42.77,"Taxas de atendimento escolar de crianças de 0 a 3 anos (%)"
3527900,"Lutécia",57.36434109,2018,"Escolaridade",47.19,"Taxas de atendimento escolar de crianças de 0 a 3 anos (%)"
3527900,"Lutécia",58.19672131,2020,"Escolaridade",48.28,"Taxas de atendimento escolar de crianças de 0 a 3 anos (%)"
3527900,"Lutécia",59.66386555,2022,"Escolaridade",48.85,"Taxas de atendimento escolar de crianças de 0 a 3 anos (%)"
3527900,"Lutécia",55.26315789,2024,"Escolaridade",51.53,"Taxas de atendimento escolar de crianças de 0 a 3 anos (%)"
3528007,"Macatuba",32.75862069,2014,"Escolaridade",38.5,"Taxas de atendimento escolar de crianças de 0 a 3 anos (%)"
3528007,"Macatuba",32.82937365,2016,"Escolaridade",42.77,"Taxas de atendimento escolar de crianças de 0 a 3 anos (%)"
3528007,"Macatuba",49.16759156,2018,"Escolaridade",47.19,"Taxas de atendimento escolar de crianças de 0 a 3 anos (%)"
3528007,"Macatuba",50.57208238,2020,"Escolaridade",48.28,"Taxas de atendimento escolar de crianças de 0 a 3 anos (%)"
3528007,"Macatuba",58.14771395,2022,"Escolaridade",48.85,"Taxas de atendimento escolar de crianças de 0 a 3 anos (%)"
3528007,"Macatuba",58.03680982,2024,"Escolaridade",51.53,"Taxas de atendimento escolar de crianças de 0 a 3 anos (%)"
3528106,"Macaubal",1.369863014,2014,"Escolaridade",38.5,"Taxas de atendimento escolar de crianças de 0 a 3 anos (%)"
3528106,"Macaubal",13.62007168,2016,"Escolaridade",42.77,"Taxas de atendimento escolar de crianças de 0 a 3 anos (%)"
3528106,"Macaubal",26.69039146,2018,"Escolaridade",47.19,"Taxas de atendimento escolar de crianças de 0 a 3 anos (%)"
3528106,"Macaubal",38.07829181,2020,"Escolaridade",48.28,"Taxas de atendimento escolar de crianças de 0 a 3 anos (%)"
3528106,"Macaubal",41.79104478,2022,"Escolaridade",48.85,"Taxas de atendimento escolar de crianças de 0 a 3 anos (%)"
3528106,"Macaubal",40.47619048,2024,"Escolaridade",51.53,"Taxas de atendimento escolar de crianças de 0 a 3 anos (%)"
3528205,"Macedônia",45.11278195,2014,"Escolaridade",38.5,"Taxas de atendimento escolar de crianças de 0 a 3 anos (%)"
3528205,"Macedônia",53.07692308,2016,"Escolaridade",42.77,"Taxas de atendimento escolar de crianças de 0 a 3 anos (%)"
3528205,"Macedônia",52.34375,2018,"Escolaridade",47.19,"Taxas de atendimento escolar de crianças de 0 a 3 anos (%)"
3528205,"Macedônia",47.58064516,2020,"Escolaridade",48.28,"Taxas de atendimento escolar de crianças de 0 a 3 anos (%)"
3528205,"Macedônia",52.03252033,2022,"Escolaridade",48.85,"Taxas de atendimento escolar de crianças de 0 a 3 anos (%)"
3528205,"Macedônia",55.65217391,2024,"Escolaridade",51.53,"Taxas de atendimento escolar de crianças de 0 a 3 anos (%)"
3528304,"Magda",35.55555556,2014,"Escolaridade",38.5,"Taxas de atendimento escolar de crianças de 0 a 3 anos (%)"
3528304,"Magda",32.30769231,2016,"Escolaridade",42.77,"Taxas de atendimento escolar de crianças de 0 a 3 anos (%)"
3528304,"Magda",50.4,2018,"Escolaridade",47.19,"Taxas de atendimento escolar de crianças de 0 a 3 anos (%)"
3528304,"Magda",27.27272727,2020,"Escolaridade",48.28,"Taxas de atendimento escolar de crianças de 0 a 3 anos (%)"
3528304,"Magda",36.52173913,2022,"Escolaridade",48.85,"Taxas de atendimento escolar de crianças de 0 a 3 anos (%)"
3528304,"Magda",42.99065421,2024,"Escolaridade",51.53,"Taxas de atendimento escolar de crianças de 0 a 3 anos (%)"
3528403,"Mairinque",37.06240487,2014,"Escolaridade",38.5,"Taxas de atendimento escolar de crianças de 0 a 3 anos (%)"
3528403,"Mairinque",41.36363636,2016,"Escolaridade",42.77,"Taxas de atendimento escolar de crianças de 0 a 3 anos (%)"
3528403,"Mairinque",44.10852713,2018,"Escolaridade",47.19,"Taxas de atendimento escolar de crianças de 0 a 3 anos (%)"
3528403,"Mairinque",40.39761431,2020,"Escolaridade",48.28,"Taxas de atendimento escolar de crianças de 0 a 3 anos (%)"
3528403,"Mairinque",34.52043707,2022,"Escolaridade",48.85,"Taxas de atendimento escolar de crianças de 0 a 3 anos (%)"
3528403,"Mairinque",36.98458975,2024,"Escolaridade",51.53,"Taxas de atendimento escolar de crianças de 0 a 3 anos (%)"
3528502,"Mairiporã",24.38669439,2014,"Escolaridade",38.5,"Taxas de atendimento escolar de crianças de 0 a 3 anos (%)"
3528502,"Mairiporã",28.2642998,2016,"Escolaridade",42.77,"Taxas de atendimento escolar de crianças de 0 a 3 anos (%)"
3528502,"Mairiporã",30,2018,"Escolaridade",47.19,"Taxas de atendimento escolar de crianças de 0 a 3 anos (%)"
3528502,"Mairiporã",28.94532765,2020,"Escolaridade",48.28,"Taxas de atendimento escolar de crianças de 0 a 3 anos (%)"
3528502,"Mairiporã",30.4281052,2022,"Escolaridade",48.85,"Taxas de atendimento escolar de crianças de 0 a 3 anos (%)"
3528502,"Mairiporã",31.44486692,2024,"Escolaridade",51.53,"Taxas de atendimento escolar de crianças de 0 a 3 anos (%)"
3528601,"Manduri",30.90909091,2014,"Escolaridade",38.5,"Taxas de atendimento escolar de crianças de 0 a 3 anos (%)"
3528601,"Manduri",38.37209302,2016,"Escolaridade",42.77,"Taxas de atendimento escolar de crianças de 0 a 3 anos (%)"
3528601,"Manduri",34.86238532,2018,"Escolaridade",47.19,"Taxas de atendimento escolar de crianças de 0 a 3 anos (%)"
3528601,"Manduri",38.40909091,2020,"Escolaridade",48.28,"Taxas de atendimento escolar de crianças de 0 a 3 anos (%)"
3528601,"Manduri",51.28205128,2022,"Escolaridade",48.85,"Taxas de atendimento escolar de crianças de 0 a 3 anos (%)"
3528601,"Manduri",45.78313253,2024,"Escolaridade",51.53,"Taxas de atendimento escolar de crianças de 0 a 3 anos (%)"
3528700,"Marabá Paulista",26.37362637,2014,"Escolaridade",38.5,"Taxas de atendimento escolar de crianças de 0 a 3 anos (%)"
3528700,"Marabá Paulista",22.22222222,2016,"Escolaridade",42.77,"Taxas de atendimento escolar de crianças de 0 a 3 anos (%)"
3528700,"Marabá Paulista",25.28089888,2018,"Escolaridade",47.19,"Taxas de atendimento escolar de crianças de 0 a 3 anos (%)"
3528700,"Marabá Paulista",23.16384181,2020,"Escolaridade",48.28,"Taxas de atendimento escolar de crianças de 0 a 3 anos (%)"
3528700,"Marabá Paulista",21.05263158,2022,"Escolaridade",48.85,"Taxas de atendimento escolar de crianças de 0 a 3 anos (%)"
3528700,"Marabá Paulista",31.36094675,2024,"Escolaridade",51.53,"Taxas de atendimento escolar de crianças de 0 a 3 anos (%)"
3528809,"Maracaí",22.89855072,2014,"Escolaridade",38.5,"Taxas de atendimento escolar de crianças de 0 a 3 anos (%)"
3528809,"Maracaí",25.83454282,2016,"Escolaridade",42.77,"Taxas de atendimento escolar de crianças de 0 a 3 anos (%)"
3528809,"Maracaí",38.23088456,2018,"Escolaridade",47.19,"Taxas de atendimento escolar de crianças de 0 a 3 anos (%)"
3528809,"Maracaí",33.38509317,2020,"Escolaridade",48.28,"Taxas de atendimento escolar de crianças de 0 a 3 anos (%)"
3528809,"Maracaí",23.21144674,2022,"Escolaridade",48.85,"Taxas de atendimento escolar de crianças de 0 a 3 anos (%)"
3528809,"Maracaí",44.17077176,2024,"Escolaridade",51.53,"Taxas de atendimento escolar de crianças de 0 a 3 anos (%)"
3528858,"Marapoama",67.76859504,2014,"Escolaridade",38.5,"Taxas de atendimento escolar de crianças de 0 a 3 anos (%)"
3528858,"Marapoama",47.24409449,2016,"Escolaridade",42.77,"Taxas de atendimento escolar de crianças de 0 a 3 anos (%)"
3528858,"Marapoama",69.91869919,2018,"Escolaridade",47.19,"Taxas de atendimento escolar de crianças de 0 a 3 anos (%)"
3528858,"Marapoama",73.17073171,2020,"Escolaridade",48.28,"Taxas de atendimento escolar de crianças de 0 a 3 anos (%)"
3528858,"Marapoama",65.54621849,2022,"Escolaridade",48.85,"Taxas de atendimento escolar de crianças de 0 a 3 anos (%)"
3528858,"Marapoama",83.76068376,2024,"Escolaridade",51.53,"Taxas de atendimento escolar de crianças de 0 a 3 anos (%)"
3528908,"Mariápolis",22.87234043,2014,"Escolaridade",38.5,"Taxas de atendimento escolar de crianças de 0 a 3 anos (%)"
3528908,"Mariápolis",24.7311828,2016,"Escolaridade",42.77,"Taxas de atendimento escolar de crianças de 0 a 3 anos (%)"
3528908,"Mariápolis",31.01604278,2018,"Escolaridade",47.19,"Taxas de atendimento escolar de crianças de 0 a 3 anos (%)"
3528908,"Mariápolis",29.94652406,2020,"Escolaridade",48.28,"Taxas de atendimento escolar de crianças de 0 a 3 anos (%)"
3528908,"Mariápolis",40,2022,"Escolaridade",48.85,"Taxas de atendimento escolar de crianças de 0 a 3 anos (%)"
3528908,"Mariápolis",47.39884393,2024,"Escolaridade",51.53,"Taxas de atendimento escolar de crianças de 0 a 3 anos (%)"
3529005,"Marília",52.86436782,2014,"Escolaridade",38.5,"Taxas de atendimento escolar de crianças de 0 a 3 anos (%)"
3529005,"Marília",57.73809524,2016,"Escolaridade",42.77,"Taxas de atendimento escolar de crianças de 0 a 3 anos (%)"
3529005,"Marília",57.08765316,2018,"Escolaridade",47.19,"Taxas de atendimento escolar de crianças de 0 a 3 anos (%)"
3529005,"Marília",59.68306436,2020,"Escolaridade",48.28,"Taxas de atendimento escolar de crianças de 0 a 3 anos (%)"
3529005,"Marília",57.85264421,2022,"Escolaridade",48.85,"Taxas de atendimento escolar de crianças de 0 a 3 anos (%)"
3529005,"Marília",61.20914691,2024,"Escolaridade",51.53,"Taxas de atendimento escolar de crianças de 0 a 3 anos (%)"
3529104,"Marinópolis",56.70103093,2014,"Escolaridade",38.5,"Taxas de atendimento escolar de crianças de 0 a 3 anos (%)"
3529104,"Marinópolis",51.51515152,2016,"Escolaridade",42.77,"Taxas de atendimento escolar de crianças de 0 a 3 anos (%)"
3529104,"Marinópolis",50,2018,"Escolaridade",47.19,"Taxas de atendimento escolar de crianças de 0 a 3 anos (%)"
3529104,"Marinópolis",37.07865169,2020,"Escolaridade",48.28,"Taxas de atendimento escolar de crianças de 0 a 3 anos (%)"
3529104,"Marinópolis",58.13953488,2022,"Escolaridade",48.85,"Taxas de atendimento escolar de crianças de 0 a 3 anos (%)"
3529104,"Marinópolis",72.61904762,2024,"Escolaridade",51.53,"Taxas de atendimento escolar de crianças de 0 a 3 anos (%)"
3529203,"Martinópolis",45.43904518,2014,"Escolaridade",38.5,"Taxas de atendimento escolar de crianças de 0 a 3 anos (%)"
3529203,"Martinópolis",51.64835165,2016,"Escolaridade",42.77,"Taxas de atendimento escolar de crianças de 0 a 3 anos (%)"
3529203,"Martinópolis",48.34324554,2018,"Escolaridade",47.19,"Taxas de atendimento escolar de crianças de 0 a 3 anos (%)"
3529203,"Martinópolis",48.93435635,2020,"Escolaridade",48.28,"Taxas de atendimento escolar de crianças de 0 a 3 anos (%)"
3529203,"Martinópolis",48.61111111,2022,"Escolaridade",48.85,"Taxas de atendimento escolar de crianças de 0 a 3 anos (%)"
3529203,"Martinópolis",52.85714286,2024,"Escolaridade",51.53,"Taxas de atendimento escolar de crianças de 0 a 3 anos (%)"
3529302,"Matão",51.36339801,2014,"Escolaridade",38.5,"Taxas de atendimento escolar de crianças de 0 a 3 anos (%)"
3529302,"Matão",49.77672708,2016,"Escolaridade",42.77,"Taxas de atendimento escolar de crianças de 0 a 3 anos (%)"
3529302,"Matão",50.90262582,2018,"Escolaridade",47.19,"Taxas de atendimento escolar de crianças de 0 a 3 anos (%)"
3529302,"Matão",45.22584334,2020,"Escolaridade",48.28,"Taxas de atendimento escolar de crianças de 0 a 3 anos (%)"
3529302,"Matão",46.05146406,2022,"Escolaridade",48.85,"Taxas de atendimento escolar de crianças de 0 a 3 anos (%)"
3529302,"Matão",45.65625,2024,"Escolaridade",51.53,"Taxas de atendimento escolar de crianças de 0 a 3 anos (%)"
3529401,"Mauá",26.35789474,2014,"Escolaridade",38.5,"Taxas de atendimento escolar de crianças de 0 a 3 anos (%)"
3529401,"Mauá",29.34919701,2016,"Escolaridade",42.77,"Taxas de atendimento escolar de crianças de 0 a 3 anos (%)"
3529401,"Mauá",36.32129398,2018,"Escolaridade",47.19,"Taxas de atendimento escolar de crianças de 0 a 3 anos (%)"
3529401,"Mauá",33.68942825,2020,"Escolaridade",48.28,"Taxas de atendimento escolar de crianças de 0 a 3 anos (%)"
3529401,"Mauá",32.22212551,2022,"Escolaridade",48.85,"Taxas de atendimento escolar de crianças de 0 a 3 anos (%)"
3529401,"Mauá",36.67579335,2024,"Escolaridade",51.53,"Taxas de atendimento escolar de crianças de 0 a 3 anos (%)"
3529500,"Mendonça",80.66298343,2014,"Escolaridade",38.5,"Taxas de atendimento escolar de crianças de 0 a 3 anos (%)"
3529500,"Mendonça",78.88888889,2016,"Escolaridade",42.77,"Taxas de atendimento escolar de crianças de 0 a 3 anos (%)"
3529500,"Mendonça",87.23404255,2018,"Escolaridade",47.19,"Taxas de atendimento escolar de crianças de 0 a 3 anos (%)"
3529500,"Mendonça",89.41798942,2020,"Escolaridade",48.28,"Taxas de atendimento escolar de crianças de 0 a 3 anos (%)"
3529500,"Mendonça",93.61702128,2022,"Escolaridade",48.85,"Taxas de atendimento escolar de crianças de 0 a 3 anos (%)"
3529500,"Mendonça",79.12087912,2024,"Escolaridade",51.53,"Taxas de atendimento escolar de crianças de 0 a 3 anos (%)"
3529609,"Meridiano",81.33333333,2014,"Escolaridade",38.5,"Taxas de atendimento escolar de crianças de 0 a 3 anos (%)"
3529609,"Meridiano",95.89041096,2016,"Escolaridade",42.77,"Taxas de atendimento escolar de crianças de 0 a 3 anos (%)"
3529609,"Meridiano",100,2018,"Escolaridade",47.19,"Taxas de atendimento escolar de crianças de 0 a 3 anos (%)"
3529609,"Meridiano",84.28571429,2020,"Escolaridade",48.28,"Taxas de atendimento escolar de crianças de 0 a 3 anos (%)"
3529609,"Meridiano",80.74074074,2022,"Escolaridade",48.85,"Taxas de atendimento escolar de crianças de 0 a 3 anos (%)"
3529609,"Meridiano",105.511811,2024,"Escolaridade",51.53,"Taxas de atendimento escolar de crianças de 0 a 3 anos (%)"
3529658,"Mesópolis",55.67010309,2014,"Escolaridade",38.5,"Taxas de atendimento escolar de crianças de 0 a 3 anos (%)"
3529658,"Mesópolis",61.29032258,2016,"Escolaridade",42.77,"Taxas de atendimento escolar de crianças de 0 a 3 anos (%)"
3529658,"Mesópolis",71.73913043,2018,"Escolaridade",47.19,"Taxas de atendimento escolar de crianças de 0 a 3 anos (%)"
3529658,"Mesópolis",70.65217391,2020,"Escolaridade",48.28,"Taxas de atendimento escolar de crianças de 0 a 3 anos (%)"
3529658,"Mesópolis",65.55555556,2022,"Escolaridade",48.85,"Taxas de atendimento escolar de crianças de 0 a 3 anos (%)"
3529658,"Mesópolis",62.79069767,2024,"Escolaridade",51.53,"Taxas de atendimento escolar de crianças de 0 a 3 anos (%)"
3529708,"Miguelópolis",25.78397213,2014,"Escolaridade",38.5,"Taxas de atendimento escolar de crianças de 0 a 3 anos (%)"
3529708,"Miguelópolis",28.73563218,2016,"Escolaridade",42.77,"Taxas de atendimento escolar de crianças de 0 a 3 anos (%)"
3529708,"Miguelópolis",25.80935252,2018,"Escolaridade",47.19,"Taxas de atendimento escolar de crianças de 0 a 3 anos (%)"
3529708,"Miguelópolis",26.89844465,2020,"Escolaridade",48.28,"Taxas de atendimento escolar de crianças de 0 a 3 anos (%)"
3529708,"Miguelópolis",28.20037106,2022,"Escolaridade",48.85,"Taxas de atendimento escolar de crianças de 0 a 3 anos (%)"
3529708,"Miguelópolis",38.16287879,2024,"Escolaridade",51.53,"Taxas de atendimento escolar de crianças de 0 a 3 anos (%)"
3529807,"Mineiros do Tietê",32.82442748,2014,"Escolaridade",38.5,"Taxas de atendimento escolar de crianças de 0 a 3 anos (%)"
3529807,"Mineiros do Tietê",29.8325723,2016,"Escolaridade",42.77,"Taxas de atendimento escolar de crianças de 0 a 3 anos (%)"
3529807,"Mineiros do Tietê",37.86707883,2018,"Escolaridade",47.19,"Taxas de atendimento escolar de crianças de 0 a 3 anos (%)"
3529807,"Mineiros do Tietê",36.57770801,2020,"Escolaridade",48.28,"Taxas de atendimento escolar de crianças de 0 a 3 anos (%)"
3529807,"Mineiros do Tietê",34.34504792,2022,"Escolaridade",48.85,"Taxas de atendimento escolar de crianças de 0 a 3 anos (%)"
3529807,"Mineiros do Tietê",33.38815789,2024,"Escolaridade",51.53,"Taxas de atendimento escolar de crianças de 0 a 3 anos (%)"
3529906,"Miracatu",12.96296296,2014,"Escolaridade",38.5,"Taxas de atendimento escolar de crianças de 0 a 3 anos (%)"
3529906,"Miracatu",20.96168295,2016,"Escolaridade",42.77,"Taxas de atendimento escolar de crianças de 0 a 3 anos (%)"
3529906,"Miracatu",21.48887183,2018,"Escolaridade",47.19,"Taxas de atendimento escolar de crianças de 0 a 3 anos (%)"
3529906,"Miracatu",20.67610063,2020,"Escolaridade",48.28,"Taxas de atendimento escolar de crianças de 0 a 3 anos (%)"
3529906,"Miracatu",19.76190476,2022,"Escolaridade",48.85,"Taxas de atendimento escolar de crianças de 0 a 3 anos (%)"
3529906,"Miracatu",25.62651576,2024,"Escolaridade",51.53,"Taxas de atendimento escolar de crianças de 0 a 3 anos (%)"
3530003,"Mira Estrela",79.81651376,2014,"Escolaridade",38.5,"Taxas de atendimento escolar de crianças de 0 a 3 anos (%)"
3530003,"Mira Estrela",84.82142857,2016,"Escolaridade",42.77,"Taxas de atendimento escolar de crianças de 0 a 3 anos (%)"
3530003,"Mira Estrela",76.78571429,2018,"Escolaridade",47.19,"Taxas de atendimento escolar de crianças de 0 a 3 anos (%)"
3530003,"Mira Estrela",58.92857143,2020,"Escolaridade",48.28,"Taxas de atendimento escolar de crianças de 0 a 3 anos (%)"
3530003,"Mira Estrela",67.85714286,2022,"Escolaridade",48.85,"Taxas de atendimento escolar de crianças de 0 a 3 anos (%)"
3530003,"Mira Estrela",62.93103448,2024,"Escolaridade",51.53,"Taxas de atendimento escolar de crianças de 0 a 3 anos (%)"
3530102,"Mirandópolis",17.6284585,2014,"Escolaridade",38.5,"Taxas de atendimento escolar de crianças de 0 a 3 anos (%)"
3530102,"Mirandópolis",16.75675676,2016,"Escolaridade",42.77,"Taxas de atendimento escolar de crianças de 0 a 3 anos (%)"
3530102,"Mirandópolis",20.38369305,2018,"Escolaridade",47.19,"Taxas de atendimento escolar de crianças de 0 a 3 anos (%)"
3530102,"Mirandópolis",19.8340249,2020,"Escolaridade",48.28,"Taxas de atendimento escolar de crianças de 0 a 3 anos (%)"
3530102,"Mirandópolis",22.38175676,2022,"Escolaridade",48.85,"Taxas de atendimento escolar de crianças de 0 a 3 anos (%)"
3530102,"Mirandópolis",22.91666667,2024,"Escolaridade",51.53,"Taxas de atendimento escolar de crianças de 0 a 3 anos (%)"
3530201,"Mirante do Paranapanema",37.35990037,2014,"Escolaridade",38.5,"Taxas de atendimento escolar de crianças de 0 a 3 anos (%)"
3530201,"Mirante do Paranapanema",41.43576826,2016,"Escolaridade",42.77,"Taxas de atendimento escolar de crianças de 0 a 3 anos (%)"
3530201,"Mirante do Paranapanema",42.25,2018,"Escolaridade",47.19,"Taxas de atendimento escolar de crianças de 0 a 3 anos (%)"
3530201,"Mirante do Paranapanema",33.00124533,2020,"Escolaridade",48.28,"Taxas de atendimento escolar de crianças de 0 a 3 anos (%)"
3530201,"Mirante do Paranapanema",33.71069182,2022,"Escolaridade",48.85,"Taxas de atendimento escolar de crianças de 0 a 3 anos (%)"
3530201,"Mirante do Paranapanema",36.06138107,2024,"Escolaridade",51.53,"Taxas de atendimento escolar de crianças de 0 a 3 anos (%)"
3530300,"Mirassol",51.84,2014,"Escolaridade",38.5,"Taxas de atendimento escolar de crianças de 0 a 3 anos (%)"
3530300,"Mirassol",54.60024106,2016,"Escolaridade",42.77,"Taxas de atendimento escolar de crianças de 0 a 3 anos (%)"
3530300,"Mirassol",52.35772358,2018,"Escolaridade",47.19,"Taxas de atendimento escolar de crianças de 0 a 3 anos (%)"
3530300,"Mirassol",46.66392092,2020,"Escolaridade",48.28,"Taxas de atendimento escolar de crianças de 0 a 3 anos (%)"
3530300,"Mirassol",52.71578947,2022,"Escolaridade",48.85,"Taxas de atendimento escolar de crianças de 0 a 3 anos (%)"
3530300,"Mirassol",57.19895288,2024,"Escolaridade",51.53,"Taxas de atendimento escolar de crianças de 0 a 3 anos (%)"
3530409,"Mirassolândia",56.27906977,2014,"Escolaridade",38.5,"Taxas de atendimento escolar de crianças de 0 a 3 anos (%)"
3530409,"Mirassolândia",51.15207373,2016,"Escolaridade",42.77,"Taxas de atendimento escolar de crianças de 0 a 3 anos (%)"
3530409,"Mirassolândia",59.36073059,2018,"Escolaridade",47.19,"Taxas de atendimento escolar de crianças de 0 a 3 anos (%)"
3530409,"Mirassolândia",54.54545455,2020,"Escolaridade",48.28,"Taxas de atendimento escolar de crianças de 0 a 3 anos (%)"
3530409,"Mirassolândia",61.81818182,2022,"Escolaridade",48.85,"Taxas de atendimento escolar de crianças de 0 a 3 anos (%)"
3530409,"Mirassolândia",63.30275229,2024,"Escolaridade",51.53,"Taxas de atendimento escolar de crianças de 0 a 3 anos (%)"
3530508,"Mococa",51.38844558,2014,"Escolaridade",38.5,"Taxas de atendimento escolar de crianças de 0 a 3 anos (%)"
3530508,"Mococa",55.72865953,2016,"Escolaridade",42.77,"Taxas de atendimento escolar de crianças de 0 a 3 anos (%)"
3530508,"Mococa",55.01509561,2018,"Escolaridade",47.19,"Taxas de atendimento escolar de crianças de 0 a 3 anos (%)"
3530508,"Mococa",49.26981919,2020,"Escolaridade",48.28,"Taxas de atendimento escolar de crianças de 0 a 3 anos (%)"
3530508,"Mococa",48.6940966,2022,"Escolaridade",48.85,"Taxas de atendimento escolar de crianças de 0 a 3 anos (%)"
3530508,"Mococa",48.57571214,2024,"Escolaridade",51.53,"Taxas de atendimento escolar de crianças de 0 a 3 anos (%)"
3530607,"Mogi das Cruzes",36.03142225,2014,"Escolaridade",38.5,"Taxas de atendimento escolar de crianças de 0 a 3 anos (%)"
3530607,"Mogi das Cruzes",42.29267665,2016,"Escolaridade",42.77,"Taxas de atendimento escolar de crianças de 0 a 3 anos (%)"
3530607,"Mogi das Cruzes",45.67758013,2018,"Escolaridade",47.19,"Taxas de atendimento escolar de crianças de 0 a 3 anos (%)"
3530607,"Mogi das Cruzes",45.09998276,2020,"Escolaridade",48.28,"Taxas de atendimento escolar de crianças de 0 a 3 anos (%)"
3530607,"Mogi das Cruzes",49.50731432,2022,"Escolaridade",48.85,"Taxas de atendimento escolar de crianças de 0 a 3 anos (%)"
3530607,"Mogi das Cruzes",51.2118946,2024,"Escolaridade",51.53,"Taxas de atendimento escolar de crianças de 0 a 3 anos (%)"
3530706,"Mogi Guaçu",32.56515775,2014,"Escolaridade",38.5,"Taxas de atendimento escolar de crianças de 0 a 3 anos (%)"
3530706,"Mogi Guaçu",31.95161729,2016,"Escolaridade",42.77,"Taxas de atendimento escolar de crianças de 0 a 3 anos (%)"
3530706,"Mogi Guaçu",37.76477146,2018,"Escolaridade",47.19,"Taxas de atendimento escolar de crianças de 0 a 3 anos (%)"
3530706,"Mogi Guaçu",34.97565168,2020,"Escolaridade",48.28,"Taxas de atendimento escolar de crianças de 0 a 3 anos (%)"
3530706,"Mogi Guaçu",34.856723,2022,"Escolaridade",48.85,"Taxas de atendimento escolar de crianças de 0 a 3 anos (%)"
3530706,"Mogi Guaçu",44.78320821,2024,"Escolaridade",51.53,"Taxas de atendimento escolar de crianças de 0 a 3 anos (%)"
3530805,"Mogi Mirim",43.76770538,2014,"Escolaridade",38.5,"Taxas de atendimento escolar de crianças de 0 a 3 anos (%)"
3530805,"Mogi Mirim",43.77672209,2016,"Escolaridade",42.77,"Taxas de atendimento escolar de crianças de 0 a 3 anos (%)"
3530805,"Mogi Mirim",53.48551792,2018,"Escolaridade",47.19,"Taxas de atendimento escolar de crianças de 0 a 3 anos (%)"
3530805,"Mogi Mirim",53.37235938,2020,"Escolaridade",48.28,"Taxas de atendimento escolar de crianças de 0 a 3 anos (%)"
3530805,"Mogi Mirim",50.49816466,2022,"Escolaridade",48.85,"Taxas de atendimento escolar de crianças de 0 a 3 anos (%)"
3530805,"Mogi Mirim",51.92413414,2024,"Escolaridade",51.53,"Taxas de atendimento escolar de crianças de 0 a 3 anos (%)"
3530904,"Mombuca",47.02702703,2014,"Escolaridade",38.5,"Taxas de atendimento escolar de crianças de 0 a 3 anos (%)"
3530904,"Mombuca",46.40883978,2016,"Escolaridade",42.77,"Taxas de atendimento escolar de crianças de 0 a 3 anos (%)"
3530904,"Mombuca",57.22222222,2018,"Escolaridade",47.19,"Taxas de atendimento escolar de crianças de 0 a 3 anos (%)"
3530904,"Mombuca",54.49438202,2020,"Escolaridade",48.28,"Taxas de atendimento escolar de crianças de 0 a 3 anos (%)"
3530904,"Mombuca",100,2022,"Escolaridade",48.85,"Taxas de atendimento escolar de crianças de 0 a 3 anos (%)"
3530904,"Mombuca",82.63473054,2024,"Escolaridade",51.53,"Taxas de atendimento escolar de crianças de 0 a 3 anos (%)"
3531001,"Monções",56.98924731,2014,"Escolaridade",38.5,"Taxas de atendimento escolar de crianças de 0 a 3 anos (%)"
3531001,"Monções",73.91304348,2016,"Escolaridade",42.77,"Taxas de atendimento escolar de crianças de 0 a 3 anos (%)"
3531001,"Monções",92.04545455,2018,"Escolaridade",47.19,"Taxas de atendimento escolar de crianças de 0 a 3 anos (%)"
3531001,"Monções",78.57142857,2020,"Escolaridade",48.28,"Taxas de atendimento escolar de crianças de 0 a 3 anos (%)"
3531001,"Monções",45.12195122,2022,"Escolaridade",48.85,"Taxas de atendimento escolar de crianças de 0 a 3 anos (%)"
3531001,"Monções",55,2024,"Escolaridade",51.53,"Taxas de atendimento escolar de crianças de 0 a 3 anos (%)"
3531100,"Mongaguá",37.94926004,2014,"Escolaridade",38.5,"Taxas de atendimento escolar de crianças de 0 a 3 anos (%)"
3531100,"Mongaguá",40.21182098,2016,"Escolaridade",42.77,"Taxas de atendimento escolar de crianças de 0 a 3 anos (%)"
3531100,"Mongaguá",34.18551295,2018,"Escolaridade",47.19,"Taxas de atendimento escolar de crianças de 0 a 3 anos (%)"
3531100,"Mongaguá",30.41837056,2020,"Escolaridade",48.28,"Taxas de atendimento escolar de crianças de 0 a 3 anos (%)"
3531100,"Mongaguá",31.29866085,2022,"Escolaridade",48.85,"Taxas de atendimento escolar de crianças de 0 a 3 anos (%)"
3531100,"Mongaguá",35.2398524,2024,"Escolaridade",51.53,"Taxas de atendimento escolar de crianças de 0 a 3 anos (%)"
3531209,"Monte Alegre do Sul",31.48148148,2014,"Escolaridade",38.5,"Taxas de atendimento escolar de crianças de 0 a 3 anos (%)"
3531209,"Monte Alegre do Sul",33.12693498,2016,"Escolaridade",42.77,"Taxas de atendimento escolar de crianças de 0 a 3 anos (%)"
3531209,"Monte Alegre do Sul",41.97530864,2018,"Escolaridade",47.19,"Taxas de atendimento escolar de crianças de 0 a 3 anos (%)"
3531209,"Monte Alegre do Sul",37.34567901,2020,"Escolaridade",48.28,"Taxas de atendimento escolar de crianças de 0 a 3 anos (%)"
3531209,"Monte Alegre do Sul",30.21806854,2022,"Escolaridade",48.85,"Taxas de atendimento escolar de crianças de 0 a 3 anos (%)"
3531209,"Monte Alegre do Sul",38.924050630000004,2024,"Escolaridade",51.53,"Taxas de atendimento escolar de crianças de 0 a 3 anos (%)"
3531308,"Monte Alto",44.31654676,2014,"Escolaridade",38.5,"Taxas de atendimento escolar de crianças de 0 a 3 anos (%)"
3531308,"Monte Alto",46.5060241,2016,"Escolaridade",42.77,"Taxas de atendimento escolar de crianças de 0 a 3 anos (%)"
3531308,"Monte Alto",51.62721893,2018,"Escolaridade",47.19,"Taxas de atendimento escolar de crianças de 0 a 3 anos (%)"
3531308,"Monte Alto",52.27502528,2020,"Escolaridade",48.28,"Taxas de atendimento escolar de crianças de 0 a 3 anos (%)"
3531308,"Monte Alto",53.60125261,2022,"Escolaridade",48.85,"Taxas de atendimento escolar de crianças de 0 a 3 anos (%)"
3531308,"Monte Alto",58.17281233,2024,"Escolaridade",51.53,"Taxas de atendimento escolar de crianças de 0 a 3 anos (%)"
3531407,"Monte Aprazível",38.30439224,2014,"Escolaridade",38.5,"Taxas de atendimento escolar de crianças de 0 a 3 anos (%)"
3531407,"Monte Aprazível",43.30218069,2016,"Escolaridade",42.77,"Taxas de atendimento escolar de crianças de 0 a 3 anos (%)"
3531407,"Monte Aprazível",44.90644491,2018,"Escolaridade",47.19,"Taxas de atendimento escolar de crianças de 0 a 3 anos (%)"
3531407,"Monte Aprazível",42.82722513,2020,"Escolaridade",48.28,"Taxas de atendimento escolar de crianças de 0 a 3 anos (%)"
3531407,"Monte Aprazível",47.09051724,2022,"Escolaridade",48.85,"Taxas de atendimento escolar de crianças de 0 a 3 anos (%)"
3531407,"Monte Aprazível",51.91873589,2024,"Escolaridade",51.53,"Taxas de atendimento escolar de crianças de 0 a 3 anos (%)"
3531506,"Monte Azul Paulista",37.55707763,2014,"Escolaridade",38.5,"Taxas de atendimento escolar de crianças de 0 a 3 anos (%)"
3531506,"Monte Azul Paulista",37.79342723,2016,"Escolaridade",42.77,"Taxas de atendimento escolar de crianças de 0 a 3 anos (%)"
3531506,"Monte Azul Paulista",46.20098039,2018,"Escolaridade",47.19,"Taxas de atendimento escolar de crianças de 0 a 3 anos (%)"
3531506,"Monte Azul Paulista",46.46983312,2020,"Escolaridade",48.28,"Taxas de atendimento escolar de crianças de 0 a 3 anos (%)"
3531506,"Monte Azul Paulista",52.75167785,2022,"Escolaridade",48.85,"Taxas de atendimento escolar de crianças de 0 a 3 anos (%)"
3531506,"Monte Azul Paulista",55.05780347,2024,"Escolaridade",51.53,"Taxas de atendimento escolar de crianças de 0 a 3 anos (%)"
3531605,"Monte Castelo",39.47368421,2014,"Escolaridade",38.5,"Taxas de atendimento escolar de crianças de 0 a 3 anos (%)"
3531605,"Monte Castelo",55.92105263,2016,"Escolaridade",42.77,"Taxas de atendimento escolar de crianças de 0 a 3 anos (%)"
3531605,"Monte Castelo",55.03355705,2018,"Escolaridade",47.19,"Taxas de atendimento escolar de crianças de 0 a 3 anos (%)"
3531605,"Monte Castelo",56.25,2020,"Escolaridade",48.28,"Taxas de atendimento escolar de crianças de 0 a 3 anos (%)"
3531605,"Monte Castelo",64.33566434,2022,"Escolaridade",48.85,"Taxas de atendimento escolar de crianças de 0 a 3 anos (%)"
3531605,"Monte Castelo",79.41176471,2024,"Escolaridade",51.53,"Taxas de atendimento escolar de crianças de 0 a 3 anos (%)"
3531704,"Monteiro Lobato",24.47916667,2014,"Escolaridade",38.5,"Taxas de atendimento escolar de crianças de 0 a 3 anos (%)"
3531704,"Monteiro Lobato",26.17801047,2016,"Escolaridade",42.77,"Taxas de atendimento escolar de crianças de 0 a 3 anos (%)"
3531704,"Monteiro Lobato",27.04081633,2018,"Escolaridade",47.19,"Taxas de atendimento escolar de crianças de 0 a 3 anos (%)"
3531704,"Monteiro Lobato",29,2020,"Escolaridade",48.28,"Taxas de atendimento escolar de crianças de 0 a 3 anos (%)"
3531704,"Monteiro Lobato",32.17821782,2022,"Escolaridade",48.85,"Taxas de atendimento escolar de crianças de 0 a 3 anos (%)"
3531704,"Monteiro Lobato",36,2024,"Escolaridade",51.53,"Taxas de atendimento escolar de crianças de 0 a 3 anos (%)"
3531803,"Monte Mor",47.34403953,2014,"Escolaridade",38.5,"Taxas de atendimento escolar de crianças de 0 a 3 anos (%)"
3531803,"Monte Mor",50.32835821,2016,"Escolaridade",42.77,"Taxas de atendimento escolar de crianças de 0 a 3 anos (%)"
3531803,"Monte Mor",50.45655376,2018,"Escolaridade",47.19,"Taxas de atendimento escolar de crianças de 0 a 3 anos (%)"
3531803,"Monte Mor",46.85497962,2020,"Escolaridade",48.28,"Taxas de atendimento escolar de crianças de 0 a 3 anos (%)"
3531803,"Monte Mor",43.05192921,2022,"Escolaridade",48.85,"Taxas de atendimento escolar de crianças de 0 a 3 anos (%)"
3531803,"Monte Mor",47.25115741,2024,"Escolaridade",51.53,"Taxas de atendimento escolar de crianças de 0 a 3 anos (%)"
3531902,"Morro Agudo",37.94402583,2014,"Escolaridade",38.5,"Taxas de atendimento escolar de crianças de 0 a 3 anos (%)"
3531902,"Morro Agudo",35.05933118,2016,"Escolaridade",42.77,"Taxas de atendimento escolar de crianças de 0 a 3 anos (%)"
3531902,"Morro Agudo",35.07340946,2018,"Escolaridade",47.19,"Taxas de atendimento escolar de crianças de 0 a 3 anos (%)"
3531902,"Morro Agudo",31.59626988,2020,"Escolaridade",48.28,"Taxas de atendimento escolar de crianças de 0 a 3 anos (%)"
3531902,"Morro Agudo",27.03910615,2022,"Escolaridade",48.85,"Taxas de atendimento escolar de crianças de 0 a 3 anos (%)"
3531902,"Morro Agudo",33.46774194,2024,"Escolaridade",51.53,"Taxas de atendimento escolar de crianças de 0 a 3 anos (%)"
3532009,"Morungaba",15.22988506,2014,"Escolaridade",38.5,"Taxas de atendimento escolar de crianças de 0 a 3 anos (%)"
3532009,"Morungaba",25.42134831,2016,"Escolaridade",42.77,"Taxas de atendimento escolar de crianças de 0 a 3 anos (%)"
3532009,"Morungaba",30.45325779,2018,"Escolaridade",47.19,"Taxas de atendimento escolar de crianças de 0 a 3 anos (%)"
3532009,"Morungaba",29.42857143,2020,"Escolaridade",48.28,"Taxas de atendimento escolar de crianças de 0 a 3 anos (%)"
3532009,"Morungaba",39.48126801,2022,"Escolaridade",48.85,"Taxas de atendimento escolar de crianças de 0 a 3 anos (%)"
3532009,"Morungaba",44.47717231,2024,"Escolaridade",51.53,"Taxas de atendimento escolar de crianças de 0 a 3 anos (%)"
3532058,"Motuca",34.23423423,2014,"Escolaridade",38.5,"Taxas de atendimento escolar de crianças de 0 a 3 anos (%)"
3532058,"Motuca",35.58558559,2016,"Escolaridade",42.77,"Taxas de atendimento escolar de crianças de 0 a 3 anos (%)"
3532058,"Motuca",34.24657534,2018,"Escolaridade",47.19,"Taxas de atendimento escolar de crianças de 0 a 3 anos (%)"
3532058,"Motuca",32.55813953,2020,"Escolaridade",48.28,"Taxas de atendimento escolar de crianças de 0 a 3 anos (%)"
3532058,"Motuca",29.24528302,2022,"Escolaridade",48.85,"Taxas de atendimento escolar de crianças de 0 a 3 anos (%)"
3532058,"Motuca",24.87804878,2024,"Escolaridade",51.53,"Taxas de atendimento escolar de crianças de 0 a 3 anos (%)"
3532108,"Murutinga do Sul",50,2014,"Escolaridade",38.5,"Taxas de atendimento escolar de crianças de 0 a 3 anos (%)"
3532108,"Murutinga do Sul",60.56338028,2016,"Escolaridade",42.77,"Taxas de atendimento escolar de crianças de 0 a 3 anos (%)"
3532108,"Murutinga do Sul",60.2739726,2018,"Escolaridade",47.19,"Taxas de atendimento escolar de crianças de 0 a 3 anos (%)"
3532108,"Murutinga do Sul",45.39473684,2020,"Escolaridade",48.28,"Taxas de atendimento escolar de crianças de 0 a 3 anos (%)"
3532108,"Murutinga do Sul",44.96644295,2022,"Escolaridade",48.85,"Taxas de atendimento escolar de crianças de 0 a 3 anos (%)"
3532108,"Murutinga do Sul",49.33333333,2024,"Escolaridade",51.53,"Taxas de atendimento escolar de crianças de 0 a 3 anos (%)"
3532157,"Nantes",61.44578313,2014,"Escolaridade",38.5,"Taxas de atendimento escolar de crianças de 0 a 3 anos (%)"
3532157,"Nantes",43.60465116,2016,"Escolaridade",42.77,"Taxas de atendimento escolar de crianças de 0 a 3 anos (%)"
3532157,"Nantes",52.02312139,2018,"Escolaridade",47.19,"Taxas de atendimento escolar de crianças de 0 a 3 anos (%)"
3532157,"Nantes",55.17241379,2020,"Escolaridade",48.28,"Taxas de atendimento escolar de crianças de 0 a 3 anos (%)"
3532157,"Nantes",35.42857143,2022,"Escolaridade",48.85,"Taxas de atendimento escolar de crianças de 0 a 3 anos (%)"
3532157,"Nantes",45.14285714,2024,"Escolaridade",51.53,"Taxas de atendimento escolar de crianças de 0 a 3 anos (%)"
3532207,"Narandiba",44.76534296,2014,"Escolaridade",38.5,"Taxas de atendimento escolar de crianças de 0 a 3 anos (%)"
3532207,"Narandiba",53.47222222,2016,"Escolaridade",42.77,"Taxas de atendimento escolar de crianças de 0 a 3 anos (%)"
3532207,"Narandiba",64.604811,2018,"Escolaridade",47.19,"Taxas de atendimento escolar de crianças de 0 a 3 anos (%)"
3532207,"Narandiba",58.27586207,2020,"Escolaridade",48.28,"Taxas de atendimento escolar de crianças de 0 a 3 anos (%)"
3532207,"Narandiba",69.20415225,2022,"Escolaridade",48.85,"Taxas de atendimento escolar de crianças de 0 a 3 anos (%)"
3532207,"Narandiba",73.40425532,2024,"Escolaridade",51.53,"Taxas de atendimento escolar de crianças de 0 a 3 anos (%)"
3532306,"Natividade da Serra",0.296735905,2014,"Escolaridade",38.5,"Taxas de atendimento escolar de crianças de 0 a 3 anos (%)"
3532306,"Natividade da Serra",1.179941003,2016,"Escolaridade",42.77,"Taxas de atendimento escolar de crianças de 0 a 3 anos (%)"
3532306,"Natividade da Serra",1.754385965,2018,"Escolaridade",47.19,"Taxas de atendimento escolar de crianças de 0 a 3 anos (%)"
3532306,"Natividade da Serra",4.191616766,2024,"Escolaridade",51.53,"Taxas de atendimento escolar de crianças de 0 a 3 anos (%)"
3532405,"Nazaré Paulista",30.92783505,2014,"Escolaridade",38.5,"Taxas de atendimento escolar de crianças de 0 a 3 anos (%)"
3532405,"Nazaré Paulista",27.54901961,2016,"Escolaridade",42.77,"Taxas de atendimento escolar de crianças de 0 a 3 anos (%)"
3532405,"Nazaré Paulista",31.38613861,2018,"Escolaridade",47.19,"Taxas de atendimento escolar de crianças de 0 a 3 anos (%)"
3532405,"Nazaré Paulista",33.60080241,2020,"Escolaridade",48.28,"Taxas de atendimento escolar de crianças de 0 a 3 anos (%)"
3532405,"Nazaré Paulista",29.41767068,2022,"Escolaridade",48.85,"Taxas de atendimento escolar de crianças de 0 a 3 anos (%)"
3532405,"Nazaré Paulista",33.67037412,2024,"Escolaridade",51.53,"Taxas de atendimento escolar de crianças de 0 a 3 anos (%)"
3532504,"Neves Paulista",37.21682848,2014,"Escolaridade",38.5,"Taxas de atendimento escolar de crianças de 0 a 3 anos (%)"
3532504,"Neves Paulista",42.76315789,2016,"Escolaridade",42.77,"Taxas de atendimento escolar de crianças de 0 a 3 anos (%)"
3532504,"Neves Paulista",51.54639175,2018,"Escolaridade",47.19,"Taxas de atendimento escolar de crianças de 0 a 3 anos (%)"
3532504,"Neves Paulista",64.15770609,2020,"Escolaridade",48.28,"Taxas de atendimento escolar de crianças de 0 a 3 anos (%)"
3532504,"Neves Paulista",65.03759398,2022,"Escolaridade",48.85,"Taxas de atendimento escolar de crianças de 0 a 3 anos (%)"
3532504,"Neves Paulista",80.24193548,2024,"Escolaridade",51.53,"Taxas de atendimento escolar de crianças de 0 a 3 anos (%)"
3532603,"Nhandeara",35.96938776,2014,"Escolaridade",38.5,"Taxas de atendimento escolar de crianças de 0 a 3 anos (%)"
3532603,"Nhandeara",40.15748031,2016,"Escolaridade",42.77,"Taxas de atendimento escolar de crianças de 0 a 3 anos (%)"
3532603,"Nhandeara",50,2018,"Escolaridade",47.19,"Taxas de atendimento escolar de crianças de 0 a 3 anos (%)"
3532603,"Nhandeara",48.91891892,2020,"Escolaridade",48.28,"Taxas de atendimento escolar de crianças de 0 a 3 anos (%)"
3532603,"Nhandeara",39.43661972,2022,"Escolaridade",48.85,"Taxas de atendimento escolar de crianças de 0 a 3 anos (%)"
3532603,"Nhandeara",39.27492447,2024,"Escolaridade",51.53,"Taxas de atendimento escolar de crianças de 0 a 3 anos (%)"
3532702,"Nipoã",35.53719008,2014,"Escolaridade",38.5,"Taxas de atendimento escolar de crianças de 0 a 3 anos (%)"
3532702,"Nipoã",30.70539419,2016,"Escolaridade",42.77,"Taxas de atendimento escolar de crianças de 0 a 3 anos (%)"
3532702,"Nipoã",29.09836066,2018,"Escolaridade",47.19,"Taxas de atendimento escolar de crianças de 0 a 3 anos (%)"
3532702,"Nipoã",30.36437247,2020,"Escolaridade",48.28,"Taxas de atendimento escolar de crianças de 0 a 3 anos (%)"
3532702,"Nipoã",26.44628099,2022,"Escolaridade",48.85,"Taxas de atendimento escolar de crianças de 0 a 3 anos (%)"
3532702,"Nipoã",53.01724138,2024,"Escolaridade",51.53,"Taxas de atendimento escolar de crianças de 0 a 3 anos (%)"
3532801,"Nova Aliança",51.64835165,2014,"Escolaridade",38.5,"Taxas de atendimento escolar de crianças de 0 a 3 anos (%)"
3532801,"Nova Aliança",61.11111111,2016,"Escolaridade",42.77,"Taxas de atendimento escolar de crianças de 0 a 3 anos (%)"
3532801,"Nova Aliança",71.07142857,2018,"Escolaridade",47.19,"Taxas de atendimento escolar de crianças de 0 a 3 anos (%)"
3532801,"Nova Aliança",64.68531469,2020,"Escolaridade",48.28,"Taxas de atendimento escolar de crianças de 0 a 3 anos (%)"
3532801,"Nova Aliança",59.64285714,2022,"Escolaridade",48.85,"Taxas de atendimento escolar de crianças de 0 a 3 anos (%)"
3532801,"Nova Aliança",64.46886447,2024,"Escolaridade",51.53,"Taxas de atendimento escolar de crianças de 0 a 3 anos (%)"
3532827,"Nova Campina",21.90152801,2014,"Escolaridade",38.5,"Taxas de atendimento escolar de crianças de 0 a 3 anos (%)"
3532827,"Nova Campina",30.47775947,2016,"Escolaridade",42.77,"Taxas de atendimento escolar de crianças de 0 a 3 anos (%)"
3532827,"Nova Campina",29.6474359,2018,"Escolaridade",47.19,"Taxas de atendimento escolar de crianças de 0 a 3 anos (%)"
3532827,"Nova Campina",23.20872274,2020,"Escolaridade",48.28,"Taxas de atendimento escolar de crianças de 0 a 3 anos (%)"
3532827,"Nova Campina",30.95975232,2022,"Escolaridade",48.85,"Taxas de atendimento escolar de crianças de 0 a 3 anos (%)"
3532827,"Nova Campina",31.07692308,2024,"Escolaridade",51.53,"Taxas de atendimento escolar de crianças de 0 a 3 anos (%)"
3532843,"Nova Canaã Paulista",64.70588235,2014,"Escolaridade",38.5,"Taxas de atendimento escolar de crianças de 0 a 3 anos (%)"
3532843,"Nova Canaã Paulista",65.67164179,2016,"Escolaridade",42.77,"Taxas de atendimento escolar de crianças de 0 a 3 anos (%)"
3532843,"Nova Canaã Paulista",64.61538462,2018,"Escolaridade",47.19,"Taxas de atendimento escolar de crianças de 0 a 3 anos (%)"
3532843,"Nova Canaã Paulista",46.77419355,2020,"Escolaridade",48.28,"Taxas de atendimento escolar de crianças de 0 a 3 anos (%)"
3532843,"Nova Canaã Paulista",52.38095238,2022,"Escolaridade",48.85,"Taxas de atendimento escolar de crianças de 0 a 3 anos (%)"
3532843,"Nova Canaã Paulista",55.17241379,2024,"Escolaridade",51.53,"Taxas de atendimento escolar de crianças de 0 a 3 anos (%)"
3532868,"Nova Castilho",60,2014,"Escolaridade",38.5,"Taxas de atendimento escolar de crianças de 0 a 3 anos (%)"
3532868,"Nova Castilho",65.45454545,2016,"Escolaridade",42.77,"Taxas de atendimento escolar de crianças de 0 a 3 anos (%)"
3532868,"Nova Castilho",82.14285714,2018,"Escolaridade",47.19,"Taxas de atendimento escolar de crianças de 0 a 3 anos (%)"
3532868,"Nova Castilho",46.42857143,2020,"Escolaridade",48.28,"Taxas de atendimento escolar de crianças de 0 a 3 anos (%)"
3532868,"Nova Castilho",38.18181818,2022,"Escolaridade",48.85,"Taxas de atendimento escolar de crianças de 0 a 3 anos (%)"
3532868,"Nova Castilho",70.58823529,2024,"Escolaridade",51.53,"Taxas de atendimento escolar de crianças de 0 a 3 anos (%)"
3532900,"Nova Europa",34.7826087,2014,"Escolaridade",38.5,"Taxas de atendimento escolar de crianças de 0 a 3 anos (%)"
3532900,"Nova Europa",42.9389313,2016,"Escolaridade",42.77,"Taxas de atendimento escolar de crianças de 0 a 3 anos (%)"
3532900,"Nova Europa",44.07407407,2018,"Escolaridade",47.19,"Taxas de atendimento escolar de crianças de 0 a 3 anos (%)"
3532900,"Nova Europa",38.59964093,2020,"Escolaridade",48.28,"Taxas de atendimento escolar de crianças de 0 a 3 anos (%)"
3532900,"Nova Europa",41.04882459,2022,"Escolaridade",48.85,"Taxas de atendimento escolar de crianças de 0 a 3 anos (%)"
3532900,"Nova Europa",43.40659341,2024,"Escolaridade",51.53,"Taxas de atendimento escolar de crianças de 0 a 3 anos (%)"
3533007,"Nova Granada",36.11971104,2014,"Escolaridade",38.5,"Taxas de atendimento escolar de crianças de 0 a 3 anos (%)"
3533007,"Nova Granada",39.05447071,2016,"Escolaridade",42.77,"Taxas de atendimento escolar de crianças de 0 a 3 anos (%)"
3533007,"Nova Granada",40.12345679,2018,"Escolaridade",47.19,"Taxas de atendimento escolar de crianças de 0 a 3 anos (%)"
3533007,"Nova Granada",44.22680412,2020,"Escolaridade",48.28,"Taxas de atendimento escolar de crianças de 0 a 3 anos (%)"
3533007,"Nova Granada",39.51781971,2022,"Escolaridade",48.85,"Taxas de atendimento escolar de crianças de 0 a 3 anos (%)"
3533007,"Nova Granada",41.81034483,2024,"Escolaridade",51.53,"Taxas de atendimento escolar de crianças de 0 a 3 anos (%)"
3533106,"Nova Guataporanga",65.85365854,2014,"Escolaridade",38.5,"Taxas de atendimento escolar de crianças de 0 a 3 anos (%)"
3533106,"Nova Guataporanga",69.04761905,2016,"Escolaridade",42.77,"Taxas de atendimento escolar de crianças de 0 a 3 anos (%)"
3533106,"Nova Guataporanga",56.47058824,2018,"Escolaridade",47.19,"Taxas de atendimento escolar de crianças de 0 a 3 anos (%)"
3533106,"Nova Guataporanga",68.60465116,2020,"Escolaridade",48.28,"Taxas de atendimento escolar de crianças de 0 a 3 anos (%)"
3533106,"Nova Guataporanga",69.51219512,2022,"Escolaridade",48.85,"Taxas de atendimento escolar de crianças de 0 a 3 anos (%)"
3533106,"Nova Guataporanga",69.51219512,2024,"Escolaridade",51.53,"Taxas de atendimento escolar de crianças de 0 a 3 anos (%)"
3533205,"Nova Independência",56.14973262,2014,"Escolaridade",38.5,"Taxas de atendimento escolar de crianças de 0 a 3 anos (%)"
3533205,"Nova Independência",58.42105263,2016,"Escolaridade",42.77,"Taxas de atendimento escolar de crianças de 0 a 3 anos (%)"
3533205,"Nova Independência",66.66666667,2018,"Escolaridade",47.19,"Taxas de atendimento escolar de crianças de 0 a 3 anos (%)"
3533205,"Nova Independência",78.78787879,2020,"Escolaridade",48.28,"Taxas de atendimento escolar de crianças de 0 a 3 anos (%)"
3533205,"Nova Independência",62.94416244,2022,"Escolaridade",48.85,"Taxas de atendimento escolar de crianças de 0 a 3 anos (%)"
3533205,"Nova Independência",65.82914573,2024,"Escolaridade",51.53,"Taxas de atendimento escolar de crianças de 0 a 3 anos (%)"
3533254,"Novais",49.49152542,2014,"Escolaridade",38.5,"Taxas de atendimento escolar de crianças de 0 a 3 anos (%)"
3533254,"Novais",41.58075601,2016,"Escolaridade",42.77,"Taxas de atendimento escolar de crianças de 0 a 3 anos (%)"
3533254,"Novais",50.16611296,2018,"Escolaridade",47.19,"Taxas de atendimento escolar de crianças de 0 a 3 anos (%)"
3533254,"Novais",39.61038961,2020,"Escolaridade",48.28,"Taxas de atendimento escolar de crianças de 0 a 3 anos (%)"
3533254,"Novais",48.68421053,2022,"Escolaridade",48.85,"Taxas de atendimento escolar de crianças de 0 a 3 anos (%)"
3533254,"Novais",44.8630137,2024,"Escolaridade",51.53,"Taxas de atendimento escolar de crianças de 0 a 3 anos (%)"
3533304,"Nova Luzitânia",41.43646409,2014,"Escolaridade",38.5,"Taxas de atendimento escolar de crianças de 0 a 3 anos (%)"
3533304,"Nova Luzitânia",39.89071038,2016,"Escolaridade",42.77,"Taxas de atendimento escolar de crianças de 0 a 3 anos (%)"
3533304,"Nova Luzitânia",37.23404255,2018,"Escolaridade",47.19,"Taxas de atendimento escolar de crianças de 0 a 3 anos (%)"
3533304,"Nova Luzitânia",31.05263158,2020,"Escolaridade",48.28,"Taxas de atendimento escolar de crianças de 0 a 3 anos (%)"
3533304,"Nova Luzitânia",34.73684211,2022,"Escolaridade",48.85,"Taxas de atendimento escolar de crianças de 0 a 3 anos (%)"
3533304,"Nova Luzitânia",35.97883598,2024,"Escolaridade",51.53,"Taxas de atendimento escolar de crianças de 0 a 3 anos (%)"
3533403,"Nova Odessa",45.39249147,2014,"Escolaridade",38.5,"Taxas de atendimento escolar de crianças de 0 a 3 anos (%)"
3533403,"Nova Odessa",50.47010154,2016,"Escolaridade",42.77,"Taxas de atendimento escolar de crianças de 0 a 3 anos (%)"
3533403,"Nova Odessa",53.03658997,2018,"Escolaridade",47.19,"Taxas de atendimento escolar de crianças de 0 a 3 anos (%)"
3533403,"Nova Odessa",50.66464109,2020,"Escolaridade",48.28,"Taxas de atendimento escolar de crianças de 0 a 3 anos (%)"
3533403,"Nova Odessa",46.27844196,2022,"Escolaridade",48.85,"Taxas de atendimento escolar de crianças de 0 a 3 anos (%)"
3533403,"Nova Odessa",51.02766798,2024,"Escolaridade",51.53,"Taxas de atendimento escolar de crianças de 0 a 3 anos (%)"
3533502,"Novo Horizonte",33.22128852,2014,"Escolaridade",38.5,"Taxas de atendimento escolar de crianças de 0 a 3 anos (%)"
3533502,"Novo Horizonte",39.83193277,2016,"Escolaridade",42.77,"Taxas de atendimento escolar de crianças de 0 a 3 anos (%)"
3533502,"Novo Horizonte",43.65168539,2018,"Escolaridade",47.19,"Taxas de atendimento escolar de crianças de 0 a 3 anos (%)"
3533502,"Novo Horizonte",34.7386172,2020,"Escolaridade",48.28,"Taxas de atendimento escolar de crianças de 0 a 3 anos (%)"
3533502,"Novo Horizonte",28.07318468,2022,"Escolaridade",48.85,"Taxas de atendimento escolar de crianças de 0 a 3 anos (%)"
3533502,"Novo Horizonte",29.71227246,2024,"Escolaridade",51.53,"Taxas de atendimento escolar de crianças de 0 a 3 anos (%)"
3533601,"Nuporanga",55.24691358,2014,"Escolaridade",38.5,"Taxas de atendimento escolar de crianças de 0 a 3 anos (%)"
3533601,"Nuporanga",58.02469136,2016,"Escolaridade",42.77,"Taxas de atendimento escolar de crianças de 0 a 3 anos (%)"
3533601,"Nuporanga",65.52795031,2018,"Escolaridade",47.19,"Taxas de atendimento escolar de crianças de 0 a 3 anos (%)"
3533601,"Nuporanga",60.2484472,2020,"Escolaridade",48.28,"Taxas de atendimento escolar de crianças de 0 a 3 anos (%)"
3533601,"Nuporanga",65.49520767,2022,"Escolaridade",48.85,"Taxas de atendimento escolar de crianças de 0 a 3 anos (%)"
3533601,"Nuporanga",73,2024,"Escolaridade",51.53,"Taxas de atendimento escolar de crianças de 0 a 3 anos (%)"
3533700,"Ocauçu",77.29468599,2014,"Escolaridade",38.5,"Taxas de atendimento escolar de crianças de 0 a 3 anos (%)"
3533700,"Ocauçu",71,2016,"Escolaridade",42.77,"Taxas de atendimento escolar de crianças de 0 a 3 anos (%)"
3533700,"Ocauçu",64.46700508,2018,"Escolaridade",47.19,"Taxas de atendimento escolar de crianças de 0 a 3 anos (%)"
3533700,"Ocauçu",77.55102041,2020,"Escolaridade",48.28,"Taxas de atendimento escolar de crianças de 0 a 3 anos (%)"
3533700,"Ocauçu",70.52631579,2022,"Escolaridade",48.85,"Taxas de atendimento escolar de crianças de 0 a 3 anos (%)"
3533700,"Ocauçu",72.82608696,2024,"Escolaridade",51.53,"Taxas de atendimento escolar de crianças de 0 a 3 anos (%)"
3533809,"Óleo",37.70491803,2014,"Escolaridade",38.5,"Taxas de atendimento escolar de crianças de 0 a 3 anos (%)"
3533809,"Óleo",50.80645161,2016,"Escolaridade",42.77,"Taxas de atendimento escolar de crianças de 0 a 3 anos (%)"
3533809,"Óleo",52.99145299,2018,"Escolaridade",47.19,"Taxas de atendimento escolar de crianças de 0 a 3 anos (%)"
3533809,"Óleo",43.85964912,2020,"Escolaridade",48.28,"Taxas de atendimento escolar de crianças de 0 a 3 anos (%)"
3533809,"Óleo",30.97345133,2022,"Escolaridade",48.85,"Taxas de atendimento escolar de crianças de 0 a 3 anos (%)"
3533809,"Óleo",38.9380531,2024,"Escolaridade",51.53,"Taxas de atendimento escolar de crianças de 0 a 3 anos (%)"
3533908,"Olímpia",45.32520325,2014,"Escolaridade",38.5,"Taxas de atendimento escolar de crianças de 0 a 3 anos (%)"
3533908,"Olímpia",54.07742998,2016,"Escolaridade",42.77,"Taxas de atendimento escolar de crianças de 0 a 3 anos (%)"
3533908,"Olímpia",65.90909091,2018,"Escolaridade",47.19,"Taxas de atendimento escolar de crianças de 0 a 3 anos (%)"
3533908,"Olímpia",67.383821,2020,"Escolaridade",48.28,"Taxas de atendimento escolar de crianças de 0 a 3 anos (%)"
3533908,"Olímpia",66.04361371,2022,"Escolaridade",48.85,"Taxas de atendimento escolar de crianças de 0 a 3 anos (%)"
3533908,"Olímpia",73.15814172,2024,"Escolaridade",51.53,"Taxas de atendimento escolar de crianças de 0 a 3 anos (%)"
3534005,"Onda Verde",34.82587065,2014,"Escolaridade",38.5,"Taxas de atendimento escolar de crianças de 0 a 3 anos (%)"
3534005,"Onda Verde",35.14851485,2016,"Escolaridade",42.77,"Taxas de atendimento escolar de crianças de 0 a 3 anos (%)"
3534005,"Onda Verde",45.32019704,2018,"Escolaridade",47.19,"Taxas de atendimento escolar de crianças de 0 a 3 anos (%)"
3534005,"Onda Verde",54.95049505,2020,"Escolaridade",48.28,"Taxas de atendimento escolar de crianças de 0 a 3 anos (%)"
3534005,"Onda Verde",52.02020202,2022,"Escolaridade",48.85,"Taxas de atendimento escolar de crianças de 0 a 3 anos (%)"
3534005,"Onda Verde",55.67010309,2024,"Escolaridade",51.53,"Taxas de atendimento escolar de crianças de 0 a 3 anos (%)"
3534104,"Oriente",32.06896552,2014,"Escolaridade",38.5,"Taxas de atendimento escolar de crianças de 0 a 3 anos (%)"
3534104,"Oriente",36.1774744,2016,"Escolaridade",42.77,"Taxas de atendimento escolar de crianças de 0 a 3 anos (%)"
3534104,"Oriente",31.57894737,2018,"Escolaridade",47.19,"Taxas de atendimento escolar de crianças de 0 a 3 anos (%)"
3534104,"Oriente",29.34782609,2020,"Escolaridade",48.28,"Taxas de atendimento escolar de crianças de 0 a 3 anos (%)"
3534104,"Oriente",40.44117647,2022,"Escolaridade",48.85,"Taxas de atendimento escolar de crianças de 0 a 3 anos (%)"
3534104,"Oriente",41.60305344,2024,"Escolaridade",51.53,"Taxas de atendimento escolar de crianças de 0 a 3 anos (%)"
3534203,"Orindiúva",34.80825959,2014,"Escolaridade",38.5,"Taxas de atendimento escolar de crianças de 0 a 3 anos (%)"
3534203,"Orindiúva",33.33333333,2016,"Escolaridade",42.77,"Taxas de atendimento escolar de crianças de 0 a 3 anos (%)"
3534203,"Orindiúva",44.03409091,2018,"Escolaridade",47.19,"Taxas de atendimento escolar de crianças de 0 a 3 anos (%)"
3534203,"Orindiúva",40.05602241,2020,"Escolaridade",48.28,"Taxas de atendimento escolar de crianças de 0 a 3 anos (%)"
3534203,"Orindiúva",44.03409091,2022,"Escolaridade",48.85,"Taxas de atendimento escolar de crianças de 0 a 3 anos (%)"
3534203,"Orindiúva",44.38040346,2024,"Escolaridade",51.53,"Taxas de atendimento escolar de crianças de 0 a 3 anos (%)"
3534302,"Orlândia",51.47265077,2014,"Escolaridade",38.5,"Taxas de atendimento escolar de crianças de 0 a 3 anos (%)"
3534302,"Orlândia",51.04022191,2016,"Escolaridade",42.77,"Taxas de atendimento escolar de crianças de 0 a 3 anos (%)"
3534302,"Orlândia",54.01146132,2018,"Escolaridade",47.19,"Taxas de atendimento escolar de crianças de 0 a 3 anos (%)"
3534302,"Orlândia",49.95049505,2020,"Escolaridade",48.28,"Taxas de atendimento escolar de crianças de 0 a 3 anos (%)"
3534302,"Orlândia",49.89837398,2022,"Escolaridade",48.85,"Taxas de atendimento escolar de crianças de 0 a 3 anos (%)"
3534302,"Orlândia",56.71957672,2024,"Escolaridade",51.53,"Taxas de atendimento escolar de crianças de 0 a 3 anos (%)"
3534401,"Osasco",33.48420866,2014,"Escolaridade",38.5,"Taxas de atendimento escolar de crianças de 0 a 3 anos (%)"
3534401,"Osasco",39.19848293,2016,"Escolaridade",42.77,"Taxas de atendimento escolar de crianças de 0 a 3 anos (%)"
3534401,"Osasco",43.7618746,2018,"Escolaridade",47.19,"Taxas de atendimento escolar de crianças de 0 a 3 anos (%)"
3534401,"Osasco",49.47089216,2020,"Escolaridade",48.28,"Taxas de atendimento escolar de crianças de 0 a 3 anos (%)"
3534401,"Osasco",48.84358742,2022,"Escolaridade",48.85,"Taxas de atendimento escolar de crianças de 0 a 3 anos (%)"
3534401,"Osasco",52.2131941,2024,"Escolaridade",51.53,"Taxas de atendimento escolar de crianças de 0 a 3 anos (%)"
3534500,"Oscar Bressane",70.47619048,2014,"Escolaridade",38.5,"Taxas de atendimento escolar de crianças de 0 a 3 anos (%)"
3534500,"Oscar Bressane",53.33333333,2016,"Escolaridade",42.77,"Taxas de atendimento escolar de crianças de 0 a 3 anos (%)"
3534500,"Oscar Bressane",66.01941748,2018,"Escolaridade",47.19,"Taxas de atendimento escolar de crianças de 0 a 3 anos (%)"
3534500,"Oscar Bressane",79.24528302,2020,"Escolaridade",48.28,"Taxas de atendimento escolar de crianças de 0 a 3 anos (%)"
3534500,"Oscar Bressane",61,2022,"Escolaridade",48.85,"Taxas de atendimento escolar de crianças de 0 a 3 anos (%)"
3534500,"Oscar Bressane",58.94736842,2024,"Escolaridade",51.53,"Taxas de atendimento escolar de crianças de 0 a 3 anos (%)"
3534609,"Osvaldo Cruz",51.95758564,2014,"Escolaridade",38.5,"Taxas de atendimento escolar de crianças de 0 a 3 anos (%)"
3534609,"Osvaldo Cruz",58.04597701,2016,"Escolaridade",42.77,"Taxas de atendimento escolar de crianças de 0 a 3 anos (%)"
3534609,"Osvaldo Cruz",55.21267723,2018,"Escolaridade",47.19,"Taxas de atendimento escolar de crianças de 0 a 3 anos (%)"
3534609,"Osvaldo Cruz",55.05522515,2020,"Escolaridade",48.28,"Taxas de atendimento escolar de crianças de 0 a 3 anos (%)"
3534609,"Osvaldo Cruz",49.17030568,2022,"Escolaridade",48.85,"Taxas de atendimento escolar de crianças de 0 a 3 anos (%)"
3534609,"Osvaldo Cruz",54.00728597,2024,"Escolaridade",51.53,"Taxas de atendimento escolar de crianças de 0 a 3 anos (%)"
3534708,"Ourinhos",28.69915849,2014,"Escolaridade",38.5,"Taxas de atendimento escolar de crianças de 0 a 3 anos (%)"
3534708,"Ourinhos",32.86859533,2016,"Escolaridade",42.77,"Taxas de atendimento escolar de crianças de 0 a 3 anos (%)"
3534708,"Ourinhos",31.90696023,2018,"Escolaridade",47.19,"Taxas de atendimento escolar de crianças de 0 a 3 anos (%)"
3534708,"Ourinhos",31.14130435,2020,"Escolaridade",48.28,"Taxas de atendimento escolar de crianças de 0 a 3 anos (%)"
3534708,"Ourinhos",28.5555143,2022,"Escolaridade",48.85,"Taxas de atendimento escolar de crianças de 0 a 3 anos (%)"
3534708,"Ourinhos",35.17839923,2024,"Escolaridade",51.53,"Taxas de atendimento escolar de crianças de 0 a 3 anos (%)"
3534757,"Ouroeste",50.54229935,2014,"Escolaridade",38.5,"Taxas de atendimento escolar de crianças de 0 a 3 anos (%)"
3534757,"Ouroeste",54.62184874,2016,"Escolaridade",42.77,"Taxas de atendimento escolar de crianças de 0 a 3 anos (%)"
3534757,"Ouroeste",56.52173913,2018,"Escolaridade",47.19,"Taxas de atendimento escolar de crianças de 0 a 3 anos (%)"
3534757,"Ouroeste",56.44171779,2020,"Escolaridade",48.28,"Taxas de atendimento escolar de crianças de 0 a 3 anos (%)"
3534757,"Ouroeste",50.10309278,2022,"Escolaridade",48.85,"Taxas de atendimento escolar de crianças de 0 a 3 anos (%)"
3534757,"Ouroeste",47.36842105,2024,"Escolaridade",51.53,"Taxas de atendimento escolar de crianças de 0 a 3 anos (%)"
3534807,"Ouro Verde",21.94570136,2014,"Escolaridade",38.5,"Taxas de atendimento escolar de crianças de 0 a 3 anos (%)"
3534807,"Ouro Verde",30.42505593,2016,"Escolaridade",42.77,"Taxas de atendimento escolar de crianças de 0 a 3 anos (%)"
3534807,"Ouro Verde",31.37697517,2018,"Escolaridade",47.19,"Taxas de atendimento escolar de crianças de 0 a 3 anos (%)"
3534807,"Ouro Verde",33.48519362,2020,"Escolaridade",48.28,"Taxas de atendimento escolar de crianças de 0 a 3 anos (%)"
3534807,"Ouro Verde",37.44186047,2022,"Escolaridade",48.85,"Taxas de atendimento escolar de crianças de 0 a 3 anos (%)"
3534807,"Ouro Verde",45.6937799,2024,"Escolaridade",51.53,"Taxas de atendimento escolar de crianças de 0 a 3 anos (%)"
3534906,"Pacaembu",43.55555556,2014,"Escolaridade",38.5,"Taxas de atendimento escolar de crianças de 0 a 3 anos (%)"
3534906,"Pacaembu",44.90740741,2016,"Escolaridade",42.77,"Taxas de atendimento escolar de crianças de 0 a 3 anos (%)"
3534906,"Pacaembu",47.5638051,2018,"Escolaridade",47.19,"Taxas de atendimento escolar de crianças de 0 a 3 anos (%)"
3534906,"Pacaembu",47.42990654,2020,"Escolaridade",48.28,"Taxas de atendimento escolar de crianças de 0 a 3 anos (%)"
3534906,"Pacaembu",44.23076923,2022,"Escolaridade",48.85,"Taxas de atendimento escolar de crianças de 0 a 3 anos (%)"
3534906,"Pacaembu",60.75949367,2024,"Escolaridade",51.53,"Taxas de atendimento escolar de crianças de 0 a 3 anos (%)"
3535002,"Palestina",55.75757576,2014,"Escolaridade",38.5,"Taxas de atendimento escolar de crianças de 0 a 3 anos (%)"
3535002,"Palestina",59.87654321,2016,"Escolaridade",42.77,"Taxas de atendimento escolar de crianças de 0 a 3 anos (%)"
3535002,"Palestina",60.55776892,2018,"Escolaridade",47.19,"Taxas de atendimento escolar de crianças de 0 a 3 anos (%)"
3535002,"Palestina",53.00970874,2020,"Escolaridade",48.28,"Taxas de atendimento escolar de crianças de 0 a 3 anos (%)"
3535002,"Palestina",53.30661323,2022,"Escolaridade",48.85,"Taxas de atendimento escolar de crianças de 0 a 3 anos (%)"
3535002,"Palestina",55.41666667,2024,"Escolaridade",51.53,"Taxas de atendimento escolar de crianças de 0 a 3 anos (%)"
3535101,"Palmares Paulista",23.01710731,2014,"Escolaridade",38.5,"Taxas de atendimento escolar de crianças de 0 a 3 anos (%)"
3535101,"Palmares Paulista",29.50310559,2016,"Escolaridade",42.77,"Taxas de atendimento escolar de crianças de 0 a 3 anos (%)"
3535101,"Palmares Paulista",32.17522659,2018,"Escolaridade",47.19,"Taxas de atendimento escolar de crianças de 0 a 3 anos (%)"
3535101,"Palmares Paulista",31.40740741,2020,"Escolaridade",48.28,"Taxas de atendimento escolar de crianças de 0 a 3 anos (%)"
3535101,"Palmares Paulista",31.09118087,2022,"Escolaridade",48.85,"Taxas de atendimento escolar de crianças de 0 a 3 anos (%)"
3535101,"Palmares Paulista",30.36809816,2024,"Escolaridade",51.53,"Taxas de atendimento escolar de crianças de 0 a 3 anos (%)"
3535200,"Palmeira d'Oeste",34.84419263,2014,"Escolaridade",38.5,"Taxas de atendimento escolar de crianças de 0 a 3 anos (%)"
3535200,"Palmeira d'Oeste",34.870317,2016,"Escolaridade",42.77,"Taxas de atendimento escolar de crianças de 0 a 3 anos (%)"
3535200,"Palmeira d'Oeste",42.26190476,2018,"Escolaridade",47.19,"Taxas de atendimento escolar de crianças de 0 a 3 anos (%)"
3535200,"Palmeira d'Oeste",40.06116208,2020,"Escolaridade",48.28,"Taxas de atendimento escolar de crianças de 0 a 3 anos (%)"
3535200,"Palmeira d'Oeste",44.65408805,2022,"Escolaridade",48.85,"Taxas de atendimento escolar de crianças de 0 a 3 anos (%)"
3535200,"Palmeira d'Oeste",49.01960784,2024,"Escolaridade",51.53,"Taxas de atendimento escolar de crianças de 0 a 3 anos (%)"
3535309,"Palmital",54.00372439,2014,"Escolaridade",38.5,"Taxas de atendimento escolar de crianças de 0 a 3 anos (%)"
3535309,"Palmital",55.18207283,2016,"Escolaridade",42.77,"Taxas de atendimento escolar de crianças de 0 a 3 anos (%)"
3535309,"Palmital",53.21805956,2018,"Escolaridade",47.19,"Taxas de atendimento escolar de crianças de 0 a 3 anos (%)"
3535309,"Palmital",53.71655104,2020,"Escolaridade",48.28,"Taxas de atendimento escolar de crianças de 0 a 3 anos (%)"
3535309,"Palmital",51.0681587,2022,"Escolaridade",48.85,"Taxas de atendimento escolar de crianças de 0 a 3 anos (%)"
3535309,"Palmital",55.08474576,2024,"Escolaridade",51.53,"Taxas de atendimento escolar de crianças de 0 a 3 anos (%)"
3535408,"Panorama",40.59775841,2014,"Escolaridade",38.5,"Taxas de atendimento escolar de crianças de 0 a 3 anos (%)"
3535408,"Panorama",41.76245211,2016,"Escolaridade",42.77,"Taxas de atendimento escolar de crianças de 0 a 3 anos (%)"
3535408,"Panorama",46.54731458,2018,"Escolaridade",47.19,"Taxas de atendimento escolar de crianças de 0 a 3 anos (%)"
3535408,"Panorama",45.43114543,2020,"Escolaridade",48.28,"Taxas de atendimento escolar de crianças de 0 a 3 anos (%)"
3535408,"Panorama",39.0052356,2022,"Escolaridade",48.85,"Taxas de atendimento escolar de crianças de 0 a 3 anos (%)"
3535408,"Panorama",42.93405114,2024,"Escolaridade",51.53,"Taxas de atendimento escolar de crianças de 0 a 3 anos (%)"
3535507,"Paraguaçu Paulista",46.86795854,2014,"Escolaridade",38.5,"Taxas de atendimento escolar de crianças de 0 a 3 anos (%)"
3535507,"Paraguaçu Paulista",49.88733664,2016,"Escolaridade",42.77,"Taxas de atendimento escolar de crianças de 0 a 3 anos (%)"
3535507,"Paraguaçu Paulista",56.43835616,2018,"Escolaridade",47.19,"Taxas de atendimento escolar de crianças de 0 a 3 anos (%)"
3535507,"Paraguaçu Paulista",53.817677,2020,"Escolaridade",48.28,"Taxas de atendimento escolar de crianças de 0 a 3 anos (%)"
3535507,"Paraguaçu Paulista",49.40504522,2022,"Escolaridade",48.85,"Taxas de atendimento escolar de crianças de 0 a 3 anos (%)"
3535507,"Paraguaçu Paulista",50.6215813,2024,"Escolaridade",51.53,"Taxas de atendimento escolar de crianças de 0 a 3 anos (%)"
3535606,"Paraibuna",14.8217636,2014,"Escolaridade",38.5,"Taxas de atendimento escolar de crianças de 0 a 3 anos (%)"
3535606,"Paraibuna",21.30394858,2016,"Escolaridade",42.77,"Taxas de atendimento escolar de crianças de 0 a 3 anos (%)"
3535606,"Paraibuna",21.40151515,2018,"Escolaridade",47.19,"Taxas de atendimento escolar de crianças de 0 a 3 anos (%)"
3535606,"Paraibuna",18.51126347,2020,"Escolaridade",48.28,"Taxas de atendimento escolar de crianças de 0 a 3 anos (%)"
3535606,"Paraibuna",17.76447106,2022,"Escolaridade",48.85,"Taxas de atendimento escolar de crianças de 0 a 3 anos (%)"
3535606,"Paraibuna",21.52420185,2024,"Escolaridade",51.53,"Taxas de atendimento escolar de crianças de 0 a 3 anos (%)"
3535705,"Paraíso",36.45833333,2014,"Escolaridade",38.5,"Taxas de atendimento escolar de crianças de 0 a 3 anos (%)"
3535705,"Paraíso",41.99288256,2016,"Escolaridade",42.77,"Taxas de atendimento escolar de crianças de 0 a 3 anos (%)"
3535705,"Paraíso",36.17021277,2018,"Escolaridade",47.19,"Taxas de atendimento escolar de crianças de 0 a 3 anos (%)"
3535705,"Paraíso",46.23655914,2020,"Escolaridade",48.28,"Taxas de atendimento escolar de crianças de 0 a 3 anos (%)"
3535705,"Paraíso",35.42435424,2022,"Escolaridade",48.85,"Taxas de atendimento escolar de crianças de 0 a 3 anos (%)"
3535705,"Paraíso",46.59090909,2024,"Escolaridade",51.53,"Taxas de atendimento escolar de crianças de 0 a 3 anos (%)"
3535804,"Paranapanema",36.75777568,2014,"Escolaridade",38.5,"Taxas de atendimento escolar de crianças de 0 a 3 anos (%)"
3535804,"Paranapanema",40.25974026,2016,"Escolaridade",42.77,"Taxas de atendimento escolar de crianças de 0 a 3 anos (%)"
3535804,"Paranapanema",45.20295203,2018,"Escolaridade",47.19,"Taxas de atendimento escolar de crianças de 0 a 3 anos (%)"
3535804,"Paranapanema",44.62809917,2020,"Escolaridade",48.28,"Taxas de atendimento escolar de crianças de 0 a 3 anos (%)"
3535804,"Paranapanema",47.41219963,2022,"Escolaridade",48.85,"Taxas de atendimento escolar de crianças de 0 a 3 anos (%)"
3535804,"Paranapanema",53.23336457,2024,"Escolaridade",51.53,"Taxas de atendimento escolar de crianças de 0 a 3 anos (%)"
3535903,"Paranapuã",52.25806452,2014,"Escolaridade",38.5,"Taxas de atendimento escolar de crianças de 0 a 3 anos (%)"
3535903,"Paranapuã",66.23376623,2016,"Escolaridade",42.77,"Taxas de atendimento escolar de crianças de 0 a 3 anos (%)"
3535903,"Paranapuã",67.54966887,2018,"Escolaridade",47.19,"Taxas de atendimento escolar de crianças de 0 a 3 anos (%)"
3535903,"Paranapuã",74.34210526,2020,"Escolaridade",48.28,"Taxas de atendimento escolar de crianças de 0 a 3 anos (%)"
3535903,"Paranapuã",72,2022,"Escolaridade",48.85,"Taxas de atendimento escolar de crianças de 0 a 3 anos (%)"
3535903,"Paranapuã",89.79591837,2024,"Escolaridade",51.53,"Taxas de atendimento escolar de crianças de 0 a 3 anos (%)"
3536000,"Parapuã",28.84160757,2014,"Escolaridade",38.5,"Taxas de atendimento escolar de crianças de 0 a 3 anos (%)"
3536000,"Parapuã",25.90799031,2016,"Escolaridade",42.77,"Taxas de atendimento escolar de crianças de 0 a 3 anos (%)"
3536000,"Parapuã",27.22772277,2018,"Escolaridade",47.19,"Taxas de atendimento escolar de crianças de 0 a 3 anos (%)"
3536000,"Parapuã",30.73047859,2020,"Escolaridade",48.28,"Taxas de atendimento escolar de crianças de 0 a 3 anos (%)"
3536000,"Parapuã",27.27272727,2022,"Escolaridade",48.85,"Taxas de atendimento escolar de crianças de 0 a 3 anos (%)"
3536000,"Parapuã",39.72972973,2024,"Escolaridade",51.53,"Taxas de atendimento escolar de crianças de 0 a 3 anos (%)"
3536109,"Pardinho",26.38522427,2014,"Escolaridade",38.5,"Taxas de atendimento escolar de crianças de 0 a 3 anos (%)"
3536109,"Pardinho",26.02040816,2016,"Escolaridade",42.77,"Taxas de atendimento escolar de crianças de 0 a 3 anos (%)"
3536109,"Pardinho",31.97969543,2018,"Escolaridade",47.19,"Taxas de atendimento escolar de crianças de 0 a 3 anos (%)"
3536109,"Pardinho",30.55555556,2020,"Escolaridade",48.28,"Taxas de atendimento escolar de crianças de 0 a 3 anos (%)"
3536109,"Pardinho",24.93702771,2022,"Escolaridade",48.85,"Taxas de atendimento escolar de crianças de 0 a 3 anos (%)"
3536109,"Pardinho",30.32581454,2024,"Escolaridade",51.53,"Taxas de atendimento escolar de crianças de 0 a 3 anos (%)"
3536208,"Pariquera-Açu",9.841827768,2014,"Escolaridade",38.5,"Taxas de atendimento escolar de crianças de 0 a 3 anos (%)"
3536208,"Pariquera-Açu",10.61792863,2016,"Escolaridade",42.77,"Taxas de atendimento escolar de crianças de 0 a 3 anos (%)"
3536208,"Pariquera-Açu",13.41681574,2018,"Escolaridade",47.19,"Taxas de atendimento escolar de crianças de 0 a 3 anos (%)"
3536208,"Pariquera-Açu",14.94464945,2020,"Escolaridade",48.28,"Taxas de atendimento escolar de crianças de 0 a 3 anos (%)"
3536208,"Pariquera-Açu",13.52885525,2022,"Escolaridade",48.85,"Taxas de atendimento escolar de crianças de 0 a 3 anos (%)"
3536208,"Pariquera-Açu",14.77832512,2024,"Escolaridade",51.53,"Taxas de atendimento escolar de crianças de 0 a 3 anos (%)"
3536257,"Parisi",42.85714286,2014,"Escolaridade",38.5,"Taxas de atendimento escolar de crianças de 0 a 3 anos (%)"
3536257,"Parisi",61.72839506,2016,"Escolaridade",42.77,"Taxas de atendimento escolar de crianças de 0 a 3 anos (%)"
3536257,"Parisi",83.5443038,2018,"Escolaridade",47.19,"Taxas de atendimento escolar de crianças de 0 a 3 anos (%)"
3536257,"Parisi",85.71428571,2020,"Escolaridade",48.28,"Taxas de atendimento escolar de crianças de 0 a 3 anos (%)"
3536257,"Parisi",81.08108108,2022,"Escolaridade",48.85,"Taxas de atendimento escolar de crianças de 0 a 3 anos (%)"
3536257,"Parisi",107.0422535,2024,"Escolaridade",51.53,"Taxas de atendimento escolar de crianças de 0 a 3 anos (%)"
3536307,"Patrocínio Paulista",27.680798,2014,"Escolaridade",38.5,"Taxas de atendimento escolar de crianças de 0 a 3 anos (%)"
3536307,"Patrocínio Paulista",29.22318126,2016,"Escolaridade",42.77,"Taxas de atendimento escolar de crianças de 0 a 3 anos (%)"
3536307,"Patrocínio Paulista",28.86977887,2018,"Escolaridade",47.19,"Taxas de atendimento escolar de crianças de 0 a 3 anos (%)"
3536307,"Patrocínio Paulista",26.93726937,2020,"Escolaridade",48.28,"Taxas de atendimento escolar de crianças de 0 a 3 anos (%)"
3536307,"Patrocínio Paulista",24.13793103,2022,"Escolaridade",48.85,"Taxas de atendimento escolar de crianças de 0 a 3 anos (%)"
3536307,"Patrocínio Paulista",31.71641791,2024,"Escolaridade",51.53,"Taxas de atendimento escolar de crianças de 0 a 3 anos (%)"
3536406,"Paulicéia",50.67385445,2014,"Escolaridade",38.5,"Taxas de atendimento escolar de crianças de 0 a 3 anos (%)"
3536406,"Paulicéia",53.66492147,2016,"Escolaridade",42.77,"Taxas de atendimento escolar de crianças de 0 a 3 anos (%)"
3536406,"Paulicéia",54.02597403,2018,"Escolaridade",47.19,"Taxas de atendimento escolar de crianças de 0 a 3 anos (%)"
3536406,"Paulicéia",50,2020,"Escolaridade",48.28,"Taxas de atendimento escolar de crianças de 0 a 3 anos (%)"
3536406,"Paulicéia",45.71428571,2022,"Escolaridade",48.85,"Taxas de atendimento escolar de crianças de 0 a 3 anos (%)"
3536406,"Paulicéia",52.86458333,2024,"Escolaridade",51.53,"Taxas de atendimento escolar de crianças de 0 a 3 anos (%)"
3536505,"Paulínia",66.15299945,2014,"Escolaridade",38.5,"Taxas de atendimento escolar de crianças de 0 a 3 anos (%)"
3536505,"Paulínia",69.3616275,2016,"Escolaridade",42.77,"Taxas de atendimento escolar de crianças de 0 a 3 anos (%)"
3536505,"Paulínia",67.55718526,2018,"Escolaridade",47.19,"Taxas de atendimento escolar de crianças de 0 a 3 anos (%)"
3536505,"Paulínia",66.4112833,2020,"Escolaridade",48.28,"Taxas de atendimento escolar de crianças de 0 a 3 anos (%)"
3536505,"Paulínia",61.58133055,2022,"Escolaridade",48.85,"Taxas de atendimento escolar de crianças de 0 a 3 anos (%)"
3536505,"Paulínia",60.46470999,2024,"Escolaridade",51.53,"Taxas de atendimento escolar de crianças de 0 a 3 anos (%)"
3536570,"Paulistânia",57.53424658,2014,"Escolaridade",38.5,"Taxas de atendimento escolar de crianças de 0 a 3 anos (%)"
3536570,"Paulistânia",78.37837838,2016,"Escolaridade",42.77,"Taxas de atendimento escolar de crianças de 0 a 3 anos (%)"
3536570,"Paulistânia",72.97297297,2018,"Escolaridade",47.19,"Taxas de atendimento escolar de crianças de 0 a 3 anos (%)"
3536570,"Paulistânia",82.19178082,2020,"Escolaridade",48.28,"Taxas de atendimento escolar de crianças de 0 a 3 anos (%)"
3536570,"Paulistânia",72.97297297,2022,"Escolaridade",48.85,"Taxas de atendimento escolar de crianças de 0 a 3 anos (%)"
3536570,"Paulistânia",94.44444444,2024,"Escolaridade",51.53,"Taxas de atendimento escolar de crianças de 0 a 3 anos (%)"
3536604,"Paulo de Faria",26.38888889,2014,"Escolaridade",38.5,"Taxas de atendimento escolar de crianças de 0 a 3 anos (%)"
3536604,"Paulo de Faria",43.58974359,2016,"Escolaridade",42.77,"Taxas de atendimento escolar de crianças de 0 a 3 anos (%)"
3536604,"Paulo de Faria",37.88968825,2018,"Escolaridade",47.19,"Taxas de atendimento escolar de crianças de 0 a 3 anos (%)"
3536604,"Paulo de Faria",34.32098765,2020,"Escolaridade",48.28,"Taxas de atendimento escolar de crianças de 0 a 3 anos (%)"
3536604,"Paulo de Faria",40.10152284,2022,"Escolaridade",48.85,"Taxas de atendimento escolar de crianças de 0 a 3 anos (%)"
3536604,"Paulo de Faria",38.0952381,2024,"Escolaridade",51.53,"Taxas de atendimento escolar de crianças de 0 a 3 anos (%)"
3536703,"Pederneiras",35.02242152,2014,"Escolaridade",38.5,"Taxas de atendimento escolar de crianças de 0 a 3 anos (%)"
3536703,"Pederneiras",38.85150292,2016,"Escolaridade",42.77,"Taxas de atendimento escolar de crianças de 0 a 3 anos (%)"
3536703,"Pederneiras",40.71776695,2018,"Escolaridade",47.19,"Taxas de atendimento escolar de crianças de 0 a 3 anos (%)"
3536703,"Pederneiras",39.16666667,2020,"Escolaridade",48.28,"Taxas de atendimento escolar de crianças de 0 a 3 anos (%)"
3536703,"Pederneiras",41.2606169,2022,"Escolaridade",48.85,"Taxas de atendimento escolar de crianças de 0 a 3 anos (%)"
3536703,"Pederneiras",46.67590028,2024,"Escolaridade",51.53,"Taxas de atendimento escolar de crianças de 0 a 3 anos (%)"
3536802,"Pedra Bela",24.73498233,2014,"Escolaridade",38.5,"Taxas de atendimento escolar de crianças de 0 a 3 anos (%)"
3536802,"Pedra Bela",20.97902098,2016,"Escolaridade",42.77,"Taxas de atendimento escolar de crianças de 0 a 3 anos (%)"
3536802,"Pedra Bela",21.50537634,2018,"Escolaridade",47.19,"Taxas de atendimento escolar de crianças de 0 a 3 anos (%)"
3536802,"Pedra Bela",33.09352518,2020,"Escolaridade",48.28,"Taxas de atendimento escolar de crianças de 0 a 3 anos (%)"
3536802,"Pedra Bela",34.55882353,2022,"Escolaridade",48.85,"Taxas de atendimento escolar de crianças de 0 a 3 anos (%)"
3536802,"Pedra Bela",32.69961977,2024,"Escolaridade",51.53,"Taxas de atendimento escolar de crianças de 0 a 3 anos (%)"
3536901,"Pedranópolis",17.97752809,2014,"Escolaridade",38.5,"Taxas de atendimento escolar de crianças de 0 a 3 anos (%)"
3536901,"Pedranópolis",25.88235294,2016,"Escolaridade",42.77,"Taxas de atendimento escolar de crianças de 0 a 3 anos (%)"
3536901,"Pedranópolis",35.29411765,2018,"Escolaridade",47.19,"Taxas de atendimento escolar de crianças de 0 a 3 anos (%)"
3536901,"Pedranópolis",30.86419753,2020,"Escolaridade",48.28,"Taxas de atendimento escolar de crianças de 0 a 3 anos (%)"
3536901,"Pedranópolis",43.03797468,2022,"Escolaridade",48.85,"Taxas de atendimento escolar de crianças de 0 a 3 anos (%)"
3536901,"Pedranópolis",68.91891892,2024,"Escolaridade",51.53,"Taxas de atendimento escolar de crianças de 0 a 3 anos (%)"
3537008,"Pedregulho",27.79623477,2014,"Escolaridade",38.5,"Taxas de atendimento escolar de crianças de 0 a 3 anos (%)"
3537008,"Pedregulho",28.9532294,2016,"Escolaridade",42.77,"Taxas de atendimento escolar de crianças de 0 a 3 anos (%)"
3537008,"Pedregulho",34.51428571,2018,"Escolaridade",47.19,"Taxas de atendimento escolar de crianças de 0 a 3 anos (%)"
3537008,"Pedregulho",32.11764706,2020,"Escolaridade",48.28,"Taxas de atendimento escolar de crianças de 0 a 3 anos (%)"
3537008,"Pedregulho",32.328106150000004,2022,"Escolaridade",48.85,"Taxas de atendimento escolar de crianças de 0 a 3 anos (%)"
3537008,"Pedregulho",40.80100125,2024,"Escolaridade",51.53,"Taxas de atendimento escolar de crianças de 0 a 3 anos (%)"
3537107,"Pedreira",47.40909091,2014,"Escolaridade",38.5,"Taxas de atendimento escolar de crianças de 0 a 3 anos (%)"
3537107,"Pedreira",43.1372549,2016,"Escolaridade",42.77,"Taxas de atendimento escolar de crianças de 0 a 3 anos (%)"
3537107,"Pedreira",50.43123014,2018,"Escolaridade",47.19,"Taxas de atendimento escolar de crianças de 0 a 3 anos (%)"
3537107,"Pedreira",52.46282528,2020,"Escolaridade",48.28,"Taxas de atendimento escolar de crianças de 0 a 3 anos (%)"
3537107,"Pedreira",52.57927118,2022,"Escolaridade",48.85,"Taxas de atendimento escolar de crianças de 0 a 3 anos (%)"
3537107,"Pedreira",57.14982918,2024,"Escolaridade",51.53,"Taxas de atendimento escolar de crianças de 0 a 3 anos (%)"
3537156,"Pedrinhas Paulista",77.6,2014,"Escolaridade",38.5,"Taxas de atendimento escolar de crianças de 0 a 3 anos (%)"
3537156,"Pedrinhas Paulista",79.03225806,2016,"Escolaridade",42.77,"Taxas de atendimento escolar de crianças de 0 a 3 anos (%)"
3537156,"Pedrinhas Paulista",81.30081301,2018,"Escolaridade",47.19,"Taxas de atendimento escolar de crianças de 0 a 3 anos (%)"
3537156,"Pedrinhas Paulista",76.03305785,2020,"Escolaridade",48.28,"Taxas de atendimento escolar de crianças de 0 a 3 anos (%)"
3537156,"Pedrinhas Paulista",73.5042735,2022,"Escolaridade",48.85,"Taxas de atendimento escolar de crianças de 0 a 3 anos (%)"
3537156,"Pedrinhas Paulista",80.53097345,2024,"Escolaridade",51.53,"Taxas de atendimento escolar de crianças de 0 a 3 anos (%)"
3537206,"Pedro de Toledo",24.83108108,2014,"Escolaridade",38.5,"Taxas de atendimento escolar de crianças de 0 a 3 anos (%)"
3537206,"Pedro de Toledo",23.9460371,2016,"Escolaridade",42.77,"Taxas de atendimento escolar de crianças de 0 a 3 anos (%)"
3537206,"Pedro de Toledo",21.05263158,2018,"Escolaridade",47.19,"Taxas de atendimento escolar de crianças de 0 a 3 anos (%)"
3537206,"Pedro de Toledo",30.3030303,2020,"Escolaridade",48.28,"Taxas de atendimento escolar de crianças de 0 a 3 anos (%)"
3537206,"Pedro de Toledo",30.47619048,2022,"Escolaridade",48.85,"Taxas de atendimento escolar de crianças de 0 a 3 anos (%)"
3537206,"Pedro de Toledo",29.96845426,2024,"Escolaridade",51.53,"Taxas de atendimento escolar de crianças de 0 a 3 anos (%)"
3537305,"Penápolis",52.52597635,2014,"Escolaridade",38.5,"Taxas de atendimento escolar de crianças de 0 a 3 anos (%)"
3537305,"Penápolis",59.27128427,2016,"Escolaridade",42.77,"Taxas de atendimento escolar de crianças de 0 a 3 anos (%)"
3537305,"Penápolis",67.54194019,2018,"Escolaridade",47.19,"Taxas de atendimento escolar de crianças de 0 a 3 anos (%)"
3537305,"Penápolis",64.41491325,2020,"Escolaridade",48.28,"Taxas de atendimento escolar de crianças de 0 a 3 anos (%)"
3537305,"Penápolis",65.06797583,2022,"Escolaridade",48.85,"Taxas de atendimento escolar de crianças de 0 a 3 anos (%)"
3537305,"Penápolis",70.5997648,2024,"Escolaridade",51.53,"Taxas de atendimento escolar de crianças de 0 a 3 anos (%)"
3537404,"Pereira Barreto",38.81064163,2014,"Escolaridade",38.5,"Taxas de atendimento escolar de crianças de 0 a 3 anos (%)"
3537404,"Pereira Barreto",48.71589085,2016,"Escolaridade",42.77,"Taxas de atendimento escolar de crianças de 0 a 3 anos (%)"
3537404,"Pereira Barreto",43.51020408,2018,"Escolaridade",47.19,"Taxas de atendimento escolar de crianças de 0 a 3 anos (%)"
3537404,"Pereira Barreto",41.7152373,2020,"Escolaridade",48.28,"Taxas de atendimento escolar de crianças de 0 a 3 anos (%)"
3537404,"Pereira Barreto",41.5239726,2022,"Escolaridade",48.85,"Taxas de atendimento escolar de crianças de 0 a 3 anos (%)"
3537404,"Pereira Barreto",43.85650224,2024,"Escolaridade",51.53,"Taxas de atendimento escolar de crianças de 0 a 3 anos (%)"
3537503,"Pereiras",34.54987835,2014,"Escolaridade",38.5,"Taxas de atendimento escolar de crianças de 0 a 3 anos (%)"
3537503,"Pereiras",21.73913043,2016,"Escolaridade",42.77,"Taxas de atendimento escolar de crianças de 0 a 3 anos (%)"
3537503,"Pereiras",49.64370546,2018,"Escolaridade",47.19,"Taxas de atendimento escolar de crianças de 0 a 3 anos (%)"
3537503,"Pereiras",45.07042254,2020,"Escolaridade",48.28,"Taxas de atendimento escolar de crianças de 0 a 3 anos (%)"
3537503,"Pereiras",36.72985782,2022,"Escolaridade",48.85,"Taxas de atendimento escolar de crianças de 0 a 3 anos (%)"
3537503,"Pereiras",40.96385542,2024,"Escolaridade",51.53,"Taxas de atendimento escolar de crianças de 0 a 3 anos (%)"
3537602,"Peruíbe",23.94067797,2014,"Escolaridade",38.5,"Taxas de atendimento escolar de crianças de 0 a 3 anos (%)"
3537602,"Peruíbe",23.85775377,2016,"Escolaridade",42.77,"Taxas de atendimento escolar de crianças de 0 a 3 anos (%)"
3537602,"Peruíbe",27.88700565,2018,"Escolaridade",47.19,"Taxas de atendimento escolar de crianças de 0 a 3 anos (%)"
3537602,"Peruíbe",29.46265938,2020,"Escolaridade",48.28,"Taxas de atendimento escolar de crianças de 0 a 3 anos (%)"
3537602,"Peruíbe",32.61269549,2022,"Escolaridade",48.85,"Taxas de atendimento escolar de crianças de 0 a 3 anos (%)"
3537602,"Peruíbe",36.41686183,2024,"Escolaridade",51.53,"Taxas de atendimento escolar de crianças de 0 a 3 anos (%)"
3537701,"Piacatu",41.11111111,2014,"Escolaridade",38.5,"Taxas de atendimento escolar de crianças de 0 a 3 anos (%)"
3537701,"Piacatu",54.01459854,2016,"Escolaridade",42.77,"Taxas de atendimento escolar de crianças de 0 a 3 anos (%)"
3537701,"Piacatu",55.39568345,2018,"Escolaridade",47.19,"Taxas de atendimento escolar de crianças de 0 a 3 anos (%)"
3537701,"Piacatu",58.36298932,2020,"Escolaridade",48.28,"Taxas de atendimento escolar de crianças de 0 a 3 anos (%)"
3537701,"Piacatu",47.12230216,2022,"Escolaridade",48.85,"Taxas de atendimento escolar de crianças de 0 a 3 anos (%)"
3537701,"Piacatu",47.03703704,2024,"Escolaridade",51.53,"Taxas de atendimento escolar de crianças de 0 a 3 anos (%)"
3537800,"Piedade",24.50090744,2014,"Escolaridade",38.5,"Taxas de atendimento escolar de crianças de 0 a 3 anos (%)"
3537800,"Piedade",25.74762947,2016,"Escolaridade",42.77,"Taxas de atendimento escolar de crianças de 0 a 3 anos (%)"
3537800,"Piedade",31.45071982,2018,"Escolaridade",47.19,"Taxas de atendimento escolar de crianças de 0 a 3 anos (%)"
3537800,"Piedade",34.24401198,2020,"Escolaridade",48.28,"Taxas de atendimento escolar de crianças de 0 a 3 anos (%)"
3537800,"Piedade",32.44579688,2022,"Escolaridade",48.85,"Taxas de atendimento escolar de crianças de 0 a 3 anos (%)"
3537800,"Piedade",33.0332681,2024,"Escolaridade",51.53,"Taxas de atendimento escolar de crianças de 0 a 3 anos (%)"
3537909,"Pilar do Sul",35.48972189,2014,"Escolaridade",38.5,"Taxas de atendimento escolar de crianças de 0 a 3 anos (%)"
3537909,"Pilar do Sul",32.9009434,2016,"Escolaridade",42.77,"Taxas de atendimento escolar de crianças de 0 a 3 anos (%)"
3537909,"Pilar do Sul",35.99033816,2018,"Escolaridade",47.19,"Taxas de atendimento escolar de crianças de 0 a 3 anos (%)"
3537909,"Pilar do Sul",35.72755418,2020,"Escolaridade",48.28,"Taxas de atendimento escolar de crianças de 0 a 3 anos (%)"
3537909,"Pilar do Sul",33.03964758,2022,"Escolaridade",48.85,"Taxas de atendimento escolar de crianças de 0 a 3 anos (%)"
3537909,"Pilar do Sul",40.95917045,2024,"Escolaridade",51.53,"Taxas de atendimento escolar de crianças de 0 a 3 anos (%)"
3538006,"Pindamonhangaba",20.80188679,2014,"Escolaridade",38.5,"Taxas de atendimento escolar de crianças de 0 a 3 anos (%)"
3538006,"Pindamonhangaba",27.09135457,2016,"Escolaridade",42.77,"Taxas de atendimento escolar de crianças de 0 a 3 anos (%)"
3538006,"Pindamonhangaba",30.79910557,2018,"Escolaridade",47.19,"Taxas de atendimento escolar de crianças de 0 a 3 anos (%)"
3538006,"Pindamonhangaba",28.73112142,2020,"Escolaridade",48.28,"Taxas de atendimento escolar de crianças de 0 a 3 anos (%)"
3538006,"Pindamonhangaba",28.84405008,2022,"Escolaridade",48.85,"Taxas de atendimento escolar de crianças de 0 a 3 anos (%)"
3538006,"Pindamonhangaba",35.60987903,2024,"Escolaridade",51.53,"Taxas de atendimento escolar de crianças de 0 a 3 anos (%)"
3538105,"Pindorama",34.870317,2014,"Escolaridade",38.5,"Taxas de atendimento escolar de crianças de 0 a 3 anos (%)"
3538105,"Pindorama",31.02453102,2016,"Escolaridade",42.77,"Taxas de atendimento escolar de crianças de 0 a 3 anos (%)"
3538105,"Pindorama",34.05172414,2018,"Escolaridade",47.19,"Taxas de atendimento escolar de crianças de 0 a 3 anos (%)"
3538105,"Pindorama",36.92528736,2020,"Escolaridade",48.28,"Taxas de atendimento escolar de crianças de 0 a 3 anos (%)"
3538105,"Pindorama",33.72434018,2022,"Escolaridade",48.85,"Taxas de atendimento escolar de crianças de 0 a 3 anos (%)"
3538105,"Pindorama",39.96960486,2024,"Escolaridade",51.53,"Taxas de atendimento escolar de crianças de 0 a 3 anos (%)"
3538204,"Pinhalzinho",37.05501618,2014,"Escolaridade",38.5,"Taxas de atendimento escolar de crianças de 0 a 3 anos (%)"
3538204,"Pinhalzinho",45.52715655,2016,"Escolaridade",42.77,"Taxas de atendimento escolar de crianças de 0 a 3 anos (%)"
3538204,"Pinhalzinho",48.0620155,2018,"Escolaridade",47.19,"Taxas de atendimento escolar de crianças de 0 a 3 anos (%)"
3538204,"Pinhalzinho",36.59638554,2020,"Escolaridade",48.28,"Taxas de atendimento escolar de crianças de 0 a 3 anos (%)"
3538204,"Pinhalzinho",39.39849624,2022,"Escolaridade",48.85,"Taxas de atendimento escolar de crianças de 0 a 3 anos (%)"
3538204,"Pinhalzinho",41.301059,2024,"Escolaridade",51.53,"Taxas de atendimento escolar de crianças de 0 a 3 anos (%)"
3538303,"Piquerobi",24.375,2014,"Escolaridade",38.5,"Taxas de atendimento escolar de crianças de 0 a 3 anos (%)"
3538303,"Piquerobi",34.39490446,2016,"Escolaridade",42.77,"Taxas de atendimento escolar de crianças de 0 a 3 anos (%)"
3538303,"Piquerobi",40,2018,"Escolaridade",47.19,"Taxas de atendimento escolar de crianças de 0 a 3 anos (%)"
3538303,"Piquerobi",40.66666667,2020,"Escolaridade",48.28,"Taxas de atendimento escolar de crianças de 0 a 3 anos (%)"
3538303,"Piquerobi",48.63013699,2022,"Escolaridade",48.85,"Taxas de atendimento escolar de crianças de 0 a 3 anos (%)"
3538303,"Piquerobi",55.31914894,2024,"Escolaridade",51.53,"Taxas de atendimento escolar de crianças de 0 a 3 anos (%)"
3538501,"Piquete",9.954751131,2014,"Escolaridade",38.5,"Taxas de atendimento escolar de crianças de 0 a 3 anos (%)"
3538501,"Piquete",19.90740741,2016,"Escolaridade",42.77,"Taxas de atendimento escolar de crianças de 0 a 3 anos (%)"
3538501,"Piquete",25.67353407,2018,"Escolaridade",47.19,"Taxas de atendimento escolar de crianças de 0 a 3 anos (%)"
3538501,"Piquete",22.87581699,2020,"Escolaridade",48.28,"Taxas de atendimento escolar de crianças de 0 a 3 anos (%)"
3538501,"Piquete",22.70450751,2022,"Escolaridade",48.85,"Taxas de atendimento escolar de crianças de 0 a 3 anos (%)"
3538501,"Piquete",23.13043478,2024,"Escolaridade",51.53,"Taxas de atendimento escolar de crianças de 0 a 3 anos (%)"
3538600,"Piracaia",39.9691358,2014,"Escolaridade",38.5,"Taxas de atendimento escolar de crianças de 0 a 3 anos (%)"
3538600,"Piracaia",42.37547893,2016,"Escolaridade",42.77,"Taxas de atendimento escolar de crianças de 0 a 3 anos (%)"
3538600,"Piracaia",47.54863813,2018,"Escolaridade",47.19,"Taxas de atendimento escolar de crianças de 0 a 3 anos (%)"
3538600,"Piracaia",47.42268041,2020,"Escolaridade",48.28,"Taxas de atendimento escolar de crianças de 0 a 3 anos (%)"
3538600,"Piracaia",47.62288477,2022,"Escolaridade",48.85,"Taxas de atendimento escolar de crianças de 0 a 3 anos (%)"
3538600,"Piracaia",52.28215768,2024,"Escolaridade",51.53,"Taxas de atendimento escolar de crianças de 0 a 3 anos (%)"
3538709,"Piracicaba",55.5774768,2014,"Escolaridade",38.5,"Taxas de atendimento escolar de crianças de 0 a 3 anos (%)"
3538709,"Piracicaba",63.68735976,2016,"Escolaridade",42.77,"Taxas de atendimento escolar de crianças de 0 a 3 anos (%)"
3538709,"Piracicaba",66.54729767,2018,"Escolaridade",47.19,"Taxas de atendimento escolar de crianças de 0 a 3 anos (%)"
3538709,"Piracicaba",67.14318259,2020,"Escolaridade",48.28,"Taxas de atendimento escolar de crianças de 0 a 3 anos (%)"
3538709,"Piracicaba",65.20772382,2022,"Escolaridade",48.85,"Taxas de atendimento escolar de crianças de 0 a 3 anos (%)"
3538709,"Piracicaba",69.65715333,2024,"Escolaridade",51.53,"Taxas de atendimento escolar de crianças de 0 a 3 anos (%)"
3538808,"Piraju",55.05300353,2014,"Escolaridade",38.5,"Taxas de atendimento escolar de crianças de 0 a 3 anos (%)"
3538808,"Piraju",58.91968728,2016,"Escolaridade",42.77,"Taxas de atendimento escolar de crianças de 0 a 3 anos (%)"
3538808,"Piraju",60.91703057,2018,"Escolaridade",47.19,"Taxas de atendimento escolar de crianças de 0 a 3 anos (%)"
3538808,"Piraju",64.70588235,2020,"Escolaridade",48.28,"Taxas de atendimento escolar de crianças de 0 a 3 anos (%)"
3538808,"Piraju",63.19816373,2022,"Escolaridade",48.85,"Taxas de atendimento escolar de crianças de 0 a 3 anos (%)"
3538808,"Piraju",64.72466081,2024,"Escolaridade",51.53,"Taxas de atendimento escolar de crianças de 0 a 3 anos (%)"
3538907,"Pirajuí",30.66933067,2014,"Escolaridade",38.5,"Taxas de atendimento escolar de crianças de 0 a 3 anos (%)"
3538907,"Pirajuí",36.74698795,2016,"Escolaridade",42.77,"Taxas de atendimento escolar de crianças de 0 a 3 anos (%)"
3538907,"Pirajuí",30.48016701,2018,"Escolaridade",47.19,"Taxas de atendimento escolar de crianças de 0 a 3 anos (%)"
3538907,"Pirajuí",36.23503808,2020,"Escolaridade",48.28,"Taxas de atendimento escolar de crianças de 0 a 3 anos (%)"
3538907,"Pirajuí",38.4009009,2022,"Escolaridade",48.85,"Taxas de atendimento escolar de crianças de 0 a 3 anos (%)"
3538907,"Pirajuí",48.33333333,2024,"Escolaridade",51.53,"Taxas de atendimento escolar de crianças de 0 a 3 anos (%)"
3539004,"Pirangi",26.14379085,2014,"Escolaridade",38.5,"Taxas de atendimento escolar de crianças de 0 a 3 anos (%)"
3539004,"Pirangi",30.48245614,2016,"Escolaridade",42.77,"Taxas de atendimento escolar de crianças de 0 a 3 anos (%)"
3539004,"Pirangi",43.37078652,2018,"Escolaridade",47.19,"Taxas de atendimento escolar de crianças de 0 a 3 anos (%)"
3539004,"Pirangi",40.79254079,2020,"Escolaridade",48.28,"Taxas de atendimento escolar de crianças de 0 a 3 anos (%)"
3539004,"Pirangi",41.44578313,2022,"Escolaridade",48.85,"Taxas de atendimento escolar de crianças de 0 a 3 anos (%)"
3539004,"Pirangi",46.71717172,2024,"Escolaridade",51.53,"Taxas de atendimento escolar de crianças de 0 a 3 anos (%)"
3539103,"Pirapora do Bom Jesus",52.70541082,2014,"Escolaridade",38.5,"Taxas de atendimento escolar de crianças de 0 a 3 anos (%)"
3539103,"Pirapora do Bom Jesus",62.57425743,2016,"Escolaridade",42.77,"Taxas de atendimento escolar de crianças de 0 a 3 anos (%)"
3539103,"Pirapora do Bom Jesus",66.41509434,2018,"Escolaridade",47.19,"Taxas de atendimento escolar de crianças de 0 a 3 anos (%)"
3539103,"Pirapora do Bom Jesus",58.97204689,2020,"Escolaridade",48.28,"Taxas de atendimento escolar de crianças de 0 a 3 anos (%)"
3539103,"Pirapora do Bom Jesus",52.09260908,2022,"Escolaridade",48.85,"Taxas de atendimento escolar de crianças de 0 a 3 anos (%)"
3539103,"Pirapora do Bom Jesus",52.50659631,2024,"Escolaridade",51.53,"Taxas de atendimento escolar de crianças de 0 a 3 anos (%)"
3539202,"Pirapozinho",40.86573734,2014,"Escolaridade",38.5,"Taxas de atendimento escolar de crianças de 0 a 3 anos (%)"
3539202,"Pirapozinho",41.95854182,2016,"Escolaridade",42.77,"Taxas de atendimento escolar de crianças de 0 a 3 anos (%)"
3539202,"Pirapozinho",45.89928058,2018,"Escolaridade",47.19,"Taxas de atendimento escolar de crianças de 0 a 3 anos (%)"
3539202,"Pirapozinho",42.45283019,2020,"Escolaridade",48.28,"Taxas de atendimento escolar de crianças de 0 a 3 anos (%)"
3539202,"Pirapozinho",41.7461482,2022,"Escolaridade",48.85,"Taxas de atendimento escolar de crianças de 0 a 3 anos (%)"
3539202,"Pirapozinho",42.62172285,2024,"Escolaridade",51.53,"Taxas de atendimento escolar de crianças de 0 a 3 anos (%)"
3539301,"Pirassununga",38.28828829,2014,"Escolaridade",38.5,"Taxas de atendimento escolar de crianças de 0 a 3 anos (%)"
3539301,"Pirassununga",43.48489472,2016,"Escolaridade",42.77,"Taxas de atendimento escolar de crianças de 0 a 3 anos (%)"
3539301,"Pirassununga",44,2018,"Escolaridade",47.19,"Taxas de atendimento escolar de crianças de 0 a 3 anos (%)"
3539301,"Pirassununga",38.0637023,2020,"Escolaridade",48.28,"Taxas de atendimento escolar de crianças de 0 a 3 anos (%)"
3539301,"Pirassununga",41.88006483,2022,"Escolaridade",48.85,"Taxas de atendimento escolar de crianças de 0 a 3 anos (%)"
3539301,"Pirassununga",42.68292683,2024,"Escolaridade",51.53,"Taxas de atendimento escolar de crianças de 0 a 3 anos (%)"
3539400,"Piratininga",36.98175788,2014,"Escolaridade",38.5,"Taxas de atendimento escolar de crianças de 0 a 3 anos (%)"
3539400,"Piratininga",34.95145631,2016,"Escolaridade",42.77,"Taxas de atendimento escolar de crianças de 0 a 3 anos (%)"
3539400,"Piratininga",33.71710526,2018,"Escolaridade",47.19,"Taxas de atendimento escolar de crianças de 0 a 3 anos (%)"
3539400,"Piratininga",37.22871452,2020,"Escolaridade",48.28,"Taxas de atendimento escolar de crianças de 0 a 3 anos (%)"
3539400,"Piratininga",44.09317804,2022,"Escolaridade",48.85,"Taxas de atendimento escolar de crianças de 0 a 3 anos (%)"
3539400,"Piratininga",44.35075885,2024,"Escolaridade",51.53,"Taxas de atendimento escolar de crianças de 0 a 3 anos (%)"
3539509,"Pitangueiras",31.58379374,2014,"Escolaridade",38.5,"Taxas de atendimento escolar de crianças de 0 a 3 anos (%)"
3539509,"Pitangueiras",34.40810686,2016,"Escolaridade",42.77,"Taxas de atendimento escolar de crianças de 0 a 3 anos (%)"
3539509,"Pitangueiras",35.55141926,2018,"Escolaridade",47.19,"Taxas de atendimento escolar de crianças de 0 a 3 anos (%)"
3539509,"Pitangueiras",37.38802452,2020,"Escolaridade",48.28,"Taxas de atendimento escolar de crianças de 0 a 3 anos (%)"
3539509,"Pitangueiras",34.3599615,2022,"Escolaridade",48.85,"Taxas de atendimento escolar de crianças de 0 a 3 anos (%)"
3539509,"Pitangueiras",41.90333832,2024,"Escolaridade",51.53,"Taxas de atendimento escolar de crianças de 0 a 3 anos (%)"
3539608,"Planalto",29.90033223,2014,"Escolaridade",38.5,"Taxas de atendimento escolar de crianças de 0 a 3 anos (%)"
3539608,"Planalto",28.802589,2016,"Escolaridade",42.77,"Taxas de atendimento escolar de crianças de 0 a 3 anos (%)"
3539608,"Planalto",28.66449511,2018,"Escolaridade",47.19,"Taxas de atendimento escolar de crianças de 0 a 3 anos (%)"
3539608,"Planalto",19.8019802,2020,"Escolaridade",48.28,"Taxas de atendimento escolar de crianças de 0 a 3 anos (%)"
3539608,"Planalto",28.14569536,2022,"Escolaridade",48.85,"Taxas de atendimento escolar de crianças de 0 a 3 anos (%)"
3539608,"Planalto",28.04054054,2024,"Escolaridade",51.53,"Taxas de atendimento escolar de crianças de 0 a 3 anos (%)"
3539707,"Platina",60.5,2014,"Escolaridade",38.5,"Taxas de atendimento escolar de crianças de 0 a 3 anos (%)"
3539707,"Platina",52.94117647,2016,"Escolaridade",42.77,"Taxas de atendimento escolar de crianças de 0 a 3 anos (%)"
3539707,"Platina",57,2018,"Escolaridade",47.19,"Taxas de atendimento escolar de crianças de 0 a 3 anos (%)"
3539707,"Platina",53.03030303,2020,"Escolaridade",48.28,"Taxas de atendimento escolar de crianças de 0 a 3 anos (%)"
3539707,"Platina",46.1928934,2022,"Escolaridade",48.85,"Taxas de atendimento escolar de crianças de 0 a 3 anos (%)"
3539707,"Platina",39.69072165,2024,"Escolaridade",51.53,"Taxas de atendimento escolar de crianças de 0 a 3 anos (%)"
3539806,"Poá",29.76804124,2014,"Escolaridade",38.5,"Taxas de atendimento escolar de crianças de 0 a 3 anos (%)"
3539806,"Poá",31.33698861,2016,"Escolaridade",42.77,"Taxas de atendimento escolar de crianças de 0 a 3 anos (%)"
3539806,"Poá",24.12389123,2018,"Escolaridade",47.19,"Taxas de atendimento escolar de crianças de 0 a 3 anos (%)"
3539806,"Poá",24.10876133,2020,"Escolaridade",48.28,"Taxas de atendimento escolar de crianças de 0 a 3 anos (%)"
3539806,"Poá",17.26696553,2022,"Escolaridade",48.85,"Taxas de atendimento escolar de crianças de 0 a 3 anos (%)"
3539806,"Poá",30.94321463,2024,"Escolaridade",51.53,"Taxas de atendimento escolar de crianças de 0 a 3 anos (%)"
3539905,"Poloni",25.30120482,2014,"Escolaridade",38.5,"Taxas de atendimento escolar de crianças de 0 a 3 anos (%)"
3539905,"Poloni",25,2016,"Escolaridade",42.77,"Taxas de atendimento escolar de crianças de 0 a 3 anos (%)"
3539905,"Poloni",43.08943089,2018,"Escolaridade",47.19,"Taxas de atendimento escolar de crianças de 0 a 3 anos (%)"
3539905,"Poloni",49.40711462,2020,"Escolaridade",48.28,"Taxas de atendimento escolar de crianças de 0 a 3 anos (%)"
3539905,"Poloni",48.34710744,2022,"Escolaridade",48.85,"Taxas de atendimento escolar de crianças de 0 a 3 anos (%)"
3539905,"Poloni",48.69565217,2024,"Escolaridade",51.53,"Taxas de atendimento escolar de crianças de 0 a 3 anos (%)"
3540002,"Pompéia",42.38197425,2014,"Escolaridade",38.5,"Taxas de atendimento escolar de crianças de 0 a 3 anos (%)"
3540002,"Pompéia",44.68546638,2016,"Escolaridade",42.77,"Taxas de atendimento escolar de crianças de 0 a 3 anos (%)"
3540002,"Pompéia",50.16538037,2018,"Escolaridade",47.19,"Taxas de atendimento escolar de crianças de 0 a 3 anos (%)"
3540002,"Pompéia",53.65579303,2020,"Escolaridade",48.28,"Taxas de atendimento escolar de crianças de 0 a 3 anos (%)"
3540002,"Pompéia",50.287687,2022,"Escolaridade",48.85,"Taxas de atendimento escolar de crianças de 0 a 3 anos (%)"
3540002,"Pompéia",54.16666667,2024,"Escolaridade",51.53,"Taxas de atendimento escolar de crianças de 0 a 3 anos (%)"
3540101,"Pongaí",46.92307692,2014,"Escolaridade",38.5,"Taxas de atendimento escolar de crianças de 0 a 3 anos (%)"
3540101,"Pongaí",53.48837209,2016,"Escolaridade",42.77,"Taxas de atendimento escolar de crianças de 0 a 3 anos (%)"
3540101,"Pongaí",63.49206349,2018,"Escolaridade",47.19,"Taxas de atendimento escolar de crianças de 0 a 3 anos (%)"
3540101,"Pongaí",64.46280992,2020,"Escolaridade",48.28,"Taxas de atendimento escolar de crianças de 0 a 3 anos (%)"
3540101,"Pongaí",51.69491525,2022,"Escolaridade",48.85,"Taxas de atendimento escolar de crianças de 0 a 3 anos (%)"
3540101,"Pongaí",66.36363636,2024,"Escolaridade",51.53,"Taxas de atendimento escolar de crianças de 0 a 3 anos (%)"
3540200,"Pontal",28.73605948,2014,"Escolaridade",38.5,"Taxas de atendimento escolar de crianças de 0 a 3 anos (%)"
3540200,"Pontal",26.83647102,2016,"Escolaridade",42.77,"Taxas de atendimento escolar de crianças de 0 a 3 anos (%)"
3540200,"Pontal",34.52294246,2018,"Escolaridade",47.19,"Taxas de atendimento escolar de crianças de 0 a 3 anos (%)"
3540200,"Pontal",33.84892086,2020,"Escolaridade",48.28,"Taxas de atendimento escolar de crianças de 0 a 3 anos (%)"
3540200,"Pontal",30.77761628,2022,"Escolaridade",48.85,"Taxas de atendimento escolar de crianças de 0 a 3 anos (%)"
3540200,"Pontal",35.79103372,2024,"Escolaridade",51.53,"Taxas de atendimento escolar de crianças de 0 a 3 anos (%)"
3540259,"Pontalinda",49.12280702,2014,"Escolaridade",38.5,"Taxas de atendimento escolar de crianças de 0 a 3 anos (%)"
3540259,"Pontalinda",59.2920354,2016,"Escolaridade",42.77,"Taxas de atendimento escolar de crianças de 0 a 3 anos (%)"
3540259,"Pontalinda",59.030837,2018,"Escolaridade",47.19,"Taxas de atendimento escolar de crianças de 0 a 3 anos (%)"
3540259,"Pontalinda",47.98206278,2020,"Escolaridade",48.28,"Taxas de atendimento escolar de crianças de 0 a 3 anos (%)"
3540259,"Pontalinda",52.51141553,2022,"Escolaridade",48.85,"Taxas de atendimento escolar de crianças de 0 a 3 anos (%)"
3540259,"Pontalinda",54.50236967,2024,"Escolaridade",51.53,"Taxas de atendimento escolar de crianças de 0 a 3 anos (%)"
3540309,"Pontes Gestal",74.38016529,2014,"Escolaridade",38.5,"Taxas de atendimento escolar de crianças de 0 a 3 anos (%)"
3540309,"Pontes Gestal",50.81967213,2016,"Escolaridade",42.77,"Taxas de atendimento escolar de crianças de 0 a 3 anos (%)"
3540309,"Pontes Gestal",52.10084034,2018,"Escolaridade",47.19,"Taxas de atendimento escolar de crianças de 0 a 3 anos (%)"
3540309,"Pontes Gestal",41.02564103,2020,"Escolaridade",48.28,"Taxas de atendimento escolar de crianças de 0 a 3 anos (%)"
3540309,"Pontes Gestal",50.43478261,2022,"Escolaridade",48.85,"Taxas de atendimento escolar de crianças de 0 a 3 anos (%)"
3540309,"Pontes Gestal",66.07142857,2024,"Escolaridade",51.53,"Taxas de atendimento escolar de crianças de 0 a 3 anos (%)"
3540408,"Populina",58.18181818,2014,"Escolaridade",38.5,"Taxas de atendimento escolar de crianças de 0 a 3 anos (%)"
3540408,"Populina",61.78343949,2016,"Escolaridade",42.77,"Taxas de atendimento escolar de crianças de 0 a 3 anos (%)"
3540408,"Populina",60,2018,"Escolaridade",47.19,"Taxas de atendimento escolar de crianças de 0 a 3 anos (%)"
3540408,"Populina",58.82352941,2020,"Escolaridade",48.28,"Taxas de atendimento escolar de crianças de 0 a 3 anos (%)"
3540408,"Populina",51.35135135,2022,"Escolaridade",48.85,"Taxas de atendimento escolar de crianças de 0 a 3 anos (%)"
3540408,"Populina",47.14285714,2024,"Escolaridade",51.53,"Taxas de atendimento escolar de crianças de 0 a 3 anos (%)"
3540507,"Porangaba",31.13924051,2014,"Escolaridade",38.5,"Taxas de atendimento escolar de crianças de 0 a 3 anos (%)"
3540507,"Porangaba",26.61691542,2016,"Escolaridade",42.77,"Taxas de atendimento escolar de crianças de 0 a 3 anos (%)"
3540507,"Porangaba",27.51196172,2018,"Escolaridade",47.19,"Taxas de atendimento escolar de crianças de 0 a 3 anos (%)"
3540507,"Porangaba",27.81609195,2020,"Escolaridade",48.28,"Taxas de atendimento escolar de crianças de 0 a 3 anos (%)"
3540507,"Porangaba",36.55172414,2022,"Escolaridade",48.85,"Taxas de atendimento escolar de crianças de 0 a 3 anos (%)"
3540507,"Porangaba",39.7260274,2024,"Escolaridade",51.53,"Taxas de atendimento escolar de crianças de 0 a 3 anos (%)"
3540606,"Porto Feliz",80.36064289,2014,"Escolaridade",38.5,"Taxas de atendimento escolar de crianças de 0 a 3 anos (%)"
3540606,"Porto Feliz",88.98071625,2016,"Escolaridade",42.77,"Taxas de atendimento escolar de crianças de 0 a 3 anos (%)"
3540606,"Porto Feliz",53.89221557,2018,"Escolaridade",47.19,"Taxas de atendimento escolar de crianças de 0 a 3 anos (%)"
3540606,"Porto Feliz",51.94963444,2020,"Escolaridade",48.28,"Taxas de atendimento escolar de crianças de 0 a 3 anos (%)"
3540606,"Porto Feliz",52.34148363,2022,"Escolaridade",48.85,"Taxas de atendimento escolar de crianças de 0 a 3 anos (%)"
3540606,"Porto Feliz",56.1508787,2024,"Escolaridade",51.53,"Taxas de atendimento escolar de crianças de 0 a 3 anos (%)"
3540705,"Porto Ferreira",31.3298272,2014,"Escolaridade",38.5,"Taxas de atendimento escolar de crianças de 0 a 3 anos (%)"
3540705,"Porto Ferreira",33.89248952,2016,"Escolaridade",42.77,"Taxas de atendimento escolar de crianças de 0 a 3 anos (%)"
3540705,"Porto Ferreira",37.33855186,2018,"Escolaridade",47.19,"Taxas de atendimento escolar de crianças de 0 a 3 anos (%)"
3540705,"Porto Ferreira",36.70427075,2020,"Escolaridade",48.28,"Taxas de atendimento escolar de crianças de 0 a 3 anos (%)"
3540705,"Porto Ferreira",40.74688797,2022,"Escolaridade",48.85,"Taxas de atendimento escolar de crianças de 0 a 3 anos (%)"
3540705,"Porto Ferreira",45.69939183,2024,"Escolaridade",51.53,"Taxas de atendimento escolar de crianças de 0 a 3 anos (%)"
3540754,"Potim",23.05229456,2014,"Escolaridade",38.5,"Taxas de atendimento escolar de crianças de 0 a 3 anos (%)"
3540754,"Potim",35.62708102,2016,"Escolaridade",42.77,"Taxas de atendimento escolar de crianças de 0 a 3 anos (%)"
3540754,"Potim",35.10869565,2018,"Escolaridade",47.19,"Taxas de atendimento escolar de crianças de 0 a 3 anos (%)"
3540754,"Potim",38.24786325,2020,"Escolaridade",48.28,"Taxas de atendimento escolar de crianças de 0 a 3 anos (%)"
3540754,"Potim",35.9085963,2022,"Escolaridade",48.85,"Taxas de atendimento escolar de crianças de 0 a 3 anos (%)"
3540754,"Potim",43.04932735,2024,"Escolaridade",51.53,"Taxas de atendimento escolar de crianças de 0 a 3 anos (%)"
3540804,"Potirendaba",47.92243767,2014,"Escolaridade",38.5,"Taxas de atendimento escolar de crianças de 0 a 3 anos (%)"
3540804,"Potirendaba",48.81450488,2016,"Escolaridade",42.77,"Taxas de atendimento escolar de crianças de 0 a 3 anos (%)"
3540804,"Potirendaba",46.35854342,2018,"Escolaridade",47.19,"Taxas de atendimento escolar de crianças de 0 a 3 anos (%)"
3540804,"Potirendaba",48.22695035,2020,"Escolaridade",48.28,"Taxas de atendimento escolar de crianças de 0 a 3 anos (%)"
3540804,"Potirendaba",58.55072464,2022,"Escolaridade",48.85,"Taxas de atendimento escolar de crianças de 0 a 3 anos (%)"
3540804,"Potirendaba",66.16314199,2024,"Escolaridade",51.53,"Taxas de atendimento escolar de crianças de 0 a 3 anos (%)"
3540853,"Pracinha",54.54545455,2014,"Escolaridade",38.5,"Taxas de atendimento escolar de crianças de 0 a 3 anos (%)"
3540853,"Pracinha",49.35064935,2016,"Escolaridade",42.77,"Taxas de atendimento escolar de crianças de 0 a 3 anos (%)"
3540853,"Pracinha",48.10126582,2018,"Escolaridade",47.19,"Taxas de atendimento escolar de crianças de 0 a 3 anos (%)"
3540853,"Pracinha",40.74074074,2020,"Escolaridade",48.28,"Taxas de atendimento escolar de crianças de 0 a 3 anos (%)"
3540853,"Pracinha",37.03703704,2022,"Escolaridade",48.85,"Taxas de atendimento escolar de crianças de 0 a 3 anos (%)"
3540853,"Pracinha",55.12820513,2024,"Escolaridade",51.53,"Taxas de atendimento escolar de crianças de 0 a 3 anos (%)"
3540903,"Pradópolis",44.09005629,2014,"Escolaridade",38.5,"Taxas de atendimento escolar de crianças de 0 a 3 anos (%)"
3540903,"Pradópolis",38.70967742,2016,"Escolaridade",42.77,"Taxas de atendimento escolar de crianças de 0 a 3 anos (%)"
3540903,"Pradópolis",41.13345521,2018,"Escolaridade",47.19,"Taxas de atendimento escolar de crianças de 0 a 3 anos (%)"
3540903,"Pradópolis",41.45454545,2020,"Escolaridade",48.28,"Taxas de atendimento escolar de crianças de 0 a 3 anos (%)"
3540903,"Pradópolis",39.57759412,2022,"Escolaridade",48.85,"Taxas de atendimento escolar de crianças de 0 a 3 anos (%)"
3540903,"Pradópolis",38.93557423,2024,"Escolaridade",51.53,"Taxas de atendimento escolar de crianças de 0 a 3 anos (%)"
3541000,"Praia Grande",46.09799256,2014,"Escolaridade",38.5,"Taxas de atendimento escolar de crianças de 0 a 3 anos (%)"
3541000,"Praia Grande",47.8785727,2016,"Escolaridade",42.77,"Taxas de atendimento escolar de crianças de 0 a 3 anos (%)"
3541000,"Praia Grande",58.11305409,2018,"Escolaridade",47.19,"Taxas de atendimento escolar de crianças de 0 a 3 anos (%)"
3541000,"Praia Grande",48.94090779,2020,"Escolaridade",48.28,"Taxas de atendimento escolar de crianças de 0 a 3 anos (%)"
3541000,"Praia Grande",51.01913004,2022,"Escolaridade",48.85,"Taxas de atendimento escolar de crianças de 0 a 3 anos (%)"
3541000,"Praia Grande",50.34933258,2024,"Escolaridade",51.53,"Taxas de atendimento escolar de crianças de 0 a 3 anos (%)"
3541059,"Pratânia",30.90909091,2014,"Escolaridade",38.5,"Taxas de atendimento escolar de crianças de 0 a 3 anos (%)"
3541059,"Pratânia",41.13475177,2016,"Escolaridade",42.77,"Taxas de atendimento escolar de crianças de 0 a 3 anos (%)"
3541059,"Pratânia",36.39575972,2018,"Escolaridade",47.19,"Taxas de atendimento escolar de crianças de 0 a 3 anos (%)"
3541059,"Pratânia",37.58865248,2020,"Escolaridade",48.28,"Taxas de atendimento escolar de crianças de 0 a 3 anos (%)"
3541059,"Pratânia",32.04225352,2022,"Escolaridade",48.85,"Taxas de atendimento escolar de crianças de 0 a 3 anos (%)"
3541059,"Pratânia",42.55319149,2024,"Escolaridade",51.53,"Taxas de atendimento escolar de crianças de 0 a 3 anos (%)"
3541109,"Presidente Alves",33.15508021,2014,"Escolaridade",38.5,"Taxas de atendimento escolar de crianças de 0 a 3 anos (%)"
3541109,"Presidente Alves",42.13483146,2016,"Escolaridade",42.77,"Taxas de atendimento escolar de crianças de 0 a 3 anos (%)"
3541109,"Presidente Alves",36.51685393,2018,"Escolaridade",47.19,"Taxas de atendimento escolar de crianças de 0 a 3 anos (%)"
3541109,"Presidente Alves",41.86046512,2020,"Escolaridade",48.28,"Taxas de atendimento escolar de crianças de 0 a 3 anos (%)"
3541109,"Presidente Alves",39.39393939,2022,"Escolaridade",48.85,"Taxas de atendimento escolar de crianças de 0 a 3 anos (%)"
3541109,"Presidente Alves",45.16129032,2024,"Escolaridade",51.53,"Taxas de atendimento escolar de crianças de 0 a 3 anos (%)"
3541208,"Presidente Bernardes",25.18656716,2014,"Escolaridade",38.5,"Taxas de atendimento escolar de crianças de 0 a 3 anos (%)"
3541208,"Presidente Bernardes",28.35820896,2016,"Escolaridade",42.77,"Taxas de atendimento escolar de crianças de 0 a 3 anos (%)"
3541208,"Presidente Bernardes",33.20610687,2018,"Escolaridade",47.19,"Taxas de atendimento escolar de crianças de 0 a 3 anos (%)"
3541208,"Presidente Bernardes",44.42270059,2020,"Escolaridade",48.28,"Taxas de atendimento escolar de crianças de 0 a 3 anos (%)"
3541208,"Presidente Bernardes",42.65593561,2022,"Escolaridade",48.85,"Taxas de atendimento escolar de crianças de 0 a 3 anos (%)"
3541208,"Presidente Bernardes",48.41437632,2024,"Escolaridade",51.53,"Taxas de atendimento escolar de crianças de 0 a 3 anos (%)"
3541307,"Presidente Epitácio",32.64367816,2014,"Escolaridade",38.5,"Taxas de atendimento escolar de crianças de 0 a 3 anos (%)"
3541307,"Presidente Epitácio",33.06939916,2016,"Escolaridade",42.77,"Taxas de atendimento escolar de crianças de 0 a 3 anos (%)"
3541307,"Presidente Epitácio",35.52380952,2018,"Escolaridade",47.19,"Taxas de atendimento escolar de crianças de 0 a 3 anos (%)"
3541307,"Presidente Epitácio",37.48169839,2020,"Escolaridade",48.28,"Taxas de atendimento escolar de crianças de 0 a 3 anos (%)"
3541307,"Presidente Epitácio",38.31915958,2022,"Escolaridade",48.85,"Taxas de atendimento escolar de crianças de 0 a 3 anos (%)"
3541307,"Presidente Epitácio",44.32882414,2024,"Escolaridade",51.53,"Taxas de atendimento escolar de crianças de 0 a 3 anos (%)"
3541406,"Presidente Prudente",46.88651794,2014,"Escolaridade",38.5,"Taxas de atendimento escolar de crianças de 0 a 3 anos (%)"
3541406,"Presidente Prudente",50.33041788,2016,"Escolaridade",42.77,"Taxas de atendimento escolar de crianças de 0 a 3 anos (%)"
3541406,"Presidente Prudente",57.99263901,2018,"Escolaridade",47.19,"Taxas de atendimento escolar de crianças de 0 a 3 anos (%)"
3541406,"Presidente Prudente",57.57699368,2020,"Escolaridade",48.28,"Taxas de atendimento escolar de crianças de 0 a 3 anos (%)"
3541406,"Presidente Prudente",50.82242012,2022,"Escolaridade",48.85,"Taxas de atendimento escolar de crianças de 0 a 3 anos (%)"
3541406,"Presidente Prudente",57.3567993,2024,"Escolaridade",51.53,"Taxas de atendimento escolar de crianças de 0 a 3 anos (%)"
3541505,"Presidente Venceslau",42.70639354,2014,"Escolaridade",38.5,"Taxas de atendimento escolar de crianças de 0 a 3 anos (%)"
3541505,"Presidente Venceslau",44.62705436,2016,"Escolaridade",42.77,"Taxas de atendimento escolar de crianças de 0 a 3 anos (%)"
3541505,"Presidente Venceslau",42.90364583,2018,"Escolaridade",47.19,"Taxas de atendimento escolar de crianças de 0 a 3 anos (%)"
3541505,"Presidente Venceslau",40.58941728,2020,"Escolaridade",48.28,"Taxas de atendimento escolar de crianças de 0 a 3 anos (%)"
3541505,"Presidente Venceslau",43.52941176,2022,"Escolaridade",48.85,"Taxas de atendimento escolar de crianças de 0 a 3 anos (%)"
3541505,"Presidente Venceslau",46.09203798,2024,"Escolaridade",51.53,"Taxas de atendimento escolar de crianças de 0 a 3 anos (%)"
3541604,"Promissão",21.86432406,2014,"Escolaridade",38.5,"Taxas de atendimento escolar de crianças de 0 a 3 anos (%)"
3541604,"Promissão",21.85398655,2016,"Escolaridade",42.77,"Taxas de atendimento escolar de crianças de 0 a 3 anos (%)"
3541604,"Promissão",22.77323062,2018,"Escolaridade",47.19,"Taxas de atendimento escolar de crianças de 0 a 3 anos (%)"
3541604,"Promissão",22.57129048,2020,"Escolaridade",48.28,"Taxas de atendimento escolar de crianças de 0 a 3 anos (%)"
3541604,"Promissão",25.46251217,2022,"Escolaridade",48.85,"Taxas de atendimento escolar de crianças de 0 a 3 anos (%)"
3541604,"Promissão",24.87660415,2024,"Escolaridade",51.53,"Taxas de atendimento escolar de crianças de 0 a 3 anos (%)"
3541653,"Quadra",16.98113208,2014,"Escolaridade",38.5,"Taxas de atendimento escolar de crianças de 0 a 3 anos (%)"
3541653,"Quadra",33.97435897,2016,"Escolaridade",42.77,"Taxas de atendimento escolar de crianças de 0 a 3 anos (%)"
3541653,"Quadra",27.43902439,2018,"Escolaridade",47.19,"Taxas de atendimento escolar de crianças de 0 a 3 anos (%)"
3541653,"Quadra",35.71428571,2020,"Escolaridade",48.28,"Taxas de atendimento escolar de crianças de 0 a 3 anos (%)"
3541653,"Quadra",29.58579882,2022,"Escolaridade",48.85,"Taxas de atendimento escolar de crianças de 0 a 3 anos (%)"
3541653,"Quadra",38.82352941,2024,"Escolaridade",51.53,"Taxas de atendimento escolar de crianças de 0 a 3 anos (%)"
3541703,"Quatá",35.50531915,2014,"Escolaridade",38.5,"Taxas de atendimento escolar de crianças de 0 a 3 anos (%)"
3541703,"Quatá",42.6121372,2016,"Escolaridade",42.77,"Taxas de atendimento escolar de crianças de 0 a 3 anos (%)"
3541703,"Quatá",47.07446809,2018,"Escolaridade",47.19,"Taxas de atendimento escolar de crianças de 0 a 3 anos (%)"
3541703,"Quatá",41.10512129,2020,"Escolaridade",48.28,"Taxas de atendimento escolar de crianças de 0 a 3 anos (%)"
3541703,"Quatá",35.84131327,2022,"Escolaridade",48.85,"Taxas de atendimento escolar de crianças de 0 a 3 anos (%)"
3541703,"Quatá",47.6056338,2024,"Escolaridade",51.53,"Taxas de atendimento escolar de crianças de 0 a 3 anos (%)"
3541802,"Queiroz",49.06832298,2014,"Escolaridade",38.5,"Taxas de atendimento escolar de crianças de 0 a 3 anos (%)"
3541802,"Queiroz",50.30674847,2016,"Escolaridade",42.77,"Taxas de atendimento escolar de crianças de 0 a 3 anos (%)"
3541802,"Queiroz",70.23809524,2018,"Escolaridade",47.19,"Taxas de atendimento escolar de crianças de 0 a 3 anos (%)"
3541802,"Queiroz",59.42857143,2020,"Escolaridade",48.28,"Taxas de atendimento escolar de crianças de 0 a 3 anos (%)"
3541802,"Queiroz",54.80225989,2022,"Escolaridade",48.85,"Taxas de atendimento escolar de crianças de 0 a 3 anos (%)"
3541802,"Queiroz",71.66666667,2024,"Escolaridade",51.53,"Taxas de atendimento escolar de crianças de 0 a 3 anos (%)"
3541901,"Queluz",6.230529595,2014,"Escolaridade",38.5,"Taxas de atendimento escolar de crianças de 0 a 3 anos (%)"
3541901,"Queluz",14.83771252,2016,"Escolaridade",42.77,"Taxas de atendimento escolar de crianças de 0 a 3 anos (%)"
3541901,"Queluz",23.52941176,2018,"Escolaridade",47.19,"Taxas de atendimento escolar de crianças de 0 a 3 anos (%)"
3541901,"Queluz",19.09937888,2020,"Escolaridade",48.28,"Taxas de atendimento escolar de crianças de 0 a 3 anos (%)"
3541901,"Queluz",24.29467085,2022,"Escolaridade",48.85,"Taxas de atendimento escolar de crianças de 0 a 3 anos (%)"
3541901,"Queluz",28.22966507,2024,"Escolaridade",51.53,"Taxas de atendimento escolar de crianças de 0 a 3 anos (%)"
3542008,"Quintana",71.66666667,2014,"Escolaridade",38.5,"Taxas de atendimento escolar de crianças de 0 a 3 anos (%)"
3542008,"Quintana",69.50819672,2016,"Escolaridade",42.77,"Taxas de atendimento escolar de crianças de 0 a 3 anos (%)"
3542008,"Quintana",77.15231788,2018,"Escolaridade",47.19,"Taxas de atendimento escolar de crianças de 0 a 3 anos (%)"
3542008,"Quintana",70.46979866,2020,"Escolaridade",48.28,"Taxas de atendimento escolar de crianças de 0 a 3 anos (%)"
3542008,"Quintana",97.95221843,2022,"Escolaridade",48.85,"Taxas de atendimento escolar de crianças de 0 a 3 anos (%)"
3542008,"Quintana",103.4843206,2024,"Escolaridade",51.53,"Taxas de atendimento escolar de crianças de 0 a 3 anos (%)"
3542107,"Rafard",27.82101167,2014,"Escolaridade",38.5,"Taxas de atendimento escolar de crianças de 0 a 3 anos (%)"
3542107,"Rafard",16.47509579,2016,"Escolaridade",42.77,"Taxas de atendimento escolar de crianças de 0 a 3 anos (%)"
3542107,"Rafard",24.89959839,2018,"Escolaridade",47.19,"Taxas de atendimento escolar de crianças de 0 a 3 anos (%)"
3542107,"Rafard",28,2020,"Escolaridade",48.28,"Taxas de atendimento escolar de crianças de 0 a 3 anos (%)"
3542107,"Rafard",35.2688172,2022,"Escolaridade",48.85,"Taxas de atendimento escolar de crianças de 0 a 3 anos (%)"
3542107,"Rafard",42.15246637,2024,"Escolaridade",51.53,"Taxas de atendimento escolar de crianças de 0 a 3 anos (%)"
3542206,"Rancharia",34.86041518,2014,"Escolaridade",38.5,"Taxas de atendimento escolar de crianças de 0 a 3 anos (%)"
3542206,"Rancharia",51.58959538,2016,"Escolaridade",42.77,"Taxas de atendimento escolar de crianças de 0 a 3 anos (%)"
3542206,"Rancharia",51.59141377,2018,"Escolaridade",47.19,"Taxas de atendimento escolar de crianças de 0 a 3 anos (%)"
3542206,"Rancharia",55.57240334,2020,"Escolaridade",48.28,"Taxas de atendimento escolar de crianças de 0 a 3 anos (%)"
3542206,"Rancharia",48.91640867,2022,"Escolaridade",48.85,"Taxas de atendimento escolar de crianças de 0 a 3 anos (%)"
3542206,"Rancharia",54.18006431,2024,"Escolaridade",51.53,"Taxas de atendimento escolar de crianças de 0 a 3 anos (%)"
3542305,"Redenção da Serra",2.688172043,2014,"Escolaridade",38.5,"Taxas de atendimento escolar de crianças de 0 a 3 anos (%)"
3542305,"Redenção da Serra",0.558659218,2016,"Escolaridade",42.77,"Taxas de atendimento escolar de crianças de 0 a 3 anos (%)"
3542305,"Redenção da Serra",2.777777778,2018,"Escolaridade",47.19,"Taxas de atendimento escolar de crianças de 0 a 3 anos (%)"
3542404,"Regente Feijó",48.96313364,2014,"Escolaridade",38.5,"Taxas de atendimento escolar de crianças de 0 a 3 anos (%)"
3542404,"Regente Feijó",53.75586854,2016,"Escolaridade",42.77,"Taxas de atendimento escolar de crianças de 0 a 3 anos (%)"
3542404,"Regente Feijó",59.71896956,2018,"Escolaridade",47.19,"Taxas de atendimento escolar de crianças de 0 a 3 anos (%)"
3542404,"Regente Feijó",61.85446009,2020,"Escolaridade",48.28,"Taxas de atendimento escolar de crianças de 0 a 3 anos (%)"
3542404,"Regente Feijó",61.15802171,2022,"Escolaridade",48.85,"Taxas de atendimento escolar de crianças de 0 a 3 anos (%)"
3542404,"Regente Feijó",62.87878788,2024,"Escolaridade",51.53,"Taxas de atendimento escolar de crianças de 0 a 3 anos (%)"
3542503,"Reginópolis",39.73799127,2014,"Escolaridade",38.5,"Taxas de atendimento escolar de crianças de 0 a 3 anos (%)"
3542503,"Reginópolis",50,2016,"Escolaridade",42.77,"Taxas de atendimento escolar de crianças de 0 a 3 anos (%)"
3542503,"Reginópolis",68.8372093,2018,"Escolaridade",47.19,"Taxas de atendimento escolar de crianças de 0 a 3 anos (%)"
3542503,"Reginópolis",64.92890995,2020,"Escolaridade",48.28,"Taxas de atendimento escolar de crianças de 0 a 3 anos (%)"
3542503,"Reginópolis",61.16504854,2022,"Escolaridade",48.85,"Taxas de atendimento escolar de crianças de 0 a 3 anos (%)"
3542503,"Reginópolis",69.58762887,2024,"Escolaridade",51.53,"Taxas de atendimento escolar de crianças de 0 a 3 anos (%)"
3542602,"Registro",42.47329233,2014,"Escolaridade",38.5,"Taxas de atendimento escolar de crianças de 0 a 3 anos (%)"
3542602,"Registro",48.75735775,2016,"Escolaridade",42.77,"Taxas de atendimento escolar de crianças de 0 a 3 anos (%)"
3542602,"Registro",50.96056623,2018,"Escolaridade",47.19,"Taxas de atendimento escolar de crianças de 0 a 3 anos (%)"
3542602,"Registro",48.18941504,2020,"Escolaridade",48.28,"Taxas de atendimento escolar de crianças de 0 a 3 anos (%)"
3542602,"Registro",41.14917916,2022,"Escolaridade",48.85,"Taxas de atendimento escolar de crianças de 0 a 3 anos (%)"
3542602,"Registro",46.9910847,2024,"Escolaridade",51.53,"Taxas de atendimento escolar de crianças de 0 a 3 anos (%)"
3542701,"Restinga",8.860759494,2014,"Escolaridade",38.5,"Taxas de atendimento escolar de crianças de 0 a 3 anos (%)"
3542701,"Restinga",48.45995893,2016,"Escolaridade",42.77,"Taxas de atendimento escolar de crianças de 0 a 3 anos (%)"
3542701,"Restinga",38.27160494,2018,"Escolaridade",47.19,"Taxas de atendimento escolar de crianças de 0 a 3 anos (%)"
3542701,"Restinga",34.57556936,2020,"Escolaridade",48.28,"Taxas de atendimento escolar de crianças de 0 a 3 anos (%)"
3542701,"Restinga",35.83333333,2022,"Escolaridade",48.85,"Taxas de atendimento escolar de crianças de 0 a 3 anos (%)"
3542701,"Restinga",33.89830508,2024,"Escolaridade",51.53,"Taxas de atendimento escolar de crianças de 0 a 3 anos (%)"
3542800,"Ribeira",33.33333333,2014,"Escolaridade",38.5,"Taxas de atendimento escolar de crianças de 0 a 3 anos (%)"
3542800,"Ribeira",28.32369942,2016,"Escolaridade",42.77,"Taxas de atendimento escolar de crianças de 0 a 3 anos (%)"
3542800,"Ribeira",36.36363636,2018,"Escolaridade",47.19,"Taxas de atendimento escolar de crianças de 0 a 3 anos (%)"
3542800,"Ribeira",30.11363636,2020,"Escolaridade",48.28,"Taxas de atendimento escolar de crianças de 0 a 3 anos (%)"
3542800,"Ribeira",29.94350282,2022,"Escolaridade",48.85,"Taxas de atendimento escolar de crianças de 0 a 3 anos (%)"
3542800,"Ribeira",40.11627907,2024,"Escolaridade",51.53,"Taxas de atendimento escolar de crianças de 0 a 3 anos (%)"
3542909,"Ribeirão Bonito",34.92695883,2014,"Escolaridade",38.5,"Taxas de atendimento escolar de crianças de 0 a 3 anos (%)"
3542909,"Ribeirão Bonito",31.90921228,2016,"Escolaridade",42.77,"Taxas de atendimento escolar de crianças de 0 a 3 anos (%)"
3542909,"Ribeirão Bonito",33.15290934,2018,"Escolaridade",47.19,"Taxas de atendimento escolar de crianças de 0 a 3 anos (%)"
3542909,"Ribeirão Bonito",31.07734807,2020,"Escolaridade",48.28,"Taxas de atendimento escolar de crianças de 0 a 3 anos (%)"
3542909,"Ribeirão Bonito",34.3220339,2022,"Escolaridade",48.85,"Taxas de atendimento escolar de crianças de 0 a 3 anos (%)"
3542909,"Ribeirão Bonito",32.25806452,2024,"Escolaridade",51.53,"Taxas de atendimento escolar de crianças de 0 a 3 anos (%)"
3543006,"Ribeirão Branco",21.53110048,2014,"Escolaridade",38.5,"Taxas de atendimento escolar de crianças de 0 a 3 anos (%)"
3543006,"Ribeirão Branco",22.98624754,2016,"Escolaridade",42.77,"Taxas de atendimento escolar de crianças de 0 a 3 anos (%)"
3543006,"Ribeirão Branco",35.50583658,2018,"Escolaridade",47.19,"Taxas de atendimento escolar de crianças de 0 a 3 anos (%)"
3543006,"Ribeirão Branco",31.87560739,2020,"Escolaridade",48.28,"Taxas de atendimento escolar de crianças de 0 a 3 anos (%)"
3543006,"Ribeirão Branco",29.57467854,2022,"Escolaridade",48.85,"Taxas de atendimento escolar de crianças de 0 a 3 anos (%)"
3543006,"Ribeirão Branco",33.23108384,2024,"Escolaridade",51.53,"Taxas de atendimento escolar de crianças de 0 a 3 anos (%)"
3543105,"Ribeirão Corrente",49.21259843,2014,"Escolaridade",38.5,"Taxas de atendimento escolar de crianças de 0 a 3 anos (%)"
3543105,"Ribeirão Corrente",50.79365079,2016,"Escolaridade",42.77,"Taxas de atendimento escolar de crianças de 0 a 3 anos (%)"
3543105,"Ribeirão Corrente",57.25490196,2018,"Escolaridade",47.19,"Taxas de atendimento escolar de crianças de 0 a 3 anos (%)"
3543105,"Ribeirão Corrente",59.53307393,2020,"Escolaridade",48.28,"Taxas de atendimento escolar de crianças de 0 a 3 anos (%)"
3543105,"Ribeirão Corrente",53.90625,2022,"Escolaridade",48.85,"Taxas de atendimento escolar de crianças de 0 a 3 anos (%)"
3543105,"Ribeirão Corrente",43.7007874,2024,"Escolaridade",51.53,"Taxas de atendimento escolar de crianças de 0 a 3 anos (%)"
3543204,"Ribeirão do Sul",44.16243655,2014,"Escolaridade",38.5,"Taxas de atendimento escolar de crianças de 0 a 3 anos (%)"
3543204,"Ribeirão do Sul",51.5625,2016,"Escolaridade",42.77,"Taxas de atendimento escolar de crianças de 0 a 3 anos (%)"
3543204,"Ribeirão do Sul",53.43915344,2018,"Escolaridade",47.19,"Taxas de atendimento escolar de crianças de 0 a 3 anos (%)"
3543204,"Ribeirão do Sul",51.87165775,2020,"Escolaridade",48.28,"Taxas de atendimento escolar de crianças de 0 a 3 anos (%)"
3543204,"Ribeirão do Sul",53.03867403,2022,"Escolaridade",48.85,"Taxas de atendimento escolar de crianças de 0 a 3 anos (%)"
3543204,"Ribeirão do Sul",57.55813953,2024,"Escolaridade",51.53,"Taxas de atendimento escolar de crianças de 0 a 3 anos (%)"
3543238,"Ribeirão dos Índios",60.97560976,2014,"Escolaridade",38.5,"Taxas de atendimento escolar de crianças de 0 a 3 anos (%)"
3543238,"Ribeirão dos Índios",74.07407407,2016,"Escolaridade",42.77,"Taxas de atendimento escolar de crianças de 0 a 3 anos (%)"
3543238,"Ribeirão dos Índios",79.01234568,2018,"Escolaridade",47.19,"Taxas de atendimento escolar de crianças de 0 a 3 anos (%)"
3543238,"Ribeirão dos Índios",71.60493827,2020,"Escolaridade",48.28,"Taxas de atendimento escolar de crianças de 0 a 3 anos (%)"
3543238,"Ribeirão dos Índios",72.15189873,2022,"Escolaridade",48.85,"Taxas de atendimento escolar de crianças de 0 a 3 anos (%)"
3543238,"Ribeirão dos Índios",64.1025641,2024,"Escolaridade",51.53,"Taxas de atendimento escolar de crianças de 0 a 3 anos (%)"
3543253,"Ribeirão Grande",19.66426859,2014,"Escolaridade",38.5,"Taxas de atendimento escolar de crianças de 0 a 3 anos (%)"
3543253,"Ribeirão Grande",24.51923077,2016,"Escolaridade",42.77,"Taxas de atendimento escolar de crianças de 0 a 3 anos (%)"
3543253,"Ribeirão Grande",14.91442543,2018,"Escolaridade",47.19,"Taxas de atendimento escolar de crianças de 0 a 3 anos (%)"
3543253,"Ribeirão Grande",17.41293532,2020,"Escolaridade",48.28,"Taxas de atendimento escolar de crianças de 0 a 3 anos (%)"
3543253,"Ribeirão Grande",17.51269036,2022,"Escolaridade",48.85,"Taxas de atendimento escolar de crianças de 0 a 3 anos (%)"
3543253,"Ribeirão Grande",20.26315789,2024,"Escolaridade",51.53,"Taxas de atendimento escolar de crianças de 0 a 3 anos (%)"
3543303,"Ribeirão Pires",45.37211292,2014,"Escolaridade",38.5,"Taxas de atendimento escolar de crianças de 0 a 3 anos (%)"
3543303,"Ribeirão Pires",41.28456122,2016,"Escolaridade",42.77,"Taxas de atendimento escolar de crianças de 0 a 3 anos (%)"
3543303,"Ribeirão Pires",44.28215176,2018,"Escolaridade",47.19,"Taxas de atendimento escolar de crianças de 0 a 3 anos (%)"
3543303,"Ribeirão Pires",41.20807856,2020,"Escolaridade",48.28,"Taxas de atendimento escolar de crianças de 0 a 3 anos (%)"
3543303,"Ribeirão Pires",37.70022883,2022,"Escolaridade",48.85,"Taxas de atendimento escolar de crianças de 0 a 3 anos (%)"
3543303,"Ribeirão Pires",43.86735917,2024,"Escolaridade",51.53,"Taxas de atendimento escolar de crianças de 0 a 3 anos (%)"
3543402,"Ribeirão Preto",45.2032114,2014,"Escolaridade",38.5,"Taxas de atendimento escolar de crianças de 0 a 3 anos (%)"
3543402,"Ribeirão Preto",44.40008599,2016,"Escolaridade",42.77,"Taxas de atendimento escolar de crianças de 0 a 3 anos (%)"
3543402,"Ribeirão Preto",47.49505293,2018,"Escolaridade",47.19,"Taxas de atendimento escolar de crianças de 0 a 3 anos (%)"
3543402,"Ribeirão Preto",44.84746964,2020,"Escolaridade",48.28,"Taxas de atendimento escolar de crianças de 0 a 3 anos (%)"
3543402,"Ribeirão Preto",49.39770965,2022,"Escolaridade",48.85,"Taxas de atendimento escolar de crianças de 0 a 3 anos (%)"
3543402,"Ribeirão Preto",55.94331206,2024,"Escolaridade",51.53,"Taxas de atendimento escolar de crianças de 0 a 3 anos (%)"
3543501,"Riversul",21.75324675,2014,"Escolaridade",38.5,"Taxas de atendimento escolar de crianças de 0 a 3 anos (%)"
3543501,"Riversul",29.29292929,2016,"Escolaridade",42.77,"Taxas de atendimento escolar de crianças de 0 a 3 anos (%)"
3543501,"Riversul",34.65346535,2018,"Escolaridade",47.19,"Taxas de atendimento escolar de crianças de 0 a 3 anos (%)"
3543501,"Riversul",33.66013072,2020,"Escolaridade",48.28,"Taxas de atendimento escolar de crianças de 0 a 3 anos (%)"
3543501,"Riversul",34.98349835,2022,"Escolaridade",48.85,"Taxas de atendimento escolar de crianças de 0 a 3 anos (%)"
3543501,"Riversul",43.19727891,2024,"Escolaridade",51.53,"Taxas de atendimento escolar de crianças de 0 a 3 anos (%)"
3543600,"Rifaina",25.51724138,2014,"Escolaridade",38.5,"Taxas de atendimento escolar de crianças de 0 a 3 anos (%)"
3543600,"Rifaina",25.35211268,2016,"Escolaridade",42.77,"Taxas de atendimento escolar de crianças de 0 a 3 anos (%)"
3543600,"Rifaina",36.80555556,2018,"Escolaridade",47.19,"Taxas de atendimento escolar de crianças de 0 a 3 anos (%)"
3543600,"Rifaina",60.68965517,2020,"Escolaridade",48.28,"Taxas de atendimento escolar de crianças de 0 a 3 anos (%)"
3543600,"Rifaina",57.74647887,2022,"Escolaridade",48.85,"Taxas de atendimento escolar de crianças de 0 a 3 anos (%)"
3543600,"Rifaina",82.73381295,2024,"Escolaridade",51.53,"Taxas de atendimento escolar de crianças de 0 a 3 anos (%)"
3543709,"Rincão",47.54098361,2014,"Escolaridade",38.5,"Taxas de atendimento escolar de crianças de 0 a 3 anos (%)"
3543709,"Rincão",43.87947269,2016,"Escolaridade",42.77,"Taxas de atendimento escolar de crianças de 0 a 3 anos (%)"
3543709,"Rincão",42.50474383,2018,"Escolaridade",47.19,"Taxas de atendimento escolar de crianças de 0 a 3 anos (%)"
3543709,"Rincão",42.28571429,2020,"Escolaridade",48.28,"Taxas de atendimento escolar de crianças de 0 a 3 anos (%)"
3543709,"Rincão",37.79527559,2022,"Escolaridade",48.85,"Taxas de atendimento escolar de crianças de 0 a 3 anos (%)"
3543709,"Rincão",45.17453799,2024,"Escolaridade",51.53,"Taxas de atendimento escolar de crianças de 0 a 3 anos (%)"
3543808,"Rinópolis",27.44186047,2014,"Escolaridade",38.5,"Taxas de atendimento escolar de crianças de 0 a 3 anos (%)"
3543808,"Rinópolis",31.41486811,2016,"Escolaridade",42.77,"Taxas de atendimento escolar de crianças de 0 a 3 anos (%)"
3543808,"Rinópolis",30.1980198,2018,"Escolaridade",47.19,"Taxas de atendimento escolar de crianças de 0 a 3 anos (%)"
3543808,"Rinópolis",30.6122449,2020,"Escolaridade",48.28,"Taxas de atendimento escolar de crianças de 0 a 3 anos (%)"
3543808,"Rinópolis",43.91534392,2022,"Escolaridade",48.85,"Taxas de atendimento escolar de crianças de 0 a 3 anos (%)"
3543808,"Rinópolis",48.31460674,2024,"Escolaridade",51.53,"Taxas de atendimento escolar de crianças de 0 a 3 anos (%)"
3543907,"Rio Claro",42.5273523,2014,"Escolaridade",38.5,"Taxas de atendimento escolar de crianças de 0 a 3 anos (%)"
3543907,"Rio Claro",44.00919138,2016,"Escolaridade",42.77,"Taxas de atendimento escolar de crianças de 0 a 3 anos (%)"
3543907,"Rio Claro",48.80372175,2018,"Escolaridade",47.19,"Taxas de atendimento escolar de crianças de 0 a 3 anos (%)"
3543907,"Rio Claro",45.28195911,2020,"Escolaridade",48.28,"Taxas de atendimento escolar de crianças de 0 a 3 anos (%)"
3543907,"Rio Claro",47.29574223,2022,"Escolaridade",48.85,"Taxas de atendimento escolar de crianças de 0 a 3 anos (%)"
3543907,"Rio Claro",51.64532727,2024,"Escolaridade",51.53,"Taxas de atendimento escolar de crianças de 0 a 3 anos (%)"
3544004,"Rio das Pedras",29.08251587,2014,"Escolaridade",38.5,"Taxas de atendimento escolar de crianças de 0 a 3 anos (%)"
3544004,"Rio das Pedras",31.84421535,2016,"Escolaridade",42.77,"Taxas de atendimento escolar de crianças de 0 a 3 anos (%)"
3544004,"Rio das Pedras",31.13636364,2018,"Escolaridade",47.19,"Taxas de atendimento escolar de crianças de 0 a 3 anos (%)"
3544004,"Rio das Pedras",33.65330322,2020,"Escolaridade",48.28,"Taxas de atendimento escolar de crianças de 0 a 3 anos (%)"
3544004,"Rio das Pedras",33.27625571,2022,"Escolaridade",48.85,"Taxas de atendimento escolar de crianças de 0 a 3 anos (%)"
3544004,"Rio das Pedras",39.55788249,2024,"Escolaridade",51.53,"Taxas de atendimento escolar de crianças de 0 a 3 anos (%)"
3544103,"Rio Grande da Serra",21.26836814,2014,"Escolaridade",38.5,"Taxas de atendimento escolar de crianças de 0 a 3 anos (%)"
3544103,"Rio Grande da Serra",30.96899225,2016,"Escolaridade",42.77,"Taxas de atendimento escolar de crianças de 0 a 3 anos (%)"
3544103,"Rio Grande da Serra",32.83352557,2018,"Escolaridade",47.19,"Taxas de atendimento escolar de crianças de 0 a 3 anos (%)"
3544103,"Rio Grande da Serra",33.49866463,2020,"Escolaridade",48.28,"Taxas de atendimento escolar de crianças de 0 a 3 anos (%)"
3544103,"Rio Grande da Serra",32.06459054,2022,"Escolaridade",48.85,"Taxas de atendimento escolar de crianças de 0 a 3 anos (%)"
3544103,"Rio Grande da Serra",33.13794451,2024,"Escolaridade",51.53,"Taxas de atendimento escolar de crianças de 0 a 3 anos (%)"
3544202,"Riolândia",38.85918004,2014,"Escolaridade",38.5,"Taxas de atendimento escolar de crianças de 0 a 3 anos (%)"
3544202,"Riolândia",36.33093525,2016,"Escolaridade",42.77,"Taxas de atendimento escolar de crianças de 0 a 3 anos (%)"
3544202,"Riolândia",41.35472371,2018,"Escolaridade",47.19,"Taxas de atendimento escolar de crianças de 0 a 3 anos (%)"
3544202,"Riolândia",43.77224199,2020,"Escolaridade",48.28,"Taxas de atendimento escolar de crianças de 0 a 3 anos (%)"
3544202,"Riolândia",44.12296564,2022,"Escolaridade",48.85,"Taxas de atendimento escolar de crianças de 0 a 3 anos (%)"
3544202,"Riolândia",51.57116451,2024,"Escolaridade",51.53,"Taxas de atendimento escolar de crianças de 0 a 3 anos (%)"
3544251,"Rosana",34.7133758,2014,"Escolaridade",38.5,"Taxas de atendimento escolar de crianças de 0 a 3 anos (%)"
3544251,"Rosana",37.25274725,2016,"Escolaridade",42.77,"Taxas de atendimento escolar de crianças de 0 a 3 anos (%)"
3544251,"Rosana",35.3811149,2018,"Escolaridade",47.19,"Taxas de atendimento escolar de crianças de 0 a 3 anos (%)"
3544251,"Rosana",38.11764706,2020,"Escolaridade",48.28,"Taxas de atendimento escolar de crianças de 0 a 3 anos (%)"
3544251,"Rosana",41.62621359,2022,"Escolaridade",48.85,"Taxas de atendimento escolar de crianças de 0 a 3 anos (%)"
3544251,"Rosana",46.98331194,2024,"Escolaridade",51.53,"Taxas de atendimento escolar de crianças de 0 a 3 anos (%)"
3544301,"Roseira",40.23372287,2014,"Escolaridade",38.5,"Taxas de atendimento escolar de crianças de 0 a 3 anos (%)"
3544301,"Roseira",52.63157895,2016,"Escolaridade",42.77,"Taxas de atendimento escolar de crianças de 0 a 3 anos (%)"
3544301,"Roseira",57.69881557,2018,"Escolaridade",47.19,"Taxas de atendimento escolar de crianças de 0 a 3 anos (%)"
3544301,"Roseira",58.63874346,2020,"Escolaridade",48.28,"Taxas de atendimento escolar de crianças de 0 a 3 anos (%)"
3544301,"Roseira",56.53710247,2022,"Escolaridade",48.85,"Taxas de atendimento escolar de crianças de 0 a 3 anos (%)"
3544301,"Roseira",51.17540687,2024,"Escolaridade",51.53,"Taxas de atendimento escolar de crianças de 0 a 3 anos (%)"
3544400,"Rubiácea",49.62962963,2014,"Escolaridade",38.5,"Taxas de atendimento escolar de crianças de 0 a 3 anos (%)"
3544400,"Rubiácea",61.94029851,2016,"Escolaridade",42.77,"Taxas de atendimento escolar de crianças de 0 a 3 anos (%)"
3544400,"Rubiácea",73.1884058,2018,"Escolaridade",47.19,"Taxas de atendimento escolar de crianças de 0 a 3 anos (%)"
3544400,"Rubiácea",84.72222222,2020,"Escolaridade",48.28,"Taxas de atendimento escolar de crianças de 0 a 3 anos (%)"
3544400,"Rubiácea",58.33333333,2022,"Escolaridade",48.85,"Taxas de atendimento escolar de crianças de 0 a 3 anos (%)"
3544400,"Rubiácea",57.34265734,2024,"Escolaridade",51.53,"Taxas de atendimento escolar de crianças de 0 a 3 anos (%)"
3544509,"Rubinéia",83.47826087,2014,"Escolaridade",38.5,"Taxas de atendimento escolar de crianças de 0 a 3 anos (%)"
3544509,"Rubinéia",77.11864407,2016,"Escolaridade",42.77,"Taxas de atendimento escolar de crianças de 0 a 3 anos (%)"
3544509,"Rubinéia",77.96610169,2018,"Escolaridade",47.19,"Taxas de atendimento escolar de crianças de 0 a 3 anos (%)"
3544509,"Rubinéia",85.83333333,2020,"Escolaridade",48.28,"Taxas de atendimento escolar de crianças de 0 a 3 anos (%)"
3544509,"Rubinéia",92.24137931,2022,"Escolaridade",48.85,"Taxas de atendimento escolar de crianças de 0 a 3 anos (%)"
3544509,"Rubinéia",89.56521739,2024,"Escolaridade",51.53,"Taxas de atendimento escolar de crianças de 0 a 3 anos (%)"
3544608,"Sabino",63.4751773,2014,"Escolaridade",38.5,"Taxas de atendimento escolar de crianças de 0 a 3 anos (%)"
3544608,"Sabino",46.47887324,2016,"Escolaridade",42.77,"Taxas de atendimento escolar de crianças de 0 a 3 anos (%)"
3544608,"Sabino",38.76811594,2018,"Escolaridade",47.19,"Taxas de atendimento escolar de crianças de 0 a 3 anos (%)"
3544608,"Sabino",43.54243542,2020,"Escolaridade",48.28,"Taxas de atendimento escolar de crianças de 0 a 3 anos (%)"
3544608,"Sabino",47.36842105,2022,"Escolaridade",48.85,"Taxas de atendimento escolar de crianças de 0 a 3 anos (%)"
3544608,"Sabino",42.96875,2024,"Escolaridade",51.53,"Taxas de atendimento escolar de crianças de 0 a 3 anos (%)"
3544707,"Sagres",48.59813084,2014,"Escolaridade",38.5,"Taxas de atendimento escolar de crianças de 0 a 3 anos (%)"
3544707,"Sagres",60.55045872,2016,"Escolaridade",42.77,"Taxas de atendimento escolar de crianças de 0 a 3 anos (%)"
3544707,"Sagres",50.46728972,2018,"Escolaridade",47.19,"Taxas de atendimento escolar de crianças de 0 a 3 anos (%)"
3544707,"Sagres",43.39622642,2020,"Escolaridade",48.28,"Taxas de atendimento escolar de crianças de 0 a 3 anos (%)"
3544707,"Sagres",59.61538462,2022,"Escolaridade",48.85,"Taxas de atendimento escolar de crianças de 0 a 3 anos (%)"
3544707,"Sagres",73.26732673,2024,"Escolaridade",51.53,"Taxas de atendimento escolar de crianças de 0 a 3 anos (%)"
3544806,"Sales",24.54212454,2014,"Escolaridade",38.5,"Taxas de atendimento escolar de crianças de 0 a 3 anos (%)"
3544806,"Sales",29.13669065,2016,"Escolaridade",42.77,"Taxas de atendimento escolar de crianças de 0 a 3 anos (%)"
3544806,"Sales",34.28571429,2018,"Escolaridade",47.19,"Taxas de atendimento escolar de crianças de 0 a 3 anos (%)"
3544806,"Sales",32.25806452,2020,"Escolaridade",48.28,"Taxas de atendimento escolar de crianças de 0 a 3 anos (%)"
3544806,"Sales",28.88086643,2022,"Escolaridade",48.85,"Taxas de atendimento escolar de crianças de 0 a 3 anos (%)"
3544806,"Sales",39.48339483,2024,"Escolaridade",51.53,"Taxas de atendimento escolar de crianças de 0 a 3 anos (%)"
3544905,"Sales Oliveira",38.77159309,2014,"Escolaridade",38.5,"Taxas de atendimento escolar de crianças de 0 a 3 anos (%)"
3544905,"Sales Oliveira",40.22988506,2016,"Escolaridade",42.77,"Taxas de atendimento escolar de crianças de 0 a 3 anos (%)"
3544905,"Sales Oliveira",39.96101365,2018,"Escolaridade",47.19,"Taxas de atendimento escolar de crianças de 0 a 3 anos (%)"
3544905,"Sales Oliveira",40.82840237,2020,"Escolaridade",48.28,"Taxas de atendimento escolar de crianças de 0 a 3 anos (%)"
3544905,"Sales Oliveira",45.16129032,2022,"Escolaridade",48.85,"Taxas de atendimento escolar de crianças de 0 a 3 anos (%)"
3544905,"Sales Oliveira",52.20125786,2024,"Escolaridade",51.53,"Taxas de atendimento escolar de crianças de 0 a 3 anos (%)"
3545001,"Salesópolis",11.47058824,2014,"Escolaridade",38.5,"Taxas de atendimento escolar de crianças de 0 a 3 anos (%)"
3545001,"Salesópolis",14.23149905,2016,"Escolaridade",42.77,"Taxas de atendimento escolar de crianças de 0 a 3 anos (%)"
3545001,"Salesópolis",12.0458891,2018,"Escolaridade",47.19,"Taxas de atendimento escolar de crianças de 0 a 3 anos (%)"
3545001,"Salesópolis",8.108108108,2020,"Escolaridade",48.28,"Taxas de atendimento escolar de crianças de 0 a 3 anos (%)"
3545001,"Salesópolis",6.842619746,2022,"Escolaridade",48.85,"Taxas de atendimento escolar de crianças de 0 a 3 anos (%)"
3545001,"Salesópolis",18.86227545,2024,"Escolaridade",51.53,"Taxas de atendimento escolar de crianças de 0 a 3 anos (%)"
3545100,"Salmourão",30.80357143,2014,"Escolaridade",38.5,"Taxas de atendimento escolar de crianças de 0 a 3 anos (%)"
3545100,"Salmourão",29.14798206,2016,"Escolaridade",42.77,"Taxas de atendimento escolar de crianças de 0 a 3 anos (%)"
3545100,"Salmourão",38.0952381,2018,"Escolaridade",47.19,"Taxas de atendimento escolar de crianças de 0 a 3 anos (%)"
3545100,"Salmourão",10.12658228,2020,"Escolaridade",48.28,"Taxas de atendimento escolar de crianças de 0 a 3 anos (%)"
3545100,"Salmourão",18.22033898,2022,"Escolaridade",48.85,"Taxas de atendimento escolar de crianças de 0 a 3 anos (%)"
3545100,"Salmourão",46.32034632,2024,"Escolaridade",51.53,"Taxas de atendimento escolar de crianças de 0 a 3 anos (%)"
3545159,"Saltinho",13.99317406,2014,"Escolaridade",38.5,"Taxas de atendimento escolar de crianças de 0 a 3 anos (%)"
3545159,"Saltinho",48.97959184,2016,"Escolaridade",42.77,"Taxas de atendimento escolar de crianças de 0 a 3 anos (%)"
3545159,"Saltinho",54.05405405,2018,"Escolaridade",47.19,"Taxas de atendimento escolar de crianças de 0 a 3 anos (%)"
3545159,"Saltinho",54.57627119,2020,"Escolaridade",48.28,"Taxas de atendimento escolar de crianças de 0 a 3 anos (%)"
3545159,"Saltinho",58.47750865,2022,"Escolaridade",48.85,"Taxas de atendimento escolar de crianças de 0 a 3 anos (%)"
3545159,"Saltinho",64.2599278,2024,"Escolaridade",51.53,"Taxas de atendimento escolar de crianças de 0 a 3 anos (%)"
3545209,"Salto",30.41599136,2014,"Escolaridade",38.5,"Taxas de atendimento escolar de crianças de 0 a 3 anos (%)"
3545209,"Salto",38.16120907,2016,"Escolaridade",42.77,"Taxas de atendimento escolar de crianças de 0 a 3 anos (%)"
3545209,"Salto",45.1595359,2018,"Escolaridade",47.19,"Taxas de atendimento escolar de crianças de 0 a 3 anos (%)"
3545209,"Salto",46.522694,2020,"Escolaridade",48.28,"Taxas de atendimento escolar de crianças de 0 a 3 anos (%)"
3545209,"Salto",51.58463833,2022,"Escolaridade",48.85,"Taxas de atendimento escolar de crianças de 0 a 3 anos (%)"
3545209,"Salto",60.41947277,2024,"Escolaridade",51.53,"Taxas de atendimento escolar de crianças de 0 a 3 anos (%)"
3545308,"Salto de Pirapora",26.91182616,2014,"Escolaridade",38.5,"Taxas de atendimento escolar de crianças de 0 a 3 anos (%)"
3545308,"Salto de Pirapora",29.17521543,2016,"Escolaridade",42.77,"Taxas de atendimento escolar de crianças de 0 a 3 anos (%)"
3545308,"Salto de Pirapora",27.94903411,2018,"Escolaridade",47.19,"Taxas de atendimento escolar de crianças de 0 a 3 anos (%)"
3545308,"Salto de Pirapora",30.33429633,2020,"Escolaridade",48.28,"Taxas de atendimento escolar de crianças de 0 a 3 anos (%)"
3545308,"Salto de Pirapora",32.95739348,2022,"Escolaridade",48.85,"Taxas de atendimento escolar de crianças de 0 a 3 anos (%)"
3545308,"Salto de Pirapora",40.74232082,2024,"Escolaridade",51.53,"Taxas de atendimento escolar de crianças de 0 a 3 anos (%)"
3545407,"Salto Grande",33.33333333,2014,"Escolaridade",38.5,"Taxas de atendimento escolar de crianças de 0 a 3 anos (%)"
3545407,"Salto Grande",33.06613226,2016,"Escolaridade",42.77,"Taxas de atendimento escolar de crianças de 0 a 3 anos (%)"
3545407,"Salto Grande",45.32520325,2018,"Escolaridade",47.19,"Taxas de atendimento escolar de crianças de 0 a 3 anos (%)"
3545407,"Salto Grande",39.04958678,2020,"Escolaridade",48.28,"Taxas de atendimento escolar de crianças de 0 a 3 anos (%)"
3545407,"Salto Grande",39.5010395,2022,"Escolaridade",48.85,"Taxas de atendimento escolar de crianças de 0 a 3 anos (%)"
3545407,"Salto Grande",50.31847134,2024,"Escolaridade",51.53,"Taxas de atendimento escolar de crianças de 0 a 3 anos (%)"
3545506,"Sandovalina",52.17391304,2014,"Escolaridade",38.5,"Taxas de atendimento escolar de crianças de 0 a 3 anos (%)"
3545506,"Sandovalina",52.15517241,2016,"Escolaridade",42.77,"Taxas de atendimento escolar de crianças de 0 a 3 anos (%)"
3545506,"Sandovalina",50.42372881,2018,"Escolaridade",47.19,"Taxas de atendimento escolar de crianças de 0 a 3 anos (%)"
3545506,"Sandovalina",40.83333333,2020,"Escolaridade",48.28,"Taxas de atendimento escolar de crianças de 0 a 3 anos (%)"
3545506,"Sandovalina",47.30290456,2022,"Escolaridade",48.85,"Taxas de atendimento escolar de crianças de 0 a 3 anos (%)"
3545506,"Sandovalina",49.15254237,2024,"Escolaridade",51.53,"Taxas de atendimento escolar de crianças de 0 a 3 anos (%)"
3545605,"Santa Adélia",23.20916905,2014,"Escolaridade",38.5,"Taxas de atendimento escolar de crianças de 0 a 3 anos (%)"
3545605,"Santa Adélia",26.01156069,2016,"Escolaridade",42.77,"Taxas de atendimento escolar de crianças de 0 a 3 anos (%)"
3545605,"Santa Adélia",33.23485968,2018,"Escolaridade",47.19,"Taxas de atendimento escolar de crianças de 0 a 3 anos (%)"
3545605,"Santa Adélia",31.37254902,2020,"Escolaridade",48.28,"Taxas de atendimento escolar de crianças de 0 a 3 anos (%)"
3545605,"Santa Adélia",29.82998454,2022,"Escolaridade",48.85,"Taxas de atendimento escolar de crianças de 0 a 3 anos (%)"
3545605,"Santa Adélia",44.71153846,2024,"Escolaridade",51.53,"Taxas de atendimento escolar de crianças de 0 a 3 anos (%)"
3545704,"Santa Albertina",28.57142857,2014,"Escolaridade",38.5,"Taxas de atendimento escolar de crianças de 0 a 3 anos (%)"
3545704,"Santa Albertina",30.31914894,2016,"Escolaridade",42.77,"Taxas de atendimento escolar de crianças de 0 a 3 anos (%)"
3545704,"Santa Albertina",55.78947368,2018,"Escolaridade",47.19,"Taxas de atendimento escolar de crianças de 0 a 3 anos (%)"
3545704,"Santa Albertina",57.06806283,2020,"Escolaridade",48.28,"Taxas de atendimento escolar de crianças de 0 a 3 anos (%)"
3545704,"Santa Albertina",57.52688172,2022,"Escolaridade",48.85,"Taxas de atendimento escolar de crianças de 0 a 3 anos (%)"
3545704,"Santa Albertina",55.42857143,2024,"Escolaridade",51.53,"Taxas de atendimento escolar de crianças de 0 a 3 anos (%)"
3545803,"Santa Bárbara d'Oeste",37.74751059,2014,"Escolaridade",38.5,"Taxas de atendimento escolar de crianças de 0 a 3 anos (%)"
3545803,"Santa Bárbara d'Oeste",44.99653339,2016,"Escolaridade",42.77,"Taxas de atendimento escolar de crianças de 0 a 3 anos (%)"
3545803,"Santa Bárbara d'Oeste",47.83906399,2018,"Escolaridade",47.19,"Taxas de atendimento escolar de crianças de 0 a 3 anos (%)"
3545803,"Santa Bárbara d'Oeste",52.53712871,2020,"Escolaridade",48.28,"Taxas de atendimento escolar de crianças de 0 a 3 anos (%)"
3545803,"Santa Bárbara d'Oeste",55.86392122,2022,"Escolaridade",48.85,"Taxas de atendimento escolar de crianças de 0 a 3 anos (%)"
3545803,"Santa Bárbara d'Oeste",62.48143648,2024,"Escolaridade",51.53,"Taxas de atendimento escolar de crianças de 0 a 3 anos (%)"
3546009,"Santa Branca",28.67756315,2014,"Escolaridade",38.5,"Taxas de atendimento escolar de crianças de 0 a 3 anos (%)"
3546009,"Santa Branca",36.58536585,2016,"Escolaridade",42.77,"Taxas de atendimento escolar de crianças de 0 a 3 anos (%)"
3546009,"Santa Branca",40.64417178,2018,"Escolaridade",47.19,"Taxas de atendimento escolar de crianças de 0 a 3 anos (%)"
3546009,"Santa Branca",35.34883721,2020,"Escolaridade",48.28,"Taxas de atendimento escolar de crianças de 0 a 3 anos (%)"
3546009,"Santa Branca",37.16535433,2022,"Escolaridade",48.85,"Taxas de atendimento escolar de crianças de 0 a 3 anos (%)"
3546009,"Santa Branca",41.03392569,2024,"Escolaridade",51.53,"Taxas de atendimento escolar de crianças de 0 a 3 anos (%)"
3546108,"Santa Clara d'Oeste",85.88235294,2014,"Escolaridade",38.5,"Taxas de atendimento escolar de crianças de 0 a 3 anos (%)"
3546108,"Santa Clara d'Oeste",82.55813953,2016,"Escolaridade",42.77,"Taxas de atendimento escolar de crianças de 0 a 3 anos (%)"
3546108,"Santa Clara d'Oeste",88.0952381,2018,"Escolaridade",47.19,"Taxas de atendimento escolar de crianças de 0 a 3 anos (%)"
3546108,"Santa Clara d'Oeste",100,2020,"Escolaridade",48.28,"Taxas de atendimento escolar de crianças de 0 a 3 anos (%)"
3546108,"Santa Clara d'Oeste",100,2022,"Escolaridade",48.85,"Taxas de atendimento escolar de crianças de 0 a 3 anos (%)"
3546108,"Santa Clara d'Oeste",129.5774648,2024,"Escolaridade",51.53,"Taxas de atendimento escolar de crianças de 0 a 3 anos (%)"
3546207,"Santa Cruz da Conceição",47.2392638,2014,"Escolaridade",38.5,"Taxas de atendimento escolar de crianças de 0 a 3 anos (%)"
3546207,"Santa Cruz da Conceição",51.25,2016,"Escolaridade",42.77,"Taxas de atendimento escolar de crianças de 0 a 3 anos (%)"
3546207,"Santa Cruz da Conceição",87.80487805,2018,"Escolaridade",47.19,"Taxas de atendimento escolar de crianças de 0 a 3 anos (%)"
3546207,"Santa Cruz da Conceição",48.25581395,2020,"Escolaridade",48.28,"Taxas de atendimento escolar de crianças de 0 a 3 anos (%)"
3546207,"Santa Cruz da Conceição",40.23668639,2022,"Escolaridade",48.85,"Taxas de atendimento escolar de crianças de 0 a 3 anos (%)"
3546207,"Santa Cruz da Conceição",49.39759036,2024,"Escolaridade",51.53,"Taxas de atendimento escolar de crianças de 0 a 3 anos (%)"
3546256,"Santa Cruz da Esperança",72.27722772,2014,"Escolaridade",38.5,"Taxas de atendimento escolar de crianças de 0 a 3 anos (%)"
3546256,"Santa Cruz da Esperança",70.2970297,2016,"Escolaridade",42.77,"Taxas de atendimento escolar de crianças de 0 a 3 anos (%)"
3546256,"Santa Cruz da Esperança",59,2018,"Escolaridade",47.19,"Taxas de atendimento escolar de crianças de 0 a 3 anos (%)"
3546256,"Santa Cruz da Esperança",59.22330097,2020,"Escolaridade",48.28,"Taxas de atendimento escolar de crianças de 0 a 3 anos (%)"
3546256,"Santa Cruz da Esperança",63.7254902,2022,"Escolaridade",48.85,"Taxas de atendimento escolar de crianças de 0 a 3 anos (%)"
3546256,"Santa Cruz da Esperança",69.6969697,2024,"Escolaridade",51.53,"Taxas de atendimento escolar de crianças de 0 a 3 anos (%)"
3546306,"Santa Cruz das Palmeiras",15.40216771,2014,"Escolaridade",38.5,"Taxas de atendimento escolar de crianças de 0 a 3 anos (%)"
3546306,"Santa Cruz das Palmeiras",15.71830986,2016,"Escolaridade",42.77,"Taxas de atendimento escolar de crianças de 0 a 3 anos (%)"
3546306,"Santa Cruz das Palmeiras",24.64669305,2018,"Escolaridade",47.19,"Taxas de atendimento escolar de crianças de 0 a 3 anos (%)"
3546306,"Santa Cruz das Palmeiras",26.7725468,2020,"Escolaridade",48.28,"Taxas de atendimento escolar de crianças de 0 a 3 anos (%)"
3546306,"Santa Cruz das Palmeiras",26.30972942,2022,"Escolaridade",48.85,"Taxas de atendimento escolar de crianças de 0 a 3 anos (%)"
3546306,"Santa Cruz das Palmeiras",31.62241888,2024,"Escolaridade",51.53,"Taxas de atendimento escolar de crianças de 0 a 3 anos (%)"
3546405,"Santa Cruz do Rio Pardo",45.28706084,2014,"Escolaridade",38.5,"Taxas de atendimento escolar de crianças de 0 a 3 anos (%)"
3546405,"Santa Cruz do Rio Pardo",48.12419146,2016,"Escolaridade",42.77,"Taxas de atendimento escolar de crianças de 0 a 3 anos (%)"
3546405,"Santa Cruz do Rio Pardo",52.03323131,2018,"Escolaridade",47.19,"Taxas de atendimento escolar de crianças de 0 a 3 anos (%)"
3546405,"Santa Cruz do Rio Pardo",53.32446809,2020,"Escolaridade",48.28,"Taxas de atendimento escolar de crianças de 0 a 3 anos (%)"
3546405,"Santa Cruz do Rio Pardo",53.37256677,2022,"Escolaridade",48.85,"Taxas de atendimento escolar de crianças de 0 a 3 anos (%)"
3546405,"Santa Cruz do Rio Pardo",57.63108614,2024,"Escolaridade",51.53,"Taxas de atendimento escolar de crianças de 0 a 3 anos (%)"
3546504,"Santa Ernestina",48.5915493,2014,"Escolaridade",38.5,"Taxas de atendimento escolar de crianças de 0 a 3 anos (%)"
3546504,"Santa Ernestina",41.75824176,2016,"Escolaridade",42.77,"Taxas de atendimento escolar de crianças de 0 a 3 anos (%)"
3546504,"Santa Ernestina",44.90566038,2018,"Escolaridade",47.19,"Taxas de atendimento escolar de crianças de 0 a 3 anos (%)"
3546504,"Santa Ernestina",47.08171206,2020,"Escolaridade",48.28,"Taxas de atendimento escolar de crianças de 0 a 3 anos (%)"
3546504,"Santa Ernestina",58.06451613,2022,"Escolaridade",48.85,"Taxas de atendimento escolar de crianças de 0 a 3 anos (%)"
3546504,"Santa Ernestina",76.72413793,2024,"Escolaridade",51.53,"Taxas de atendimento escolar de crianças de 0 a 3 anos (%)"
3546603,"Santa Fé do Sul",60.58683584,2014,"Escolaridade",38.5,"Taxas de atendimento escolar de crianças de 0 a 3 anos (%)"
3546603,"Santa Fé do Sul",71.01105845,2016,"Escolaridade",42.77,"Taxas de atendimento escolar de crianças de 0 a 3 anos (%)"
3546603,"Santa Fé do Sul",78.56,2018,"Escolaridade",47.19,"Taxas de atendimento escolar de crianças de 0 a 3 anos (%)"
3546603,"Santa Fé do Sul",84.62783172,2020,"Escolaridade",48.28,"Taxas de atendimento escolar de crianças de 0 a 3 anos (%)"
3546603,"Santa Fé do Sul",87.03241895,2022,"Escolaridade",48.85,"Taxas de atendimento escolar de crianças de 0 a 3 anos (%)"
3546603,"Santa Fé do Sul",89.57428323,2024,"Escolaridade",51.53,"Taxas de atendimento escolar de crianças de 0 a 3 anos (%)"
3546702,"Santa Gertrudes",39.5620438,2014,"Escolaridade",38.5,"Taxas de atendimento escolar de crianças de 0 a 3 anos (%)"
3546702,"Santa Gertrudes",40.04313444,2016,"Escolaridade",42.77,"Taxas de atendimento escolar de crianças de 0 a 3 anos (%)"
3546702,"Santa Gertrudes",42.68465909,2018,"Escolaridade",47.19,"Taxas de atendimento escolar de crianças de 0 a 3 anos (%)"
3546702,"Santa Gertrudes",38.55337079,2020,"Escolaridade",48.28,"Taxas de atendimento escolar de crianças de 0 a 3 anos (%)"
3546702,"Santa Gertrudes",32.53856942,2022,"Escolaridade",48.85,"Taxas de atendimento escolar de crianças de 0 a 3 anos (%)"
3546702,"Santa Gertrudes",41.33333333,2024,"Escolaridade",51.53,"Taxas de atendimento escolar de crianças de 0 a 3 anos (%)"
3546801,"Santa Isabel",30.34076016,2014,"Escolaridade",38.5,"Taxas de atendimento escolar de crianças de 0 a 3 anos (%)"
3546801,"Santa Isabel",33.07518554,2016,"Escolaridade",42.77,"Taxas de atendimento escolar de crianças de 0 a 3 anos (%)"
3546801,"Santa Isabel",35.87134887,2018,"Escolaridade",47.19,"Taxas de atendimento escolar de crianças de 0 a 3 anos (%)"
3546801,"Santa Isabel",32.96519411,2020,"Escolaridade",48.28,"Taxas de atendimento escolar de crianças de 0 a 3 anos (%)"
3546801,"Santa Isabel",27.50084774,2022,"Escolaridade",48.85,"Taxas de atendimento escolar de crianças de 0 a 3 anos (%)"
3546801,"Santa Isabel",27.97227036,2024,"Escolaridade",51.53,"Taxas de atendimento escolar de crianças de 0 a 3 anos (%)"
3546900,"Santa Lúcia",29.76190476,2014,"Escolaridade",38.5,"Taxas de atendimento escolar de crianças de 0 a 3 anos (%)"
3546900,"Santa Lúcia",31.18712274,2016,"Escolaridade",42.77,"Taxas de atendimento escolar de crianças de 0 a 3 anos (%)"
3546900,"Santa Lúcia",36.41975309,2018,"Escolaridade",47.19,"Taxas de atendimento escolar de crianças de 0 a 3 anos (%)"
3546900,"Santa Lúcia",31.30252101,2020,"Escolaridade",48.28,"Taxas de atendimento escolar de crianças de 0 a 3 anos (%)"
3546900,"Santa Lúcia",24.08602151,2022,"Escolaridade",48.85,"Taxas de atendimento escolar de crianças de 0 a 3 anos (%)"
3546900,"Santa Lúcia",36.09865471,2024,"Escolaridade",51.53,"Taxas de atendimento escolar de crianças de 0 a 3 anos (%)"
3547007,"Santa Maria da Serra",14.08045977,2014,"Escolaridade",38.5,"Taxas de atendimento escolar de crianças de 0 a 3 anos (%)"
3547007,"Santa Maria da Serra",30.42253521,2016,"Escolaridade",42.77,"Taxas de atendimento escolar de crianças de 0 a 3 anos (%)"
3547007,"Santa Maria da Serra",30.85399449,2018,"Escolaridade",47.19,"Taxas de atendimento escolar de crianças de 0 a 3 anos (%)"
3547007,"Santa Maria da Serra",33.87978142,2020,"Escolaridade",48.28,"Taxas de atendimento escolar de crianças de 0 a 3 anos (%)"
3547007,"Santa Maria da Serra",53.95095368,2022,"Escolaridade",48.85,"Taxas de atendimento escolar de crianças de 0 a 3 anos (%)"
3547007,"Santa Maria da Serra",46.04904632,2024,"Escolaridade",51.53,"Taxas de atendimento escolar de crianças de 0 a 3 anos (%)"
3547106,"Santa Mercedes",53.48837209,2014,"Escolaridade",38.5,"Taxas de atendimento escolar de crianças de 0 a 3 anos (%)"
3547106,"Santa Mercedes",67.46031746,2016,"Escolaridade",42.77,"Taxas de atendimento escolar de crianças de 0 a 3 anos (%)"
3547106,"Santa Mercedes",78.74015748,2018,"Escolaridade",47.19,"Taxas de atendimento escolar de crianças de 0 a 3 anos (%)"
3547106,"Santa Mercedes",67.46031746,2020,"Escolaridade",48.28,"Taxas de atendimento escolar de crianças de 0 a 3 anos (%)"
3547106,"Santa Mercedes",68.25396825,2022,"Escolaridade",48.85,"Taxas de atendimento escolar de crianças de 0 a 3 anos (%)"
3547106,"Santa Mercedes",86.29032258,2024,"Escolaridade",51.53,"Taxas de atendimento escolar de crianças de 0 a 3 anos (%)"
3547205,"Santana da Ponte Pensa",57.77777778,2014,"Escolaridade",38.5,"Taxas de atendimento escolar de crianças de 0 a 3 anos (%)"
3547205,"Santana da Ponte Pensa",77.27272727,2016,"Escolaridade",42.77,"Taxas de atendimento escolar de crianças de 0 a 3 anos (%)"
3547205,"Santana da Ponte Pensa",100,2018,"Escolaridade",47.19,"Taxas de atendimento escolar de crianças de 0 a 3 anos (%)"
3547205,"Santana da Ponte Pensa",86.36363636,2020,"Escolaridade",48.28,"Taxas de atendimento escolar de crianças de 0 a 3 anos (%)"
3547205,"Santana da Ponte Pensa",68.29268293,2022,"Escolaridade",48.85,"Taxas de atendimento escolar de crianças de 0 a 3 anos (%)"
3547205,"Santana da Ponte Pensa",107.6923077,2024,"Escolaridade",51.53,"Taxas de atendimento escolar de crianças de 0 a 3 anos (%)"
3547304,"Santana de Parnaíba",50.99282956,2014,"Escolaridade",38.5,"Taxas de atendimento escolar de crianças de 0 a 3 anos (%)"
3547304,"Santana de Parnaíba",56.72174488,2016,"Escolaridade",42.77,"Taxas de atendimento escolar de crianças de 0 a 3 anos (%)"
3547304,"Santana de Parnaíba",52.596054,2018,"Escolaridade",47.19,"Taxas de atendimento escolar de crianças de 0 a 3 anos (%)"
3547304,"Santana de Parnaíba",57.52777423,2020,"Escolaridade",48.28,"Taxas de atendimento escolar de crianças de 0 a 3 anos (%)"
3547304,"Santana de Parnaíba",62.83331227,2022,"Escolaridade",48.85,"Taxas de atendimento escolar de crianças de 0 a 3 anos (%)"
3547304,"Santana de Parnaíba",63.3799301,2024,"Escolaridade",51.53,"Taxas de atendimento escolar de crianças de 0 a 3 anos (%)"
3547403,"Santa Rita d'Oeste",82.22222222,2014,"Escolaridade",38.5,"Taxas de atendimento escolar de crianças de 0 a 3 anos (%)"
3547403,"Santa Rita d'Oeste",67.39130435,2016,"Escolaridade",42.77,"Taxas de atendimento escolar de crianças de 0 a 3 anos (%)"
3547403,"Santa Rita d'Oeste",70.45454545,2018,"Escolaridade",47.19,"Taxas de atendimento escolar de crianças de 0 a 3 anos (%)"
3547403,"Santa Rita d'Oeste",76.25,2020,"Escolaridade",48.28,"Taxas de atendimento escolar de crianças de 0 a 3 anos (%)"
3547403,"Santa Rita d'Oeste",88.31168831,2022,"Escolaridade",48.85,"Taxas de atendimento escolar de crianças de 0 a 3 anos (%)"
3547403,"Santa Rita d'Oeste",89.04109589,2024,"Escolaridade",51.53,"Taxas de atendimento escolar de crianças de 0 a 3 anos (%)"
3547502,"Santa Rita do Passa Quatro",33.59511344,2014,"Escolaridade",38.5,"Taxas de atendimento escolar de crianças de 0 a 3 anos (%)"
3547502,"Santa Rita do Passa Quatro",46.07929515,2016,"Escolaridade",42.77,"Taxas de atendimento escolar de crianças de 0 a 3 anos (%)"
3547502,"Santa Rita do Passa Quatro",46.69683258,2018,"Escolaridade",47.19,"Taxas de atendimento escolar de crianças de 0 a 3 anos (%)"
3547502,"Santa Rita do Passa Quatro",46.26865672,2020,"Escolaridade",48.28,"Taxas de atendimento escolar de crianças de 0 a 3 anos (%)"
3547502,"Santa Rita do Passa Quatro",52.70793037,2022,"Escolaridade",48.85,"Taxas de atendimento escolar de crianças de 0 a 3 anos (%)"
3547502,"Santa Rita do Passa Quatro",58.32482125,2024,"Escolaridade",51.53,"Taxas de atendimento escolar de crianças de 0 a 3 anos (%)"
3547601,"Santa Rosa de Viterbo",42.10076857,2014,"Escolaridade",38.5,"Taxas de atendimento escolar de crianças de 0 a 3 anos (%)"
3547601,"Santa Rosa de Viterbo",56.57781599,2016,"Escolaridade",42.77,"Taxas de atendimento escolar de crianças de 0 a 3 anos (%)"
3547601,"Santa Rosa de Viterbo",43.27086882,2018,"Escolaridade",47.19,"Taxas de atendimento escolar de crianças de 0 a 3 anos (%)"
3547601,"Santa Rosa de Viterbo",42.07419899,2020,"Escolaridade",48.28,"Taxas de atendimento escolar de crianças de 0 a 3 anos (%)"
3547601,"Santa Rosa de Viterbo",40.8777969,2022,"Escolaridade",48.85,"Taxas de atendimento escolar de crianças de 0 a 3 anos (%)"
3547601,"Santa Rosa de Viterbo",44.72271914,2024,"Escolaridade",51.53,"Taxas de atendimento escolar de crianças de 0 a 3 anos (%)"
3547650,"Santa Salete",92,2014,"Escolaridade",38.5,"Taxas de atendimento escolar de crianças de 0 a 3 anos (%)"
3547650,"Santa Salete",78.84615385,2016,"Escolaridade",42.77,"Taxas de atendimento escolar de crianças de 0 a 3 anos (%)"
3547650,"Santa Salete",94,2018,"Escolaridade",47.19,"Taxas de atendimento escolar de crianças de 0 a 3 anos (%)"
3547650,"Santa Salete",100,2020,"Escolaridade",48.28,"Taxas de atendimento escolar de crianças de 0 a 3 anos (%)"
3547650,"Santa Salete",100,2022,"Escolaridade",48.85,"Taxas de atendimento escolar de crianças de 0 a 3 anos (%)"
3547650,"Santa Salete",100,2024,"Escolaridade",51.53,"Taxas de atendimento escolar de crianças de 0 a 3 anos (%)"
3547700,"Santo Anastácio",26.83178535,2014,"Escolaridade",38.5,"Taxas de atendimento escolar de crianças de 0 a 3 anos (%)"
3547700,"Santo Anastácio",30.76120959,2016,"Escolaridade",42.77,"Taxas de atendimento escolar de crianças de 0 a 3 anos (%)"
3547700,"Santo Anastácio",42.45989305,2018,"Escolaridade",47.19,"Taxas de atendimento escolar de crianças de 0 a 3 anos (%)"
3547700,"Santo Anastácio",40.76923077,2020,"Escolaridade",48.28,"Taxas de atendimento escolar de crianças de 0 a 3 anos (%)"
3547700,"Santo Anastácio",39.14027149,2022,"Escolaridade",48.85,"Taxas de atendimento escolar de crianças de 0 a 3 anos (%)"
3547700,"Santo Anastácio",42.72189349,2024,"Escolaridade",51.53,"Taxas de atendimento escolar de crianças de 0 a 3 anos (%)"
3547809,"Santo André",40.20672587,2014,"Escolaridade",38.5,"Taxas de atendimento escolar de crianças de 0 a 3 anos (%)"
3547809,"Santo André",43.80420232,2016,"Escolaridade",42.77,"Taxas de atendimento escolar de crianças de 0 a 3 anos (%)"
3547809,"Santo André",46.93196639,2018,"Escolaridade",47.19,"Taxas de atendimento escolar de crianças de 0 a 3 anos (%)"
3547809,"Santo André",46.73661521,2020,"Escolaridade",48.28,"Taxas de atendimento escolar de crianças de 0 a 3 anos (%)"
3547809,"Santo André",49.29559135,2022,"Escolaridade",48.85,"Taxas de atendimento escolar de crianças de 0 a 3 anos (%)"
3547809,"Santo André",51.39467887,2024,"Escolaridade",51.53,"Taxas de atendimento escolar de crianças de 0 a 3 anos (%)"
3547908,"Santo Antônio da Alegria",28.62068966,2014,"Escolaridade",38.5,"Taxas de atendimento escolar de crianças de 0 a 3 anos (%)"
3547908,"Santo Antônio da Alegria",36.36363636,2016,"Escolaridade",42.77,"Taxas de atendimento escolar de crianças de 0 a 3 anos (%)"
3547908,"Santo Antônio da Alegria",36.33217993,2018,"Escolaridade",47.19,"Taxas de atendimento escolar de crianças de 0 a 3 anos (%)"
3547908,"Santo Antônio da Alegria",39.66101695,2020,"Escolaridade",48.28,"Taxas de atendimento escolar de crianças de 0 a 3 anos (%)"
3547908,"Santo Antônio da Alegria",50.17301038,2022,"Escolaridade",48.85,"Taxas de atendimento escolar de crianças de 0 a 3 anos (%)"
3547908,"Santo Antônio da Alegria",56.93950178,2024,"Escolaridade",51.53,"Taxas de atendimento escolar de crianças de 0 a 3 anos (%)"
3548005,"Santo Antônio de Posse",31.83023873,2014,"Escolaridade",38.5,"Taxas de atendimento escolar de crianças de 0 a 3 anos (%)"
3548005,"Santo Antônio de Posse",29.28127773,2016,"Escolaridade",42.77,"Taxas de atendimento escolar de crianças de 0 a 3 anos (%)"
3548005,"Santo Antônio de Posse",42.6040744,2018,"Escolaridade",47.19,"Taxas de atendimento escolar de crianças de 0 a 3 anos (%)"
3548005,"Santo Antônio de Posse",48.75886525,2020,"Escolaridade",48.28,"Taxas de atendimento escolar de crianças de 0 a 3 anos (%)"
3548005,"Santo Antônio de Posse",44.52423698,2022,"Escolaridade",48.85,"Taxas de atendimento escolar de crianças de 0 a 3 anos (%)"
3548005,"Santo Antônio de Posse",60.62557498,2024,"Escolaridade",51.53,"Taxas de atendimento escolar de crianças de 0 a 3 anos (%)"
3548054,"Santo Antônio do Aracanguá",70.49180328,2014,"Escolaridade",38.5,"Taxas de atendimento escolar de crianças de 0 a 3 anos (%)"
3548054,"Santo Antônio do Aracanguá",60.33057851,2016,"Escolaridade",42.77,"Taxas de atendimento escolar de crianças de 0 a 3 anos (%)"
3548054,"Santo Antônio do Aracanguá",61.32596685,2018,"Escolaridade",47.19,"Taxas de atendimento escolar de crianças de 0 a 3 anos (%)"
3548054,"Santo Antônio do Aracanguá",58.83977901,2020,"Escolaridade",48.28,"Taxas de atendimento escolar de crianças de 0 a 3 anos (%)"
3548054,"Santo Antônio do Aracanguá",53.67231638,2022,"Escolaridade",48.85,"Taxas de atendimento escolar de crianças de 0 a 3 anos (%)"
3548054,"Santo Antônio do Aracanguá",59.01162791,2024,"Escolaridade",51.53,"Taxas de atendimento escolar de crianças de 0 a 3 anos (%)"
3548104,"Santo Antônio do Jardim",36.22047244,2014,"Escolaridade",38.5,"Taxas de atendimento escolar de crianças de 0 a 3 anos (%)"
3548104,"Santo Antônio do Jardim",33.87096774,2016,"Escolaridade",42.77,"Taxas de atendimento escolar de crianças de 0 a 3 anos (%)"
3548104,"Santo Antônio do Jardim",34.7107438,2018,"Escolaridade",47.19,"Taxas de atendimento escolar de crianças de 0 a 3 anos (%)"
3548104,"Santo Antônio do Jardim",39.48497854,2020,"Escolaridade",48.28,"Taxas de atendimento escolar de crianças de 0 a 3 anos (%)"
3548104,"Santo Antônio do Jardim",41.20171674,2022,"Escolaridade",48.85,"Taxas de atendimento escolar de crianças de 0 a 3 anos (%)"
3548104,"Santo Antônio do Jardim",44.24778761,2024,"Escolaridade",51.53,"Taxas de atendimento escolar de crianças de 0 a 3 anos (%)"
3548203,"Santo Antônio do Pinhal",21.22905028,2014,"Escolaridade",38.5,"Taxas de atendimento escolar de crianças de 0 a 3 anos (%)"
3548203,"Santo Antônio do Pinhal",32.69230769,2016,"Escolaridade",42.77,"Taxas de atendimento escolar de crianças de 0 a 3 anos (%)"
3548203,"Santo Antônio do Pinhal",29.41176471,2018,"Escolaridade",47.19,"Taxas de atendimento escolar de crianças de 0 a 3 anos (%)"
3548203,"Santo Antônio do Pinhal",23.49570201,2020,"Escolaridade",48.28,"Taxas de atendimento escolar de crianças de 0 a 3 anos (%)"
3548203,"Santo Antônio do Pinhal",24.27745665,2022,"Escolaridade",48.85,"Taxas de atendimento escolar de crianças de 0 a 3 anos (%)"
3548203,"Santo Antônio do Pinhal",24.62908012,2024,"Escolaridade",51.53,"Taxas de atendimento escolar de crianças de 0 a 3 anos (%)"
3548302,"Santo Expedito",36.50793651,2014,"Escolaridade",38.5,"Taxas de atendimento escolar de crianças de 0 a 3 anos (%)"
3548302,"Santo Expedito",37.98449612,2016,"Escolaridade",42.77,"Taxas de atendimento escolar de crianças de 0 a 3 anos (%)"
3548302,"Santo Expedito",49.61832061,2018,"Escolaridade",47.19,"Taxas de atendimento escolar de crianças de 0 a 3 anos (%)"
3548302,"Santo Expedito",49.62406015,2020,"Escolaridade",48.28,"Taxas de atendimento escolar de crianças de 0 a 3 anos (%)"
3548302,"Santo Expedito",48.12030075,2022,"Escolaridade",48.85,"Taxas de atendimento escolar de crianças de 0 a 3 anos (%)"
3548302,"Santo Expedito",50,2024,"Escolaridade",51.53,"Taxas de atendimento escolar de crianças de 0 a 3 anos (%)"
3548401,"Santópolis do Aguapeí",35.56485356,2014,"Escolaridade",38.5,"Taxas de atendimento escolar de crianças de 0 a 3 anos (%)"
3548401,"Santópolis do Aguapeí",43.22033898,2016,"Escolaridade",42.77,"Taxas de atendimento escolar de crianças de 0 a 3 anos (%)"
3548401,"Santópolis do Aguapeí",50,2018,"Escolaridade",47.19,"Taxas de atendimento escolar de crianças de 0 a 3 anos (%)"
3548401,"Santópolis do Aguapeí",47.5,2020,"Escolaridade",48.28,"Taxas de atendimento escolar de crianças de 0 a 3 anos (%)"
3548401,"Santópolis do Aguapeí",41.45299145,2022,"Escolaridade",48.85,"Taxas de atendimento escolar de crianças de 0 a 3 anos (%)"
3548401,"Santópolis do Aguapeí",49.11504425,2024,"Escolaridade",51.53,"Taxas de atendimento escolar de crianças de 0 a 3 anos (%)"
3548500,"Santos",48.90757149,2014,"Escolaridade",38.5,"Taxas de atendimento escolar de crianças de 0 a 3 anos (%)"
3548500,"Santos",52.71639725,2016,"Escolaridade",42.77,"Taxas de atendimento escolar de crianças de 0 a 3 anos (%)"
3548500,"Santos",53.25075808,2018,"Escolaridade",47.19,"Taxas de atendimento escolar de crianças de 0 a 3 anos (%)"
3548500,"Santos",50.72914433,2020,"Escolaridade",48.28,"Taxas de atendimento escolar de crianças de 0 a 3 anos (%)"
3548500,"Santos",50.42856363,2022,"Escolaridade",48.85,"Taxas de atendimento escolar de crianças de 0 a 3 anos (%)"
3548500,"Santos",48.9729487,2024,"Escolaridade",51.53,"Taxas de atendimento escolar de crianças de 0 a 3 anos (%)"
3548609,"São Bento do Sapucaí",15.30172414,2014,"Escolaridade",38.5,"Taxas de atendimento escolar de crianças de 0 a 3 anos (%)"
3548609,"São Bento do Sapucaí",15.28384279,2016,"Escolaridade",42.77,"Taxas de atendimento escolar de crianças de 0 a 3 anos (%)"
3548609,"São Bento do Sapucaí",18.69565217,2018,"Escolaridade",47.19,"Taxas de atendimento escolar de crianças de 0 a 3 anos (%)"
3548609,"São Bento do Sapucaí",15.86956522,2020,"Escolaridade",48.28,"Taxas de atendimento escolar de crianças de 0 a 3 anos (%)"
3548609,"São Bento do Sapucaí",18.50220264,2022,"Escolaridade",48.85,"Taxas de atendimento escolar de crianças de 0 a 3 anos (%)"
3548609,"São Bento do Sapucaí",19.95515695,2024,"Escolaridade",51.53,"Taxas de atendimento escolar de crianças de 0 a 3 anos (%)"
3548708,"São Bernardo do Campo",39.09243777,2014,"Escolaridade",38.5,"Taxas de atendimento escolar de crianças de 0 a 3 anos (%)"
3548708,"São Bernardo do Campo",43.7073217,2016,"Escolaridade",42.77,"Taxas de atendimento escolar de crianças de 0 a 3 anos (%)"
3548708,"São Bernardo do Campo",47.37732242,2018,"Escolaridade",47.19,"Taxas de atendimento escolar de crianças de 0 a 3 anos (%)"
3548708,"São Bernardo do Campo",47.99420746,2020,"Escolaridade",48.28,"Taxas de atendimento escolar de crianças de 0 a 3 anos (%)"
3548708,"São Bernardo do Campo",47.4284968,2022,"Escolaridade",48.85,"Taxas de atendimento escolar de crianças de 0 a 3 anos (%)"
3548708,"São Bernardo do Campo",48.91630726,2024,"Escolaridade",51.53,"Taxas de atendimento escolar de crianças de 0 a 3 anos (%)"
3548807,"São Caetano do Sul",60.51338932,2014,"Escolaridade",38.5,"Taxas de atendimento escolar de crianças de 0 a 3 anos (%)"
3548807,"São Caetano do Sul",60.63796354,2016,"Escolaridade",42.77,"Taxas de atendimento escolar de crianças de 0 a 3 anos (%)"
3548807,"São Caetano do Sul",63.57297028,2018,"Escolaridade",47.19,"Taxas de atendimento escolar de crianças de 0 a 3 anos (%)"
3548807,"São Caetano do Sul",71.22226136,2020,"Escolaridade",48.28,"Taxas de atendimento escolar de crianças de 0 a 3 anos (%)"
3548807,"São Caetano do Sul",66.99543379,2022,"Escolaridade",48.85,"Taxas de atendimento escolar de crianças de 0 a 3 anos (%)"
3548807,"São Caetano do Sul",72.9291369,2024,"Escolaridade",51.53,"Taxas de atendimento escolar de crianças de 0 a 3 anos (%)"
3548906,"São Carlos",51.28786505,2014,"Escolaridade",38.5,"Taxas de atendimento escolar de crianças de 0 a 3 anos (%)"
3548906,"São Carlos",53.8873265,2016,"Escolaridade",42.77,"Taxas de atendimento escolar de crianças de 0 a 3 anos (%)"
3548906,"São Carlos",58.24369436,2018,"Escolaridade",47.19,"Taxas de atendimento escolar de crianças de 0 a 3 anos (%)"
3548906,"São Carlos",55.60938539,2020,"Escolaridade",48.28,"Taxas de atendimento escolar de crianças de 0 a 3 anos (%)"
3548906,"São Carlos",55.03453643,2022,"Escolaridade",48.85,"Taxas de atendimento escolar de crianças de 0 a 3 anos (%)"
3548906,"São Carlos",59.209462190000004,2024,"Escolaridade",51.53,"Taxas de atendimento escolar de crianças de 0 a 3 anos (%)"
3549003,"São Francisco",45.87155963,2014,"Escolaridade",38.5,"Taxas de atendimento escolar de crianças de 0 a 3 anos (%)"
3549003,"São Francisco",52.77777778,2016,"Escolaridade",42.77,"Taxas de atendimento escolar de crianças de 0 a 3 anos (%)"
3549003,"São Francisco",53.77358491,2018,"Escolaridade",47.19,"Taxas de atendimento escolar de crianças de 0 a 3 anos (%)"
3549003,"São Francisco",33.33333333,2020,"Escolaridade",48.28,"Taxas de atendimento escolar de crianças de 0 a 3 anos (%)"
3549003,"São Francisco",44.66019417,2022,"Escolaridade",48.85,"Taxas de atendimento escolar de crianças de 0 a 3 anos (%)"
3549003,"São Francisco",56.43564356,2024,"Escolaridade",51.53,"Taxas de atendimento escolar de crianças de 0 a 3 anos (%)"
3549102,"São João da Boa Vista",45.14733712,2014,"Escolaridade",38.5,"Taxas de atendimento escolar de crianças de 0 a 3 anos (%)"
3549102,"São João da Boa Vista",55.40136054,2016,"Escolaridade",42.77,"Taxas de atendimento escolar de crianças de 0 a 3 anos (%)"
3549102,"São João da Boa Vista",64.33121019,2018,"Escolaridade",47.19,"Taxas de atendimento escolar de crianças de 0 a 3 anos (%)"
3549102,"São João da Boa Vista",61.6751269,2020,"Escolaridade",48.28,"Taxas de atendimento escolar de crianças de 0 a 3 anos (%)"
3549102,"São João da Boa Vista",59.70579752,2022,"Escolaridade",48.85,"Taxas de atendimento escolar de crianças de 0 a 3 anos (%)"
3549102,"São João da Boa Vista",66.87612208,2024,"Escolaridade",51.53,"Taxas de atendimento escolar de crianças de 0 a 3 anos (%)"
3549201,"São João das Duas Pontes",20.95238095,2014,"Escolaridade",38.5,"Taxas de atendimento escolar de crianças de 0 a 3 anos (%)"
3549201,"São João das Duas Pontes",70.2970297,2016,"Escolaridade",42.77,"Taxas de atendimento escolar de crianças de 0 a 3 anos (%)"
3549201,"São João das Duas Pontes",51.96078431,2018,"Escolaridade",47.19,"Taxas de atendimento escolar de crianças de 0 a 3 anos (%)"
3549201,"São João das Duas Pontes",58.58585859,2020,"Escolaridade",48.28,"Taxas de atendimento escolar de crianças de 0 a 3 anos (%)"
3549201,"São João das Duas Pontes",61.45833333,2022,"Escolaridade",48.85,"Taxas de atendimento escolar de crianças de 0 a 3 anos (%)"
3549201,"São João das Duas Pontes",44.44444444,2024,"Escolaridade",51.53,"Taxas de atendimento escolar de crianças de 0 a 3 anos (%)"
3549250,"São João de Iracema",56.79012346,2014,"Escolaridade",38.5,"Taxas de atendimento escolar de crianças de 0 a 3 anos (%)"
3549250,"São João de Iracema",57.14285714,2016,"Escolaridade",42.77,"Taxas de atendimento escolar de crianças de 0 a 3 anos (%)"
3549250,"São João de Iracema",87.5,2018,"Escolaridade",47.19,"Taxas de atendimento escolar de crianças de 0 a 3 anos (%)"
3549250,"São João de Iracema",67.07317073,2020,"Escolaridade",48.28,"Taxas de atendimento escolar de crianças de 0 a 3 anos (%)"
3549250,"São João de Iracema",72.5,2022,"Escolaridade",48.85,"Taxas de atendimento escolar de crianças de 0 a 3 anos (%)"
3549250,"São João de Iracema",82.43243243,2024,"Escolaridade",51.53,"Taxas de atendimento escolar de crianças de 0 a 3 anos (%)"
3549300,"São João do Pau d'Alho",68.11594203,2014,"Escolaridade",38.5,"Taxas de atendimento escolar de crianças de 0 a 3 anos (%)"
3549300,"São João do Pau d'Alho",59.09090909,2016,"Escolaridade",42.77,"Taxas de atendimento escolar de crianças de 0 a 3 anos (%)"
3549300,"São João do Pau d'Alho",83.33333333,2018,"Escolaridade",47.19,"Taxas de atendimento escolar de crianças de 0 a 3 anos (%)"
3549300,"São João do Pau d'Alho",86.56716418,2020,"Escolaridade",48.28,"Taxas de atendimento escolar de crianças de 0 a 3 anos (%)"
3549300,"São João do Pau d'Alho",86.15384615,2022,"Escolaridade",48.85,"Taxas de atendimento escolar de crianças de 0 a 3 anos (%)"
3549300,"São João do Pau d'Alho",71.875,2024,"Escolaridade",51.53,"Taxas de atendimento escolar de crianças de 0 a 3 anos (%)"
3549409,"São Joaquim da Barra",33.88263666,2014,"Escolaridade",38.5,"Taxas de atendimento escolar de crianças de 0 a 3 anos (%)"
3549409,"São Joaquim da Barra",40.58611,2016,"Escolaridade",42.77,"Taxas de atendimento escolar de crianças de 0 a 3 anos (%)"
3549409,"São Joaquim da Barra",46.07157548,2018,"Escolaridade",47.19,"Taxas de atendimento escolar de crianças de 0 a 3 anos (%)"
3549409,"São Joaquim da Barra",46.22203461,2020,"Escolaridade",48.28,"Taxas de atendimento escolar de crianças de 0 a 3 anos (%)"
3549409,"São Joaquim da Barra",41.80327869,2022,"Escolaridade",48.85,"Taxas de atendimento escolar de crianças de 0 a 3 anos (%)"
3549409,"São Joaquim da Barra",43.98748324,2024,"Escolaridade",51.53,"Taxas de atendimento escolar de crianças de 0 a 3 anos (%)"
3549508,"São José da Bela Vista",31.99152542,2014,"Escolaridade",38.5,"Taxas de atendimento escolar de crianças de 0 a 3 anos (%)"
3549508,"São José da Bela Vista",37.90849673,2016,"Escolaridade",42.77,"Taxas de atendimento escolar de crianças de 0 a 3 anos (%)"
3549508,"São José da Bela Vista",41.7721519,2018,"Escolaridade",47.19,"Taxas de atendimento escolar de crianças de 0 a 3 anos (%)"
3549508,"São José da Bela Vista",32.51028807,2020,"Escolaridade",48.28,"Taxas de atendimento escolar de crianças de 0 a 3 anos (%)"
3549508,"São José da Bela Vista",34.16149068,2022,"Escolaridade",48.85,"Taxas de atendimento escolar de crianças de 0 a 3 anos (%)"
3549508,"São José da Bela Vista",30.46218487,2024,"Escolaridade",51.53,"Taxas de atendimento escolar de crianças de 0 a 3 anos (%)"
3549607,"São José do Barreiro",24.75728155,2014,"Escolaridade",38.5,"Taxas de atendimento escolar de crianças de 0 a 3 anos (%)"
3549607,"São José do Barreiro",24.25742574,2016,"Escolaridade",42.77,"Taxas de atendimento escolar de crianças de 0 a 3 anos (%)"
3549607,"São José do Barreiro",26.86567164,2018,"Escolaridade",47.19,"Taxas de atendimento escolar de crianças de 0 a 3 anos (%)"
3549607,"São José do Barreiro",28.07881773,2020,"Escolaridade",48.28,"Taxas de atendimento escolar de crianças de 0 a 3 anos (%)"
3549607,"São José do Barreiro",33.16831683,2022,"Escolaridade",48.85,"Taxas de atendimento escolar de crianças de 0 a 3 anos (%)"
3549607,"São José do Barreiro",38.69346734,2024,"Escolaridade",51.53,"Taxas de atendimento escolar de crianças de 0 a 3 anos (%)"
3549706,"São José do Rio Pardo",38.01652893,2014,"Escolaridade",38.5,"Taxas de atendimento escolar de crianças de 0 a 3 anos (%)"
3549706,"São José do Rio Pardo",41.12808461,2016,"Escolaridade",42.77,"Taxas de atendimento escolar de crianças de 0 a 3 anos (%)"
3549706,"São José do Rio Pardo",50,2018,"Escolaridade",47.19,"Taxas de atendimento escolar de crianças de 0 a 3 anos (%)"
3549706,"São José do Rio Pardo",44.36026936,2020,"Escolaridade",48.28,"Taxas de atendimento escolar de crianças de 0 a 3 anos (%)"
3549706,"São José do Rio Pardo",43.37244676,2022,"Escolaridade",48.85,"Taxas de atendimento escolar de crianças de 0 a 3 anos (%)"
3549706,"São José do Rio Pardo",50.22872827,2024,"Escolaridade",51.53,"Taxas de atendimento escolar de crianças de 0 a 3 anos (%)"
3549805,"São José do Rio Preto",54.31530495,2014,"Escolaridade",38.5,"Taxas de atendimento escolar de crianças de 0 a 3 anos (%)"
3549805,"São José do Rio Preto",54.0769116,2016,"Escolaridade",42.77,"Taxas de atendimento escolar de crianças de 0 a 3 anos (%)"
3549805,"São José do Rio Preto",61.47511636,2018,"Escolaridade",47.19,"Taxas de atendimento escolar de crianças de 0 a 3 anos (%)"
3549805,"São José do Rio Preto",59.48239511,2020,"Escolaridade",48.28,"Taxas de atendimento escolar de crianças de 0 a 3 anos (%)"
3549805,"São José do Rio Preto",59.33195966,2022,"Escolaridade",48.85,"Taxas de atendimento escolar de crianças de 0 a 3 anos (%)"
3549805,"São José do Rio Preto",63.2614861,2024,"Escolaridade",51.53,"Taxas de atendimento escolar de crianças de 0 a 3 anos (%)"
3549904,"São José dos Campos",35.46317614,2014,"Escolaridade",38.5,"Taxas de atendimento escolar de crianças de 0 a 3 anos (%)"
3549904,"São José dos Campos",36.55553012,2016,"Escolaridade",42.77,"Taxas de atendimento escolar de crianças de 0 a 3 anos (%)"
3549904,"São José dos Campos",44.62155572,2018,"Escolaridade",47.19,"Taxas de atendimento escolar de crianças de 0 a 3 anos (%)"
3549904,"São José dos Campos",49.52931282,2020,"Escolaridade",48.28,"Taxas de atendimento escolar de crianças de 0 a 3 anos (%)"
3549904,"São José dos Campos",52.51453891,2022,"Escolaridade",48.85,"Taxas de atendimento escolar de crianças de 0 a 3 anos (%)"
3549904,"São José dos Campos",53.35738625,2024,"Escolaridade",51.53,"Taxas de atendimento escolar de crianças de 0 a 3 anos (%)"
3549953,"São Lourenço da Serra",36.33004926,2014,"Escolaridade",38.5,"Taxas de atendimento escolar de crianças de 0 a 3 anos (%)"
3549953,"São Lourenço da Serra",36.93803159,2016,"Escolaridade",42.77,"Taxas de atendimento escolar de crianças de 0 a 3 anos (%)"
3549953,"São Lourenço da Serra",35.17406963,2018,"Escolaridade",47.19,"Taxas de atendimento escolar de crianças de 0 a 3 anos (%)"
3549953,"São Lourenço da Serra",28.02850356,2020,"Escolaridade",48.28,"Taxas de atendimento escolar de crianças de 0 a 3 anos (%)"
3549953,"São Lourenço da Serra",28.28162291,2022,"Escolaridade",48.85,"Taxas de atendimento escolar de crianças de 0 a 3 anos (%)"
3549953,"São Lourenço da Serra",30.12048193,2024,"Escolaridade",51.53,"Taxas de atendimento escolar de crianças de 0 a 3 anos (%)"
3550001,"São Luiz do Paraitinga",6.998158379,2014,"Escolaridade",38.5,"Taxas de atendimento escolar de crianças de 0 a 3 anos (%)"
3550001,"São Luiz do Paraitinga",12.67857143,2016,"Escolaridade",42.77,"Taxas de atendimento escolar de crianças de 0 a 3 anos (%)"
3550001,"São Luiz do Paraitinga",15.25735294,2018,"Escolaridade",47.19,"Taxas de atendimento escolar de crianças de 0 a 3 anos (%)"
3550001,"São Luiz do Paraitinga",13.9047619,2020,"Escolaridade",48.28,"Taxas de atendimento escolar de crianças de 0 a 3 anos (%)"
3550001,"São Luiz do Paraitinga",10.48543689,2022,"Escolaridade",48.85,"Taxas de atendimento escolar de crianças de 0 a 3 anos (%)"
3550001,"São Luiz do Paraitinga",23.38709677,2024,"Escolaridade",51.53,"Taxas de atendimento escolar de crianças de 0 a 3 anos (%)"
3550100,"São Manuel",30.89552239,2014,"Escolaridade",38.5,"Taxas de atendimento escolar de crianças de 0 a 3 anos (%)"
3550100,"São Manuel",33.26673327,2016,"Escolaridade",42.77,"Taxas de atendimento escolar de crianças de 0 a 3 anos (%)"
3550100,"São Manuel",36.85015291,2018,"Escolaridade",47.19,"Taxas de atendimento escolar de crianças de 0 a 3 anos (%)"
3550100,"São Manuel",36.51538863,2020,"Escolaridade",48.28,"Taxas de atendimento escolar de crianças de 0 a 3 anos (%)"
3550100,"São Manuel",35.09052183,2022,"Escolaridade",48.85,"Taxas de atendimento escolar de crianças de 0 a 3 anos (%)"
3550100,"São Manuel",40.2090209,2024,"Escolaridade",51.53,"Taxas de atendimento escolar de crianças de 0 a 3 anos (%)"
3550209,"São Miguel Arcanjo",19.46564885,2014,"Escolaridade",38.5,"Taxas de atendimento escolar de crianças de 0 a 3 anos (%)"
3550209,"São Miguel Arcanjo",18.45140033,2016,"Escolaridade",42.77,"Taxas de atendimento escolar de crianças de 0 a 3 anos (%)"
3550209,"São Miguel Arcanjo",21.89415042,2018,"Escolaridade",47.19,"Taxas de atendimento escolar de crianças de 0 a 3 anos (%)"
3550209,"São Miguel Arcanjo",22.59887006,2020,"Escolaridade",48.28,"Taxas de atendimento escolar de crianças de 0 a 3 anos (%)"
3550209,"São Miguel Arcanjo",21.55172414,2022,"Escolaridade",48.85,"Taxas de atendimento escolar de crianças de 0 a 3 anos (%)"
3550209,"São Miguel Arcanjo",22.81839623,2024,"Escolaridade",51.53,"Taxas de atendimento escolar de crianças de 0 a 3 anos (%)"
3550308,"São Paulo",41.20773703,2014,"Escolaridade",38.5,"Taxas de atendimento escolar de crianças de 0 a 3 anos (%)"
3550308,"São Paulo",48.11993451,2016,"Escolaridade",42.77,"Taxas de atendimento escolar de crianças de 0 a 3 anos (%)"
3550308,"São Paulo",55.4543451,2018,"Escolaridade",47.19,"Taxas de atendimento escolar de crianças de 0 a 3 anos (%)"
3550308,"São Paulo",60.03858435,2020,"Escolaridade",48.28,"Taxas de atendimento escolar de crianças de 0 a 3 anos (%)"
3550308,"São Paulo",62.02347663,2022,"Escolaridade",48.85,"Taxas de atendimento escolar de crianças de 0 a 3 anos (%)"
3550308,"São Paulo",61.49113161,2024,"Escolaridade",51.53,"Taxas de atendimento escolar de crianças de 0 a 3 anos (%)"
3550407,"São Pedro",44.75570033,2014,"Escolaridade",38.5,"Taxas de atendimento escolar de crianças de 0 a 3 anos (%)"
3550407,"São Pedro",53.14322748,2016,"Escolaridade",42.77,"Taxas de atendimento escolar de crianças de 0 a 3 anos (%)"
3550407,"São Pedro",58.69146889,2018,"Escolaridade",47.19,"Taxas de atendimento escolar de crianças de 0 a 3 anos (%)"
3550407,"São Pedro",56.07893062,2020,"Escolaridade",48.28,"Taxas de atendimento escolar de crianças de 0 a 3 anos (%)"
3550407,"São Pedro",46.79897567,2022,"Escolaridade",48.85,"Taxas de atendimento escolar de crianças de 0 a 3 anos (%)"
3550407,"São Pedro",55.02920182,2024,"Escolaridade",51.53,"Taxas de atendimento escolar de crianças de 0 a 3 anos (%)"
3550506,"São Pedro do Turvo",42.85714286,2014,"Escolaridade",38.5,"Taxas de atendimento escolar de crianças de 0 a 3 anos (%)"
3550506,"São Pedro do Turvo",47.5826972,2016,"Escolaridade",42.77,"Taxas de atendimento escolar de crianças de 0 a 3 anos (%)"
3550506,"São Pedro do Turvo",41.22137405,2018,"Escolaridade",47.19,"Taxas de atendimento escolar de crianças de 0 a 3 anos (%)"
3550506,"São Pedro do Turvo",48.33759591,2020,"Escolaridade",48.28,"Taxas de atendimento escolar de crianças de 0 a 3 anos (%)"
3550506,"São Pedro do Turvo",58.59375,2022,"Escolaridade",48.85,"Taxas de atendimento escolar de crianças de 0 a 3 anos (%)"
3550506,"São Pedro do Turvo",50.93333333,2024,"Escolaridade",51.53,"Taxas de atendimento escolar de crianças de 0 a 3 anos (%)"
3550605,"São Roque",48.92498806,2014,"Escolaridade",38.5,"Taxas de atendimento escolar de crianças de 0 a 3 anos (%)"
3550605,"São Roque",49.77808923,2016,"Escolaridade",42.77,"Taxas de atendimento escolar de crianças de 0 a 3 anos (%)"
3550605,"São Roque",50.41322314,2018,"Escolaridade",47.19,"Taxas de atendimento escolar de crianças de 0 a 3 anos (%)"
3550605,"São Roque",48.51745576,2020,"Escolaridade",48.28,"Taxas de atendimento escolar de crianças de 0 a 3 anos (%)"
3550605,"São Roque",48.03398058,2022,"Escolaridade",48.85,"Taxas de atendimento escolar de crianças de 0 a 3 anos (%)"
3550605,"São Roque",47.59651308,2024,"Escolaridade",51.53,"Taxas de atendimento escolar de crianças de 0 a 3 anos (%)"
3550704,"São Sebastião",36.25530196,2014,"Escolaridade",38.5,"Taxas de atendimento escolar de crianças de 0 a 3 anos (%)"
3550704,"São Sebastião",40.39107249,2016,"Escolaridade",42.77,"Taxas de atendimento escolar de crianças de 0 a 3 anos (%)"
3550704,"São Sebastião",44.39809297,2018,"Escolaridade",47.19,"Taxas de atendimento escolar de crianças de 0 a 3 anos (%)"
3550704,"São Sebastião",44.96993988,2020,"Escolaridade",48.28,"Taxas de atendimento escolar de crianças de 0 a 3 anos (%)"
3550704,"São Sebastião",49.59579628,2022,"Escolaridade",48.85,"Taxas de atendimento escolar de crianças de 0 a 3 anos (%)"
3550704,"São Sebastião",54.39425051,2024,"Escolaridade",51.53,"Taxas de atendimento escolar de crianças de 0 a 3 anos (%)"
3550803,"São Sebastião da Grama",20.32374101,2014,"Escolaridade",38.5,"Taxas de atendimento escolar de crianças de 0 a 3 anos (%)"
3550803,"São Sebastião da Grama",21.66666667,2016,"Escolaridade",42.77,"Taxas de atendimento escolar de crianças de 0 a 3 anos (%)"
3550803,"São Sebastião da Grama",22.76119403,2018,"Escolaridade",47.19,"Taxas de atendimento escolar de crianças de 0 a 3 anos (%)"
3550803,"São Sebastião da Grama",22.05323194,2020,"Escolaridade",48.28,"Taxas de atendimento escolar de crianças de 0 a 3 anos (%)"
3550803,"São Sebastião da Grama",25.7367387,2022,"Escolaridade",48.85,"Taxas de atendimento escolar de crianças de 0 a 3 anos (%)"
3550803,"São Sebastião da Grama",43.03278689,2024,"Escolaridade",51.53,"Taxas de atendimento escolar de crianças de 0 a 3 anos (%)"
3550902,"São Simão",43.30042313,2014,"Escolaridade",38.5,"Taxas de atendimento escolar de crianças de 0 a 3 anos (%)"
3550902,"São Simão",40.25423729,2016,"Escolaridade",42.77,"Taxas de atendimento escolar de crianças de 0 a 3 anos (%)"
3550902,"São Simão",45.70200573,2018,"Escolaridade",47.19,"Taxas de atendimento escolar de crianças de 0 a 3 anos (%)"
3550902,"São Simão",38.69565217,2020,"Escolaridade",48.28,"Taxas de atendimento escolar de crianças de 0 a 3 anos (%)"
3550902,"São Simão",44.37869822,2022,"Escolaridade",48.85,"Taxas de atendimento escolar de crianças de 0 a 3 anos (%)"
3550902,"São Simão",44.20731707,2024,"Escolaridade",51.53,"Taxas de atendimento escolar de crianças de 0 a 3 anos (%)"
3551009,"São Vicente",25.77404564,2014,"Escolaridade",38.5,"Taxas de atendimento escolar de crianças de 0 a 3 anos (%)"
3551009,"São Vicente",26.56330219,2016,"Escolaridade",42.77,"Taxas de atendimento escolar de crianças de 0 a 3 anos (%)"
3551009,"São Vicente",30.6906844,2018,"Escolaridade",47.19,"Taxas de atendimento escolar de crianças de 0 a 3 anos (%)"
3551009,"São Vicente",30.1070091,2020,"Escolaridade",48.28,"Taxas de atendimento escolar de crianças de 0 a 3 anos (%)"
3551009,"São Vicente",28.77783813,2022,"Escolaridade",48.85,"Taxas de atendimento escolar de crianças de 0 a 3 anos (%)"
3551009,"São Vicente",35.96124937,2024,"Escolaridade",51.53,"Taxas de atendimento escolar de crianças de 0 a 3 anos (%)"
3551108,"Sarapuí",49.9009901,2014,"Escolaridade",38.5,"Taxas de atendimento escolar de crianças de 0 a 3 anos (%)"
3551108,"Sarapuí",51.34615385,2016,"Escolaridade",42.77,"Taxas de atendimento escolar de crianças de 0 a 3 anos (%)"
3551108,"Sarapuí",46.35514019,2018,"Escolaridade",47.19,"Taxas de atendimento escolar de crianças de 0 a 3 anos (%)"
3551108,"Sarapuí",30.78324226,2020,"Escolaridade",48.28,"Taxas de atendimento escolar de crianças de 0 a 3 anos (%)"
3551108,"Sarapuí",40.64748201,2022,"Escolaridade",48.85,"Taxas de atendimento escolar de crianças de 0 a 3 anos (%)"
3551108,"Sarapuí",45.29307282,2024,"Escolaridade",51.53,"Taxas de atendimento escolar de crianças de 0 a 3 anos (%)"
3551207,"Sarutaiá",49.48979592,2014,"Escolaridade",38.5,"Taxas de atendimento escolar de crianças de 0 a 3 anos (%)"
3551207,"Sarutaiá",41.83673469,2016,"Escolaridade",42.77,"Taxas de atendimento escolar de crianças de 0 a 3 anos (%)"
3551207,"Sarutaiá",56.34517766,2018,"Escolaridade",47.19,"Taxas de atendimento escolar de crianças de 0 a 3 anos (%)"
3551207,"Sarutaiá",52.82051282,2020,"Escolaridade",48.28,"Taxas de atendimento escolar de crianças de 0 a 3 anos (%)"
3551207,"Sarutaiá",54.63917526,2022,"Escolaridade",48.85,"Taxas de atendimento escolar de crianças de 0 a 3 anos (%)"
3551207,"Sarutaiá",70.37037037,2024,"Escolaridade",51.53,"Taxas de atendimento escolar de crianças de 0 a 3 anos (%)"
3551306,"Sebastianópolis do Sul",65.32258065,2014,"Escolaridade",38.5,"Taxas de atendimento escolar de crianças de 0 a 3 anos (%)"
3551306,"Sebastianópolis do Sul",66.94915254,2016,"Escolaridade",42.77,"Taxas de atendimento escolar de crianças de 0 a 3 anos (%)"
3551306,"Sebastianópolis do Sul",69.16666667,2018,"Escolaridade",47.19,"Taxas de atendimento escolar de crianças de 0 a 3 anos (%)"
3551306,"Sebastianópolis do Sul",73.17073171,2020,"Escolaridade",48.28,"Taxas de atendimento escolar de crianças de 0 a 3 anos (%)"
3551306,"Sebastianópolis do Sul",89.83050847,2022,"Escolaridade",48.85,"Taxas de atendimento escolar de crianças de 0 a 3 anos (%)"
3551306,"Sebastianópolis do Sul",81.08108108,2024,"Escolaridade",51.53,"Taxas de atendimento escolar de crianças de 0 a 3 anos (%)"
3551405,"Serra Azul",39.84962406,2014,"Escolaridade",38.5,"Taxas de atendimento escolar de crianças de 0 a 3 anos (%)"
3551405,"Serra Azul",36.70411985,2016,"Escolaridade",42.77,"Taxas de atendimento escolar de crianças de 0 a 3 anos (%)"
3551405,"Serra Azul",33.33333333,2018,"Escolaridade",47.19,"Taxas de atendimento escolar de crianças de 0 a 3 anos (%)"
3551405,"Serra Azul",27.67857143,2020,"Escolaridade",48.28,"Taxas de atendimento escolar de crianças de 0 a 3 anos (%)"
3551405,"Serra Azul",26.59574468,2022,"Escolaridade",48.85,"Taxas de atendimento escolar de crianças de 0 a 3 anos (%)"
3551405,"Serra Azul",29.6625222,2024,"Escolaridade",51.53,"Taxas de atendimento escolar de crianças de 0 a 3 anos (%)"
3551504,"Serrana",46.66398714,2014,"Escolaridade",38.5,"Taxas de atendimento escolar de crianças de 0 a 3 anos (%)"
3551504,"Serrana",48.7394958,2016,"Escolaridade",42.77,"Taxas de atendimento escolar de crianças de 0 a 3 anos (%)"
3551504,"Serrana",53.47444089,2018,"Escolaridade",47.19,"Taxas de atendimento escolar de crianças de 0 a 3 anos (%)"
3551504,"Serrana",54.77808876,2020,"Escolaridade",48.28,"Taxas de atendimento escolar de crianças de 0 a 3 anos (%)"
3551504,"Serrana",51.86536902,2022,"Escolaridade",48.85,"Taxas de atendimento escolar de crianças de 0 a 3 anos (%)"
3551504,"Serrana",53.78535774,2024,"Escolaridade",51.53,"Taxas de atendimento escolar de crianças de 0 a 3 anos (%)"
3551603,"Serra Negra",59.32773109,2014,"Escolaridade",38.5,"Taxas de atendimento escolar de crianças de 0 a 3 anos (%)"
3551603,"Serra Negra",65.54621849,2016,"Escolaridade",42.77,"Taxas de atendimento escolar de crianças de 0 a 3 anos (%)"
3551603,"Serra Negra",68.27586207,2018,"Escolaridade",47.19,"Taxas de atendimento escolar de crianças de 0 a 3 anos (%)"
3551603,"Serra Negra",69.94680851,2020,"Escolaridade",48.28,"Taxas de atendimento escolar de crianças de 0 a 3 anos (%)"
3551603,"Serra Negra",65.72727273,2022,"Escolaridade",48.85,"Taxas de atendimento escolar de crianças de 0 a 3 anos (%)"
3551603,"Serra Negra",67.61363636,2024,"Escolaridade",51.53,"Taxas de atendimento escolar de crianças de 0 a 3 anos (%)"
3551702,"Sertãozinho",44.50811843,2014,"Escolaridade",38.5,"Taxas de atendimento escolar de crianças de 0 a 3 anos (%)"
3551702,"Sertãozinho",43.8754544,2016,"Escolaridade",42.77,"Taxas de atendimento escolar de crianças de 0 a 3 anos (%)"
3551702,"Sertãozinho",45.27660951,2018,"Escolaridade",47.19,"Taxas de atendimento escolar de crianças de 0 a 3 anos (%)"
3551702,"Sertãozinho",41.29749461,2020,"Escolaridade",48.28,"Taxas de atendimento escolar de crianças de 0 a 3 anos (%)"
3551702,"Sertãozinho",42.63552676,2022,"Escolaridade",48.85,"Taxas de atendimento escolar de crianças de 0 a 3 anos (%)"
3551702,"Sertãozinho",47.85243272,2024,"Escolaridade",51.53,"Taxas de atendimento escolar de crianças de 0 a 3 anos (%)"
3551801,"Sete Barras",19.46222791,2014,"Escolaridade",38.5,"Taxas de atendimento escolar de crianças de 0 a 3 anos (%)"
3551801,"Sete Barras",23.66013072,2016,"Escolaridade",42.77,"Taxas de atendimento escolar de crianças de 0 a 3 anos (%)"
3551801,"Sete Barras",29.16666667,2018,"Escolaridade",47.19,"Taxas de atendimento escolar de crianças de 0 a 3 anos (%)"
3551801,"Sete Barras",27.21354167,2020,"Escolaridade",48.28,"Taxas de atendimento escolar de crianças de 0 a 3 anos (%)"
3551801,"Sete Barras",21.5323646,2022,"Escolaridade",48.85,"Taxas de atendimento escolar de crianças de 0 a 3 anos (%)"
3551801,"Sete Barras",27.60487145,2024,"Escolaridade",51.53,"Taxas de atendimento escolar de crianças de 0 a 3 anos (%)"
3551900,"Severínia",30.83235639,2014,"Escolaridade",38.5,"Taxas de atendimento escolar de crianças de 0 a 3 anos (%)"
3551900,"Severínia",31.15338882,2016,"Escolaridade",42.77,"Taxas de atendimento escolar de crianças de 0 a 3 anos (%)"
3551900,"Severínia",34.88914819,2018,"Escolaridade",47.19,"Taxas de atendimento escolar de crianças de 0 a 3 anos (%)"
3551900,"Severínia",34.29561201,2020,"Escolaridade",48.28,"Taxas de atendimento escolar de crianças de 0 a 3 anos (%)"
3551900,"Severínia",27.19812427,2022,"Escolaridade",48.85,"Taxas de atendimento escolar de crianças de 0 a 3 anos (%)"
3551900,"Severínia",37.00120919,2024,"Escolaridade",51.53,"Taxas de atendimento escolar de crianças de 0 a 3 anos (%)"
3552007,"Silveiras",21.42857143,2014,"Escolaridade",38.5,"Taxas de atendimento escolar de crianças de 0 a 3 anos (%)"
3552007,"Silveiras",25.23076923,2016,"Escolaridade",42.77,"Taxas de atendimento escolar de crianças de 0 a 3 anos (%)"
3552007,"Silveiras",20.98765432,2018,"Escolaridade",47.19,"Taxas de atendimento escolar de crianças de 0 a 3 anos (%)"
3552007,"Silveiras",17.84615385,2020,"Escolaridade",48.28,"Taxas de atendimento escolar de crianças de 0 a 3 anos (%)"
3552007,"Silveiras",27.4691358,2022,"Escolaridade",48.85,"Taxas de atendimento escolar de crianças de 0 a 3 anos (%)"
3552007,"Silveiras",27.5862069,2024,"Escolaridade",51.53,"Taxas de atendimento escolar de crianças de 0 a 3 anos (%)"
3552106,"Socorro",43.61078546,2014,"Escolaridade",38.5,"Taxas de atendimento escolar de crianças de 0 a 3 anos (%)"
3552106,"Socorro",44.78741992,2016,"Escolaridade",42.77,"Taxas de atendimento escolar de crianças de 0 a 3 anos (%)"
3552106,"Socorro",48.93742621,2018,"Escolaridade",47.19,"Taxas de atendimento escolar de crianças de 0 a 3 anos (%)"
3552106,"Socorro",46.07078584,2020,"Escolaridade",48.28,"Taxas de atendimento escolar de crianças de 0 a 3 anos (%)"
3552106,"Socorro",47.42962056,2022,"Escolaridade",48.85,"Taxas de atendimento escolar de crianças de 0 a 3 anos (%)"
3552106,"Socorro",51.95954488,2024,"Escolaridade",51.53,"Taxas de atendimento escolar de crianças de 0 a 3 anos (%)"
3552205,"Sorocaba",40.97033393,2014,"Escolaridade",38.5,"Taxas de atendimento escolar de crianças de 0 a 3 anos (%)"
3552205,"Sorocaba",45.86362684,2016,"Escolaridade",42.77,"Taxas de atendimento escolar de crianças de 0 a 3 anos (%)"
3552205,"Sorocaba",46.37689951,2018,"Escolaridade",47.19,"Taxas de atendimento escolar de crianças de 0 a 3 anos (%)"
3552205,"Sorocaba",48.68388608,2020,"Escolaridade",48.28,"Taxas de atendimento escolar de crianças de 0 a 3 anos (%)"
3552205,"Sorocaba",50.25559005,2022,"Escolaridade",48.85,"Taxas de atendimento escolar de crianças de 0 a 3 anos (%)"
3552205,"Sorocaba",55.92345177,2024,"Escolaridade",51.53,"Taxas de atendimento escolar de crianças de 0 a 3 anos (%)"
3552304,"Sud Mennucci",30.6763285,2014,"Escolaridade",38.5,"Taxas de atendimento escolar de crianças de 0 a 3 anos (%)"
3552304,"Sud Mennucci",35.97122302,2016,"Escolaridade",42.77,"Taxas de atendimento escolar de crianças de 0 a 3 anos (%)"
3552304,"Sud Mennucci",30.5764411,2018,"Escolaridade",47.19,"Taxas de atendimento escolar de crianças de 0 a 3 anos (%)"
3552304,"Sud Mennucci",32.9015544,2020,"Escolaridade",48.28,"Taxas de atendimento escolar de crianças de 0 a 3 anos (%)"
3552304,"Sud Mennucci",37.6,2022,"Escolaridade",48.85,"Taxas de atendimento escolar de crianças de 0 a 3 anos (%)"
3552304,"Sud Mennucci",36.66666667,2024,"Escolaridade",51.53,"Taxas de atendimento escolar de crianças de 0 a 3 anos (%)"
3552403,"Sumaré",36.37842234,2014,"Escolaridade",38.5,"Taxas de atendimento escolar de crianças de 0 a 3 anos (%)"
3552403,"Sumaré",35.83869239,2016,"Escolaridade",42.77,"Taxas de atendimento escolar de crianças de 0 a 3 anos (%)"
3552403,"Sumaré",43.36312924,2018,"Escolaridade",47.19,"Taxas de atendimento escolar de crianças de 0 a 3 anos (%)"
3552403,"Sumaré",46.05040881,2020,"Escolaridade",48.28,"Taxas de atendimento escolar de crianças de 0 a 3 anos (%)"
3552403,"Sumaré",44.28325885,2022,"Escolaridade",48.85,"Taxas de atendimento escolar de crianças de 0 a 3 anos (%)"
3552403,"Sumaré",46.76391446,2024,"Escolaridade",51.53,"Taxas de atendimento escolar de crianças de 0 a 3 anos (%)"
3552502,"Suzano",26.83899022,2014,"Escolaridade",38.5,"Taxas de atendimento escolar de crianças de 0 a 3 anos (%)"
3552502,"Suzano",27.70462633,2016,"Escolaridade",42.77,"Taxas de atendimento escolar de crianças de 0 a 3 anos (%)"
3552502,"Suzano",36.24872701,2018,"Escolaridade",47.19,"Taxas de atendimento escolar de crianças de 0 a 3 anos (%)"
3552502,"Suzano",37.8276699,2020,"Escolaridade",48.28,"Taxas de atendimento escolar de crianças de 0 a 3 anos (%)"
3552502,"Suzano",39.23321901,2022,"Escolaridade",48.85,"Taxas de atendimento escolar de crianças de 0 a 3 anos (%)"
3552502,"Suzano",42.92658607,2024,"Escolaridade",51.53,"Taxas de atendimento escolar de crianças de 0 a 3 anos (%)"
3552551,"Suzanápolis",47.76119403,2014,"Escolaridade",38.5,"Taxas de atendimento escolar de crianças de 0 a 3 anos (%)"
3552551,"Suzanápolis",43.92523364,2016,"Escolaridade",42.77,"Taxas de atendimento escolar de crianças de 0 a 3 anos (%)"
3552551,"Suzanápolis",41.2037037,2018,"Escolaridade",47.19,"Taxas de atendimento escolar de crianças de 0 a 3 anos (%)"
3552551,"Suzanápolis",34.10138249,2020,"Escolaridade",48.28,"Taxas de atendimento escolar de crianças de 0 a 3 anos (%)"
3552551,"Suzanápolis",31.79723502,2022,"Escolaridade",48.85,"Taxas de atendimento escolar de crianças de 0 a 3 anos (%)"
3552551,"Suzanápolis",38.24884793,2024,"Escolaridade",51.53,"Taxas de atendimento escolar de crianças de 0 a 3 anos (%)"
3552601,"Tabapuã",26.1208577,2014,"Escolaridade",38.5,"Taxas de atendimento escolar de crianças de 0 a 3 anos (%)"
3552601,"Tabapuã",42.06349206,2016,"Escolaridade",42.77,"Taxas de atendimento escolar de crianças de 0 a 3 anos (%)"
3552601,"Tabapuã",49.4047619,2018,"Escolaridade",47.19,"Taxas de atendimento escolar de crianças de 0 a 3 anos (%)"
3552601,"Tabapuã",65.53784861,2020,"Escolaridade",48.28,"Taxas de atendimento escolar de crianças de 0 a 3 anos (%)"
3552601,"Tabapuã",71.81069959,2022,"Escolaridade",48.85,"Taxas de atendimento escolar de crianças de 0 a 3 anos (%)"
3552601,"Tabapuã",45.02164502,2024,"Escolaridade",51.53,"Taxas de atendimento escolar de crianças de 0 a 3 anos (%)"
3552700,"Tabatinga",32.99232737,2014,"Escolaridade",38.5,"Taxas de atendimento escolar de crianças de 0 a 3 anos (%)"
3552700,"Tabatinga",37.10292249,2016,"Escolaridade",42.77,"Taxas de atendimento escolar de crianças de 0 a 3 anos (%)"
3552700,"Tabatinga",42.33206591,2018,"Escolaridade",47.19,"Taxas de atendimento escolar de crianças de 0 a 3 anos (%)"
3552700,"Tabatinga",40.88607595,2020,"Escolaridade",48.28,"Taxas de atendimento escolar de crianças de 0 a 3 anos (%)"
3552700,"Tabatinga",35.12132822,2022,"Escolaridade",48.85,"Taxas de atendimento escolar de crianças de 0 a 3 anos (%)"
3552700,"Tabatinga",42.65279584,2024,"Escolaridade",51.53,"Taxas de atendimento escolar de crianças de 0 a 3 anos (%)"
3552809,"Taboão da Serra",30.43651698,2014,"Escolaridade",38.5,"Taxas de atendimento escolar de crianças de 0 a 3 anos (%)"
3552809,"Taboão da Serra",30.71169288,2016,"Escolaridade",42.77,"Taxas de atendimento escolar de crianças de 0 a 3 anos (%)"
3552809,"Taboão da Serra",33.43859253,2018,"Escolaridade",47.19,"Taxas de atendimento escolar de crianças de 0 a 3 anos (%)"
3552809,"Taboão da Serra",37.02671312,2020,"Escolaridade",48.28,"Taxas de atendimento escolar de crianças de 0 a 3 anos (%)"
3552809,"Taboão da Serra",30.81234145,2022,"Escolaridade",48.85,"Taxas de atendimento escolar de crianças de 0 a 3 anos (%)"
3552809,"Taboão da Serra",30.76271186,2024,"Escolaridade",51.53,"Taxas de atendimento escolar de crianças de 0 a 3 anos (%)"
3552908,"Taciba",41.13475177,2014,"Escolaridade",38.5,"Taxas de atendimento escolar de crianças de 0 a 3 anos (%)"
3552908,"Taciba",66.07142857,2016,"Escolaridade",42.77,"Taxas de atendimento escolar de crianças de 0 a 3 anos (%)"
3552908,"Taciba",67.37588652,2018,"Escolaridade",47.19,"Taxas de atendimento escolar de crianças de 0 a 3 anos (%)"
3552908,"Taciba",60.48951049,2020,"Escolaridade",48.28,"Taxas de atendimento escolar de crianças de 0 a 3 anos (%)"
3552908,"Taciba",61.70212766,2022,"Escolaridade",48.85,"Taxas de atendimento escolar de crianças de 0 a 3 anos (%)"
3552908,"Taciba",68.11594203,2024,"Escolaridade",51.53,"Taxas de atendimento escolar de crianças de 0 a 3 anos (%)"
3553005,"Taguaí",65.62091503,2014,"Escolaridade",38.5,"Taxas de atendimento escolar de crianças de 0 a 3 anos (%)"
3553005,"Taguaí",58.14536341,2016,"Escolaridade",42.77,"Taxas de atendimento escolar de crianças de 0 a 3 anos (%)"
3553005,"Taguaí",55.62422744,2018,"Escolaridade",47.19,"Taxas de atendimento escolar de crianças de 0 a 3 anos (%)"
3553005,"Taguaí",56.53235653,2020,"Escolaridade",48.28,"Taxas de atendimento escolar de crianças de 0 a 3 anos (%)"
3553005,"Taguaí",59.06862745,2022,"Escolaridade",48.85,"Taxas de atendimento escolar de crianças de 0 a 3 anos (%)"
3553005,"Taguaí",54.27509294,2024,"Escolaridade",51.53,"Taxas de atendimento escolar de crianças de 0 a 3 anos (%)"
3553104,"Taiaçu",30.18867925,2014,"Escolaridade",38.5,"Taxas de atendimento escolar de crianças de 0 a 3 anos (%)"
3553104,"Taiaçu",34.73282443,2016,"Escolaridade",42.77,"Taxas de atendimento escolar de crianças de 0 a 3 anos (%)"
3553104,"Taiaçu",37.5,2018,"Escolaridade",47.19,"Taxas de atendimento escolar de crianças de 0 a 3 anos (%)"
3553104,"Taiaçu",40.90909091,2020,"Escolaridade",48.28,"Taxas de atendimento escolar de crianças de 0 a 3 anos (%)"
3553104,"Taiaçu",52.50965251,2022,"Escolaridade",48.85,"Taxas de atendimento escolar de crianças de 0 a 3 anos (%)"
3553104,"Taiaçu",57.2,2024,"Escolaridade",51.53,"Taxas de atendimento escolar de crianças de 0 a 3 anos (%)"
3553203,"Taiúva",33.17757009,2014,"Escolaridade",38.5,"Taxas de atendimento escolar de crianças de 0 a 3 anos (%)"
3553203,"Taiúva",32.36714976,2016,"Escolaridade",42.77,"Taxas de atendimento escolar de crianças de 0 a 3 anos (%)"
3553203,"Taiúva",39.408867,2018,"Escolaridade",47.19,"Taxas de atendimento escolar de crianças de 0 a 3 anos (%)"
3553203,"Taiúva",62.68656716,2020,"Escolaridade",48.28,"Taxas de atendimento escolar de crianças de 0 a 3 anos (%)"
3553203,"Taiúva",59.375,2022,"Escolaridade",48.85,"Taxas de atendimento escolar de crianças de 0 a 3 anos (%)"
3553203,"Taiúva",65.93406593,2024,"Escolaridade",51.53,"Taxas de atendimento escolar de crianças de 0 a 3 anos (%)"
3553302,"Tambaú",42.79696714,2014,"Escolaridade",38.5,"Taxas de atendimento escolar de crianças de 0 a 3 anos (%)"
3553302,"Tambaú",46.6440102,2016,"Escolaridade",42.77,"Taxas de atendimento escolar de crianças de 0 a 3 anos (%)"
3553302,"Tambaú",43.47450303,2018,"Escolaridade",47.19,"Taxas de atendimento escolar de crianças de 0 a 3 anos (%)"
3553302,"Tambaú",45.88859416,2020,"Escolaridade",48.28,"Taxas de atendimento escolar de crianças de 0 a 3 anos (%)"
3553302,"Tambaú",43.49005425,2022,"Escolaridade",48.85,"Taxas de atendimento escolar de crianças de 0 a 3 anos (%)"
3553302,"Tambaú",47.6056338,2024,"Escolaridade",51.53,"Taxas de atendimento escolar de crianças de 0 a 3 anos (%)"
3553401,"Tanabi",36.271809,2014,"Escolaridade",38.5,"Taxas de atendimento escolar de crianças de 0 a 3 anos (%)"
3553401,"Tanabi",44.89420423,2016,"Escolaridade",42.77,"Taxas de atendimento escolar de crianças de 0 a 3 anos (%)"
3553401,"Tanabi",50.7082153,2018,"Escolaridade",47.19,"Taxas de atendimento escolar de crianças de 0 a 3 anos (%)"
3553401,"Tanabi",48.54085603,2020,"Escolaridade",48.28,"Taxas de atendimento escolar de crianças de 0 a 3 anos (%)"
3553401,"Tanabi",53.80761523,2022,"Escolaridade",48.85,"Taxas de atendimento escolar de crianças de 0 a 3 anos (%)"
3553401,"Tanabi",52.62054507,2024,"Escolaridade",51.53,"Taxas de atendimento escolar de crianças de 0 a 3 anos (%)"
3553500,"Tapiraí",47.54464286,2014,"Escolaridade",38.5,"Taxas de atendimento escolar de crianças de 0 a 3 anos (%)"
3553500,"Tapiraí",49.42528736,2016,"Escolaridade",42.77,"Taxas de atendimento escolar de crianças de 0 a 3 anos (%)"
3553500,"Tapiraí",50.92165899,2018,"Escolaridade",47.19,"Taxas de atendimento escolar de crianças de 0 a 3 anos (%)"
3553500,"Tapiraí",35.33487298,2020,"Escolaridade",48.28,"Taxas de atendimento escolar de crianças de 0 a 3 anos (%)"
3553500,"Tapiraí",43.72093023,2022,"Escolaridade",48.85,"Taxas de atendimento escolar de crianças de 0 a 3 anos (%)"
3553500,"Tapiraí",51.8957346,2024,"Escolaridade",51.53,"Taxas de atendimento escolar de crianças de 0 a 3 anos (%)"
3553609,"Tapiratiba",51.68141593,2014,"Escolaridade",38.5,"Taxas de atendimento escolar de crianças de 0 a 3 anos (%)"
3553609,"Tapiratiba",71.50537634,2016,"Escolaridade",42.77,"Taxas de atendimento escolar de crianças de 0 a 3 anos (%)"
3553609,"Tapiratiba",78.05755396,2018,"Escolaridade",47.19,"Taxas de atendimento escolar de crianças de 0 a 3 anos (%)"
3553609,"Tapiratiba",72.10144928,2020,"Escolaridade",48.28,"Taxas de atendimento escolar de crianças de 0 a 3 anos (%)"
3553609,"Tapiratiba",64.17910448,2022,"Escolaridade",48.85,"Taxas de atendimento escolar de crianças de 0 a 3 anos (%)"
3553609,"Tapiratiba",77.25490196,2024,"Escolaridade",51.53,"Taxas de atendimento escolar de crianças de 0 a 3 anos (%)"
3553658,"Taquaral",60.30534351,2014,"Escolaridade",38.5,"Taxas de atendimento escolar de crianças de 0 a 3 anos (%)"
3553658,"Taquaral",57.89473684,2016,"Escolaridade",42.77,"Taxas de atendimento escolar de crianças de 0 a 3 anos (%)"
3553658,"Taquaral",56.58914729,2018,"Escolaridade",47.19,"Taxas de atendimento escolar de crianças de 0 a 3 anos (%)"
3553658,"Taquaral",66.12903226,2020,"Escolaridade",48.28,"Taxas de atendimento escolar de crianças de 0 a 3 anos (%)"
3553658,"Taquaral",57.72357724,2022,"Escolaridade",48.85,"Taxas de atendimento escolar de crianças de 0 a 3 anos (%)"
3553658,"Taquaral",56.91056911,2024,"Escolaridade",51.53,"Taxas de atendimento escolar de crianças de 0 a 3 anos (%)"
3553708,"Taquaritinga",33.45808383,2014,"Escolaridade",38.5,"Taxas de atendimento escolar de crianças de 0 a 3 anos (%)"
3553708,"Taquaritinga",40.30418251,2016,"Escolaridade",42.77,"Taxas de atendimento escolar de crianças de 0 a 3 anos (%)"
3553708,"Taquaritinga",41.21779859,2018,"Escolaridade",47.19,"Taxas de atendimento escolar de crianças de 0 a 3 anos (%)"
3553708,"Taquaritinga",39.80699638,2020,"Escolaridade",48.28,"Taxas de atendimento escolar de crianças de 0 a 3 anos (%)"
3553708,"Taquaritinga",32.42686444,2022,"Escolaridade",48.85,"Taxas de atendimento escolar de crianças de 0 a 3 anos (%)"
3553708,"Taquaritinga",35.13513514,2024,"Escolaridade",51.53,"Taxas de atendimento escolar de crianças de 0 a 3 anos (%)"
3553807,"Taquarituba",52.30648944,2014,"Escolaridade",38.5,"Taxas de atendimento escolar de crianças de 0 a 3 anos (%)"
3553807,"Taquarituba",54.19906687,2016,"Escolaridade",42.77,"Taxas de atendimento escolar de crianças de 0 a 3 anos (%)"
3553807,"Taquarituba",57.96986519,2018,"Escolaridade",47.19,"Taxas de atendimento escolar de crianças de 0 a 3 anos (%)"
3553807,"Taquarituba",58.62348178,2020,"Escolaridade",48.28,"Taxas de atendimento escolar de crianças de 0 a 3 anos (%)"
3553807,"Taquarituba",63.32781457,2022,"Escolaridade",48.85,"Taxas de atendimento escolar de crianças de 0 a 3 anos (%)"
3553807,"Taquarituba",66.17900172,2024,"Escolaridade",51.53,"Taxas de atendimento escolar de crianças de 0 a 3 anos (%)"
3553856,"Taquarivaí",17.69911504,2014,"Escolaridade",38.5,"Taxas de atendimento escolar de crianças de 0 a 3 anos (%)"
3553856,"Taquarivaí",22.47838617,2016,"Escolaridade",42.77,"Taxas de atendimento escolar de crianças de 0 a 3 anos (%)"
3553856,"Taquarivaí",25.21246459,2018,"Escolaridade",47.19,"Taxas de atendimento escolar de crianças de 0 a 3 anos (%)"
3553856,"Taquarivaí",19.27374302,2020,"Escolaridade",48.28,"Taxas de atendimento escolar de crianças de 0 a 3 anos (%)"
3553856,"Taquarivaí",24.30167598,2022,"Escolaridade",48.85,"Taxas de atendimento escolar de crianças de 0 a 3 anos (%)"
3553856,"Taquarivaí",38.26815642,2024,"Escolaridade",51.53,"Taxas de atendimento escolar de crianças de 0 a 3 anos (%)"
3553906,"Tarabai",20.58047493,2014,"Escolaridade",38.5,"Taxas de atendimento escolar de crianças de 0 a 3 anos (%)"
3553906,"Tarabai",25.52083333,2016,"Escolaridade",42.77,"Taxas de atendimento escolar de crianças de 0 a 3 anos (%)"
3553906,"Tarabai",28.57142857,2018,"Escolaridade",47.19,"Taxas de atendimento escolar de crianças de 0 a 3 anos (%)"
3553906,"Tarabai",44.01041667,2020,"Escolaridade",48.28,"Taxas de atendimento escolar de crianças de 0 a 3 anos (%)"
3553906,"Tarabai",39.89501312,2022,"Escolaridade",48.85,"Taxas de atendimento escolar de crianças de 0 a 3 anos (%)"
3553906,"Tarabai",41.7989418,2024,"Escolaridade",51.53,"Taxas de atendimento escolar de crianças de 0 a 3 anos (%)"
3553955,"Tarumã",61.89889026,2014,"Escolaridade",38.5,"Taxas de atendimento escolar de crianças de 0 a 3 anos (%)"
3553955,"Tarumã",69.92665037,2016,"Escolaridade",42.77,"Taxas de atendimento escolar de crianças de 0 a 3 anos (%)"
3553955,"Tarumã",66.95226438,2018,"Escolaridade",47.19,"Taxas de atendimento escolar de crianças de 0 a 3 anos (%)"
3553955,"Tarumã",63.89228886,2020,"Escolaridade",48.28,"Taxas de atendimento escolar de crianças de 0 a 3 anos (%)"
3553955,"Tarumã",53.28376704,2022,"Escolaridade",48.85,"Taxas de atendimento escolar de crianças de 0 a 3 anos (%)"
3553955,"Tarumã",60.78680203,2024,"Escolaridade",51.53,"Taxas de atendimento escolar de crianças de 0 a 3 anos (%)"
3554003,"Tatuí",28.63280651,2014,"Escolaridade",38.5,"Taxas de atendimento escolar de crianças de 0 a 3 anos (%)"
3554003,"Tatuí",30.94203984,2016,"Escolaridade",42.77,"Taxas de atendimento escolar de crianças de 0 a 3 anos (%)"
3554003,"Tatuí",31.19252224,2018,"Escolaridade",47.19,"Taxas de atendimento escolar de crianças de 0 a 3 anos (%)"
3554003,"Tatuí",29.91790818,2020,"Escolaridade",48.28,"Taxas de atendimento escolar de crianças de 0 a 3 anos (%)"
3554003,"Tatuí",24.86594147,2022,"Escolaridade",48.85,"Taxas de atendimento escolar de crianças de 0 a 3 anos (%)"
3554003,"Tatuí",34.36335404,2024,"Escolaridade",51.53,"Taxas de atendimento escolar de crianças de 0 a 3 anos (%)"
3554102,"Taubaté",43.69230769,2014,"Escolaridade",38.5,"Taxas de atendimento escolar de crianças de 0 a 3 anos (%)"
3554102,"Taubaté",67.27908455,2016,"Escolaridade",42.77,"Taxas de atendimento escolar de crianças de 0 a 3 anos (%)"
3554102,"Taubaté",46.23781676,2018,"Escolaridade",47.19,"Taxas de atendimento escolar de crianças de 0 a 3 anos (%)"
3554102,"Taubaté",42.8324238,2020,"Escolaridade",48.28,"Taxas de atendimento escolar de crianças de 0 a 3 anos (%)"
3554102,"Taubaté",42.6417657,2022,"Escolaridade",48.85,"Taxas de atendimento escolar de crianças de 0 a 3 anos (%)"
3554102,"Taubaté",48.3895867,2024,"Escolaridade",51.53,"Taxas de atendimento escolar de crianças de 0 a 3 anos (%)"
3554201,"Tejupá",63.04347826,2014,"Escolaridade",38.5,"Taxas de atendimento escolar de crianças de 0 a 3 anos (%)"
3554201,"Tejupá",50.54545455,2016,"Escolaridade",42.77,"Taxas de atendimento escolar de crianças de 0 a 3 anos (%)"
3554201,"Tejupá",46.93140794,2018,"Escolaridade",47.19,"Taxas de atendimento escolar de crianças de 0 a 3 anos (%)"
3554201,"Tejupá",40.1459854,2020,"Escolaridade",48.28,"Taxas de atendimento escolar de crianças de 0 a 3 anos (%)"
3554201,"Tejupá",44.89051095,2022,"Escolaridade",48.85,"Taxas de atendimento escolar de crianças de 0 a 3 anos (%)"
3554201,"Tejupá",42.64705882,2024,"Escolaridade",51.53,"Taxas de atendimento escolar de crianças de 0 a 3 anos (%)"
3554300,"Teodoro Sampaio",34.9286314,2014,"Escolaridade",38.5,"Taxas de atendimento escolar de crianças de 0 a 3 anos (%)"
3554300,"Teodoro Sampaio",35.46462063,2016,"Escolaridade",42.77,"Taxas de atendimento escolar de crianças de 0 a 3 anos (%)"
3554300,"Teodoro Sampaio",45.62607204,2018,"Escolaridade",47.19,"Taxas de atendimento escolar de crianças de 0 a 3 anos (%)"
3554300,"Teodoro Sampaio",41.19687771,2020,"Escolaridade",48.28,"Taxas de atendimento escolar de crianças de 0 a 3 anos (%)"
3554300,"Teodoro Sampaio",42.51550044,2022,"Escolaridade",48.85,"Taxas de atendimento escolar de crianças de 0 a 3 anos (%)"
3554300,"Teodoro Sampaio",48.06985294,2024,"Escolaridade",51.53,"Taxas de atendimento escolar de crianças de 0 a 3 anos (%)"
3554409,"Terra Roxa",34.54935622,2014,"Escolaridade",38.5,"Taxas de atendimento escolar de crianças de 0 a 3 anos (%)"
3554409,"Terra Roxa",35.14099783,2016,"Escolaridade",42.77,"Taxas de atendimento escolar de crianças de 0 a 3 anos (%)"
3554409,"Terra Roxa",35.88621444,2018,"Escolaridade",47.19,"Taxas de atendimento escolar de crianças de 0 a 3 anos (%)"
3554409,"Terra Roxa",34.07572383,2020,"Escolaridade",48.28,"Taxas de atendimento escolar de crianças de 0 a 3 anos (%)"
3554409,"Terra Roxa",36.9266055,2022,"Escolaridade",48.85,"Taxas de atendimento escolar de crianças de 0 a 3 anos (%)"
3554409,"Terra Roxa",35.07109005,2024,"Escolaridade",51.53,"Taxas de atendimento escolar de crianças de 0 a 3 anos (%)"
3554508,"Tietê",56.39246779,2014,"Escolaridade",38.5,"Taxas de atendimento escolar de crianças de 0 a 3 anos (%)"
3554508,"Tietê",58.7254902,2016,"Escolaridade",42.77,"Taxas de atendimento escolar de crianças de 0 a 3 anos (%)"
3554508,"Tietê",59.34119961,2018,"Escolaridade",47.19,"Taxas de atendimento escolar de crianças de 0 a 3 anos (%)"
3554508,"Tietê",55.47877591,2020,"Escolaridade",48.28,"Taxas de atendimento escolar de crianças de 0 a 3 anos (%)"
3554508,"Tietê",52.37144284,2022,"Escolaridade",48.85,"Taxas de atendimento escolar de crianças de 0 a 3 anos (%)"
3554508,"Tietê",55.29531568,2024,"Escolaridade",51.53,"Taxas de atendimento escolar de crianças de 0 a 3 anos (%)"
3554607,"Timburi",35.77981651,2014,"Escolaridade",38.5,"Taxas de atendimento escolar de crianças de 0 a 3 anos (%)"
3554607,"Timburi",55.66037736,2016,"Escolaridade",42.77,"Taxas de atendimento escolar de crianças de 0 a 3 anos (%)"
3554607,"Timburi",57.79816514,2018,"Escolaridade",47.19,"Taxas de atendimento escolar de crianças de 0 a 3 anos (%)"
3554607,"Timburi",46.78899083,2020,"Escolaridade",48.28,"Taxas de atendimento escolar de crianças de 0 a 3 anos (%)"
3554607,"Timburi",33.64485981,2022,"Escolaridade",48.85,"Taxas de atendimento escolar de crianças de 0 a 3 anos (%)"
3554607,"Timburi",71.42857143,2024,"Escolaridade",51.53,"Taxas de atendimento escolar de crianças de 0 a 3 anos (%)"
3554656,"Torre de Pedra",21.3592233,2014,"Escolaridade",38.5,"Taxas de atendimento escolar de crianças de 0 a 3 anos (%)"
3554656,"Torre de Pedra",41.74757282,2016,"Escolaridade",42.77,"Taxas de atendimento escolar de crianças de 0 a 3 anos (%)"
3554656,"Torre de Pedra",25.71428571,2018,"Escolaridade",47.19,"Taxas de atendimento escolar de crianças de 0 a 3 anos (%)"
3554656,"Torre de Pedra",22.64150943,2020,"Escolaridade",48.28,"Taxas de atendimento escolar de crianças de 0 a 3 anos (%)"
3554656,"Torre de Pedra",59.04761905,2022,"Escolaridade",48.85,"Taxas de atendimento escolar de crianças de 0 a 3 anos (%)"
3554656,"Torre de Pedra",56.60377358,2024,"Escolaridade",51.53,"Taxas de atendimento escolar de crianças de 0 a 3 anos (%)"
3554706,"Torrinha",41.2195122,2014,"Escolaridade",38.5,"Taxas de atendimento escolar de crianças de 0 a 3 anos (%)"
3554706,"Torrinha",43.10344828,2016,"Escolaridade",42.77,"Taxas de atendimento escolar de crianças de 0 a 3 anos (%)"
3554706,"Torrinha",43.73464373,2018,"Escolaridade",47.19,"Taxas de atendimento escolar de crianças de 0 a 3 anos (%)"
3554706,"Torrinha",53.41463415,2020,"Escolaridade",48.28,"Taxas de atendimento escolar de crianças de 0 a 3 anos (%)"
3554706,"Torrinha",50.88161209,2022,"Escolaridade",48.85,"Taxas de atendimento escolar de crianças de 0 a 3 anos (%)"
3554706,"Torrinha",50.52631579,2024,"Escolaridade",51.53,"Taxas de atendimento escolar de crianças de 0 a 3 anos (%)"
3554755,"Trabiju",69.51219512,2014,"Escolaridade",38.5,"Taxas de atendimento escolar de crianças de 0 a 3 anos (%)"
3554755,"Trabiju",60.71428571,2016,"Escolaridade",42.77,"Taxas de atendimento escolar de crianças de 0 a 3 anos (%)"
3554755,"Trabiju",54.11764706,2018,"Escolaridade",47.19,"Taxas de atendimento escolar de crianças de 0 a 3 anos (%)"
3554755,"Trabiju",51.13636364,2020,"Escolaridade",48.28,"Taxas de atendimento escolar de crianças de 0 a 3 anos (%)"
3554755,"Trabiju",60.22727273,2022,"Escolaridade",48.85,"Taxas de atendimento escolar de crianças de 0 a 3 anos (%)"
3554755,"Trabiju",63.95348837,2024,"Escolaridade",51.53,"Taxas de atendimento escolar de crianças de 0 a 3 anos (%)"
3554805,"Tremembé",29.97481108,2014,"Escolaridade",38.5,"Taxas de atendimento escolar de crianças de 0 a 3 anos (%)"
3554805,"Tremembé",39.36651584,2016,"Escolaridade",42.77,"Taxas de atendimento escolar de crianças de 0 a 3 anos (%)"
3554805,"Tremembé",43.5387674,2018,"Escolaridade",47.19,"Taxas de atendimento escolar de crianças de 0 a 3 anos (%)"
3554805,"Tremembé",39.07480315,2020,"Escolaridade",48.28,"Taxas de atendimento escolar de crianças de 0 a 3 anos (%)"
3554805,"Tremembé",38.70967742,2022,"Escolaridade",48.85,"Taxas de atendimento escolar de crianças de 0 a 3 anos (%)"
3554805,"Tremembé",41.06962664,2024,"Escolaridade",51.53,"Taxas de atendimento escolar de crianças de 0 a 3 anos (%)"
3554904,"Três Fronteiras",46.95652174,2014,"Escolaridade",38.5,"Taxas de atendimento escolar de crianças de 0 a 3 anos (%)"
3554904,"Três Fronteiras",43.66812227,2016,"Escolaridade",42.77,"Taxas de atendimento escolar de crianças de 0 a 3 anos (%)"
3554904,"Três Fronteiras",50.22026432,2018,"Escolaridade",47.19,"Taxas de atendimento escolar de crianças de 0 a 3 anos (%)"
3554904,"Três Fronteiras",45.1754386,2020,"Escolaridade",48.28,"Taxas de atendimento escolar de crianças de 0 a 3 anos (%)"
3554904,"Três Fronteiras",23.63636364,2022,"Escolaridade",48.85,"Taxas de atendimento escolar de crianças de 0 a 3 anos (%)"
3554904,"Três Fronteiras",47.39336493,2024,"Escolaridade",51.53,"Taxas de atendimento escolar de crianças de 0 a 3 anos (%)"
3554953,"Tuiuti",17.03703704,2014,"Escolaridade",38.5,"Taxas de atendimento escolar de crianças de 0 a 3 anos (%)"
3554953,"Tuiuti",16.54676259,2016,"Escolaridade",42.77,"Taxas de atendimento escolar de crianças de 0 a 3 anos (%)"
3554953,"Tuiuti",19.64285714,2018,"Escolaridade",47.19,"Taxas de atendimento escolar de crianças de 0 a 3 anos (%)"
3554953,"Tuiuti",16.78571429,2020,"Escolaridade",48.28,"Taxas de atendimento escolar de crianças de 0 a 3 anos (%)"
3554953,"Tuiuti",19.57295374,2022,"Escolaridade",48.85,"Taxas de atendimento escolar de crianças de 0 a 3 anos (%)"
3554953,"Tuiuti",25.35714286,2024,"Escolaridade",51.53,"Taxas de atendimento escolar de crianças de 0 a 3 anos (%)"
3555000,"Tupã",36.84971098,2014,"Escolaridade",38.5,"Taxas de atendimento escolar de crianças de 0 a 3 anos (%)"
3555000,"Tupã",40.14842301,2016,"Escolaridade",42.77,"Taxas de atendimento escolar de crianças de 0 a 3 anos (%)"
3555000,"Tupã",50.88940449,2018,"Escolaridade",47.19,"Taxas de atendimento escolar de crianças de 0 a 3 anos (%)"
3555000,"Tupã",55.88235294,2020,"Escolaridade",48.28,"Taxas de atendimento escolar de crianças de 0 a 3 anos (%)"
3555000,"Tupã",51.94316757,2022,"Escolaridade",48.85,"Taxas de atendimento escolar de crianças de 0 a 3 anos (%)"
3555000,"Tupã",60.45072912,2024,"Escolaridade",51.53,"Taxas de atendimento escolar de crianças de 0 a 3 anos (%)"
3555109,"Tupi Paulista",38.25910931,2014,"Escolaridade",38.5,"Taxas de atendimento escolar de crianças de 0 a 3 anos (%)"
3555109,"Tupi Paulista",45.70858283,2016,"Escolaridade",42.77,"Taxas de atendimento escolar de crianças de 0 a 3 anos (%)"
3555109,"Tupi Paulista",52.71629779,2018,"Escolaridade",47.19,"Taxas de atendimento escolar de crianças de 0 a 3 anos (%)"
3555109,"Tupi Paulista",48.58299595,2020,"Escolaridade",48.28,"Taxas de atendimento escolar de crianças de 0 a 3 anos (%)"
3555109,"Tupi Paulista",44.88517745,2022,"Escolaridade",48.85,"Taxas de atendimento escolar de crianças de 0 a 3 anos (%)"
3555109,"Tupi Paulista",67.83369803,2024,"Escolaridade",51.53,"Taxas de atendimento escolar de crianças de 0 a 3 anos (%)"
3555208,"Turiúba",78.46153846,2014,"Escolaridade",38.5,"Taxas de atendimento escolar de crianças de 0 a 3 anos (%)"
3555208,"Turiúba",73.7704918,2016,"Escolaridade",42.77,"Taxas de atendimento escolar de crianças de 0 a 3 anos (%)"
3555208,"Turiúba",85.71428571,2018,"Escolaridade",47.19,"Taxas de atendimento escolar de crianças de 0 a 3 anos (%)"
3555208,"Turiúba",73.4375,2020,"Escolaridade",48.28,"Taxas de atendimento escolar de crianças de 0 a 3 anos (%)"
3555208,"Turiúba",86.44067797,2022,"Escolaridade",48.85,"Taxas de atendimento escolar de crianças de 0 a 3 anos (%)"
3555208,"Turiúba",92.72727273,2024,"Escolaridade",51.53,"Taxas de atendimento escolar de crianças de 0 a 3 anos (%)"
3555307,"Turmalina",62.29508197,2014,"Escolaridade",38.5,"Taxas de atendimento escolar de crianças de 0 a 3 anos (%)"
3555307,"Turmalina",58.73015873,2016,"Escolaridade",42.77,"Taxas de atendimento escolar de crianças de 0 a 3 anos (%)"
3555307,"Turmalina",41.53846154,2018,"Escolaridade",47.19,"Taxas de atendimento escolar de crianças de 0 a 3 anos (%)"
3555307,"Turmalina",55.38461538,2020,"Escolaridade",48.28,"Taxas de atendimento escolar de crianças de 0 a 3 anos (%)"
3555307,"Turmalina",62.90322581,2022,"Escolaridade",48.85,"Taxas de atendimento escolar de crianças de 0 a 3 anos (%)"
3555307,"Turmalina",83.92857143,2024,"Escolaridade",51.53,"Taxas de atendimento escolar de crianças de 0 a 3 anos (%)"
3555356,"Ubarana",46.81528662,2014,"Escolaridade",38.5,"Taxas de atendimento escolar de crianças de 0 a 3 anos (%)"
3555356,"Ubarana",47.15189873,2016,"Escolaridade",42.77,"Taxas de atendimento escolar de crianças de 0 a 3 anos (%)"
3555356,"Ubarana",41.35802469,2018,"Escolaridade",47.19,"Taxas de atendimento escolar de crianças de 0 a 3 anos (%)"
3555356,"Ubarana",38.18181818,2020,"Escolaridade",48.28,"Taxas de atendimento escolar de crianças de 0 a 3 anos (%)"
3555356,"Ubarana",37.34939759,2022,"Escolaridade",48.85,"Taxas de atendimento escolar de crianças de 0 a 3 anos (%)"
3555356,"Ubarana",45.04504505,2024,"Escolaridade",51.53,"Taxas de atendimento escolar de crianças de 0 a 3 anos (%)"
3555406,"Ubatuba",44.33656958,2014,"Escolaridade",38.5,"Taxas de atendimento escolar de crianças de 0 a 3 anos (%)"
3555406,"Ubatuba",46.34974533,2016,"Escolaridade",42.77,"Taxas de atendimento escolar de crianças de 0 a 3 anos (%)"
3555406,"Ubatuba",54.81622307,2018,"Escolaridade",47.19,"Taxas de atendimento escolar de crianças de 0 a 3 anos (%)"
3555406,"Ubatuba",55.14117151,2020,"Escolaridade",48.28,"Taxas de atendimento escolar de crianças de 0 a 3 anos (%)"
3555406,"Ubatuba",55.32456513,2022,"Escolaridade",48.85,"Taxas de atendimento escolar de crianças de 0 a 3 anos (%)"
3555406,"Ubatuba",58.96774194,2024,"Escolaridade",51.53,"Taxas de atendimento escolar de crianças de 0 a 3 anos (%)"
3555505,"Ubirajara",24.79338843,2014,"Escolaridade",38.5,"Taxas de atendimento escolar de crianças de 0 a 3 anos (%)"
3555505,"Ubirajara",44.11764706,2016,"Escolaridade",42.77,"Taxas de atendimento escolar de crianças de 0 a 3 anos (%)"
3555505,"Ubirajara",32.91666667,2018,"Escolaridade",47.19,"Taxas de atendimento escolar de crianças de 0 a 3 anos (%)"
3555505,"Ubirajara",33.75,2020,"Escolaridade",48.28,"Taxas de atendimento escolar de crianças de 0 a 3 anos (%)"
3555505,"Ubirajara",34.17721519,2022,"Escolaridade",48.85,"Taxas de atendimento escolar de crianças de 0 a 3 anos (%)"
3555505,"Ubirajara",45.85152838,2024,"Escolaridade",51.53,"Taxas de atendimento escolar de crianças de 0 a 3 anos (%)"
3555604,"Uchoa",49.74619289,2014,"Escolaridade",38.5,"Taxas de atendimento escolar de crianças de 0 a 3 anos (%)"
3555604,"Uchoa",61.59793814,2016,"Escolaridade",42.77,"Taxas de atendimento escolar de crianças de 0 a 3 anos (%)"
3555604,"Uchoa",50.64599483,2018,"Escolaridade",47.19,"Taxas de atendimento escolar de crianças de 0 a 3 anos (%)"
3555604,"Uchoa",50.51813472,2020,"Escolaridade",48.28,"Taxas de atendimento escolar de crianças de 0 a 3 anos (%)"
3555604,"Uchoa",58.28877005,2022,"Escolaridade",48.85,"Taxas de atendimento escolar de crianças de 0 a 3 anos (%)"
3555604,"Uchoa",65.26610644,2024,"Escolaridade",51.53,"Taxas de atendimento escolar de crianças de 0 a 3 anos (%)"
3555703,"União Paulista",42.39130435,2014,"Escolaridade",38.5,"Taxas de atendimento escolar de crianças de 0 a 3 anos (%)"
3555703,"União Paulista",25.55555556,2016,"Escolaridade",42.77,"Taxas de atendimento escolar de crianças de 0 a 3 anos (%)"
3555703,"União Paulista",34.06593407,2018,"Escolaridade",47.19,"Taxas de atendimento escolar de crianças de 0 a 3 anos (%)"
3555703,"União Paulista",41.93548387,2020,"Escolaridade",48.28,"Taxas de atendimento escolar de crianças de 0 a 3 anos (%)"
3555703,"União Paulista",60.21505376,2022,"Escolaridade",48.85,"Taxas de atendimento escolar de crianças de 0 a 3 anos (%)"
3555703,"União Paulista",58.24175824,2024,"Escolaridade",51.53,"Taxas de atendimento escolar de crianças de 0 a 3 anos (%)"
3555802,"Urânia",46.56716418,2014,"Escolaridade",38.5,"Taxas de atendimento escolar de crianças de 0 a 3 anos (%)"
3555802,"Urânia",50.46439628,2016,"Escolaridade",42.77,"Taxas de atendimento escolar de crianças de 0 a 3 anos (%)"
3555802,"Urânia",52.07667732,2018,"Escolaridade",47.19,"Taxas de atendimento escolar de crianças de 0 a 3 anos (%)"
3555802,"Urânia",43.79084967,2020,"Escolaridade",48.28,"Taxas de atendimento escolar de crianças de 0 a 3 anos (%)"
3555802,"Urânia",51.36054422,2022,"Escolaridade",48.85,"Taxas de atendimento escolar de crianças de 0 a 3 anos (%)"
3555802,"Urânia",57.03971119,2024,"Escolaridade",51.53,"Taxas de atendimento escolar de crianças de 0 a 3 anos (%)"
3555901,"Uru",80.35714286,2014,"Escolaridade",38.5,"Taxas de atendimento escolar de crianças de 0 a 3 anos (%)"
3555901,"Uru",76.36363636,2016,"Escolaridade",42.77,"Taxas de atendimento escolar de crianças de 0 a 3 anos (%)"
3555901,"Uru",82.35294118,2018,"Escolaridade",47.19,"Taxas de atendimento escolar de crianças de 0 a 3 anos (%)"
3555901,"Uru",69.3877551,2020,"Escolaridade",48.28,"Taxas de atendimento escolar de crianças de 0 a 3 anos (%)"
3555901,"Uru",100,2022,"Escolaridade",48.85,"Taxas de atendimento escolar de crianças de 0 a 3 anos (%)"
3555901,"Uru",116.2790698,2024,"Escolaridade",51.53,"Taxas de atendimento escolar de crianças de 0 a 3 anos (%)"
3556008,"Urupês",42.98401421,2014,"Escolaridade",38.5,"Taxas de atendimento escolar de crianças de 0 a 3 anos (%)"
3556008,"Urupês",38.67595819,2016,"Escolaridade",42.77,"Taxas de atendimento escolar de crianças de 0 a 3 anos (%)"
3556008,"Urupês",53.85996409,2018,"Escolaridade",47.19,"Taxas de atendimento escolar de crianças de 0 a 3 anos (%)"
3556008,"Urupês",51.66666667,2020,"Escolaridade",48.28,"Taxas de atendimento escolar de crianças de 0 a 3 anos (%)"
3556008,"Urupês",49.24242424,2022,"Escolaridade",48.85,"Taxas de atendimento escolar de crianças de 0 a 3 anos (%)"
3556008,"Urupês",60.31434185,2024,"Escolaridade",51.53,"Taxas de atendimento escolar de crianças de 0 a 3 anos (%)"
3556107,"Valentim Gentil",23.26388889,2014,"Escolaridade",38.5,"Taxas de atendimento escolar de crianças de 0 a 3 anos (%)"
3556107,"Valentim Gentil",33.55932203,2016,"Escolaridade",42.77,"Taxas de atendimento escolar de crianças de 0 a 3 anos (%)"
3556107,"Valentim Gentil",44.20168067,2018,"Escolaridade",47.19,"Taxas de atendimento escolar de crianças de 0 a 3 anos (%)"
3556107,"Valentim Gentil",29.2358804,2020,"Escolaridade",48.28,"Taxas de atendimento escolar de crianças de 0 a 3 anos (%)"
3556107,"Valentim Gentil",39.1959799,2022,"Escolaridade",48.85,"Taxas de atendimento escolar de crianças de 0 a 3 anos (%)"
3556107,"Valentim Gentil",40.10238908,2024,"Escolaridade",51.53,"Taxas de atendimento escolar de crianças de 0 a 3 anos (%)"
3556206,"Valinhos",40.69745523,2014,"Escolaridade",38.5,"Taxas de atendimento escolar de crianças de 0 a 3 anos (%)"
3556206,"Valinhos",54.18444981,2016,"Escolaridade",42.77,"Taxas de atendimento escolar de crianças de 0 a 3 anos (%)"
3556206,"Valinhos",46.90462911,2018,"Escolaridade",47.19,"Taxas de atendimento escolar de crianças de 0 a 3 anos (%)"
3556206,"Valinhos",46.53853331,2020,"Escolaridade",48.28,"Taxas de atendimento escolar de crianças de 0 a 3 anos (%)"
3556206,"Valinhos",42.96296296,2022,"Escolaridade",48.85,"Taxas de atendimento escolar de crianças de 0 a 3 anos (%)"
3556206,"Valinhos",47.80907668,2024,"Escolaridade",51.53,"Taxas de atendimento escolar de crianças de 0 a 3 anos (%)"
3556305,"Valparaíso",41.97424893,2014,"Escolaridade",38.5,"Taxas de atendimento escolar de crianças de 0 a 3 anos (%)"
3556305,"Valparaíso",49.43330427,2016,"Escolaridade",42.77,"Taxas de atendimento escolar de crianças de 0 a 3 anos (%)"
3556305,"Valparaíso",46.92442882,2018,"Escolaridade",47.19,"Taxas de atendimento escolar de crianças de 0 a 3 anos (%)"
3556305,"Valparaíso",42.69264836,2020,"Escolaridade",48.28,"Taxas de atendimento escolar de crianças de 0 a 3 anos (%)"
3556305,"Valparaíso",41.63636364,2022,"Escolaridade",48.85,"Taxas de atendimento escolar de crianças de 0 a 3 anos (%)"
3556305,"Valparaíso",46.57794677,2024,"Escolaridade",51.53,"Taxas de atendimento escolar de crianças de 0 a 3 anos (%)"
3556354,"Vargem",33.67346939,2014,"Escolaridade",38.5,"Taxas de atendimento escolar de crianças de 0 a 3 anos (%)"
3556354,"Vargem",34.94897959,2016,"Escolaridade",42.77,"Taxas de atendimento escolar de crianças de 0 a 3 anos (%)"
3556354,"Vargem",34.14634146,2018,"Escolaridade",47.19,"Taxas de atendimento escolar de crianças de 0 a 3 anos (%)"
3556354,"Vargem",35.1981352,2020,"Escolaridade",48.28,"Taxas de atendimento escolar de crianças de 0 a 3 anos (%)"
3556354,"Vargem",28.97196262,2022,"Escolaridade",48.85,"Taxas de atendimento escolar de crianças de 0 a 3 anos (%)"
3556354,"Vargem",34.66042155,2024,"Escolaridade",51.53,"Taxas de atendimento escolar de crianças de 0 a 3 anos (%)"
3556404,"Vargem Grande do Sul",26.78653757,2014,"Escolaridade",38.5,"Taxas de atendimento escolar de crianças de 0 a 3 anos (%)"
3556404,"Vargem Grande do Sul",25.59000463,2016,"Escolaridade",42.77,"Taxas de atendimento escolar de crianças de 0 a 3 anos (%)"
3556404,"Vargem Grande do Sul",30.08932769,2018,"Escolaridade",47.19,"Taxas de atendimento escolar de crianças de 0 a 3 anos (%)"
3556404,"Vargem Grande do Sul",35.76886342,2020,"Escolaridade",48.28,"Taxas de atendimento escolar de crianças de 0 a 3 anos (%)"
3556404,"Vargem Grande do Sul",39.54168698,2022,"Escolaridade",48.85,"Taxas de atendimento escolar de crianças de 0 a 3 anos (%)"
3556404,"Vargem Grande do Sul",48.138833,2024,"Escolaridade",51.53,"Taxas de atendimento escolar de crianças de 0 a 3 anos (%)"
3556453,"Vargem Grande Paulista",24.81866919,2014,"Escolaridade",38.5,"Taxas de atendimento escolar de crianças de 0 a 3 anos (%)"
3556453,"Vargem Grande Paulista",30.82006609,2016,"Escolaridade",42.77,"Taxas de atendimento escolar de crianças de 0 a 3 anos (%)"
3556453,"Vargem Grande Paulista",33.1119831,2018,"Escolaridade",47.19,"Taxas de atendimento escolar de crianças de 0 a 3 anos (%)"
3556453,"Vargem Grande Paulista",28.12785388,2020,"Escolaridade",48.28,"Taxas de atendimento escolar de crianças de 0 a 3 anos (%)"
3556453,"Vargem Grande Paulista",27.7236762,2022,"Escolaridade",48.85,"Taxas de atendimento escolar de crianças de 0 a 3 anos (%)"
3556453,"Vargem Grande Paulista",31.8597561,2024,"Escolaridade",51.53,"Taxas de atendimento escolar de crianças de 0 a 3 anos (%)"
3556503,"Várzea Paulista",19.79836353,2014,"Escolaridade",38.5,"Taxas de atendimento escolar de crianças de 0 a 3 anos (%)"
3556503,"Várzea Paulista",19.0089829,2016,"Escolaridade",42.77,"Taxas de atendimento escolar de crianças de 0 a 3 anos (%)"
3556503,"Várzea Paulista",21.98898318,2018,"Escolaridade",47.19,"Taxas de atendimento escolar de crianças de 0 a 3 anos (%)"
3556503,"Várzea Paulista",24.33220755,2020,"Escolaridade",48.28,"Taxas de atendimento escolar de crianças de 0 a 3 anos (%)"
3556503,"Várzea Paulista",24.20603571,2022,"Escolaridade",48.85,"Taxas de atendimento escolar de crianças de 0 a 3 anos (%)"
3556503,"Várzea Paulista",27.77226084,2024,"Escolaridade",51.53,"Taxas de atendimento escolar de crianças de 0 a 3 anos (%)"
3556602,"Vera Cruz",34.89795918,2014,"Escolaridade",38.5,"Taxas de atendimento escolar de crianças de 0 a 3 anos (%)"
3556602,"Vera Cruz",39.53974895,2016,"Escolaridade",42.77,"Taxas de atendimento escolar de crianças de 0 a 3 anos (%)"
3556602,"Vera Cruz",42.37288136,2018,"Escolaridade",47.19,"Taxas de atendimento escolar de crianças de 0 a 3 anos (%)"
3556602,"Vera Cruz",37.98283262,2020,"Escolaridade",48.28,"Taxas de atendimento escolar de crianças de 0 a 3 anos (%)"
3556602,"Vera Cruz",36.7032967,2022,"Escolaridade",48.85,"Taxas de atendimento escolar de crianças de 0 a 3 anos (%)"
3556602,"Vera Cruz",39.08045977,2024,"Escolaridade",51.53,"Taxas de atendimento escolar de crianças de 0 a 3 anos (%)"
3556701,"Vinhedo",53.55753196,2014,"Escolaridade",38.5,"Taxas de atendimento escolar de crianças de 0 a 3 anos (%)"
3556701,"Vinhedo",56.29868386,2016,"Escolaridade",42.77,"Taxas de atendimento escolar de crianças de 0 a 3 anos (%)"
3556701,"Vinhedo",60.28062601,2018,"Escolaridade",47.19,"Taxas de atendimento escolar de crianças de 0 a 3 anos (%)"
3556701,"Vinhedo",56.00217273,2020,"Escolaridade",48.28,"Taxas de atendimento escolar de crianças de 0 a 3 anos (%)"
3556701,"Vinhedo",54.48788546,2022,"Escolaridade",48.85,"Taxas de atendimento escolar de crianças de 0 a 3 anos (%)"
3556701,"Vinhedo",62.75007044,2024,"Escolaridade",51.53,"Taxas de atendimento escolar de crianças de 0 a 3 anos (%)"
3556800,"Viradouro",61.2868048,2014,"Escolaridade",38.5,"Taxas de atendimento escolar de crianças de 0 a 3 anos (%)"
3556800,"Viradouro",57.51920966,2016,"Escolaridade",42.77,"Taxas de atendimento escolar de crianças de 0 a 3 anos (%)"
3556800,"Viradouro",51.67037862,2018,"Escolaridade",47.19,"Taxas de atendimento escolar de crianças de 0 a 3 anos (%)"
3556800,"Viradouro",57.2077185,2020,"Escolaridade",48.28,"Taxas de atendimento escolar de crianças de 0 a 3 anos (%)"
3556800,"Viradouro",55.54259043,2022,"Escolaridade",48.85,"Taxas de atendimento escolar de crianças de 0 a 3 anos (%)"
3556800,"Viradouro",56.72371638,2024,"Escolaridade",51.53,"Taxas de atendimento escolar de crianças de 0 a 3 anos (%)"
3556909,"Vista Alegre do Alto",35.35911602,2014,"Escolaridade",38.5,"Taxas de atendimento escolar de crianças de 0 a 3 anos (%)"
3556909,"Vista Alegre do Alto",34.33242507,2016,"Escolaridade",42.77,"Taxas de atendimento escolar de crianças de 0 a 3 anos (%)"
3556909,"Vista Alegre do Alto",48.93617021,2018,"Escolaridade",47.19,"Taxas de atendimento escolar de crianças de 0 a 3 anos (%)"
3556909,"Vista Alegre do Alto",49.47643979,2020,"Escolaridade",48.28,"Taxas de atendimento escolar de crianças de 0 a 3 anos (%)"
3556909,"Vista Alegre do Alto",57.6,2022,"Escolaridade",48.85,"Taxas de atendimento escolar de crianças de 0 a 3 anos (%)"
3556909,"Vista Alegre do Alto",64.64088398,2024,"Escolaridade",51.53,"Taxas de atendimento escolar de crianças de 0 a 3 anos (%)"
3556958,"Vitória Brasil",100,2014,"Escolaridade",38.5,"Taxas de atendimento escolar de crianças de 0 a 3 anos (%)"
3556958,"Vitória Brasil",84.93150685,2016,"Escolaridade",42.77,"Taxas de atendimento escolar de crianças de 0 a 3 anos (%)"
3556958,"Vitória Brasil",68.49315068,2018,"Escolaridade",47.19,"Taxas de atendimento escolar de crianças de 0 a 3 anos (%)"
3556958,"Vitória Brasil",61.64383562,2020,"Escolaridade",48.28,"Taxas de atendimento escolar de crianças de 0 a 3 anos (%)"
3556958,"Vitória Brasil",65.71428571,2022,"Escolaridade",48.85,"Taxas de atendimento escolar de crianças de 0 a 3 anos (%)"
3556958,"Vitória Brasil",98.48484848,2024,"Escolaridade",51.53,"Taxas de atendimento escolar de crianças de 0 a 3 anos (%)"
3557006,"Votorantim",39.94464945,2014,"Escolaridade",38.5,"Taxas de atendimento escolar de crianças de 0 a 3 anos (%)"
3557006,"Votorantim",45.91929612,2016,"Escolaridade",42.77,"Taxas de atendimento escolar de crianças de 0 a 3 anos (%)"
3557006,"Votorantim",47.68447052,2018,"Escolaridade",47.19,"Taxas de atendimento escolar de crianças de 0 a 3 anos (%)"
3557006,"Votorantim",47.34025811,2020,"Escolaridade",48.28,"Taxas de atendimento escolar de crianças de 0 a 3 anos (%)"
3557006,"Votorantim",44.30887783,2022,"Escolaridade",48.85,"Taxas de atendimento escolar de crianças de 0 a 3 anos (%)"
3557006,"Votorantim",51.52519894,2024,"Escolaridade",51.53,"Taxas de atendimento escolar de crianças de 0 a 3 anos (%)"
3557105,"Votuporanga",56.21118012,2014,"Escolaridade",38.5,"Taxas de atendimento escolar de crianças de 0 a 3 anos (%)"
3557105,"Votuporanga",56.35897436,2016,"Escolaridade",42.77,"Taxas de atendimento escolar de crianças de 0 a 3 anos (%)"
3557105,"Votuporanga",59.77522216,2018,"Escolaridade",47.19,"Taxas de atendimento escolar de crianças de 0 a 3 anos (%)"
3557105,"Votuporanga",62.30296554,2020,"Escolaridade",48.28,"Taxas de atendimento escolar de crianças de 0 a 3 anos (%)"
3557105,"Votuporanga",61.84463354,2022,"Escolaridade",48.85,"Taxas de atendimento escolar de crianças de 0 a 3 anos (%)"
3557105,"Votuporanga",68.88252149,2024,"Escolaridade",51.53,"Taxas de atendimento escolar de crianças de 0 a 3 anos (%)"
3557154,"Zacarias",81.73076923,2014,"Escolaridade",38.5,"Taxas de atendimento escolar de crianças de 0 a 3 anos (%)"
3557154,"Zacarias",59,2016,"Escolaridade",42.77,"Taxas de atendimento escolar de crianças de 0 a 3 anos (%)"
3557154,"Zacarias",65.38461538,2018,"Escolaridade",47.19,"Taxas de atendimento escolar de crianças de 0 a 3 anos (%)"
3557154,"Zacarias",38.31775701,2020,"Escolaridade",48.28,"Taxas de atendimento escolar de crianças de 0 a 3 anos (%)"
3557154,"Zacarias",49.05660377,2022,"Escolaridade",48.85,"Taxas de atendimento escolar de crianças de 0 a 3 anos (%)"
3557154,"Zacarias",53.92156863,2024,"Escolaridade",51.53,"Taxas de atendimento escolar de crianças de 0 a 3 anos (%)"
3557204,"Chavantes",39.45868946,2014,"Escolaridade",38.5,"Taxas de atendimento escolar de crianças de 0 a 3 anos (%)"
3557204,"Chavantes",35.66333809,2016,"Escolaridade",42.77,"Taxas de atendimento escolar de crianças de 0 a 3 anos (%)"
3557204,"Chavantes",32.99270073,2018,"Escolaridade",47.19,"Taxas de atendimento escolar de crianças de 0 a 3 anos (%)"
3557204,"Chavantes",29.11010558,2020,"Escolaridade",48.28,"Taxas de atendimento escolar de crianças de 0 a 3 anos (%)"
3557204,"Chavantes",31.77570093,2022,"Escolaridade",48.85,"Taxas de atendimento escolar de crianças de 0 a 3 anos (%)"
3557204,"Chavantes",45.11400651,2024,"Escolaridade",51.53,"Taxas de atendimento escolar de crianças de 0 a 3 anos (%)"
3557303,"Estiva Gerbi",32.23300971,2014,"Escolaridade",38.5,"Taxas de atendimento escolar de crianças de 0 a 3 anos (%)"
3557303,"Estiva Gerbi",26.01941748,2016,"Escolaridade",42.77,"Taxas de atendimento escolar de crianças de 0 a 3 anos (%)"
3557303,"Estiva Gerbi",41.63498099,2018,"Escolaridade",47.19,"Taxas de atendimento escolar de crianças de 0 a 3 anos (%)"
3557303,"Estiva Gerbi",49.53445065,2020,"Escolaridade",48.28,"Taxas de atendimento escolar de crianças de 0 a 3 anos (%)"
3557303,"Estiva Gerbi",47.45762712,2022,"Escolaridade",48.85,"Taxas de atendimento escolar de crianças de 0 a 3 anos (%)"
3557303,"Estiva Gerbi",59.72762646,2024,"Escolaridade",51.53,"Taxas de atendimento escolar de crianças de 0 a 3 anos (%)"
