"cod_ibge","municipio","valor","ano","tipo","valor_estado","metrica"
3500105,"Adamantina",26.88134221,2014,"Escolaridade",20.17,"Proporção média de  alunos do 9º ano com proficiência em Língua Portuguesa e Matemática (%)"
3500105,"Adamantina",26.57469628,2016,"Escolaridade",24.39,"Proporção média de  alunos do 9º ano com proficiência em Língua Portuguesa e Matemática (%)"
3500105,"Adamantina",28.06490891,2018,"Escolaridade",29.18,"Proporção média de  alunos do 9º ano com proficiência em Língua Portuguesa e Matemática (%)"
3500105,"Adamantina",29.28672465,2020,"Escolaridade",33.99,"Proporção média de  alunos do 9º ano com proficiência em Língua Portuguesa e Matemática (%)"
3500105,"Adamantina",31.085,2022,"Escolaridade",32.24,"Proporção média de  alunos do 9º ano com proficiência em Língua Portuguesa e Matemática (%)"
3500105,"Adamantina",35.515,2024,"Escolaridade",31.01,"Proporção média de  alunos do 9º ano com proficiência em Língua Portuguesa e Matemática (%)"
3500204,"Adolfo",31.5,2014,"Escolaridade",20.17,"Proporção média de  alunos do 9º ano com proficiência em Língua Portuguesa e Matemática (%)"
3500204,"Adolfo",18.67886479,2016,"Escolaridade",24.39,"Proporção média de  alunos do 9º ano com proficiência em Língua Portuguesa e Matemática (%)"
3500204,"Adolfo",33.74624625,2018,"Escolaridade",29.18,"Proporção média de  alunos do 9º ano com proficiência em Língua Portuguesa e Matemática (%)"
3500204,"Adolfo",33.36788114,2020,"Escolaridade",33.99,"Proporção média de  alunos do 9º ano com proficiência em Língua Portuguesa e Matemática (%)"
3500204,"Adolfo",35.41,2022,"Escolaridade",32.24,"Proporção média de  alunos do 9º ano com proficiência em Língua Portuguesa e Matemática (%)"
3500204,"Adolfo",45.68,2024,"Escolaridade",31.01,"Proporção média de  alunos do 9º ano com proficiência em Língua Portuguesa e Matemática (%)"
3500303,"Aguaí",24.00237943,2014,"Escolaridade",20.17,"Proporção média de  alunos do 9º ano com proficiência em Língua Portuguesa e Matemática (%)"
3500303,"Aguaí",26.96136352,2016,"Escolaridade",24.39,"Proporção média de  alunos do 9º ano com proficiência em Língua Portuguesa e Matemática (%)"
3500303,"Aguaí",24.56419102,2018,"Escolaridade",29.18,"Proporção média de  alunos do 9º ano com proficiência em Língua Portuguesa e Matemática (%)"
3500303,"Aguaí",32.89224362,2020,"Escolaridade",33.99,"Proporção média de  alunos do 9º ano com proficiência em Língua Portuguesa e Matemática (%)"
3500303,"Aguaí",29.375,2022,"Escolaridade",32.24,"Proporção média de  alunos do 9º ano com proficiência em Língua Portuguesa e Matemática (%)"
3500303,"Aguaí",28.99,2024,"Escolaridade",31.01,"Proporção média de  alunos do 9º ano com proficiência em Língua Portuguesa e Matemática (%)"
3500402,"Águas da Prata",24.03065134,2014,"Escolaridade",20.17,"Proporção média de  alunos do 9º ano com proficiência em Língua Portuguesa e Matemática (%)"
3500402,"Águas da Prata",36.43189018,2016,"Escolaridade",24.39,"Proporção média de  alunos do 9º ano com proficiência em Língua Portuguesa e Matemática (%)"
3500402,"Águas da Prata",37.96370968,2018,"Escolaridade",29.18,"Proporção média de  alunos do 9º ano com proficiência em Língua Portuguesa e Matemática (%)"
3500402,"Águas da Prata",46.55563323,2020,"Escolaridade",33.99,"Proporção média de  alunos do 9º ano com proficiência em Língua Portuguesa e Matemática (%)"
3500402,"Águas da Prata",40.83,2022,"Escolaridade",32.24,"Proporção média de  alunos do 9º ano com proficiência em Língua Portuguesa e Matemática (%)"
3500402,"Águas da Prata",36.23,2024,"Escolaridade",31.01,"Proporção média de  alunos do 9º ano com proficiência em Língua Portuguesa e Matemática (%)"
3500501,"Águas de Lindóia",36.88108455,2014,"Escolaridade",20.17,"Proporção média de  alunos do 9º ano com proficiência em Língua Portuguesa e Matemática (%)"
3500501,"Águas de Lindóia",30.52092391,2016,"Escolaridade",24.39,"Proporção média de  alunos do 9º ano com proficiência em Língua Portuguesa e Matemática (%)"
3500501,"Águas de Lindóia",38.33630569,2018,"Escolaridade",29.18,"Proporção média de  alunos do 9º ano com proficiência em Língua Portuguesa e Matemática (%)"
3500501,"Águas de Lindóia",50.89079793,2020,"Escolaridade",33.99,"Proporção média de  alunos do 9º ano com proficiência em Língua Portuguesa e Matemática (%)"
3500501,"Águas de Lindóia",46.785,2022,"Escolaridade",32.24,"Proporção média de  alunos do 9º ano com proficiência em Língua Portuguesa e Matemática (%)"
3500501,"Águas de Lindóia",48.21,2024,"Escolaridade",31.01,"Proporção média de  alunos do 9º ano com proficiência em Língua Portuguesa e Matemática (%)"
3500550,"Águas de Santa Bárbara",21.43322003,2014,"Escolaridade",20.17,"Proporção média de  alunos do 9º ano com proficiência em Língua Portuguesa e Matemática (%)"
3500550,"Águas de Santa Bárbara",33.5882136,2016,"Escolaridade",24.39,"Proporção média de  alunos do 9º ano com proficiência em Língua Portuguesa e Matemática (%)"
3500550,"Águas de Santa Bárbara",48.23893344,2018,"Escolaridade",29.18,"Proporção média de  alunos do 9º ano com proficiência em Língua Portuguesa e Matemática (%)"
3500550,"Águas de Santa Bárbara",46.04897371,2020,"Escolaridade",33.99,"Proporção média de  alunos do 9º ano com proficiência em Língua Portuguesa e Matemática (%)"
3500550,"Águas de Santa Bárbara",37.665,2022,"Escolaridade",32.24,"Proporção média de  alunos do 9º ano com proficiência em Língua Portuguesa e Matemática (%)"
3500550,"Águas de Santa Bárbara",47.735,2024,"Escolaridade",31.01,"Proporção média de  alunos do 9º ano com proficiência em Língua Portuguesa e Matemática (%)"
3500600,"Águas de São Pedro",40.53125,2014,"Escolaridade",20.17,"Proporção média de  alunos do 9º ano com proficiência em Língua Portuguesa e Matemática (%)"
3500600,"Águas de São Pedro",40.81434741,2016,"Escolaridade",24.39,"Proporção média de  alunos do 9º ano com proficiência em Língua Portuguesa e Matemática (%)"
3500600,"Águas de São Pedro",65.5545222,2018,"Escolaridade",29.18,"Proporção média de  alunos do 9º ano com proficiência em Língua Portuguesa e Matemática (%)"
3500600,"Águas de São Pedro",56.29724407,2020,"Escolaridade",33.99,"Proporção média de  alunos do 9º ano com proficiência em Língua Portuguesa e Matemática (%)"
3500600,"Águas de São Pedro",59.08,2022,"Escolaridade",32.24,"Proporção média de  alunos do 9º ano com proficiência em Língua Portuguesa e Matemática (%)"
3500600,"Águas de São Pedro",63.69,2024,"Escolaridade",31.01,"Proporção média de  alunos do 9º ano com proficiência em Língua Portuguesa e Matemática (%)"
3500709,"Agudos",19.57974644,2014,"Escolaridade",20.17,"Proporção média de  alunos do 9º ano com proficiência em Língua Portuguesa e Matemática (%)"
3500709,"Agudos",23.1316813,2016,"Escolaridade",24.39,"Proporção média de  alunos do 9º ano com proficiência em Língua Portuguesa e Matemática (%)"
3500709,"Agudos",20.98334193,2018,"Escolaridade",29.18,"Proporção média de  alunos do 9º ano com proficiência em Língua Portuguesa e Matemática (%)"
3500709,"Agudos",31.84647011,2020,"Escolaridade",33.99,"Proporção média de  alunos do 9º ano com proficiência em Língua Portuguesa e Matemática (%)"
3500709,"Agudos",29.87,2022,"Escolaridade",32.24,"Proporção média de  alunos do 9º ano com proficiência em Língua Portuguesa e Matemática (%)"
3500709,"Agudos",23.565,2024,"Escolaridade",31.01,"Proporção média de  alunos do 9º ano com proficiência em Língua Portuguesa e Matemática (%)"
3500758,"Alambari",18.41763414,2014,"Escolaridade",20.17,"Proporção média de  alunos do 9º ano com proficiência em Língua Portuguesa e Matemática (%)"
3500758,"Alambari",24.4003904,2016,"Escolaridade",24.39,"Proporção média de  alunos do 9º ano com proficiência em Língua Portuguesa e Matemática (%)"
3500758,"Alambari",22.45746692,2018,"Escolaridade",29.18,"Proporção média de  alunos do 9º ano com proficiência em Língua Portuguesa e Matemática (%)"
3500758,"Alambari",27.83208179,2020,"Escolaridade",33.99,"Proporção média de  alunos do 9º ano com proficiência em Língua Portuguesa e Matemática (%)"
3500758,"Alambari",27.83208179,2022,"Escolaridade",32.24,"Proporção média de  alunos do 9º ano com proficiência em Língua Portuguesa e Matemática (%)"
3500758,"Alambari",26.47,2024,"Escolaridade",31.01,"Proporção média de  alunos do 9º ano com proficiência em Língua Portuguesa e Matemática (%)"
3500808,"Alfredo Marcondes",33.0952381,2014,"Escolaridade",20.17,"Proporção média de  alunos do 9º ano com proficiência em Língua Portuguesa e Matemática (%)"
3500808,"Alfredo Marcondes",33.11203548,2016,"Escolaridade",24.39,"Proporção média de  alunos do 9º ano com proficiência em Língua Portuguesa e Matemática (%)"
3500808,"Alfredo Marcondes",31.47653001,2018,"Escolaridade",29.18,"Proporção média de  alunos do 9º ano com proficiência em Língua Portuguesa e Matemática (%)"
3500808,"Alfredo Marcondes",38.98578541,2020,"Escolaridade",33.99,"Proporção média de  alunos do 9º ano com proficiência em Língua Portuguesa e Matemática (%)"
3500808,"Alfredo Marcondes",36.36,2022,"Escolaridade",32.24,"Proporção média de  alunos do 9º ano com proficiência em Língua Portuguesa e Matemática (%)"
3500808,"Alfredo Marcondes",26.655,2024,"Escolaridade",31.01,"Proporção média de  alunos do 9º ano com proficiência em Língua Portuguesa e Matemática (%)"
3500907,"Altair",10.47058824,2014,"Escolaridade",20.17,"Proporção média de  alunos do 9º ano com proficiência em Língua Portuguesa e Matemática (%)"
3500907,"Altair",18.93519398,2016,"Escolaridade",24.39,"Proporção média de  alunos do 9º ano com proficiência em Língua Portuguesa e Matemática (%)"
3500907,"Altair",6.846978557,2018,"Escolaridade",29.18,"Proporção média de  alunos do 9º ano com proficiência em Língua Portuguesa e Matemática (%)"
3500907,"Altair",30.12752969,2020,"Escolaridade",33.99,"Proporção média de  alunos do 9º ano com proficiência em Língua Portuguesa e Matemática (%)"
3500907,"Altair",28.375,2022,"Escolaridade",32.24,"Proporção média de  alunos do 9º ano com proficiência em Língua Portuguesa e Matemática (%)"
3500907,"Altair",31.96,2024,"Escolaridade",31.01,"Proporção média de  alunos do 9º ano com proficiência em Língua Portuguesa e Matemática (%)"
3501004,"Altinópolis",23.47600855,2014,"Escolaridade",20.17,"Proporção média de  alunos do 9º ano com proficiência em Língua Portuguesa e Matemática (%)"
3501004,"Altinópolis",27.0175229,2016,"Escolaridade",24.39,"Proporção média de  alunos do 9º ano com proficiência em Língua Portuguesa e Matemática (%)"
3501004,"Altinópolis",20.51299234,2018,"Escolaridade",29.18,"Proporção média de  alunos do 9º ano com proficiência em Língua Portuguesa e Matemática (%)"
3501004,"Altinópolis",26.77549262,2020,"Escolaridade",33.99,"Proporção média de  alunos do 9º ano com proficiência em Língua Portuguesa e Matemática (%)"
3501004,"Altinópolis",25.305,2022,"Escolaridade",32.24,"Proporção média de  alunos do 9º ano com proficiência em Língua Portuguesa e Matemática (%)"
3501004,"Altinópolis",28.205,2024,"Escolaridade",31.01,"Proporção média de  alunos do 9º ano com proficiência em Língua Portuguesa e Matemática (%)"
3501103,"Alto Alegre",15.65755208,2014,"Escolaridade",20.17,"Proporção média de  alunos do 9º ano com proficiência em Língua Portuguesa e Matemática (%)"
3501103,"Alto Alegre",19.48582983,2016,"Escolaridade",24.39,"Proporção média de  alunos do 9º ano com proficiência em Língua Portuguesa e Matemática (%)"
3501103,"Alto Alegre",29.6875,2018,"Escolaridade",29.18,"Proporção média de  alunos do 9º ano com proficiência em Língua Portuguesa e Matemática (%)"
3501103,"Alto Alegre",20.05588456,2020,"Escolaridade",33.99,"Proporção média de  alunos do 9º ano com proficiência em Língua Portuguesa e Matemática (%)"
3501103,"Alto Alegre",29.165,2022,"Escolaridade",32.24,"Proporção média de  alunos do 9º ano com proficiência em Língua Portuguesa e Matemática (%)"
3501103,"Alto Alegre",37.8,2024,"Escolaridade",31.01,"Proporção média de  alunos do 9º ano com proficiência em Língua Portuguesa e Matemática (%)"
3501152,"Alumínio",21.22085328,2014,"Escolaridade",20.17,"Proporção média de  alunos do 9º ano com proficiência em Língua Portuguesa e Matemática (%)"
3501152,"Alumínio",20.58494184,2016,"Escolaridade",24.39,"Proporção média de  alunos do 9º ano com proficiência em Língua Portuguesa e Matemática (%)"
3501152,"Alumínio",35.66380957,2018,"Escolaridade",29.18,"Proporção média de  alunos do 9º ano com proficiência em Língua Portuguesa e Matemática (%)"
3501152,"Alumínio",35.23906245,2020,"Escolaridade",33.99,"Proporção média de  alunos do 9º ano com proficiência em Língua Portuguesa e Matemática (%)"
3501152,"Alumínio",25.55,2022,"Escolaridade",32.24,"Proporção média de  alunos do 9º ano com proficiência em Língua Portuguesa e Matemática (%)"
3501152,"Alumínio",27.925,2024,"Escolaridade",31.01,"Proporção média de  alunos do 9º ano com proficiência em Língua Portuguesa e Matemática (%)"
3501202,"Álvares Florence",19.63983222,2014,"Escolaridade",20.17,"Proporção média de  alunos do 9º ano com proficiência em Língua Portuguesa e Matemática (%)"
3501202,"Álvares Florence",24.89554554,2016,"Escolaridade",24.39,"Proporção média de  alunos do 9º ano com proficiência em Língua Portuguesa e Matemática (%)"
3501202,"Álvares Florence",34.84848485,2018,"Escolaridade",29.18,"Proporção média de  alunos do 9º ano com proficiência em Língua Portuguesa e Matemática (%)"
3501202,"Álvares Florence",43.33697217,2020,"Escolaridade",33.99,"Proporção média de  alunos do 9º ano com proficiência em Língua Portuguesa e Matemática (%)"
3501202,"Álvares Florence",40.82,2022,"Escolaridade",32.24,"Proporção média de  alunos do 9º ano com proficiência em Língua Portuguesa e Matemática (%)"
3501202,"Álvares Florence",31.99,2024,"Escolaridade",31.01,"Proporção média de  alunos do 9º ano com proficiência em Língua Portuguesa e Matemática (%)"
3501301,"Álvares Machado",15.29220474,2014,"Escolaridade",20.17,"Proporção média de  alunos do 9º ano com proficiência em Língua Portuguesa e Matemática (%)"
3501301,"Álvares Machado",14.67911017,2016,"Escolaridade",24.39,"Proporção média de  alunos do 9º ano com proficiência em Língua Portuguesa e Matemática (%)"
3501301,"Álvares Machado",25.33143186,2018,"Escolaridade",29.18,"Proporção média de  alunos do 9º ano com proficiência em Língua Portuguesa e Matemática (%)"
3501301,"Álvares Machado",36.8736821,2020,"Escolaridade",33.99,"Proporção média de  alunos do 9º ano com proficiência em Língua Portuguesa e Matemática (%)"
3501301,"Álvares Machado",30.365,2022,"Escolaridade",32.24,"Proporção média de  alunos do 9º ano com proficiência em Língua Portuguesa e Matemática (%)"
3501301,"Álvares Machado",39.005,2024,"Escolaridade",31.01,"Proporção média de  alunos do 9º ano com proficiência em Língua Portuguesa e Matemática (%)"
3501400,"Álvaro de Carvalho",19.19186047,2014,"Escolaridade",20.17,"Proporção média de  alunos do 9º ano com proficiência em Língua Portuguesa e Matemática (%)"
3501400,"Álvaro de Carvalho",6.875346256,2016,"Escolaridade",24.39,"Proporção média de  alunos do 9º ano com proficiência em Língua Portuguesa e Matemática (%)"
3501400,"Álvaro de Carvalho",13.1242741,2018,"Escolaridade",29.18,"Proporção média de  alunos do 9º ano com proficiência em Língua Portuguesa e Matemática (%)"
3501400,"Álvaro de Carvalho",22.8929391,2020,"Escolaridade",33.99,"Proporção média de  alunos do 9º ano com proficiência em Língua Portuguesa e Matemática (%)"
3501400,"Álvaro de Carvalho",22.8929391,2022,"Escolaridade",32.24,"Proporção média de  alunos do 9º ano com proficiência em Língua Portuguesa e Matemática (%)"
3501400,"Álvaro de Carvalho",22.8929391,2024,"Escolaridade",31.01,"Proporção média de  alunos do 9º ano com proficiência em Língua Portuguesa e Matemática (%)"
3501509,"Alvinlândia",27.53295298,2014,"Escolaridade",20.17,"Proporção média de  alunos do 9º ano com proficiência em Língua Portuguesa e Matemática (%)"
3501509,"Alvinlândia",26.59242012,2016,"Escolaridade",24.39,"Proporção média de  alunos do 9º ano com proficiência em Língua Portuguesa e Matemática (%)"
3501509,"Alvinlândia",24.97200448,2018,"Escolaridade",29.18,"Proporção média de  alunos do 9º ano com proficiência em Língua Portuguesa e Matemática (%)"
3501509,"Alvinlândia",28.7902962,2020,"Escolaridade",33.99,"Proporção média de  alunos do 9º ano com proficiência em Língua Portuguesa e Matemática (%)"
3501509,"Alvinlândia",25.58,2022,"Escolaridade",32.24,"Proporção média de  alunos do 9º ano com proficiência em Língua Portuguesa e Matemática (%)"
3501509,"Alvinlândia",26.525,2024,"Escolaridade",31.01,"Proporção média de  alunos do 9º ano com proficiência em Língua Portuguesa e Matemática (%)"
3501608,"Americana",30.59348848,2014,"Escolaridade",20.17,"Proporção média de  alunos do 9º ano com proficiência em Língua Portuguesa e Matemática (%)"
3501608,"Americana",37.33307245,2016,"Escolaridade",24.39,"Proporção média de  alunos do 9º ano com proficiência em Língua Portuguesa e Matemática (%)"
3501608,"Americana",37.75394086,2018,"Escolaridade",29.18,"Proporção média de  alunos do 9º ano com proficiência em Língua Portuguesa e Matemática (%)"
3501608,"Americana",41.04129349,2020,"Escolaridade",33.99,"Proporção média de  alunos do 9º ano com proficiência em Língua Portuguesa e Matemática (%)"
3501608,"Americana",37.355,2022,"Escolaridade",32.24,"Proporção média de  alunos do 9º ano com proficiência em Língua Portuguesa e Matemática (%)"
3501608,"Americana",40.125,2024,"Escolaridade",31.01,"Proporção média de  alunos do 9º ano com proficiência em Língua Portuguesa e Matemática (%)"
3501707,"Américo Brasiliense",20.4729071,2014,"Escolaridade",20.17,"Proporção média de  alunos do 9º ano com proficiência em Língua Portuguesa e Matemática (%)"
3501707,"Américo Brasiliense",21.12567889,2016,"Escolaridade",24.39,"Proporção média de  alunos do 9º ano com proficiência em Língua Portuguesa e Matemática (%)"
3501707,"Américo Brasiliense",24.89272059,2018,"Escolaridade",29.18,"Proporção média de  alunos do 9º ano com proficiência em Língua Portuguesa e Matemática (%)"
3501707,"Américo Brasiliense",29.44315144,2020,"Escolaridade",33.99,"Proporção média de  alunos do 9º ano com proficiência em Língua Portuguesa e Matemática (%)"
3501707,"Américo Brasiliense",29.37,2022,"Escolaridade",32.24,"Proporção média de  alunos do 9º ano com proficiência em Língua Portuguesa e Matemática (%)"
3501707,"Américo Brasiliense",32.7,2024,"Escolaridade",31.01,"Proporção média de  alunos do 9º ano com proficiência em Língua Portuguesa e Matemática (%)"
3501806,"Américo de Campos",35.09160263,2014,"Escolaridade",20.17,"Proporção média de  alunos do 9º ano com proficiência em Língua Portuguesa e Matemática (%)"
3501806,"Américo de Campos",29.4702473,2016,"Escolaridade",24.39,"Proporção média de  alunos do 9º ano com proficiência em Língua Portuguesa e Matemática (%)"
3501806,"Américo de Campos",43.55355171,2018,"Escolaridade",29.18,"Proporção média de  alunos do 9º ano com proficiência em Língua Portuguesa e Matemática (%)"
3501806,"Américo de Campos",40.60996222,2020,"Escolaridade",33.99,"Proporção média de  alunos do 9º ano com proficiência em Língua Portuguesa e Matemática (%)"
3501806,"Américo de Campos",43.345,2022,"Escolaridade",32.24,"Proporção média de  alunos do 9º ano com proficiência em Língua Portuguesa e Matemática (%)"
3501806,"Américo de Campos",54.035,2024,"Escolaridade",31.01,"Proporção média de  alunos do 9º ano com proficiência em Língua Portuguesa e Matemática (%)"
3501905,"Amparo",30.01843383,2014,"Escolaridade",20.17,"Proporção média de  alunos do 9º ano com proficiência em Língua Portuguesa e Matemática (%)"
3501905,"Amparo",31.51175737,2016,"Escolaridade",24.39,"Proporção média de  alunos do 9º ano com proficiência em Língua Portuguesa e Matemática (%)"
3501905,"Amparo",40.13309332,2018,"Escolaridade",29.18,"Proporção média de  alunos do 9º ano com proficiência em Língua Portuguesa e Matemática (%)"
3501905,"Amparo",45.74318855,2020,"Escolaridade",33.99,"Proporção média de  alunos do 9º ano com proficiência em Língua Portuguesa e Matemática (%)"
3501905,"Amparo",38.33,2022,"Escolaridade",32.24,"Proporção média de  alunos do 9º ano com proficiência em Língua Portuguesa e Matemática (%)"
3501905,"Amparo",35.845,2024,"Escolaridade",31.01,"Proporção média de  alunos do 9º ano com proficiência em Língua Portuguesa e Matemática (%)"
3502002,"Analândia",33.16120608,2014,"Escolaridade",20.17,"Proporção média de  alunos do 9º ano com proficiência em Língua Portuguesa e Matemática (%)"
3502002,"Analândia",34.24552574,2016,"Escolaridade",24.39,"Proporção média de  alunos do 9º ano com proficiência em Língua Portuguesa e Matemática (%)"
3502002,"Analândia",22.76595745,2018,"Escolaridade",29.18,"Proporção média de  alunos do 9º ano com proficiência em Língua Portuguesa e Matemática (%)"
3502002,"Analândia",31.84238224,2020,"Escolaridade",33.99,"Proporção média de  alunos do 9º ano com proficiência em Língua Portuguesa e Matemática (%)"
3502002,"Analândia",31.84238224,2022,"Escolaridade",32.24,"Proporção média de  alunos do 9º ano com proficiência em Língua Portuguesa e Matemática (%)"
3502002,"Analândia",27.38,2024,"Escolaridade",31.01,"Proporção média de  alunos do 9º ano com proficiência em Língua Portuguesa e Matemática (%)"
3502101,"Andradina",26.82758019,2014,"Escolaridade",20.17,"Proporção média de  alunos do 9º ano com proficiência em Língua Portuguesa e Matemática (%)"
3502101,"Andradina",31.16200685,2016,"Escolaridade",24.39,"Proporção média de  alunos do 9º ano com proficiência em Língua Portuguesa e Matemática (%)"
3502101,"Andradina",34.2559148,2018,"Escolaridade",29.18,"Proporção média de  alunos do 9º ano com proficiência em Língua Portuguesa e Matemática (%)"
3502101,"Andradina",30.00351389,2020,"Escolaridade",33.99,"Proporção média de  alunos do 9º ano com proficiência em Língua Portuguesa e Matemática (%)"
3502101,"Andradina",33.93,2022,"Escolaridade",32.24,"Proporção média de  alunos do 9º ano com proficiência em Língua Portuguesa e Matemática (%)"
3502101,"Andradina",28.17,2024,"Escolaridade",31.01,"Proporção média de  alunos do 9º ano com proficiência em Língua Portuguesa e Matemática (%)"
3502200,"Angatuba",34.92780749,2014,"Escolaridade",20.17,"Proporção média de  alunos do 9º ano com proficiência em Língua Portuguesa e Matemática (%)"
3502200,"Angatuba",39.3003055,2016,"Escolaridade",24.39,"Proporção média de  alunos do 9º ano com proficiência em Língua Portuguesa e Matemática (%)"
3502200,"Angatuba",44.30009375,2018,"Escolaridade",29.18,"Proporção média de  alunos do 9º ano com proficiência em Língua Portuguesa e Matemática (%)"
3502200,"Angatuba",42.1941183,2020,"Escolaridade",33.99,"Proporção média de  alunos do 9º ano com proficiência em Língua Portuguesa e Matemática (%)"
3502200,"Angatuba",39.935,2022,"Escolaridade",32.24,"Proporção média de  alunos do 9º ano com proficiência em Língua Portuguesa e Matemática (%)"
3502200,"Angatuba",40.5,2024,"Escolaridade",31.01,"Proporção média de  alunos do 9º ano com proficiência em Língua Portuguesa e Matemática (%)"
3502309,"Anhembi",17.33643369,2014,"Escolaridade",20.17,"Proporção média de  alunos do 9º ano com proficiência em Língua Portuguesa e Matemática (%)"
3502309,"Anhembi",11.98589775,2016,"Escolaridade",24.39,"Proporção média de  alunos do 9º ano com proficiência em Língua Portuguesa e Matemática (%)"
3502309,"Anhembi",12.9055789,2018,"Escolaridade",29.18,"Proporção média de  alunos do 9º ano com proficiência em Língua Portuguesa e Matemática (%)"
3502309,"Anhembi",27.2678263,2020,"Escolaridade",33.99,"Proporção média de  alunos do 9º ano com proficiência em Língua Portuguesa e Matemática (%)"
3502309,"Anhembi",24.875,2022,"Escolaridade",32.24,"Proporção média de  alunos do 9º ano com proficiência em Língua Portuguesa e Matemática (%)"
3502309,"Anhembi",27.9,2024,"Escolaridade",31.01,"Proporção média de  alunos do 9º ano com proficiência em Língua Portuguesa e Matemática (%)"
3502408,"Anhumas",23.84615385,2014,"Escolaridade",20.17,"Proporção média de  alunos do 9º ano com proficiência em Língua Portuguesa e Matemática (%)"
3502408,"Anhumas",25.19889752,2016,"Escolaridade",24.39,"Proporção média de  alunos do 9º ano com proficiência em Língua Portuguesa e Matemática (%)"
3502408,"Anhumas",28.70496439,2018,"Escolaridade",29.18,"Proporção média de  alunos do 9º ano com proficiência em Língua Portuguesa e Matemática (%)"
3502408,"Anhumas",38.88351046,2020,"Escolaridade",33.99,"Proporção média de  alunos do 9º ano com proficiência em Língua Portuguesa e Matemática (%)"
3502408,"Anhumas",13.91,2022,"Escolaridade",32.24,"Proporção média de  alunos do 9º ano com proficiência em Língua Portuguesa e Matemática (%)"
3502408,"Anhumas",12.94,2024,"Escolaridade",31.01,"Proporção média de  alunos do 9º ano com proficiência em Língua Portuguesa e Matemática (%)"
3502507,"Aparecida",30.74282115,2014,"Escolaridade",20.17,"Proporção média de  alunos do 9º ano com proficiência em Língua Portuguesa e Matemática (%)"
3502507,"Aparecida",26.7806083,2016,"Escolaridade",24.39,"Proporção média de  alunos do 9º ano com proficiência em Língua Portuguesa e Matemática (%)"
3502507,"Aparecida",40.74406868,2018,"Escolaridade",29.18,"Proporção média de  alunos do 9º ano com proficiência em Língua Portuguesa e Matemática (%)"
3502507,"Aparecida",42.03681668,2020,"Escolaridade",33.99,"Proporção média de  alunos do 9º ano com proficiência em Língua Portuguesa e Matemática (%)"
3502507,"Aparecida",40.375,2022,"Escolaridade",32.24,"Proporção média de  alunos do 9º ano com proficiência em Língua Portuguesa e Matemática (%)"
3502507,"Aparecida",39.96,2024,"Escolaridade",31.01,"Proporção média de  alunos do 9º ano com proficiência em Língua Portuguesa e Matemática (%)"
3502606,"Aparecida d'Oeste",29.78436134,2014,"Escolaridade",20.17,"Proporção média de  alunos do 9º ano com proficiência em Língua Portuguesa e Matemática (%)"
3502606,"Aparecida d'Oeste",32.07495491,2016,"Escolaridade",24.39,"Proporção média de  alunos do 9º ano com proficiência em Língua Portuguesa e Matemática (%)"
3502606,"Aparecida d'Oeste",49.68253968,2018,"Escolaridade",29.18,"Proporção média de  alunos do 9º ano com proficiência em Língua Portuguesa e Matemática (%)"
3502606,"Aparecida d'Oeste",44.85898326,2020,"Escolaridade",33.99,"Proporção média de  alunos do 9º ano com proficiência em Língua Portuguesa e Matemática (%)"
3502606,"Aparecida d'Oeste",33.19,2022,"Escolaridade",32.24,"Proporção média de  alunos do 9º ano com proficiência em Língua Portuguesa e Matemática (%)"
3502606,"Aparecida d'Oeste",36.835,2024,"Escolaridade",31.01,"Proporção média de  alunos do 9º ano com proficiência em Língua Portuguesa e Matemática (%)"
3502705,"Apiaí",20.65186861,2014,"Escolaridade",20.17,"Proporção média de  alunos do 9º ano com proficiência em Língua Portuguesa e Matemática (%)"
3502705,"Apiaí",29.61639782,2016,"Escolaridade",24.39,"Proporção média de  alunos do 9º ano com proficiência em Língua Portuguesa e Matemática (%)"
3502705,"Apiaí",27.32685584,2018,"Escolaridade",29.18,"Proporção média de  alunos do 9º ano com proficiência em Língua Portuguesa e Matemática (%)"
3502705,"Apiaí",34.02287838,2020,"Escolaridade",33.99,"Proporção média de  alunos do 9º ano com proficiência em Língua Portuguesa e Matemática (%)"
3502705,"Apiaí",29.67,2022,"Escolaridade",32.24,"Proporção média de  alunos do 9º ano com proficiência em Língua Portuguesa e Matemática (%)"
3502705,"Apiaí",34.795,2024,"Escolaridade",31.01,"Proporção média de  alunos do 9º ano com proficiência em Língua Portuguesa e Matemática (%)"
3502754,"Araçariguama",24.2652651,2014,"Escolaridade",20.17,"Proporção média de  alunos do 9º ano com proficiência em Língua Portuguesa e Matemática (%)"
3502754,"Araçariguama",22.33395704,2016,"Escolaridade",24.39,"Proporção média de  alunos do 9º ano com proficiência em Língua Portuguesa e Matemática (%)"
3502754,"Araçariguama",24.73446822,2018,"Escolaridade",29.18,"Proporção média de  alunos do 9º ano com proficiência em Língua Portuguesa e Matemática (%)"
3502754,"Araçariguama",29.05240191,2020,"Escolaridade",33.99,"Proporção média de  alunos do 9º ano com proficiência em Língua Portuguesa e Matemática (%)"
3502754,"Araçariguama",24.5,2022,"Escolaridade",32.24,"Proporção média de  alunos do 9º ano com proficiência em Língua Portuguesa e Matemática (%)"
3502754,"Araçariguama",22.92,2024,"Escolaridade",31.01,"Proporção média de  alunos do 9º ano com proficiência em Língua Portuguesa e Matemática (%)"
3502804,"Araçatuba",20.38621743,2014,"Escolaridade",20.17,"Proporção média de  alunos do 9º ano com proficiência em Língua Portuguesa e Matemática (%)"
3502804,"Araçatuba",22.32405281,2016,"Escolaridade",24.39,"Proporção média de  alunos do 9º ano com proficiência em Língua Portuguesa e Matemática (%)"
3502804,"Araçatuba",26.44036882,2018,"Escolaridade",29.18,"Proporção média de  alunos do 9º ano com proficiência em Língua Portuguesa e Matemática (%)"
3502804,"Araçatuba",38.16868226,2020,"Escolaridade",33.99,"Proporção média de  alunos do 9º ano com proficiência em Língua Portuguesa e Matemática (%)"
3502804,"Araçatuba",34.635,2022,"Escolaridade",32.24,"Proporção média de  alunos do 9º ano com proficiência em Língua Portuguesa e Matemática (%)"
3502804,"Araçatuba",39.35,2024,"Escolaridade",31.01,"Proporção média de  alunos do 9º ano com proficiência em Língua Portuguesa e Matemática (%)"
3502903,"Araçoiaba da Serra",19.84539453,2014,"Escolaridade",20.17,"Proporção média de  alunos do 9º ano com proficiência em Língua Portuguesa e Matemática (%)"
3502903,"Araçoiaba da Serra",28.08327358,2016,"Escolaridade",24.39,"Proporção média de  alunos do 9º ano com proficiência em Língua Portuguesa e Matemática (%)"
3502903,"Araçoiaba da Serra",29.77706147,2018,"Escolaridade",29.18,"Proporção média de  alunos do 9º ano com proficiência em Língua Portuguesa e Matemática (%)"
3502903,"Araçoiaba da Serra",31.92838883,2020,"Escolaridade",33.99,"Proporção média de  alunos do 9º ano com proficiência em Língua Portuguesa e Matemática (%)"
3502903,"Araçoiaba da Serra",28.71,2022,"Escolaridade",32.24,"Proporção média de  alunos do 9º ano com proficiência em Língua Portuguesa e Matemática (%)"
3502903,"Araçoiaba da Serra",34.175,2024,"Escolaridade",31.01,"Proporção média de  alunos do 9º ano com proficiência em Língua Portuguesa e Matemática (%)"
3503000,"Aramina",33.16985646,2014,"Escolaridade",20.17,"Proporção média de  alunos do 9º ano com proficiência em Língua Portuguesa e Matemática (%)"
3503000,"Aramina",24.70856144,2016,"Escolaridade",24.39,"Proporção média de  alunos do 9º ano com proficiência em Língua Portuguesa e Matemática (%)"
3503000,"Aramina",28.52741995,2018,"Escolaridade",29.18,"Proporção média de  alunos do 9º ano com proficiência em Língua Portuguesa e Matemática (%)"
3503000,"Aramina",21.66487828,2020,"Escolaridade",33.99,"Proporção média de  alunos do 9º ano com proficiência em Língua Portuguesa e Matemática (%)"
3503000,"Aramina",27.055,2022,"Escolaridade",32.24,"Proporção média de  alunos do 9º ano com proficiência em Língua Portuguesa e Matemática (%)"
3503000,"Aramina",31.175,2024,"Escolaridade",31.01,"Proporção média de  alunos do 9º ano com proficiência em Língua Portuguesa e Matemática (%)"
3503109,"Arandu",21.17199776,2014,"Escolaridade",20.17,"Proporção média de  alunos do 9º ano com proficiência em Língua Portuguesa e Matemática (%)"
3503109,"Arandu",24.50839609,2016,"Escolaridade",24.39,"Proporção média de  alunos do 9º ano com proficiência em Língua Portuguesa e Matemática (%)"
3503109,"Arandu",21.78910863,2018,"Escolaridade",29.18,"Proporção média de  alunos do 9º ano com proficiência em Língua Portuguesa e Matemática (%)"
3503109,"Arandu",29.95349547,2020,"Escolaridade",33.99,"Proporção média de  alunos do 9º ano com proficiência em Língua Portuguesa e Matemática (%)"
3503109,"Arandu",14.775,2022,"Escolaridade",32.24,"Proporção média de  alunos do 9º ano com proficiência em Língua Portuguesa e Matemática (%)"
3503109,"Arandu",21.035,2024,"Escolaridade",31.01,"Proporção média de  alunos do 9º ano com proficiência em Língua Portuguesa e Matemática (%)"
3503158,"Arapeí",11.58933659,2014,"Escolaridade",20.17,"Proporção média de  alunos do 9º ano com proficiência em Língua Portuguesa e Matemática (%)"
3503158,"Arapeí",14.77347129,2016,"Escolaridade",24.39,"Proporção média de  alunos do 9º ano com proficiência em Língua Portuguesa e Matemática (%)"
3503158,"Arapeí",18.06593407,2018,"Escolaridade",29.18,"Proporção média de  alunos do 9º ano com proficiência em Língua Portuguesa e Matemática (%)"
3503158,"Arapeí",27.08560761,2020,"Escolaridade",33.99,"Proporção média de  alunos do 9º ano com proficiência em Língua Portuguesa e Matemática (%)"
3503158,"Arapeí",28.33,2022,"Escolaridade",32.24,"Proporção média de  alunos do 9º ano com proficiência em Língua Portuguesa e Matemática (%)"
3503158,"Arapeí",21.075,2024,"Escolaridade",31.01,"Proporção média de  alunos do 9º ano com proficiência em Língua Portuguesa e Matemática (%)"
3503208,"Araraquara",23.69071686,2014,"Escolaridade",20.17,"Proporção média de  alunos do 9º ano com proficiência em Língua Portuguesa e Matemática (%)"
3503208,"Araraquara",24.82412383,2016,"Escolaridade",24.39,"Proporção média de  alunos do 9º ano com proficiência em Língua Portuguesa e Matemática (%)"
3503208,"Araraquara",29.66878689,2018,"Escolaridade",29.18,"Proporção média de  alunos do 9º ano com proficiência em Língua Portuguesa e Matemática (%)"
3503208,"Araraquara",37.40181714,2020,"Escolaridade",33.99,"Proporção média de  alunos do 9º ano com proficiência em Língua Portuguesa e Matemática (%)"
3503208,"Araraquara",33.365,2022,"Escolaridade",32.24,"Proporção média de  alunos do 9º ano com proficiência em Língua Portuguesa e Matemática (%)"
3503208,"Araraquara",34.17,2024,"Escolaridade",31.01,"Proporção média de  alunos do 9º ano com proficiência em Língua Portuguesa e Matemática (%)"
3503307,"Araras",33.7405871,2014,"Escolaridade",20.17,"Proporção média de  alunos do 9º ano com proficiência em Língua Portuguesa e Matemática (%)"
3503307,"Araras",36.09774684,2016,"Escolaridade",24.39,"Proporção média de  alunos do 9º ano com proficiência em Língua Portuguesa e Matemática (%)"
3503307,"Araras",33.96165794,2018,"Escolaridade",29.18,"Proporção média de  alunos do 9º ano com proficiência em Língua Portuguesa e Matemática (%)"
3503307,"Araras",39.48133395,2020,"Escolaridade",33.99,"Proporção média de  alunos do 9º ano com proficiência em Língua Portuguesa e Matemática (%)"
3503307,"Araras",36.215,2022,"Escolaridade",32.24,"Proporção média de  alunos do 9º ano com proficiência em Língua Portuguesa e Matemática (%)"
3503307,"Araras",38.27,2024,"Escolaridade",31.01,"Proporção média de  alunos do 9º ano com proficiência em Língua Portuguesa e Matemática (%)"
3503356,"Arco-Íris",23.80952381,2014,"Escolaridade",20.17,"Proporção média de  alunos do 9º ano com proficiência em Língua Portuguesa e Matemática (%)"
3503356,"Arco-Íris",17.308564,2016,"Escolaridade",24.39,"Proporção média de  alunos do 9º ano com proficiência em Língua Portuguesa e Matemática (%)"
3503356,"Arco-Íris",36.84210526,2018,"Escolaridade",29.18,"Proporção média de  alunos do 9º ano com proficiência em Língua Portuguesa e Matemática (%)"
3503356,"Arco-Íris",39.47699894,2020,"Escolaridade",33.99,"Proporção média de  alunos do 9º ano com proficiência em Língua Portuguesa e Matemática (%)"
3503356,"Arco-Íris",30,2022,"Escolaridade",32.24,"Proporção média de  alunos do 9º ano com proficiência em Língua Portuguesa e Matemática (%)"
3503356,"Arco-Íris",30,2024,"Escolaridade",31.01,"Proporção média de  alunos do 9º ano com proficiência em Língua Portuguesa e Matemática (%)"
3503406,"Arealva",28.79625879,2014,"Escolaridade",20.17,"Proporção média de  alunos do 9º ano com proficiência em Língua Portuguesa e Matemática (%)"
3503406,"Arealva",32.39349879,2016,"Escolaridade",24.39,"Proporção média de  alunos do 9º ano com proficiência em Língua Portuguesa e Matemática (%)"
3503406,"Arealva",38.98971193,2018,"Escolaridade",29.18,"Proporção média de  alunos do 9º ano com proficiência em Língua Portuguesa e Matemática (%)"
3503406,"Arealva",32.22889661,2020,"Escolaridade",33.99,"Proporção média de  alunos do 9º ano com proficiência em Língua Portuguesa e Matemática (%)"
3503406,"Arealva",19.455,2022,"Escolaridade",32.24,"Proporção média de  alunos do 9º ano com proficiência em Língua Portuguesa e Matemática (%)"
3503406,"Arealva",35.7,2024,"Escolaridade",31.01,"Proporção média de  alunos do 9º ano com proficiência em Língua Portuguesa e Matemática (%)"
3503505,"Areias",15.4589372,2014,"Escolaridade",20.17,"Proporção média de  alunos do 9º ano com proficiência em Língua Portuguesa e Matemática (%)"
3503505,"Areias",20.6562127,2016,"Escolaridade",24.39,"Proporção média de  alunos do 9º ano com proficiência em Língua Portuguesa e Matemática (%)"
3503505,"Areias",21.24538935,2018,"Escolaridade",29.18,"Proporção média de  alunos do 9º ano com proficiência em Língua Portuguesa e Matemática (%)"
3503505,"Areias",21.12254652,2020,"Escolaridade",33.99,"Proporção média de  alunos do 9º ano com proficiência em Língua Portuguesa e Matemática (%)"
3503505,"Areias",21.12254652,2022,"Escolaridade",32.24,"Proporção média de  alunos do 9º ano com proficiência em Língua Portuguesa e Matemática (%)"
3503505,"Areias",28.77,2024,"Escolaridade",31.01,"Proporção média de  alunos do 9º ano com proficiência em Língua Portuguesa e Matemática (%)"
3503604,"Areiópolis",12.61457972,2014,"Escolaridade",20.17,"Proporção média de  alunos do 9º ano com proficiência em Língua Portuguesa e Matemática (%)"
3503604,"Areiópolis",30.61942885,2016,"Escolaridade",24.39,"Proporção média de  alunos do 9º ano com proficiência em Língua Portuguesa e Matemática (%)"
3503604,"Areiópolis",38.23851595,2018,"Escolaridade",29.18,"Proporção média de  alunos do 9º ano com proficiência em Língua Portuguesa e Matemática (%)"
3503604,"Areiópolis",30.41447547,2020,"Escolaridade",33.99,"Proporção média de  alunos do 9º ano com proficiência em Língua Portuguesa e Matemática (%)"
3503604,"Areiópolis",37.875,2022,"Escolaridade",32.24,"Proporção média de  alunos do 9º ano com proficiência em Língua Portuguesa e Matemática (%)"
3503604,"Areiópolis",34.485,2024,"Escolaridade",31.01,"Proporção média de  alunos do 9º ano com proficiência em Língua Portuguesa e Matemática (%)"
3503703,"Ariranha",22.13753918,2014,"Escolaridade",20.17,"Proporção média de  alunos do 9º ano com proficiência em Língua Portuguesa e Matemática (%)"
3503703,"Ariranha",30.66325061,2016,"Escolaridade",24.39,"Proporção média de  alunos do 9º ano com proficiência em Língua Portuguesa e Matemática (%)"
3503703,"Ariranha",29.74817055,2018,"Escolaridade",29.18,"Proporção média de  alunos do 9º ano com proficiência em Língua Portuguesa e Matemática (%)"
3503703,"Ariranha",39.82913847,2020,"Escolaridade",33.99,"Proporção média de  alunos do 9º ano com proficiência em Língua Portuguesa e Matemática (%)"
3503703,"Ariranha",43.15,2022,"Escolaridade",32.24,"Proporção média de  alunos do 9º ano com proficiência em Língua Portuguesa e Matemática (%)"
3503703,"Ariranha",41.35,2024,"Escolaridade",31.01,"Proporção média de  alunos do 9º ano com proficiência em Língua Portuguesa e Matemática (%)"
3503802,"Artur Nogueira",28.60386053,2014,"Escolaridade",20.17,"Proporção média de  alunos do 9º ano com proficiência em Língua Portuguesa e Matemática (%)"
3503802,"Artur Nogueira",24.23659126,2016,"Escolaridade",24.39,"Proporção média de  alunos do 9º ano com proficiência em Língua Portuguesa e Matemática (%)"
3503802,"Artur Nogueira",30.8352209,2018,"Escolaridade",29.18,"Proporção média de  alunos do 9º ano com proficiência em Língua Portuguesa e Matemática (%)"
3503802,"Artur Nogueira",45.96532067,2020,"Escolaridade",33.99,"Proporção média de  alunos do 9º ano com proficiência em Língua Portuguesa e Matemática (%)"
3503802,"Artur Nogueira",32.915,2022,"Escolaridade",32.24,"Proporção média de  alunos do 9º ano com proficiência em Língua Portuguesa e Matemática (%)"
3503802,"Artur Nogueira",31.65,2024,"Escolaridade",31.01,"Proporção média de  alunos do 9º ano com proficiência em Língua Portuguesa e Matemática (%)"
3503901,"Arujá",19.61109536,2014,"Escolaridade",20.17,"Proporção média de  alunos do 9º ano com proficiência em Língua Portuguesa e Matemática (%)"
3503901,"Arujá",23.07083707,2016,"Escolaridade",24.39,"Proporção média de  alunos do 9º ano com proficiência em Língua Portuguesa e Matemática (%)"
3503901,"Arujá",28.73783824,2018,"Escolaridade",29.18,"Proporção média de  alunos do 9º ano com proficiência em Língua Portuguesa e Matemática (%)"
3503901,"Arujá",34.59890728,2020,"Escolaridade",33.99,"Proporção média de  alunos do 9º ano com proficiência em Língua Portuguesa e Matemática (%)"
3503901,"Arujá",34.63,2022,"Escolaridade",32.24,"Proporção média de  alunos do 9º ano com proficiência em Língua Portuguesa e Matemática (%)"
3503901,"Arujá",31.73,2024,"Escolaridade",31.01,"Proporção média de  alunos do 9º ano com proficiência em Língua Portuguesa e Matemática (%)"
3503950,"Aspásia",18.51851852,2014,"Escolaridade",20.17,"Proporção média de  alunos do 9º ano com proficiência em Língua Portuguesa e Matemática (%)"
3503950,"Aspásia",39.13240557,2016,"Escolaridade",24.39,"Proporção média de  alunos do 9º ano com proficiência em Língua Portuguesa e Matemática (%)"
3503950,"Aspásia",43.75,2018,"Escolaridade",29.18,"Proporção média de  alunos do 9º ano com proficiência em Língua Portuguesa e Matemática (%)"
3503950,"Aspásia",57.89959845,2020,"Escolaridade",33.99,"Proporção média de  alunos do 9º ano com proficiência em Língua Portuguesa e Matemática (%)"
3503950,"Aspásia",45,2022,"Escolaridade",32.24,"Proporção média de  alunos do 9º ano com proficiência em Língua Portuguesa e Matemática (%)"
3503950,"Aspásia",57.5,2024,"Escolaridade",31.01,"Proporção média de  alunos do 9º ano com proficiência em Língua Portuguesa e Matemática (%)"
3504008,"Assis",29.60281817,2014,"Escolaridade",20.17,"Proporção média de  alunos do 9º ano com proficiência em Língua Portuguesa e Matemática (%)"
3504008,"Assis",34.49040654,2016,"Escolaridade",24.39,"Proporção média de  alunos do 9º ano com proficiência em Língua Portuguesa e Matemática (%)"
3504008,"Assis",31.80746266,2018,"Escolaridade",29.18,"Proporção média de  alunos do 9º ano com proficiência em Língua Portuguesa e Matemática (%)"
3504008,"Assis",38.89491254,2020,"Escolaridade",33.99,"Proporção média de  alunos do 9º ano com proficiência em Língua Portuguesa e Matemática (%)"
3504008,"Assis",36.74,2022,"Escolaridade",32.24,"Proporção média de  alunos do 9º ano com proficiência em Língua Portuguesa e Matemática (%)"
3504008,"Assis",33.67,2024,"Escolaridade",31.01,"Proporção média de  alunos do 9º ano com proficiência em Língua Portuguesa e Matemática (%)"
3504107,"Atibaia",24.11372986,2014,"Escolaridade",20.17,"Proporção média de  alunos do 9º ano com proficiência em Língua Portuguesa e Matemática (%)"
3504107,"Atibaia",31.73514668,2016,"Escolaridade",24.39,"Proporção média de  alunos do 9º ano com proficiência em Língua Portuguesa e Matemática (%)"
3504107,"Atibaia",36.94163224,2018,"Escolaridade",29.18,"Proporção média de  alunos do 9º ano com proficiência em Língua Portuguesa e Matemática (%)"
3504107,"Atibaia",39.4031529,2020,"Escolaridade",33.99,"Proporção média de  alunos do 9º ano com proficiência em Língua Portuguesa e Matemática (%)"
3504107,"Atibaia",37.56,2022,"Escolaridade",32.24,"Proporção média de  alunos do 9º ano com proficiência em Língua Portuguesa e Matemática (%)"
3504107,"Atibaia",33.965,2024,"Escolaridade",31.01,"Proporção média de  alunos do 9º ano com proficiência em Língua Portuguesa e Matemática (%)"
3504206,"Auriflama",31.40381335,2014,"Escolaridade",20.17,"Proporção média de  alunos do 9º ano com proficiência em Língua Portuguesa e Matemática (%)"
3504206,"Auriflama",32.26843092,2016,"Escolaridade",24.39,"Proporção média de  alunos do 9º ano com proficiência em Língua Portuguesa e Matemática (%)"
3504206,"Auriflama",30.22614924,2018,"Escolaridade",29.18,"Proporção média de  alunos do 9º ano com proficiência em Língua Portuguesa e Matemática (%)"
3504206,"Auriflama",43.2333381,2020,"Escolaridade",33.99,"Proporção média de  alunos do 9º ano com proficiência em Língua Portuguesa e Matemática (%)"
3504206,"Auriflama",31.695,2022,"Escolaridade",32.24,"Proporção média de  alunos do 9º ano com proficiência em Língua Portuguesa e Matemática (%)"
3504206,"Auriflama",42.33,2024,"Escolaridade",31.01,"Proporção média de  alunos do 9º ano com proficiência em Língua Portuguesa e Matemática (%)"
3504305,"Avaí",14.01150932,2014,"Escolaridade",20.17,"Proporção média de  alunos do 9º ano com proficiência em Língua Portuguesa e Matemática (%)"
3504305,"Avaí",14.01131572,2016,"Escolaridade",24.39,"Proporção média de  alunos do 9º ano com proficiência em Língua Portuguesa e Matemática (%)"
3504305,"Avaí",18.94736842,2018,"Escolaridade",29.18,"Proporção média de  alunos do 9º ano com proficiência em Língua Portuguesa e Matemática (%)"
3504305,"Avaí",25.52430857,2020,"Escolaridade",33.99,"Proporção média de  alunos do 9º ano com proficiência em Língua Portuguesa e Matemática (%)"
3504305,"Avaí",22.28,2022,"Escolaridade",32.24,"Proporção média de  alunos do 9º ano com proficiência em Língua Portuguesa e Matemática (%)"
3504305,"Avaí",16.785,2024,"Escolaridade",31.01,"Proporção média de  alunos do 9º ano com proficiência em Língua Portuguesa e Matemática (%)"
3504404,"Avanhandava",19.99497992,2014,"Escolaridade",20.17,"Proporção média de  alunos do 9º ano com proficiência em Língua Portuguesa e Matemática (%)"
3504404,"Avanhandava",25.12901596,2016,"Escolaridade",24.39,"Proporção média de  alunos do 9º ano com proficiência em Língua Portuguesa e Matemática (%)"
3504404,"Avanhandava",28.43915344,2018,"Escolaridade",29.18,"Proporção média de  alunos do 9º ano com proficiência em Língua Portuguesa e Matemática (%)"
3504404,"Avanhandava",26.30755055,2020,"Escolaridade",33.99,"Proporção média de  alunos do 9º ano com proficiência em Língua Portuguesa e Matemática (%)"
3504404,"Avanhandava",24.225,2022,"Escolaridade",32.24,"Proporção média de  alunos do 9º ano com proficiência em Língua Portuguesa e Matemática (%)"
3504404,"Avanhandava",20.805,2024,"Escolaridade",31.01,"Proporção média de  alunos do 9º ano com proficiência em Língua Portuguesa e Matemática (%)"
3504503,"Avaré",23.54766955,2014,"Escolaridade",20.17,"Proporção média de  alunos do 9º ano com proficiência em Língua Portuguesa e Matemática (%)"
3504503,"Avaré",25.4022343,2016,"Escolaridade",24.39,"Proporção média de  alunos do 9º ano com proficiência em Língua Portuguesa e Matemática (%)"
3504503,"Avaré",29.40151982,2018,"Escolaridade",29.18,"Proporção média de  alunos do 9º ano com proficiência em Língua Portuguesa e Matemática (%)"
3504503,"Avaré",32.51567813,2020,"Escolaridade",33.99,"Proporção média de  alunos do 9º ano com proficiência em Língua Portuguesa e Matemática (%)"
3504503,"Avaré",30.265,2022,"Escolaridade",32.24,"Proporção média de  alunos do 9º ano com proficiência em Língua Portuguesa e Matemática (%)"
3504503,"Avaré",27.4,2024,"Escolaridade",31.01,"Proporção média de  alunos do 9º ano com proficiência em Língua Portuguesa e Matemática (%)"
3504602,"Bady Bassitt",31.69494067,2014,"Escolaridade",20.17,"Proporção média de  alunos do 9º ano com proficiência em Língua Portuguesa e Matemática (%)"
3504602,"Bady Bassitt",31.30010555,2016,"Escolaridade",24.39,"Proporção média de  alunos do 9º ano com proficiência em Língua Portuguesa e Matemática (%)"
3504602,"Bady Bassitt",40.77412345,2018,"Escolaridade",29.18,"Proporção média de  alunos do 9º ano com proficiência em Língua Portuguesa e Matemática (%)"
3504602,"Bady Bassitt",42.58602202,2020,"Escolaridade",33.99,"Proporção média de  alunos do 9º ano com proficiência em Língua Portuguesa e Matemática (%)"
3504602,"Bady Bassitt",38.035,2022,"Escolaridade",32.24,"Proporção média de  alunos do 9º ano com proficiência em Língua Portuguesa e Matemática (%)"
3504602,"Bady Bassitt",34.99,2024,"Escolaridade",31.01,"Proporção média de  alunos do 9º ano com proficiência em Língua Portuguesa e Matemática (%)"
3504701,"Balbinos",24.09146129,2014,"Escolaridade",20.17,"Proporção média de  alunos do 9º ano com proficiência em Língua Portuguesa e Matemática (%)"
3504701,"Balbinos",41.66666667,2016,"Escolaridade",24.39,"Proporção média de  alunos do 9º ano com proficiência em Língua Portuguesa e Matemática (%)"
3504701,"Balbinos",41.66666667,2018,"Escolaridade",29.18,"Proporção média de  alunos do 9º ano com proficiência em Língua Portuguesa e Matemática (%)"
3504701,"Balbinos",28.12736175,2020,"Escolaridade",33.99,"Proporção média de  alunos do 9º ano com proficiência em Língua Portuguesa e Matemática (%)"
3504701,"Balbinos",37.5,2022,"Escolaridade",32.24,"Proporção média de  alunos do 9º ano com proficiência em Língua Portuguesa e Matemática (%)"
3504701,"Balbinos",32.35,2024,"Escolaridade",31.01,"Proporção média de  alunos do 9º ano com proficiência em Língua Portuguesa e Matemática (%)"
3504800,"Bálsamo",27.48123092,2014,"Escolaridade",20.17,"Proporção média de  alunos do 9º ano com proficiência em Língua Portuguesa e Matemática (%)"
3504800,"Bálsamo",22.19779015,2016,"Escolaridade",24.39,"Proporção média de  alunos do 9º ano com proficiência em Língua Portuguesa e Matemática (%)"
3504800,"Bálsamo",30.43019891,2018,"Escolaridade",29.18,"Proporção média de  alunos do 9º ano com proficiência em Língua Portuguesa e Matemática (%)"
3504800,"Bálsamo",33.34583526,2020,"Escolaridade",33.99,"Proporção média de  alunos do 9º ano com proficiência em Língua Portuguesa e Matemática (%)"
3504800,"Bálsamo",36.085,2022,"Escolaridade",32.24,"Proporção média de  alunos do 9º ano com proficiência em Língua Portuguesa e Matemática (%)"
3504800,"Bálsamo",27.44,2024,"Escolaridade",31.01,"Proporção média de  alunos do 9º ano com proficiência em Língua Portuguesa e Matemática (%)"
3504909,"Bananal",14.36047044,2014,"Escolaridade",20.17,"Proporção média de  alunos do 9º ano com proficiência em Língua Portuguesa e Matemática (%)"
3504909,"Bananal",21.50910329,2016,"Escolaridade",24.39,"Proporção média de  alunos do 9º ano com proficiência em Língua Portuguesa e Matemática (%)"
3504909,"Bananal",15.16944338,2018,"Escolaridade",29.18,"Proporção média de  alunos do 9º ano com proficiência em Língua Portuguesa e Matemática (%)"
3504909,"Bananal",16.76673553,2020,"Escolaridade",33.99,"Proporção média de  alunos do 9º ano com proficiência em Língua Portuguesa e Matemática (%)"
3504909,"Bananal",21.36,2022,"Escolaridade",32.24,"Proporção média de  alunos do 9º ano com proficiência em Língua Portuguesa e Matemática (%)"
3504909,"Bananal",15.325,2024,"Escolaridade",31.01,"Proporção média de  alunos do 9º ano com proficiência em Língua Portuguesa e Matemática (%)"
3505005,"Barão de Antonina",25.41083916,2014,"Escolaridade",20.17,"Proporção média de  alunos do 9º ano com proficiência em Língua Portuguesa e Matemática (%)"
3505005,"Barão de Antonina",27.73660713,2016,"Escolaridade",24.39,"Proporção média de  alunos do 9º ano com proficiência em Língua Portuguesa e Matemática (%)"
3505005,"Barão de Antonina",30.63636364,2018,"Escolaridade",29.18,"Proporção média de  alunos do 9º ano com proficiência em Língua Portuguesa e Matemática (%)"
3505005,"Barão de Antonina",23.33529271,2020,"Escolaridade",33.99,"Proporção média de  alunos do 9º ano com proficiência em Língua Portuguesa e Matemática (%)"
3505005,"Barão de Antonina",40.59,2022,"Escolaridade",32.24,"Proporção média de  alunos do 9º ano com proficiência em Língua Portuguesa e Matemática (%)"
3505005,"Barão de Antonina",32.615,2024,"Escolaridade",31.01,"Proporção média de  alunos do 9º ano com proficiência em Língua Portuguesa e Matemática (%)"
3505104,"Barbosa",11.34202264,2014,"Escolaridade",20.17,"Proporção média de  alunos do 9º ano com proficiência em Língua Portuguesa e Matemática (%)"
3505104,"Barbosa",9.017897942,2016,"Escolaridade",24.39,"Proporção média de  alunos do 9º ano com proficiência em Língua Portuguesa e Matemática (%)"
3505104,"Barbosa",21.04569633,2018,"Escolaridade",29.18,"Proporção média de  alunos do 9º ano com proficiência em Língua Portuguesa e Matemática (%)"
3505104,"Barbosa",20.41585565,2020,"Escolaridade",33.99,"Proporção média de  alunos do 9º ano com proficiência em Língua Portuguesa e Matemática (%)"
3505104,"Barbosa",21.885,2022,"Escolaridade",32.24,"Proporção média de  alunos do 9º ano com proficiência em Língua Portuguesa e Matemática (%)"
3505104,"Barbosa",24.025,2024,"Escolaridade",31.01,"Proporção média de  alunos do 9º ano com proficiência em Língua Portuguesa e Matemática (%)"
3505203,"Bariri",32.11431383,2014,"Escolaridade",20.17,"Proporção média de  alunos do 9º ano com proficiência em Língua Portuguesa e Matemática (%)"
3505203,"Bariri",37.5689046,2016,"Escolaridade",24.39,"Proporção média de  alunos do 9º ano com proficiência em Língua Portuguesa e Matemática (%)"
3505203,"Bariri",43.86539595,2018,"Escolaridade",29.18,"Proporção média de  alunos do 9º ano com proficiência em Língua Portuguesa e Matemática (%)"
3505203,"Bariri",40.12465038,2020,"Escolaridade",33.99,"Proporção média de  alunos do 9º ano com proficiência em Língua Portuguesa e Matemática (%)"
3505203,"Bariri",35.055,2022,"Escolaridade",32.24,"Proporção média de  alunos do 9º ano com proficiência em Língua Portuguesa e Matemática (%)"
3505203,"Bariri",35.8,2024,"Escolaridade",31.01,"Proporção média de  alunos do 9º ano com proficiência em Língua Portuguesa e Matemática (%)"
3505302,"Barra Bonita",24.96988994,2014,"Escolaridade",20.17,"Proporção média de  alunos do 9º ano com proficiência em Língua Portuguesa e Matemática (%)"
3505302,"Barra Bonita",25.84400109,2016,"Escolaridade",24.39,"Proporção média de  alunos do 9º ano com proficiência em Língua Portuguesa e Matemática (%)"
3505302,"Barra Bonita",30.54790744,2018,"Escolaridade",29.18,"Proporção média de  alunos do 9º ano com proficiência em Língua Portuguesa e Matemática (%)"
3505302,"Barra Bonita",35.76163537,2020,"Escolaridade",33.99,"Proporção média de  alunos do 9º ano com proficiência em Língua Portuguesa e Matemática (%)"
3505302,"Barra Bonita",27.58,2022,"Escolaridade",32.24,"Proporção média de  alunos do 9º ano com proficiência em Língua Portuguesa e Matemática (%)"
3505302,"Barra Bonita",34.01,2024,"Escolaridade",31.01,"Proporção média de  alunos do 9º ano com proficiência em Língua Portuguesa e Matemática (%)"
3505351,"Barra do Chapéu",18.66727941,2014,"Escolaridade",20.17,"Proporção média de  alunos do 9º ano com proficiência em Língua Portuguesa e Matemática (%)"
3505351,"Barra do Chapéu",27.36813848,2016,"Escolaridade",24.39,"Proporção média de  alunos do 9º ano com proficiência em Língua Portuguesa e Matemática (%)"
3505351,"Barra do Chapéu",33.24296675,2018,"Escolaridade",29.18,"Proporção média de  alunos do 9º ano com proficiência em Língua Portuguesa e Matemática (%)"
3505351,"Barra do Chapéu",23.32514072,2020,"Escolaridade",33.99,"Proporção média de  alunos do 9º ano com proficiência em Língua Portuguesa e Matemática (%)"
3505351,"Barra do Chapéu",23.47,2022,"Escolaridade",32.24,"Proporção média de  alunos do 9º ano com proficiência em Língua Portuguesa e Matemática (%)"
3505351,"Barra do Chapéu",21.25,2024,"Escolaridade",31.01,"Proporção média de  alunos do 9º ano com proficiência em Língua Portuguesa e Matemática (%)"
3505401,"Barra do Turvo",6.391027793,2014,"Escolaridade",20.17,"Proporção média de  alunos do 9º ano com proficiência em Língua Portuguesa e Matemática (%)"
3505401,"Barra do Turvo",20.15810001,2016,"Escolaridade",24.39,"Proporção média de  alunos do 9º ano com proficiência em Língua Portuguesa e Matemática (%)"
3505401,"Barra do Turvo",16.31084765,2018,"Escolaridade",29.18,"Proporção média de  alunos do 9º ano com proficiência em Língua Portuguesa e Matemática (%)"
3505401,"Barra do Turvo",21.67375662,2020,"Escolaridade",33.99,"Proporção média de  alunos do 9º ano com proficiência em Língua Portuguesa e Matemática (%)"
3505401,"Barra do Turvo",24.975,2022,"Escolaridade",32.24,"Proporção média de  alunos do 9º ano com proficiência em Língua Portuguesa e Matemática (%)"
3505401,"Barra do Turvo",22.63,2024,"Escolaridade",31.01,"Proporção média de  alunos do 9º ano com proficiência em Língua Portuguesa e Matemática (%)"
3505500,"Barretos",22.29790361,2014,"Escolaridade",20.17,"Proporção média de  alunos do 9º ano com proficiência em Língua Portuguesa e Matemática (%)"
3505500,"Barretos",26.46841308,2016,"Escolaridade",24.39,"Proporção média de  alunos do 9º ano com proficiência em Língua Portuguesa e Matemática (%)"
3505500,"Barretos",28.8868677,2018,"Escolaridade",29.18,"Proporção média de  alunos do 9º ano com proficiência em Língua Portuguesa e Matemática (%)"
3505500,"Barretos",36.90216851,2020,"Escolaridade",33.99,"Proporção média de  alunos do 9º ano com proficiência em Língua Portuguesa e Matemática (%)"
3505500,"Barretos",35.045,2022,"Escolaridade",32.24,"Proporção média de  alunos do 9º ano com proficiência em Língua Portuguesa e Matemática (%)"
3505500,"Barretos",36.155,2024,"Escolaridade",31.01,"Proporção média de  alunos do 9º ano com proficiência em Língua Portuguesa e Matemática (%)"
3505609,"Barrinha",21.42678083,2014,"Escolaridade",20.17,"Proporção média de  alunos do 9º ano com proficiência em Língua Portuguesa e Matemática (%)"
3505609,"Barrinha",24.0070304,2016,"Escolaridade",24.39,"Proporção média de  alunos do 9º ano com proficiência em Língua Portuguesa e Matemática (%)"
3505609,"Barrinha",28.45163744,2018,"Escolaridade",29.18,"Proporção média de  alunos do 9º ano com proficiência em Língua Portuguesa e Matemática (%)"
3505609,"Barrinha",43.82406306,2020,"Escolaridade",33.99,"Proporção média de  alunos do 9º ano com proficiência em Língua Portuguesa e Matemática (%)"
3505609,"Barrinha",33.075,2022,"Escolaridade",32.24,"Proporção média de  alunos do 9º ano com proficiência em Língua Portuguesa e Matemática (%)"
3505609,"Barrinha",42.97,2024,"Escolaridade",31.01,"Proporção média de  alunos do 9º ano com proficiência em Língua Portuguesa e Matemática (%)"
3505708,"Barueri",28.94036124,2014,"Escolaridade",20.17,"Proporção média de  alunos do 9º ano com proficiência em Língua Portuguesa e Matemática (%)"
3505708,"Barueri",37.2296599,2016,"Escolaridade",24.39,"Proporção média de  alunos do 9º ano com proficiência em Língua Portuguesa e Matemática (%)"
3505708,"Barueri",42.87079615,2018,"Escolaridade",29.18,"Proporção média de  alunos do 9º ano com proficiência em Língua Portuguesa e Matemática (%)"
3505708,"Barueri",46.96547376,2020,"Escolaridade",33.99,"Proporção média de  alunos do 9º ano com proficiência em Língua Portuguesa e Matemática (%)"
3505708,"Barueri",40.745,2022,"Escolaridade",32.24,"Proporção média de  alunos do 9º ano com proficiência em Língua Portuguesa e Matemática (%)"
3505708,"Barueri",39.88,2024,"Escolaridade",31.01,"Proporção média de  alunos do 9º ano com proficiência em Língua Portuguesa e Matemática (%)"
3505807,"Bastos",25.51728136,2014,"Escolaridade",20.17,"Proporção média de  alunos do 9º ano com proficiência em Língua Portuguesa e Matemática (%)"
3505807,"Bastos",33.42200414,2016,"Escolaridade",24.39,"Proporção média de  alunos do 9º ano com proficiência em Língua Portuguesa e Matemática (%)"
3505807,"Bastos",37.35071359,2018,"Escolaridade",29.18,"Proporção média de  alunos do 9º ano com proficiência em Língua Portuguesa e Matemática (%)"
3505807,"Bastos",38.81645522,2020,"Escolaridade",33.99,"Proporção média de  alunos do 9º ano com proficiência em Língua Portuguesa e Matemática (%)"
3505807,"Bastos",36.005,2022,"Escolaridade",32.24,"Proporção média de  alunos do 9º ano com proficiência em Língua Portuguesa e Matemática (%)"
3505807,"Bastos",38.095,2024,"Escolaridade",31.01,"Proporção média de  alunos do 9º ano com proficiência em Língua Portuguesa e Matemática (%)"
3505906,"Batatais",22.55192126,2014,"Escolaridade",20.17,"Proporção média de  alunos do 9º ano com proficiência em Língua Portuguesa e Matemática (%)"
3505906,"Batatais",30.91641485,2016,"Escolaridade",24.39,"Proporção média de  alunos do 9º ano com proficiência em Língua Portuguesa e Matemática (%)"
3505906,"Batatais",34.39259564,2018,"Escolaridade",29.18,"Proporção média de  alunos do 9º ano com proficiência em Língua Portuguesa e Matemática (%)"
3505906,"Batatais",33.0675192,2020,"Escolaridade",33.99,"Proporção média de  alunos do 9º ano com proficiência em Língua Portuguesa e Matemática (%)"
3505906,"Batatais",36.315,2022,"Escolaridade",32.24,"Proporção média de  alunos do 9º ano com proficiência em Língua Portuguesa e Matemática (%)"
3505906,"Batatais",34.56,2024,"Escolaridade",31.01,"Proporção média de  alunos do 9º ano com proficiência em Língua Portuguesa e Matemática (%)"
3506003,"Bauru",19.68181466,2014,"Escolaridade",20.17,"Proporção média de  alunos do 9º ano com proficiência em Língua Portuguesa e Matemática (%)"
3506003,"Bauru",23.48282208,2016,"Escolaridade",24.39,"Proporção média de  alunos do 9º ano com proficiência em Língua Portuguesa e Matemática (%)"
3506003,"Bauru",24.01893336,2018,"Escolaridade",29.18,"Proporção média de  alunos do 9º ano com proficiência em Língua Portuguesa e Matemática (%)"
3506003,"Bauru",34.25679305,2020,"Escolaridade",33.99,"Proporção média de  alunos do 9º ano com proficiência em Língua Portuguesa e Matemática (%)"
3506003,"Bauru",29.105,2022,"Escolaridade",32.24,"Proporção média de  alunos do 9º ano com proficiência em Língua Portuguesa e Matemática (%)"
3506003,"Bauru",28.325,2024,"Escolaridade",31.01,"Proporção média de  alunos do 9º ano com proficiência em Língua Portuguesa e Matemática (%)"
3506102,"Bebedouro",18.54696154,2014,"Escolaridade",20.17,"Proporção média de  alunos do 9º ano com proficiência em Língua Portuguesa e Matemática (%)"
3506102,"Bebedouro",23.05640139,2016,"Escolaridade",24.39,"Proporção média de  alunos do 9º ano com proficiência em Língua Portuguesa e Matemática (%)"
3506102,"Bebedouro",26.26886115,2018,"Escolaridade",29.18,"Proporção média de  alunos do 9º ano com proficiência em Língua Portuguesa e Matemática (%)"
3506102,"Bebedouro",29.88297524,2020,"Escolaridade",33.99,"Proporção média de  alunos do 9º ano com proficiência em Língua Portuguesa e Matemática (%)"
3506102,"Bebedouro",29.92,2022,"Escolaridade",32.24,"Proporção média de  alunos do 9º ano com proficiência em Língua Portuguesa e Matemática (%)"
3506102,"Bebedouro",29.805,2024,"Escolaridade",31.01,"Proporção média de  alunos do 9º ano com proficiência em Língua Portuguesa e Matemática (%)"
3506201,"Bento de Abreu",14.9068323,2014,"Escolaridade",20.17,"Proporção média de  alunos do 9º ano com proficiência em Língua Portuguesa e Matemática (%)"
3506201,"Bento de Abreu",19.64384645,2016,"Escolaridade",24.39,"Proporção média de  alunos do 9º ano com proficiência em Língua Portuguesa e Matemática (%)"
3506201,"Bento de Abreu",43.33333333,2018,"Escolaridade",29.18,"Proporção média de  alunos do 9º ano com proficiência em Língua Portuguesa e Matemática (%)"
3506201,"Bento de Abreu",21.87683691,2020,"Escolaridade",33.99,"Proporção média de  alunos do 9º ano com proficiência em Língua Portuguesa e Matemática (%)"
3506201,"Bento de Abreu",40.74,2022,"Escolaridade",32.24,"Proporção média de  alunos do 9º ano com proficiência em Língua Portuguesa e Matemática (%)"
3506201,"Bento de Abreu",44.175,2024,"Escolaridade",31.01,"Proporção média de  alunos do 9º ano com proficiência em Língua Portuguesa e Matemática (%)"
3506300,"Bernardino de Campos",30.52927498,2014,"Escolaridade",20.17,"Proporção média de  alunos do 9º ano com proficiência em Língua Portuguesa e Matemática (%)"
3506300,"Bernardino de Campos",33.56372379,2016,"Escolaridade",24.39,"Proporção média de  alunos do 9º ano com proficiência em Língua Portuguesa e Matemática (%)"
3506300,"Bernardino de Campos",36.7917614,2018,"Escolaridade",29.18,"Proporção média de  alunos do 9º ano com proficiência em Língua Portuguesa e Matemática (%)"
3506300,"Bernardino de Campos",31.50430149,2020,"Escolaridade",33.99,"Proporção média de  alunos do 9º ano com proficiência em Língua Portuguesa e Matemática (%)"
3506300,"Bernardino de Campos",31.795,2022,"Escolaridade",32.24,"Proporção média de  alunos do 9º ano com proficiência em Língua Portuguesa e Matemática (%)"
3506300,"Bernardino de Campos",37.235,2024,"Escolaridade",31.01,"Proporção média de  alunos do 9º ano com proficiência em Língua Portuguesa e Matemática (%)"
3506359,"Bertioga",12.7489329,2014,"Escolaridade",20.17,"Proporção média de  alunos do 9º ano com proficiência em Língua Portuguesa e Matemática (%)"
3506359,"Bertioga",19.06189606,2016,"Escolaridade",24.39,"Proporção média de  alunos do 9º ano com proficiência em Língua Portuguesa e Matemática (%)"
3506359,"Bertioga",22.05775785,2018,"Escolaridade",29.18,"Proporção média de  alunos do 9º ano com proficiência em Língua Portuguesa e Matemática (%)"
3506359,"Bertioga",27.69852316,2020,"Escolaridade",33.99,"Proporção média de  alunos do 9º ano com proficiência em Língua Portuguesa e Matemática (%)"
3506359,"Bertioga",27.855,2022,"Escolaridade",32.24,"Proporção média de  alunos do 9º ano com proficiência em Língua Portuguesa e Matemática (%)"
3506359,"Bertioga",26.55,2024,"Escolaridade",31.01,"Proporção média de  alunos do 9º ano com proficiência em Língua Portuguesa e Matemática (%)"
3506409,"Bilac",32.9266806,2014,"Escolaridade",20.17,"Proporção média de  alunos do 9º ano com proficiência em Língua Portuguesa e Matemática (%)"
3506409,"Bilac",28.62509753,2016,"Escolaridade",24.39,"Proporção média de  alunos do 9º ano com proficiência em Língua Portuguesa e Matemática (%)"
3506409,"Bilac",36.24529931,2018,"Escolaridade",29.18,"Proporção média de  alunos do 9º ano com proficiência em Língua Portuguesa e Matemática (%)"
3506409,"Bilac",51.45238486,2020,"Escolaridade",33.99,"Proporção média de  alunos do 9º ano com proficiência em Língua Portuguesa e Matemática (%)"
3506409,"Bilac",35.8,2022,"Escolaridade",32.24,"Proporção média de  alunos do 9º ano com proficiência em Língua Portuguesa e Matemática (%)"
3506409,"Bilac",43.8,2024,"Escolaridade",31.01,"Proporção média de  alunos do 9º ano com proficiência em Língua Portuguesa e Matemática (%)"
3506508,"Birigui",28.89787363,2014,"Escolaridade",20.17,"Proporção média de  alunos do 9º ano com proficiência em Língua Portuguesa e Matemática (%)"
3506508,"Birigui",34.98530747,2016,"Escolaridade",24.39,"Proporção média de  alunos do 9º ano com proficiência em Língua Portuguesa e Matemática (%)"
3506508,"Birigui",44.3949172,2018,"Escolaridade",29.18,"Proporção média de  alunos do 9º ano com proficiência em Língua Portuguesa e Matemática (%)"
3506508,"Birigui",44.04459964,2020,"Escolaridade",33.99,"Proporção média de  alunos do 9º ano com proficiência em Língua Portuguesa e Matemática (%)"
3506508,"Birigui",39.13,2022,"Escolaridade",32.24,"Proporção média de  alunos do 9º ano com proficiência em Língua Portuguesa e Matemática (%)"
3506508,"Birigui",43.29,2024,"Escolaridade",31.01,"Proporção média de  alunos do 9º ano com proficiência em Língua Portuguesa e Matemática (%)"
3506607,"Biritiba Mirim",13.23801732,2014,"Escolaridade",20.17,"Proporção média de  alunos do 9º ano com proficiência em Língua Portuguesa e Matemática (%)"
3506607,"Biritiba Mirim",19.91931768,2016,"Escolaridade",24.39,"Proporção média de  alunos do 9º ano com proficiência em Língua Portuguesa e Matemática (%)"
3506607,"Biritiba Mirim",22.70859789,2018,"Escolaridade",29.18,"Proporção média de  alunos do 9º ano com proficiência em Língua Portuguesa e Matemática (%)"
3506607,"Biritiba Mirim",32.01175043,2020,"Escolaridade",33.99,"Proporção média de  alunos do 9º ano com proficiência em Língua Portuguesa e Matemática (%)"
3506607,"Biritiba Mirim",24.565,2022,"Escolaridade",32.24,"Proporção média de  alunos do 9º ano com proficiência em Língua Portuguesa e Matemática (%)"
3506607,"Biritiba Mirim",23.825,2024,"Escolaridade",31.01,"Proporção média de  alunos do 9º ano com proficiência em Língua Portuguesa e Matemática (%)"
3506706,"Boa Esperança do Sul",17.9688057,2014,"Escolaridade",20.17,"Proporção média de  alunos do 9º ano com proficiência em Língua Portuguesa e Matemática (%)"
3506706,"Boa Esperança do Sul",10.9536706,2016,"Escolaridade",24.39,"Proporção média de  alunos do 9º ano com proficiência em Língua Portuguesa e Matemática (%)"
3506706,"Boa Esperança do Sul",12.67278144,2018,"Escolaridade",29.18,"Proporção média de  alunos do 9º ano com proficiência em Língua Portuguesa e Matemática (%)"
3506706,"Boa Esperança do Sul",23.4203742,2020,"Escolaridade",33.99,"Proporção média de  alunos do 9º ano com proficiência em Língua Portuguesa e Matemática (%)"
3506706,"Boa Esperança do Sul",15.585,2022,"Escolaridade",32.24,"Proporção média de  alunos do 9º ano com proficiência em Língua Portuguesa e Matemática (%)"
3506706,"Boa Esperança do Sul",20.14,2024,"Escolaridade",31.01,"Proporção média de  alunos do 9º ano com proficiência em Língua Portuguesa e Matemática (%)"
3506805,"Bocaina",25.09207712,2014,"Escolaridade",20.17,"Proporção média de  alunos do 9º ano com proficiência em Língua Portuguesa e Matemática (%)"
3506805,"Bocaina",14.76366517,2016,"Escolaridade",24.39,"Proporção média de  alunos do 9º ano com proficiência em Língua Portuguesa e Matemática (%)"
3506805,"Bocaina",33.65056723,2018,"Escolaridade",29.18,"Proporção média de  alunos do 9º ano com proficiência em Língua Portuguesa e Matemática (%)"
3506805,"Bocaina",28.0994432,2020,"Escolaridade",33.99,"Proporção média de  alunos do 9º ano com proficiência em Língua Portuguesa e Matemática (%)"
3506805,"Bocaina",40.085,2022,"Escolaridade",32.24,"Proporção média de  alunos do 9º ano com proficiência em Língua Portuguesa e Matemática (%)"
3506805,"Bocaina",34.835,2024,"Escolaridade",31.01,"Proporção média de  alunos do 9º ano com proficiência em Língua Portuguesa e Matemática (%)"
3506904,"Bofete",22.60388589,2014,"Escolaridade",20.17,"Proporção média de  alunos do 9º ano com proficiência em Língua Portuguesa e Matemática (%)"
3506904,"Bofete",25.04625475,2016,"Escolaridade",24.39,"Proporção média de  alunos do 9º ano com proficiência em Língua Portuguesa e Matemática (%)"
3506904,"Bofete",27.15243342,2018,"Escolaridade",29.18,"Proporção média de  alunos do 9º ano com proficiência em Língua Portuguesa e Matemática (%)"
3506904,"Bofete",41.41239636,2020,"Escolaridade",33.99,"Proporção média de  alunos do 9º ano com proficiência em Língua Portuguesa e Matemática (%)"
3506904,"Bofete",27.725,2022,"Escolaridade",32.24,"Proporção média de  alunos do 9º ano com proficiência em Língua Portuguesa e Matemática (%)"
3506904,"Bofete",31.805,2024,"Escolaridade",31.01,"Proporção média de  alunos do 9º ano com proficiência em Língua Portuguesa e Matemática (%)"
3507001,"Boituva",22.69033417,2014,"Escolaridade",20.17,"Proporção média de  alunos do 9º ano com proficiência em Língua Portuguesa e Matemática (%)"
3507001,"Boituva",35.17001888,2016,"Escolaridade",24.39,"Proporção média de  alunos do 9º ano com proficiência em Língua Portuguesa e Matemática (%)"
3507001,"Boituva",34.96509106,2018,"Escolaridade",29.18,"Proporção média de  alunos do 9º ano com proficiência em Língua Portuguesa e Matemática (%)"
3507001,"Boituva",34.671949239999996,2020,"Escolaridade",33.99,"Proporção média de  alunos do 9º ano com proficiência em Língua Portuguesa e Matemática (%)"
3507001,"Boituva",38.26,2022,"Escolaridade",32.24,"Proporção média de  alunos do 9º ano com proficiência em Língua Portuguesa e Matemática (%)"
3507001,"Boituva",35.31,2024,"Escolaridade",31.01,"Proporção média de  alunos do 9º ano com proficiência em Língua Portuguesa e Matemática (%)"
3507100,"Bom Jesus dos Perdões",27.6123711,2014,"Escolaridade",20.17,"Proporção média de  alunos do 9º ano com proficiência em Língua Portuguesa e Matemática (%)"
3507100,"Bom Jesus dos Perdões",25.10542859,2016,"Escolaridade",24.39,"Proporção média de  alunos do 9º ano com proficiência em Língua Portuguesa e Matemática (%)"
3507100,"Bom Jesus dos Perdões",31.11941824,2018,"Escolaridade",29.18,"Proporção média de  alunos do 9º ano com proficiência em Língua Portuguesa e Matemática (%)"
3507100,"Bom Jesus dos Perdões",32.55348563,2020,"Escolaridade",33.99,"Proporção média de  alunos do 9º ano com proficiência em Língua Portuguesa e Matemática (%)"
3507100,"Bom Jesus dos Perdões",37.27,2022,"Escolaridade",32.24,"Proporção média de  alunos do 9º ano com proficiência em Língua Portuguesa e Matemática (%)"
3507100,"Bom Jesus dos Perdões",31.325,2024,"Escolaridade",31.01,"Proporção média de  alunos do 9º ano com proficiência em Língua Portuguesa e Matemática (%)"
3507159,"Bom Sucesso de Itararé",22.81194296,2014,"Escolaridade",20.17,"Proporção média de  alunos do 9º ano com proficiência em Língua Portuguesa e Matemática (%)"
3507159,"Bom Sucesso de Itararé",19.72089717,2016,"Escolaridade",24.39,"Proporção média de  alunos do 9º ano com proficiência em Língua Portuguesa e Matemática (%)"
3507159,"Bom Sucesso de Itararé",18.15865385,2018,"Escolaridade",29.18,"Proporção média de  alunos do 9º ano com proficiência em Língua Portuguesa e Matemática (%)"
3507159,"Bom Sucesso de Itararé",36.62807552,2020,"Escolaridade",33.99,"Proporção média de  alunos do 9º ano com proficiência em Língua Portuguesa e Matemática (%)"
3507159,"Bom Sucesso de Itararé",24.715,2022,"Escolaridade",32.24,"Proporção média de  alunos do 9º ano com proficiência em Língua Portuguesa e Matemática (%)"
3507159,"Bom Sucesso de Itararé",24.82,2024,"Escolaridade",31.01,"Proporção média de  alunos do 9º ano com proficiência em Língua Portuguesa e Matemática (%)"
3507209,"Borá",40.74074074,2014,"Escolaridade",20.17,"Proporção média de  alunos do 9º ano com proficiência em Língua Portuguesa e Matemática (%)"
3507209,"Borá",45.45454545,2016,"Escolaridade",24.39,"Proporção média de  alunos do 9º ano com proficiência em Língua Portuguesa e Matemática (%)"
3507209,"Borá",45.45454545,2018,"Escolaridade",29.18,"Proporção média de  alunos do 9º ano com proficiência em Língua Portuguesa e Matemática (%)"
3507209,"Borá",40.00335893,2020,"Escolaridade",33.99,"Proporção média de  alunos do 9º ano com proficiência em Língua Portuguesa e Matemática (%)"
3507209,"Borá",18.18,2022,"Escolaridade",32.24,"Proporção média de  alunos do 9º ano com proficiência em Língua Portuguesa e Matemática (%)"
3507209,"Borá",41.67,2024,"Escolaridade",31.01,"Proporção média de  alunos do 9º ano com proficiência em Língua Portuguesa e Matemática (%)"
3507308,"Boracéia",32.66733434,2014,"Escolaridade",20.17,"Proporção média de  alunos do 9º ano com proficiência em Língua Portuguesa e Matemática (%)"
3507308,"Boracéia",31.93172071,2016,"Escolaridade",24.39,"Proporção média de  alunos do 9º ano com proficiência em Língua Portuguesa e Matemática (%)"
3507308,"Boracéia",43.46543779,2018,"Escolaridade",29.18,"Proporção média de  alunos do 9º ano com proficiência em Língua Portuguesa e Matemática (%)"
3507308,"Boracéia",36.3224943,2020,"Escolaridade",33.99,"Proporção média de  alunos do 9º ano com proficiência em Língua Portuguesa e Matemática (%)"
3507308,"Boracéia",35.99,2022,"Escolaridade",32.24,"Proporção média de  alunos do 9º ano com proficiência em Língua Portuguesa e Matemática (%)"
3507308,"Boracéia",28.96,2024,"Escolaridade",31.01,"Proporção média de  alunos do 9º ano com proficiência em Língua Portuguesa e Matemática (%)"
3507407,"Borborema",23.71551934,2014,"Escolaridade",20.17,"Proporção média de  alunos do 9º ano com proficiência em Língua Portuguesa e Matemática (%)"
3507407,"Borborema",30.48744457,2016,"Escolaridade",24.39,"Proporção média de  alunos do 9º ano com proficiência em Língua Portuguesa e Matemática (%)"
3507407,"Borborema",28.42815469,2018,"Escolaridade",29.18,"Proporção média de  alunos do 9º ano com proficiência em Língua Portuguesa e Matemática (%)"
3507407,"Borborema",36.86873225,2020,"Escolaridade",33.99,"Proporção média de  alunos do 9º ano com proficiência em Língua Portuguesa e Matemática (%)"
3507407,"Borborema",31.005,2022,"Escolaridade",32.24,"Proporção média de  alunos do 9º ano com proficiência em Língua Portuguesa e Matemática (%)"
3507407,"Borborema",37.285,2024,"Escolaridade",31.01,"Proporção média de  alunos do 9º ano com proficiência em Língua Portuguesa e Matemática (%)"
3507456,"Borebi",9.818376068,2014,"Escolaridade",20.17,"Proporção média de  alunos do 9º ano com proficiência em Língua Portuguesa e Matemática (%)"
3507456,"Borebi",17.59347863,2016,"Escolaridade",24.39,"Proporção média de  alunos do 9º ano com proficiência em Língua Portuguesa e Matemática (%)"
3507456,"Borebi",28.91231964,2018,"Escolaridade",29.18,"Proporção média de  alunos do 9º ano com proficiência em Língua Portuguesa e Matemática (%)"
3507456,"Borebi",28.91231964,2020,"Escolaridade",33.99,"Proporção média de  alunos do 9º ano com proficiência em Língua Portuguesa e Matemática (%)"
3507456,"Borebi",33.21,2022,"Escolaridade",32.24,"Proporção média de  alunos do 9º ano com proficiência em Língua Portuguesa e Matemática (%)"
3507456,"Borebi",24.2,2024,"Escolaridade",31.01,"Proporção média de  alunos do 9º ano com proficiência em Língua Portuguesa e Matemática (%)"
3507506,"Botucatu",18.26423565,2014,"Escolaridade",20.17,"Proporção média de  alunos do 9º ano com proficiência em Língua Portuguesa e Matemática (%)"
3507506,"Botucatu",22.84085136,2016,"Escolaridade",24.39,"Proporção média de  alunos do 9º ano com proficiência em Língua Portuguesa e Matemática (%)"
3507506,"Botucatu",28.46429684,2018,"Escolaridade",29.18,"Proporção média de  alunos do 9º ano com proficiência em Língua Portuguesa e Matemática (%)"
3507506,"Botucatu",29.91018125,2020,"Escolaridade",33.99,"Proporção média de  alunos do 9º ano com proficiência em Língua Portuguesa e Matemática (%)"
3507506,"Botucatu",28.985,2022,"Escolaridade",32.24,"Proporção média de  alunos do 9º ano com proficiência em Língua Portuguesa e Matemática (%)"
3507506,"Botucatu",31.4,2024,"Escolaridade",31.01,"Proporção média de  alunos do 9º ano com proficiência em Língua Portuguesa e Matemática (%)"
3507605,"Bragança Paulista",20.67747881,2014,"Escolaridade",20.17,"Proporção média de  alunos do 9º ano com proficiência em Língua Portuguesa e Matemática (%)"
3507605,"Bragança Paulista",26.75988672,2016,"Escolaridade",24.39,"Proporção média de  alunos do 9º ano com proficiência em Língua Portuguesa e Matemática (%)"
3507605,"Bragança Paulista",32.5231768,2018,"Escolaridade",29.18,"Proporção média de  alunos do 9º ano com proficiência em Língua Portuguesa e Matemática (%)"
3507605,"Bragança Paulista",33.96315623,2020,"Escolaridade",33.99,"Proporção média de  alunos do 9º ano com proficiência em Língua Portuguesa e Matemática (%)"
3507605,"Bragança Paulista",35.13,2022,"Escolaridade",32.24,"Proporção média de  alunos do 9º ano com proficiência em Língua Portuguesa e Matemática (%)"
3507605,"Bragança Paulista",33.87,2024,"Escolaridade",31.01,"Proporção média de  alunos do 9º ano com proficiência em Língua Portuguesa e Matemática (%)"
3507704,"Braúna",17.09821429,2014,"Escolaridade",20.17,"Proporção média de  alunos do 9º ano com proficiência em Língua Portuguesa e Matemática (%)"
3507704,"Braúna",30.72405372,2016,"Escolaridade",24.39,"Proporção média de  alunos do 9º ano com proficiência em Língua Portuguesa e Matemática (%)"
3507704,"Braúna",29.93765394,2018,"Escolaridade",29.18,"Proporção média de  alunos do 9º ano com proficiência em Língua Portuguesa e Matemática (%)"
3507704,"Braúna",35.27865144,2020,"Escolaridade",33.99,"Proporção média de  alunos do 9º ano com proficiência em Língua Portuguesa e Matemática (%)"
3507704,"Braúna",25.24,2022,"Escolaridade",32.24,"Proporção média de  alunos do 9º ano com proficiência em Língua Portuguesa e Matemática (%)"
3507704,"Braúna",41.45,2024,"Escolaridade",31.01,"Proporção média de  alunos do 9º ano com proficiência em Língua Portuguesa e Matemática (%)"
3507753,"Brejo Alegre",23.83997077,2014,"Escolaridade",20.17,"Proporção média de  alunos do 9º ano com proficiência em Língua Portuguesa e Matemática (%)"
3507753,"Brejo Alegre",13.53869353,2016,"Escolaridade",24.39,"Proporção média de  alunos do 9º ano com proficiência em Língua Portuguesa e Matemática (%)"
3507753,"Brejo Alegre",25.72463768,2018,"Escolaridade",29.18,"Proporção média de  alunos do 9º ano com proficiência em Língua Portuguesa e Matemática (%)"
3507753,"Brejo Alegre",31.27732979,2020,"Escolaridade",33.99,"Proporção média de  alunos do 9º ano com proficiência em Língua Portuguesa e Matemática (%)"
3507753,"Brejo Alegre",37.45,2022,"Escolaridade",32.24,"Proporção média de  alunos do 9º ano com proficiência em Língua Portuguesa e Matemática (%)"
3507753,"Brejo Alegre",33.24,2024,"Escolaridade",31.01,"Proporção média de  alunos do 9º ano com proficiência em Língua Portuguesa e Matemática (%)"
3507803,"Brodowski",22.10219754,2014,"Escolaridade",20.17,"Proporção média de  alunos do 9º ano com proficiência em Língua Portuguesa e Matemática (%)"
3507803,"Brodowski",24.58107926,2016,"Escolaridade",24.39,"Proporção média de  alunos do 9º ano com proficiência em Língua Portuguesa e Matemática (%)"
3507803,"Brodowski",30.82098267,2018,"Escolaridade",29.18,"Proporção média de  alunos do 9º ano com proficiência em Língua Portuguesa e Matemática (%)"
3507803,"Brodowski",28.25601424,2020,"Escolaridade",33.99,"Proporção média de  alunos do 9º ano com proficiência em Língua Portuguesa e Matemática (%)"
3507803,"Brodowski",27.615,2022,"Escolaridade",32.24,"Proporção média de  alunos do 9º ano com proficiência em Língua Portuguesa e Matemática (%)"
3507803,"Brodowski",23.15,2024,"Escolaridade",31.01,"Proporção média de  alunos do 9º ano com proficiência em Língua Portuguesa e Matemática (%)"
3507902,"Brotas",23.13125999,2014,"Escolaridade",20.17,"Proporção média de  alunos do 9º ano com proficiência em Língua Portuguesa e Matemática (%)"
3507902,"Brotas",26.87913293,2016,"Escolaridade",24.39,"Proporção média de  alunos do 9º ano com proficiência em Língua Portuguesa e Matemática (%)"
3507902,"Brotas",27.04038599,2018,"Escolaridade",29.18,"Proporção média de  alunos do 9º ano com proficiência em Língua Portuguesa e Matemática (%)"
3507902,"Brotas",32.62165663,2020,"Escolaridade",33.99,"Proporção média de  alunos do 9º ano com proficiência em Língua Portuguesa e Matemática (%)"
3507902,"Brotas",29.745,2022,"Escolaridade",32.24,"Proporção média de  alunos do 9º ano com proficiência em Língua Portuguesa e Matemática (%)"
3507902,"Brotas",29.955,2024,"Escolaridade",31.01,"Proporção média de  alunos do 9º ano com proficiência em Língua Portuguesa e Matemática (%)"
3508009,"Buri",15.56794078,2014,"Escolaridade",20.17,"Proporção média de  alunos do 9º ano com proficiência em Língua Portuguesa e Matemática (%)"
3508009,"Buri",21.36709951,2016,"Escolaridade",24.39,"Proporção média de  alunos do 9º ano com proficiência em Língua Portuguesa e Matemática (%)"
3508009,"Buri",24.1467332,2018,"Escolaridade",29.18,"Proporção média de  alunos do 9º ano com proficiência em Língua Portuguesa e Matemática (%)"
3508009,"Buri",30.21450664,2020,"Escolaridade",33.99,"Proporção média de  alunos do 9º ano com proficiência em Língua Portuguesa e Matemática (%)"
3508009,"Buri",27.45,2022,"Escolaridade",32.24,"Proporção média de  alunos do 9º ano com proficiência em Língua Portuguesa e Matemática (%)"
3508009,"Buri",32.57,2024,"Escolaridade",31.01,"Proporção média de  alunos do 9º ano com proficiência em Língua Portuguesa e Matemática (%)"
3508108,"Buritama",23.02027892,2014,"Escolaridade",20.17,"Proporção média de  alunos do 9º ano com proficiência em Língua Portuguesa e Matemática (%)"
3508108,"Buritama",31.7716961,2016,"Escolaridade",24.39,"Proporção média de  alunos do 9º ano com proficiência em Língua Portuguesa e Matemática (%)"
3508108,"Buritama",35.82821234,2018,"Escolaridade",29.18,"Proporção média de  alunos do 9º ano com proficiência em Língua Portuguesa e Matemática (%)"
3508108,"Buritama",42.80154179,2020,"Escolaridade",33.99,"Proporção média de  alunos do 9º ano com proficiência em Língua Portuguesa e Matemática (%)"
3508108,"Buritama",33.72,2022,"Escolaridade",32.24,"Proporção média de  alunos do 9º ano com proficiência em Língua Portuguesa e Matemática (%)"
3508108,"Buritama",30.82,2024,"Escolaridade",31.01,"Proporção média de  alunos do 9º ano com proficiência em Língua Portuguesa e Matemática (%)"
3508207,"Buritizal",32.69230769,2014,"Escolaridade",20.17,"Proporção média de  alunos do 9º ano com proficiência em Língua Portuguesa e Matemática (%)"
3508207,"Buritizal",28.56775452,2016,"Escolaridade",24.39,"Proporção média de  alunos do 9º ano com proficiência em Língua Portuguesa e Matemática (%)"
3508207,"Buritizal",42.52941176,2018,"Escolaridade",29.18,"Proporção média de  alunos do 9º ano com proficiência em Língua Portuguesa e Matemática (%)"
3508207,"Buritizal",42.52941176,2020,"Escolaridade",33.99,"Proporção média de  alunos do 9º ano com proficiência em Língua Portuguesa e Matemática (%)"
3508207,"Buritizal",50.905,2022,"Escolaridade",32.24,"Proporção média de  alunos do 9º ano com proficiência em Língua Portuguesa e Matemática (%)"
3508207,"Buritizal",30.08,2024,"Escolaridade",31.01,"Proporção média de  alunos do 9º ano com proficiência em Língua Portuguesa e Matemática (%)"
3508306,"Cabrália Paulista",22.69942068,2014,"Escolaridade",20.17,"Proporção média de  alunos do 9º ano com proficiência em Língua Portuguesa e Matemática (%)"
3508306,"Cabrália Paulista",13.98261112,2016,"Escolaridade",24.39,"Proporção média de  alunos do 9º ano com proficiência em Língua Portuguesa e Matemática (%)"
3508306,"Cabrália Paulista",27.08333333,2018,"Escolaridade",29.18,"Proporção média de  alunos do 9º ano com proficiência em Língua Portuguesa e Matemática (%)"
3508306,"Cabrália Paulista",28.69131887,2020,"Escolaridade",33.99,"Proporção média de  alunos do 9º ano com proficiência em Língua Portuguesa e Matemática (%)"
3508306,"Cabrália Paulista",24.695,2022,"Escolaridade",32.24,"Proporção média de  alunos do 9º ano com proficiência em Língua Portuguesa e Matemática (%)"
3508306,"Cabrália Paulista",37.495,2024,"Escolaridade",31.01,"Proporção média de  alunos do 9º ano com proficiência em Língua Portuguesa e Matemática (%)"
3508405,"Cabreúva",24.92458757,2014,"Escolaridade",20.17,"Proporção média de  alunos do 9º ano com proficiência em Língua Portuguesa e Matemática (%)"
3508405,"Cabreúva",24.84240847,2016,"Escolaridade",24.39,"Proporção média de  alunos do 9º ano com proficiência em Língua Portuguesa e Matemática (%)"
3508405,"Cabreúva",30.58895504,2018,"Escolaridade",29.18,"Proporção média de  alunos do 9º ano com proficiência em Língua Portuguesa e Matemática (%)"
3508405,"Cabreúva",30.47931168,2020,"Escolaridade",33.99,"Proporção média de  alunos do 9º ano com proficiência em Língua Portuguesa e Matemática (%)"
3508405,"Cabreúva",34.815,2022,"Escolaridade",32.24,"Proporção média de  alunos do 9º ano com proficiência em Língua Portuguesa e Matemática (%)"
3508405,"Cabreúva",32.415,2024,"Escolaridade",31.01,"Proporção média de  alunos do 9º ano com proficiência em Língua Portuguesa e Matemática (%)"
3508504,"Caçapava",17.71123613,2014,"Escolaridade",20.17,"Proporção média de  alunos do 9º ano com proficiência em Língua Portuguesa e Matemática (%)"
3508504,"Caçapava",22.25159316,2016,"Escolaridade",24.39,"Proporção média de  alunos do 9º ano com proficiência em Língua Portuguesa e Matemática (%)"
3508504,"Caçapava",25.451236,2018,"Escolaridade",29.18,"Proporção média de  alunos do 9º ano com proficiência em Língua Portuguesa e Matemática (%)"
3508504,"Caçapava",33.95178416,2020,"Escolaridade",33.99,"Proporção média de  alunos do 9º ano com proficiência em Língua Portuguesa e Matemática (%)"
3508504,"Caçapava",32.105,2022,"Escolaridade",32.24,"Proporção média de  alunos do 9º ano com proficiência em Língua Portuguesa e Matemática (%)"
3508504,"Caçapava",30.41,2024,"Escolaridade",31.01,"Proporção média de  alunos do 9º ano com proficiência em Língua Portuguesa e Matemática (%)"
3508603,"Cachoeira Paulista",17.13008443,2014,"Escolaridade",20.17,"Proporção média de  alunos do 9º ano com proficiência em Língua Portuguesa e Matemática (%)"
3508603,"Cachoeira Paulista",21.59095075,2016,"Escolaridade",24.39,"Proporção média de  alunos do 9º ano com proficiência em Língua Portuguesa e Matemática (%)"
3508603,"Cachoeira Paulista",21.8172771,2018,"Escolaridade",29.18,"Proporção média de  alunos do 9º ano com proficiência em Língua Portuguesa e Matemática (%)"
3508603,"Cachoeira Paulista",33.47403473,2020,"Escolaridade",33.99,"Proporção média de  alunos do 9º ano com proficiência em Língua Portuguesa e Matemática (%)"
3508603,"Cachoeira Paulista",26.78,2022,"Escolaridade",32.24,"Proporção média de  alunos do 9º ano com proficiência em Língua Portuguesa e Matemática (%)"
3508603,"Cachoeira Paulista",26.39,2024,"Escolaridade",31.01,"Proporção média de  alunos do 9º ano com proficiência em Língua Portuguesa e Matemática (%)"
3508702,"Caconde",24.14060546,2014,"Escolaridade",20.17,"Proporção média de  alunos do 9º ano com proficiência em Língua Portuguesa e Matemática (%)"
3508702,"Caconde",25.82612496,2016,"Escolaridade",24.39,"Proporção média de  alunos do 9º ano com proficiência em Língua Portuguesa e Matemática (%)"
3508702,"Caconde",25.48457782,2018,"Escolaridade",29.18,"Proporção média de  alunos do 9º ano com proficiência em Língua Portuguesa e Matemática (%)"
3508702,"Caconde",28.30645979,2020,"Escolaridade",33.99,"Proporção média de  alunos do 9º ano com proficiência em Língua Portuguesa e Matemática (%)"
3508702,"Caconde",23.315,2022,"Escolaridade",32.24,"Proporção média de  alunos do 9º ano com proficiência em Língua Portuguesa e Matemática (%)"
3508702,"Caconde",30.99,2024,"Escolaridade",31.01,"Proporção média de  alunos do 9º ano com proficiência em Língua Portuguesa e Matemática (%)"
3508801,"Cafelândia",20.55644822,2014,"Escolaridade",20.17,"Proporção média de  alunos do 9º ano com proficiência em Língua Portuguesa e Matemática (%)"
3508801,"Cafelândia",21.72779478,2016,"Escolaridade",24.39,"Proporção média de  alunos do 9º ano com proficiência em Língua Portuguesa e Matemática (%)"
3508801,"Cafelândia",26.23956647,2018,"Escolaridade",29.18,"Proporção média de  alunos do 9º ano com proficiência em Língua Portuguesa e Matemática (%)"
3508801,"Cafelândia",27.72071778,2020,"Escolaridade",33.99,"Proporção média de  alunos do 9º ano com proficiência em Língua Portuguesa e Matemática (%)"
3508801,"Cafelândia",25.325,2022,"Escolaridade",32.24,"Proporção média de  alunos do 9º ano com proficiência em Língua Portuguesa e Matemática (%)"
3508801,"Cafelândia",25.705,2024,"Escolaridade",31.01,"Proporção média de  alunos do 9º ano com proficiência em Língua Portuguesa e Matemática (%)"
3508900,"Caiabu",23.44503152,2014,"Escolaridade",20.17,"Proporção média de  alunos do 9º ano com proficiência em Língua Portuguesa e Matemática (%)"
3508900,"Caiabu",18.82352428,2016,"Escolaridade",24.39,"Proporção média de  alunos do 9º ano com proficiência em Língua Portuguesa e Matemática (%)"
3508900,"Caiabu",27.77777778,2018,"Escolaridade",29.18,"Proporção média de  alunos do 9º ano com proficiência em Língua Portuguesa e Matemática (%)"
3508900,"Caiabu",25.5782794,2020,"Escolaridade",33.99,"Proporção média de  alunos do 9º ano com proficiência em Língua Portuguesa e Matemática (%)"
3508900,"Caiabu",23.76,2022,"Escolaridade",32.24,"Proporção média de  alunos do 9º ano com proficiência em Língua Portuguesa e Matemática (%)"
3508900,"Caiabu",36.91,2024,"Escolaridade",31.01,"Proporção média de  alunos do 9º ano com proficiência em Língua Portuguesa e Matemática (%)"
3509007,"Caieiras",19.65900593,2014,"Escolaridade",20.17,"Proporção média de  alunos do 9º ano com proficiência em Língua Portuguesa e Matemática (%)"
3509007,"Caieiras",26.72726482,2016,"Escolaridade",24.39,"Proporção média de  alunos do 9º ano com proficiência em Língua Portuguesa e Matemática (%)"
3509007,"Caieiras",29.49258799,2018,"Escolaridade",29.18,"Proporção média de  alunos do 9º ano com proficiência em Língua Portuguesa e Matemática (%)"
3509007,"Caieiras",35.81853138,2020,"Escolaridade",33.99,"Proporção média de  alunos do 9º ano com proficiência em Língua Portuguesa e Matemática (%)"
3509007,"Caieiras",36.835,2022,"Escolaridade",32.24,"Proporção média de  alunos do 9º ano com proficiência em Língua Portuguesa e Matemática (%)"
3509007,"Caieiras",35.865,2024,"Escolaridade",31.01,"Proporção média de  alunos do 9º ano com proficiência em Língua Portuguesa e Matemática (%)"
3509106,"Caiuá",15.49328822,2014,"Escolaridade",20.17,"Proporção média de  alunos do 9º ano com proficiência em Língua Portuguesa e Matemática (%)"
3509106,"Caiuá",26.78153453,2016,"Escolaridade",24.39,"Proporção média de  alunos do 9º ano com proficiência em Língua Portuguesa e Matemática (%)"
3509106,"Caiuá",21.34178038,2018,"Escolaridade",29.18,"Proporção média de  alunos do 9º ano com proficiência em Língua Portuguesa e Matemática (%)"
3509106,"Caiuá",36.90786091,2020,"Escolaridade",33.99,"Proporção média de  alunos do 9º ano com proficiência em Língua Portuguesa e Matemática (%)"
3509106,"Caiuá",43.125,2022,"Escolaridade",32.24,"Proporção média de  alunos do 9º ano com proficiência em Língua Portuguesa e Matemática (%)"
3509106,"Caiuá",32.96,2024,"Escolaridade",31.01,"Proporção média de  alunos do 9º ano com proficiência em Língua Portuguesa e Matemática (%)"
3509205,"Cajamar",14.98099924,2014,"Escolaridade",20.17,"Proporção média de  alunos do 9º ano com proficiência em Língua Portuguesa e Matemática (%)"
3509205,"Cajamar",14.12080811,2016,"Escolaridade",24.39,"Proporção média de  alunos do 9º ano com proficiência em Língua Portuguesa e Matemática (%)"
3509205,"Cajamar",23.63954952,2018,"Escolaridade",29.18,"Proporção média de  alunos do 9º ano com proficiência em Língua Portuguesa e Matemática (%)"
3509205,"Cajamar",29.15090434,2020,"Escolaridade",33.99,"Proporção média de  alunos do 9º ano com proficiência em Língua Portuguesa e Matemática (%)"
3509205,"Cajamar",28.73,2022,"Escolaridade",32.24,"Proporção média de  alunos do 9º ano com proficiência em Língua Portuguesa e Matemática (%)"
3509205,"Cajamar",29.03,2024,"Escolaridade",31.01,"Proporção média de  alunos do 9º ano com proficiência em Língua Portuguesa e Matemática (%)"
3509254,"Cajati",16.04773622,2014,"Escolaridade",20.17,"Proporção média de  alunos do 9º ano com proficiência em Língua Portuguesa e Matemática (%)"
3509254,"Cajati",22.51501665,2016,"Escolaridade",24.39,"Proporção média de  alunos do 9º ano com proficiência em Língua Portuguesa e Matemática (%)"
3509254,"Cajati",19.93831151,2018,"Escolaridade",29.18,"Proporção média de  alunos do 9º ano com proficiência em Língua Portuguesa e Matemática (%)"
3509254,"Cajati",32.14166047,2020,"Escolaridade",33.99,"Proporção média de  alunos do 9º ano com proficiência em Língua Portuguesa e Matemática (%)"
3509254,"Cajati",24.025,2022,"Escolaridade",32.24,"Proporção média de  alunos do 9º ano com proficiência em Língua Portuguesa e Matemática (%)"
3509254,"Cajati",30.945,2024,"Escolaridade",31.01,"Proporção média de  alunos do 9º ano com proficiência em Língua Portuguesa e Matemática (%)"
3509304,"Cajobi",31.0780687,2014,"Escolaridade",20.17,"Proporção média de  alunos do 9º ano com proficiência em Língua Portuguesa e Matemática (%)"
3509304,"Cajobi",32.55918777,2016,"Escolaridade",24.39,"Proporção média de  alunos do 9º ano com proficiência em Língua Portuguesa e Matemática (%)"
3509304,"Cajobi",53.31368394,2018,"Escolaridade",29.18,"Proporção média de  alunos do 9º ano com proficiência em Língua Portuguesa e Matemática (%)"
3509304,"Cajobi",44.12511391,2020,"Escolaridade",33.99,"Proporção média de  alunos do 9º ano com proficiência em Língua Portuguesa e Matemática (%)"
3509304,"Cajobi",43.11,2022,"Escolaridade",32.24,"Proporção média de  alunos do 9º ano com proficiência em Língua Portuguesa e Matemática (%)"
3509304,"Cajobi",41.515,2024,"Escolaridade",31.01,"Proporção média de  alunos do 9º ano com proficiência em Língua Portuguesa e Matemática (%)"
3509403,"Cajuru",16.8336884,2014,"Escolaridade",20.17,"Proporção média de  alunos do 9º ano com proficiência em Língua Portuguesa e Matemática (%)"
3509403,"Cajuru",21.24660002,2016,"Escolaridade",24.39,"Proporção média de  alunos do 9º ano com proficiência em Língua Portuguesa e Matemática (%)"
3509403,"Cajuru",21.93906312,2018,"Escolaridade",29.18,"Proporção média de  alunos do 9º ano com proficiência em Língua Portuguesa e Matemática (%)"
3509403,"Cajuru",27.08560761,2020,"Escolaridade",33.99,"Proporção média de  alunos do 9º ano com proficiência em Língua Portuguesa e Matemática (%)"
3509403,"Cajuru",21.52,2022,"Escolaridade",32.24,"Proporção média de  alunos do 9º ano com proficiência em Língua Portuguesa e Matemática (%)"
3509403,"Cajuru",22.22,2024,"Escolaridade",31.01,"Proporção média de  alunos do 9º ano com proficiência em Língua Portuguesa e Matemática (%)"
3509452,"Campina do Monte Alegre",17.32349706,2014,"Escolaridade",20.17,"Proporção média de  alunos do 9º ano com proficiência em Língua Portuguesa e Matemática (%)"
3509452,"Campina do Monte Alegre",26.81995694,2016,"Escolaridade",24.39,"Proporção média de  alunos do 9º ano com proficiência em Língua Portuguesa e Matemática (%)"
3509452,"Campina do Monte Alegre",22.62117988,2018,"Escolaridade",29.18,"Proporção média de  alunos do 9º ano com proficiência em Língua Portuguesa e Matemática (%)"
3509452,"Campina do Monte Alegre",25.16133952,2020,"Escolaridade",33.99,"Proporção média de  alunos do 9º ano com proficiência em Língua Portuguesa e Matemática (%)"
3509452,"Campina do Monte Alegre",25.16133952,2022,"Escolaridade",32.24,"Proporção média de  alunos do 9º ano com proficiência em Língua Portuguesa e Matemática (%)"
3509452,"Campina do Monte Alegre",24.065,2024,"Escolaridade",31.01,"Proporção média de  alunos do 9º ano com proficiência em Língua Portuguesa e Matemática (%)"
3509502,"Campinas",20.55448929,2014,"Escolaridade",20.17,"Proporção média de  alunos do 9º ano com proficiência em Língua Portuguesa e Matemática (%)"
3509502,"Campinas",23.23756286,2016,"Escolaridade",24.39,"Proporção média de  alunos do 9º ano com proficiência em Língua Portuguesa e Matemática (%)"
3509502,"Campinas",28.20525379,2018,"Escolaridade",29.18,"Proporção média de  alunos do 9º ano com proficiência em Língua Portuguesa e Matemática (%)"
3509502,"Campinas",35.36887964,2020,"Escolaridade",33.99,"Proporção média de  alunos do 9º ano com proficiência em Língua Portuguesa e Matemática (%)"
3509502,"Campinas",32.15,2022,"Escolaridade",32.24,"Proporção média de  alunos do 9º ano com proficiência em Língua Portuguesa e Matemática (%)"
3509502,"Campinas",29.24,2024,"Escolaridade",31.01,"Proporção média de  alunos do 9º ano com proficiência em Língua Portuguesa e Matemática (%)"
3509601,"Campo Limpo Paulista",19.6276058,2014,"Escolaridade",20.17,"Proporção média de  alunos do 9º ano com proficiência em Língua Portuguesa e Matemática (%)"
3509601,"Campo Limpo Paulista",23.40113513,2016,"Escolaridade",24.39,"Proporção média de  alunos do 9º ano com proficiência em Língua Portuguesa e Matemática (%)"
3509601,"Campo Limpo Paulista",26.41062583,2018,"Escolaridade",29.18,"Proporção média de  alunos do 9º ano com proficiência em Língua Portuguesa e Matemática (%)"
3509601,"Campo Limpo Paulista",27.87553602,2020,"Escolaridade",33.99,"Proporção média de  alunos do 9º ano com proficiência em Língua Portuguesa e Matemática (%)"
3509601,"Campo Limpo Paulista",30.99,2022,"Escolaridade",32.24,"Proporção média de  alunos do 9º ano com proficiência em Língua Portuguesa e Matemática (%)"
3509601,"Campo Limpo Paulista",33.78,2024,"Escolaridade",31.01,"Proporção média de  alunos do 9º ano com proficiência em Língua Portuguesa e Matemática (%)"
3509700,"Campos do Jordão",33.10235623,2014,"Escolaridade",20.17,"Proporção média de  alunos do 9º ano com proficiência em Língua Portuguesa e Matemática (%)"
3509700,"Campos do Jordão",37.45260833,2016,"Escolaridade",24.39,"Proporção média de  alunos do 9º ano com proficiência em Língua Portuguesa e Matemática (%)"
3509700,"Campos do Jordão",45.32267472,2018,"Escolaridade",29.18,"Proporção média de  alunos do 9º ano com proficiência em Língua Portuguesa e Matemática (%)"
3509700,"Campos do Jordão",46.5293844,2020,"Escolaridade",33.99,"Proporção média de  alunos do 9º ano com proficiência em Língua Portuguesa e Matemática (%)"
3509700,"Campos do Jordão",41.87,2022,"Escolaridade",32.24,"Proporção média de  alunos do 9º ano com proficiência em Língua Portuguesa e Matemática (%)"
3509700,"Campos do Jordão",41.445,2024,"Escolaridade",31.01,"Proporção média de  alunos do 9º ano com proficiência em Língua Portuguesa e Matemática (%)"
3509809,"Campos Novos Paulista",13.88360119,2014,"Escolaridade",20.17,"Proporção média de  alunos do 9º ano com proficiência em Língua Portuguesa e Matemática (%)"
3509809,"Campos Novos Paulista",31.61297321,2016,"Escolaridade",24.39,"Proporção média de  alunos do 9º ano com proficiência em Língua Portuguesa e Matemática (%)"
3509809,"Campos Novos Paulista",24.63162087,2018,"Escolaridade",29.18,"Proporção média de  alunos do 9º ano com proficiência em Língua Portuguesa e Matemática (%)"
3509809,"Campos Novos Paulista",13.39398178,2020,"Escolaridade",33.99,"Proporção média de  alunos do 9º ano com proficiência em Língua Portuguesa e Matemática (%)"
3509809,"Campos Novos Paulista",41.14,2022,"Escolaridade",32.24,"Proporção média de  alunos do 9º ano com proficiência em Língua Portuguesa e Matemática (%)"
3509809,"Campos Novos Paulista",28.555,2024,"Escolaridade",31.01,"Proporção média de  alunos do 9º ano com proficiência em Língua Portuguesa e Matemática (%)"
3509908,"Cananéia",17.28386954,2014,"Escolaridade",20.17,"Proporção média de  alunos do 9º ano com proficiência em Língua Portuguesa e Matemática (%)"
3509908,"Cananéia",26.95125307,2016,"Escolaridade",24.39,"Proporção média de  alunos do 9º ano com proficiência em Língua Portuguesa e Matemática (%)"
3509908,"Cananéia",23.40625821,2018,"Escolaridade",29.18,"Proporção média de  alunos do 9º ano com proficiência em Língua Portuguesa e Matemática (%)"
3509908,"Cananéia",31.19360866,2020,"Escolaridade",33.99,"Proporção média de  alunos do 9º ano com proficiência em Língua Portuguesa e Matemática (%)"
3509908,"Cananéia",30.24,2022,"Escolaridade",32.24,"Proporção média de  alunos do 9º ano com proficiência em Língua Portuguesa e Matemática (%)"
3509908,"Cananéia",24.085,2024,"Escolaridade",31.01,"Proporção média de  alunos do 9º ano com proficiência em Língua Portuguesa e Matemática (%)"
3509957,"Canas",9.203839639,2014,"Escolaridade",20.17,"Proporção média de  alunos do 9º ano com proficiência em Língua Portuguesa e Matemática (%)"
3509957,"Canas",17.87413055,2016,"Escolaridade",24.39,"Proporção média de  alunos do 9º ano com proficiência em Língua Portuguesa e Matemática (%)"
3509957,"Canas",27.34724292,2018,"Escolaridade",29.18,"Proporção média de  alunos do 9º ano com proficiência em Língua Portuguesa e Matemática (%)"
3509957,"Canas",38.81351543,2020,"Escolaridade",33.99,"Proporção média de  alunos do 9º ano com proficiência em Língua Portuguesa e Matemática (%)"
3509957,"Canas",19.735,2022,"Escolaridade",32.24,"Proporção média de  alunos do 9º ano com proficiência em Língua Portuguesa e Matemática (%)"
3509957,"Canas",23.45,2024,"Escolaridade",31.01,"Proporção média de  alunos do 9º ano com proficiência em Língua Portuguesa e Matemática (%)"
3510005,"Cândido Mota",23.02733757,2014,"Escolaridade",20.17,"Proporção média de  alunos do 9º ano com proficiência em Língua Portuguesa e Matemática (%)"
3510005,"Cândido Mota",32.19469135,2016,"Escolaridade",24.39,"Proporção média de  alunos do 9º ano com proficiência em Língua Portuguesa e Matemática (%)"
3510005,"Cândido Mota",32.16393827,2018,"Escolaridade",29.18,"Proporção média de  alunos do 9º ano com proficiência em Língua Portuguesa e Matemática (%)"
3510005,"Cândido Mota",31.24418499,2020,"Escolaridade",33.99,"Proporção média de  alunos do 9º ano com proficiência em Língua Portuguesa e Matemática (%)"
3510005,"Cândido Mota",30.74,2022,"Escolaridade",32.24,"Proporção média de  alunos do 9º ano com proficiência em Língua Portuguesa e Matemática (%)"
3510005,"Cândido Mota",34.31,2024,"Escolaridade",31.01,"Proporção média de  alunos do 9º ano com proficiência em Língua Portuguesa e Matemática (%)"
3510104,"Cândido Rodrigues",31.18686869,2014,"Escolaridade",20.17,"Proporção média de  alunos do 9º ano com proficiência em Língua Portuguesa e Matemática (%)"
3510104,"Cândido Rodrigues",47.37080674,2016,"Escolaridade",24.39,"Proporção média de  alunos do 9º ano com proficiência em Língua Portuguesa e Matemática (%)"
3510104,"Cândido Rodrigues",40.68488529,2018,"Escolaridade",29.18,"Proporção média de  alunos do 9º ano com proficiência em Língua Portuguesa e Matemática (%)"
3510104,"Cândido Rodrigues",30.6862014,2020,"Escolaridade",33.99,"Proporção média de  alunos do 9º ano com proficiência em Língua Portuguesa e Matemática (%)"
3510104,"Cândido Rodrigues",46.42,2022,"Escolaridade",32.24,"Proporção média de  alunos do 9º ano com proficiência em Língua Portuguesa e Matemática (%)"
3510104,"Cândido Rodrigues",35.185,2024,"Escolaridade",31.01,"Proporção média de  alunos do 9º ano com proficiência em Língua Portuguesa e Matemática (%)"
3510153,"Canitar",10.42209691,2014,"Escolaridade",20.17,"Proporção média de  alunos do 9º ano com proficiência em Língua Portuguesa e Matemática (%)"
3510153,"Canitar",19.08455522,2016,"Escolaridade",24.39,"Proporção média de  alunos do 9º ano com proficiência em Língua Portuguesa e Matemática (%)"
3510153,"Canitar",22.22778047,2018,"Escolaridade",29.18,"Proporção média de  alunos do 9º ano com proficiência em Língua Portuguesa e Matemática (%)"
3510153,"Canitar",22.22778047,2020,"Escolaridade",33.99,"Proporção média de  alunos do 9º ano com proficiência em Língua Portuguesa e Matemática (%)"
3510153,"Canitar",20.94,2022,"Escolaridade",32.24,"Proporção média de  alunos do 9º ano com proficiência em Língua Portuguesa e Matemática (%)"
3510153,"Canitar",27.015,2024,"Escolaridade",31.01,"Proporção média de  alunos do 9º ano com proficiência em Língua Portuguesa e Matemática (%)"
3510203,"Capão Bonito",25.91906035,2014,"Escolaridade",20.17,"Proporção média de  alunos do 9º ano com proficiência em Língua Portuguesa e Matemática (%)"
3510203,"Capão Bonito",38.44557028,2016,"Escolaridade",24.39,"Proporção média de  alunos do 9º ano com proficiência em Língua Portuguesa e Matemática (%)"
3510203,"Capão Bonito",32.46904734,2018,"Escolaridade",29.18,"Proporção média de  alunos do 9º ano com proficiência em Língua Portuguesa e Matemática (%)"
3510203,"Capão Bonito",42.41123373,2020,"Escolaridade",33.99,"Proporção média de  alunos do 9º ano com proficiência em Língua Portuguesa e Matemática (%)"
3510203,"Capão Bonito",36.005,2022,"Escolaridade",32.24,"Proporção média de  alunos do 9º ano com proficiência em Língua Portuguesa e Matemática (%)"
3510203,"Capão Bonito",38.645,2024,"Escolaridade",31.01,"Proporção média de  alunos do 9º ano com proficiência em Língua Portuguesa e Matemática (%)"
3510302,"Capela do Alto",18.23165287,2014,"Escolaridade",20.17,"Proporção média de  alunos do 9º ano com proficiência em Língua Portuguesa e Matemática (%)"
3510302,"Capela do Alto",29.60807275,2016,"Escolaridade",24.39,"Proporção média de  alunos do 9º ano com proficiência em Língua Portuguesa e Matemática (%)"
3510302,"Capela do Alto",26.42540675,2018,"Escolaridade",29.18,"Proporção média de  alunos do 9º ano com proficiência em Língua Portuguesa e Matemática (%)"
3510302,"Capela do Alto",28.47938608,2020,"Escolaridade",33.99,"Proporção média de  alunos do 9º ano com proficiência em Língua Portuguesa e Matemática (%)"
3510302,"Capela do Alto",31.725,2022,"Escolaridade",32.24,"Proporção média de  alunos do 9º ano com proficiência em Língua Portuguesa e Matemática (%)"
3510302,"Capela do Alto",30.945,2024,"Escolaridade",31.01,"Proporção média de  alunos do 9º ano com proficiência em Língua Portuguesa e Matemática (%)"
3510401,"Capivari",29.15215557,2014,"Escolaridade",20.17,"Proporção média de  alunos do 9º ano com proficiência em Língua Portuguesa e Matemática (%)"
3510401,"Capivari",30.92800402,2016,"Escolaridade",24.39,"Proporção média de  alunos do 9º ano com proficiência em Língua Portuguesa e Matemática (%)"
3510401,"Capivari",42.03000697,2018,"Escolaridade",29.18,"Proporção média de  alunos do 9º ano com proficiência em Língua Portuguesa e Matemática (%)"
3510401,"Capivari",41.50716294,2020,"Escolaridade",33.99,"Proporção média de  alunos do 9º ano com proficiência em Língua Portuguesa e Matemática (%)"
3510401,"Capivari",36.92,2022,"Escolaridade",32.24,"Proporção média de  alunos do 9º ano com proficiência em Língua Portuguesa e Matemática (%)"
3510401,"Capivari",36.59,2024,"Escolaridade",31.01,"Proporção média de  alunos do 9º ano com proficiência em Língua Portuguesa e Matemática (%)"
3510500,"Caraguatatuba",21.46129619,2014,"Escolaridade",20.17,"Proporção média de  alunos do 9º ano com proficiência em Língua Portuguesa e Matemática (%)"
3510500,"Caraguatatuba",28.04519678,2016,"Escolaridade",24.39,"Proporção média de  alunos do 9º ano com proficiência em Língua Portuguesa e Matemática (%)"
3510500,"Caraguatatuba",31.02652472,2018,"Escolaridade",29.18,"Proporção média de  alunos do 9º ano com proficiência em Língua Portuguesa e Matemática (%)"
3510500,"Caraguatatuba",36.9242176,2020,"Escolaridade",33.99,"Proporção média de  alunos do 9º ano com proficiência em Língua Portuguesa e Matemática (%)"
3510500,"Caraguatatuba",37.475,2022,"Escolaridade",32.24,"Proporção média de  alunos do 9º ano com proficiência em Língua Portuguesa e Matemática (%)"
3510500,"Caraguatatuba",36.44,2024,"Escolaridade",31.01,"Proporção média de  alunos do 9º ano com proficiência em Língua Portuguesa e Matemática (%)"
3510609,"Carapicuíba",15.85160247,2014,"Escolaridade",20.17,"Proporção média de  alunos do 9º ano com proficiência em Língua Portuguesa e Matemática (%)"
3510609,"Carapicuíba",20.0274821,2016,"Escolaridade",24.39,"Proporção média de  alunos do 9º ano com proficiência em Língua Portuguesa e Matemática (%)"
3510609,"Carapicuíba",23.90228758,2018,"Escolaridade",29.18,"Proporção média de  alunos do 9º ano com proficiência em Língua Portuguesa e Matemática (%)"
3510609,"Carapicuíba",30.30943312,2020,"Escolaridade",33.99,"Proporção média de  alunos do 9º ano com proficiência em Língua Portuguesa e Matemática (%)"
3510609,"Carapicuíba",29.06,2022,"Escolaridade",32.24,"Proporção média de  alunos do 9º ano com proficiência em Língua Portuguesa e Matemática (%)"
3510609,"Carapicuíba",28.4,2024,"Escolaridade",31.01,"Proporção média de  alunos do 9º ano com proficiência em Língua Portuguesa e Matemática (%)"
3510708,"Cardoso",18.49888956,2014,"Escolaridade",20.17,"Proporção média de  alunos do 9º ano com proficiência em Língua Portuguesa e Matemática (%)"
3510708,"Cardoso",31.49903201,2016,"Escolaridade",24.39,"Proporção média de  alunos do 9º ano com proficiência em Língua Portuguesa e Matemática (%)"
3510708,"Cardoso",35.2425876,2018,"Escolaridade",29.18,"Proporção média de  alunos do 9º ano com proficiência em Língua Portuguesa e Matemática (%)"
3510708,"Cardoso",45.73689101,2020,"Escolaridade",33.99,"Proporção média de  alunos do 9º ano com proficiência em Língua Portuguesa e Matemática (%)"
3510708,"Cardoso",26.12,2022,"Escolaridade",32.24,"Proporção média de  alunos do 9º ano com proficiência em Língua Portuguesa e Matemática (%)"
3510708,"Cardoso",42.89,2024,"Escolaridade",31.01,"Proporção média de  alunos do 9º ano com proficiência em Língua Portuguesa e Matemática (%)"
3510807,"Casa Branca",17.36701078,2014,"Escolaridade",20.17,"Proporção média de  alunos do 9º ano com proficiência em Língua Portuguesa e Matemática (%)"
3510807,"Casa Branca",31.2696189,2016,"Escolaridade",24.39,"Proporção média de  alunos do 9º ano com proficiência em Língua Portuguesa e Matemática (%)"
3510807,"Casa Branca",20.76173781,2018,"Escolaridade",29.18,"Proporção média de  alunos do 9º ano com proficiência em Língua Portuguesa e Matemática (%)"
3510807,"Casa Branca",28.35830257,2020,"Escolaridade",33.99,"Proporção média de  alunos do 9º ano com proficiência em Língua Portuguesa e Matemática (%)"
3510807,"Casa Branca",26.495,2022,"Escolaridade",32.24,"Proporção média de  alunos do 9º ano com proficiência em Língua Portuguesa e Matemática (%)"
3510807,"Casa Branca",22.655,2024,"Escolaridade",31.01,"Proporção média de  alunos do 9º ano com proficiência em Língua Portuguesa e Matemática (%)"
3510906,"Cássia dos Coqueiros",19.73684211,2014,"Escolaridade",20.17,"Proporção média de  alunos do 9º ano com proficiência em Língua Portuguesa e Matemática (%)"
3510906,"Cássia dos Coqueiros",26.70231676,2016,"Escolaridade",24.39,"Proporção média de  alunos do 9º ano com proficiência em Língua Portuguesa e Matemática (%)"
3510906,"Cássia dos Coqueiros",25.82010582,2018,"Escolaridade",29.18,"Proporção média de  alunos do 9º ano com proficiência em Língua Portuguesa e Matemática (%)"
3510906,"Cássia dos Coqueiros",38.28604301,2020,"Escolaridade",33.99,"Proporção média de  alunos do 9º ano com proficiência em Língua Portuguesa e Matemática (%)"
3510906,"Cássia dos Coqueiros",29.42,2022,"Escolaridade",32.24,"Proporção média de  alunos do 9º ano com proficiência em Língua Portuguesa e Matemática (%)"
3510906,"Cássia dos Coqueiros",23.87,2024,"Escolaridade",31.01,"Proporção média de  alunos do 9º ano com proficiência em Língua Portuguesa e Matemática (%)"
3511003,"Castilho",20.57877382,2014,"Escolaridade",20.17,"Proporção média de  alunos do 9º ano com proficiência em Língua Portuguesa e Matemática (%)"
3511003,"Castilho",26.08464345,2016,"Escolaridade",24.39,"Proporção média de  alunos do 9º ano com proficiência em Língua Portuguesa e Matemática (%)"
3511003,"Castilho",32.31421039,2018,"Escolaridade",29.18,"Proporção média de  alunos do 9º ano com proficiência em Língua Portuguesa e Matemática (%)"
3511003,"Castilho",36.21656553,2020,"Escolaridade",33.99,"Proporção média de  alunos do 9º ano com proficiência em Língua Portuguesa e Matemática (%)"
3511003,"Castilho",34.76,2022,"Escolaridade",32.24,"Proporção média de  alunos do 9º ano com proficiência em Língua Portuguesa e Matemática (%)"
3511003,"Castilho",30.615,2024,"Escolaridade",31.01,"Proporção média de  alunos do 9º ano com proficiência em Língua Portuguesa e Matemática (%)"
3511102,"Catanduva",29.43772103,2014,"Escolaridade",20.17,"Proporção média de  alunos do 9º ano com proficiência em Língua Portuguesa e Matemática (%)"
3511102,"Catanduva",32.91872093,2016,"Escolaridade",24.39,"Proporção média de  alunos do 9º ano com proficiência em Língua Portuguesa e Matemática (%)"
3511102,"Catanduva",37.62468986,2018,"Escolaridade",29.18,"Proporção média de  alunos do 9º ano com proficiência em Língua Portuguesa e Matemática (%)"
3511102,"Catanduva",44.39112767,2020,"Escolaridade",33.99,"Proporção média de  alunos do 9º ano com proficiência em Língua Portuguesa e Matemática (%)"
3511102,"Catanduva",36.365,2022,"Escolaridade",32.24,"Proporção média de  alunos do 9º ano com proficiência em Língua Portuguesa e Matemática (%)"
3511102,"Catanduva",34.035,2024,"Escolaridade",31.01,"Proporção média de  alunos do 9º ano com proficiência em Língua Portuguesa e Matemática (%)"
3511201,"Catiguá",17.03921485,2014,"Escolaridade",20.17,"Proporção média de  alunos do 9º ano com proficiência em Língua Portuguesa e Matemática (%)"
3511201,"Catiguá",20.42058055,2016,"Escolaridade",24.39,"Proporção média de  alunos do 9º ano com proficiência em Língua Portuguesa e Matemática (%)"
3511201,"Catiguá",30.51612903,2018,"Escolaridade",29.18,"Proporção média de  alunos do 9º ano com proficiência em Língua Portuguesa e Matemática (%)"
3511201,"Catiguá",30.10473155,2020,"Escolaridade",33.99,"Proporção média de  alunos do 9º ano com proficiência em Língua Portuguesa e Matemática (%)"
3511201,"Catiguá",38.29,2022,"Escolaridade",32.24,"Proporção média de  alunos do 9º ano com proficiência em Língua Portuguesa e Matemática (%)"
3511201,"Catiguá",33.17,2024,"Escolaridade",31.01,"Proporção média de  alunos do 9º ano com proficiência em Língua Portuguesa e Matemática (%)"
3511300,"Cedral",37.0575056,2014,"Escolaridade",20.17,"Proporção média de  alunos do 9º ano com proficiência em Língua Portuguesa e Matemática (%)"
3511300,"Cedral",31.50984472,2016,"Escolaridade",24.39,"Proporção média de  alunos do 9º ano com proficiência em Língua Portuguesa e Matemática (%)"
3511300,"Cedral",67.67072205,2018,"Escolaridade",29.18,"Proporção média de  alunos do 9º ano com proficiência em Língua Portuguesa e Matemática (%)"
3511300,"Cedral",63.8080112,2020,"Escolaridade",33.99,"Proporção média de  alunos do 9º ano com proficiência em Língua Portuguesa e Matemática (%)"
3511300,"Cedral",40.85,2022,"Escolaridade",32.24,"Proporção média de  alunos do 9º ano com proficiência em Língua Portuguesa e Matemática (%)"
3511300,"Cedral",40.85,2024,"Escolaridade",31.01,"Proporção média de  alunos do 9º ano com proficiência em Língua Portuguesa e Matemática (%)"
3511409,"Cerqueira César",26.92521833,2014,"Escolaridade",20.17,"Proporção média de  alunos do 9º ano com proficiência em Língua Portuguesa e Matemática (%)"
3511409,"Cerqueira César",31.65258523,2016,"Escolaridade",24.39,"Proporção média de  alunos do 9º ano com proficiência em Língua Portuguesa e Matemática (%)"
3511409,"Cerqueira César",27.52555854,2018,"Escolaridade",29.18,"Proporção média de  alunos do 9º ano com proficiência em Língua Portuguesa e Matemática (%)"
3511409,"Cerqueira César",27.57188978,2020,"Escolaridade",33.99,"Proporção média de  alunos do 9º ano com proficiência em Língua Portuguesa e Matemática (%)"
3511409,"Cerqueira César",28.35,2022,"Escolaridade",32.24,"Proporção média de  alunos do 9º ano com proficiência em Língua Portuguesa e Matemática (%)"
3511409,"Cerqueira César",30.565,2024,"Escolaridade",31.01,"Proporção média de  alunos do 9º ano com proficiência em Língua Portuguesa e Matemática (%)"
3511508,"Cerquilho",42.24957144,2014,"Escolaridade",20.17,"Proporção média de  alunos do 9º ano com proficiência em Língua Portuguesa e Matemática (%)"
3511508,"Cerquilho",46.5268359,2016,"Escolaridade",24.39,"Proporção média de  alunos do 9º ano com proficiência em Língua Portuguesa e Matemática (%)"
3511508,"Cerquilho",51.15705095,2018,"Escolaridade",29.18,"Proporção média de  alunos do 9º ano com proficiência em Língua Portuguesa e Matemática (%)"
3511508,"Cerquilho",57.67967709,2020,"Escolaridade",33.99,"Proporção média de  alunos do 9º ano com proficiência em Língua Portuguesa e Matemática (%)"
3511508,"Cerquilho",42.355,2022,"Escolaridade",32.24,"Proporção média de  alunos do 9º ano com proficiência em Língua Portuguesa e Matemática (%)"
3511508,"Cerquilho",53.705,2024,"Escolaridade",31.01,"Proporção média de  alunos do 9º ano com proficiência em Língua Portuguesa e Matemática (%)"
3511607,"Cesário Lange",23.76861796,2014,"Escolaridade",20.17,"Proporção média de  alunos do 9º ano com proficiência em Língua Portuguesa e Matemática (%)"
3511607,"Cesário Lange",14.92730272,2016,"Escolaridade",24.39,"Proporção média de  alunos do 9º ano com proficiência em Língua Portuguesa e Matemática (%)"
3511607,"Cesário Lange",29.88454642,2018,"Escolaridade",29.18,"Proporção média de  alunos do 9º ano com proficiência em Língua Portuguesa e Matemática (%)"
3511607,"Cesário Lange",30.25730692,2020,"Escolaridade",33.99,"Proporção média de  alunos do 9º ano com proficiência em Língua Portuguesa e Matemática (%)"
3511607,"Cesário Lange",32.94,2022,"Escolaridade",32.24,"Proporção média de  alunos do 9º ano com proficiência em Língua Portuguesa e Matemática (%)"
3511607,"Cesário Lange",33.115,2024,"Escolaridade",31.01,"Proporção média de  alunos do 9º ano com proficiência em Língua Portuguesa e Matemática (%)"
3511706,"Charqueada",23.666969,2014,"Escolaridade",20.17,"Proporção média de  alunos do 9º ano com proficiência em Língua Portuguesa e Matemática (%)"
3511706,"Charqueada",21.55618678,2016,"Escolaridade",24.39,"Proporção média de  alunos do 9º ano com proficiência em Língua Portuguesa e Matemática (%)"
3511706,"Charqueada",39.68344022,2018,"Escolaridade",29.18,"Proporção média de  alunos do 9º ano com proficiência em Língua Portuguesa e Matemática (%)"
3511706,"Charqueada",32.19552705,2020,"Escolaridade",33.99,"Proporção média de  alunos do 9º ano com proficiência em Língua Portuguesa e Matemática (%)"
3511706,"Charqueada",34.1,2022,"Escolaridade",32.24,"Proporção média de  alunos do 9º ano com proficiência em Língua Portuguesa e Matemática (%)"
3511706,"Charqueada",41.44,2024,"Escolaridade",31.01,"Proporção média de  alunos do 9º ano com proficiência em Língua Portuguesa e Matemática (%)"
3511904,"Clementina",16.15528415,2014,"Escolaridade",20.17,"Proporção média de  alunos do 9º ano com proficiência em Língua Portuguesa e Matemática (%)"
3511904,"Clementina",26.90639127,2016,"Escolaridade",24.39,"Proporção média de  alunos do 9º ano com proficiência em Língua Portuguesa e Matemática (%)"
3511904,"Clementina",16.13790971,2018,"Escolaridade",29.18,"Proporção média de  alunos do 9º ano com proficiência em Língua Portuguesa e Matemática (%)"
3511904,"Clementina",30.26552829,2020,"Escolaridade",33.99,"Proporção média de  alunos do 9º ano com proficiência em Língua Portuguesa e Matemática (%)"
3511904,"Clementina",41.735,2022,"Escolaridade",32.24,"Proporção média de  alunos do 9º ano com proficiência em Língua Portuguesa e Matemática (%)"
3511904,"Clementina",34.02,2024,"Escolaridade",31.01,"Proporção média de  alunos do 9º ano com proficiência em Língua Portuguesa e Matemática (%)"
3512001,"Colina",24.84940815,2014,"Escolaridade",20.17,"Proporção média de  alunos do 9º ano com proficiência em Língua Portuguesa e Matemática (%)"
3512001,"Colina",17.25855684,2016,"Escolaridade",24.39,"Proporção média de  alunos do 9º ano com proficiência em Língua Portuguesa e Matemática (%)"
3512001,"Colina",25.45010849,2018,"Escolaridade",29.18,"Proporção média de  alunos do 9º ano com proficiência em Língua Portuguesa e Matemática (%)"
3512001,"Colina",27.80838659,2020,"Escolaridade",33.99,"Proporção média de  alunos do 9º ano com proficiência em Língua Portuguesa e Matemática (%)"
3512001,"Colina",34.01,2022,"Escolaridade",32.24,"Proporção média de  alunos do 9º ano com proficiência em Língua Portuguesa e Matemática (%)"
3512001,"Colina",31.695,2024,"Escolaridade",31.01,"Proporção média de  alunos do 9º ano com proficiência em Língua Portuguesa e Matemática (%)"
3512100,"Colômbia",29.67270531,2014,"Escolaridade",20.17,"Proporção média de  alunos do 9º ano com proficiência em Língua Portuguesa e Matemática (%)"
3512100,"Colômbia",38.63318558,2016,"Escolaridade",24.39,"Proporção média de  alunos do 9º ano com proficiência em Língua Portuguesa e Matemática (%)"
3512100,"Colômbia",33.25446291,2018,"Escolaridade",29.18,"Proporção média de  alunos do 9º ano com proficiência em Língua Portuguesa e Matemática (%)"
3512100,"Colômbia",52.48029566,2020,"Escolaridade",33.99,"Proporção média de  alunos do 9º ano com proficiência em Língua Portuguesa e Matemática (%)"
3512100,"Colômbia",44.775,2022,"Escolaridade",32.24,"Proporção média de  alunos do 9º ano com proficiência em Língua Portuguesa e Matemática (%)"
3512100,"Colômbia",47.865,2024,"Escolaridade",31.01,"Proporção média de  alunos do 9º ano com proficiência em Língua Portuguesa e Matemática (%)"
3512209,"Conchal",31.95458325,2014,"Escolaridade",20.17,"Proporção média de  alunos do 9º ano com proficiência em Língua Portuguesa e Matemática (%)"
3512209,"Conchal",35.87091436,2016,"Escolaridade",24.39,"Proporção média de  alunos do 9º ano com proficiência em Língua Portuguesa e Matemática (%)"
3512209,"Conchal",37.86687937,2018,"Escolaridade",29.18,"Proporção média de  alunos do 9º ano com proficiência em Língua Portuguesa e Matemática (%)"
3512209,"Conchal",35.01693441,2020,"Escolaridade",33.99,"Proporção média de  alunos do 9º ano com proficiência em Língua Portuguesa e Matemática (%)"
3512209,"Conchal",40.93,2022,"Escolaridade",32.24,"Proporção média de  alunos do 9º ano com proficiência em Língua Portuguesa e Matemática (%)"
3512209,"Conchal",42.385,2024,"Escolaridade",31.01,"Proporção média de  alunos do 9º ano com proficiência em Língua Portuguesa e Matemática (%)"
3512308,"Conchas",25.05498803,2014,"Escolaridade",20.17,"Proporção média de  alunos do 9º ano com proficiência em Língua Portuguesa e Matemática (%)"
3512308,"Conchas",18.26077943,2016,"Escolaridade",24.39,"Proporção média de  alunos do 9º ano com proficiência em Língua Portuguesa e Matemática (%)"
3512308,"Conchas",29.27714322,2018,"Escolaridade",29.18,"Proporção média de  alunos do 9º ano com proficiência em Língua Portuguesa e Matemática (%)"
3512308,"Conchas",34.42588401,2020,"Escolaridade",33.99,"Proporção média de  alunos do 9º ano com proficiência em Língua Portuguesa e Matemática (%)"
3512308,"Conchas",21.71,2022,"Escolaridade",32.24,"Proporção média de  alunos do 9º ano com proficiência em Língua Portuguesa e Matemática (%)"
3512308,"Conchas",32.06,2024,"Escolaridade",31.01,"Proporção média de  alunos do 9º ano com proficiência em Língua Portuguesa e Matemática (%)"
3512407,"Cordeirópolis",29.36395216,2014,"Escolaridade",20.17,"Proporção média de  alunos do 9º ano com proficiência em Língua Portuguesa e Matemática (%)"
3512407,"Cordeirópolis",23.31020747,2016,"Escolaridade",24.39,"Proporção média de  alunos do 9º ano com proficiência em Língua Portuguesa e Matemática (%)"
3512407,"Cordeirópolis",28.28986451,2018,"Escolaridade",29.18,"Proporção média de  alunos do 9º ano com proficiência em Língua Portuguesa e Matemática (%)"
3512407,"Cordeirópolis",32.84462198,2020,"Escolaridade",33.99,"Proporção média de  alunos do 9º ano com proficiência em Língua Portuguesa e Matemática (%)"
3512407,"Cordeirópolis",36.94,2022,"Escolaridade",32.24,"Proporção média de  alunos do 9º ano com proficiência em Língua Portuguesa e Matemática (%)"
3512407,"Cordeirópolis",29.22,2024,"Escolaridade",31.01,"Proporção média de  alunos do 9º ano com proficiência em Língua Portuguesa e Matemática (%)"
3512506,"Coroados",19.99220914,2014,"Escolaridade",20.17,"Proporção média de  alunos do 9º ano com proficiência em Língua Portuguesa e Matemática (%)"
3512506,"Coroados",23.68689908,2016,"Escolaridade",24.39,"Proporção média de  alunos do 9º ano com proficiência em Língua Portuguesa e Matemática (%)"
3512506,"Coroados",34.21052632,2018,"Escolaridade",29.18,"Proporção média de  alunos do 9º ano com proficiência em Língua Portuguesa e Matemática (%)"
3512506,"Coroados",22.03878286,2020,"Escolaridade",33.99,"Proporção média de  alunos do 9º ano com proficiência em Língua Portuguesa e Matemática (%)"
3512506,"Coroados",35.07,2022,"Escolaridade",32.24,"Proporção média de  alunos do 9º ano com proficiência em Língua Portuguesa e Matemática (%)"
3512506,"Coroados",26.205,2024,"Escolaridade",31.01,"Proporção média de  alunos do 9º ano com proficiência em Língua Portuguesa e Matemática (%)"
3512605,"Coronel Macedo",25.4396604,2014,"Escolaridade",20.17,"Proporção média de  alunos do 9º ano com proficiência em Língua Portuguesa e Matemática (%)"
3512605,"Coronel Macedo",17.74786582,2016,"Escolaridade",24.39,"Proporção média de  alunos do 9º ano com proficiência em Língua Portuguesa e Matemática (%)"
3512605,"Coronel Macedo",38.91875747,2018,"Escolaridade",29.18,"Proporção média de  alunos do 9º ano com proficiência em Língua Portuguesa e Matemática (%)"
3512605,"Coronel Macedo",37.54647903,2020,"Escolaridade",33.99,"Proporção média de  alunos do 9º ano com proficiência em Língua Portuguesa e Matemática (%)"
3512605,"Coronel Macedo",18.385,2022,"Escolaridade",32.24,"Proporção média de  alunos do 9º ano com proficiência em Língua Portuguesa e Matemática (%)"
3512605,"Coronel Macedo",31.06,2024,"Escolaridade",31.01,"Proporção média de  alunos do 9º ano com proficiência em Língua Portuguesa e Matemática (%)"
3512704,"Corumbataí",20.53948536,2014,"Escolaridade",20.17,"Proporção média de  alunos do 9º ano com proficiência em Língua Portuguesa e Matemática (%)"
3512704,"Corumbataí",31.9201135,2016,"Escolaridade",24.39,"Proporção média de  alunos do 9º ano com proficiência em Língua Portuguesa e Matemática (%)"
3512704,"Corumbataí",29.87329435,2018,"Escolaridade",29.18,"Proporção média de  alunos do 9º ano com proficiência em Língua Portuguesa e Matemática (%)"
3512704,"Corumbataí",36.12709458,2020,"Escolaridade",33.99,"Proporção média de  alunos do 9º ano com proficiência em Língua Portuguesa e Matemática (%)"
3512704,"Corumbataí",38.35,2022,"Escolaridade",32.24,"Proporção média de  alunos do 9º ano com proficiência em Língua Portuguesa e Matemática (%)"
3512704,"Corumbataí",38.35,2024,"Escolaridade",31.01,"Proporção média de  alunos do 9º ano com proficiência em Língua Portuguesa e Matemática (%)"
3512803,"Cosmópolis",31.54449527,2014,"Escolaridade",20.17,"Proporção média de  alunos do 9º ano com proficiência em Língua Portuguesa e Matemática (%)"
3512803,"Cosmópolis",34.06300312,2016,"Escolaridade",24.39,"Proporção média de  alunos do 9º ano com proficiência em Língua Portuguesa e Matemática (%)"
3512803,"Cosmópolis",42.05798983,2018,"Escolaridade",29.18,"Proporção média de  alunos do 9º ano com proficiência em Língua Portuguesa e Matemática (%)"
3512803,"Cosmópolis",44.8793165,2020,"Escolaridade",33.99,"Proporção média de  alunos do 9º ano com proficiência em Língua Portuguesa e Matemática (%)"
3512803,"Cosmópolis",41.29,2022,"Escolaridade",32.24,"Proporção média de  alunos do 9º ano com proficiência em Língua Portuguesa e Matemática (%)"
3512803,"Cosmópolis",38.27,2024,"Escolaridade",31.01,"Proporção média de  alunos do 9º ano com proficiência em Língua Portuguesa e Matemática (%)"
3512902,"Cosmorama",27.22760538,2014,"Escolaridade",20.17,"Proporção média de  alunos do 9º ano com proficiência em Língua Portuguesa e Matemática (%)"
3512902,"Cosmorama",30.43631544,2016,"Escolaridade",24.39,"Proporção média de  alunos do 9º ano com proficiência em Língua Portuguesa e Matemática (%)"
3512902,"Cosmorama",27.47606775,2018,"Escolaridade",29.18,"Proporção média de  alunos do 9º ano com proficiência em Língua Portuguesa e Matemática (%)"
3512902,"Cosmorama",36.38165565,2020,"Escolaridade",33.99,"Proporção média de  alunos do 9º ano com proficiência em Língua Portuguesa e Matemática (%)"
3512902,"Cosmorama",35.37,2022,"Escolaridade",32.24,"Proporção média de  alunos do 9º ano com proficiência em Língua Portuguesa e Matemática (%)"
3512902,"Cosmorama",30.245,2024,"Escolaridade",31.01,"Proporção média de  alunos do 9º ano com proficiência em Língua Portuguesa e Matemática (%)"
3513009,"Cotia",16.94519579,2014,"Escolaridade",20.17,"Proporção média de  alunos do 9º ano com proficiência em Língua Portuguesa e Matemática (%)"
3513009,"Cotia",22.1441427,2016,"Escolaridade",24.39,"Proporção média de  alunos do 9º ano com proficiência em Língua Portuguesa e Matemática (%)"
3513009,"Cotia",23.18679849,2018,"Escolaridade",29.18,"Proporção média de  alunos do 9º ano com proficiência em Língua Portuguesa e Matemática (%)"
3513009,"Cotia",28.29219194,2020,"Escolaridade",33.99,"Proporção média de  alunos do 9º ano com proficiência em Língua Portuguesa e Matemática (%)"
3513009,"Cotia",28.51,2022,"Escolaridade",32.24,"Proporção média de  alunos do 9º ano com proficiência em Língua Portuguesa e Matemática (%)"
3513009,"Cotia",25.81,2024,"Escolaridade",31.01,"Proporção média de  alunos do 9º ano com proficiência em Língua Portuguesa e Matemática (%)"
3513108,"Cravinhos",21.38033677,2014,"Escolaridade",20.17,"Proporção média de  alunos do 9º ano com proficiência em Língua Portuguesa e Matemática (%)"
3513108,"Cravinhos",24.51019332,2016,"Escolaridade",24.39,"Proporção média de  alunos do 9º ano com proficiência em Língua Portuguesa e Matemática (%)"
3513108,"Cravinhos",20.99254767,2018,"Escolaridade",29.18,"Proporção média de  alunos do 9º ano com proficiência em Língua Portuguesa e Matemática (%)"
3513108,"Cravinhos",36.78360841,2020,"Escolaridade",33.99,"Proporção média de  alunos do 9º ano com proficiência em Língua Portuguesa e Matemática (%)"
3513108,"Cravinhos",35.53,2022,"Escolaridade",32.24,"Proporção média de  alunos do 9º ano com proficiência em Língua Portuguesa e Matemática (%)"
3513108,"Cravinhos",28.605,2024,"Escolaridade",31.01,"Proporção média de  alunos do 9º ano com proficiência em Língua Portuguesa e Matemática (%)"
3513207,"Cristais Paulista",19.21408535,2014,"Escolaridade",20.17,"Proporção média de  alunos do 9º ano com proficiência em Língua Portuguesa e Matemática (%)"
3513207,"Cristais Paulista",24.26829199,2016,"Escolaridade",24.39,"Proporção média de  alunos do 9º ano com proficiência em Língua Portuguesa e Matemática (%)"
3513207,"Cristais Paulista",17.38613157,2018,"Escolaridade",29.18,"Proporção média de  alunos do 9º ano com proficiência em Língua Portuguesa e Matemática (%)"
3513207,"Cristais Paulista",27.67095791,2020,"Escolaridade",33.99,"Proporção média de  alunos do 9º ano com proficiência em Língua Portuguesa e Matemática (%)"
3513207,"Cristais Paulista",27.49,2022,"Escolaridade",32.24,"Proporção média de  alunos do 9º ano com proficiência em Língua Portuguesa e Matemática (%)"
3513207,"Cristais Paulista",27.49,2024,"Escolaridade",31.01,"Proporção média de  alunos do 9º ano com proficiência em Língua Portuguesa e Matemática (%)"
3513306,"Cruzália",16.29570747,2014,"Escolaridade",20.17,"Proporção média de  alunos do 9º ano com proficiência em Língua Portuguesa e Matemática (%)"
3513306,"Cruzália",25.00125911,2016,"Escolaridade",24.39,"Proporção média de  alunos do 9º ano com proficiência em Língua Portuguesa e Matemática (%)"
3513306,"Cruzália",38.23529412,2018,"Escolaridade",29.18,"Proporção média de  alunos do 9º ano com proficiência em Língua Portuguesa e Matemática (%)"
3513306,"Cruzália",25.00209933,2020,"Escolaridade",33.99,"Proporção média de  alunos do 9º ano com proficiência em Língua Portuguesa e Matemática (%)"
3513306,"Cruzália",25.00209933,2022,"Escolaridade",32.24,"Proporção média de  alunos do 9º ano com proficiência em Língua Portuguesa e Matemática (%)"
3513306,"Cruzália",28.855,2024,"Escolaridade",31.01,"Proporção média de  alunos do 9º ano com proficiência em Língua Portuguesa e Matemática (%)"
3513405,"Cruzeiro",17.05137211,2014,"Escolaridade",20.17,"Proporção média de  alunos do 9º ano com proficiência em Língua Portuguesa e Matemática (%)"
3513405,"Cruzeiro",21.38930309,2016,"Escolaridade",24.39,"Proporção média de  alunos do 9º ano com proficiência em Língua Portuguesa e Matemática (%)"
3513405,"Cruzeiro",27.27307362,2018,"Escolaridade",29.18,"Proporção média de  alunos do 9º ano com proficiência em Língua Portuguesa e Matemática (%)"
3513405,"Cruzeiro",31.8222531,2020,"Escolaridade",33.99,"Proporção média de  alunos do 9º ano com proficiência em Língua Portuguesa e Matemática (%)"
3513405,"Cruzeiro",30.595,2022,"Escolaridade",32.24,"Proporção média de  alunos do 9º ano com proficiência em Língua Portuguesa e Matemática (%)"
3513405,"Cruzeiro",33.275,2024,"Escolaridade",31.01,"Proporção média de  alunos do 9º ano com proficiência em Língua Portuguesa e Matemática (%)"
3513504,"Cubatão",22.90917083,2014,"Escolaridade",20.17,"Proporção média de  alunos do 9º ano com proficiência em Língua Portuguesa e Matemática (%)"
3513504,"Cubatão",25.21374599,2016,"Escolaridade",24.39,"Proporção média de  alunos do 9º ano com proficiência em Língua Portuguesa e Matemática (%)"
3513504,"Cubatão",29.37778125,2018,"Escolaridade",29.18,"Proporção média de  alunos do 9º ano com proficiência em Língua Portuguesa e Matemática (%)"
3513504,"Cubatão",35.59101471,2020,"Escolaridade",33.99,"Proporção média de  alunos do 9º ano com proficiência em Língua Portuguesa e Matemática (%)"
3513504,"Cubatão",31.605,2022,"Escolaridade",32.24,"Proporção média de  alunos do 9º ano com proficiência em Língua Portuguesa e Matemática (%)"
3513504,"Cubatão",33.06,2024,"Escolaridade",31.01,"Proporção média de  alunos do 9º ano com proficiência em Língua Portuguesa e Matemática (%)"
3513603,"Cunha",18.22173813,2014,"Escolaridade",20.17,"Proporção média de  alunos do 9º ano com proficiência em Língua Portuguesa e Matemática (%)"
3513603,"Cunha",18.45922237,2016,"Escolaridade",24.39,"Proporção média de  alunos do 9º ano com proficiência em Língua Portuguesa e Matemática (%)"
3513603,"Cunha",28.52080093,2018,"Escolaridade",29.18,"Proporção média de  alunos do 9º ano com proficiência em Língua Portuguesa e Matemática (%)"
3513603,"Cunha",36.16249676,2020,"Escolaridade",33.99,"Proporção média de  alunos do 9º ano com proficiência em Língua Portuguesa e Matemática (%)"
3513603,"Cunha",36.31,2022,"Escolaridade",32.24,"Proporção média de  alunos do 9º ano com proficiência em Língua Portuguesa e Matemática (%)"
3513603,"Cunha",28.16,2024,"Escolaridade",31.01,"Proporção média de  alunos do 9º ano com proficiência em Língua Portuguesa e Matemática (%)"
3513702,"Descalvado",18.75467542,2014,"Escolaridade",20.17,"Proporção média de  alunos do 9º ano com proficiência em Língua Portuguesa e Matemática (%)"
3513702,"Descalvado",22.2497493,2016,"Escolaridade",24.39,"Proporção média de  alunos do 9º ano com proficiência em Língua Portuguesa e Matemática (%)"
3513702,"Descalvado",30.31021125,2018,"Escolaridade",29.18,"Proporção média de  alunos do 9º ano com proficiência em Língua Portuguesa e Matemática (%)"
3513702,"Descalvado",45.47420637,2020,"Escolaridade",33.99,"Proporção média de  alunos do 9º ano com proficiência em Língua Portuguesa e Matemática (%)"
3513702,"Descalvado",43.45,2022,"Escolaridade",32.24,"Proporção média de  alunos do 9º ano com proficiência em Língua Portuguesa e Matemática (%)"
3513702,"Descalvado",41.37,2024,"Escolaridade",31.01,"Proporção média de  alunos do 9º ano com proficiência em Língua Portuguesa e Matemática (%)"
3513801,"Diadema",19.86095141,2014,"Escolaridade",20.17,"Proporção média de  alunos do 9º ano com proficiência em Língua Portuguesa e Matemática (%)"
3513801,"Diadema",23.84909114,2016,"Escolaridade",24.39,"Proporção média de  alunos do 9º ano com proficiência em Língua Portuguesa e Matemática (%)"
3513801,"Diadema",29.97320182,2018,"Escolaridade",29.18,"Proporção média de  alunos do 9º ano com proficiência em Língua Portuguesa e Matemática (%)"
3513801,"Diadema",33.8382553,2020,"Escolaridade",33.99,"Proporção média de  alunos do 9º ano com proficiência em Língua Portuguesa e Matemática (%)"
3513801,"Diadema",33.915,2022,"Escolaridade",32.24,"Proporção média de  alunos do 9º ano com proficiência em Língua Portuguesa e Matemática (%)"
3513801,"Diadema",30.125,2024,"Escolaridade",31.01,"Proporção média de  alunos do 9º ano com proficiência em Língua Portuguesa e Matemática (%)"
3513850,"Dirce Reis",13.63636364,2014,"Escolaridade",20.17,"Proporção média de  alunos do 9º ano com proficiência em Língua Portuguesa e Matemática (%)"
3513850,"Dirce Reis",40.74279263,2016,"Escolaridade",24.39,"Proporção média de  alunos do 9º ano com proficiência em Língua Portuguesa e Matemática (%)"
3513850,"Dirce Reis",31.25,2018,"Escolaridade",29.18,"Proporção média de  alunos do 9º ano com proficiência em Língua Portuguesa e Matemática (%)"
3513850,"Dirce Reis",32.35565796,2020,"Escolaridade",33.99,"Proporção média de  alunos do 9º ano com proficiência em Língua Portuguesa e Matemática (%)"
3513850,"Dirce Reis",36.115,2022,"Escolaridade",32.24,"Proporção média de  alunos do 9º ano com proficiência em Língua Portuguesa e Matemática (%)"
3513850,"Dirce Reis",40,2024,"Escolaridade",31.01,"Proporção média de  alunos do 9º ano com proficiência em Língua Portuguesa e Matemática (%)"
3513900,"Divinolândia",24.5891946,2014,"Escolaridade",20.17,"Proporção média de  alunos do 9º ano com proficiência em Língua Portuguesa e Matemática (%)"
3513900,"Divinolândia",34.47015203,2016,"Escolaridade",24.39,"Proporção média de  alunos do 9º ano com proficiência em Língua Portuguesa e Matemática (%)"
3513900,"Divinolândia",29.61029581,2018,"Escolaridade",29.18,"Proporção média de  alunos do 9º ano com proficiência em Língua Portuguesa e Matemática (%)"
3513900,"Divinolândia",37.90396428,2020,"Escolaridade",33.99,"Proporção média de  alunos do 9º ano com proficiência em Língua Portuguesa e Matemática (%)"
3513900,"Divinolândia",44.59,2022,"Escolaridade",32.24,"Proporção média de  alunos do 9º ano com proficiência em Língua Portuguesa e Matemática (%)"
3513900,"Divinolândia",37.47,2024,"Escolaridade",31.01,"Proporção média de  alunos do 9º ano com proficiência em Língua Portuguesa e Matemática (%)"
3514007,"Dobrada",26.05078759,2014,"Escolaridade",20.17,"Proporção média de  alunos do 9º ano com proficiência em Língua Portuguesa e Matemática (%)"
3514007,"Dobrada",27.72967804,2016,"Escolaridade",24.39,"Proporção média de  alunos do 9º ano com proficiência em Língua Portuguesa e Matemática (%)"
3514007,"Dobrada",20.36850159,2018,"Escolaridade",29.18,"Proporção média de  alunos do 9º ano com proficiência em Língua Portuguesa e Matemática (%)"
3514007,"Dobrada",31.04337138,2020,"Escolaridade",33.99,"Proporção média de  alunos do 9º ano com proficiência em Língua Portuguesa e Matemática (%)"
3514007,"Dobrada",26.255,2022,"Escolaridade",32.24,"Proporção média de  alunos do 9º ano com proficiência em Língua Portuguesa e Matemática (%)"
3514007,"Dobrada",18.785,2024,"Escolaridade",31.01,"Proporção média de  alunos do 9º ano com proficiência em Língua Portuguesa e Matemática (%)"
3514106,"Dois Córregos",26.48016643,2014,"Escolaridade",20.17,"Proporção média de  alunos do 9º ano com proficiência em Língua Portuguesa e Matemática (%)"
3514106,"Dois Córregos",25.75307391,2016,"Escolaridade",24.39,"Proporção média de  alunos do 9º ano com proficiência em Língua Portuguesa e Matemática (%)"
3514106,"Dois Córregos",26.4776864,2018,"Escolaridade",29.18,"Proporção média de  alunos do 9º ano com proficiência em Língua Portuguesa e Matemática (%)"
3514106,"Dois Córregos",37.35044204,2020,"Escolaridade",33.99,"Proporção média de  alunos do 9º ano com proficiência em Língua Portuguesa e Matemática (%)"
3514106,"Dois Córregos",25.48,2022,"Escolaridade",32.24,"Proporção média de  alunos do 9º ano com proficiência em Língua Portuguesa e Matemática (%)"
3514106,"Dois Córregos",32.435,2024,"Escolaridade",31.01,"Proporção média de  alunos do 9º ano com proficiência em Língua Portuguesa e Matemática (%)"
3514205,"Dolcinópolis",30.88235294,2014,"Escolaridade",20.17,"Proporção média de  alunos do 9º ano com proficiência em Língua Portuguesa e Matemática (%)"
3514205,"Dolcinópolis",31.25157389,2016,"Escolaridade",24.39,"Proporção média de  alunos do 9º ano com proficiência em Língua Portuguesa e Matemática (%)"
3514205,"Dolcinópolis",42.10526316,2018,"Escolaridade",29.18,"Proporção média de  alunos do 9º ano com proficiência em Língua Portuguesa e Matemática (%)"
3514205,"Dolcinópolis",55.1770468,2020,"Escolaridade",33.99,"Proporção média de  alunos do 9º ano com proficiência em Língua Portuguesa e Matemática (%)"
3514205,"Dolcinópolis",35.715,2022,"Escolaridade",32.24,"Proporção média de  alunos do 9º ano com proficiência em Língua Portuguesa e Matemática (%)"
3514205,"Dolcinópolis",39.285,2024,"Escolaridade",31.01,"Proporção média de  alunos do 9º ano com proficiência em Língua Portuguesa e Matemática (%)"
3514304,"Dourado",25.17759149,2014,"Escolaridade",20.17,"Proporção média de  alunos do 9º ano com proficiência em Língua Portuguesa e Matemática (%)"
3514304,"Dourado",28.71109515,2016,"Escolaridade",24.39,"Proporção média de  alunos do 9º ano com proficiência em Língua Portuguesa e Matemática (%)"
3514304,"Dourado",19.1533674,2018,"Escolaridade",29.18,"Proporção média de  alunos do 9º ano com proficiência em Língua Portuguesa e Matemática (%)"
3514304,"Dourado",33.12778161,2020,"Escolaridade",33.99,"Proporção média de  alunos do 9º ano com proficiência em Língua Portuguesa e Matemática (%)"
3514304,"Dourado",23.485,2022,"Escolaridade",32.24,"Proporção média de  alunos do 9º ano com proficiência em Língua Portuguesa e Matemática (%)"
3514304,"Dourado",26.325,2024,"Escolaridade",31.01,"Proporção média de  alunos do 9º ano com proficiência em Língua Portuguesa e Matemática (%)"
3514403,"Dracena",24.41116741,2014,"Escolaridade",20.17,"Proporção média de  alunos do 9º ano com proficiência em Língua Portuguesa e Matemática (%)"
3514403,"Dracena",24.96646922,2016,"Escolaridade",24.39,"Proporção média de  alunos do 9º ano com proficiência em Língua Portuguesa e Matemática (%)"
3514403,"Dracena",37.53776698,2018,"Escolaridade",29.18,"Proporção média de  alunos do 9º ano com proficiência em Língua Portuguesa e Matemática (%)"
3514403,"Dracena",44.53152202,2020,"Escolaridade",33.99,"Proporção média de  alunos do 9º ano com proficiência em Língua Portuguesa e Matemática (%)"
3514403,"Dracena",39.84,2022,"Escolaridade",32.24,"Proporção média de  alunos do 9º ano com proficiência em Língua Portuguesa e Matemática (%)"
3514403,"Dracena",36.96,2024,"Escolaridade",31.01,"Proporção média de  alunos do 9º ano com proficiência em Língua Portuguesa e Matemática (%)"
3514502,"Duartina",28.24614761,2014,"Escolaridade",20.17,"Proporção média de  alunos do 9º ano com proficiência em Língua Portuguesa e Matemática (%)"
3514502,"Duartina",24.95184063,2016,"Escolaridade",24.39,"Proporção média de  alunos do 9º ano com proficiência em Língua Portuguesa e Matemática (%)"
3514502,"Duartina",20.0035848,2018,"Escolaridade",29.18,"Proporção média de  alunos do 9º ano com proficiência em Língua Portuguesa e Matemática (%)"
3514502,"Duartina",31.75726832,2020,"Escolaridade",33.99,"Proporção média de  alunos do 9º ano com proficiência em Língua Portuguesa e Matemática (%)"
3514502,"Duartina",22.015,2022,"Escolaridade",32.24,"Proporção média de  alunos do 9º ano com proficiência em Língua Portuguesa e Matemática (%)"
3514502,"Duartina",23.585,2024,"Escolaridade",31.01,"Proporção média de  alunos do 9º ano com proficiência em Língua Portuguesa e Matemática (%)"
3514601,"Dumont",34.4288612,2014,"Escolaridade",20.17,"Proporção média de  alunos do 9º ano com proficiência em Língua Portuguesa e Matemática (%)"
3514601,"Dumont",56.10874943,2016,"Escolaridade",24.39,"Proporção média de  alunos do 9º ano com proficiência em Língua Portuguesa e Matemática (%)"
3514601,"Dumont",29.79829079,2018,"Escolaridade",29.18,"Proporção média de  alunos do 9º ano com proficiência em Língua Portuguesa e Matemática (%)"
3514601,"Dumont",28.07762522,2020,"Escolaridade",33.99,"Proporção média de  alunos do 9º ano com proficiência em Língua Portuguesa e Matemática (%)"
3514601,"Dumont",41.385,2022,"Escolaridade",32.24,"Proporção média de  alunos do 9º ano com proficiência em Língua Portuguesa e Matemática (%)"
3514601,"Dumont",31.7,2024,"Escolaridade",31.01,"Proporção média de  alunos do 9º ano com proficiência em Língua Portuguesa e Matemática (%)"
3514700,"Echaporã",14.1719457,2014,"Escolaridade",20.17,"Proporção média de  alunos do 9º ano com proficiência em Língua Portuguesa e Matemática (%)"
3514700,"Echaporã",24.59022689,2016,"Escolaridade",24.39,"Proporção média de  alunos do 9º ano com proficiência em Língua Portuguesa e Matemática (%)"
3514700,"Echaporã",18.90072367,2018,"Escolaridade",29.18,"Proporção média de  alunos do 9º ano com proficiência em Língua Portuguesa e Matemática (%)"
3514700,"Echaporã",19.70624702,2020,"Escolaridade",33.99,"Proporção média de  alunos do 9º ano com proficiência em Língua Portuguesa e Matemática (%)"
3514700,"Echaporã",17.065,2022,"Escolaridade",32.24,"Proporção média de  alunos do 9º ano com proficiência em Língua Portuguesa e Matemática (%)"
3514700,"Echaporã",27.725,2024,"Escolaridade",31.01,"Proporção média de  alunos do 9º ano com proficiência em Língua Portuguesa e Matemática (%)"
3514809,"Eldorado",15.15270301,2014,"Escolaridade",20.17,"Proporção média de  alunos do 9º ano com proficiência em Língua Portuguesa e Matemática (%)"
3514809,"Eldorado",20.68709077,2016,"Escolaridade",24.39,"Proporção média de  alunos do 9º ano com proficiência em Língua Portuguesa e Matemática (%)"
3514809,"Eldorado",22.79343119,2018,"Escolaridade",29.18,"Proporção média de  alunos do 9º ano com proficiência em Língua Portuguesa e Matemática (%)"
3514809,"Eldorado",21.53999982,2020,"Escolaridade",33.99,"Proporção média de  alunos do 9º ano com proficiência em Língua Portuguesa e Matemática (%)"
3514809,"Eldorado",24.195,2022,"Escolaridade",32.24,"Proporção média de  alunos do 9º ano com proficiência em Língua Portuguesa e Matemática (%)"
3514809,"Eldorado",22.84,2024,"Escolaridade",31.01,"Proporção média de  alunos do 9º ano com proficiência em Língua Portuguesa e Matemática (%)"
3514908,"Elias Fausto",29.58555634,2014,"Escolaridade",20.17,"Proporção média de  alunos do 9º ano com proficiência em Língua Portuguesa e Matemática (%)"
3514908,"Elias Fausto",29.92416131,2016,"Escolaridade",24.39,"Proporção média de  alunos do 9º ano com proficiência em Língua Portuguesa e Matemática (%)"
3514908,"Elias Fausto",32.58246552,2018,"Escolaridade",29.18,"Proporção média de  alunos do 9º ano com proficiência em Língua Portuguesa e Matemática (%)"
3514908,"Elias Fausto",29.58928117,2020,"Escolaridade",33.99,"Proporção média de  alunos do 9º ano com proficiência em Língua Portuguesa e Matemática (%)"
3514908,"Elias Fausto",41.105,2022,"Escolaridade",32.24,"Proporção média de  alunos do 9º ano com proficiência em Língua Portuguesa e Matemática (%)"
3514908,"Elias Fausto",37.93,2024,"Escolaridade",31.01,"Proporção média de  alunos do 9º ano com proficiência em Língua Portuguesa e Matemática (%)"
3514924,"Elisiário",27.88679245,2014,"Escolaridade",20.17,"Proporção média de  alunos do 9º ano com proficiência em Língua Portuguesa e Matemática (%)"
3514924,"Elisiário",40.62704606,2016,"Escolaridade",24.39,"Proporção média de  alunos do 9º ano com proficiência em Língua Portuguesa e Matemática (%)"
3514924,"Elisiário",31.25,2018,"Escolaridade",29.18,"Proporção média de  alunos do 9º ano com proficiência em Língua Portuguesa e Matemática (%)"
3514924,"Elisiário",49.77347831,2020,"Escolaridade",33.99,"Proporção média de  alunos do 9º ano com proficiência em Língua Portuguesa e Matemática (%)"
3514924,"Elisiário",43.095,2022,"Escolaridade",32.24,"Proporção média de  alunos do 9º ano com proficiência em Língua Portuguesa e Matemática (%)"
3514924,"Elisiário",40.96,2024,"Escolaridade",31.01,"Proporção média de  alunos do 9º ano com proficiência em Língua Portuguesa e Matemática (%)"
3514957,"Embaúba",28.66795367,2014,"Escolaridade",20.17,"Proporção média de  alunos do 9º ano com proficiência em Língua Portuguesa e Matemática (%)"
3514957,"Embaúba",18.33425668,2016,"Escolaridade",24.39,"Proporção média de  alunos do 9º ano com proficiência em Língua Portuguesa e Matemática (%)"
3514957,"Embaúba",22.58064516,2018,"Escolaridade",29.18,"Proporção média de  alunos do 9º ano com proficiência em Língua Portuguesa e Matemática (%)"
3514957,"Embaúba",41.67016555,2020,"Escolaridade",33.99,"Proporção média de  alunos do 9º ano com proficiência em Língua Portuguesa e Matemática (%)"
3514957,"Embaúba",38.645,2022,"Escolaridade",32.24,"Proporção média de  alunos do 9º ano com proficiência em Língua Portuguesa e Matemática (%)"
3514957,"Embaúba",60.42,2024,"Escolaridade",31.01,"Proporção média de  alunos do 9º ano com proficiência em Língua Portuguesa e Matemática (%)"
3515004,"Embu das Artes",17.96074622,2014,"Escolaridade",20.17,"Proporção média de  alunos do 9º ano com proficiência em Língua Portuguesa e Matemática (%)"
3515004,"Embu das Artes",22.72402426,2016,"Escolaridade",24.39,"Proporção média de  alunos do 9º ano com proficiência em Língua Portuguesa e Matemática (%)"
3515004,"Embu das Artes",26.10162888,2018,"Escolaridade",29.18,"Proporção média de  alunos do 9º ano com proficiência em Língua Portuguesa e Matemática (%)"
3515004,"Embu das Artes",30.77755366,2020,"Escolaridade",33.99,"Proporção média de  alunos do 9º ano com proficiência em Língua Portuguesa e Matemática (%)"
3515004,"Embu das Artes",29.14,2022,"Escolaridade",32.24,"Proporção média de  alunos do 9º ano com proficiência em Língua Portuguesa e Matemática (%)"
3515004,"Embu das Artes",26.88,2024,"Escolaridade",31.01,"Proporção média de  alunos do 9º ano com proficiência em Língua Portuguesa e Matemática (%)"
3515103,"Embu-Guaçu",17.7782753,2014,"Escolaridade",20.17,"Proporção média de  alunos do 9º ano com proficiência em Língua Portuguesa e Matemática (%)"
3515103,"Embu-Guaçu",23.40817491,2016,"Escolaridade",24.39,"Proporção média de  alunos do 9º ano com proficiência em Língua Portuguesa e Matemática (%)"
3515103,"Embu-Guaçu",25.51310503,2018,"Escolaridade",29.18,"Proporção média de  alunos do 9º ano com proficiência em Língua Portuguesa e Matemática (%)"
3515103,"Embu-Guaçu",27.40771626,2020,"Escolaridade",33.99,"Proporção média de  alunos do 9º ano com proficiência em Língua Portuguesa e Matemática (%)"
3515103,"Embu-Guaçu",29.11,2022,"Escolaridade",32.24,"Proporção média de  alunos do 9º ano com proficiência em Língua Portuguesa e Matemática (%)"
3515103,"Embu-Guaçu",29.365,2024,"Escolaridade",31.01,"Proporção média de  alunos do 9º ano com proficiência em Língua Portuguesa e Matemática (%)"
3515129,"Emilianópolis",24.12990196,2014,"Escolaridade",20.17,"Proporção média de  alunos do 9º ano com proficiência em Língua Portuguesa e Matemática (%)"
3515129,"Emilianópolis",29.16813563,2016,"Escolaridade",24.39,"Proporção média de  alunos do 9º ano com proficiência em Língua Portuguesa e Matemática (%)"
3515129,"Emilianópolis",26.97368421,2018,"Escolaridade",29.18,"Proporção média de  alunos do 9º ano com proficiência em Língua Portuguesa e Matemática (%)"
3515129,"Emilianópolis",38.89215451,2020,"Escolaridade",33.99,"Proporção média de  alunos do 9º ano com proficiência em Língua Portuguesa e Matemática (%)"
3515129,"Emilianópolis",44.025,2022,"Escolaridade",32.24,"Proporção média de  alunos do 9º ano com proficiência em Língua Portuguesa e Matemática (%)"
3515129,"Emilianópolis",62.895,2024,"Escolaridade",31.01,"Proporção média de  alunos do 9º ano com proficiência em Língua Portuguesa e Matemática (%)"
3515152,"Engenheiro Coelho",19.20465919,2014,"Escolaridade",20.17,"Proporção média de  alunos do 9º ano com proficiência em Língua Portuguesa e Matemática (%)"
3515152,"Engenheiro Coelho",26.7193768,2016,"Escolaridade",24.39,"Proporção média de  alunos do 9º ano com proficiência em Língua Portuguesa e Matemática (%)"
3515152,"Engenheiro Coelho",24.80082526,2018,"Escolaridade",29.18,"Proporção média de  alunos do 9º ano com proficiência em Língua Portuguesa e Matemática (%)"
3515152,"Engenheiro Coelho",26.78842008,2020,"Escolaridade",33.99,"Proporção média de  alunos do 9º ano com proficiência em Língua Portuguesa e Matemática (%)"
3515152,"Engenheiro Coelho",26.78842008,2022,"Escolaridade",32.24,"Proporção média de  alunos do 9º ano com proficiência em Língua Portuguesa e Matemática (%)"
3515152,"Engenheiro Coelho",27.88,2024,"Escolaridade",31.01,"Proporção média de  alunos do 9º ano com proficiência em Língua Portuguesa e Matemática (%)"
3515186,"Espírito Santo do Pinhal",28.03782291,2014,"Escolaridade",20.17,"Proporção média de  alunos do 9º ano com proficiência em Língua Portuguesa e Matemática (%)"
3515186,"Espírito Santo do Pinhal",27.132218430000002,2016,"Escolaridade",24.39,"Proporção média de  alunos do 9º ano com proficiência em Língua Portuguesa e Matemática (%)"
3515186,"Espírito Santo do Pinhal",28.50631128,2018,"Escolaridade",29.18,"Proporção média de  alunos do 9º ano com proficiência em Língua Portuguesa e Matemática (%)"
3515186,"Espírito Santo do Pinhal",37.02934143,2020,"Escolaridade",33.99,"Proporção média de  alunos do 9º ano com proficiência em Língua Portuguesa e Matemática (%)"
3515186,"Espírito Santo do Pinhal",25.665,2022,"Escolaridade",32.24,"Proporção média de  alunos do 9º ano com proficiência em Língua Portuguesa e Matemática (%)"
3515186,"Espírito Santo do Pinhal",28.09,2024,"Escolaridade",31.01,"Proporção média de  alunos do 9º ano com proficiência em Língua Portuguesa e Matemática (%)"
3515194,"Espírito Santo do Turvo",31.35964912,2014,"Escolaridade",20.17,"Proporção média de  alunos do 9º ano com proficiência em Língua Portuguesa e Matemática (%)"
3515194,"Espírito Santo do Turvo",28.64449072,2016,"Escolaridade",24.39,"Proporção média de  alunos do 9º ano com proficiência em Língua Portuguesa e Matemática (%)"
3515194,"Espírito Santo do Turvo",18.04347826,2018,"Escolaridade",29.18,"Proporção média de  alunos do 9º ano com proficiência em Língua Portuguesa e Matemática (%)"
3515194,"Espírito Santo do Turvo",26.021342,2020,"Escolaridade",33.99,"Proporção média de  alunos do 9º ano com proficiência em Língua Portuguesa e Matemática (%)"
3515194,"Espírito Santo do Turvo",29.4,2022,"Escolaridade",32.24,"Proporção média de  alunos do 9º ano com proficiência em Língua Portuguesa e Matemática (%)"
3515194,"Espírito Santo do Turvo",26.525,2024,"Escolaridade",31.01,"Proporção média de  alunos do 9º ano com proficiência em Língua Portuguesa e Matemática (%)"
3515202,"Estrela d'Oeste",35.85545802,2014,"Escolaridade",20.17,"Proporção média de  alunos do 9º ano com proficiência em Língua Portuguesa e Matemática (%)"
3515202,"Estrela d'Oeste",30.24082208,2016,"Escolaridade",24.39,"Proporção média de  alunos do 9º ano com proficiência em Língua Portuguesa e Matemática (%)"
3515202,"Estrela d'Oeste",37.85,2018,"Escolaridade",29.18,"Proporção média de  alunos do 9º ano com proficiência em Língua Portuguesa e Matemática (%)"
3515202,"Estrela d'Oeste",34.01884045,2020,"Escolaridade",33.99,"Proporção média de  alunos do 9º ano com proficiência em Língua Portuguesa e Matemática (%)"
3515202,"Estrela d'Oeste",37.345,2022,"Escolaridade",32.24,"Proporção média de  alunos do 9º ano com proficiência em Língua Portuguesa e Matemática (%)"
3515202,"Estrela d'Oeste",34.16,2024,"Escolaridade",31.01,"Proporção média de  alunos do 9º ano com proficiência em Língua Portuguesa e Matemática (%)"
3515301,"Estrela do Norte",28.30812854,2014,"Escolaridade",20.17,"Proporção média de  alunos do 9º ano com proficiência em Língua Portuguesa e Matemática (%)"
3515301,"Estrela do Norte",46.78777811,2016,"Escolaridade",24.39,"Proporção média de  alunos do 9º ano com proficiência em Língua Portuguesa e Matemática (%)"
3515301,"Estrela do Norte",35.02747253,2018,"Escolaridade",29.18,"Proporção média de  alunos do 9º ano com proficiência em Língua Portuguesa e Matemática (%)"
3515301,"Estrela do Norte",31.99193355,2020,"Escolaridade",33.99,"Proporção média de  alunos do 9º ano com proficiência em Língua Portuguesa e Matemática (%)"
3515301,"Estrela do Norte",32.985,2022,"Escolaridade",32.24,"Proporção média de  alunos do 9º ano com proficiência em Língua Portuguesa e Matemática (%)"
3515301,"Estrela do Norte",29.62,2024,"Escolaridade",31.01,"Proporção média de  alunos do 9º ano com proficiência em Língua Portuguesa e Matemática (%)"
3515350,"Euclides da Cunha Paulista",17.56746731,2014,"Escolaridade",20.17,"Proporção média de  alunos do 9º ano com proficiência em Língua Portuguesa e Matemática (%)"
3515350,"Euclides da Cunha Paulista",23.7110802,2016,"Escolaridade",24.39,"Proporção média de  alunos do 9º ano com proficiência em Língua Portuguesa e Matemática (%)"
3515350,"Euclides da Cunha Paulista",26.51785873,2018,"Escolaridade",29.18,"Proporção média de  alunos do 9º ano com proficiência em Língua Portuguesa e Matemática (%)"
3515350,"Euclides da Cunha Paulista",25.50243499,2020,"Escolaridade",33.99,"Proporção média de  alunos do 9º ano com proficiência em Língua Portuguesa e Matemática (%)"
3515350,"Euclides da Cunha Paulista",33.52,2022,"Escolaridade",32.24,"Proporção média de  alunos do 9º ano com proficiência em Língua Portuguesa e Matemática (%)"
3515350,"Euclides da Cunha Paulista",34.85,2024,"Escolaridade",31.01,"Proporção média de  alunos do 9º ano com proficiência em Língua Portuguesa e Matemática (%)"
3515400,"Fartura",27.79835432,2014,"Escolaridade",20.17,"Proporção média de  alunos do 9º ano com proficiência em Língua Portuguesa e Matemática (%)"
3515400,"Fartura",38.38330108,2016,"Escolaridade",24.39,"Proporção média de  alunos do 9º ano com proficiência em Língua Portuguesa e Matemática (%)"
3515400,"Fartura",46.13909008,2018,"Escolaridade",29.18,"Proporção média de  alunos do 9º ano com proficiência em Língua Portuguesa e Matemática (%)"
3515400,"Fartura",44.2209363,2020,"Escolaridade",33.99,"Proporção média de  alunos do 9º ano com proficiência em Língua Portuguesa e Matemática (%)"
3515400,"Fartura",42.745,2022,"Escolaridade",32.24,"Proporção média de  alunos do 9º ano com proficiência em Língua Portuguesa e Matemática (%)"
3515400,"Fartura",46.25,2024,"Escolaridade",31.01,"Proporção média de  alunos do 9º ano com proficiência em Língua Portuguesa e Matemática (%)"
3515509,"Fernandópolis",29.77409787,2014,"Escolaridade",20.17,"Proporção média de  alunos do 9º ano com proficiência em Língua Portuguesa e Matemática (%)"
3515509,"Fernandópolis",33.53655271,2016,"Escolaridade",24.39,"Proporção média de  alunos do 9º ano com proficiência em Língua Portuguesa e Matemática (%)"
3515509,"Fernandópolis",36.8009751,2018,"Escolaridade",29.18,"Proporção média de  alunos do 9º ano com proficiência em Língua Portuguesa e Matemática (%)"
3515509,"Fernandópolis",36.37460152,2020,"Escolaridade",33.99,"Proporção média de  alunos do 9º ano com proficiência em Língua Portuguesa e Matemática (%)"
3515509,"Fernandópolis",39.575,2022,"Escolaridade",32.24,"Proporção média de  alunos do 9º ano com proficiência em Língua Portuguesa e Matemática (%)"
3515509,"Fernandópolis",41.94,2024,"Escolaridade",31.01,"Proporção média de  alunos do 9º ano com proficiência em Língua Portuguesa e Matemática (%)"
3515608,"Fernando Prestes",37.79069767,2014,"Escolaridade",20.17,"Proporção média de  alunos do 9º ano com proficiência em Língua Portuguesa e Matemática (%)"
3515608,"Fernando Prestes",35.52810505,2016,"Escolaridade",24.39,"Proporção média de  alunos do 9º ano com proficiência em Língua Portuguesa e Matemática (%)"
3515608,"Fernando Prestes",46.04571467,2018,"Escolaridade",29.18,"Proporção média de  alunos do 9º ano com proficiência em Língua Portuguesa e Matemática (%)"
3515608,"Fernando Prestes",45.50502861,2020,"Escolaridade",33.99,"Proporção média de  alunos do 9º ano com proficiência em Língua Portuguesa e Matemática (%)"
3515608,"Fernando Prestes",47.85,2022,"Escolaridade",32.24,"Proporção média de  alunos do 9º ano com proficiência em Língua Portuguesa e Matemática (%)"
3515608,"Fernando Prestes",42.42,2024,"Escolaridade",31.01,"Proporção média de  alunos do 9º ano com proficiência em Língua Portuguesa e Matemática (%)"
3515657,"Fernão",27.5,2014,"Escolaridade",20.17,"Proporção média de  alunos do 9º ano com proficiência em Língua Portuguesa e Matemática (%)"
3515657,"Fernão",29.54694259,2016,"Escolaridade",24.39,"Proporção média de  alunos do 9º ano com proficiência em Língua Portuguesa e Matemática (%)"
3515657,"Fernão",48,2018,"Escolaridade",29.18,"Proporção média de  alunos do 9º ano com proficiência em Língua Portuguesa e Matemática (%)"
3515657,"Fernão",44.83135052,2020,"Escolaridade",33.99,"Proporção média de  alunos do 9º ano com proficiência em Língua Portuguesa e Matemática (%)"
3515657,"Fernão",45,2022,"Escolaridade",32.24,"Proporção média de  alunos do 9º ano com proficiência em Língua Portuguesa e Matemática (%)"
3515657,"Fernão",28,2024,"Escolaridade",31.01,"Proporção média de  alunos do 9º ano com proficiência em Língua Portuguesa e Matemática (%)"
3515707,"Ferraz de Vasconcelos",14.18412231,2014,"Escolaridade",20.17,"Proporção média de  alunos do 9º ano com proficiência em Língua Portuguesa e Matemática (%)"
3515707,"Ferraz de Vasconcelos",17.87353098,2016,"Escolaridade",24.39,"Proporção média de  alunos do 9º ano com proficiência em Língua Portuguesa e Matemática (%)"
3515707,"Ferraz de Vasconcelos",20.75975302,2018,"Escolaridade",29.18,"Proporção média de  alunos do 9º ano com proficiência em Língua Portuguesa e Matemática (%)"
3515707,"Ferraz de Vasconcelos",27.20029588,2020,"Escolaridade",33.99,"Proporção média de  alunos do 9º ano com proficiência em Língua Portuguesa e Matemática (%)"
3515707,"Ferraz de Vasconcelos",25.48,2022,"Escolaridade",32.24,"Proporção média de  alunos do 9º ano com proficiência em Língua Portuguesa e Matemática (%)"
3515707,"Ferraz de Vasconcelos",28.085,2024,"Escolaridade",31.01,"Proporção média de  alunos do 9º ano com proficiência em Língua Portuguesa e Matemática (%)"
3515806,"Flora Rica",15.78947368,2014,"Escolaridade",20.17,"Proporção média de  alunos do 9º ano com proficiência em Língua Portuguesa e Matemática (%)"
3515806,"Flora Rica",38.28695236,2016,"Escolaridade",24.39,"Proporção média de  alunos do 9º ano com proficiência em Língua Portuguesa e Matemática (%)"
3515806,"Flora Rica",23.52941177,2018,"Escolaridade",29.18,"Proporção média de  alunos do 9º ano com proficiência em Língua Portuguesa e Matemática (%)"
3515806,"Flora Rica",11.7656938,2020,"Escolaridade",33.99,"Proporção média de  alunos do 9º ano com proficiência em Língua Portuguesa e Matemática (%)"
3515806,"Flora Rica",11.7656938,2022,"Escolaridade",32.24,"Proporção média de  alunos do 9º ano com proficiência em Língua Portuguesa e Matemática (%)"
3515806,"Flora Rica",20,2024,"Escolaridade",31.01,"Proporção média de  alunos do 9º ano com proficiência em Língua Portuguesa e Matemática (%)"
3515905,"Floreal",34.28571429,2014,"Escolaridade",20.17,"Proporção média de  alunos do 9º ano com proficiência em Língua Portuguesa e Matemática (%)"
3515905,"Floreal",45.5172425,2016,"Escolaridade",24.39,"Proporção média de  alunos do 9º ano com proficiência em Língua Portuguesa e Matemática (%)"
3515905,"Floreal",52.08333333,2018,"Escolaridade",29.18,"Proporção média de  alunos do 9º ano com proficiência em Língua Portuguesa e Matemática (%)"
3515905,"Floreal",46.77812133,2020,"Escolaridade",33.99,"Proporção média de  alunos do 9º ano com proficiência em Língua Portuguesa e Matemática (%)"
3515905,"Floreal",64.285,2022,"Escolaridade",32.24,"Proporção média de  alunos do 9º ano com proficiência em Língua Portuguesa e Matemática (%)"
3515905,"Floreal",64.285,2024,"Escolaridade",31.01,"Proporção média de  alunos do 9º ano com proficiência em Língua Portuguesa e Matemática (%)"
3516002,"Flórida Paulista",20.62188296,2014,"Escolaridade",20.17,"Proporção média de  alunos do 9º ano com proficiência em Língua Portuguesa e Matemática (%)"
3516002,"Flórida Paulista",24.46866815,2016,"Escolaridade",24.39,"Proporção média de  alunos do 9º ano com proficiência em Língua Portuguesa e Matemática (%)"
3516002,"Flórida Paulista",11.32331695,2018,"Escolaridade",29.18,"Proporção média de  alunos do 9º ano com proficiência em Língua Portuguesa e Matemática (%)"
3516002,"Flórida Paulista",35.21591991,2020,"Escolaridade",33.99,"Proporção média de  alunos do 9º ano com proficiência em Língua Portuguesa e Matemática (%)"
3516002,"Flórida Paulista",17.02,2022,"Escolaridade",32.24,"Proporção média de  alunos do 9º ano com proficiência em Língua Portuguesa e Matemática (%)"
3516002,"Flórida Paulista",26.31,2024,"Escolaridade",31.01,"Proporção média de  alunos do 9º ano com proficiência em Língua Portuguesa e Matemática (%)"
3516101,"Florínea",9.914893617,2014,"Escolaridade",20.17,"Proporção média de  alunos do 9º ano com proficiência em Língua Portuguesa e Matemática (%)"
3516101,"Florínea",42.84441963,2016,"Escolaridade",24.39,"Proporção média de  alunos do 9º ano com proficiência em Língua Portuguesa e Matemática (%)"
3516101,"Florínea",21.57868275,2018,"Escolaridade",29.18,"Proporção média de  alunos do 9º ano com proficiência em Língua Portuguesa e Matemática (%)"
3516101,"Florínea",32.76137153,2020,"Escolaridade",33.99,"Proporção média de  alunos do 9º ano com proficiência em Língua Portuguesa e Matemática (%)"
3516101,"Florínea",44.28,2022,"Escolaridade",32.24,"Proporção média de  alunos do 9º ano com proficiência em Língua Portuguesa e Matemática (%)"
3516101,"Florínea",31.425,2024,"Escolaridade",31.01,"Proporção média de  alunos do 9º ano com proficiência em Língua Portuguesa e Matemática (%)"
3516200,"Franca",25.22021091,2014,"Escolaridade",20.17,"Proporção média de  alunos do 9º ano com proficiência em Língua Portuguesa e Matemática (%)"
3516200,"Franca",27.56104773,2016,"Escolaridade",24.39,"Proporção média de  alunos do 9º ano com proficiência em Língua Portuguesa e Matemática (%)"
3516200,"Franca",35.58032949,2018,"Escolaridade",29.18,"Proporção média de  alunos do 9º ano com proficiência em Língua Portuguesa e Matemática (%)"
3516200,"Franca",42.73332398,2020,"Escolaridade",33.99,"Proporção média de  alunos do 9º ano com proficiência em Língua Portuguesa e Matemática (%)"
3516200,"Franca",39.97,2022,"Escolaridade",32.24,"Proporção média de  alunos do 9º ano com proficiência em Língua Portuguesa e Matemática (%)"
3516200,"Franca",39.695,2024,"Escolaridade",31.01,"Proporção média de  alunos do 9º ano com proficiência em Língua Portuguesa e Matemática (%)"
3516309,"Francisco Morato",14.07854085,2014,"Escolaridade",20.17,"Proporção média de  alunos do 9º ano com proficiência em Língua Portuguesa e Matemática (%)"
3516309,"Francisco Morato",17.59836387,2016,"Escolaridade",24.39,"Proporção média de  alunos do 9º ano com proficiência em Língua Portuguesa e Matemática (%)"
3516309,"Francisco Morato",19.22204084,2018,"Escolaridade",29.18,"Proporção média de  alunos do 9º ano com proficiência em Língua Portuguesa e Matemática (%)"
3516309,"Francisco Morato",26.47115606,2020,"Escolaridade",33.99,"Proporção média de  alunos do 9º ano com proficiência em Língua Portuguesa e Matemática (%)"
3516309,"Francisco Morato",24.855,2022,"Escolaridade",32.24,"Proporção média de  alunos do 9º ano com proficiência em Língua Portuguesa e Matemática (%)"
3516309,"Francisco Morato",23.145,2024,"Escolaridade",31.01,"Proporção média de  alunos do 9º ano com proficiência em Língua Portuguesa e Matemática (%)"
3516408,"Franco da Rocha",12.37524029,2014,"Escolaridade",20.17,"Proporção média de  alunos do 9º ano com proficiência em Língua Portuguesa e Matemática (%)"
3516408,"Franco da Rocha",16.4483426,2016,"Escolaridade",24.39,"Proporção média de  alunos do 9º ano com proficiência em Língua Portuguesa e Matemática (%)"
3516408,"Franco da Rocha",20.80831253,2018,"Escolaridade",29.18,"Proporção média de  alunos do 9º ano com proficiência em Língua Portuguesa e Matemática (%)"
3516408,"Franco da Rocha",27.45177507,2020,"Escolaridade",33.99,"Proporção média de  alunos do 9º ano com proficiência em Língua Portuguesa e Matemática (%)"
3516408,"Franco da Rocha",25.59,2022,"Escolaridade",32.24,"Proporção média de  alunos do 9º ano com proficiência em Língua Portuguesa e Matemática (%)"
3516408,"Franco da Rocha",23.635,2024,"Escolaridade",31.01,"Proporção média de  alunos do 9º ano com proficiência em Língua Portuguesa e Matemática (%)"
3516507,"Gabriel Monteiro",35.74074074,2014,"Escolaridade",20.17,"Proporção média de  alunos do 9º ano com proficiência em Língua Portuguesa e Matemática (%)"
3516507,"Gabriel Monteiro",63.16107565,2016,"Escolaridade",24.39,"Proporção média de  alunos do 9º ano com proficiência em Língua Portuguesa e Matemática (%)"
3516507,"Gabriel Monteiro",35.71428571,2018,"Escolaridade",29.18,"Proporção média de  alunos do 9º ano com proficiência em Língua Portuguesa e Matemática (%)"
3516507,"Gabriel Monteiro",35.71428571,2020,"Escolaridade",33.99,"Proporção média de  alunos do 9º ano com proficiência em Língua Portuguesa e Matemática (%)"
3516507,"Gabriel Monteiro",83.325,2022,"Escolaridade",32.24,"Proporção média de  alunos do 9º ano com proficiência em Língua Portuguesa e Matemática (%)"
3516507,"Gabriel Monteiro",83.325,2024,"Escolaridade",31.01,"Proporção média de  alunos do 9º ano com proficiência em Língua Portuguesa e Matemática (%)"
3516606,"Gália",14.12277486,2014,"Escolaridade",20.17,"Proporção média de  alunos do 9º ano com proficiência em Língua Portuguesa e Matemática (%)"
3516606,"Gália",21.8263307,2016,"Escolaridade",24.39,"Proporção média de  alunos do 9º ano com proficiência em Língua Portuguesa e Matemática (%)"
3516606,"Gália",20.74519231,2018,"Escolaridade",29.18,"Proporção média de  alunos do 9º ano com proficiência em Língua Portuguesa e Matemática (%)"
3516606,"Gália",37.08068649,2020,"Escolaridade",33.99,"Proporção média de  alunos do 9º ano com proficiência em Língua Portuguesa e Matemática (%)"
3516606,"Gália",37.08068649,2022,"Escolaridade",32.24,"Proporção média de  alunos do 9º ano com proficiência em Língua Portuguesa e Matemática (%)"
3516606,"Gália",15.625,2024,"Escolaridade",31.01,"Proporção média de  alunos do 9º ano com proficiência em Língua Portuguesa e Matemática (%)"
3516705,"Garça",20.99725685,2014,"Escolaridade",20.17,"Proporção média de  alunos do 9º ano com proficiência em Língua Portuguesa e Matemática (%)"
3516705,"Garça",25.27272186,2016,"Escolaridade",24.39,"Proporção média de  alunos do 9º ano com proficiência em Língua Portuguesa e Matemática (%)"
3516705,"Garça",23.14823747,2018,"Escolaridade",29.18,"Proporção média de  alunos do 9º ano com proficiência em Língua Portuguesa e Matemática (%)"
3516705,"Garça",28.98648367,2020,"Escolaridade",33.99,"Proporção média de  alunos do 9º ano com proficiência em Língua Portuguesa e Matemática (%)"
3516705,"Garça",26.645,2022,"Escolaridade",32.24,"Proporção média de  alunos do 9º ano com proficiência em Língua Portuguesa e Matemática (%)"
3516705,"Garça",26.87,2024,"Escolaridade",31.01,"Proporção média de  alunos do 9º ano com proficiência em Língua Portuguesa e Matemática (%)"
3516804,"Gastão Vidigal",13.42372881,2014,"Escolaridade",20.17,"Proporção média de  alunos do 9º ano com proficiência em Língua Portuguesa e Matemática (%)"
3516804,"Gastão Vidigal",25.98815092,2016,"Escolaridade",24.39,"Proporção média de  alunos do 9º ano com proficiência em Língua Portuguesa e Matemática (%)"
3516804,"Gastão Vidigal",36.76358885,2018,"Escolaridade",29.18,"Proporção média de  alunos do 9º ano com proficiência em Língua Portuguesa e Matemática (%)"
3516804,"Gastão Vidigal",42.1920949,2020,"Escolaridade",33.99,"Proporção média de  alunos do 9º ano com proficiência em Língua Portuguesa e Matemática (%)"
3516804,"Gastão Vidigal",29.065,2022,"Escolaridade",32.24,"Proporção média de  alunos do 9º ano com proficiência em Língua Portuguesa e Matemática (%)"
3516804,"Gastão Vidigal",29.705,2024,"Escolaridade",31.01,"Proporção média de  alunos do 9º ano com proficiência em Língua Portuguesa e Matemática (%)"
3516853,"Gavião Peixoto",12.5307856,2014,"Escolaridade",20.17,"Proporção média de  alunos do 9º ano com proficiência em Língua Portuguesa e Matemática (%)"
3516853,"Gavião Peixoto",26.9922868,2016,"Escolaridade",24.39,"Proporção média de  alunos do 9º ano com proficiência em Língua Portuguesa e Matemática (%)"
3516853,"Gavião Peixoto",20.49080087,2018,"Escolaridade",29.18,"Proporção média de  alunos do 9º ano com proficiência em Língua Portuguesa e Matemática (%)"
3516853,"Gavião Peixoto",14.37620711,2020,"Escolaridade",33.99,"Proporção média de  alunos do 9º ano com proficiência em Língua Portuguesa e Matemática (%)"
3516853,"Gavião Peixoto",44.45,2022,"Escolaridade",32.24,"Proporção média de  alunos do 9º ano com proficiência em Língua Portuguesa e Matemática (%)"
3516853,"Gavião Peixoto",37.99,2024,"Escolaridade",31.01,"Proporção média de  alunos do 9º ano com proficiência em Língua Portuguesa e Matemática (%)"
3516903,"General Salgado",34.13996656,2014,"Escolaridade",20.17,"Proporção média de  alunos do 9º ano com proficiência em Língua Portuguesa e Matemática (%)"
3516903,"General Salgado",24.91272314,2016,"Escolaridade",24.39,"Proporção média de  alunos do 9º ano com proficiência em Língua Portuguesa e Matemática (%)"
3516903,"General Salgado",33.50359248,2018,"Escolaridade",29.18,"Proporção média de  alunos do 9º ano com proficiência em Língua Portuguesa e Matemática (%)"
3516903,"General Salgado",32.00082278,2020,"Escolaridade",33.99,"Proporção média de  alunos do 9º ano com proficiência em Língua Portuguesa e Matemática (%)"
3516903,"General Salgado",33.79,2022,"Escolaridade",32.24,"Proporção média de  alunos do 9º ano com proficiência em Língua Portuguesa e Matemática (%)"
3516903,"General Salgado",28.435,2024,"Escolaridade",31.01,"Proporção média de  alunos do 9º ano com proficiência em Língua Portuguesa e Matemática (%)"
3517000,"Getulina",12.37770859,2014,"Escolaridade",20.17,"Proporção média de  alunos do 9º ano com proficiência em Língua Portuguesa e Matemática (%)"
3517000,"Getulina",18.76242853,2016,"Escolaridade",24.39,"Proporção média de  alunos do 9º ano com proficiência em Língua Portuguesa e Matemática (%)"
3517000,"Getulina",17.40680327,2018,"Escolaridade",29.18,"Proporção média de  alunos do 9º ano com proficiência em Língua Portuguesa e Matemática (%)"
3517000,"Getulina",22.95760959,2020,"Escolaridade",33.99,"Proporção média de  alunos do 9º ano com proficiência em Língua Portuguesa e Matemática (%)"
3517000,"Getulina",27.8,2022,"Escolaridade",32.24,"Proporção média de  alunos do 9º ano com proficiência em Língua Portuguesa e Matemática (%)"
3517000,"Getulina",17.445,2024,"Escolaridade",31.01,"Proporção média de  alunos do 9º ano com proficiência em Língua Portuguesa e Matemática (%)"
3517109,"Glicério",14.63600505,2014,"Escolaridade",20.17,"Proporção média de  alunos do 9º ano com proficiência em Língua Portuguesa e Matemática (%)"
3517109,"Glicério",13.49228896,2016,"Escolaridade",24.39,"Proporção média de  alunos do 9º ano com proficiência em Língua Portuguesa e Matemática (%)"
3517109,"Glicério",18.43276036,2018,"Escolaridade",29.18,"Proporção média de  alunos do 9º ano com proficiência em Língua Portuguesa e Matemática (%)"
3517109,"Glicério",27.60412777,2020,"Escolaridade",33.99,"Proporção média de  alunos do 9º ano com proficiência em Língua Portuguesa e Matemática (%)"
3517109,"Glicério",33.25,2022,"Escolaridade",32.24,"Proporção média de  alunos do 9º ano com proficiência em Língua Portuguesa e Matemática (%)"
3517109,"Glicério",19.695,2024,"Escolaridade",31.01,"Proporção média de  alunos do 9º ano com proficiência em Língua Portuguesa e Matemática (%)"
3517208,"Guaiçara",15.09139544,2014,"Escolaridade",20.17,"Proporção média de  alunos do 9º ano com proficiência em Língua Portuguesa e Matemática (%)"
3517208,"Guaiçara",16.85322321,2016,"Escolaridade",24.39,"Proporção média de  alunos do 9º ano com proficiência em Língua Portuguesa e Matemática (%)"
3517208,"Guaiçara",22.57194718,2018,"Escolaridade",29.18,"Proporção média de  alunos do 9º ano com proficiência em Língua Portuguesa e Matemática (%)"
3517208,"Guaiçara",19.83069689,2020,"Escolaridade",33.99,"Proporção média de  alunos do 9º ano com proficiência em Língua Portuguesa e Matemática (%)"
3517208,"Guaiçara",32.435,2022,"Escolaridade",32.24,"Proporção média de  alunos do 9º ano com proficiência em Língua Portuguesa e Matemática (%)"
3517208,"Guaiçara",36.305,2024,"Escolaridade",31.01,"Proporção média de  alunos do 9º ano com proficiência em Língua Portuguesa e Matemática (%)"
3517307,"Guaimbê",15.56295752,2014,"Escolaridade",20.17,"Proporção média de  alunos do 9º ano com proficiência em Língua Portuguesa e Matemática (%)"
3517307,"Guaimbê",19.4566932,2016,"Escolaridade",24.39,"Proporção média de  alunos do 9º ano com proficiência em Língua Portuguesa e Matemática (%)"
3517307,"Guaimbê",12.20921295,2018,"Escolaridade",29.18,"Proporção média de  alunos do 9º ano com proficiência em Língua Portuguesa e Matemática (%)"
3517307,"Guaimbê",31.78105017,2020,"Escolaridade",33.99,"Proporção média de  alunos do 9º ano com proficiência em Língua Portuguesa e Matemática (%)"
3517307,"Guaimbê",18.56,2022,"Escolaridade",32.24,"Proporção média de  alunos do 9º ano com proficiência em Língua Portuguesa e Matemática (%)"
3517307,"Guaimbê",24.47,2024,"Escolaridade",31.01,"Proporção média de  alunos do 9º ano com proficiência em Língua Portuguesa e Matemática (%)"
3517406,"Guaíra",23.18667202,2014,"Escolaridade",20.17,"Proporção média de  alunos do 9º ano com proficiência em Língua Portuguesa e Matemática (%)"
3517406,"Guaíra",29.05587928,2016,"Escolaridade",24.39,"Proporção média de  alunos do 9º ano com proficiência em Língua Portuguesa e Matemática (%)"
3517406,"Guaíra",30.02331675,2018,"Escolaridade",29.18,"Proporção média de  alunos do 9º ano com proficiência em Língua Portuguesa e Matemática (%)"
3517406,"Guaíra",27.08370921,2020,"Escolaridade",33.99,"Proporção média de  alunos do 9º ano com proficiência em Língua Portuguesa e Matemática (%)"
3517406,"Guaíra",20.55,2022,"Escolaridade",32.24,"Proporção média de  alunos do 9º ano com proficiência em Língua Portuguesa e Matemática (%)"
3517406,"Guaíra",28.49,2024,"Escolaridade",31.01,"Proporção média de  alunos do 9º ano com proficiência em Língua Portuguesa e Matemática (%)"
3517505,"Guapiaçu",21.84576272,2014,"Escolaridade",20.17,"Proporção média de  alunos do 9º ano com proficiência em Língua Portuguesa e Matemática (%)"
3517505,"Guapiaçu",45.48123133,2016,"Escolaridade",24.39,"Proporção média de  alunos do 9º ano com proficiência em Língua Portuguesa e Matemática (%)"
3517505,"Guapiaçu",31.56427896,2018,"Escolaridade",29.18,"Proporção média de  alunos do 9º ano com proficiência em Língua Portuguesa e Matemática (%)"
3517505,"Guapiaçu",33.47284942,2020,"Escolaridade",33.99,"Proporção média de  alunos do 9º ano com proficiência em Língua Portuguesa e Matemática (%)"
3517505,"Guapiaçu",33.47284942,2022,"Escolaridade",32.24,"Proporção média de  alunos do 9º ano com proficiência em Língua Portuguesa e Matemática (%)"
3517505,"Guapiaçu",33.47284942,2024,"Escolaridade",31.01,"Proporção média de  alunos do 9º ano com proficiência em Língua Portuguesa e Matemática (%)"
3517604,"Guapiara",15.6326934,2014,"Escolaridade",20.17,"Proporção média de  alunos do 9º ano com proficiência em Língua Portuguesa e Matemática (%)"
3517604,"Guapiara",21.46893816,2016,"Escolaridade",24.39,"Proporção média de  alunos do 9º ano com proficiência em Língua Portuguesa e Matemática (%)"
3517604,"Guapiara",27.17866667,2018,"Escolaridade",29.18,"Proporção média de  alunos do 9º ano com proficiência em Língua Portuguesa e Matemática (%)"
3517604,"Guapiara",30.79179626,2020,"Escolaridade",33.99,"Proporção média de  alunos do 9º ano com proficiência em Língua Portuguesa e Matemática (%)"
3517604,"Guapiara",23.42,2022,"Escolaridade",32.24,"Proporção média de  alunos do 9º ano com proficiência em Língua Portuguesa e Matemática (%)"
3517604,"Guapiara",23.66,2024,"Escolaridade",31.01,"Proporção média de  alunos do 9º ano com proficiência em Língua Portuguesa e Matemática (%)"
3517703,"Guará",24.02416661,2014,"Escolaridade",20.17,"Proporção média de  alunos do 9º ano com proficiência em Língua Portuguesa e Matemática (%)"
3517703,"Guará",24.18620352,2016,"Escolaridade",24.39,"Proporção média de  alunos do 9º ano com proficiência em Língua Portuguesa e Matemática (%)"
3517703,"Guará",22.25757576,2018,"Escolaridade",29.18,"Proporção média de  alunos do 9º ano com proficiência em Língua Portuguesa e Matemática (%)"
3517703,"Guará",21.99582544,2020,"Escolaridade",33.99,"Proporção média de  alunos do 9º ano com proficiência em Língua Portuguesa e Matemática (%)"
3517703,"Guará",21.99582544,2022,"Escolaridade",32.24,"Proporção média de  alunos do 9º ano com proficiência em Língua Portuguesa e Matemática (%)"
3517703,"Guará",22.085,2024,"Escolaridade",31.01,"Proporção média de  alunos do 9º ano com proficiência em Língua Portuguesa e Matemática (%)"
3517802,"Guaraçaí",17.91329739,2014,"Escolaridade",20.17,"Proporção média de  alunos do 9º ano com proficiência em Língua Portuguesa e Matemática (%)"
3517802,"Guaraçaí",22.73688482,2016,"Escolaridade",24.39,"Proporção média de  alunos do 9º ano com proficiência em Língua Portuguesa e Matemática (%)"
3517802,"Guaraçaí",34.71551212,2018,"Escolaridade",29.18,"Proporção média de  alunos do 9º ano com proficiência em Língua Portuguesa e Matemática (%)"
3517802,"Guaraçaí",36.61699153,2020,"Escolaridade",33.99,"Proporção média de  alunos do 9º ano com proficiência em Língua Portuguesa e Matemática (%)"
3517802,"Guaraçaí",32.88,2022,"Escolaridade",32.24,"Proporção média de  alunos do 9º ano com proficiência em Língua Portuguesa e Matemática (%)"
3517802,"Guaraçaí",35.165,2024,"Escolaridade",31.01,"Proporção média de  alunos do 9º ano com proficiência em Língua Portuguesa e Matemática (%)"
3517901,"Guaraci",15.23340895,2014,"Escolaridade",20.17,"Proporção média de  alunos do 9º ano com proficiência em Língua Portuguesa e Matemática (%)"
3517901,"Guaraci",18.38747925,2016,"Escolaridade",24.39,"Proporção média de  alunos do 9º ano com proficiência em Língua Portuguesa e Matemática (%)"
3517901,"Guaraci",21.65320848,2018,"Escolaridade",29.18,"Proporção média de  alunos do 9º ano com proficiência em Língua Portuguesa e Matemática (%)"
3517901,"Guaraci",21.13346661,2020,"Escolaridade",33.99,"Proporção média de  alunos do 9º ano com proficiência em Língua Portuguesa e Matemática (%)"
3517901,"Guaraci",21.13346661,2022,"Escolaridade",32.24,"Proporção média de  alunos do 9º ano com proficiência em Língua Portuguesa e Matemática (%)"
3517901,"Guaraci",24.215,2024,"Escolaridade",31.01,"Proporção média de  alunos do 9º ano com proficiência em Língua Portuguesa e Matemática (%)"
3518008,"Guarani d'Oeste",24.98604911,2014,"Escolaridade",20.17,"Proporção média de  alunos do 9º ano com proficiência em Língua Portuguesa e Matemática (%)"
3518008,"Guarani d'Oeste",30.95393985,2016,"Escolaridade",24.39,"Proporção média de  alunos do 9º ano com proficiência em Língua Portuguesa e Matemática (%)"
3518008,"Guarani d'Oeste",43.47826087,2018,"Escolaridade",29.18,"Proporção média de  alunos do 9º ano com proficiência em Língua Portuguesa e Matemática (%)"
3518008,"Guarani d'Oeste",50.00419866,2020,"Escolaridade",33.99,"Proporção média de  alunos do 9º ano com proficiência em Língua Portuguesa e Matemática (%)"
3518008,"Guarani d'Oeste",44.23,2022,"Escolaridade",32.24,"Proporção média de  alunos do 9º ano com proficiência em Língua Portuguesa e Matemática (%)"
3518008,"Guarani d'Oeste",25,2024,"Escolaridade",31.01,"Proporção média de  alunos do 9º ano com proficiência em Língua Portuguesa e Matemática (%)"
3518107,"Guarantã",13.24149061,2014,"Escolaridade",20.17,"Proporção média de  alunos do 9º ano com proficiência em Língua Portuguesa e Matemática (%)"
3518107,"Guarantã",16.58895748,2016,"Escolaridade",24.39,"Proporção média de  alunos do 9º ano com proficiência em Língua Portuguesa e Matemática (%)"
3518107,"Guarantã",15.50607287,2018,"Escolaridade",29.18,"Proporção média de  alunos do 9º ano com proficiência em Língua Portuguesa e Matemática (%)"
3518107,"Guarantã",26.53719553,2020,"Escolaridade",33.99,"Proporção média de  alunos do 9º ano com proficiência em Língua Portuguesa e Matemática (%)"
3518107,"Guarantã",21.075,2022,"Escolaridade",32.24,"Proporção média de  alunos do 9º ano com proficiência em Língua Portuguesa e Matemática (%)"
3518107,"Guarantã",21.075,2024,"Escolaridade",31.01,"Proporção média de  alunos do 9º ano com proficiência em Língua Portuguesa e Matemática (%)"
3518206,"Guararapes",23.17382987,2014,"Escolaridade",20.17,"Proporção média de  alunos do 9º ano com proficiência em Língua Portuguesa e Matemática (%)"
3518206,"Guararapes",25.17713551,2016,"Escolaridade",24.39,"Proporção média de  alunos do 9º ano com proficiência em Língua Portuguesa e Matemática (%)"
3518206,"Guararapes",25.9987858,2018,"Escolaridade",29.18,"Proporção média de  alunos do 9º ano com proficiência em Língua Portuguesa e Matemática (%)"
3518206,"Guararapes",34.71662986,2020,"Escolaridade",33.99,"Proporção média de  alunos do 9º ano com proficiência em Língua Portuguesa e Matemática (%)"
3518206,"Guararapes",33.08,2022,"Escolaridade",32.24,"Proporção média de  alunos do 9º ano com proficiência em Língua Portuguesa e Matemática (%)"
3518206,"Guararapes",36.9,2024,"Escolaridade",31.01,"Proporção média de  alunos do 9º ano com proficiência em Língua Portuguesa e Matemática (%)"
3518305,"Guararema",21.58191331,2014,"Escolaridade",20.17,"Proporção média de  alunos do 9º ano com proficiência em Língua Portuguesa e Matemática (%)"
3518305,"Guararema",19.76107827,2016,"Escolaridade",24.39,"Proporção média de  alunos do 9º ano com proficiência em Língua Portuguesa e Matemática (%)"
3518305,"Guararema",26.6749913,2018,"Escolaridade",29.18,"Proporção média de  alunos do 9º ano com proficiência em Língua Portuguesa e Matemática (%)"
3518305,"Guararema",25.93884365,2020,"Escolaridade",33.99,"Proporção média de  alunos do 9º ano com proficiência em Língua Portuguesa e Matemática (%)"
3518305,"Guararema",27.66,2022,"Escolaridade",32.24,"Proporção média de  alunos do 9º ano com proficiência em Língua Portuguesa e Matemática (%)"
3518305,"Guararema",28.63,2024,"Escolaridade",31.01,"Proporção média de  alunos do 9º ano com proficiência em Língua Portuguesa e Matemática (%)"
3518404,"Guaratinguetá",22.75968218,2014,"Escolaridade",20.17,"Proporção média de  alunos do 9º ano com proficiência em Língua Portuguesa e Matemática (%)"
3518404,"Guaratinguetá",27.25164253,2016,"Escolaridade",24.39,"Proporção média de  alunos do 9º ano com proficiência em Língua Portuguesa e Matemática (%)"
3518404,"Guaratinguetá",26.830961340000002,2018,"Escolaridade",29.18,"Proporção média de  alunos do 9º ano com proficiência em Língua Portuguesa e Matemática (%)"
3518404,"Guaratinguetá",36.0643271,2020,"Escolaridade",33.99,"Proporção média de  alunos do 9º ano com proficiência em Língua Portuguesa e Matemática (%)"
3518404,"Guaratinguetá",36.68,2022,"Escolaridade",32.24,"Proporção média de  alunos do 9º ano com proficiência em Língua Portuguesa e Matemática (%)"
3518404,"Guaratinguetá",37.335,2024,"Escolaridade",31.01,"Proporção média de  alunos do 9º ano com proficiência em Língua Portuguesa e Matemática (%)"
3518503,"Guareí",22.7186539,2014,"Escolaridade",20.17,"Proporção média de  alunos do 9º ano com proficiência em Língua Portuguesa e Matemática (%)"
3518503,"Guareí",22.24802562,2016,"Escolaridade",24.39,"Proporção média de  alunos do 9º ano com proficiência em Língua Portuguesa e Matemática (%)"
3518503,"Guareí",29.64805446,2018,"Escolaridade",29.18,"Proporção média de  alunos do 9º ano com proficiência em Língua Portuguesa e Matemática (%)"
3518503,"Guareí",29.81721197,2020,"Escolaridade",33.99,"Proporção média de  alunos do 9º ano com proficiência em Língua Portuguesa e Matemática (%)"
3518503,"Guareí",28.455,2022,"Escolaridade",32.24,"Proporção média de  alunos do 9º ano com proficiência em Língua Portuguesa e Matemática (%)"
3518503,"Guareí",35.815,2024,"Escolaridade",31.01,"Proporção média de  alunos do 9º ano com proficiência em Língua Portuguesa e Matemática (%)"
3518602,"Guariba",18.80416123,2014,"Escolaridade",20.17,"Proporção média de  alunos do 9º ano com proficiência em Língua Portuguesa e Matemática (%)"
3518602,"Guariba",21.84505413,2016,"Escolaridade",24.39,"Proporção média de  alunos do 9º ano com proficiência em Língua Portuguesa e Matemática (%)"
3518602,"Guariba",27.09144883,2018,"Escolaridade",29.18,"Proporção média de  alunos do 9º ano com proficiência em Língua Portuguesa e Matemática (%)"
3518602,"Guariba",37.38840409,2020,"Escolaridade",33.99,"Proporção média de  alunos do 9º ano com proficiência em Língua Portuguesa e Matemática (%)"
3518602,"Guariba",34.055,2022,"Escolaridade",32.24,"Proporção média de  alunos do 9º ano com proficiência em Língua Portuguesa e Matemática (%)"
3518602,"Guariba",43.395,2024,"Escolaridade",31.01,"Proporção média de  alunos do 9º ano com proficiência em Língua Portuguesa e Matemática (%)"
3518701,"Guarujá",12.9709696,2014,"Escolaridade",20.17,"Proporção média de  alunos do 9º ano com proficiência em Língua Portuguesa e Matemática (%)"
3518701,"Guarujá",17.49650098,2016,"Escolaridade",24.39,"Proporção média de  alunos do 9º ano com proficiência em Língua Portuguesa e Matemática (%)"
3518701,"Guarujá",26.78344499,2018,"Escolaridade",29.18,"Proporção média de  alunos do 9º ano com proficiência em Língua Portuguesa e Matemática (%)"
3518701,"Guarujá",31.25110881,2020,"Escolaridade",33.99,"Proporção média de  alunos do 9º ano com proficiência em Língua Portuguesa e Matemática (%)"
3518701,"Guarujá",27.38,2022,"Escolaridade",32.24,"Proporção média de  alunos do 9º ano com proficiência em Língua Portuguesa e Matemática (%)"
3518701,"Guarujá",26.96,2024,"Escolaridade",31.01,"Proporção média de  alunos do 9º ano com proficiência em Língua Portuguesa e Matemática (%)"
3518800,"Guarulhos",15.11945876,2014,"Escolaridade",20.17,"Proporção média de  alunos do 9º ano com proficiência em Língua Portuguesa e Matemática (%)"
3518800,"Guarulhos",21.66742045,2016,"Escolaridade",24.39,"Proporção média de  alunos do 9º ano com proficiência em Língua Portuguesa e Matemática (%)"
3518800,"Guarulhos",25.21635711,2018,"Escolaridade",29.18,"Proporção média de  alunos do 9º ano com proficiência em Língua Portuguesa e Matemática (%)"
3518800,"Guarulhos",29.66595286,2020,"Escolaridade",33.99,"Proporção média de  alunos do 9º ano com proficiência em Língua Portuguesa e Matemática (%)"
3518800,"Guarulhos",29.21,2022,"Escolaridade",32.24,"Proporção média de  alunos do 9º ano com proficiência em Língua Portuguesa e Matemática (%)"
3518800,"Guarulhos",27.75,2024,"Escolaridade",31.01,"Proporção média de  alunos do 9º ano com proficiência em Língua Portuguesa e Matemática (%)"
3518859,"Guatapará",12.21624047,2014,"Escolaridade",20.17,"Proporção média de  alunos do 9º ano com proficiência em Língua Portuguesa e Matemática (%)"
3518859,"Guatapará",21.55137934,2016,"Escolaridade",24.39,"Proporção média de  alunos do 9º ano com proficiência em Língua Portuguesa e Matemática (%)"
3518859,"Guatapará",13.27681279,2018,"Escolaridade",29.18,"Proporção média de  alunos do 9º ano com proficiência em Língua Portuguesa e Matemática (%)"
3518859,"Guatapará",26.02172615,2020,"Escolaridade",33.99,"Proporção média de  alunos do 9º ano com proficiência em Língua Portuguesa e Matemática (%)"
3518859,"Guatapará",26.02172615,2022,"Escolaridade",32.24,"Proporção média de  alunos do 9º ano com proficiência em Língua Portuguesa e Matemática (%)"
3518859,"Guatapará",27.175,2024,"Escolaridade",31.01,"Proporção média de  alunos do 9º ano com proficiência em Língua Portuguesa e Matemática (%)"
3518909,"Guzolândia",20.7703858,2014,"Escolaridade",20.17,"Proporção média de  alunos do 9º ano com proficiência em Língua Portuguesa e Matemática (%)"
3518909,"Guzolândia",25.03452155,2016,"Escolaridade",24.39,"Proporção média de  alunos do 9º ano com proficiência em Língua Portuguesa e Matemática (%)"
3518909,"Guzolândia",31.9683908,2018,"Escolaridade",29.18,"Proporção média de  alunos do 9º ano com proficiência em Língua Portuguesa e Matemática (%)"
3518909,"Guzolândia",27.54774986,2020,"Escolaridade",33.99,"Proporção média de  alunos do 9º ano com proficiência em Língua Portuguesa e Matemática (%)"
3518909,"Guzolândia",39.46,2022,"Escolaridade",32.24,"Proporção média de  alunos do 9º ano com proficiência em Língua Portuguesa e Matemática (%)"
3518909,"Guzolândia",36.74,2024,"Escolaridade",31.01,"Proporção média de  alunos do 9º ano com proficiência em Língua Portuguesa e Matemática (%)"
3519006,"Herculândia",19.92978715,2014,"Escolaridade",20.17,"Proporção média de  alunos do 9º ano com proficiência em Língua Portuguesa e Matemática (%)"
3519006,"Herculândia",23.10749323,2016,"Escolaridade",24.39,"Proporção média de  alunos do 9º ano com proficiência em Língua Portuguesa e Matemática (%)"
3519006,"Herculândia",22.18848081,2018,"Escolaridade",29.18,"Proporção média de  alunos do 9º ano com proficiência em Língua Portuguesa e Matemática (%)"
3519006,"Herculândia",26.08243695,2020,"Escolaridade",33.99,"Proporção média de  alunos do 9º ano com proficiência em Língua Portuguesa e Matemática (%)"
3519006,"Herculândia",26.08243695,2022,"Escolaridade",32.24,"Proporção média de  alunos do 9º ano com proficiência em Língua Portuguesa e Matemática (%)"
3519006,"Herculândia",24.215,2024,"Escolaridade",31.01,"Proporção média de  alunos do 9º ano com proficiência em Língua Portuguesa e Matemática (%)"
3519055,"Holambra",15.44984099,2014,"Escolaridade",20.17,"Proporção média de  alunos do 9º ano com proficiência em Língua Portuguesa e Matemática (%)"
3519055,"Holambra",31.68124819,2016,"Escolaridade",24.39,"Proporção média de  alunos do 9º ano com proficiência em Língua Portuguesa e Matemática (%)"
3519055,"Holambra",24.05995069,2018,"Escolaridade",29.18,"Proporção média de  alunos do 9º ano com proficiência em Língua Portuguesa e Matemática (%)"
3519055,"Holambra",31.83544418,2020,"Escolaridade",33.99,"Proporção média de  alunos do 9º ano com proficiência em Língua Portuguesa e Matemática (%)"
3519055,"Holambra",30.7,2022,"Escolaridade",32.24,"Proporção média de  alunos do 9º ano com proficiência em Língua Portuguesa e Matemática (%)"
3519055,"Holambra",30.7,2024,"Escolaridade",31.01,"Proporção média de  alunos do 9º ano com proficiência em Língua Portuguesa e Matemática (%)"
3519071,"Hortolândia",18.57452334,2014,"Escolaridade",20.17,"Proporção média de  alunos do 9º ano com proficiência em Língua Portuguesa e Matemática (%)"
3519071,"Hortolândia",22.76429931,2016,"Escolaridade",24.39,"Proporção média de  alunos do 9º ano com proficiência em Língua Portuguesa e Matemática (%)"
3519071,"Hortolândia",27.20125425,2018,"Escolaridade",29.18,"Proporção média de  alunos do 9º ano com proficiência em Língua Portuguesa e Matemática (%)"
3519071,"Hortolândia",31.9490695,2020,"Escolaridade",33.99,"Proporção média de  alunos do 9º ano com proficiência em Língua Portuguesa e Matemática (%)"
3519071,"Hortolândia",33.115,2022,"Escolaridade",32.24,"Proporção média de  alunos do 9º ano com proficiência em Língua Portuguesa e Matemática (%)"
3519071,"Hortolândia",33.365,2024,"Escolaridade",31.01,"Proporção média de  alunos do 9º ano com proficiência em Língua Portuguesa e Matemática (%)"
3519105,"Iacanga",20.7218742,2014,"Escolaridade",20.17,"Proporção média de  alunos do 9º ano com proficiência em Língua Portuguesa e Matemática (%)"
3519105,"Iacanga",28.5303225,2016,"Escolaridade",24.39,"Proporção média de  alunos do 9º ano com proficiência em Língua Portuguesa e Matemática (%)"
3519105,"Iacanga",38.89673842,2018,"Escolaridade",29.18,"Proporção média de  alunos do 9º ano com proficiência em Língua Portuguesa e Matemática (%)"
3519105,"Iacanga",38.89673842,2020,"Escolaridade",33.99,"Proporção média de  alunos do 9º ano com proficiência em Língua Portuguesa e Matemática (%)"
3519105,"Iacanga",37.515,2022,"Escolaridade",32.24,"Proporção média de  alunos do 9º ano com proficiência em Língua Portuguesa e Matemática (%)"
3519105,"Iacanga",47.235,2024,"Escolaridade",31.01,"Proporção média de  alunos do 9º ano com proficiência em Língua Portuguesa e Matemática (%)"
3519204,"Iacri",23.5235332,2014,"Escolaridade",20.17,"Proporção média de  alunos do 9º ano com proficiência em Língua Portuguesa e Matemática (%)"
3519204,"Iacri",20.31585599,2016,"Escolaridade",24.39,"Proporção média de  alunos do 9º ano com proficiência em Língua Portuguesa e Matemática (%)"
3519204,"Iacri",27.89083821,2018,"Escolaridade",29.18,"Proporção média de  alunos do 9º ano com proficiência em Língua Portuguesa e Matemática (%)"
3519204,"Iacri",32.81420906,2020,"Escolaridade",33.99,"Proporção média de  alunos do 9º ano com proficiência em Língua Portuguesa e Matemática (%)"
3519204,"Iacri",24.33,2022,"Escolaridade",32.24,"Proporção média de  alunos do 9º ano com proficiência em Língua Portuguesa e Matemática (%)"
3519204,"Iacri",42.59,2024,"Escolaridade",31.01,"Proporção média de  alunos do 9º ano com proficiência em Língua Portuguesa e Matemática (%)"
3519253,"Iaras",18.754523850000002,2014,"Escolaridade",20.17,"Proporção média de  alunos do 9º ano com proficiência em Língua Portuguesa e Matemática (%)"
3519253,"Iaras",17.75522781,2016,"Escolaridade",24.39,"Proporção média de  alunos do 9º ano com proficiência em Língua Portuguesa e Matemática (%)"
3519253,"Iaras",17.73912151,2018,"Escolaridade",29.18,"Proporção média de  alunos do 9º ano com proficiência em Língua Portuguesa e Matemática (%)"
3519253,"Iaras",19.2323841,2020,"Escolaridade",33.99,"Proporção média de  alunos do 9º ano com proficiência em Língua Portuguesa e Matemática (%)"
3519253,"Iaras",21.3,2022,"Escolaridade",32.24,"Proporção média de  alunos do 9º ano com proficiência em Língua Portuguesa e Matemática (%)"
3519253,"Iaras",15.715,2024,"Escolaridade",31.01,"Proporção média de  alunos do 9º ano com proficiência em Língua Portuguesa e Matemática (%)"
3519303,"Ibaté",23.78562362,2014,"Escolaridade",20.17,"Proporção média de  alunos do 9º ano com proficiência em Língua Portuguesa e Matemática (%)"
3519303,"Ibaté",27.73756587,2016,"Escolaridade",24.39,"Proporção média de  alunos do 9º ano com proficiência em Língua Portuguesa e Matemática (%)"
3519303,"Ibaté",30.21453273,2018,"Escolaridade",29.18,"Proporção média de  alunos do 9º ano com proficiência em Língua Portuguesa e Matemática (%)"
3519303,"Ibaté",36.2477775,2020,"Escolaridade",33.99,"Proporção média de  alunos do 9º ano com proficiência em Língua Portuguesa e Matemática (%)"
3519303,"Ibaté",35.94,2022,"Escolaridade",32.24,"Proporção média de  alunos do 9º ano com proficiência em Língua Portuguesa e Matemática (%)"
3519303,"Ibaté",37.505,2024,"Escolaridade",31.01,"Proporção média de  alunos do 9º ano com proficiência em Língua Portuguesa e Matemática (%)"
3519402,"Ibirá",33.38604943,2014,"Escolaridade",20.17,"Proporção média de  alunos do 9º ano com proficiência em Língua Portuguesa e Matemática (%)"
3519402,"Ibirá",50.32103458,2016,"Escolaridade",24.39,"Proporção média de  alunos do 9º ano com proficiência em Língua Portuguesa e Matemática (%)"
3519402,"Ibirá",50.94202155,2018,"Escolaridade",29.18,"Proporção média de  alunos do 9º ano com proficiência em Língua Portuguesa e Matemática (%)"
3519402,"Ibirá",55.70309734,2020,"Escolaridade",33.99,"Proporção média de  alunos do 9º ano com proficiência em Língua Portuguesa e Matemática (%)"
3519402,"Ibirá",30.295,2022,"Escolaridade",32.24,"Proporção média de  alunos do 9º ano com proficiência em Língua Portuguesa e Matemática (%)"
3519402,"Ibirá",33.13,2024,"Escolaridade",31.01,"Proporção média de  alunos do 9º ano com proficiência em Língua Portuguesa e Matemática (%)"
3519501,"Ibirarema",19.53104766,2014,"Escolaridade",20.17,"Proporção média de  alunos do 9º ano com proficiência em Língua Portuguesa e Matemática (%)"
3519501,"Ibirarema",21.19617541,2016,"Escolaridade",24.39,"Proporção média de  alunos do 9º ano com proficiência em Língua Portuguesa e Matemática (%)"
3519501,"Ibirarema",23.29314187,2018,"Escolaridade",29.18,"Proporção média de  alunos do 9º ano com proficiência em Língua Portuguesa e Matemática (%)"
3519501,"Ibirarema",23.29314187,2020,"Escolaridade",33.99,"Proporção média de  alunos do 9º ano com proficiência em Língua Portuguesa e Matemática (%)"
3519501,"Ibirarema",33.99,2022,"Escolaridade",32.24,"Proporção média de  alunos do 9º ano com proficiência em Língua Portuguesa e Matemática (%)"
3519501,"Ibirarema",20.09,2024,"Escolaridade",31.01,"Proporção média de  alunos do 9º ano com proficiência em Língua Portuguesa e Matemática (%)"
3519600,"Ibitinga",34.21572385,2014,"Escolaridade",20.17,"Proporção média de  alunos do 9º ano com proficiência em Língua Portuguesa e Matemática (%)"
3519600,"Ibitinga",32.95789661,2016,"Escolaridade",24.39,"Proporção média de  alunos do 9º ano com proficiência em Língua Portuguesa e Matemática (%)"
3519600,"Ibitinga",35.64672897,2018,"Escolaridade",29.18,"Proporção média de  alunos do 9º ano com proficiência em Língua Portuguesa e Matemática (%)"
3519600,"Ibitinga",39.06009013,2020,"Escolaridade",33.99,"Proporção média de  alunos do 9º ano com proficiência em Língua Portuguesa e Matemática (%)"
3519600,"Ibitinga",37.075,2022,"Escolaridade",32.24,"Proporção média de  alunos do 9º ano com proficiência em Língua Portuguesa e Matemática (%)"
3519600,"Ibitinga",37.775,2024,"Escolaridade",31.01,"Proporção média de  alunos do 9º ano com proficiência em Língua Portuguesa e Matemática (%)"
3519709,"Ibiúna",24.47161331,2014,"Escolaridade",20.17,"Proporção média de  alunos do 9º ano com proficiência em Língua Portuguesa e Matemática (%)"
3519709,"Ibiúna",25.04200438,2016,"Escolaridade",24.39,"Proporção média de  alunos do 9º ano com proficiência em Língua Portuguesa e Matemática (%)"
3519709,"Ibiúna",28.81848568,2018,"Escolaridade",29.18,"Proporção média de  alunos do 9º ano com proficiência em Língua Portuguesa e Matemática (%)"
3519709,"Ibiúna",33.11474872,2020,"Escolaridade",33.99,"Proporção média de  alunos do 9º ano com proficiência em Língua Portuguesa e Matemática (%)"
3519709,"Ibiúna",30.21,2022,"Escolaridade",32.24,"Proporção média de  alunos do 9º ano com proficiência em Língua Portuguesa e Matemática (%)"
3519709,"Ibiúna",28.19,2024,"Escolaridade",31.01,"Proporção média de  alunos do 9º ano com proficiência em Língua Portuguesa e Matemática (%)"
3519808,"Icém",20.06237257,2014,"Escolaridade",20.17,"Proporção média de  alunos do 9º ano com proficiência em Língua Portuguesa e Matemática (%)"
3519808,"Icém",18.14627729,2016,"Escolaridade",24.39,"Proporção média de  alunos do 9º ano com proficiência em Língua Portuguesa e Matemática (%)"
3519808,"Icém",19.13636364,2018,"Escolaridade",29.18,"Proporção média de  alunos do 9º ano com proficiência em Língua Portuguesa e Matemática (%)"
3519808,"Icém",20.91813272,2020,"Escolaridade",33.99,"Proporção média de  alunos do 9º ano com proficiência em Língua Portuguesa e Matemática (%)"
3519808,"Icém",24.43,2022,"Escolaridade",32.24,"Proporção média de  alunos do 9º ano com proficiência em Língua Portuguesa e Matemática (%)"
3519808,"Icém",27.365,2024,"Escolaridade",31.01,"Proporção média de  alunos do 9º ano com proficiência em Língua Portuguesa e Matemática (%)"
3519907,"Iepê",18.36077378,2014,"Escolaridade",20.17,"Proporção média de  alunos do 9º ano com proficiência em Língua Portuguesa e Matemática (%)"
3519907,"Iepê",24.39169259,2016,"Escolaridade",24.39,"Proporção média de  alunos do 9º ano com proficiência em Língua Portuguesa e Matemática (%)"
3519907,"Iepê",26.21652422,2018,"Escolaridade",29.18,"Proporção média de  alunos do 9º ano com proficiência em Língua Portuguesa e Matemática (%)"
3519907,"Iepê",28.25804775,2020,"Escolaridade",33.99,"Proporção média de  alunos do 9º ano com proficiência em Língua Portuguesa e Matemática (%)"
3519907,"Iepê",30.355,2022,"Escolaridade",32.24,"Proporção média de  alunos do 9º ano com proficiência em Língua Portuguesa e Matemática (%)"
3519907,"Iepê",31.965,2024,"Escolaridade",31.01,"Proporção média de  alunos do 9º ano com proficiência em Língua Portuguesa e Matemática (%)"
3520004,"Igaraçu do Tietê",14.54766622,2014,"Escolaridade",20.17,"Proporção média de  alunos do 9º ano com proficiência em Língua Portuguesa e Matemática (%)"
3520004,"Igaraçu do Tietê",10.98116729,2016,"Escolaridade",24.39,"Proporção média de  alunos do 9º ano com proficiência em Língua Portuguesa e Matemática (%)"
3520004,"Igaraçu do Tietê",17.92756791,2018,"Escolaridade",29.18,"Proporção média de  alunos do 9º ano com proficiência em Língua Portuguesa e Matemática (%)"
3520004,"Igaraçu do Tietê",19.96695433,2020,"Escolaridade",33.99,"Proporção média de  alunos do 9º ano com proficiência em Língua Portuguesa e Matemática (%)"
3520004,"Igaraçu do Tietê",14.015,2022,"Escolaridade",32.24,"Proporção média de  alunos do 9º ano com proficiência em Língua Portuguesa e Matemática (%)"
3520004,"Igaraçu do Tietê",19.38,2024,"Escolaridade",31.01,"Proporção média de  alunos do 9º ano com proficiência em Língua Portuguesa e Matemática (%)"
3520103,"Igarapava",14.82494094,2014,"Escolaridade",20.17,"Proporção média de  alunos do 9º ano com proficiência em Língua Portuguesa e Matemática (%)"
3520103,"Igarapava",15.107764,2016,"Escolaridade",24.39,"Proporção média de  alunos do 9º ano com proficiência em Língua Portuguesa e Matemática (%)"
3520103,"Igarapava",18.97120971,2018,"Escolaridade",29.18,"Proporção média de  alunos do 9º ano com proficiência em Língua Portuguesa e Matemática (%)"
3520103,"Igarapava",24.57138515,2020,"Escolaridade",33.99,"Proporção média de  alunos do 9º ano com proficiência em Língua Portuguesa e Matemática (%)"
3520103,"Igarapava",23.42,2022,"Escolaridade",32.24,"Proporção média de  alunos do 9º ano com proficiência em Língua Portuguesa e Matemática (%)"
3520103,"Igarapava",24.175,2024,"Escolaridade",31.01,"Proporção média de  alunos do 9º ano com proficiência em Língua Portuguesa e Matemática (%)"
3520202,"Igaratá",25.10599995,2014,"Escolaridade",20.17,"Proporção média de  alunos do 9º ano com proficiência em Língua Portuguesa e Matemática (%)"
3520202,"Igaratá",21.97421199,2016,"Escolaridade",24.39,"Proporção média de  alunos do 9º ano com proficiência em Língua Portuguesa e Matemática (%)"
3520202,"Igaratá",30.91939234,2018,"Escolaridade",29.18,"Proporção média de  alunos do 9º ano com proficiência em Língua Portuguesa e Matemática (%)"
3520202,"Igaratá",36.17071593,2020,"Escolaridade",33.99,"Proporção média de  alunos do 9º ano com proficiência em Língua Portuguesa e Matemática (%)"
3520202,"Igaratá",36.795,2022,"Escolaridade",32.24,"Proporção média de  alunos do 9º ano com proficiência em Língua Portuguesa e Matemática (%)"
3520202,"Igaratá",35.72,2024,"Escolaridade",31.01,"Proporção média de  alunos do 9º ano com proficiência em Língua Portuguesa e Matemática (%)"
3520301,"Iguape",18.35220401,2014,"Escolaridade",20.17,"Proporção média de  alunos do 9º ano com proficiência em Língua Portuguesa e Matemática (%)"
3520301,"Iguape",27.63270062,2016,"Escolaridade",24.39,"Proporção média de  alunos do 9º ano com proficiência em Língua Portuguesa e Matemática (%)"
3520301,"Iguape",29.07073636,2018,"Escolaridade",29.18,"Proporção média de  alunos do 9º ano com proficiência em Língua Portuguesa e Matemática (%)"
3520301,"Iguape",27.09093436,2020,"Escolaridade",33.99,"Proporção média de  alunos do 9º ano com proficiência em Língua Portuguesa e Matemática (%)"
3520301,"Iguape",29.55,2022,"Escolaridade",32.24,"Proporção média de  alunos do 9º ano com proficiência em Língua Portuguesa e Matemática (%)"
3520301,"Iguape",30.405,2024,"Escolaridade",31.01,"Proporção média de  alunos do 9º ano com proficiência em Língua Portuguesa e Matemática (%)"
3520400,"Ilhabela",23.05941362,2014,"Escolaridade",20.17,"Proporção média de  alunos do 9º ano com proficiência em Língua Portuguesa e Matemática (%)"
3520400,"Ilhabela",23.28380286,2016,"Escolaridade",24.39,"Proporção média de  alunos do 9º ano com proficiência em Língua Portuguesa e Matemática (%)"
3520400,"Ilhabela",23.44268552,2018,"Escolaridade",29.18,"Proporção média de  alunos do 9º ano com proficiência em Língua Portuguesa e Matemática (%)"
3520400,"Ilhabela",29.38515739,2020,"Escolaridade",33.99,"Proporção média de  alunos do 9º ano com proficiência em Língua Portuguesa e Matemática (%)"
3520400,"Ilhabela",27.2,2022,"Escolaridade",32.24,"Proporção média de  alunos do 9º ano com proficiência em Língua Portuguesa e Matemática (%)"
3520400,"Ilhabela",32.12,2024,"Escolaridade",31.01,"Proporção média de  alunos do 9º ano com proficiência em Língua Portuguesa e Matemática (%)"
3520426,"Ilha Comprida",23.85875244,2014,"Escolaridade",20.17,"Proporção média de  alunos do 9º ano com proficiência em Língua Portuguesa e Matemática (%)"
3520426,"Ilha Comprida",30.06776278,2016,"Escolaridade",24.39,"Proporção média de  alunos do 9º ano com proficiência em Língua Portuguesa e Matemática (%)"
3520426,"Ilha Comprida",30.807039,2018,"Escolaridade",29.18,"Proporção média de  alunos do 9º ano com proficiência em Língua Portuguesa e Matemática (%)"
3520426,"Ilha Comprida",40.84097997,2020,"Escolaridade",33.99,"Proporção média de  alunos do 9º ano com proficiência em Língua Portuguesa e Matemática (%)"
3520426,"Ilha Comprida",35.46,2022,"Escolaridade",32.24,"Proporção média de  alunos do 9º ano com proficiência em Língua Portuguesa e Matemática (%)"
3520426,"Ilha Comprida",46.355,2024,"Escolaridade",31.01,"Proporção média de  alunos do 9º ano com proficiência em Língua Portuguesa e Matemática (%)"
3520442,"Ilha Solteira",30.63063436,2014,"Escolaridade",20.17,"Proporção média de  alunos do 9º ano com proficiência em Língua Portuguesa e Matemática (%)"
3520442,"Ilha Solteira",34.76817454,2016,"Escolaridade",24.39,"Proporção média de  alunos do 9º ano com proficiência em Língua Portuguesa e Matemática (%)"
3520442,"Ilha Solteira",41.97660291,2018,"Escolaridade",29.18,"Proporção média de  alunos do 9º ano com proficiência em Língua Portuguesa e Matemática (%)"
3520442,"Ilha Solteira",42.00810609,2020,"Escolaridade",33.99,"Proporção média de  alunos do 9º ano com proficiência em Língua Portuguesa e Matemática (%)"
3520442,"Ilha Solteira",38.745,2022,"Escolaridade",32.24,"Proporção média de  alunos do 9º ano com proficiência em Língua Portuguesa e Matemática (%)"
3520442,"Ilha Solteira",46.225,2024,"Escolaridade",31.01,"Proporção média de  alunos do 9º ano com proficiência em Língua Portuguesa e Matemática (%)"
3520509,"Indaiatuba",30.37492244,2014,"Escolaridade",20.17,"Proporção média de  alunos do 9º ano com proficiência em Língua Portuguesa e Matemática (%)"
3520509,"Indaiatuba",31.07523047,2016,"Escolaridade",24.39,"Proporção média de  alunos do 9º ano com proficiência em Língua Portuguesa e Matemática (%)"
3520509,"Indaiatuba",34.54174529,2018,"Escolaridade",29.18,"Proporção média de  alunos do 9º ano com proficiência em Língua Portuguesa e Matemática (%)"
3520509,"Indaiatuba",40.4668585,2020,"Escolaridade",33.99,"Proporção média de  alunos do 9º ano com proficiência em Língua Portuguesa e Matemática (%)"
3520509,"Indaiatuba",43.85,2022,"Escolaridade",32.24,"Proporção média de  alunos do 9º ano com proficiência em Língua Portuguesa e Matemática (%)"
3520509,"Indaiatuba",40.63,2024,"Escolaridade",31.01,"Proporção média de  alunos do 9º ano com proficiência em Língua Portuguesa e Matemática (%)"
3520608,"Indiana",19.03905062,2014,"Escolaridade",20.17,"Proporção média de  alunos do 9º ano com proficiência em Língua Portuguesa e Matemática (%)"
3520608,"Indiana",25.72373731,2016,"Escolaridade",24.39,"Proporção média de  alunos do 9º ano com proficiência em Língua Portuguesa e Matemática (%)"
3520608,"Indiana",45.34438776,2018,"Escolaridade",29.18,"Proporção média de  alunos do 9º ano com proficiência em Língua Portuguesa e Matemática (%)"
3520608,"Indiana",47.68112323,2020,"Escolaridade",33.99,"Proporção média de  alunos do 9º ano com proficiência em Língua Portuguesa e Matemática (%)"
3520608,"Indiana",28.74,2022,"Escolaridade",32.24,"Proporção média de  alunos do 9º ano com proficiência em Língua Portuguesa e Matemática (%)"
3520608,"Indiana",32.66,2024,"Escolaridade",31.01,"Proporção média de  alunos do 9º ano com proficiência em Língua Portuguesa e Matemática (%)"
3520707,"Indiaporã",40.625,2014,"Escolaridade",20.17,"Proporção média de  alunos do 9º ano com proficiência em Língua Portuguesa e Matemática (%)"
3520707,"Indiaporã",23.21545489,2016,"Escolaridade",24.39,"Proporção média de  alunos do 9º ano com proficiência em Língua Portuguesa e Matemática (%)"
3520707,"Indiaporã",42.1875,2018,"Escolaridade",29.18,"Proporção média de  alunos do 9º ano com proficiência em Língua Portuguesa e Matemática (%)"
3520707,"Indiaporã",57.5805924,2020,"Escolaridade",33.99,"Proporção média de  alunos do 9º ano com proficiência em Língua Portuguesa e Matemática (%)"
3520707,"Indiaporã",38.235,2022,"Escolaridade",32.24,"Proporção média de  alunos do 9º ano com proficiência em Língua Portuguesa e Matemática (%)"
3520707,"Indiaporã",36.27,2024,"Escolaridade",31.01,"Proporção média de  alunos do 9º ano com proficiência em Língua Portuguesa e Matemática (%)"
3520806,"Inúbia Paulista",15.5561067,2014,"Escolaridade",20.17,"Proporção média de  alunos do 9º ano com proficiência em Língua Portuguesa e Matemática (%)"
3520806,"Inúbia Paulista",18.6739371,2016,"Escolaridade",24.39,"Proporção média de  alunos do 9º ano com proficiência em Língua Portuguesa e Matemática (%)"
3520806,"Inúbia Paulista",40.74074074,2018,"Escolaridade",29.18,"Proporção média de  alunos do 9º ano com proficiência em Língua Portuguesa e Matemática (%)"
3520806,"Inúbia Paulista",31.45219392,2020,"Escolaridade",33.99,"Proporção média de  alunos do 9º ano com proficiência em Língua Portuguesa e Matemática (%)"
3520806,"Inúbia Paulista",38.2,2022,"Escolaridade",32.24,"Proporção média de  alunos do 9º ano com proficiência em Língua Portuguesa e Matemática (%)"
3520806,"Inúbia Paulista",38.125,2024,"Escolaridade",31.01,"Proporção média de  alunos do 9º ano com proficiência em Língua Portuguesa e Matemática (%)"
3520905,"Ipaussu",32.6952337,2014,"Escolaridade",20.17,"Proporção média de  alunos do 9º ano com proficiência em Língua Portuguesa e Matemática (%)"
3520905,"Ipaussu",42.91907444,2016,"Escolaridade",24.39,"Proporção média de  alunos do 9º ano com proficiência em Língua Portuguesa e Matemática (%)"
3520905,"Ipaussu",31.01602846,2018,"Escolaridade",29.18,"Proporção média de  alunos do 9º ano com proficiência em Língua Portuguesa e Matemática (%)"
3520905,"Ipaussu",40.49811134,2020,"Escolaridade",33.99,"Proporção média de  alunos do 9º ano com proficiência em Língua Portuguesa e Matemática (%)"
3520905,"Ipaussu",36.48,2022,"Escolaridade",32.24,"Proporção média de  alunos do 9º ano com proficiência em Língua Portuguesa e Matemática (%)"
3520905,"Ipaussu",38.745,2024,"Escolaridade",31.01,"Proporção média de  alunos do 9º ano com proficiência em Língua Portuguesa e Matemática (%)"
3521002,"Iperó",15.42247234,2014,"Escolaridade",20.17,"Proporção média de  alunos do 9º ano com proficiência em Língua Portuguesa e Matemática (%)"
3521002,"Iperó",15.7003159,2016,"Escolaridade",24.39,"Proporção média de  alunos do 9º ano com proficiência em Língua Portuguesa e Matemática (%)"
3521002,"Iperó",25.03818112,2018,"Escolaridade",29.18,"Proporção média de  alunos do 9º ano com proficiência em Língua Portuguesa e Matemática (%)"
3521002,"Iperó",28.76088762,2020,"Escolaridade",33.99,"Proporção média de  alunos do 9º ano com proficiência em Língua Portuguesa e Matemática (%)"
3521002,"Iperó",29.29,2022,"Escolaridade",32.24,"Proporção média de  alunos do 9º ano com proficiência em Língua Portuguesa e Matemática (%)"
3521002,"Iperó",21.22,2024,"Escolaridade",31.01,"Proporção média de  alunos do 9º ano com proficiência em Língua Portuguesa e Matemática (%)"
3521101,"Ipeúna",21.10290093,2014,"Escolaridade",20.17,"Proporção média de  alunos do 9º ano com proficiência em Língua Portuguesa e Matemática (%)"
3521101,"Ipeúna",26.56842015,2016,"Escolaridade",24.39,"Proporção média de  alunos do 9º ano com proficiência em Língua Portuguesa e Matemática (%)"
3521101,"Ipeúna",31.58756518,2018,"Escolaridade",29.18,"Proporção média de  alunos do 9º ano com proficiência em Língua Portuguesa e Matemática (%)"
3521101,"Ipeúna",35.32107919,2020,"Escolaridade",33.99,"Proporção média de  alunos do 9º ano com proficiência em Língua Portuguesa e Matemática (%)"
3521101,"Ipeúna",19.085,2022,"Escolaridade",32.24,"Proporção média de  alunos do 9º ano com proficiência em Língua Portuguesa e Matemática (%)"
3521101,"Ipeúna",36.83,2024,"Escolaridade",31.01,"Proporção média de  alunos do 9º ano com proficiência em Língua Portuguesa e Matemática (%)"
3521150,"Ipiguá",24.30622355,2014,"Escolaridade",20.17,"Proporção média de  alunos do 9º ano com proficiência em Língua Portuguesa e Matemática (%)"
3521150,"Ipiguá",27.18604109,2016,"Escolaridade",24.39,"Proporção média de  alunos do 9º ano com proficiência em Língua Portuguesa e Matemática (%)"
3521150,"Ipiguá",24.08008658,2018,"Escolaridade",29.18,"Proporção média de  alunos do 9º ano com proficiência em Língua Portuguesa e Matemática (%)"
3521150,"Ipiguá",37.65748294,2020,"Escolaridade",33.99,"Proporção média de  alunos do 9º ano com proficiência em Língua Portuguesa e Matemática (%)"
3521150,"Ipiguá",28.33,2022,"Escolaridade",32.24,"Proporção média de  alunos do 9º ano com proficiência em Língua Portuguesa e Matemática (%)"
3521150,"Ipiguá",24.55,2024,"Escolaridade",31.01,"Proporção média de  alunos do 9º ano com proficiência em Língua Portuguesa e Matemática (%)"
3521200,"Iporanga",9.067234848,2014,"Escolaridade",20.17,"Proporção média de  alunos do 9º ano com proficiência em Língua Portuguesa e Matemática (%)"
3521200,"Iporanga",21.96562988,2016,"Escolaridade",24.39,"Proporção média de  alunos do 9º ano com proficiência em Língua Portuguesa e Matemática (%)"
3521200,"Iporanga",19.59146599,2018,"Escolaridade",29.18,"Proporção média de  alunos do 9º ano com proficiência em Língua Portuguesa e Matemática (%)"
3521200,"Iporanga",25.50074973,2020,"Escolaridade",33.99,"Proporção média de  alunos do 9º ano com proficiência em Língua Portuguesa e Matemática (%)"
3521200,"Iporanga",28.99,2022,"Escolaridade",32.24,"Proporção média de  alunos do 9º ano com proficiência em Língua Portuguesa e Matemática (%)"
3521200,"Iporanga",24.695,2024,"Escolaridade",31.01,"Proporção média de  alunos do 9º ano com proficiência em Língua Portuguesa e Matemática (%)"
3521309,"Ipuã",18.58594225,2014,"Escolaridade",20.17,"Proporção média de  alunos do 9º ano com proficiência em Língua Portuguesa e Matemática (%)"
3521309,"Ipuã",28.5242161,2016,"Escolaridade",24.39,"Proporção média de  alunos do 9º ano com proficiência em Língua Portuguesa e Matemática (%)"
3521309,"Ipuã",25.96920077,2018,"Escolaridade",29.18,"Proporção média de  alunos do 9º ano com proficiência em Língua Portuguesa e Matemática (%)"
3521309,"Ipuã",26.32639262,2020,"Escolaridade",33.99,"Proporção média de  alunos do 9º ano com proficiência em Língua Portuguesa e Matemática (%)"
3521309,"Ipuã",36.93,2022,"Escolaridade",32.24,"Proporção média de  alunos do 9º ano com proficiência em Língua Portuguesa e Matemática (%)"
3521309,"Ipuã",31.605,2024,"Escolaridade",31.01,"Proporção média de  alunos do 9º ano com proficiência em Língua Portuguesa e Matemática (%)"
3521408,"Iracemápolis",36.98865993,2014,"Escolaridade",20.17,"Proporção média de  alunos do 9º ano com proficiência em Língua Portuguesa e Matemática (%)"
3521408,"Iracemápolis",33.4995857,2016,"Escolaridade",24.39,"Proporção média de  alunos do 9º ano com proficiência em Língua Portuguesa e Matemática (%)"
3521408,"Iracemápolis",36.23075616,2018,"Escolaridade",29.18,"Proporção média de  alunos do 9º ano com proficiência em Língua Portuguesa e Matemática (%)"
3521408,"Iracemápolis",43.38444401,2020,"Escolaridade",33.99,"Proporção média de  alunos do 9º ano com proficiência em Língua Portuguesa e Matemática (%)"
3521408,"Iracemápolis",40.07,2022,"Escolaridade",32.24,"Proporção média de  alunos do 9º ano com proficiência em Língua Portuguesa e Matemática (%)"
3521408,"Iracemápolis",42.225,2024,"Escolaridade",31.01,"Proporção média de  alunos do 9º ano com proficiência em Língua Portuguesa e Matemática (%)"
3521507,"Irapuã",18.50180779,2014,"Escolaridade",20.17,"Proporção média de  alunos do 9º ano com proficiência em Língua Portuguesa e Matemática (%)"
3521507,"Irapuã",18.98905156,2016,"Escolaridade",24.39,"Proporção média de  alunos do 9º ano com proficiência em Língua Portuguesa e Matemática (%)"
3521507,"Irapuã",35.61842198,2018,"Escolaridade",29.18,"Proporção média de  alunos do 9º ano com proficiência em Língua Portuguesa e Matemática (%)"
3521507,"Irapuã",39.58933154,2020,"Escolaridade",33.99,"Proporção média de  alunos do 9º ano com proficiência em Língua Portuguesa e Matemática (%)"
3521507,"Irapuã",39.58933154,2022,"Escolaridade",32.24,"Proporção média de  alunos do 9º ano com proficiência em Língua Portuguesa e Matemática (%)"
3521507,"Irapuã",47.71,2024,"Escolaridade",31.01,"Proporção média de  alunos do 9º ano com proficiência em Língua Portuguesa e Matemática (%)"
3521606,"Irapuru",24.18091168,2014,"Escolaridade",20.17,"Proporção média de  alunos do 9º ano com proficiência em Língua Portuguesa e Matemática (%)"
3521606,"Irapuru",21.04806857,2016,"Escolaridade",24.39,"Proporção média de  alunos do 9º ano com proficiência em Língua Portuguesa e Matemática (%)"
3521606,"Irapuru",30.11057062,2018,"Escolaridade",29.18,"Proporção média de  alunos do 9º ano com proficiência em Língua Portuguesa e Matemática (%)"
3521606,"Irapuru",34.24766731,2020,"Escolaridade",33.99,"Proporção média de  alunos do 9º ano com proficiência em Língua Portuguesa e Matemática (%)"
3521606,"Irapuru",30.45,2022,"Escolaridade",32.24,"Proporção média de  alunos do 9º ano com proficiência em Língua Portuguesa e Matemática (%)"
3521606,"Irapuru",31.235,2024,"Escolaridade",31.01,"Proporção média de  alunos do 9º ano com proficiência em Língua Portuguesa e Matemática (%)"
3521705,"Itaberá",22.43751249,2014,"Escolaridade",20.17,"Proporção média de  alunos do 9º ano com proficiência em Língua Portuguesa e Matemática (%)"
3521705,"Itaberá",28.26263985,2016,"Escolaridade",24.39,"Proporção média de  alunos do 9º ano com proficiência em Língua Portuguesa e Matemática (%)"
3521705,"Itaberá",37.40741461,2018,"Escolaridade",29.18,"Proporção média de  alunos do 9º ano com proficiência em Língua Portuguesa e Matemática (%)"
3521705,"Itaberá",32.79399282,2020,"Escolaridade",33.99,"Proporção média de  alunos do 9º ano com proficiência em Língua Portuguesa e Matemática (%)"
3521705,"Itaberá",28.865,2022,"Escolaridade",32.24,"Proporção média de  alunos do 9º ano com proficiência em Língua Portuguesa e Matemática (%)"
3521705,"Itaberá",32.36,2024,"Escolaridade",31.01,"Proporção média de  alunos do 9º ano com proficiência em Língua Portuguesa e Matemática (%)"
3521804,"Itaí",14.01865218,2014,"Escolaridade",20.17,"Proporção média de  alunos do 9º ano com proficiência em Língua Portuguesa e Matemática (%)"
3521804,"Itaí",20.84338839,2016,"Escolaridade",24.39,"Proporção média de  alunos do 9º ano com proficiência em Língua Portuguesa e Matemática (%)"
3521804,"Itaí",24.84260296,2018,"Escolaridade",29.18,"Proporção média de  alunos do 9º ano com proficiência em Língua Portuguesa e Matemática (%)"
3521804,"Itaí",33.27077901,2020,"Escolaridade",33.99,"Proporção média de  alunos do 9º ano com proficiência em Língua Portuguesa e Matemática (%)"
3521804,"Itaí",31.11,2022,"Escolaridade",32.24,"Proporção média de  alunos do 9º ano com proficiência em Língua Portuguesa e Matemática (%)"
3521804,"Itaí",24.825,2024,"Escolaridade",31.01,"Proporção média de  alunos do 9º ano com proficiência em Língua Portuguesa e Matemática (%)"
3521903,"Itajobi",38.75789669,2014,"Escolaridade",20.17,"Proporção média de  alunos do 9º ano com proficiência em Língua Portuguesa e Matemática (%)"
3521903,"Itajobi",44.17524581,2016,"Escolaridade",24.39,"Proporção média de  alunos do 9º ano com proficiência em Língua Portuguesa e Matemática (%)"
3521903,"Itajobi",51.52281746,2018,"Escolaridade",29.18,"Proporção média de  alunos do 9º ano com proficiência em Língua Portuguesa e Matemática (%)"
3521903,"Itajobi",57.52683617,2020,"Escolaridade",33.99,"Proporção média de  alunos do 9º ano com proficiência em Língua Portuguesa e Matemática (%)"
3521903,"Itajobi",53.97,2022,"Escolaridade",32.24,"Proporção média de  alunos do 9º ano com proficiência em Língua Portuguesa e Matemática (%)"
3521903,"Itajobi",45.88,2024,"Escolaridade",31.01,"Proporção média de  alunos do 9º ano com proficiência em Língua Portuguesa e Matemática (%)"
3522000,"Itaju",30.85858586,2014,"Escolaridade",20.17,"Proporção média de  alunos do 9º ano com proficiência em Língua Portuguesa e Matemática (%)"
3522000,"Itaju",34.04776734,2016,"Escolaridade",24.39,"Proporção média de  alunos do 9º ano com proficiência em Língua Portuguesa e Matemática (%)"
3522000,"Itaju",34.82551487,2018,"Escolaridade",29.18,"Proporção média de  alunos do 9º ano com proficiência em Língua Portuguesa e Matemática (%)"
3522000,"Itaju",39.7987963,2020,"Escolaridade",33.99,"Proporção média de  alunos do 9º ano com proficiência em Língua Portuguesa e Matemática (%)"
3522000,"Itaju",34.695,2022,"Escolaridade",32.24,"Proporção média de  alunos do 9º ano com proficiência em Língua Portuguesa e Matemática (%)"
3522000,"Itaju",36.825,2024,"Escolaridade",31.01,"Proporção média de  alunos do 9º ano com proficiência em Língua Portuguesa e Matemática (%)"
3522109,"Itanhaém",20.76324652,2014,"Escolaridade",20.17,"Proporção média de  alunos do 9º ano com proficiência em Língua Portuguesa e Matemática (%)"
3522109,"Itanhaém",25.49706192,2016,"Escolaridade",24.39,"Proporção média de  alunos do 9º ano com proficiência em Língua Portuguesa e Matemática (%)"
3522109,"Itanhaém",31.15384555,2018,"Escolaridade",29.18,"Proporção média de  alunos do 9º ano com proficiência em Língua Portuguesa e Matemática (%)"
3522109,"Itanhaém",37.29157336,2020,"Escolaridade",33.99,"Proporção média de  alunos do 9º ano com proficiência em Língua Portuguesa e Matemática (%)"
3522109,"Itanhaém",29.615,2022,"Escolaridade",32.24,"Proporção média de  alunos do 9º ano com proficiência em Língua Portuguesa e Matemática (%)"
3522109,"Itanhaém",31.7,2024,"Escolaridade",31.01,"Proporção média de  alunos do 9º ano com proficiência em Língua Portuguesa e Matemática (%)"
3522158,"Itaoca",18.61660079,2014,"Escolaridade",20.17,"Proporção média de  alunos do 9º ano com proficiência em Língua Portuguesa e Matemática (%)"
3522158,"Itaoca",20.83438259,2016,"Escolaridade",24.39,"Proporção média de  alunos do 9º ano com proficiência em Língua Portuguesa e Matemática (%)"
3522158,"Itaoca",28.30645161,2018,"Escolaridade",29.18,"Proporção média de  alunos do 9º ano com proficiência em Língua Portuguesa e Matemática (%)"
3522158,"Itaoca",27.40553829,2020,"Escolaridade",33.99,"Proporção média de  alunos do 9º ano com proficiência em Língua Portuguesa e Matemática (%)"
3522158,"Itaoca",23.65,2022,"Escolaridade",32.24,"Proporção média de  alunos do 9º ano com proficiência em Língua Portuguesa e Matemática (%)"
3522158,"Itaoca",50.005,2024,"Escolaridade",31.01,"Proporção média de  alunos do 9º ano com proficiência em Língua Portuguesa e Matemática (%)"
3522208,"Itapecerica da Serra",16.85602186,2014,"Escolaridade",20.17,"Proporção média de  alunos do 9º ano com proficiência em Língua Portuguesa e Matemática (%)"
3522208,"Itapecerica da Serra",23.67616549,2016,"Escolaridade",24.39,"Proporção média de  alunos do 9º ano com proficiência em Língua Portuguesa e Matemática (%)"
3522208,"Itapecerica da Serra",26.43186071,2018,"Escolaridade",29.18,"Proporção média de  alunos do 9º ano com proficiência em Língua Portuguesa e Matemática (%)"
3522208,"Itapecerica da Serra",32.4283387,2020,"Escolaridade",33.99,"Proporção média de  alunos do 9º ano com proficiência em Língua Portuguesa e Matemática (%)"
3522208,"Itapecerica da Serra",33.19,2022,"Escolaridade",32.24,"Proporção média de  alunos do 9º ano com proficiência em Língua Portuguesa e Matemática (%)"
3522208,"Itapecerica da Serra",30.535,2024,"Escolaridade",31.01,"Proporção média de  alunos do 9º ano com proficiência em Língua Portuguesa e Matemática (%)"
3522307,"Itapetininga",25.61731112,2014,"Escolaridade",20.17,"Proporção média de  alunos do 9º ano com proficiência em Língua Portuguesa e Matemática (%)"
3522307,"Itapetininga",30.56458358,2016,"Escolaridade",24.39,"Proporção média de  alunos do 9º ano com proficiência em Língua Portuguesa e Matemática (%)"
3522307,"Itapetininga",32.67248752,2018,"Escolaridade",29.18,"Proporção média de  alunos do 9º ano com proficiência em Língua Portuguesa e Matemática (%)"
3522307,"Itapetininga",36.28508839,2020,"Escolaridade",33.99,"Proporção média de  alunos do 9º ano com proficiência em Língua Portuguesa e Matemática (%)"
3522307,"Itapetininga",32.125,2022,"Escolaridade",32.24,"Proporção média de  alunos do 9º ano com proficiência em Língua Portuguesa e Matemática (%)"
3522307,"Itapetininga",38.385,2024,"Escolaridade",31.01,"Proporção média de  alunos do 9º ano com proficiência em Língua Portuguesa e Matemática (%)"
3522406,"Itapeva",20.44364232,2014,"Escolaridade",20.17,"Proporção média de  alunos do 9º ano com proficiência em Língua Portuguesa e Matemática (%)"
3522406,"Itapeva",25.11723433,2016,"Escolaridade",24.39,"Proporção média de  alunos do 9º ano com proficiência em Língua Portuguesa e Matemática (%)"
3522406,"Itapeva",34.00091691,2018,"Escolaridade",29.18,"Proporção média de  alunos do 9º ano com proficiência em Língua Portuguesa e Matemática (%)"
3522406,"Itapeva",42.6942866,2020,"Escolaridade",33.99,"Proporção média de  alunos do 9º ano com proficiência em Língua Portuguesa e Matemática (%)"
3522406,"Itapeva",34.46,2022,"Escolaridade",32.24,"Proporção média de  alunos do 9º ano com proficiência em Língua Portuguesa e Matemática (%)"
3522406,"Itapeva",38.515,2024,"Escolaridade",31.01,"Proporção média de  alunos do 9º ano com proficiência em Língua Portuguesa e Matemática (%)"
3522505,"Itapevi",13.40469007,2014,"Escolaridade",20.17,"Proporção média de  alunos do 9º ano com proficiência em Língua Portuguesa e Matemática (%)"
3522505,"Itapevi",18.87575316,2016,"Escolaridade",24.39,"Proporção média de  alunos do 9º ano com proficiência em Língua Portuguesa e Matemática (%)"
3522505,"Itapevi",19.57441426,2018,"Escolaridade",29.18,"Proporção média de  alunos do 9º ano com proficiência em Língua Portuguesa e Matemática (%)"
3522505,"Itapevi",26.8519638,2020,"Escolaridade",33.99,"Proporção média de  alunos do 9º ano com proficiência em Língua Portuguesa e Matemática (%)"
3522505,"Itapevi",23.415,2022,"Escolaridade",32.24,"Proporção média de  alunos do 9º ano com proficiência em Língua Portuguesa e Matemática (%)"
3522505,"Itapevi",22.17,2024,"Escolaridade",31.01,"Proporção média de  alunos do 9º ano com proficiência em Língua Portuguesa e Matemática (%)"
3522604,"Itapira",22.04006723,2014,"Escolaridade",20.17,"Proporção média de  alunos do 9º ano com proficiência em Língua Portuguesa e Matemática (%)"
3522604,"Itapira",27.0556318,2016,"Escolaridade",24.39,"Proporção média de  alunos do 9º ano com proficiência em Língua Portuguesa e Matemática (%)"
3522604,"Itapira",30.63190685,2018,"Escolaridade",29.18,"Proporção média de  alunos do 9º ano com proficiência em Língua Portuguesa e Matemática (%)"
3522604,"Itapira",34.44453006,2020,"Escolaridade",33.99,"Proporção média de  alunos do 9º ano com proficiência em Língua Portuguesa e Matemática (%)"
3522604,"Itapira",37.61,2022,"Escolaridade",32.24,"Proporção média de  alunos do 9º ano com proficiência em Língua Portuguesa e Matemática (%)"
3522604,"Itapira",31.91,2024,"Escolaridade",31.01,"Proporção média de  alunos do 9º ano com proficiência em Língua Portuguesa e Matemática (%)"
3522653,"Itapirapuã Paulista",14.36306549,2014,"Escolaridade",20.17,"Proporção média de  alunos do 9º ano com proficiência em Língua Portuguesa e Matemática (%)"
3522653,"Itapirapuã Paulista",23.52281927,2016,"Escolaridade",24.39,"Proporção média de  alunos do 9º ano com proficiência em Língua Portuguesa e Matemática (%)"
3522653,"Itapirapuã Paulista",27.11548397,2018,"Escolaridade",29.18,"Proporção média de  alunos do 9º ano com proficiência em Língua Portuguesa e Matemática (%)"
3522653,"Itapirapuã Paulista",25.1060953,2020,"Escolaridade",33.99,"Proporção média de  alunos do 9º ano com proficiência em Língua Portuguesa e Matemática (%)"
3522653,"Itapirapuã Paulista",25.02,2022,"Escolaridade",32.24,"Proporção média de  alunos do 9º ano com proficiência em Língua Portuguesa e Matemática (%)"
3522653,"Itapirapuã Paulista",32.345,2024,"Escolaridade",31.01,"Proporção média de  alunos do 9º ano com proficiência em Língua Portuguesa e Matemática (%)"
3522703,"Itápolis",33.41220001,2014,"Escolaridade",20.17,"Proporção média de  alunos do 9º ano com proficiência em Língua Portuguesa e Matemática (%)"
3522703,"Itápolis",35.41628301,2016,"Escolaridade",24.39,"Proporção média de  alunos do 9º ano com proficiência em Língua Portuguesa e Matemática (%)"
3522703,"Itápolis",34.05161364,2018,"Escolaridade",29.18,"Proporção média de  alunos do 9º ano com proficiência em Língua Portuguesa e Matemática (%)"
3522703,"Itápolis",46.87522875,2020,"Escolaridade",33.99,"Proporção média de  alunos do 9º ano com proficiência em Língua Portuguesa e Matemática (%)"
3522703,"Itápolis",41.395,2022,"Escolaridade",32.24,"Proporção média de  alunos do 9º ano com proficiência em Língua Portuguesa e Matemática (%)"
3522703,"Itápolis",44.1,2024,"Escolaridade",31.01,"Proporção média de  alunos do 9º ano com proficiência em Língua Portuguesa e Matemática (%)"
3522802,"Itaporanga",18.2044649,2014,"Escolaridade",20.17,"Proporção média de  alunos do 9º ano com proficiência em Língua Portuguesa e Matemática (%)"
3522802,"Itaporanga",23.73676496,2016,"Escolaridade",24.39,"Proporção média de  alunos do 9º ano com proficiência em Língua Portuguesa e Matemática (%)"
3522802,"Itaporanga",29.16417241,2018,"Escolaridade",29.18,"Proporção média de  alunos do 9º ano com proficiência em Língua Portuguesa e Matemática (%)"
3522802,"Itaporanga",24.72965449,2020,"Escolaridade",33.99,"Proporção média de  alunos do 9º ano com proficiência em Língua Portuguesa e Matemática (%)"
3522802,"Itaporanga",24.405,2022,"Escolaridade",32.24,"Proporção média de  alunos do 9º ano com proficiência em Língua Portuguesa e Matemática (%)"
3522802,"Itaporanga",21.06,2024,"Escolaridade",31.01,"Proporção média de  alunos do 9º ano com proficiência em Língua Portuguesa e Matemática (%)"
3522901,"Itapuí",14.96876458,2014,"Escolaridade",20.17,"Proporção média de  alunos do 9º ano com proficiência em Língua Portuguesa e Matemática (%)"
3522901,"Itapuí",21.67702368,2016,"Escolaridade",24.39,"Proporção média de  alunos do 9º ano com proficiência em Língua Portuguesa e Matemática (%)"
3522901,"Itapuí",23.95452438,2018,"Escolaridade",29.18,"Proporção média de  alunos do 9º ano com proficiência em Língua Portuguesa e Matemática (%)"
3522901,"Itapuí",27.92375459,2020,"Escolaridade",33.99,"Proporção média de  alunos do 9º ano com proficiência em Língua Portuguesa e Matemática (%)"
3522901,"Itapuí",24.695,2022,"Escolaridade",32.24,"Proporção média de  alunos do 9º ano com proficiência em Língua Portuguesa e Matemática (%)"
3522901,"Itapuí",35.035,2024,"Escolaridade",31.01,"Proporção média de  alunos do 9º ano com proficiência em Língua Portuguesa e Matemática (%)"
3523008,"Itapura",15.1299505,2014,"Escolaridade",20.17,"Proporção média de  alunos do 9º ano com proficiência em Língua Portuguesa e Matemática (%)"
3523008,"Itapura",20.50594156,2016,"Escolaridade",24.39,"Proporção média de  alunos do 9º ano com proficiência em Língua Portuguesa e Matemática (%)"
3523008,"Itapura",23.03854875,2018,"Escolaridade",29.18,"Proporção média de  alunos do 9º ano com proficiência em Língua Portuguesa e Matemática (%)"
3523008,"Itapura",23.03854875,2020,"Escolaridade",33.99,"Proporção média de  alunos do 9º ano com proficiência em Língua Portuguesa e Matemática (%)"
3523008,"Itapura",27.555,2022,"Escolaridade",32.24,"Proporção média de  alunos do 9º ano com proficiência em Língua Portuguesa e Matemática (%)"
3523008,"Itapura",25.49,2024,"Escolaridade",31.01,"Proporção média de  alunos do 9º ano com proficiência em Língua Portuguesa e Matemática (%)"
3523107,"Itaquaquecetuba",12.26047408,2014,"Escolaridade",20.17,"Proporção média de  alunos do 9º ano com proficiência em Língua Portuguesa e Matemática (%)"
3523107,"Itaquaquecetuba",16.44665405,2016,"Escolaridade",24.39,"Proporção média de  alunos do 9º ano com proficiência em Língua Portuguesa e Matemática (%)"
3523107,"Itaquaquecetuba",18.27076428,2018,"Escolaridade",29.18,"Proporção média de  alunos do 9º ano com proficiência em Língua Portuguesa e Matemática (%)"
3523107,"Itaquaquecetuba",24.22484758,2020,"Escolaridade",33.99,"Proporção média de  alunos do 9º ano com proficiência em Língua Portuguesa e Matemática (%)"
3523107,"Itaquaquecetuba",24.665,2022,"Escolaridade",32.24,"Proporção média de  alunos do 9º ano com proficiência em Língua Portuguesa e Matemática (%)"
3523107,"Itaquaquecetuba",20.81,2024,"Escolaridade",31.01,"Proporção média de  alunos do 9º ano com proficiência em Língua Portuguesa e Matemática (%)"
3523206,"Itararé",19.32802003,2014,"Escolaridade",20.17,"Proporção média de  alunos do 9º ano com proficiência em Língua Portuguesa e Matemática (%)"
3523206,"Itararé",18.57573012,2016,"Escolaridade",24.39,"Proporção média de  alunos do 9º ano com proficiência em Língua Portuguesa e Matemática (%)"
3523206,"Itararé",34.46335823,2018,"Escolaridade",29.18,"Proporção média de  alunos do 9º ano com proficiência em Língua Portuguesa e Matemática (%)"
3523206,"Itararé",36.05657853,2020,"Escolaridade",33.99,"Proporção média de  alunos do 9º ano com proficiência em Língua Portuguesa e Matemática (%)"
3523206,"Itararé",32.845,2022,"Escolaridade",32.24,"Proporção média de  alunos do 9º ano com proficiência em Língua Portuguesa e Matemática (%)"
3523206,"Itararé",37.815,2024,"Escolaridade",31.01,"Proporção média de  alunos do 9º ano com proficiência em Língua Portuguesa e Matemática (%)"
3523305,"Itariri",15.25864164,2014,"Escolaridade",20.17,"Proporção média de  alunos do 9º ano com proficiência em Língua Portuguesa e Matemática (%)"
3523305,"Itariri",17.02264806,2016,"Escolaridade",24.39,"Proporção média de  alunos do 9º ano com proficiência em Língua Portuguesa e Matemática (%)"
3523305,"Itariri",21.96483396,2018,"Escolaridade",29.18,"Proporção média de  alunos do 9º ano com proficiência em Língua Portuguesa e Matemática (%)"
3523305,"Itariri",15.58231089,2020,"Escolaridade",33.99,"Proporção média de  alunos do 9º ano com proficiência em Língua Portuguesa e Matemática (%)"
3523305,"Itariri",30.365,2022,"Escolaridade",32.24,"Proporção média de  alunos do 9º ano com proficiência em Língua Portuguesa e Matemática (%)"
3523305,"Itariri",30.665,2024,"Escolaridade",31.01,"Proporção média de  alunos do 9º ano com proficiência em Língua Portuguesa e Matemática (%)"
3523404,"Itatiba",30.17577248,2014,"Escolaridade",20.17,"Proporção média de  alunos do 9º ano com proficiência em Língua Portuguesa e Matemática (%)"
3523404,"Itatiba",40.80790942,2016,"Escolaridade",24.39,"Proporção média de  alunos do 9º ano com proficiência em Língua Portuguesa e Matemática (%)"
3523404,"Itatiba",51.94903049,2018,"Escolaridade",29.18,"Proporção média de  alunos do 9º ano com proficiência em Língua Portuguesa e Matemática (%)"
3523404,"Itatiba",61.7365674,2020,"Escolaridade",33.99,"Proporção média de  alunos do 9º ano com proficiência em Língua Portuguesa e Matemática (%)"
3523404,"Itatiba",47.16,2022,"Escolaridade",32.24,"Proporção média de  alunos do 9º ano com proficiência em Língua Portuguesa e Matemática (%)"
3523404,"Itatiba",52.655,2024,"Escolaridade",31.01,"Proporção média de  alunos do 9º ano com proficiência em Língua Portuguesa e Matemática (%)"
3523503,"Itatinga",22.3554508,2014,"Escolaridade",20.17,"Proporção média de  alunos do 9º ano com proficiência em Língua Portuguesa e Matemática (%)"
3523503,"Itatinga",32.61755269,2016,"Escolaridade",24.39,"Proporção média de  alunos do 9º ano com proficiência em Língua Portuguesa e Matemática (%)"
3523503,"Itatinga",31.70249199,2018,"Escolaridade",29.18,"Proporção média de  alunos do 9º ano com proficiência em Língua Portuguesa e Matemática (%)"
3523503,"Itatinga",41.60290209,2020,"Escolaridade",33.99,"Proporção média de  alunos do 9º ano com proficiência em Língua Portuguesa e Matemática (%)"
3523503,"Itatinga",28.66,2022,"Escolaridade",32.24,"Proporção média de  alunos do 9º ano com proficiência em Língua Portuguesa e Matemática (%)"
3523503,"Itatinga",39.09,2024,"Escolaridade",31.01,"Proporção média de  alunos do 9º ano com proficiência em Língua Portuguesa e Matemática (%)"
3523602,"Itirapina",20.60558801,2014,"Escolaridade",20.17,"Proporção média de  alunos do 9º ano com proficiência em Língua Portuguesa e Matemática (%)"
3523602,"Itirapina",24.48299471,2016,"Escolaridade",24.39,"Proporção média de  alunos do 9º ano com proficiência em Língua Portuguesa e Matemática (%)"
3523602,"Itirapina",24.97632374,2018,"Escolaridade",29.18,"Proporção média de  alunos do 9º ano com proficiência em Língua Portuguesa e Matemática (%)"
3523602,"Itirapina",24.15085354,2020,"Escolaridade",33.99,"Proporção média de  alunos do 9º ano com proficiência em Língua Portuguesa e Matemática (%)"
3523602,"Itirapina",27.865,2022,"Escolaridade",32.24,"Proporção média de  alunos do 9º ano com proficiência em Língua Portuguesa e Matemática (%)"
3523602,"Itirapina",28.6,2024,"Escolaridade",31.01,"Proporção média de  alunos do 9º ano com proficiência em Língua Portuguesa e Matemática (%)"
3523701,"Itirapuã",20.01937969,2014,"Escolaridade",20.17,"Proporção média de  alunos do 9º ano com proficiência em Língua Portuguesa e Matemática (%)"
3523701,"Itirapuã",17.39438679,2016,"Escolaridade",24.39,"Proporção média de  alunos do 9º ano com proficiência em Língua Portuguesa e Matemática (%)"
3523701,"Itirapuã",17.99111382,2018,"Escolaridade",29.18,"Proporção média de  alunos do 9º ano com proficiência em Língua Portuguesa e Matemática (%)"
3523701,"Itirapuã",26.2231532,2020,"Escolaridade",33.99,"Proporção média de  alunos do 9º ano com proficiência em Língua Portuguesa e Matemática (%)"
3523701,"Itirapuã",26.2231532,2022,"Escolaridade",32.24,"Proporção média de  alunos do 9º ano com proficiência em Língua Portuguesa e Matemática (%)"
3523701,"Itirapuã",26.2231532,2024,"Escolaridade",31.01,"Proporção média de  alunos do 9º ano com proficiência em Língua Portuguesa e Matemática (%)"
3523800,"Itobi",11.17698726,2014,"Escolaridade",20.17,"Proporção média de  alunos do 9º ano com proficiência em Língua Portuguesa e Matemática (%)"
3523800,"Itobi",23.34642603,2016,"Escolaridade",24.39,"Proporção média de  alunos do 9º ano com proficiência em Língua Portuguesa e Matemática (%)"
3523800,"Itobi",22.66007713,2018,"Escolaridade",29.18,"Proporção média de  alunos do 9º ano com proficiência em Língua Portuguesa e Matemática (%)"
3523800,"Itobi",31.97869836,2020,"Escolaridade",33.99,"Proporção média de  alunos do 9º ano com proficiência em Língua Portuguesa e Matemática (%)"
3523800,"Itobi",27.835,2022,"Escolaridade",32.24,"Proporção média de  alunos do 9º ano com proficiência em Língua Portuguesa e Matemática (%)"
3523800,"Itobi",27.25,2024,"Escolaridade",31.01,"Proporção média de  alunos do 9º ano com proficiência em Língua Portuguesa e Matemática (%)"
3523909,"Itu",23.95930681,2014,"Escolaridade",20.17,"Proporção média de  alunos do 9º ano com proficiência em Língua Portuguesa e Matemática (%)"
3523909,"Itu",26.71546921,2016,"Escolaridade",24.39,"Proporção média de  alunos do 9º ano com proficiência em Língua Portuguesa e Matemática (%)"
3523909,"Itu",33.36003983,2018,"Escolaridade",29.18,"Proporção média de  alunos do 9º ano com proficiência em Língua Portuguesa e Matemática (%)"
3523909,"Itu",36.23872834,2020,"Escolaridade",33.99,"Proporção média de  alunos do 9º ano com proficiência em Língua Portuguesa e Matemática (%)"
3523909,"Itu",30.61,2022,"Escolaridade",32.24,"Proporção média de  alunos do 9º ano com proficiência em Língua Portuguesa e Matemática (%)"
3523909,"Itu",31.15,2024,"Escolaridade",31.01,"Proporção média de  alunos do 9º ano com proficiência em Língua Portuguesa e Matemática (%)"
3524006,"Itupeva",22.47033356,2014,"Escolaridade",20.17,"Proporção média de  alunos do 9º ano com proficiência em Língua Portuguesa e Matemática (%)"
3524006,"Itupeva",28.831489,2016,"Escolaridade",24.39,"Proporção média de  alunos do 9º ano com proficiência em Língua Portuguesa e Matemática (%)"
3524006,"Itupeva",32.03685476,2018,"Escolaridade",29.18,"Proporção média de  alunos do 9º ano com proficiência em Língua Portuguesa e Matemática (%)"
3524006,"Itupeva",31.36464861,2020,"Escolaridade",33.99,"Proporção média de  alunos do 9º ano com proficiência em Língua Portuguesa e Matemática (%)"
3524006,"Itupeva",33.305,2022,"Escolaridade",32.24,"Proporção média de  alunos do 9º ano com proficiência em Língua Portuguesa e Matemática (%)"
3524006,"Itupeva",29.305,2024,"Escolaridade",31.01,"Proporção média de  alunos do 9º ano com proficiência em Língua Portuguesa e Matemática (%)"
3524105,"Ituverava",13.20992348,2014,"Escolaridade",20.17,"Proporção média de  alunos do 9º ano com proficiência em Língua Portuguesa e Matemática (%)"
3524105,"Ituverava",21.97725194,2016,"Escolaridade",24.39,"Proporção média de  alunos do 9º ano com proficiência em Língua Portuguesa e Matemática (%)"
3524105,"Ituverava",19.97060784,2018,"Escolaridade",29.18,"Proporção média de  alunos do 9º ano com proficiência em Língua Portuguesa e Matemática (%)"
3524105,"Ituverava",36.47177397,2020,"Escolaridade",33.99,"Proporção média de  alunos do 9º ano com proficiência em Língua Portuguesa e Matemática (%)"
3524105,"Ituverava",30.085,2022,"Escolaridade",32.24,"Proporção média de  alunos do 9º ano com proficiência em Língua Portuguesa e Matemática (%)"
3524105,"Ituverava",25.745,2024,"Escolaridade",31.01,"Proporção média de  alunos do 9º ano com proficiência em Língua Portuguesa e Matemática (%)"
3524204,"Jaborandi",17.95704296,2014,"Escolaridade",20.17,"Proporção média de  alunos do 9º ano com proficiência em Língua Portuguesa e Matemática (%)"
3524204,"Jaborandi",28.30930924,2016,"Escolaridade",24.39,"Proporção média de  alunos do 9º ano com proficiência em Língua Portuguesa e Matemática (%)"
3524204,"Jaborandi",30.72289157,2018,"Escolaridade",29.18,"Proporção média de  alunos do 9º ano com proficiência em Língua Portuguesa e Matemática (%)"
3524204,"Jaborandi",32.89506977,2020,"Escolaridade",33.99,"Proporção média de  alunos do 9º ano com proficiência em Língua Portuguesa e Matemática (%)"
3524204,"Jaborandi",33.445,2022,"Escolaridade",32.24,"Proporção média de  alunos do 9º ano com proficiência em Língua Portuguesa e Matemática (%)"
3524204,"Jaborandi",35.53,2024,"Escolaridade",31.01,"Proporção média de  alunos do 9º ano com proficiência em Língua Portuguesa e Matemática (%)"
3524303,"Jaboticabal",18.9320474,2014,"Escolaridade",20.17,"Proporção média de  alunos do 9º ano com proficiência em Língua Portuguesa e Matemática (%)"
3524303,"Jaboticabal",24.5398437,2016,"Escolaridade",24.39,"Proporção média de  alunos do 9º ano com proficiência em Língua Portuguesa e Matemática (%)"
3524303,"Jaboticabal",27.7933436,2018,"Escolaridade",29.18,"Proporção média de  alunos do 9º ano com proficiência em Língua Portuguesa e Matemática (%)"
3524303,"Jaboticabal",29.59883479,2020,"Escolaridade",33.99,"Proporção média de  alunos do 9º ano com proficiência em Língua Portuguesa e Matemática (%)"
3524303,"Jaboticabal",27.275,2022,"Escolaridade",32.24,"Proporção média de  alunos do 9º ano com proficiência em Língua Portuguesa e Matemática (%)"
3524303,"Jaboticabal",29.875,2024,"Escolaridade",31.01,"Proporção média de  alunos do 9º ano com proficiência em Língua Portuguesa e Matemática (%)"
3524402,"Jacareí",22.92581094,2014,"Escolaridade",20.17,"Proporção média de  alunos do 9º ano com proficiência em Língua Portuguesa e Matemática (%)"
3524402,"Jacareí",26.33841408,2016,"Escolaridade",24.39,"Proporção média de  alunos do 9º ano com proficiência em Língua Portuguesa e Matemática (%)"
3524402,"Jacareí",31.45690646,2018,"Escolaridade",29.18,"Proporção média de  alunos do 9º ano com proficiência em Língua Portuguesa e Matemática (%)"
3524402,"Jacareí",35.05953263,2020,"Escolaridade",33.99,"Proporção média de  alunos do 9º ano com proficiência em Língua Portuguesa e Matemática (%)"
3524402,"Jacareí",31.73,2022,"Escolaridade",32.24,"Proporção média de  alunos do 9º ano com proficiência em Língua Portuguesa e Matemática (%)"
3524402,"Jacareí",32.65,2024,"Escolaridade",31.01,"Proporção média de  alunos do 9º ano com proficiência em Língua Portuguesa e Matemática (%)"
3524501,"Jaci",26.93865741,2014,"Escolaridade",20.17,"Proporção média de  alunos do 9º ano com proficiência em Língua Portuguesa e Matemática (%)"
3524501,"Jaci",20.91967005,2016,"Escolaridade",24.39,"Proporção média de  alunos do 9º ano com proficiência em Língua Portuguesa e Matemática (%)"
3524501,"Jaci",30.52631579,2018,"Escolaridade",29.18,"Proporção média de  alunos do 9º ano com proficiência em Língua Portuguesa e Matemática (%)"
3524501,"Jaci",15.19798811,2020,"Escolaridade",33.99,"Proporção média de  alunos do 9º ano com proficiência em Língua Portuguesa e Matemática (%)"
3524501,"Jaci",25.88,2022,"Escolaridade",32.24,"Proporção média de  alunos do 9º ano com proficiência em Língua Portuguesa e Matemática (%)"
3524501,"Jaci",26.17,2024,"Escolaridade",31.01,"Proporção média de  alunos do 9º ano com proficiência em Língua Portuguesa e Matemática (%)"
3524600,"Jacupiranga",22.15322819,2014,"Escolaridade",20.17,"Proporção média de  alunos do 9º ano com proficiência em Língua Portuguesa e Matemática (%)"
3524600,"Jacupiranga",35.68784697,2016,"Escolaridade",24.39,"Proporção média de  alunos do 9º ano com proficiência em Língua Portuguesa e Matemática (%)"
3524600,"Jacupiranga",34.44838648,2018,"Escolaridade",29.18,"Proporção média de  alunos do 9º ano com proficiência em Língua Portuguesa e Matemática (%)"
3524600,"Jacupiranga",36.69712232,2020,"Escolaridade",33.99,"Proporção média de  alunos do 9º ano com proficiência em Língua Portuguesa e Matemática (%)"
3524600,"Jacupiranga",31.67,2022,"Escolaridade",32.24,"Proporção média de  alunos do 9º ano com proficiência em Língua Portuguesa e Matemática (%)"
3524600,"Jacupiranga",31.05,2024,"Escolaridade",31.01,"Proporção média de  alunos do 9º ano com proficiência em Língua Portuguesa e Matemática (%)"
3524709,"Jaguariúna",39.09446572,2014,"Escolaridade",20.17,"Proporção média de  alunos do 9º ano com proficiência em Língua Portuguesa e Matemática (%)"
3524709,"Jaguariúna",45.0362424,2016,"Escolaridade",24.39,"Proporção média de  alunos do 9º ano com proficiência em Língua Portuguesa e Matemática (%)"
3524709,"Jaguariúna",57.36268322,2018,"Escolaridade",29.18,"Proporção média de  alunos do 9º ano com proficiência em Língua Portuguesa e Matemática (%)"
3524709,"Jaguariúna",55.37976176,2020,"Escolaridade",33.99,"Proporção média de  alunos do 9º ano com proficiência em Língua Portuguesa e Matemática (%)"
3524709,"Jaguariúna",46.885,2022,"Escolaridade",32.24,"Proporção média de  alunos do 9º ano com proficiência em Língua Portuguesa e Matemática (%)"
3524709,"Jaguariúna",52.22,2024,"Escolaridade",31.01,"Proporção média de  alunos do 9º ano com proficiência em Língua Portuguesa e Matemática (%)"
3524808,"Jales",29.94302814,2014,"Escolaridade",20.17,"Proporção média de  alunos do 9º ano com proficiência em Língua Portuguesa e Matemática (%)"
3524808,"Jales",39.61946013,2016,"Escolaridade",24.39,"Proporção média de  alunos do 9º ano com proficiência em Língua Portuguesa e Matemática (%)"
3524808,"Jales",44.09556873,2018,"Escolaridade",29.18,"Proporção média de  alunos do 9º ano com proficiência em Língua Portuguesa e Matemática (%)"
3524808,"Jales",42.32532451,2020,"Escolaridade",33.99,"Proporção média de  alunos do 9º ano com proficiência em Língua Portuguesa e Matemática (%)"
3524808,"Jales",47.9,2022,"Escolaridade",32.24,"Proporção média de  alunos do 9º ano com proficiência em Língua Portuguesa e Matemática (%)"
3524808,"Jales",46.205,2024,"Escolaridade",31.01,"Proporção média de  alunos do 9º ano com proficiência em Língua Portuguesa e Matemática (%)"
3524907,"Jambeiro",26.33242486,2014,"Escolaridade",20.17,"Proporção média de  alunos do 9º ano com proficiência em Língua Portuguesa e Matemática (%)"
3524907,"Jambeiro",23.27602238,2016,"Escolaridade",24.39,"Proporção média de  alunos do 9º ano com proficiência em Língua Portuguesa e Matemática (%)"
3524907,"Jambeiro",28.64678899,2018,"Escolaridade",29.18,"Proporção média de  alunos do 9º ano com proficiência em Língua Portuguesa e Matemática (%)"
3524907,"Jambeiro",24.31315054,2020,"Escolaridade",33.99,"Proporção média de  alunos do 9º ano com proficiência em Língua Portuguesa e Matemática (%)"
3524907,"Jambeiro",30.365,2022,"Escolaridade",32.24,"Proporção média de  alunos do 9º ano com proficiência em Língua Portuguesa e Matemática (%)"
3524907,"Jambeiro",33.1,2024,"Escolaridade",31.01,"Proporção média de  alunos do 9º ano com proficiência em Língua Portuguesa e Matemática (%)"
3525003,"Jandira",14.26828658,2014,"Escolaridade",20.17,"Proporção média de  alunos do 9º ano com proficiência em Língua Portuguesa e Matemática (%)"
3525003,"Jandira",17.20452414,2016,"Escolaridade",24.39,"Proporção média de  alunos do 9º ano com proficiência em Língua Portuguesa e Matemática (%)"
3525003,"Jandira",23.57535712,2018,"Escolaridade",29.18,"Proporção média de  alunos do 9º ano com proficiência em Língua Portuguesa e Matemática (%)"
3525003,"Jandira",23.07818677,2020,"Escolaridade",33.99,"Proporção média de  alunos do 9º ano com proficiência em Língua Portuguesa e Matemática (%)"
3525003,"Jandira",25.83,2022,"Escolaridade",32.24,"Proporção média de  alunos do 9º ano com proficiência em Língua Portuguesa e Matemática (%)"
3525003,"Jandira",28.18,2024,"Escolaridade",31.01,"Proporção média de  alunos do 9º ano com proficiência em Língua Portuguesa e Matemática (%)"
3525102,"Jardinópolis",15.16381826,2014,"Escolaridade",20.17,"Proporção média de  alunos do 9º ano com proficiência em Língua Portuguesa e Matemática (%)"
3525102,"Jardinópolis",22.98578373,2016,"Escolaridade",24.39,"Proporção média de  alunos do 9º ano com proficiência em Língua Portuguesa e Matemática (%)"
3525102,"Jardinópolis",24.5917444,2018,"Escolaridade",29.18,"Proporção média de  alunos do 9º ano com proficiência em Língua Portuguesa e Matemática (%)"
3525102,"Jardinópolis",19.23357029,2020,"Escolaridade",33.99,"Proporção média de  alunos do 9º ano com proficiência em Língua Portuguesa e Matemática (%)"
3525102,"Jardinópolis",24.13,2022,"Escolaridade",32.24,"Proporção média de  alunos do 9º ano com proficiência em Língua Portuguesa e Matemática (%)"
3525102,"Jardinópolis",29.445,2024,"Escolaridade",31.01,"Proporção média de  alunos do 9º ano com proficiência em Língua Portuguesa e Matemática (%)"
3525201,"Jarinu",21.16049746,2014,"Escolaridade",20.17,"Proporção média de  alunos do 9º ano com proficiência em Língua Portuguesa e Matemática (%)"
3525201,"Jarinu",27.89089371,2016,"Escolaridade",24.39,"Proporção média de  alunos do 9º ano com proficiência em Língua Portuguesa e Matemática (%)"
3525201,"Jarinu",37.37639439,2018,"Escolaridade",29.18,"Proporção média de  alunos do 9º ano com proficiência em Língua Portuguesa e Matemática (%)"
3525201,"Jarinu",39.11951211,2020,"Escolaridade",33.99,"Proporção média de  alunos do 9º ano com proficiência em Língua Portuguesa e Matemática (%)"
3525201,"Jarinu",33.68,2022,"Escolaridade",32.24,"Proporção média de  alunos do 9º ano com proficiência em Língua Portuguesa e Matemática (%)"
3525201,"Jarinu",34.23,2024,"Escolaridade",31.01,"Proporção média de  alunos do 9º ano com proficiência em Língua Portuguesa e Matemática (%)"
3525300,"Jaú",20.01769182,2014,"Escolaridade",20.17,"Proporção média de  alunos do 9º ano com proficiência em Língua Portuguesa e Matemática (%)"
3525300,"Jaú",22.59507572,2016,"Escolaridade",24.39,"Proporção média de  alunos do 9º ano com proficiência em Língua Portuguesa e Matemática (%)"
3525300,"Jaú",27.79345332,2018,"Escolaridade",29.18,"Proporção média de  alunos do 9º ano com proficiência em Língua Portuguesa e Matemática (%)"
3525300,"Jaú",34.04570141,2020,"Escolaridade",33.99,"Proporção média de  alunos do 9º ano com proficiência em Língua Portuguesa e Matemática (%)"
3525300,"Jaú",35.76,2022,"Escolaridade",32.24,"Proporção média de  alunos do 9º ano com proficiência em Língua Portuguesa e Matemática (%)"
3525300,"Jaú",32.72,2024,"Escolaridade",31.01,"Proporção média de  alunos do 9º ano com proficiência em Língua Portuguesa e Matemática (%)"
3525409,"Jeriquara",23.07312253,2014,"Escolaridade",20.17,"Proporção média de  alunos do 9º ano com proficiência em Língua Portuguesa e Matemática (%)"
3525409,"Jeriquara",17.04382497,2016,"Escolaridade",24.39,"Proporção média de  alunos do 9º ano com proficiência em Língua Portuguesa e Matemática (%)"
3525409,"Jeriquara",30.09110077,2018,"Escolaridade",29.18,"Proporção média de  alunos do 9º ano com proficiência em Língua Portuguesa e Matemática (%)"
3525409,"Jeriquara",26.33554463,2020,"Escolaridade",33.99,"Proporção média de  alunos do 9º ano com proficiência em Língua Portuguesa e Matemática (%)"
3525409,"Jeriquara",31.895,2022,"Escolaridade",32.24,"Proporção média de  alunos do 9º ano com proficiência em Língua Portuguesa e Matemática (%)"
3525409,"Jeriquara",31.63,2024,"Escolaridade",31.01,"Proporção média de  alunos do 9º ano com proficiência em Língua Portuguesa e Matemática (%)"
3525508,"Joanópolis",31.5627905,2014,"Escolaridade",20.17,"Proporção média de  alunos do 9º ano com proficiência em Língua Portuguesa e Matemática (%)"
3525508,"Joanópolis",32.82662104,2016,"Escolaridade",24.39,"Proporção média de  alunos do 9º ano com proficiência em Língua Portuguesa e Matemática (%)"
3525508,"Joanópolis",40.18566404,2018,"Escolaridade",29.18,"Proporção média de  alunos do 9º ano com proficiência em Língua Portuguesa e Matemática (%)"
3525508,"Joanópolis",29.16572962,2020,"Escolaridade",33.99,"Proporção média de  alunos do 9º ano com proficiência em Língua Portuguesa e Matemática (%)"
3525508,"Joanópolis",28.035,2022,"Escolaridade",32.24,"Proporção média de  alunos do 9º ano com proficiência em Língua Portuguesa e Matemática (%)"
3525508,"Joanópolis",34.89,2024,"Escolaridade",31.01,"Proporção média de  alunos do 9º ano com proficiência em Língua Portuguesa e Matemática (%)"
3525607,"João Ramalho",21.63621795,2014,"Escolaridade",20.17,"Proporção média de  alunos do 9º ano com proficiência em Língua Portuguesa e Matemática (%)"
3525607,"João Ramalho",18.68470168,2016,"Escolaridade",24.39,"Proporção média de  alunos do 9º ano com proficiência em Língua Portuguesa e Matemática (%)"
3525607,"João Ramalho",29.5547504,2018,"Escolaridade",29.18,"Proporção média de  alunos do 9º ano com proficiência em Língua Portuguesa e Matemática (%)"
3525607,"João Ramalho",38.7250561,2020,"Escolaridade",33.99,"Proporção média de  alunos do 9º ano com proficiência em Língua Portuguesa e Matemática (%)"
3525607,"João Ramalho",29.925,2022,"Escolaridade",32.24,"Proporção média de  alunos do 9º ano com proficiência em Língua Portuguesa e Matemática (%)"
3525607,"João Ramalho",41.27,2024,"Escolaridade",31.01,"Proporção média de  alunos do 9º ano com proficiência em Língua Portuguesa e Matemática (%)"
3525706,"José Bonifácio",19.59715379,2014,"Escolaridade",20.17,"Proporção média de  alunos do 9º ano com proficiência em Língua Portuguesa e Matemática (%)"
3525706,"José Bonifácio",29.88073814,2016,"Escolaridade",24.39,"Proporção média de  alunos do 9º ano com proficiência em Língua Portuguesa e Matemática (%)"
3525706,"José Bonifácio",27.40368888,2018,"Escolaridade",29.18,"Proporção média de  alunos do 9º ano com proficiência em Língua Portuguesa e Matemática (%)"
3525706,"José Bonifácio",27.94560852,2020,"Escolaridade",33.99,"Proporção média de  alunos do 9º ano com proficiência em Língua Portuguesa e Matemática (%)"
3525706,"José Bonifácio",32.64,2022,"Escolaridade",32.24,"Proporção média de  alunos do 9º ano com proficiência em Língua Portuguesa e Matemática (%)"
3525706,"José Bonifácio",35.155,2024,"Escolaridade",31.01,"Proporção média de  alunos do 9º ano com proficiência em Língua Portuguesa e Matemática (%)"
3525805,"Júlio Mesquita",15.2173913,2014,"Escolaridade",20.17,"Proporção média de  alunos do 9º ano com proficiência em Língua Portuguesa e Matemática (%)"
3525805,"Júlio Mesquita",11.07332637,2016,"Escolaridade",24.39,"Proporção média de  alunos do 9º ano com proficiência em Língua Portuguesa e Matemática (%)"
3525805,"Júlio Mesquita",15.3708134,2018,"Escolaridade",29.18,"Proporção média de  alunos do 9º ano com proficiência em Língua Portuguesa e Matemática (%)"
3525805,"Júlio Mesquita",20.29232942,2020,"Escolaridade",33.99,"Proporção média de  alunos do 9º ano com proficiência em Língua Portuguesa e Matemática (%)"
3525805,"Júlio Mesquita",9.31,2022,"Escolaridade",32.24,"Proporção média de  alunos do 9º ano com proficiência em Língua Portuguesa e Matemática (%)"
3525805,"Júlio Mesquita",19.38,2024,"Escolaridade",31.01,"Proporção média de  alunos do 9º ano com proficiência em Língua Portuguesa e Matemática (%)"
3525854,"Jumirim",29.93762994,2014,"Escolaridade",20.17,"Proporção média de  alunos do 9º ano com proficiência em Língua Portuguesa e Matemática (%)"
3525854,"Jumirim",27.79745257,2016,"Escolaridade",24.39,"Proporção média de  alunos do 9º ano com proficiência em Língua Portuguesa e Matemática (%)"
3525854,"Jumirim",26.24042624,2018,"Escolaridade",29.18,"Proporção média de  alunos do 9º ano com proficiência em Língua Portuguesa e Matemática (%)"
3525854,"Jumirim",26.24042624,2020,"Escolaridade",33.99,"Proporção média de  alunos do 9º ano com proficiência em Língua Portuguesa e Matemática (%)"
3525854,"Jumirim",39.94,2022,"Escolaridade",32.24,"Proporção média de  alunos do 9º ano com proficiência em Língua Portuguesa e Matemática (%)"
3525854,"Jumirim",33.09,2024,"Escolaridade",31.01,"Proporção média de  alunos do 9º ano com proficiência em Língua Portuguesa e Matemática (%)"
3525904,"Jundiaí",25.75895747,2014,"Escolaridade",20.17,"Proporção média de  alunos do 9º ano com proficiência em Língua Portuguesa e Matemática (%)"
3525904,"Jundiaí",32.47793408,2016,"Escolaridade",24.39,"Proporção média de  alunos do 9º ano com proficiência em Língua Portuguesa e Matemática (%)"
3525904,"Jundiaí",38.09798925,2018,"Escolaridade",29.18,"Proporção média de  alunos do 9º ano com proficiência em Língua Portuguesa e Matemática (%)"
3525904,"Jundiaí",41.82362243,2020,"Escolaridade",33.99,"Proporção média de  alunos do 9º ano com proficiência em Língua Portuguesa e Matemática (%)"
3525904,"Jundiaí",39.49,2022,"Escolaridade",32.24,"Proporção média de  alunos do 9º ano com proficiência em Língua Portuguesa e Matemática (%)"
3525904,"Jundiaí",39.795,2024,"Escolaridade",31.01,"Proporção média de  alunos do 9º ano com proficiência em Língua Portuguesa e Matemática (%)"
3526001,"Junqueirópolis",27.5497763,2014,"Escolaridade",20.17,"Proporção média de  alunos do 9º ano com proficiência em Língua Portuguesa e Matemática (%)"
3526001,"Junqueirópolis",43.1012618,2016,"Escolaridade",24.39,"Proporção média de  alunos do 9º ano com proficiência em Língua Portuguesa e Matemática (%)"
3526001,"Junqueirópolis",51.11224987,2018,"Escolaridade",29.18,"Proporção média de  alunos do 9º ano com proficiência em Língua Portuguesa e Matemática (%)"
3526001,"Junqueirópolis",49.59985329,2020,"Escolaridade",33.99,"Proporção média de  alunos do 9º ano com proficiência em Língua Portuguesa e Matemática (%)"
3526001,"Junqueirópolis",43.63,2022,"Escolaridade",32.24,"Proporção média de  alunos do 9º ano com proficiência em Língua Portuguesa e Matemática (%)"
3526001,"Junqueirópolis",48.045,2024,"Escolaridade",31.01,"Proporção média de  alunos do 9º ano com proficiência em Língua Portuguesa e Matemática (%)"
3526100,"Juquiá",15.778511,2014,"Escolaridade",20.17,"Proporção média de  alunos do 9º ano com proficiência em Língua Portuguesa e Matemática (%)"
3526100,"Juquiá",23.06966351,2016,"Escolaridade",24.39,"Proporção média de  alunos do 9º ano com proficiência em Língua Portuguesa e Matemática (%)"
3526100,"Juquiá",23.01561394,2018,"Escolaridade",29.18,"Proporção média de  alunos do 9º ano com proficiência em Língua Portuguesa e Matemática (%)"
3526100,"Juquiá",31.94116476,2020,"Escolaridade",33.99,"Proporção média de  alunos do 9º ano com proficiência em Língua Portuguesa e Matemática (%)"
3526100,"Juquiá",29.175,2022,"Escolaridade",32.24,"Proporção média de  alunos do 9º ano com proficiência em Língua Portuguesa e Matemática (%)"
3526100,"Juquiá",28.36,2024,"Escolaridade",31.01,"Proporção média de  alunos do 9º ano com proficiência em Língua Portuguesa e Matemática (%)"
3526209,"Juquitiba",19.46293101,2014,"Escolaridade",20.17,"Proporção média de  alunos do 9º ano com proficiência em Língua Portuguesa e Matemática (%)"
3526209,"Juquitiba",23.28807795,2016,"Escolaridade",24.39,"Proporção média de  alunos do 9º ano com proficiência em Língua Portuguesa e Matemática (%)"
3526209,"Juquitiba",29.45051851,2018,"Escolaridade",29.18,"Proporção média de  alunos do 9º ano com proficiência em Língua Portuguesa e Matemática (%)"
3526209,"Juquitiba",31.09222302,2020,"Escolaridade",33.99,"Proporção média de  alunos do 9º ano com proficiência em Língua Portuguesa e Matemática (%)"
3526209,"Juquitiba",31.13,2022,"Escolaridade",32.24,"Proporção média de  alunos do 9º ano com proficiência em Língua Portuguesa e Matemática (%)"
3526209,"Juquitiba",36.295,2024,"Escolaridade",31.01,"Proporção média de  alunos do 9º ano com proficiência em Língua Portuguesa e Matemática (%)"
3526308,"Lagoinha",24.15236388,2014,"Escolaridade",20.17,"Proporção média de  alunos do 9º ano com proficiência em Língua Portuguesa e Matemática (%)"
3526308,"Lagoinha",28.61216658,2016,"Escolaridade",24.39,"Proporção média de  alunos do 9º ano com proficiência em Língua Portuguesa e Matemática (%)"
3526308,"Lagoinha",43.09723841,2018,"Escolaridade",29.18,"Proporção média de  alunos do 9º ano com proficiência em Língua Portuguesa e Matemática (%)"
3526308,"Lagoinha",36.74617773,2020,"Escolaridade",33.99,"Proporção média de  alunos do 9º ano com proficiência em Língua Portuguesa e Matemática (%)"
3526308,"Lagoinha",34.445,2022,"Escolaridade",32.24,"Proporção média de  alunos do 9º ano com proficiência em Língua Portuguesa e Matemática (%)"
3526308,"Lagoinha",27.48,2024,"Escolaridade",31.01,"Proporção média de  alunos do 9º ano com proficiência em Língua Portuguesa e Matemática (%)"
3526407,"Laranjal Paulista",21.56052249,2014,"Escolaridade",20.17,"Proporção média de  alunos do 9º ano com proficiência em Língua Portuguesa e Matemática (%)"
3526407,"Laranjal Paulista",16.87738877,2016,"Escolaridade",24.39,"Proporção média de  alunos do 9º ano com proficiência em Língua Portuguesa e Matemática (%)"
3526407,"Laranjal Paulista",18.48326538,2018,"Escolaridade",29.18,"Proporção média de  alunos do 9º ano com proficiência em Língua Portuguesa e Matemática (%)"
3526407,"Laranjal Paulista",33.3192656,2020,"Escolaridade",33.99,"Proporção média de  alunos do 9º ano com proficiência em Língua Portuguesa e Matemática (%)"
3526407,"Laranjal Paulista",22.665,2022,"Escolaridade",32.24,"Proporção média de  alunos do 9º ano com proficiência em Língua Portuguesa e Matemática (%)"
3526407,"Laranjal Paulista",29.635,2024,"Escolaridade",31.01,"Proporção média de  alunos do 9º ano com proficiência em Língua Portuguesa e Matemática (%)"
3526506,"Lavínia",30.70620223,2014,"Escolaridade",20.17,"Proporção média de  alunos do 9º ano com proficiência em Língua Portuguesa e Matemática (%)"
3526506,"Lavínia",26.49056966,2016,"Escolaridade",24.39,"Proporção média de  alunos do 9º ano com proficiência em Língua Portuguesa e Matemática (%)"
3526506,"Lavínia",35.48020996,2018,"Escolaridade",29.18,"Proporção média de  alunos do 9º ano com proficiência em Língua Portuguesa e Matemática (%)"
3526506,"Lavínia",47.34041633,2020,"Escolaridade",33.99,"Proporção média de  alunos do 9º ano com proficiência em Língua Portuguesa e Matemática (%)"
3526506,"Lavínia",32.525,2022,"Escolaridade",32.24,"Proporção média de  alunos do 9º ano com proficiência em Língua Portuguesa e Matemática (%)"
3526506,"Lavínia",25.175,2024,"Escolaridade",31.01,"Proporção média de  alunos do 9º ano com proficiência em Língua Portuguesa e Matemática (%)"
3526605,"Lavrinhas",16.45158704,2014,"Escolaridade",20.17,"Proporção média de  alunos do 9º ano com proficiência em Língua Portuguesa e Matemática (%)"
3526605,"Lavrinhas",14.97690466,2016,"Escolaridade",24.39,"Proporção média de  alunos do 9º ano com proficiência em Língua Portuguesa e Matemática (%)"
3526605,"Lavrinhas",9.317204301,2018,"Escolaridade",29.18,"Proporção média de  alunos do 9º ano com proficiência em Língua Portuguesa e Matemática (%)"
3526605,"Lavrinhas",28.64121891,2020,"Escolaridade",33.99,"Proporção média de  alunos do 9º ano com proficiência em Língua Portuguesa e Matemática (%)"
3526605,"Lavrinhas",25.06,2022,"Escolaridade",32.24,"Proporção média de  alunos do 9º ano com proficiência em Língua Portuguesa e Matemática (%)"
3526605,"Lavrinhas",25.755,2024,"Escolaridade",31.01,"Proporção média de  alunos do 9º ano com proficiência em Língua Portuguesa e Matemática (%)"
3526704,"Leme",25.66125875,2014,"Escolaridade",20.17,"Proporção média de  alunos do 9º ano com proficiência em Língua Portuguesa e Matemática (%)"
3526704,"Leme",27.93179524,2016,"Escolaridade",24.39,"Proporção média de  alunos do 9º ano com proficiência em Língua Portuguesa e Matemática (%)"
3526704,"Leme",34.4540837,2018,"Escolaridade",29.18,"Proporção média de  alunos do 9º ano com proficiência em Língua Portuguesa e Matemática (%)"
3526704,"Leme",39.99672159,2020,"Escolaridade",33.99,"Proporção média de  alunos do 9º ano com proficiência em Língua Portuguesa e Matemática (%)"
3526704,"Leme",37.025,2022,"Escolaridade",32.24,"Proporção média de  alunos do 9º ano com proficiência em Língua Portuguesa e Matemática (%)"
3526704,"Leme",31.205,2024,"Escolaridade",31.01,"Proporção média de  alunos do 9º ano com proficiência em Língua Portuguesa e Matemática (%)"
3526803,"Lençóis Paulista",25.86067455,2014,"Escolaridade",20.17,"Proporção média de  alunos do 9º ano com proficiência em Língua Portuguesa e Matemática (%)"
3526803,"Lençóis Paulista",36.68098965,2016,"Escolaridade",24.39,"Proporção média de  alunos do 9º ano com proficiência em Língua Portuguesa e Matemática (%)"
3526803,"Lençóis Paulista",36.82435615,2018,"Escolaridade",29.18,"Proporção média de  alunos do 9º ano com proficiência em Língua Portuguesa e Matemática (%)"
3526803,"Lençóis Paulista",39.83036576,2020,"Escolaridade",33.99,"Proporção média de  alunos do 9º ano com proficiência em Língua Portuguesa e Matemática (%)"
3526803,"Lençóis Paulista",35.945,2022,"Escolaridade",32.24,"Proporção média de  alunos do 9º ano com proficiência em Língua Portuguesa e Matemática (%)"
3526803,"Lençóis Paulista",37.63,2024,"Escolaridade",31.01,"Proporção média de  alunos do 9º ano com proficiência em Língua Portuguesa e Matemática (%)"
3526902,"Limeira",26.08672685,2014,"Escolaridade",20.17,"Proporção média de  alunos do 9º ano com proficiência em Língua Portuguesa e Matemática (%)"
3526902,"Limeira",28.16494541,2016,"Escolaridade",24.39,"Proporção média de  alunos do 9º ano com proficiência em Língua Portuguesa e Matemática (%)"
3526902,"Limeira",31.81710271,2018,"Escolaridade",29.18,"Proporção média de  alunos do 9º ano com proficiência em Língua Portuguesa e Matemática (%)"
3526902,"Limeira",39.65417875,2020,"Escolaridade",33.99,"Proporção média de  alunos do 9º ano com proficiência em Língua Portuguesa e Matemática (%)"
3526902,"Limeira",39.405,2022,"Escolaridade",32.24,"Proporção média de  alunos do 9º ano com proficiência em Língua Portuguesa e Matemática (%)"
3526902,"Limeira",40.075,2024,"Escolaridade",31.01,"Proporção média de  alunos do 9º ano com proficiência em Língua Portuguesa e Matemática (%)"
3527009,"Lindóia",38.26526157,2014,"Escolaridade",20.17,"Proporção média de  alunos do 9º ano com proficiência em Língua Portuguesa e Matemática (%)"
3527009,"Lindóia",41.56053463,2016,"Escolaridade",24.39,"Proporção média de  alunos do 9º ano com proficiência em Língua Portuguesa e Matemática (%)"
3527009,"Lindóia",31.12222976,2018,"Escolaridade",29.18,"Proporção média de  alunos do 9º ano com proficiência em Língua Portuguesa e Matemática (%)"
3527009,"Lindóia",47.04241151,2020,"Escolaridade",33.99,"Proporção média de  alunos do 9º ano com proficiência em Língua Portuguesa e Matemática (%)"
3527009,"Lindóia",47.04241151,2022,"Escolaridade",32.24,"Proporção média de  alunos do 9º ano com proficiência em Língua Portuguesa e Matemática (%)"
3527009,"Lindóia",33.565,2024,"Escolaridade",31.01,"Proporção média de  alunos do 9º ano com proficiência em Língua Portuguesa e Matemática (%)"
3527108,"Lins",16.41091162,2014,"Escolaridade",20.17,"Proporção média de  alunos do 9º ano com proficiência em Língua Portuguesa e Matemática (%)"
3527108,"Lins",19.36049398,2016,"Escolaridade",24.39,"Proporção média de  alunos do 9º ano com proficiência em Língua Portuguesa e Matemática (%)"
3527108,"Lins",25.2748752,2018,"Escolaridade",29.18,"Proporção média de  alunos do 9º ano com proficiência em Língua Portuguesa e Matemática (%)"
3527108,"Lins",23.47620318,2020,"Escolaridade",33.99,"Proporção média de  alunos do 9º ano com proficiência em Língua Portuguesa e Matemática (%)"
3527108,"Lins",29.8,2022,"Escolaridade",32.24,"Proporção média de  alunos do 9º ano com proficiência em Língua Portuguesa e Matemática (%)"
3527108,"Lins",30.305,2024,"Escolaridade",31.01,"Proporção média de  alunos do 9º ano com proficiência em Língua Portuguesa e Matemática (%)"
3527207,"Lorena",15.26075864,2014,"Escolaridade",20.17,"Proporção média de  alunos do 9º ano com proficiência em Língua Portuguesa e Matemática (%)"
3527207,"Lorena",21.26507234,2016,"Escolaridade",24.39,"Proporção média de  alunos do 9º ano com proficiência em Língua Portuguesa e Matemática (%)"
3527207,"Lorena",27.84283859,2018,"Escolaridade",29.18,"Proporção média de  alunos do 9º ano com proficiência em Língua Portuguesa e Matemática (%)"
3527207,"Lorena",29.79003561,2020,"Escolaridade",33.99,"Proporção média de  alunos do 9º ano com proficiência em Língua Portuguesa e Matemática (%)"
3527207,"Lorena",27.44,2022,"Escolaridade",32.24,"Proporção média de  alunos do 9º ano com proficiência em Língua Portuguesa e Matemática (%)"
3527207,"Lorena",29.565,2024,"Escolaridade",31.01,"Proporção média de  alunos do 9º ano com proficiência em Língua Portuguesa e Matemática (%)"
3527256,"Lourdes",27.27272727,2014,"Escolaridade",20.17,"Proporção média de  alunos do 9º ano com proficiência em Língua Portuguesa e Matemática (%)"
3527256,"Lourdes",32.90488296,2016,"Escolaridade",24.39,"Proporção média de  alunos do 9º ano com proficiência em Língua Portuguesa e Matemática (%)"
3527256,"Lourdes",37.5,2018,"Escolaridade",29.18,"Proporção média de  alunos do 9º ano com proficiência em Língua Portuguesa e Matemática (%)"
3527256,"Lourdes",37.5,2020,"Escolaridade",33.99,"Proporção média de  alunos do 9º ano com proficiência em Língua Portuguesa e Matemática (%)"
3527256,"Lourdes",54.755,2022,"Escolaridade",32.24,"Proporção média de  alunos do 9º ano com proficiência em Língua Portuguesa e Matemática (%)"
3527256,"Lourdes",42.5,2024,"Escolaridade",31.01,"Proporção média de  alunos do 9º ano com proficiência em Língua Portuguesa e Matemática (%)"
3527306,"Louveira",24.86332999,2014,"Escolaridade",20.17,"Proporção média de  alunos do 9º ano com proficiência em Língua Portuguesa e Matemática (%)"
3527306,"Louveira",35.67622939,2016,"Escolaridade",24.39,"Proporção média de  alunos do 9º ano com proficiência em Língua Portuguesa e Matemática (%)"
3527306,"Louveira",40.41958555,2018,"Escolaridade",29.18,"Proporção média de  alunos do 9º ano com proficiência em Língua Portuguesa e Matemática (%)"
3527306,"Louveira",44.90600242,2020,"Escolaridade",33.99,"Proporção média de  alunos do 9º ano com proficiência em Língua Portuguesa e Matemática (%)"
3527306,"Louveira",43.915,2022,"Escolaridade",32.24,"Proporção média de  alunos do 9º ano com proficiência em Língua Portuguesa e Matemática (%)"
3527306,"Louveira",35.015,2024,"Escolaridade",31.01,"Proporção média de  alunos do 9º ano com proficiência em Língua Portuguesa e Matemática (%)"
3527405,"Lucélia",28.29162647,2014,"Escolaridade",20.17,"Proporção média de  alunos do 9º ano com proficiência em Língua Portuguesa e Matemática (%)"
3527405,"Lucélia",28.45406877,2016,"Escolaridade",24.39,"Proporção média de  alunos do 9º ano com proficiência em Língua Portuguesa e Matemática (%)"
3527405,"Lucélia",30.30759162,2018,"Escolaridade",29.18,"Proporção média de  alunos do 9º ano com proficiência em Língua Portuguesa e Matemática (%)"
3527405,"Lucélia",40.86191443,2020,"Escolaridade",33.99,"Proporção média de  alunos do 9º ano com proficiência em Língua Portuguesa e Matemática (%)"
3527405,"Lucélia",36.225,2022,"Escolaridade",32.24,"Proporção média de  alunos do 9º ano com proficiência em Língua Portuguesa e Matemática (%)"
3527405,"Lucélia",35.26,2024,"Escolaridade",31.01,"Proporção média de  alunos do 9º ano com proficiência em Língua Portuguesa e Matemática (%)"
3527504,"Lucianópolis",12.31546232,2014,"Escolaridade",20.17,"Proporção média de  alunos do 9º ano com proficiência em Língua Portuguesa e Matemática (%)"
3527504,"Lucianópolis",28.27065454,2016,"Escolaridade",24.39,"Proporção média de  alunos do 9º ano com proficiência em Língua Portuguesa e Matemática (%)"
3527504,"Lucianópolis",28.94736842,2018,"Escolaridade",29.18,"Proporção média de  alunos do 9º ano com proficiência em Língua Portuguesa e Matemática (%)"
3527504,"Lucianópolis",29.03469599,2020,"Escolaridade",33.99,"Proporção média de  alunos do 9º ano com proficiência em Língua Portuguesa e Matemática (%)"
3527504,"Lucianópolis",37.035,2022,"Escolaridade",32.24,"Proporção média de  alunos do 9º ano com proficiência em Língua Portuguesa e Matemática (%)"
3527504,"Lucianópolis",37.035,2024,"Escolaridade",31.01,"Proporção média de  alunos do 9º ano com proficiência em Língua Portuguesa e Matemática (%)"
3527603,"Luís Antônio",19.02989479,2014,"Escolaridade",20.17,"Proporção média de  alunos do 9º ano com proficiência em Língua Portuguesa e Matemática (%)"
3527603,"Luís Antônio",27.4592369,2016,"Escolaridade",24.39,"Proporção média de  alunos do 9º ano com proficiência em Língua Portuguesa e Matemática (%)"
3527603,"Luís Antônio",25.93462929,2018,"Escolaridade",29.18,"Proporção média de  alunos do 9º ano com proficiência em Língua Portuguesa e Matemática (%)"
3527603,"Luís Antônio",37.74960362,2020,"Escolaridade",33.99,"Proporção média de  alunos do 9º ano com proficiência em Língua Portuguesa e Matemática (%)"
3527603,"Luís Antônio",31.065,2022,"Escolaridade",32.24,"Proporção média de  alunos do 9º ano com proficiência em Língua Portuguesa e Matemática (%)"
3527603,"Luís Antônio",29.505,2024,"Escolaridade",31.01,"Proporção média de  alunos do 9º ano com proficiência em Língua Portuguesa e Matemática (%)"
3527702,"Luiziânia",10.72024594,2014,"Escolaridade",20.17,"Proporção média de  alunos do 9º ano com proficiência em Língua Portuguesa e Matemática (%)"
3527702,"Luiziânia",26.39021795,2016,"Escolaridade",24.39,"Proporção média de  alunos do 9º ano com proficiência em Língua Portuguesa e Matemática (%)"
3527702,"Luiziânia",31.75,2018,"Escolaridade",29.18,"Proporção média de  alunos do 9º ano com proficiência em Língua Portuguesa e Matemática (%)"
3527702,"Luiziânia",35.43800384,2020,"Escolaridade",33.99,"Proporção média de  alunos do 9º ano com proficiência em Língua Portuguesa e Matemática (%)"
3527702,"Luiziânia",22.865,2022,"Escolaridade",32.24,"Proporção média de  alunos do 9º ano com proficiência em Língua Portuguesa e Matemática (%)"
3527702,"Luiziânia",45.37,2024,"Escolaridade",31.01,"Proporção média de  alunos do 9º ano com proficiência em Língua Portuguesa e Matemática (%)"
3527801,"Lupércio",15.25560477,2014,"Escolaridade",20.17,"Proporção média de  alunos do 9º ano com proficiência em Língua Portuguesa e Matemática (%)"
3527801,"Lupércio",24.35539325,2016,"Escolaridade",24.39,"Proporção média de  alunos do 9º ano com proficiência em Língua Portuguesa e Matemática (%)"
3527801,"Lupércio",17.76785261,2018,"Escolaridade",29.18,"Proporção média de  alunos do 9º ano com proficiência em Língua Portuguesa e Matemática (%)"
3527801,"Lupércio",25.00209933,2020,"Escolaridade",33.99,"Proporção média de  alunos do 9º ano com proficiência em Língua Portuguesa e Matemática (%)"
3527801,"Lupércio",23.91,2022,"Escolaridade",32.24,"Proporção média de  alunos do 9º ano com proficiência em Língua Portuguesa e Matemática (%)"
3527801,"Lupércio",24.475,2024,"Escolaridade",31.01,"Proporção média de  alunos do 9º ano com proficiência em Língua Portuguesa e Matemática (%)"
3527900,"Lutécia",34.41777778,2014,"Escolaridade",20.17,"Proporção média de  alunos do 9º ano com proficiência em Língua Portuguesa e Matemática (%)"
3527900,"Lutécia",36.84631201,2016,"Escolaridade",24.39,"Proporção média de  alunos do 9º ano com proficiência em Língua Portuguesa e Matemática (%)"
3527900,"Lutécia",37.3655914,2018,"Escolaridade",29.18,"Proporção média de  alunos do 9º ano com proficiência em Língua Portuguesa e Matemática (%)"
3527900,"Lutécia",36.54152979,2020,"Escolaridade",33.99,"Proporção média de  alunos do 9º ano com proficiência em Língua Portuguesa e Matemática (%)"
3527900,"Lutécia",20.97,2022,"Escolaridade",32.24,"Proporção média de  alunos do 9º ano com proficiência em Língua Portuguesa e Matemática (%)"
3527900,"Lutécia",26.93,2024,"Escolaridade",31.01,"Proporção média de  alunos do 9º ano com proficiência em Língua Portuguesa e Matemática (%)"
3528007,"Macatuba",23.58803643,2014,"Escolaridade",20.17,"Proporção média de  alunos do 9º ano com proficiência em Língua Portuguesa e Matemática (%)"
3528007,"Macatuba",21.18592778,2016,"Escolaridade",24.39,"Proporção média de  alunos do 9º ano com proficiência em Língua Portuguesa e Matemática (%)"
3528007,"Macatuba",35.79401295,2018,"Escolaridade",29.18,"Proporção média de  alunos do 9º ano com proficiência em Língua Portuguesa e Matemática (%)"
3528007,"Macatuba",41.94179415,2020,"Escolaridade",33.99,"Proporção média de  alunos do 9º ano com proficiência em Língua Portuguesa e Matemática (%)"
3528007,"Macatuba",40.705,2022,"Escolaridade",32.24,"Proporção média de  alunos do 9º ano com proficiência em Língua Portuguesa e Matemática (%)"
3528007,"Macatuba",33.115,2024,"Escolaridade",31.01,"Proporção média de  alunos do 9º ano com proficiência em Língua Portuguesa e Matemática (%)"
3528106,"Macaubal",27.57171717,2014,"Escolaridade",20.17,"Proporção média de  alunos do 9º ano com proficiência em Língua Portuguesa e Matemática (%)"
3528106,"Macaubal",34.02414942,2016,"Escolaridade",24.39,"Proporção média de  alunos do 9º ano com proficiência em Língua Portuguesa e Matemática (%)"
3528106,"Macaubal",20.33909465,2018,"Escolaridade",29.18,"Proporção média de  alunos do 9º ano com proficiência em Língua Portuguesa e Matemática (%)"
3528106,"Macaubal",29.603935,2020,"Escolaridade",33.99,"Proporção média de  alunos do 9º ano com proficiência em Língua Portuguesa e Matemática (%)"
3528106,"Macaubal",24.265,2022,"Escolaridade",32.24,"Proporção média de  alunos do 9º ano com proficiência em Língua Portuguesa e Matemática (%)"
3528106,"Macaubal",36.095,2024,"Escolaridade",31.01,"Proporção média de  alunos do 9º ano com proficiência em Língua Portuguesa e Matemática (%)"
3528205,"Macedônia",37.77296872,2014,"Escolaridade",20.17,"Proporção média de  alunos do 9º ano com proficiência em Língua Portuguesa e Matemática (%)"
3528205,"Macedônia",38.09715674,2016,"Escolaridade",24.39,"Proporção média de  alunos do 9º ano com proficiência em Língua Portuguesa e Matemática (%)"
3528205,"Macedônia",45.30769231,2018,"Escolaridade",29.18,"Proporção média de  alunos do 9º ano com proficiência em Língua Portuguesa e Matemática (%)"
3528205,"Macedônia",33.42064959,2020,"Escolaridade",33.99,"Proporção média de  alunos do 9º ano com proficiência em Língua Portuguesa e Matemática (%)"
3528205,"Macedônia",43.4,2022,"Escolaridade",32.24,"Proporção média de  alunos do 9º ano com proficiência em Língua Portuguesa e Matemática (%)"
3528205,"Macedônia",35.635,2024,"Escolaridade",31.01,"Proporção média de  alunos do 9º ano com proficiência em Língua Portuguesa e Matemática (%)"
3528304,"Magda",24.73140496,2014,"Escolaridade",20.17,"Proporção média de  alunos do 9º ano com proficiência em Língua Portuguesa e Matemática (%)"
3528304,"Magda",56.11393712,2016,"Escolaridade",24.39,"Proporção média de  alunos do 9º ano com proficiência em Língua Portuguesa e Matemática (%)"
3528304,"Magda",46.66666667,2018,"Escolaridade",29.18,"Proporção média de  alunos do 9º ano com proficiência em Língua Portuguesa e Matemática (%)"
3528304,"Magda",50.00419866,2020,"Escolaridade",33.99,"Proporção média de  alunos do 9º ano com proficiência em Língua Portuguesa e Matemática (%)"
3528304,"Magda",60,2022,"Escolaridade",32.24,"Proporção média de  alunos do 9º ano com proficiência em Língua Portuguesa e Matemática (%)"
3528304,"Magda",62.255,2024,"Escolaridade",31.01,"Proporção média de  alunos do 9º ano com proficiência em Língua Portuguesa e Matemática (%)"
3528403,"Mairinque",24.80456942,2014,"Escolaridade",20.17,"Proporção média de  alunos do 9º ano com proficiência em Língua Portuguesa e Matemática (%)"
3528403,"Mairinque",30.67077861,2016,"Escolaridade",24.39,"Proporção média de  alunos do 9º ano com proficiência em Língua Portuguesa e Matemática (%)"
3528403,"Mairinque",30.00187162,2018,"Escolaridade",29.18,"Proporção média de  alunos do 9º ano com proficiência em Língua Portuguesa e Matemática (%)"
3528403,"Mairinque",33.03587607,2020,"Escolaridade",33.99,"Proporção média de  alunos do 9º ano com proficiência em Língua Portuguesa e Matemática (%)"
3528403,"Mairinque",33.03587607,2022,"Escolaridade",32.24,"Proporção média de  alunos do 9º ano com proficiência em Língua Portuguesa e Matemática (%)"
3528403,"Mairinque",27.425,2024,"Escolaridade",31.01,"Proporção média de  alunos do 9º ano com proficiência em Língua Portuguesa e Matemática (%)"
3528502,"Mairiporã",18.27001008,2014,"Escolaridade",20.17,"Proporção média de  alunos do 9º ano com proficiência em Língua Portuguesa e Matemática (%)"
3528502,"Mairiporã",22.53843836,2016,"Escolaridade",24.39,"Proporção média de  alunos do 9º ano com proficiência em Língua Portuguesa e Matemática (%)"
3528502,"Mairiporã",25.91734689,2018,"Escolaridade",29.18,"Proporção média de  alunos do 9º ano com proficiência em Língua Portuguesa e Matemática (%)"
3528502,"Mairiporã",30.0495642,2020,"Escolaridade",33.99,"Proporção média de  alunos do 9º ano com proficiência em Língua Portuguesa e Matemática (%)"
3528502,"Mairiporã",28.435,2022,"Escolaridade",32.24,"Proporção média de  alunos do 9º ano com proficiência em Língua Portuguesa e Matemática (%)"
3528502,"Mairiporã",30.59,2024,"Escolaridade",31.01,"Proporção média de  alunos do 9º ano com proficiência em Língua Portuguesa e Matemática (%)"
3528601,"Manduri",22.79225446,2014,"Escolaridade",20.17,"Proporção média de  alunos do 9º ano com proficiência em Língua Portuguesa e Matemática (%)"
3528601,"Manduri",23.06704489,2016,"Escolaridade",24.39,"Proporção média de  alunos do 9º ano com proficiência em Língua Portuguesa e Matemática (%)"
3528601,"Manduri",21.95460861,2018,"Escolaridade",29.18,"Proporção média de  alunos do 9º ano com proficiência em Língua Portuguesa e Matemática (%)"
3528601,"Manduri",33.16492059,2020,"Escolaridade",33.99,"Proporção média de  alunos do 9º ano com proficiência em Língua Portuguesa e Matemática (%)"
3528601,"Manduri",32.125,2022,"Escolaridade",32.24,"Proporção média de  alunos do 9º ano com proficiência em Língua Portuguesa e Matemática (%)"
3528601,"Manduri",23.545,2024,"Escolaridade",31.01,"Proporção média de  alunos do 9º ano com proficiência em Língua Portuguesa e Matemática (%)"
3528700,"Marabá Paulista",21.76870748,2014,"Escolaridade",20.17,"Proporção média de  alunos do 9º ano com proficiência em Língua Portuguesa e Matemática (%)"
3528700,"Marabá Paulista",33.29919767,2016,"Escolaridade",24.39,"Proporção média de  alunos do 9º ano com proficiência em Língua Portuguesa e Matemática (%)"
3528700,"Marabá Paulista",17.24137931,2018,"Escolaridade",29.18,"Proporção média de  alunos do 9º ano com proficiência em Língua Portuguesa e Matemática (%)"
3528700,"Marabá Paulista",33.74571099,2020,"Escolaridade",33.99,"Proporção média de  alunos do 9º ano com proficiência em Língua Portuguesa e Matemática (%)"
3528700,"Marabá Paulista",35.94,2022,"Escolaridade",32.24,"Proporção média de  alunos do 9º ano com proficiência em Língua Portuguesa e Matemática (%)"
3528700,"Marabá Paulista",31.06,2024,"Escolaridade",31.01,"Proporção média de  alunos do 9º ano com proficiência em Língua Portuguesa e Matemática (%)"
3528809,"Maracaí",23.79592005,2014,"Escolaridade",20.17,"Proporção média de  alunos do 9º ano com proficiência em Língua Portuguesa e Matemática (%)"
3528809,"Maracaí",41.69668916,2016,"Escolaridade",24.39,"Proporção média de  alunos do 9º ano com proficiência em Língua Portuguesa e Matemática (%)"
3528809,"Maracaí",37.40964441,2018,"Escolaridade",29.18,"Proporção média de  alunos do 9º ano com proficiência em Língua Portuguesa e Matemática (%)"
3528809,"Maracaí",43.23323712,2020,"Escolaridade",33.99,"Proporção média de  alunos do 9º ano com proficiência em Língua Portuguesa e Matemática (%)"
3528809,"Maracaí",38.98,2022,"Escolaridade",32.24,"Proporção média de  alunos do 9º ano com proficiência em Língua Portuguesa e Matemática (%)"
3528809,"Maracaí",35.34,2024,"Escolaridade",31.01,"Proporção média de  alunos do 9º ano com proficiência em Língua Portuguesa e Matemática (%)"
3528858,"Marapoama",37.33062331,2014,"Escolaridade",20.17,"Proporção média de  alunos do 9º ano com proficiência em Língua Portuguesa e Matemática (%)"
3528858,"Marapoama",23.53059681,2016,"Escolaridade",24.39,"Proporção média de  alunos do 9º ano com proficiência em Língua Portuguesa e Matemática (%)"
3528858,"Marapoama",26.78571429,2018,"Escolaridade",29.18,"Proporção média de  alunos do 9º ano com proficiência em Língua Portuguesa e Matemática (%)"
3528858,"Marapoama",37.93421967,2020,"Escolaridade",33.99,"Proporção média de  alunos do 9º ano com proficiência em Língua Portuguesa e Matemática (%)"
3528858,"Marapoama",42.87,2022,"Escolaridade",32.24,"Proporção média de  alunos do 9º ano com proficiência em Língua Portuguesa e Matemática (%)"
3528858,"Marapoama",42.195,2024,"Escolaridade",31.01,"Proporção média de  alunos do 9º ano com proficiência em Língua Portuguesa e Matemática (%)"
3528908,"Mariápolis",17.90640394,2014,"Escolaridade",20.17,"Proporção média de  alunos do 9º ano com proficiência em Língua Portuguesa e Matemática (%)"
3528908,"Mariápolis",15.63782221,2016,"Escolaridade",24.39,"Proporção média de  alunos do 9º ano com proficiência em Língua Portuguesa e Matemática (%)"
3528908,"Mariápolis",19.76744186,2018,"Escolaridade",29.18,"Proporção média de  alunos do 9º ano com proficiência em Língua Portuguesa e Matemática (%)"
3528908,"Mariápolis",26.05413572,2020,"Escolaridade",33.99,"Proporção média de  alunos do 9º ano com proficiência em Língua Portuguesa e Matemática (%)"
3528908,"Mariápolis",36.85,2022,"Escolaridade",32.24,"Proporção média de  alunos do 9º ano com proficiência em Língua Portuguesa e Matemática (%)"
3528908,"Mariápolis",25,2024,"Escolaridade",31.01,"Proporção média de  alunos do 9º ano com proficiência em Língua Portuguesa e Matemática (%)"
3529005,"Marília",25.79002615,2014,"Escolaridade",20.17,"Proporção média de  alunos do 9º ano com proficiência em Língua Portuguesa e Matemática (%)"
3529005,"Marília",26.64794974,2016,"Escolaridade",24.39,"Proporção média de  alunos do 9º ano com proficiência em Língua Portuguesa e Matemática (%)"
3529005,"Marília",28.4043945,2018,"Escolaridade",29.18,"Proporção média de  alunos do 9º ano com proficiência em Língua Portuguesa e Matemática (%)"
3529005,"Marília",36.29478155,2020,"Escolaridade",33.99,"Proporção média de  alunos do 9º ano com proficiência em Língua Portuguesa e Matemática (%)"
3529005,"Marília",33.41,2022,"Escolaridade",32.24,"Proporção média de  alunos do 9º ano com proficiência em Língua Portuguesa e Matemática (%)"
3529005,"Marília",34.475,2024,"Escolaridade",31.01,"Proporção média de  alunos do 9º ano com proficiência em Língua Portuguesa e Matemática (%)"
3529104,"Marinópolis",21.25,2014,"Escolaridade",20.17,"Proporção média de  alunos do 9º ano com proficiência em Língua Portuguesa e Matemática (%)"
3529104,"Marinópolis",41.93759593,2016,"Escolaridade",24.39,"Proporção média de  alunos do 9º ano com proficiência em Língua Portuguesa e Matemática (%)"
3529104,"Marinópolis",48.14814815,2018,"Escolaridade",29.18,"Proporção média de  alunos do 9º ano com proficiência em Língua Portuguesa e Matemática (%)"
3529104,"Marinópolis",51.7900629,2020,"Escolaridade",33.99,"Proporção média de  alunos do 9º ano com proficiência em Língua Portuguesa e Matemática (%)"
3529104,"Marinópolis",45,2022,"Escolaridade",32.24,"Proporção média de  alunos do 9º ano com proficiência em Língua Portuguesa e Matemática (%)"
3529104,"Marinópolis",57.15,2024,"Escolaridade",31.01,"Proporção média de  alunos do 9º ano com proficiência em Língua Portuguesa e Matemática (%)"
3529203,"Martinópolis",20.70126687,2014,"Escolaridade",20.17,"Proporção média de  alunos do 9º ano com proficiência em Língua Portuguesa e Matemática (%)"
3529203,"Martinópolis",21.43248528,2016,"Escolaridade",24.39,"Proporção média de  alunos do 9º ano com proficiência em Língua Portuguesa e Matemática (%)"
3529203,"Martinópolis",32.02287548,2018,"Escolaridade",29.18,"Proporção média de  alunos do 9º ano com proficiência em Língua Portuguesa e Matemática (%)"
3529203,"Martinópolis",31.4005829,2020,"Escolaridade",33.99,"Proporção média de  alunos do 9º ano com proficiência em Língua Portuguesa e Matemática (%)"
3529203,"Martinópolis",26.56,2022,"Escolaridade",32.24,"Proporção média de  alunos do 9º ano com proficiência em Língua Portuguesa e Matemática (%)"
3529203,"Martinópolis",31.92,2024,"Escolaridade",31.01,"Proporção média de  alunos do 9º ano com proficiência em Língua Portuguesa e Matemática (%)"
3529302,"Matão",30.9866248,2014,"Escolaridade",20.17,"Proporção média de  alunos do 9º ano com proficiência em Língua Portuguesa e Matemática (%)"
3529302,"Matão",30.42633238,2016,"Escolaridade",24.39,"Proporção média de  alunos do 9º ano com proficiência em Língua Portuguesa e Matemática (%)"
3529302,"Matão",38.85611281,2018,"Escolaridade",29.18,"Proporção média de  alunos do 9º ano com proficiência em Língua Portuguesa e Matemática (%)"
3529302,"Matão",42.29440509,2020,"Escolaridade",33.99,"Proporção média de  alunos do 9º ano com proficiência em Língua Portuguesa e Matemática (%)"
3529302,"Matão",41.08,2022,"Escolaridade",32.24,"Proporção média de  alunos do 9º ano com proficiência em Língua Portuguesa e Matemática (%)"
3529302,"Matão",38.455,2024,"Escolaridade",31.01,"Proporção média de  alunos do 9º ano com proficiência em Língua Portuguesa e Matemática (%)"
3529401,"Mauá",18.93662257,2014,"Escolaridade",20.17,"Proporção média de  alunos do 9º ano com proficiência em Língua Portuguesa e Matemática (%)"
3529401,"Mauá",24.34226267,2016,"Escolaridade",24.39,"Proporção média de  alunos do 9º ano com proficiência em Língua Portuguesa e Matemática (%)"
3529401,"Mauá",30.31702158,2018,"Escolaridade",29.18,"Proporção média de  alunos do 9º ano com proficiência em Língua Portuguesa e Matemática (%)"
3529401,"Mauá",36.57571588,2020,"Escolaridade",33.99,"Proporção média de  alunos do 9º ano com proficiência em Língua Portuguesa e Matemática (%)"
3529401,"Mauá",34.18,2022,"Escolaridade",32.24,"Proporção média de  alunos do 9º ano com proficiência em Língua Portuguesa e Matemática (%)"
3529401,"Mauá",31.08,2024,"Escolaridade",31.01,"Proporção média de  alunos do 9º ano com proficiência em Língua Portuguesa e Matemática (%)"
3529500,"Mendonça",35.98905724,2014,"Escolaridade",20.17,"Proporção média de  alunos do 9º ano com proficiência em Língua Portuguesa e Matemática (%)"
3529500,"Mendonça",41.11673237,2016,"Escolaridade",24.39,"Proporção média de  alunos do 9º ano com proficiência em Língua Portuguesa e Matemática (%)"
3529500,"Mendonça",45.24623524,2018,"Escolaridade",29.18,"Proporção média de  alunos do 9º ano com proficiência em Língua Portuguesa e Matemática (%)"
3529500,"Mendonça",42.02632081,2020,"Escolaridade",33.99,"Proporção média de  alunos do 9º ano com proficiência em Língua Portuguesa e Matemática (%)"
3529500,"Mendonça",48.62,2022,"Escolaridade",32.24,"Proporção média de  alunos do 9º ano com proficiência em Língua Portuguesa e Matemática (%)"
3529500,"Mendonça",38.415,2024,"Escolaridade",31.01,"Proporção média de  alunos do 9º ano com proficiência em Língua Portuguesa e Matemática (%)"
3529609,"Meridiano",22.59798821,2014,"Escolaridade",20.17,"Proporção média de  alunos do 9º ano com proficiência em Língua Portuguesa e Matemática (%)"
3529609,"Meridiano",28.93895742,2016,"Escolaridade",24.39,"Proporção média de  alunos do 9º ano com proficiência em Língua Portuguesa e Matemática (%)"
3529609,"Meridiano",49.34108527,2018,"Escolaridade",29.18,"Proporção média de  alunos do 9º ano com proficiência em Língua Portuguesa e Matemática (%)"
3529609,"Meridiano",46.34110038,2020,"Escolaridade",33.99,"Proporção média de  alunos do 9º ano com proficiência em Língua Portuguesa e Matemática (%)"
3529609,"Meridiano",34.145,2022,"Escolaridade",32.24,"Proporção média de  alunos do 9º ano com proficiência em Língua Portuguesa e Matemática (%)"
3529609,"Meridiano",41.5,2024,"Escolaridade",31.01,"Proporção média de  alunos do 9º ano com proficiência em Língua Portuguesa e Matemática (%)"
3529658,"Mesópolis",47.36842105,2014,"Escolaridade",20.17,"Proporção média de  alunos do 9º ano com proficiência em Língua Portuguesa e Matemática (%)"
3529658,"Mesópolis",45.83564171,2016,"Escolaridade",24.39,"Proporção média de  alunos do 9º ano com proficiência em Língua Portuguesa e Matemática (%)"
3529658,"Mesópolis",26.19047619,2018,"Escolaridade",29.18,"Proporção média de  alunos do 9º ano com proficiência em Língua Portuguesa e Matemática (%)"
3529658,"Mesópolis",44.44817659,2020,"Escolaridade",33.99,"Proporção média de  alunos do 9º ano com proficiência em Língua Portuguesa e Matemática (%)"
3529658,"Mesópolis",32.61,2022,"Escolaridade",32.24,"Proporção média de  alunos do 9º ano com proficiência em Língua Portuguesa e Matemática (%)"
3529658,"Mesópolis",32.655,2024,"Escolaridade",31.01,"Proporção média de  alunos do 9º ano com proficiência em Língua Portuguesa e Matemática (%)"
3529708,"Miguelópolis",13.71092609,2014,"Escolaridade",20.17,"Proporção média de  alunos do 9º ano com proficiência em Língua Portuguesa e Matemática (%)"
3529708,"Miguelópolis",15.91229942,2016,"Escolaridade",24.39,"Proporção média de  alunos do 9º ano com proficiência em Língua Portuguesa e Matemática (%)"
3529708,"Miguelópolis",13.28266311,2018,"Escolaridade",29.18,"Proporção média de  alunos do 9º ano com proficiência em Língua Portuguesa e Matemática (%)"
3529708,"Miguelópolis",25.98607316,2020,"Escolaridade",33.99,"Proporção média de  alunos do 9º ano com proficiência em Língua Portuguesa e Matemática (%)"
3529708,"Miguelópolis",23.81,2022,"Escolaridade",32.24,"Proporção média de  alunos do 9º ano com proficiência em Língua Portuguesa e Matemática (%)"
3529708,"Miguelópolis",31.415,2024,"Escolaridade",31.01,"Proporção média de  alunos do 9º ano com proficiência em Língua Portuguesa e Matemática (%)"
3529807,"Mineiros do Tietê",16.00132138,2014,"Escolaridade",20.17,"Proporção média de  alunos do 9º ano com proficiência em Língua Portuguesa e Matemática (%)"
3529807,"Mineiros do Tietê",29.24265503,2016,"Escolaridade",24.39,"Proporção média de  alunos do 9º ano com proficiência em Língua Portuguesa e Matemática (%)"
3529807,"Mineiros do Tietê",27.26383758,2018,"Escolaridade",29.18,"Proporção média de  alunos do 9º ano com proficiência em Língua Portuguesa e Matemática (%)"
3529807,"Mineiros do Tietê",27.26383758,2020,"Escolaridade",33.99,"Proporção média de  alunos do 9º ano com proficiência em Língua Portuguesa e Matemática (%)"
3529807,"Mineiros do Tietê",27.54,2022,"Escolaridade",32.24,"Proporção média de  alunos do 9º ano com proficiência em Língua Portuguesa e Matemática (%)"
3529807,"Mineiros do Tietê",24.96,2024,"Escolaridade",31.01,"Proporção média de  alunos do 9º ano com proficiência em Língua Portuguesa e Matemática (%)"
3529906,"Miracatu",14.65385741,2014,"Escolaridade",20.17,"Proporção média de  alunos do 9º ano com proficiência em Língua Portuguesa e Matemática (%)"
3529906,"Miracatu",23.01197797,2016,"Escolaridade",24.39,"Proporção média de  alunos do 9º ano com proficiência em Língua Portuguesa e Matemática (%)"
3529906,"Miracatu",20.47627516,2018,"Escolaridade",29.18,"Proporção média de  alunos do 9º ano com proficiência em Língua Portuguesa e Matemática (%)"
3529906,"Miracatu",31.56885374,2020,"Escolaridade",33.99,"Proporção média de  alunos do 9º ano com proficiência em Língua Portuguesa e Matemática (%)"
3529906,"Miracatu",24.13,2022,"Escolaridade",32.24,"Proporção média de  alunos do 9º ano com proficiência em Língua Portuguesa e Matemática (%)"
3529906,"Miracatu",28.935,2024,"Escolaridade",31.01,"Proporção média de  alunos do 9º ano com proficiência em Língua Portuguesa e Matemática (%)"
3530003,"Mira Estrela",29.834062,2014,"Escolaridade",20.17,"Proporção média de  alunos do 9º ano com proficiência em Língua Portuguesa e Matemática (%)"
3530003,"Mira Estrela",44.58914018,2016,"Escolaridade",24.39,"Proporção média de  alunos do 9º ano com proficiência em Língua Portuguesa e Matemática (%)"
3530003,"Mira Estrela",30,2018,"Escolaridade",29.18,"Proporção média de  alunos do 9º ano com proficiência em Língua Portuguesa e Matemática (%)"
3530003,"Mira Estrela",52.00436661,2020,"Escolaridade",33.99,"Proporção média de  alunos do 9º ano com proficiência em Língua Portuguesa e Matemática (%)"
3530003,"Mira Estrela",39.075,2022,"Escolaridade",32.24,"Proporção média de  alunos do 9º ano com proficiência em Língua Portuguesa e Matemática (%)"
3530003,"Mira Estrela",34.61,2024,"Escolaridade",31.01,"Proporção média de  alunos do 9º ano com proficiência em Língua Portuguesa e Matemática (%)"
3530102,"Mirandópolis",23.41730992,2014,"Escolaridade",20.17,"Proporção média de  alunos do 9º ano com proficiência em Língua Portuguesa e Matemática (%)"
3530102,"Mirandópolis",23.26640887,2016,"Escolaridade",24.39,"Proporção média de  alunos do 9º ano com proficiência em Língua Portuguesa e Matemática (%)"
3530102,"Mirandópolis",26.18010489,2018,"Escolaridade",29.18,"Proporção média de  alunos do 9º ano com proficiência em Língua Portuguesa e Matemática (%)"
3530102,"Mirandópolis",35.04210517,2020,"Escolaridade",33.99,"Proporção média de  alunos do 9º ano com proficiência em Língua Portuguesa e Matemática (%)"
3530102,"Mirandópolis",29.43,2022,"Escolaridade",32.24,"Proporção média de  alunos do 9º ano com proficiência em Língua Portuguesa e Matemática (%)"
3530102,"Mirandópolis",19.255,2024,"Escolaridade",31.01,"Proporção média de  alunos do 9º ano com proficiência em Língua Portuguesa e Matemática (%)"
3530201,"Mirante do Paranapanema",17.70990341,2014,"Escolaridade",20.17,"Proporção média de  alunos do 9º ano com proficiência em Língua Portuguesa e Matemática (%)"
3530201,"Mirante do Paranapanema",24.72255694,2016,"Escolaridade",24.39,"Proporção média de  alunos do 9º ano com proficiência em Língua Portuguesa e Matemática (%)"
3530201,"Mirante do Paranapanema",31.85817354,2018,"Escolaridade",29.18,"Proporção média de  alunos do 9º ano com proficiência em Língua Portuguesa e Matemática (%)"
3530201,"Mirante do Paranapanema",24.87839154,2020,"Escolaridade",33.99,"Proporção média de  alunos do 9º ano com proficiência em Língua Portuguesa e Matemática (%)"
3530201,"Mirante do Paranapanema",25.06,2022,"Escolaridade",32.24,"Proporção média de  alunos do 9º ano com proficiência em Língua Portuguesa e Matemática (%)"
3530201,"Mirante do Paranapanema",29.53,2024,"Escolaridade",31.01,"Proporção média de  alunos do 9º ano com proficiência em Língua Portuguesa e Matemática (%)"
3530300,"Mirassol",32.72851878,2014,"Escolaridade",20.17,"Proporção média de  alunos do 9º ano com proficiência em Língua Portuguesa e Matemática (%)"
3530300,"Mirassol",35.28668723,2016,"Escolaridade",24.39,"Proporção média de  alunos do 9º ano com proficiência em Língua Portuguesa e Matemática (%)"
3530300,"Mirassol",36.70521502,2018,"Escolaridade",29.18,"Proporção média de  alunos do 9º ano com proficiência em Língua Portuguesa e Matemática (%)"
3530300,"Mirassol",38.22045664,2020,"Escolaridade",33.99,"Proporção média de  alunos do 9º ano com proficiência em Língua Portuguesa e Matemática (%)"
3530300,"Mirassol",37.73,2022,"Escolaridade",32.24,"Proporção média de  alunos do 9º ano com proficiência em Língua Portuguesa e Matemática (%)"
3530300,"Mirassol",48.09,2024,"Escolaridade",31.01,"Proporção média de  alunos do 9º ano com proficiência em Língua Portuguesa e Matemática (%)"
3530409,"Mirassolândia",27.7483833,2014,"Escolaridade",20.17,"Proporção média de  alunos do 9º ano com proficiência em Língua Portuguesa e Matemática (%)"
3530409,"Mirassolândia",25.46084108,2016,"Escolaridade",24.39,"Proporção média de  alunos do 9º ano com proficiência em Língua Portuguesa e Matemática (%)"
3530409,"Mirassolândia",29.99327222,2018,"Escolaridade",29.18,"Proporção média de  alunos do 9º ano com proficiência em Língua Portuguesa e Matemática (%)"
3530409,"Mirassolândia",23.05120926,2020,"Escolaridade",33.99,"Proporção média de  alunos do 9º ano com proficiência em Língua Portuguesa e Matemática (%)"
3530409,"Mirassolândia",20.14,2022,"Escolaridade",32.24,"Proporção média de  alunos do 9º ano com proficiência em Língua Portuguesa e Matemática (%)"
3530409,"Mirassolândia",29.37,2024,"Escolaridade",31.01,"Proporção média de  alunos do 9º ano com proficiência em Língua Portuguesa e Matemática (%)"
3530508,"Mococa",22.71745721,2014,"Escolaridade",20.17,"Proporção média de  alunos do 9º ano com proficiência em Língua Portuguesa e Matemática (%)"
3530508,"Mococa",29.52094667,2016,"Escolaridade",24.39,"Proporção média de  alunos do 9º ano com proficiência em Língua Portuguesa e Matemática (%)"
3530508,"Mococa",31.83363897,2018,"Escolaridade",29.18,"Proporção média de  alunos do 9º ano com proficiência em Língua Portuguesa e Matemática (%)"
3530508,"Mococa",38.34510179,2020,"Escolaridade",33.99,"Proporção média de  alunos do 9º ano com proficiência em Língua Portuguesa e Matemática (%)"
3530508,"Mococa",30.86,2022,"Escolaridade",32.24,"Proporção média de  alunos do 9º ano com proficiência em Língua Portuguesa e Matemática (%)"
3530508,"Mococa",29.095,2024,"Escolaridade",31.01,"Proporção média de  alunos do 9º ano com proficiência em Língua Portuguesa e Matemática (%)"
3530607,"Mogi das Cruzes",17.36837901,2014,"Escolaridade",20.17,"Proporção média de  alunos do 9º ano com proficiência em Língua Portuguesa e Matemática (%)"
3530607,"Mogi das Cruzes",21.92832249,2016,"Escolaridade",24.39,"Proporção média de  alunos do 9º ano com proficiência em Língua Portuguesa e Matemática (%)"
3530607,"Mogi das Cruzes",25.17277315,2018,"Escolaridade",29.18,"Proporção média de  alunos do 9º ano com proficiência em Língua Portuguesa e Matemática (%)"
3530607,"Mogi das Cruzes",28.66908198,2020,"Escolaridade",33.99,"Proporção média de  alunos do 9º ano com proficiência em Língua Portuguesa e Matemática (%)"
3530607,"Mogi das Cruzes",34.21,2022,"Escolaridade",32.24,"Proporção média de  alunos do 9º ano com proficiência em Língua Portuguesa e Matemática (%)"
3530607,"Mogi das Cruzes",33.87,2024,"Escolaridade",31.01,"Proporção média de  alunos do 9º ano com proficiência em Língua Portuguesa e Matemática (%)"
3530706,"Mogi Guaçu",30.09158712,2014,"Escolaridade",20.17,"Proporção média de  alunos do 9º ano com proficiência em Língua Portuguesa e Matemática (%)"
3530706,"Mogi Guaçu",38.48368815,2016,"Escolaridade",24.39,"Proporção média de  alunos do 9º ano com proficiência em Língua Portuguesa e Matemática (%)"
3530706,"Mogi Guaçu",44.4254327,2018,"Escolaridade",29.18,"Proporção média de  alunos do 9º ano com proficiência em Língua Portuguesa e Matemática (%)"
3530706,"Mogi Guaçu",43.40987951,2020,"Escolaridade",33.99,"Proporção média de  alunos do 9º ano com proficiência em Língua Portuguesa e Matemática (%)"
3530706,"Mogi Guaçu",40.075,2022,"Escolaridade",32.24,"Proporção média de  alunos do 9º ano com proficiência em Língua Portuguesa e Matemática (%)"
3530706,"Mogi Guaçu",40.5,2024,"Escolaridade",31.01,"Proporção média de  alunos do 9º ano com proficiência em Língua Portuguesa e Matemática (%)"
3530805,"Mogi Mirim",25.21758341,2014,"Escolaridade",20.17,"Proporção média de  alunos do 9º ano com proficiência em Língua Portuguesa e Matemática (%)"
3530805,"Mogi Mirim",25.94338802,2016,"Escolaridade",24.39,"Proporção média de  alunos do 9º ano com proficiência em Língua Portuguesa e Matemática (%)"
3530805,"Mogi Mirim",33.98347625,2018,"Escolaridade",29.18,"Proporção média de  alunos do 9º ano com proficiência em Língua Portuguesa e Matemática (%)"
3530805,"Mogi Mirim",38.28934052,2020,"Escolaridade",33.99,"Proporção média de  alunos do 9º ano com proficiência em Língua Portuguesa e Matemática (%)"
3530805,"Mogi Mirim",33.66,2022,"Escolaridade",32.24,"Proporção média de  alunos do 9º ano com proficiência em Língua Portuguesa e Matemática (%)"
3530805,"Mogi Mirim",34.4,2024,"Escolaridade",31.01,"Proporção média de  alunos do 9º ano com proficiência em Língua Portuguesa e Matemática (%)"
3530904,"Mombuca",17.88099575,2014,"Escolaridade",20.17,"Proporção média de  alunos do 9º ano com proficiência em Língua Portuguesa e Matemática (%)"
3530904,"Mombuca",35.0817183,2016,"Escolaridade",24.39,"Proporção média de  alunos do 9º ano com proficiência em Língua Portuguesa e Matemática (%)"
3530904,"Mombuca",28.83141762,2018,"Escolaridade",29.18,"Proporção média de  alunos do 9º ano com proficiência em Língua Portuguesa e Matemática (%)"
3530904,"Mombuca",45.10868271,2020,"Escolaridade",33.99,"Proporção média de  alunos do 9º ano com proficiência em Língua Portuguesa e Matemática (%)"
3530904,"Mombuca",45.10868271,2022,"Escolaridade",32.24,"Proporção média de  alunos do 9º ano com proficiência em Língua Portuguesa e Matemática (%)"
3530904,"Mombuca",41.105,2024,"Escolaridade",31.01,"Proporção média de  alunos do 9º ano com proficiência em Língua Portuguesa e Matemática (%)"
3531001,"Monções",20.37037037,2014,"Escolaridade",20.17,"Proporção média de  alunos do 9º ano com proficiência em Língua Portuguesa e Matemática (%)"
3531001,"Monções",26.08827038,2016,"Escolaridade",24.39,"Proporção média de  alunos do 9º ano com proficiência em Língua Portuguesa e Matemática (%)"
3531001,"Monções",50,2018,"Escolaridade",29.18,"Proporção média de  alunos do 9º ano com proficiência em Língua Portuguesa e Matemática (%)"
3531001,"Monções",39.58665727,2020,"Escolaridade",33.99,"Proporção média de  alunos do 9º ano com proficiência em Língua Portuguesa e Matemática (%)"
3531001,"Monções",45.235,2022,"Escolaridade",32.24,"Proporção média de  alunos do 9º ano com proficiência em Língua Portuguesa e Matemática (%)"
3531001,"Monções",40.64,2024,"Escolaridade",31.01,"Proporção média de  alunos do 9º ano com proficiência em Língua Portuguesa e Matemática (%)"
3531100,"Mongaguá",18.03496737,2014,"Escolaridade",20.17,"Proporção média de  alunos do 9º ano com proficiência em Língua Portuguesa e Matemática (%)"
3531100,"Mongaguá",21.14413216,2016,"Escolaridade",24.39,"Proporção média de  alunos do 9º ano com proficiência em Língua Portuguesa e Matemática (%)"
3531100,"Mongaguá",27.49370633,2018,"Escolaridade",29.18,"Proporção média de  alunos do 9º ano com proficiência em Língua Portuguesa e Matemática (%)"
3531100,"Mongaguá",32.64215709,2020,"Escolaridade",33.99,"Proporção média de  alunos do 9º ano com proficiência em Língua Portuguesa e Matemática (%)"
3531100,"Mongaguá",24.64,2022,"Escolaridade",32.24,"Proporção média de  alunos do 9º ano com proficiência em Língua Portuguesa e Matemática (%)"
3531100,"Mongaguá",22.405,2024,"Escolaridade",31.01,"Proporção média de  alunos do 9º ano com proficiência em Língua Portuguesa e Matemática (%)"
3531209,"Monte Alegre do Sul",54.55168461,2014,"Escolaridade",20.17,"Proporção média de  alunos do 9º ano com proficiência em Língua Portuguesa e Matemática (%)"
3531209,"Monte Alegre do Sul",60.31493157,2016,"Escolaridade",24.39,"Proporção média de  alunos do 9º ano com proficiência em Língua Portuguesa e Matemática (%)"
3531209,"Monte Alegre do Sul",66.75607287,2018,"Escolaridade",29.18,"Proporção média de  alunos do 9º ano com proficiência em Língua Portuguesa e Matemática (%)"
3531209,"Monte Alegre do Sul",72.03350409,2020,"Escolaridade",33.99,"Proporção média de  alunos do 9º ano com proficiência em Língua Portuguesa e Matemática (%)"
3531209,"Monte Alegre do Sul",45.61,2022,"Escolaridade",32.24,"Proporção média de  alunos do 9º ano com proficiência em Língua Portuguesa e Matemática (%)"
3531209,"Monte Alegre do Sul",52.01,2024,"Escolaridade",31.01,"Proporção média de  alunos do 9º ano com proficiência em Língua Portuguesa e Matemática (%)"
3531308,"Monte Alto",21.88991881,2014,"Escolaridade",20.17,"Proporção média de  alunos do 9º ano com proficiência em Língua Portuguesa e Matemática (%)"
3531308,"Monte Alto",26.38205529,2016,"Escolaridade",24.39,"Proporção média de  alunos do 9º ano com proficiência em Língua Portuguesa e Matemática (%)"
3531308,"Monte Alto",30.95173282,2018,"Escolaridade",29.18,"Proporção média de  alunos do 9º ano com proficiência em Língua Portuguesa e Matemática (%)"
3531308,"Monte Alto",31.28229765,2020,"Escolaridade",33.99,"Proporção média de  alunos do 9º ano com proficiência em Língua Portuguesa e Matemática (%)"
3531308,"Monte Alto",31.5,2022,"Escolaridade",32.24,"Proporção média de  alunos do 9º ano com proficiência em Língua Portuguesa e Matemática (%)"
3531308,"Monte Alto",28.56,2024,"Escolaridade",31.01,"Proporção média de  alunos do 9º ano com proficiência em Língua Portuguesa e Matemática (%)"
3531407,"Monte Aprazível",19.40618428,2014,"Escolaridade",20.17,"Proporção média de  alunos do 9º ano com proficiência em Língua Portuguesa e Matemática (%)"
3531407,"Monte Aprazível",23.97445975,2016,"Escolaridade",24.39,"Proporção média de  alunos do 9º ano com proficiência em Língua Portuguesa e Matemática (%)"
3531407,"Monte Aprazível",29.1785207,2018,"Escolaridade",29.18,"Proporção média de  alunos do 9º ano com proficiência em Língua Portuguesa e Matemática (%)"
3531407,"Monte Aprazível",31.91504095,2020,"Escolaridade",33.99,"Proporção média de  alunos do 9º ano com proficiência em Língua Portuguesa e Matemática (%)"
3531407,"Monte Aprazível",29.595,2022,"Escolaridade",32.24,"Proporção média de  alunos do 9º ano com proficiência em Língua Portuguesa e Matemática (%)"
3531407,"Monte Aprazível",32.565,2024,"Escolaridade",31.01,"Proporção média de  alunos do 9º ano com proficiência em Língua Portuguesa e Matemática (%)"
3531506,"Monte Azul Paulista",26.81922771,2014,"Escolaridade",20.17,"Proporção média de  alunos do 9º ano com proficiência em Língua Portuguesa e Matemática (%)"
3531506,"Monte Azul Paulista",32.75035946,2016,"Escolaridade",24.39,"Proporção média de  alunos do 9º ano com proficiência em Língua Portuguesa e Matemática (%)"
3531506,"Monte Azul Paulista",24.89496342,2018,"Escolaridade",29.18,"Proporção média de  alunos do 9º ano com proficiência em Língua Portuguesa e Matemática (%)"
3531506,"Monte Azul Paulista",32.6946988,2020,"Escolaridade",33.99,"Proporção média de  alunos do 9º ano com proficiência em Língua Portuguesa e Matemática (%)"
3531506,"Monte Azul Paulista",32.055,2022,"Escolaridade",32.24,"Proporção média de  alunos do 9º ano com proficiência em Língua Portuguesa e Matemática (%)"
3531506,"Monte Azul Paulista",40.8,2024,"Escolaridade",31.01,"Proporção média de  alunos do 9º ano com proficiência em Língua Portuguesa e Matemática (%)"
3531605,"Monte Castelo",34.81771968,2014,"Escolaridade",20.17,"Proporção média de  alunos do 9º ano com proficiência em Língua Portuguesa e Matemática (%)"
3531605,"Monte Castelo",28.87542116,2016,"Escolaridade",24.39,"Proporção média de  alunos do 9º ano com proficiência em Língua Portuguesa e Matemática (%)"
3531605,"Monte Castelo",26.83507371,2018,"Escolaridade",29.18,"Proporção média de  alunos do 9º ano com proficiência em Língua Portuguesa e Matemática (%)"
3531605,"Monte Castelo",32.07835204,2020,"Escolaridade",33.99,"Proporção média de  alunos do 9º ano com proficiência em Língua Portuguesa e Matemática (%)"
3531605,"Monte Castelo",31.395,2022,"Escolaridade",32.24,"Proporção média de  alunos do 9º ano com proficiência em Língua Portuguesa e Matemática (%)"
3531605,"Monte Castelo",39.925,2024,"Escolaridade",31.01,"Proporção média de  alunos do 9º ano com proficiência em Língua Portuguesa e Matemática (%)"
3531704,"Monteiro Lobato",21.46595683,2014,"Escolaridade",20.17,"Proporção média de  alunos do 9º ano com proficiência em Língua Portuguesa e Matemática (%)"
3531704,"Monteiro Lobato",26.47752394,2016,"Escolaridade",24.39,"Proporção média de  alunos do 9º ano com proficiência em Língua Portuguesa e Matemática (%)"
3531704,"Monteiro Lobato",39.94360902,2018,"Escolaridade",29.18,"Proporção média de  alunos do 9º ano com proficiência em Língua Portuguesa e Matemática (%)"
3531704,"Monteiro Lobato",40.16779961,2020,"Escolaridade",33.99,"Proporção média de  alunos do 9º ano com proficiência em Língua Portuguesa e Matemática (%)"
3531704,"Monteiro Lobato",32.595,2022,"Escolaridade",32.24,"Proporção média de  alunos do 9º ano com proficiência em Língua Portuguesa e Matemática (%)"
3531704,"Monteiro Lobato",24.185,2024,"Escolaridade",31.01,"Proporção média de  alunos do 9º ano com proficiência em Língua Portuguesa e Matemática (%)"
3531803,"Monte Mor",31.00476534,2014,"Escolaridade",20.17,"Proporção média de  alunos do 9º ano com proficiência em Língua Portuguesa e Matemática (%)"
3531803,"Monte Mor",31.49131798,2016,"Escolaridade",24.39,"Proporção média de  alunos do 9º ano com proficiência em Língua Portuguesa e Matemática (%)"
3531803,"Monte Mor",33.5030809,2018,"Escolaridade",29.18,"Proporção média de  alunos do 9º ano com proficiência em Língua Portuguesa e Matemática (%)"
3531803,"Monte Mor",38.26658439,2020,"Escolaridade",33.99,"Proporção média de  alunos do 9º ano com proficiência em Língua Portuguesa e Matemática (%)"
3531803,"Monte Mor",32.965,2022,"Escolaridade",32.24,"Proporção média de  alunos do 9º ano com proficiência em Língua Portuguesa e Matemática (%)"
3531803,"Monte Mor",36.43,2024,"Escolaridade",31.01,"Proporção média de  alunos do 9º ano com proficiência em Língua Portuguesa e Matemática (%)"
3531902,"Morro Agudo",22.99400912,2014,"Escolaridade",20.17,"Proporção média de  alunos do 9º ano com proficiência em Língua Portuguesa e Matemática (%)"
3531902,"Morro Agudo",24.00516967,2016,"Escolaridade",24.39,"Proporção média de  alunos do 9º ano com proficiência em Língua Portuguesa e Matemática (%)"
3531902,"Morro Agudo",32.63890122,2018,"Escolaridade",29.18,"Proporção média de  alunos do 9º ano com proficiência em Língua Portuguesa e Matemática (%)"
3531902,"Morro Agudo",24.72139926,2020,"Escolaridade",33.99,"Proporção média de  alunos do 9º ano com proficiência em Língua Portuguesa e Matemática (%)"
3531902,"Morro Agudo",25.205,2022,"Escolaridade",32.24,"Proporção média de  alunos do 9º ano com proficiência em Língua Portuguesa e Matemática (%)"
3531902,"Morro Agudo",28.69,2024,"Escolaridade",31.01,"Proporção média de  alunos do 9º ano com proficiência em Língua Portuguesa e Matemática (%)"
3532009,"Morungaba",21.43562048,2014,"Escolaridade",20.17,"Proporção média de  alunos do 9º ano com proficiência em Língua Portuguesa e Matemática (%)"
3532009,"Morungaba",23.3225119,2016,"Escolaridade",24.39,"Proporção média de  alunos do 9º ano com proficiência em Língua Portuguesa e Matemática (%)"
3532009,"Morungaba",33.34851184,2018,"Escolaridade",29.18,"Proporção média de  alunos do 9º ano com proficiência em Língua Portuguesa e Matemática (%)"
3532009,"Morungaba",33.13267602,2020,"Escolaridade",33.99,"Proporção média de  alunos do 9º ano com proficiência em Língua Portuguesa e Matemática (%)"
3532009,"Morungaba",32.56,2022,"Escolaridade",32.24,"Proporção média de  alunos do 9º ano com proficiência em Língua Portuguesa e Matemática (%)"
3532009,"Morungaba",21.295,2024,"Escolaridade",31.01,"Proporção média de  alunos do 9º ano com proficiência em Língua Portuguesa e Matemática (%)"
3532058,"Motuca",28.49462366,2014,"Escolaridade",20.17,"Proporção média de  alunos do 9º ano com proficiência em Língua Portuguesa e Matemática (%)"
3532058,"Motuca",40.47822904,2016,"Escolaridade",24.39,"Proporção média de  alunos do 9º ano com proficiência em Língua Portuguesa e Matemática (%)"
3532058,"Motuca",46.37662338,2018,"Escolaridade",29.18,"Proporção média de  alunos do 9º ano com proficiência em Língua Portuguesa e Matemática (%)"
3532058,"Motuca",31.51525126,2020,"Escolaridade",33.99,"Proporção média de  alunos do 9º ano com proficiência em Língua Portuguesa e Matemática (%)"
3532058,"Motuca",50.465,2022,"Escolaridade",32.24,"Proporção média de  alunos do 9º ano com proficiência em Língua Portuguesa e Matemática (%)"
3532058,"Motuca",33.59,2024,"Escolaridade",31.01,"Proporção média de  alunos do 9º ano com proficiência em Língua Portuguesa e Matemática (%)"
3532108,"Murutinga do Sul",32.08199643,2014,"Escolaridade",20.17,"Proporção média de  alunos do 9º ano com proficiência em Língua Portuguesa e Matemática (%)"
3532108,"Murutinga do Sul",25.00125911,2016,"Escolaridade",24.39,"Proporção média de  alunos do 9º ano com proficiência em Língua Portuguesa e Matemática (%)"
3532108,"Murutinga do Sul",21.42857143,2018,"Escolaridade",29.18,"Proporção média de  alunos do 9º ano com proficiência em Língua Portuguesa e Matemática (%)"
3532108,"Murutinga do Sul",35.91210631,2020,"Escolaridade",33.99,"Proporção média de  alunos do 9º ano com proficiência em Língua Portuguesa e Matemática (%)"
3532108,"Murutinga do Sul",24.1,2022,"Escolaridade",32.24,"Proporção média de  alunos do 9º ano com proficiência em Língua Portuguesa e Matemática (%)"
3532108,"Murutinga do Sul",40.325,2024,"Escolaridade",31.01,"Proporção média de  alunos do 9º ano com proficiência em Língua Portuguesa e Matemática (%)"
3532157,"Nantes",15.39938556,2014,"Escolaridade",20.17,"Proporção média de  alunos do 9º ano com proficiência em Língua Portuguesa e Matemática (%)"
3532157,"Nantes",23.92615155,2016,"Escolaridade",24.39,"Proporção média de  alunos do 9º ano com proficiência em Língua Portuguesa e Matemática (%)"
3532157,"Nantes",33.44246032,2018,"Escolaridade",29.18,"Proporção média de  alunos do 9º ano com proficiência em Língua Portuguesa e Matemática (%)"
3532157,"Nantes",31.25385385,2020,"Escolaridade",33.99,"Proporção média de  alunos do 9º ano com proficiência em Língua Portuguesa e Matemática (%)"
3532157,"Nantes",29.995,2022,"Escolaridade",32.24,"Proporção média de  alunos do 9º ano com proficiência em Língua Portuguesa e Matemática (%)"
3532157,"Nantes",29.035,2024,"Escolaridade",31.01,"Proporção média de  alunos do 9º ano com proficiência em Língua Portuguesa e Matemática (%)"
3532207,"Narandiba",19.21511716,2014,"Escolaridade",20.17,"Proporção média de  alunos do 9º ano com proficiência em Língua Portuguesa e Matemática (%)"
3532207,"Narandiba",24.49029535,2016,"Escolaridade",24.39,"Proporção média de  alunos do 9º ano com proficiência em Língua Portuguesa e Matemática (%)"
3532207,"Narandiba",26.27313863,2018,"Escolaridade",29.18,"Proporção média de  alunos do 9º ano com proficiência em Língua Portuguesa e Matemática (%)"
3532207,"Narandiba",23.7409062,2020,"Escolaridade",33.99,"Proporção média de  alunos do 9º ano com proficiência em Língua Portuguesa e Matemática (%)"
3532207,"Narandiba",31.89,2022,"Escolaridade",32.24,"Proporção média de  alunos do 9º ano com proficiência em Língua Portuguesa e Matemática (%)"
3532207,"Narandiba",29.94,2024,"Escolaridade",31.01,"Proporção média de  alunos do 9º ano com proficiência em Língua Portuguesa e Matemática (%)"
3532306,"Natividade da Serra",12.58676614,2014,"Escolaridade",20.17,"Proporção média de  alunos do 9º ano com proficiência em Língua Portuguesa e Matemática (%)"
3532306,"Natividade da Serra",21.17078537,2016,"Escolaridade",24.39,"Proporção média de  alunos do 9º ano com proficiência em Língua Portuguesa e Matemática (%)"
3532306,"Natividade da Serra",32.37670826,2018,"Escolaridade",29.18,"Proporção média de  alunos do 9º ano com proficiência em Língua Portuguesa e Matemática (%)"
3532306,"Natividade da Serra",26.39623173,2020,"Escolaridade",33.99,"Proporção média de  alunos do 9º ano com proficiência em Língua Portuguesa e Matemática (%)"
3532306,"Natividade da Serra",29.71,2022,"Escolaridade",32.24,"Proporção média de  alunos do 9º ano com proficiência em Língua Portuguesa e Matemática (%)"
3532306,"Natividade da Serra",27.78,2024,"Escolaridade",31.01,"Proporção média de  alunos do 9º ano com proficiência em Língua Portuguesa e Matemática (%)"
3532405,"Nazaré Paulista",17.6292212,2014,"Escolaridade",20.17,"Proporção média de  alunos do 9º ano com proficiência em Língua Portuguesa e Matemática (%)"
3532405,"Nazaré Paulista",19.92721303,2016,"Escolaridade",24.39,"Proporção média de  alunos do 9º ano com proficiência em Língua Portuguesa e Matemática (%)"
3532405,"Nazaré Paulista",24.31248814,2018,"Escolaridade",29.18,"Proporção média de  alunos do 9º ano com proficiência em Língua Portuguesa e Matemática (%)"
3532405,"Nazaré Paulista",23.85934715,2020,"Escolaridade",33.99,"Proporção média de  alunos do 9º ano com proficiência em Língua Portuguesa e Matemática (%)"
3532405,"Nazaré Paulista",29.53,2022,"Escolaridade",32.24,"Proporção média de  alunos do 9º ano com proficiência em Língua Portuguesa e Matemática (%)"
3532405,"Nazaré Paulista",28.92,2024,"Escolaridade",31.01,"Proporção média de  alunos do 9º ano com proficiência em Língua Portuguesa e Matemática (%)"
3532504,"Neves Paulista",25.86480978,2014,"Escolaridade",20.17,"Proporção média de  alunos do 9º ano com proficiência em Língua Portuguesa e Matemática (%)"
3532504,"Neves Paulista",30.6449908,2016,"Escolaridade",24.39,"Proporção média de  alunos do 9º ano com proficiência em Língua Portuguesa e Matemática (%)"
3532504,"Neves Paulista",34.09982175,2018,"Escolaridade",29.18,"Proporção média de  alunos do 9º ano com proficiência em Língua Portuguesa e Matemática (%)"
3532504,"Neves Paulista",36.67332262,2020,"Escolaridade",33.99,"Proporção média de  alunos do 9º ano com proficiência em Língua Portuguesa e Matemática (%)"
3532504,"Neves Paulista",26.725,2022,"Escolaridade",32.24,"Proporção média de  alunos do 9º ano com proficiência em Língua Portuguesa e Matemática (%)"
3532504,"Neves Paulista",26.725,2024,"Escolaridade",31.01,"Proporção média de  alunos do 9º ano com proficiência em Língua Portuguesa e Matemática (%)"
3532603,"Nhandeara",32.83455675,2014,"Escolaridade",20.17,"Proporção média de  alunos do 9º ano com proficiência em Língua Portuguesa e Matemática (%)"
3532603,"Nhandeara",29.60744538,2016,"Escolaridade",24.39,"Proporção média de  alunos do 9º ano com proficiência em Língua Portuguesa e Matemática (%)"
3532603,"Nhandeara",34.56931326,2018,"Escolaridade",29.18,"Proporção média de  alunos do 9º ano com proficiência em Língua Portuguesa e Matemática (%)"
3532603,"Nhandeara",37.94007518,2020,"Escolaridade",33.99,"Proporção média de  alunos do 9º ano com proficiência em Língua Portuguesa e Matemática (%)"
3532603,"Nhandeara",35.565,2022,"Escolaridade",32.24,"Proporção média de  alunos do 9º ano com proficiência em Língua Portuguesa e Matemática (%)"
3532603,"Nhandeara",36.095,2024,"Escolaridade",31.01,"Proporção média de  alunos do 9º ano com proficiência em Língua Portuguesa e Matemática (%)"
3532702,"Nipoã",29.12041306,2014,"Escolaridade",20.17,"Proporção média de  alunos do 9º ano com proficiência em Língua Portuguesa e Matemática (%)"
3532702,"Nipoã",25.52152117,2016,"Escolaridade",24.39,"Proporção média de  alunos do 9º ano com proficiência em Língua Portuguesa e Matemática (%)"
3532702,"Nipoã",20.01697793,2018,"Escolaridade",29.18,"Proporção média de  alunos do 9º ano com proficiência em Língua Portuguesa e Matemática (%)"
3532702,"Nipoã",36.57763268,2020,"Escolaridade",33.99,"Proporção média de  alunos do 9º ano com proficiência em Língua Portuguesa e Matemática (%)"
3532702,"Nipoã",26.085,2022,"Escolaridade",32.24,"Proporção média de  alunos do 9º ano com proficiência em Língua Portuguesa e Matemática (%)"
3532702,"Nipoã",28.9,2024,"Escolaridade",31.01,"Proporção média de  alunos do 9º ano com proficiência em Língua Portuguesa e Matemática (%)"
3532801,"Nova Aliança",32.45782146,2014,"Escolaridade",20.17,"Proporção média de  alunos do 9º ano com proficiência em Língua Portuguesa e Matemática (%)"
3532801,"Nova Aliança",38.98344476,2016,"Escolaridade",24.39,"Proporção média de  alunos do 9º ano com proficiência em Língua Portuguesa e Matemática (%)"
3532801,"Nova Aliança",39.50061467,2018,"Escolaridade",29.18,"Proporção média de  alunos do 9º ano com proficiência em Língua Portuguesa e Matemática (%)"
3532801,"Nova Aliança",27.66307664,2020,"Escolaridade",33.99,"Proporção média de  alunos do 9º ano com proficiência em Língua Portuguesa e Matemática (%)"
3532801,"Nova Aliança",50.76,2022,"Escolaridade",32.24,"Proporção média de  alunos do 9º ano com proficiência em Língua Portuguesa e Matemática (%)"
3532801,"Nova Aliança",32.99,2024,"Escolaridade",31.01,"Proporção média de  alunos do 9º ano com proficiência em Língua Portuguesa e Matemática (%)"
3532827,"Nova Campina",20.36068931,2014,"Escolaridade",20.17,"Proporção média de  alunos do 9º ano com proficiência em Língua Portuguesa e Matemática (%)"
3532827,"Nova Campina",10.39542246,2016,"Escolaridade",24.39,"Proporção média de  alunos do 9º ano com proficiência em Língua Portuguesa e Matemática (%)"
3532827,"Nova Campina",20.05038693,2018,"Escolaridade",29.18,"Proporção média de  alunos do 9º ano com proficiência em Língua Portuguesa e Matemática (%)"
3532827,"Nova Campina",23.37392055,2020,"Escolaridade",33.99,"Proporção média de  alunos do 9º ano com proficiência em Língua Portuguesa e Matemática (%)"
3532827,"Nova Campina",19.835,2022,"Escolaridade",32.24,"Proporção média de  alunos do 9º ano com proficiência em Língua Portuguesa e Matemática (%)"
3532827,"Nova Campina",22.73,2024,"Escolaridade",31.01,"Proporção média de  alunos do 9º ano com proficiência em Língua Portuguesa e Matemática (%)"
3532843,"Nova Canaã Paulista",28.78787879,2014,"Escolaridade",20.17,"Proporção média de  alunos do 9º ano com proficiência em Língua Portuguesa e Matemática (%)"
3532843,"Nova Canaã Paulista",27.08469737,2016,"Escolaridade",24.39,"Proporção média de  alunos do 9º ano com proficiência em Língua Portuguesa e Matemática (%)"
3532843,"Nova Canaã Paulista",37.03703704,2018,"Escolaridade",29.18,"Proporção média de  alunos do 9º ano com proficiência em Língua Portuguesa e Matemática (%)"
3532843,"Nova Canaã Paulista",53.85067548,2020,"Escolaridade",33.99,"Proporção média de  alunos do 9º ano com proficiência em Língua Portuguesa e Matemática (%)"
3532843,"Nova Canaã Paulista",59.615,2022,"Escolaridade",32.24,"Proporção média de  alunos do 9º ano com proficiência em Língua Portuguesa e Matemática (%)"
3532843,"Nova Canaã Paulista",40.92,2024,"Escolaridade",31.01,"Proporção média de  alunos do 9º ano com proficiência em Língua Portuguesa e Matemática (%)"
3532868,"Nova Castilho",20.45454545,2014,"Escolaridade",20.17,"Proporção média de  alunos do 9º ano com proficiência em Língua Portuguesa e Matemática (%)"
3532868,"Nova Castilho",31.25,2016,"Escolaridade",24.39,"Proporção média de  alunos do 9º ano com proficiência em Língua Portuguesa e Matemática (%)"
3532868,"Nova Castilho",31.25,2018,"Escolaridade",29.18,"Proporção média de  alunos do 9º ano com proficiência em Língua Portuguesa e Matemática (%)"
3532868,"Nova Castilho",31.25,2020,"Escolaridade",33.99,"Proporção média de  alunos do 9º ano com proficiência em Língua Portuguesa e Matemática (%)"
3532868,"Nova Castilho",47.365,2022,"Escolaridade",32.24,"Proporção média de  alunos do 9º ano com proficiência em Língua Portuguesa e Matemática (%)"
3532868,"Nova Castilho",31.25,2024,"Escolaridade",31.01,"Proporção média de  alunos do 9º ano com proficiência em Língua Portuguesa e Matemática (%)"
3532900,"Nova Europa",12.04181196,2014,"Escolaridade",20.17,"Proporção média de  alunos do 9º ano com proficiência em Língua Portuguesa e Matemática (%)"
3532900,"Nova Europa",16.06633717,2016,"Escolaridade",24.39,"Proporção média de  alunos do 9º ano com proficiência em Língua Portuguesa e Matemática (%)"
3532900,"Nova Europa",25.05137798,2018,"Escolaridade",29.18,"Proporção média de  alunos do 9º ano com proficiência em Língua Portuguesa e Matemática (%)"
3532900,"Nova Europa",36.00888513,2020,"Escolaridade",33.99,"Proporção média de  alunos do 9º ano com proficiência em Língua Portuguesa e Matemática (%)"
3532900,"Nova Europa",25.815,2022,"Escolaridade",32.24,"Proporção média de  alunos do 9º ano com proficiência em Língua Portuguesa e Matemática (%)"
3532900,"Nova Europa",41.34,2024,"Escolaridade",31.01,"Proporção média de  alunos do 9º ano com proficiência em Língua Portuguesa e Matemática (%)"
3533007,"Nova Granada",18.34627029,2014,"Escolaridade",20.17,"Proporção média de  alunos do 9º ano com proficiência em Língua Portuguesa e Matemática (%)"
3533007,"Nova Granada",14.16890716,2016,"Escolaridade",24.39,"Proporção média de  alunos do 9º ano com proficiência em Língua Portuguesa e Matemática (%)"
3533007,"Nova Granada",29.35959084,2018,"Escolaridade",29.18,"Proporção média de  alunos do 9º ano com proficiência em Língua Portuguesa e Matemática (%)"
3533007,"Nova Granada",39.2584972,2020,"Escolaridade",33.99,"Proporção média de  alunos do 9º ano com proficiência em Língua Portuguesa e Matemática (%)"
3533007,"Nova Granada",26.125,2022,"Escolaridade",32.24,"Proporção média de  alunos do 9º ano com proficiência em Língua Portuguesa e Matemática (%)"
3533007,"Nova Granada",29.89,2024,"Escolaridade",31.01,"Proporção média de  alunos do 9º ano com proficiência em Língua Portuguesa e Matemática (%)"
3533106,"Nova Guataporanga",19.94206774,2014,"Escolaridade",20.17,"Proporção média de  alunos do 9º ano com proficiência em Língua Portuguesa e Matemática (%)"
3533106,"Nova Guataporanga",38.09715674,2016,"Escolaridade",24.39,"Proporção média de  alunos do 9º ano com proficiência em Língua Portuguesa e Matemática (%)"
3533106,"Nova Guataporanga",58.82352941,2018,"Escolaridade",29.18,"Proporção média de  alunos do 9º ano com proficiência em Língua Portuguesa e Matemática (%)"
3533106,"Nova Guataporanga",55.00461852,2020,"Escolaridade",33.99,"Proporção média de  alunos do 9º ano com proficiência em Língua Portuguesa e Matemática (%)"
3533106,"Nova Guataporanga",40.475,2022,"Escolaridade",32.24,"Proporção média de  alunos do 9º ano com proficiência em Língua Portuguesa e Matemática (%)"
3533106,"Nova Guataporanga",40.39,2024,"Escolaridade",31.01,"Proporção média de  alunos do 9º ano com proficiência em Língua Portuguesa e Matemática (%)"
3533205,"Nova Independência",23.05402013,2014,"Escolaridade",20.17,"Proporção média de  alunos do 9º ano com proficiência em Língua Portuguesa e Matemática (%)"
3533205,"Nova Independência",27.35104431,2016,"Escolaridade",24.39,"Proporção média de  alunos do 9º ano com proficiência em Língua Portuguesa e Matemática (%)"
3533205,"Nova Independência",30.45833333,2018,"Escolaridade",29.18,"Proporção média de  alunos do 9º ano com proficiência em Língua Portuguesa e Matemática (%)"
3533205,"Nova Independência",14.66700693,2020,"Escolaridade",33.99,"Proporção média de  alunos do 9º ano com proficiência em Língua Portuguesa e Matemática (%)"
3533205,"Nova Independência",25.795,2022,"Escolaridade",32.24,"Proporção média de  alunos do 9º ano com proficiência em Língua Portuguesa e Matemática (%)"
3533205,"Nova Independência",22.88,2024,"Escolaridade",31.01,"Proporção média de  alunos do 9º ano com proficiência em Língua Portuguesa e Matemática (%)"
3533254,"Novais",14.76228632,2014,"Escolaridade",20.17,"Proporção média de  alunos do 9º ano com proficiência em Língua Portuguesa e Matemática (%)"
3533254,"Novais",23.88513147,2016,"Escolaridade",24.39,"Proporção média de  alunos do 9º ano com proficiência em Língua Portuguesa e Matemática (%)"
3533254,"Novais",22.88461538,2018,"Escolaridade",29.18,"Proporção média de  alunos do 9º ano com proficiência em Língua Portuguesa e Matemática (%)"
3533254,"Novais",37.90453594,2020,"Escolaridade",33.99,"Proporção média de  alunos do 9º ano com proficiência em Língua Portuguesa e Matemática (%)"
3533254,"Novais",27.96,2022,"Escolaridade",32.24,"Proporção média de  alunos do 9º ano com proficiência em Língua Portuguesa e Matemática (%)"
3533254,"Novais",28.65,2024,"Escolaridade",31.01,"Proporção média de  alunos do 9º ano com proficiência em Língua Portuguesa e Matemática (%)"
3533304,"Nova Luzitânia",18.23232323,2014,"Escolaridade",20.17,"Proporção média de  alunos do 9º ano com proficiência em Língua Portuguesa e Matemática (%)"
3533304,"Nova Luzitânia",42.6704182,2016,"Escolaridade",24.39,"Proporção média de  alunos do 9º ano com proficiência em Língua Portuguesa e Matemática (%)"
3533304,"Nova Luzitânia",37.97619048,2018,"Escolaridade",29.18,"Proporção média de  alunos do 9º ano com proficiência em Língua Portuguesa e Matemática (%)"
3533304,"Nova Luzitânia",38.93679174,2020,"Escolaridade",33.99,"Proporção média de  alunos do 9º ano com proficiência em Língua Portuguesa e Matemática (%)"
3533304,"Nova Luzitânia",48.53,2022,"Escolaridade",32.24,"Proporção média de  alunos do 9º ano com proficiência em Língua Portuguesa e Matemática (%)"
3533304,"Nova Luzitânia",51.305,2024,"Escolaridade",31.01,"Proporção média de  alunos do 9º ano com proficiência em Língua Portuguesa e Matemática (%)"
3533403,"Nova Odessa",28.7319677,2014,"Escolaridade",20.17,"Proporção média de  alunos do 9º ano com proficiência em Língua Portuguesa e Matemática (%)"
3533403,"Nova Odessa",29.68388428,2016,"Escolaridade",24.39,"Proporção média de  alunos do 9º ano com proficiência em Língua Portuguesa e Matemática (%)"
3533403,"Nova Odessa",30.86747186,2018,"Escolaridade",29.18,"Proporção média de  alunos do 9º ano com proficiência em Língua Portuguesa e Matemática (%)"
3533403,"Nova Odessa",36.74684381,2020,"Escolaridade",33.99,"Proporção média de  alunos do 9º ano com proficiência em Língua Portuguesa e Matemática (%)"
3533403,"Nova Odessa",38.06,2022,"Escolaridade",32.24,"Proporção média de  alunos do 9º ano com proficiência em Língua Portuguesa e Matemática (%)"
3533403,"Nova Odessa",43.03,2024,"Escolaridade",31.01,"Proporção média de  alunos do 9º ano com proficiência em Língua Portuguesa e Matemática (%)"
3533502,"Novo Horizonte",47.07599477,2014,"Escolaridade",20.17,"Proporção média de  alunos do 9º ano com proficiência em Língua Portuguesa e Matemática (%)"
3533502,"Novo Horizonte",52.07926989,2016,"Escolaridade",24.39,"Proporção média de  alunos do 9º ano com proficiência em Língua Portuguesa e Matemática (%)"
3533502,"Novo Horizonte",65.1168738,2018,"Escolaridade",29.18,"Proporção média de  alunos do 9º ano com proficiência em Língua Portuguesa e Matemática (%)"
3533502,"Novo Horizonte",56.85404849,2020,"Escolaridade",33.99,"Proporção média de  alunos do 9º ano com proficiência em Língua Portuguesa e Matemática (%)"
3533502,"Novo Horizonte",37.55,2022,"Escolaridade",32.24,"Proporção média de  alunos do 9º ano com proficiência em Língua Portuguesa e Matemática (%)"
3533502,"Novo Horizonte",43.905,2024,"Escolaridade",31.01,"Proporção média de  alunos do 9º ano com proficiência em Língua Portuguesa e Matemática (%)"
3533601,"Nuporanga",42.96338673,2014,"Escolaridade",20.17,"Proporção média de  alunos do 9º ano com proficiência em Língua Portuguesa e Matemática (%)"
3533601,"Nuporanga",37.27817169,2016,"Escolaridade",24.39,"Proporção média de  alunos do 9º ano com proficiência em Língua Portuguesa e Matemática (%)"
3533601,"Nuporanga",58.28205128,2018,"Escolaridade",29.18,"Proporção média de  alunos do 9º ano com proficiência em Língua Portuguesa e Matemática (%)"
3533601,"Nuporanga",46.62693096,2020,"Escolaridade",33.99,"Proporção média de  alunos do 9º ano com proficiência em Língua Portuguesa e Matemática (%)"
3533601,"Nuporanga",46.62693096,2022,"Escolaridade",32.24,"Proporção média de  alunos do 9º ano com proficiência em Língua Portuguesa e Matemática (%)"
3533601,"Nuporanga",47.355,2024,"Escolaridade",31.01,"Proporção média de  alunos do 9º ano com proficiência em Língua Portuguesa e Matemática (%)"
3533700,"Ocauçu",29.41251057,2014,"Escolaridade",20.17,"Proporção média de  alunos do 9º ano com proficiência em Língua Portuguesa e Matemática (%)"
3533700,"Ocauçu",28.632692,2016,"Escolaridade",24.39,"Proporção média de  alunos do 9º ano com proficiência em Língua Portuguesa e Matemática (%)"
3533700,"Ocauçu",31.31153082,2018,"Escolaridade",29.18,"Proporção média de  alunos do 9º ano com proficiência em Língua Portuguesa e Matemática (%)"
3533700,"Ocauçu",45.29150137,2020,"Escolaridade",33.99,"Proporção média de  alunos do 9º ano com proficiência em Língua Portuguesa e Matemática (%)"
3533700,"Ocauçu",24.845,2022,"Escolaridade",32.24,"Proporção média de  alunos do 9º ano com proficiência em Língua Portuguesa e Matemática (%)"
3533700,"Ocauçu",37.745,2024,"Escolaridade",31.01,"Proporção média de  alunos do 9º ano com proficiência em Língua Portuguesa e Matemática (%)"
3533809,"Óleo",20.99892589,2014,"Escolaridade",20.17,"Proporção média de  alunos do 9º ano com proficiência em Língua Portuguesa e Matemática (%)"
3533809,"Óleo",28.21033587,2016,"Escolaridade",24.39,"Proporção média de  alunos do 9º ano com proficiência em Língua Portuguesa e Matemática (%)"
3533809,"Óleo",37.93103448,2018,"Escolaridade",29.18,"Proporção média de  alunos do 9º ano com proficiência em Língua Portuguesa e Matemática (%)"
3533809,"Óleo",24.07609565,2020,"Escolaridade",33.99,"Proporção média de  alunos do 9º ano com proficiência em Língua Portuguesa e Matemática (%)"
3533809,"Óleo",52.935,2022,"Escolaridade",32.24,"Proporção média de  alunos do 9º ano com proficiência em Língua Portuguesa e Matemática (%)"
3533809,"Óleo",20.84,2024,"Escolaridade",31.01,"Proporção média de  alunos do 9º ano com proficiência em Língua Portuguesa e Matemática (%)"
3533908,"Olímpia",23.48472109,2014,"Escolaridade",20.17,"Proporção média de  alunos do 9º ano com proficiência em Língua Portuguesa e Matemática (%)"
3533908,"Olímpia",33.09960314,2016,"Escolaridade",24.39,"Proporção média de  alunos do 9º ano com proficiência em Língua Portuguesa e Matemática (%)"
3533908,"Olímpia",38.979628,2018,"Escolaridade",29.18,"Proporção média de  alunos do 9º ano com proficiência em Língua Portuguesa e Matemática (%)"
3533908,"Olímpia",39.34650478,2020,"Escolaridade",33.99,"Proporção média de  alunos do 9º ano com proficiência em Língua Portuguesa e Matemática (%)"
3533908,"Olímpia",39.39,2022,"Escolaridade",32.24,"Proporção média de  alunos do 9º ano com proficiência em Língua Portuguesa e Matemática (%)"
3533908,"Olímpia",42.89,2024,"Escolaridade",31.01,"Proporção média de  alunos do 9º ano com proficiência em Língua Portuguesa e Matemática (%)"
3534005,"Onda Verde",27.49255509,2014,"Escolaridade",20.17,"Proporção média de  alunos do 9º ano com proficiência em Língua Portuguesa e Matemática (%)"
3534005,"Onda Verde",31.83921032,2016,"Escolaridade",24.39,"Proporção média de  alunos do 9º ano com proficiência em Língua Portuguesa e Matemática (%)"
3534005,"Onda Verde",17.66963196,2018,"Escolaridade",29.18,"Proporção média de  alunos do 9º ano com proficiência em Língua Portuguesa e Matemática (%)"
3534005,"Onda Verde",20.90122589,2020,"Escolaridade",33.99,"Proporção média de  alunos do 9º ano com proficiência em Língua Portuguesa e Matemática (%)"
3534005,"Onda Verde",22.71,2022,"Escolaridade",32.24,"Proporção média de  alunos do 9º ano com proficiência em Língua Portuguesa e Matemática (%)"
3534005,"Onda Verde",21.055,2024,"Escolaridade",31.01,"Proporção média de  alunos do 9º ano com proficiência em Língua Portuguesa e Matemática (%)"
3534104,"Oriente",21.49853801,2014,"Escolaridade",20.17,"Proporção média de  alunos do 9º ano com proficiência em Língua Portuguesa e Matemática (%)"
3534104,"Oriente",16.07816528,2016,"Escolaridade",24.39,"Proporção média de  alunos do 9º ano com proficiência em Língua Portuguesa e Matemática (%)"
3534104,"Oriente",19.96124031,2018,"Escolaridade",29.18,"Proporção média de  alunos do 9º ano com proficiência em Língua Portuguesa e Matemática (%)"
3534104,"Oriente",19.98121739,2020,"Escolaridade",33.99,"Proporção média de  alunos do 9º ano com proficiência em Língua Portuguesa e Matemática (%)"
3534104,"Oriente",29.175,2022,"Escolaridade",32.24,"Proporção média de  alunos do 9º ano com proficiência em Língua Portuguesa e Matemática (%)"
3534104,"Oriente",23.045,2024,"Escolaridade",31.01,"Proporção média de  alunos do 9º ano com proficiência em Língua Portuguesa e Matemática (%)"
3534203,"Orindiúva",31.2816616,2014,"Escolaridade",20.17,"Proporção média de  alunos do 9º ano com proficiência em Língua Portuguesa e Matemática (%)"
3534203,"Orindiúva",40.23323776,2016,"Escolaridade",24.39,"Proporção média de  alunos do 9º ano com proficiência em Língua Portuguesa e Matemática (%)"
3534203,"Orindiúva",46.58035463,2018,"Escolaridade",29.18,"Proporção média de  alunos do 9º ano com proficiência em Língua Portuguesa e Matemática (%)"
3534203,"Orindiúva",50.58136927,2020,"Escolaridade",33.99,"Proporção média de  alunos do 9º ano com proficiência em Língua Portuguesa e Matemática (%)"
3534203,"Orindiúva",38.835,2022,"Escolaridade",32.24,"Proporção média de  alunos do 9º ano com proficiência em Língua Portuguesa e Matemática (%)"
3534203,"Orindiúva",42.09,2024,"Escolaridade",31.01,"Proporção média de  alunos do 9º ano com proficiência em Língua Portuguesa e Matemática (%)"
3534302,"Orlândia",29.85463999,2014,"Escolaridade",20.17,"Proporção média de  alunos do 9º ano com proficiência em Língua Portuguesa e Matemática (%)"
3534302,"Orlândia",31.42428144,2016,"Escolaridade",24.39,"Proporção média de  alunos do 9º ano com proficiência em Língua Portuguesa e Matemática (%)"
3534302,"Orlândia",37.24709884,2018,"Escolaridade",29.18,"Proporção média de  alunos do 9º ano com proficiência em Língua Portuguesa e Matemática (%)"
3534302,"Orlândia",33.33112239,2020,"Escolaridade",33.99,"Proporção média de  alunos do 9º ano com proficiência em Língua Portuguesa e Matemática (%)"
3534302,"Orlândia",24.79,2022,"Escolaridade",32.24,"Proporção média de  alunos do 9º ano com proficiência em Língua Portuguesa e Matemática (%)"
3534302,"Orlândia",25.02,2024,"Escolaridade",31.01,"Proporção média de  alunos do 9º ano com proficiência em Língua Portuguesa e Matemática (%)"
3534401,"Osasco",16.16573362,2014,"Escolaridade",20.17,"Proporção média de  alunos do 9º ano com proficiência em Língua Portuguesa e Matemática (%)"
3534401,"Osasco",18.09066822,2016,"Escolaridade",24.39,"Proporção média de  alunos do 9º ano com proficiência em Língua Portuguesa e Matemática (%)"
3534401,"Osasco",19.58151765,2018,"Escolaridade",29.18,"Proporção média de  alunos do 9º ano com proficiência em Língua Portuguesa e Matemática (%)"
3534401,"Osasco",27.30563568,2020,"Escolaridade",33.99,"Proporção média de  alunos do 9º ano com proficiência em Língua Portuguesa e Matemática (%)"
3534401,"Osasco",26.21,2022,"Escolaridade",32.24,"Proporção média de  alunos do 9º ano com proficiência em Língua Portuguesa e Matemática (%)"
3534401,"Osasco",24.915,2024,"Escolaridade",31.01,"Proporção média de  alunos do 9º ano com proficiência em Língua Portuguesa e Matemática (%)"
3534500,"Oscar Bressane",39.44763271,2014,"Escolaridade",20.17,"Proporção média de  alunos do 9º ano com proficiência em Língua Portuguesa e Matemática (%)"
3534500,"Oscar Bressane",31.58053783,2016,"Escolaridade",24.39,"Proporção média de  alunos do 9º ano com proficiência em Língua Portuguesa e Matemática (%)"
3534500,"Oscar Bressane",52.63157895,2018,"Escolaridade",29.18,"Proporção média de  alunos do 9º ano com proficiência em Língua Portuguesa e Matemática (%)"
3534500,"Oscar Bressane",60.42174005,2020,"Escolaridade",33.99,"Proporção média de  alunos do 9º ano com proficiência em Língua Portuguesa e Matemática (%)"
3534500,"Oscar Bressane",40,2022,"Escolaridade",32.24,"Proporção média de  alunos do 9º ano com proficiência em Língua Portuguesa e Matemática (%)"
3534500,"Oscar Bressane",38,2024,"Escolaridade",31.01,"Proporção média de  alunos do 9º ano com proficiência em Língua Portuguesa e Matemática (%)"
3534609,"Osvaldo Cruz",31.87440047,2014,"Escolaridade",20.17,"Proporção média de  alunos do 9º ano com proficiência em Língua Portuguesa e Matemática (%)"
3534609,"Osvaldo Cruz",26.89690028,2016,"Escolaridade",24.39,"Proporção média de  alunos do 9º ano com proficiência em Língua Portuguesa e Matemática (%)"
3534609,"Osvaldo Cruz",23.25806231,2018,"Escolaridade",29.18,"Proporção média de  alunos do 9º ano com proficiência em Língua Portuguesa e Matemática (%)"
3534609,"Osvaldo Cruz",33.50403809,2020,"Escolaridade",33.99,"Proporção média de  alunos do 9º ano com proficiência em Língua Portuguesa e Matemática (%)"
3534609,"Osvaldo Cruz",29.55,2022,"Escolaridade",32.24,"Proporção média de  alunos do 9º ano com proficiência em Língua Portuguesa e Matemática (%)"
3534609,"Osvaldo Cruz",34.32,2024,"Escolaridade",31.01,"Proporção média de  alunos do 9º ano com proficiência em Língua Portuguesa e Matemática (%)"
3534708,"Ourinhos",27.26673679,2014,"Escolaridade",20.17,"Proporção média de  alunos do 9º ano com proficiência em Língua Portuguesa e Matemática (%)"
3534708,"Ourinhos",30.89434454,2016,"Escolaridade",24.39,"Proporção média de  alunos do 9º ano com proficiência em Língua Portuguesa e Matemática (%)"
3534708,"Ourinhos",36.62354059,2018,"Escolaridade",29.18,"Proporção média de  alunos do 9º ano com proficiência em Língua Portuguesa e Matemática (%)"
3534708,"Ourinhos",41.55511124,2020,"Escolaridade",33.99,"Proporção média de  alunos do 9º ano com proficiência em Língua Portuguesa e Matemática (%)"
3534708,"Ourinhos",38.02,2022,"Escolaridade",32.24,"Proporção média de  alunos do 9º ano com proficiência em Língua Portuguesa e Matemática (%)"
3534708,"Ourinhos",39.075,2024,"Escolaridade",31.01,"Proporção média de  alunos do 9º ano com proficiência em Língua Portuguesa e Matemática (%)"
3534757,"Ouroeste",26.79415377,2014,"Escolaridade",20.17,"Proporção média de  alunos do 9º ano com proficiência em Língua Portuguesa e Matemática (%)"
3534757,"Ouroeste",30.59769375,2016,"Escolaridade",24.39,"Proporção média de  alunos do 9º ano com proficiência em Língua Portuguesa e Matemática (%)"
3534757,"Ouroeste",37.17024887,2018,"Escolaridade",29.18,"Proporção média de  alunos do 9º ano com proficiência em Língua Portuguesa e Matemática (%)"
3534757,"Ouroeste",59.09587114,2020,"Escolaridade",33.99,"Proporção média de  alunos do 9º ano com proficiência em Língua Portuguesa e Matemática (%)"
3534757,"Ouroeste",41.415,2022,"Escolaridade",32.24,"Proporção média de  alunos do 9º ano com proficiência em Língua Portuguesa e Matemática (%)"
3534757,"Ouroeste",36.375,2024,"Escolaridade",31.01,"Proporção média de  alunos do 9º ano com proficiência em Língua Portuguesa e Matemática (%)"
3534807,"Ouro Verde",43.31766431,2014,"Escolaridade",20.17,"Proporção média de  alunos do 9º ano com proficiência em Língua Portuguesa e Matemática (%)"
3534807,"Ouro Verde",38.31618378,2016,"Escolaridade",24.39,"Proporção média de  alunos do 9º ano com proficiência em Língua Portuguesa e Matemática (%)"
3534807,"Ouro Verde",26.49846147,2018,"Escolaridade",29.18,"Proporção média de  alunos do 9º ano com proficiência em Língua Portuguesa e Matemática (%)"
3534807,"Ouro Verde",25.04731108,2020,"Escolaridade",33.99,"Proporção média de  alunos do 9º ano com proficiência em Língua Portuguesa e Matemática (%)"
3534807,"Ouro Verde",28.045,2022,"Escolaridade",32.24,"Proporção média de  alunos do 9º ano com proficiência em Língua Portuguesa e Matemática (%)"
3534807,"Ouro Verde",40.975,2024,"Escolaridade",31.01,"Proporção média de  alunos do 9º ano com proficiência em Língua Portuguesa e Matemática (%)"
3534906,"Pacaembu",18.16232502,2014,"Escolaridade",20.17,"Proporção média de  alunos do 9º ano com proficiência em Língua Portuguesa e Matemática (%)"
3534906,"Pacaembu",25.81775708,2016,"Escolaridade",24.39,"Proporção média de  alunos do 9º ano com proficiência em Língua Portuguesa e Matemática (%)"
3534906,"Pacaembu",31.0587355,2018,"Escolaridade",29.18,"Proporção média de  alunos do 9º ano com proficiência em Língua Portuguesa e Matemática (%)"
3534906,"Pacaembu",29.99693803,2020,"Escolaridade",33.99,"Proporção média de  alunos do 9º ano com proficiência em Língua Portuguesa e Matemática (%)"
3534906,"Pacaembu",33.455,2022,"Escolaridade",32.24,"Proporção média de  alunos do 9º ano com proficiência em Língua Portuguesa e Matemática (%)"
3534906,"Pacaembu",28.855,2024,"Escolaridade",31.01,"Proporção média de  alunos do 9º ano com proficiência em Língua Portuguesa e Matemática (%)"
3535002,"Palestina",18.06615102,2014,"Escolaridade",20.17,"Proporção média de  alunos do 9º ano com proficiência em Língua Portuguesa e Matemática (%)"
3535002,"Palestina",21.64167002,2016,"Escolaridade",24.39,"Proporção média de  alunos do 9º ano com proficiência em Língua Portuguesa e Matemática (%)"
3535002,"Palestina",23.91564931,2018,"Escolaridade",29.18,"Proporção média de  alunos do 9º ano com proficiência em Língua Portuguesa e Matemática (%)"
3535002,"Palestina",35.83215154,2020,"Escolaridade",33.99,"Proporção média de  alunos do 9º ano com proficiência em Língua Portuguesa e Matemática (%)"
3535002,"Palestina",30.62,2022,"Escolaridade",32.24,"Proporção média de  alunos do 9º ano com proficiência em Língua Portuguesa e Matemática (%)"
3535002,"Palestina",32.73,2024,"Escolaridade",31.01,"Proporção média de  alunos do 9º ano com proficiência em Língua Portuguesa e Matemática (%)"
3535101,"Palmares Paulista",30.33268454,2014,"Escolaridade",20.17,"Proporção média de  alunos do 9º ano com proficiência em Língua Portuguesa e Matemática (%)"
3535101,"Palmares Paulista",27.33220236,2016,"Escolaridade",24.39,"Proporção média de  alunos do 9º ano com proficiência em Língua Portuguesa e Matemática (%)"
3535101,"Palmares Paulista",26.89835165,2018,"Escolaridade",29.18,"Proporção média de  alunos do 9º ano com proficiência em Língua Portuguesa e Matemática (%)"
3535101,"Palmares Paulista",51.56682987,2020,"Escolaridade",33.99,"Proporção média de  alunos do 9º ano com proficiência em Língua Portuguesa e Matemática (%)"
3535101,"Palmares Paulista",41.51,2022,"Escolaridade",32.24,"Proporção média de  alunos do 9º ano com proficiência em Língua Portuguesa e Matemática (%)"
3535101,"Palmares Paulista",42.46,2024,"Escolaridade",31.01,"Proporção média de  alunos do 9º ano com proficiência em Língua Portuguesa e Matemática (%)"
3535200,"Palmeira d'Oeste",30.11306043,2014,"Escolaridade",20.17,"Proporção média de  alunos do 9º ano com proficiência em Língua Portuguesa e Matemática (%)"
3535200,"Palmeira d'Oeste",35.36155936,2016,"Escolaridade",24.39,"Proporção média de  alunos do 9º ano com proficiência em Língua Portuguesa e Matemática (%)"
3535200,"Palmeira d'Oeste",34.14343285,2018,"Escolaridade",29.18,"Proporção média de  alunos do 9º ano com proficiência em Língua Portuguesa e Matemática (%)"
3535200,"Palmeira d'Oeste",29.51636726,2020,"Escolaridade",33.99,"Proporção média de  alunos do 9º ano com proficiência em Língua Portuguesa e Matemática (%)"
3535200,"Palmeira d'Oeste",36.81,2022,"Escolaridade",32.24,"Proporção média de  alunos do 9º ano com proficiência em Língua Portuguesa e Matemática (%)"
3535200,"Palmeira d'Oeste",43.025,2024,"Escolaridade",31.01,"Proporção média de  alunos do 9º ano com proficiência em Língua Portuguesa e Matemática (%)"
3535309,"Palmital",19.73361905,2014,"Escolaridade",20.17,"Proporção média de  alunos do 9º ano com proficiência em Língua Portuguesa e Matemática (%)"
3535309,"Palmital",19.95041567,2016,"Escolaridade",24.39,"Proporção média de  alunos do 9º ano com proficiência em Língua Portuguesa e Matemática (%)"
3535309,"Palmital",21.66744067,2018,"Escolaridade",29.18,"Proporção média de  alunos do 9º ano com proficiência em Língua Portuguesa e Matemática (%)"
3535309,"Palmital",23.80620758,2020,"Escolaridade",33.99,"Proporção média de  alunos do 9º ano com proficiência em Língua Portuguesa e Matemática (%)"
3535309,"Palmital",28.385,2022,"Escolaridade",32.24,"Proporção média de  alunos do 9º ano com proficiência em Língua Portuguesa e Matemática (%)"
3535309,"Palmital",28.015,2024,"Escolaridade",31.01,"Proporção média de  alunos do 9º ano com proficiência em Língua Portuguesa e Matemática (%)"
3535408,"Panorama",17.40709639,2014,"Escolaridade",20.17,"Proporção média de  alunos do 9º ano com proficiência em Língua Portuguesa e Matemática (%)"
3535408,"Panorama",27.99754002,2016,"Escolaridade",24.39,"Proporção média de  alunos do 9º ano com proficiência em Língua Portuguesa e Matemática (%)"
3535408,"Panorama",25.55779479,2018,"Escolaridade",29.18,"Proporção média de  alunos do 9º ano com proficiência em Língua Portuguesa e Matemática (%)"
3535408,"Panorama",29.6287133,2020,"Escolaridade",33.99,"Proporção média de  alunos do 9º ano com proficiência em Língua Portuguesa e Matemática (%)"
3535408,"Panorama",21.255,2022,"Escolaridade",32.24,"Proporção média de  alunos do 9º ano com proficiência em Língua Portuguesa e Matemática (%)"
3535408,"Panorama",25.9,2024,"Escolaridade",31.01,"Proporção média de  alunos do 9º ano com proficiência em Língua Portuguesa e Matemática (%)"
3535507,"Paraguaçu Paulista",22.4572137,2014,"Escolaridade",20.17,"Proporção média de  alunos do 9º ano com proficiência em Língua Portuguesa e Matemática (%)"
3535507,"Paraguaçu Paulista",28.86186565,2016,"Escolaridade",24.39,"Proporção média de  alunos do 9º ano com proficiência em Língua Portuguesa e Matemática (%)"
3535507,"Paraguaçu Paulista",30.92155475,2018,"Escolaridade",29.18,"Proporção média de  alunos do 9º ano com proficiência em Língua Portuguesa e Matemática (%)"
3535507,"Paraguaçu Paulista",32.66473676,2020,"Escolaridade",33.99,"Proporção média de  alunos do 9º ano com proficiência em Língua Portuguesa e Matemática (%)"
3535507,"Paraguaçu Paulista",26.695,2022,"Escolaridade",32.24,"Proporção média de  alunos do 9º ano com proficiência em Língua Portuguesa e Matemática (%)"
3535507,"Paraguaçu Paulista",38.135,2024,"Escolaridade",31.01,"Proporção média de  alunos do 9º ano com proficiência em Língua Portuguesa e Matemática (%)"
3535606,"Paraibuna",20.57858357,2014,"Escolaridade",20.17,"Proporção média de  alunos do 9º ano com proficiência em Língua Portuguesa e Matemática (%)"
3535606,"Paraibuna",26.75222672,2016,"Escolaridade",24.39,"Proporção média de  alunos do 9º ano com proficiência em Língua Portuguesa e Matemática (%)"
3535606,"Paraibuna",27.80294952,2018,"Escolaridade",29.18,"Proporção média de  alunos do 9º ano com proficiência em Língua Portuguesa e Matemática (%)"
3535606,"Paraibuna",45.57980993,2020,"Escolaridade",33.99,"Proporção média de  alunos do 9º ano com proficiência em Língua Portuguesa e Matemática (%)"
3535606,"Paraibuna",33.31,2022,"Escolaridade",32.24,"Proporção média de  alunos do 9º ano com proficiência em Língua Portuguesa e Matemática (%)"
3535606,"Paraibuna",30.255,2024,"Escolaridade",31.01,"Proporção média de  alunos do 9º ano com proficiência em Língua Portuguesa e Matemática (%)"
3535705,"Paraíso",35.1657754,2014,"Escolaridade",20.17,"Proporção média de  alunos do 9º ano com proficiência em Língua Portuguesa e Matemática (%)"
3535705,"Paraíso",32.24109157,2016,"Escolaridade",24.39,"Proporção média de  alunos do 9º ano com proficiência em Língua Portuguesa e Matemática (%)"
3535705,"Paraíso",44.12878788,2018,"Escolaridade",29.18,"Proporção média de  alunos do 9º ano com proficiência em Língua Portuguesa e Matemática (%)"
3535705,"Paraíso",54.4631694,2020,"Escolaridade",33.99,"Proporção média de  alunos do 9º ano com proficiência em Língua Portuguesa e Matemática (%)"
3535705,"Paraíso",42.965,2022,"Escolaridade",32.24,"Proporção média de  alunos do 9º ano com proficiência em Língua Portuguesa e Matemática (%)"
3535705,"Paraíso",47.455,2024,"Escolaridade",31.01,"Proporção média de  alunos do 9º ano com proficiência em Língua Portuguesa e Matemática (%)"
3535804,"Paranapanema",17.41724422,2014,"Escolaridade",20.17,"Proporção média de  alunos do 9º ano com proficiência em Língua Portuguesa e Matemática (%)"
3535804,"Paranapanema",21.77271523,2016,"Escolaridade",24.39,"Proporção média de  alunos do 9º ano com proficiência em Língua Portuguesa e Matemática (%)"
3535804,"Paranapanema",35.78352351,2018,"Escolaridade",29.18,"Proporção média de  alunos do 9º ano com proficiência em Língua Portuguesa e Matemática (%)"
3535804,"Paranapanema",34.64206059,2020,"Escolaridade",33.99,"Proporção média de  alunos do 9º ano com proficiência em Língua Portuguesa e Matemática (%)"
3535804,"Paranapanema",29.755,2022,"Escolaridade",32.24,"Proporção média de  alunos do 9º ano com proficiência em Língua Portuguesa e Matemática (%)"
3535804,"Paranapanema",30.81,2024,"Escolaridade",31.01,"Proporção média de  alunos do 9º ano com proficiência em Língua Portuguesa e Matemática (%)"
3535903,"Paranapuã",31.63067553,2014,"Escolaridade",20.17,"Proporção média de  alunos do 9º ano com proficiência em Língua Portuguesa e Matemática (%)"
3535903,"Paranapuã",45.83564171,2016,"Escolaridade",24.39,"Proporção média de  alunos do 9º ano com proficiência em Língua Portuguesa e Matemática (%)"
3535903,"Paranapuã",34.19753087,2018,"Escolaridade",29.18,"Proporção média de  alunos do 9º ano com proficiência em Língua Portuguesa e Matemática (%)"
3535903,"Paranapuã",36.99703362,2020,"Escolaridade",33.99,"Proporção média de  alunos do 9º ano com proficiência em Língua Portuguesa e Matemática (%)"
3535903,"Paranapuã",26.15,2022,"Escolaridade",32.24,"Proporção média de  alunos do 9º ano com proficiência em Língua Portuguesa e Matemática (%)"
3535903,"Paranapuã",36.28,2024,"Escolaridade",31.01,"Proporção média de  alunos do 9º ano com proficiência em Língua Portuguesa e Matemática (%)"
3536000,"Parapuã",24.83340482,2014,"Escolaridade",20.17,"Proporção média de  alunos do 9º ano com proficiência em Língua Portuguesa e Matemática (%)"
3536000,"Parapuã",25.0351356,2016,"Escolaridade",24.39,"Proporção média de  alunos do 9º ano com proficiência em Língua Portuguesa e Matemática (%)"
3536000,"Parapuã",35.37915928,2018,"Escolaridade",29.18,"Proporção média de  alunos do 9º ano com proficiência em Língua Portuguesa e Matemática (%)"
3536000,"Parapuã",57.31593897,2020,"Escolaridade",33.99,"Proporção média de  alunos do 9º ano com proficiência em Língua Portuguesa e Matemática (%)"
3536000,"Parapuã",32.23,2022,"Escolaridade",32.24,"Proporção média de  alunos do 9º ano com proficiência em Língua Portuguesa e Matemática (%)"
3536000,"Parapuã",39.77,2024,"Escolaridade",31.01,"Proporção média de  alunos do 9º ano com proficiência em Língua Portuguesa e Matemática (%)"
3536109,"Pardinho",14.63091055,2014,"Escolaridade",20.17,"Proporção média de  alunos do 9º ano com proficiência em Língua Portuguesa e Matemática (%)"
3536109,"Pardinho",15.78804208,2016,"Escolaridade",24.39,"Proporção média de  alunos do 9º ano com proficiência em Língua Portuguesa e Matemática (%)"
3536109,"Pardinho",8.484848485,2018,"Escolaridade",29.18,"Proporção média de  alunos do 9º ano com proficiência em Língua Portuguesa e Matemática (%)"
3536109,"Pardinho",30.60652345,2020,"Escolaridade",33.99,"Proporção média de  alunos do 9º ano com proficiência em Língua Portuguesa e Matemática (%)"
3536109,"Pardinho",30.60652345,2022,"Escolaridade",32.24,"Proporção média de  alunos do 9º ano com proficiência em Língua Portuguesa e Matemática (%)"
3536109,"Pardinho",24.28,2024,"Escolaridade",31.01,"Proporção média de  alunos do 9º ano com proficiência em Língua Portuguesa e Matemática (%)"
3536208,"Pariquera-Açu",22.92713188,2014,"Escolaridade",20.17,"Proporção média de  alunos do 9º ano com proficiência em Língua Portuguesa e Matemática (%)"
3536208,"Pariquera-Açu",27.76087886,2016,"Escolaridade",24.39,"Proporção média de  alunos do 9º ano com proficiência em Língua Portuguesa e Matemática (%)"
3536208,"Pariquera-Açu",30.91467228,2018,"Escolaridade",29.18,"Proporção média de  alunos do 9º ano com proficiência em Língua Portuguesa e Matemática (%)"
3536208,"Pariquera-Açu",37.34211702,2020,"Escolaridade",33.99,"Proporção média de  alunos do 9º ano com proficiência em Língua Portuguesa e Matemática (%)"
3536208,"Pariquera-Açu",30.345,2022,"Escolaridade",32.24,"Proporção média de  alunos do 9º ano com proficiência em Língua Portuguesa e Matemática (%)"
3536208,"Pariquera-Açu",27.055,2024,"Escolaridade",31.01,"Proporção média de  alunos do 9º ano com proficiência em Língua Portuguesa e Matemática (%)"
3536257,"Parisi",28.57142857,2014,"Escolaridade",20.17,"Proporção média de  alunos do 9º ano com proficiência em Língua Portuguesa e Matemática (%)"
3536257,"Parisi",31.48306703,2016,"Escolaridade",24.39,"Proporção média de  alunos do 9º ano com proficiência em Língua Portuguesa e Matemática (%)"
3536257,"Parisi",27.41935484,2018,"Escolaridade",29.18,"Proporção média de  alunos do 9º ano com proficiência em Língua Portuguesa e Matemática (%)"
3536257,"Parisi",20.96950266,2020,"Escolaridade",33.99,"Proporção média de  alunos do 9º ano com proficiência em Língua Portuguesa e Matemática (%)"
3536257,"Parisi",32.755,2022,"Escolaridade",32.24,"Proporção média de  alunos do 9º ano com proficiência em Língua Portuguesa e Matemática (%)"
3536257,"Parisi",32.855,2024,"Escolaridade",31.01,"Proporção média de  alunos do 9º ano com proficiência em Língua Portuguesa e Matemática (%)"
3536307,"Patrocínio Paulista",22.09847138,2014,"Escolaridade",20.17,"Proporção média de  alunos do 9º ano com proficiência em Língua Portuguesa e Matemática (%)"
3536307,"Patrocínio Paulista",25.39057011,2016,"Escolaridade",24.39,"Proporção média de  alunos do 9º ano com proficiência em Língua Portuguesa e Matemática (%)"
3536307,"Patrocínio Paulista",27.56962105,2018,"Escolaridade",29.18,"Proporção média de  alunos do 9º ano com proficiência em Língua Portuguesa e Matemática (%)"
3536307,"Patrocínio Paulista",36.16728854,2020,"Escolaridade",33.99,"Proporção média de  alunos do 9º ano com proficiência em Língua Portuguesa e Matemática (%)"
3536307,"Patrocínio Paulista",36.16728854,2022,"Escolaridade",32.24,"Proporção média de  alunos do 9º ano com proficiência em Língua Portuguesa e Matemática (%)"
3536307,"Patrocínio Paulista",25.375,2024,"Escolaridade",31.01,"Proporção média de  alunos do 9º ano com proficiência em Língua Portuguesa e Matemática (%)"
3536406,"Paulicéia",12.2141043,2014,"Escolaridade",20.17,"Proporção média de  alunos do 9º ano com proficiência em Língua Portuguesa e Matemática (%)"
3536406,"Paulicéia",22.43869683,2016,"Escolaridade",24.39,"Proporção média de  alunos do 9º ano com proficiência em Língua Portuguesa e Matemática (%)"
3536406,"Paulicéia",30.75231482,2018,"Escolaridade",29.18,"Proporção média de  alunos do 9º ano com proficiência em Língua Portuguesa e Matemática (%)"
3536406,"Paulicéia",23.68381016,2020,"Escolaridade",33.99,"Proporção média de  alunos do 9º ano com proficiência em Língua Portuguesa e Matemática (%)"
3536406,"Paulicéia",23.68381016,2022,"Escolaridade",32.24,"Proporção média de  alunos do 9º ano com proficiência em Língua Portuguesa e Matemática (%)"
3536406,"Paulicéia",22.525,2024,"Escolaridade",31.01,"Proporção média de  alunos do 9º ano com proficiência em Língua Portuguesa e Matemática (%)"
3536505,"Paulínia",22.47606442,2014,"Escolaridade",20.17,"Proporção média de  alunos do 9º ano com proficiência em Língua Portuguesa e Matemática (%)"
3536505,"Paulínia",30.20748055,2016,"Escolaridade",24.39,"Proporção média de  alunos do 9º ano com proficiência em Língua Portuguesa e Matemática (%)"
3536505,"Paulínia",34.6569799,2018,"Escolaridade",29.18,"Proporção média de  alunos do 9º ano com proficiência em Língua Portuguesa e Matemática (%)"
3536505,"Paulínia",36.89912972,2020,"Escolaridade",33.99,"Proporção média de  alunos do 9º ano com proficiência em Língua Portuguesa e Matemática (%)"
3536505,"Paulínia",34.95,2022,"Escolaridade",32.24,"Proporção média de  alunos do 9º ano com proficiência em Língua Portuguesa e Matemática (%)"
3536505,"Paulínia",33.065,2024,"Escolaridade",31.01,"Proporção média de  alunos do 9º ano com proficiência em Língua Portuguesa e Matemática (%)"
3536570,"Paulistânia",34.7826087,2014,"Escolaridade",20.17,"Proporção média de  alunos do 9º ano com proficiência em Língua Portuguesa e Matemática (%)"
3536570,"Paulistânia",25.00125911,2016,"Escolaridade",24.39,"Proporção média de  alunos do 9º ano com proficiência em Língua Portuguesa e Matemática (%)"
3536570,"Paulistânia",38.63636364,2018,"Escolaridade",29.18,"Proporção média de  alunos do 9º ano com proficiência em Língua Portuguesa e Matemática (%)"
3536570,"Paulistânia",41.67016555,2020,"Escolaridade",33.99,"Proporção média de  alunos do 9º ano com proficiência em Língua Portuguesa e Matemática (%)"
3536570,"Paulistânia",14.285,2022,"Escolaridade",32.24,"Proporção média de  alunos do 9º ano com proficiência em Língua Portuguesa e Matemática (%)"
3536570,"Paulistânia",31.25,2024,"Escolaridade",31.01,"Proporção média de  alunos do 9º ano com proficiência em Língua Portuguesa e Matemática (%)"
3536604,"Paulo de Faria",14.09532679,2014,"Escolaridade",20.17,"Proporção média de  alunos do 9º ano com proficiência em Língua Portuguesa e Matemática (%)"
3536604,"Paulo de Faria",16.97649074,2016,"Escolaridade",24.39,"Proporção média de  alunos do 9º ano com proficiência em Língua Portuguesa e Matemática (%)"
3536604,"Paulo de Faria",21.64948454,2018,"Escolaridade",29.18,"Proporção média de  alunos do 9º ano com proficiência em Língua Portuguesa e Matemática (%)"
3536604,"Paulo de Faria",23.65821305,2020,"Escolaridade",33.99,"Proporção média de  alunos do 9º ano com proficiência em Língua Portuguesa e Matemática (%)"
3536604,"Paulo de Faria",18.635,2022,"Escolaridade",32.24,"Proporção média de  alunos do 9º ano com proficiência em Língua Portuguesa e Matemática (%)"
3536604,"Paulo de Faria",23.835,2024,"Escolaridade",31.01,"Proporção média de  alunos do 9º ano com proficiência em Língua Portuguesa e Matemática (%)"
3536703,"Pederneiras",20.07570709,2014,"Escolaridade",20.17,"Proporção média de  alunos do 9º ano com proficiência em Língua Portuguesa e Matemática (%)"
3536703,"Pederneiras",24.08969818,2016,"Escolaridade",24.39,"Proporção média de  alunos do 9º ano com proficiência em Língua Portuguesa e Matemática (%)"
3536703,"Pederneiras",23.90020067,2018,"Escolaridade",29.18,"Proporção média de  alunos do 9º ano com proficiência em Língua Portuguesa e Matemática (%)"
3536703,"Pederneiras",28.94492355,2020,"Escolaridade",33.99,"Proporção média de  alunos do 9º ano com proficiência em Língua Portuguesa e Matemática (%)"
3536703,"Pederneiras",29.395,2022,"Escolaridade",32.24,"Proporção média de  alunos do 9º ano com proficiência em Língua Portuguesa e Matemática (%)"
3536703,"Pederneiras",30.39,2024,"Escolaridade",31.01,"Proporção média de  alunos do 9º ano com proficiência em Língua Portuguesa e Matemática (%)"
3536802,"Pedra Bela",26.2301067,2014,"Escolaridade",20.17,"Proporção média de  alunos do 9º ano com proficiência em Língua Portuguesa e Matemática (%)"
3536802,"Pedra Bela",38.04180535,2016,"Escolaridade",24.39,"Proporção média de  alunos do 9º ano com proficiência em Língua Portuguesa e Matemática (%)"
3536802,"Pedra Bela",30.78582931,2018,"Escolaridade",29.18,"Proporção média de  alunos do 9º ano com proficiência em Língua Portuguesa e Matemática (%)"
3536802,"Pedra Bela",58.96419585,2020,"Escolaridade",33.99,"Proporção média de  alunos do 9º ano com proficiência em Língua Portuguesa e Matemática (%)"
3536802,"Pedra Bela",51.17,2022,"Escolaridade",32.24,"Proporção média de  alunos do 9º ano com proficiência em Língua Portuguesa e Matemática (%)"
3536802,"Pedra Bela",36.88,2024,"Escolaridade",31.01,"Proporção média de  alunos do 9º ano com proficiência em Língua Portuguesa e Matemática (%)"
3536901,"Pedranópolis",31.03448276,2014,"Escolaridade",20.17,"Proporção média de  alunos do 9º ano com proficiência em Língua Portuguesa e Matemática (%)"
3536901,"Pedranópolis",26.05900469,2016,"Escolaridade",24.39,"Proporção média de  alunos do 9º ano com proficiência em Língua Portuguesa e Matemática (%)"
3536901,"Pedranópolis",48.07692308,2018,"Escolaridade",29.18,"Proporção média de  alunos do 9º ano com proficiência em Língua Portuguesa e Matemática (%)"
3536901,"Pedranópolis",44.12135176,2020,"Escolaridade",33.99,"Proporção média de  alunos do 9º ano com proficiência em Língua Portuguesa e Matemática (%)"
3536901,"Pedranópolis",38.645,2022,"Escolaridade",32.24,"Proporção média de  alunos do 9º ano com proficiência em Língua Portuguesa e Matemática (%)"
3536901,"Pedranópolis",31.26,2024,"Escolaridade",31.01,"Proporção média de  alunos do 9º ano com proficiência em Língua Portuguesa e Matemática (%)"
3537008,"Pedregulho",16.70684523,2014,"Escolaridade",20.17,"Proporção média de  alunos do 9º ano com proficiência em Língua Portuguesa e Matemática (%)"
3537008,"Pedregulho",24.06714856,2016,"Escolaridade",24.39,"Proporção média de  alunos do 9º ano com proficiência em Língua Portuguesa e Matemática (%)"
3537008,"Pedregulho",23.50480945,2018,"Escolaridade",29.18,"Proporção média de  alunos do 9º ano com proficiência em Língua Portuguesa e Matemática (%)"
3537008,"Pedregulho",26.23224866,2020,"Escolaridade",33.99,"Proporção média de  alunos do 9º ano com proficiência em Língua Portuguesa e Matemática (%)"
3537008,"Pedregulho",24.67,2022,"Escolaridade",32.24,"Proporção média de  alunos do 9º ano com proficiência em Língua Portuguesa e Matemática (%)"
3537008,"Pedregulho",23.235,2024,"Escolaridade",31.01,"Proporção média de  alunos do 9º ano com proficiência em Língua Portuguesa e Matemática (%)"
3537107,"Pedreira",23.24360531,2014,"Escolaridade",20.17,"Proporção média de  alunos do 9º ano com proficiência em Língua Portuguesa e Matemática (%)"
3537107,"Pedreira",31.66582817,2016,"Escolaridade",24.39,"Proporção média de  alunos do 9º ano com proficiência em Língua Portuguesa e Matemática (%)"
3537107,"Pedreira",28.334316,2018,"Escolaridade",29.18,"Proporção média de  alunos do 9º ano com proficiência em Língua Portuguesa e Matemática (%)"
3537107,"Pedreira",42.64586315,2020,"Escolaridade",33.99,"Proporção média de  alunos do 9º ano com proficiência em Língua Portuguesa e Matemática (%)"
3537107,"Pedreira",36.82,2022,"Escolaridade",32.24,"Proporção média de  alunos do 9º ano com proficiência em Língua Portuguesa e Matemática (%)"
3537107,"Pedreira",37.41,2024,"Escolaridade",31.01,"Proporção média de  alunos do 9º ano com proficiência em Língua Portuguesa e Matemática (%)"
3537156,"Pedrinhas Paulista",28.125,2014,"Escolaridade",20.17,"Proporção média de  alunos do 9º ano com proficiência em Língua Portuguesa e Matemática (%)"
3537156,"Pedrinhas Paulista",25.95134791,2016,"Escolaridade",24.39,"Proporção média de  alunos do 9º ano com proficiência em Língua Portuguesa e Matemática (%)"
3537156,"Pedrinhas Paulista",36.66666667,2018,"Escolaridade",29.18,"Proporção média de  alunos do 9º ano com proficiência em Língua Portuguesa e Matemática (%)"
3537156,"Pedrinhas Paulista",41.30781629,2020,"Escolaridade",33.99,"Proporção média de  alunos do 9º ano com proficiência em Língua Portuguesa e Matemática (%)"
3537156,"Pedrinhas Paulista",50,2022,"Escolaridade",32.24,"Proporção média de  alunos do 9º ano com proficiência em Língua Portuguesa e Matemática (%)"
3537156,"Pedrinhas Paulista",33.335,2024,"Escolaridade",31.01,"Proporção média de  alunos do 9º ano com proficiência em Língua Portuguesa e Matemática (%)"
3537206,"Pedro de Toledo",10.29101648,2014,"Escolaridade",20.17,"Proporção média de  alunos do 9º ano com proficiência em Língua Portuguesa e Matemática (%)"
3537206,"Pedro de Toledo",18.41130193,2016,"Escolaridade",24.39,"Proporção média de  alunos do 9º ano com proficiência em Língua Portuguesa e Matemática (%)"
3537206,"Pedro de Toledo",15.13729438,2018,"Escolaridade",29.18,"Proporção média de  alunos do 9º ano com proficiência em Língua Portuguesa e Matemática (%)"
3537206,"Pedro de Toledo",24.76436058,2020,"Escolaridade",33.99,"Proporção média de  alunos do 9º ano com proficiência em Língua Portuguesa e Matemática (%)"
3537206,"Pedro de Toledo",25.22,2022,"Escolaridade",32.24,"Proporção média de  alunos do 9º ano com proficiência em Língua Portuguesa e Matemática (%)"
3537206,"Pedro de Toledo",29.315,2024,"Escolaridade",31.01,"Proporção média de  alunos do 9º ano com proficiência em Língua Portuguesa e Matemática (%)"
3537305,"Penápolis",20.42433553,2014,"Escolaridade",20.17,"Proporção média de  alunos do 9º ano com proficiência em Língua Portuguesa e Matemática (%)"
3537305,"Penápolis",20.04946465,2016,"Escolaridade",24.39,"Proporção média de  alunos do 9º ano com proficiência em Língua Portuguesa e Matemática (%)"
3537305,"Penápolis",29.10073077,2018,"Escolaridade",29.18,"Proporção média de  alunos do 9º ano com proficiência em Língua Portuguesa e Matemática (%)"
3537305,"Penápolis",30.40757331,2020,"Escolaridade",33.99,"Proporção média de  alunos do 9º ano com proficiência em Língua Portuguesa e Matemática (%)"
3537305,"Penápolis",29.52,2022,"Escolaridade",32.24,"Proporção média de  alunos do 9º ano com proficiência em Língua Portuguesa e Matemática (%)"
3537305,"Penápolis",29.655,2024,"Escolaridade",31.01,"Proporção média de  alunos do 9º ano com proficiência em Língua Portuguesa e Matemática (%)"
3537404,"Pereira Barreto",22.79721096,2014,"Escolaridade",20.17,"Proporção média de  alunos do 9º ano com proficiência em Língua Portuguesa e Matemática (%)"
3537404,"Pereira Barreto",33.15036233,2016,"Escolaridade",24.39,"Proporção média de  alunos do 9º ano com proficiência em Língua Portuguesa e Matemática (%)"
3537404,"Pereira Barreto",39.19469924,2018,"Escolaridade",29.18,"Proporção média de  alunos do 9º ano com proficiência em Língua Portuguesa e Matemática (%)"
3537404,"Pereira Barreto",38.31742606,2020,"Escolaridade",33.99,"Proporção média de  alunos do 9º ano com proficiência em Língua Portuguesa e Matemática (%)"
3537404,"Pereira Barreto",40.265,2022,"Escolaridade",32.24,"Proporção média de  alunos do 9º ano com proficiência em Língua Portuguesa e Matemática (%)"
3537404,"Pereira Barreto",48.825,2024,"Escolaridade",31.01,"Proporção média de  alunos do 9º ano com proficiência em Língua Portuguesa e Matemática (%)"
3537503,"Pereiras",21.37078435,2014,"Escolaridade",20.17,"Proporção média de  alunos do 9º ano com proficiência em Língua Portuguesa e Matemática (%)"
3537503,"Pereiras",23.92195383,2016,"Escolaridade",24.39,"Proporção média de  alunos do 9º ano com proficiência em Língua Portuguesa e Matemática (%)"
3537503,"Pereiras",17.63529142,2018,"Escolaridade",29.18,"Proporção média de  alunos do 9º ano com proficiência em Língua Portuguesa e Matemática (%)"
3537503,"Pereiras",32.69372568,2020,"Escolaridade",33.99,"Proporção média de  alunos do 9º ano com proficiência em Língua Portuguesa e Matemática (%)"
3537503,"Pereiras",29.68,2022,"Escolaridade",32.24,"Proporção média de  alunos do 9º ano com proficiência em Língua Portuguesa e Matemática (%)"
3537503,"Pereiras",25.32,2024,"Escolaridade",31.01,"Proporção média de  alunos do 9º ano com proficiência em Língua Portuguesa e Matemática (%)"
3537602,"Peruíbe",17.79477123,2014,"Escolaridade",20.17,"Proporção média de  alunos do 9º ano com proficiência em Língua Portuguesa e Matemática (%)"
3537602,"Peruíbe",24.09652513,2016,"Escolaridade",24.39,"Proporção média de  alunos do 9º ano com proficiência em Língua Portuguesa e Matemática (%)"
3537602,"Peruíbe",24.03282118,2018,"Escolaridade",29.18,"Proporção média de  alunos do 9º ano com proficiência em Língua Portuguesa e Matemática (%)"
3537602,"Peruíbe",28.9915141,2020,"Escolaridade",33.99,"Proporção média de  alunos do 9º ano com proficiência em Língua Portuguesa e Matemática (%)"
3537602,"Peruíbe",27.3,2022,"Escolaridade",32.24,"Proporção média de  alunos do 9º ano com proficiência em Língua Portuguesa e Matemática (%)"
3537602,"Peruíbe",26.805,2024,"Escolaridade",31.01,"Proporção média de  alunos do 9º ano com proficiência em Língua Portuguesa e Matemática (%)"
3537701,"Piacatu",27.95313247,2014,"Escolaridade",20.17,"Proporção média de  alunos do 9º ano com proficiência em Língua Portuguesa e Matemática (%)"
3537701,"Piacatu",39.01643919,2016,"Escolaridade",24.39,"Proporção média de  alunos do 9º ano com proficiência em Língua Portuguesa e Matemática (%)"
3537701,"Piacatu",30.70843091,2018,"Escolaridade",29.18,"Proporção média de  alunos do 9º ano com proficiência em Língua Portuguesa e Matemática (%)"
3537701,"Piacatu",30.70843091,2020,"Escolaridade",33.99,"Proporção média de  alunos do 9º ano com proficiência em Língua Portuguesa e Matemática (%)"
3537701,"Piacatu",36.775,2022,"Escolaridade",32.24,"Proporção média de  alunos do 9º ano com proficiência em Língua Portuguesa e Matemática (%)"
3537701,"Piacatu",39.705,2024,"Escolaridade",31.01,"Proporção média de  alunos do 9º ano com proficiência em Língua Portuguesa e Matemática (%)"
3537800,"Piedade",23.71819725,2014,"Escolaridade",20.17,"Proporção média de  alunos do 9º ano com proficiência em Língua Portuguesa e Matemática (%)"
3537800,"Piedade",24.90859388,2016,"Escolaridade",24.39,"Proporção média de  alunos do 9º ano com proficiência em Língua Portuguesa e Matemática (%)"
3537800,"Piedade",33.79600237,2018,"Escolaridade",29.18,"Proporção média de  alunos do 9º ano com proficiência em Língua Portuguesa e Matemática (%)"
3537800,"Piedade",35.17438763,2020,"Escolaridade",33.99,"Proporção média de  alunos do 9º ano com proficiência em Língua Portuguesa e Matemática (%)"
3537800,"Piedade",36.85,2022,"Escolaridade",32.24,"Proporção média de  alunos do 9º ano com proficiência em Língua Portuguesa e Matemática (%)"
3537800,"Piedade",40.62,2024,"Escolaridade",31.01,"Proporção média de  alunos do 9º ano com proficiência em Língua Portuguesa e Matemática (%)"
3537909,"Pilar do Sul",24.35164219,2014,"Escolaridade",20.17,"Proporção média de  alunos do 9º ano com proficiência em Língua Portuguesa e Matemática (%)"
3537909,"Pilar do Sul",33.52648343,2016,"Escolaridade",24.39,"Proporção média de  alunos do 9º ano com proficiência em Língua Portuguesa e Matemática (%)"
3537909,"Pilar do Sul",33.52209875,2018,"Escolaridade",29.18,"Proporção média de  alunos do 9º ano com proficiência em Língua Portuguesa e Matemática (%)"
3537909,"Pilar do Sul",48.57528861,2020,"Escolaridade",33.99,"Proporção média de  alunos do 9º ano com proficiência em Língua Portuguesa e Matemática (%)"
3537909,"Pilar do Sul",39.015,2022,"Escolaridade",32.24,"Proporção média de  alunos do 9º ano com proficiência em Língua Portuguesa e Matemática (%)"
3537909,"Pilar do Sul",41.795,2024,"Escolaridade",31.01,"Proporção média de  alunos do 9º ano com proficiência em Língua Portuguesa e Matemática (%)"
3538006,"Pindamonhangaba",22.45948301,2014,"Escolaridade",20.17,"Proporção média de  alunos do 9º ano com proficiência em Língua Portuguesa e Matemática (%)"
3538006,"Pindamonhangaba",27.62270186,2016,"Escolaridade",24.39,"Proporção média de  alunos do 9º ano com proficiência em Língua Portuguesa e Matemática (%)"
3538006,"Pindamonhangaba",34.01170999,2018,"Escolaridade",29.18,"Proporção média de  alunos do 9º ano com proficiência em Língua Portuguesa e Matemática (%)"
3538006,"Pindamonhangaba",36.42179343,2020,"Escolaridade",33.99,"Proporção média de  alunos do 9º ano com proficiência em Língua Portuguesa e Matemática (%)"
3538006,"Pindamonhangaba",38.555,2022,"Escolaridade",32.24,"Proporção média de  alunos do 9º ano com proficiência em Língua Portuguesa e Matemática (%)"
3538006,"Pindamonhangaba",38.35,2024,"Escolaridade",31.01,"Proporção média de  alunos do 9º ano com proficiência em Língua Portuguesa e Matemática (%)"
3538105,"Pindorama",25.52267171,2014,"Escolaridade",20.17,"Proporção média de  alunos do 9º ano com proficiência em Língua Portuguesa e Matemática (%)"
3538105,"Pindorama",40.31329283,2016,"Escolaridade",24.39,"Proporção média de  alunos do 9º ano com proficiência em Língua Portuguesa e Matemática (%)"
3538105,"Pindorama",34.6880979,2018,"Escolaridade",29.18,"Proporção média de  alunos do 9º ano com proficiência em Língua Portuguesa e Matemática (%)"
3538105,"Pindorama",34.52426639,2020,"Escolaridade",33.99,"Proporção média de  alunos do 9º ano com proficiência em Língua Portuguesa e Matemática (%)"
3538105,"Pindorama",36.295,2022,"Escolaridade",32.24,"Proporção média de  alunos do 9º ano com proficiência em Língua Portuguesa e Matemática (%)"
3538105,"Pindorama",33.235,2024,"Escolaridade",31.01,"Proporção média de  alunos do 9º ano com proficiência em Língua Portuguesa e Matemática (%)"
3538204,"Pinhalzinho",23.13422684,2014,"Escolaridade",20.17,"Proporção média de  alunos do 9º ano com proficiência em Língua Portuguesa e Matemática (%)"
3538204,"Pinhalzinho",20.18250429,2016,"Escolaridade",24.39,"Proporção média de  alunos do 9º ano com proficiência em Língua Portuguesa e Matemática (%)"
3538204,"Pinhalzinho",37.32254092,2018,"Escolaridade",29.18,"Proporção média de  alunos do 9º ano com proficiência em Língua Portuguesa e Matemática (%)"
3538204,"Pinhalzinho",43.73970617,2020,"Escolaridade",33.99,"Proporção média de  alunos do 9º ano com proficiência em Língua Portuguesa e Matemática (%)"
3538204,"Pinhalzinho",38.295,2022,"Escolaridade",32.24,"Proporção média de  alunos do 9º ano com proficiência em Língua Portuguesa e Matemática (%)"
3538204,"Pinhalzinho",35.745,2024,"Escolaridade",31.01,"Proporção média de  alunos do 9º ano com proficiência em Língua Portuguesa e Matemática (%)"
3538303,"Piquerobi",25.65597668,2014,"Escolaridade",20.17,"Proporção média de  alunos do 9º ano com proficiência em Língua Portuguesa e Matemática (%)"
3538303,"Piquerobi",50.00251823,2016,"Escolaridade",24.39,"Proporção média de  alunos do 9º ano com proficiência em Língua Portuguesa e Matemática (%)"
3538303,"Piquerobi",30.92592593,2018,"Escolaridade",29.18,"Proporção média de  alunos do 9º ano com proficiência em Língua Portuguesa e Matemática (%)"
3538303,"Piquerobi",24.34010042,2020,"Escolaridade",33.99,"Proporção média de  alunos do 9º ano com proficiência em Língua Portuguesa e Matemática (%)"
3538303,"Piquerobi",27.775,2022,"Escolaridade",32.24,"Proporção média de  alunos do 9º ano com proficiência em Língua Portuguesa e Matemática (%)"
3538303,"Piquerobi",51.71,2024,"Escolaridade",31.01,"Proporção média de  alunos do 9º ano com proficiência em Língua Portuguesa e Matemática (%)"
3538501,"Piquete",21.66283245,2014,"Escolaridade",20.17,"Proporção média de  alunos do 9º ano com proficiência em Língua Portuguesa e Matemática (%)"
3538501,"Piquete",25.2817485,2016,"Escolaridade",24.39,"Proporção média de  alunos do 9º ano com proficiência em Língua Portuguesa e Matemática (%)"
3538501,"Piquete",17.03726454,2018,"Escolaridade",29.18,"Proporção média de  alunos do 9º ano com proficiência em Língua Portuguesa e Matemática (%)"
3538501,"Piquete",29.78803823,2020,"Escolaridade",33.99,"Proporção média de  alunos do 9º ano com proficiência em Língua Portuguesa e Matemática (%)"
3538501,"Piquete",29.93,2022,"Escolaridade",32.24,"Proporção média de  alunos do 9º ano com proficiência em Língua Portuguesa e Matemática (%)"
3538501,"Piquete",27.83,2024,"Escolaridade",31.01,"Proporção média de  alunos do 9º ano com proficiência em Língua Portuguesa e Matemática (%)"
3538600,"Piracaia",26.0981723,2014,"Escolaridade",20.17,"Proporção média de  alunos do 9º ano com proficiência em Língua Portuguesa e Matemática (%)"
3538600,"Piracaia",35.29855469,2016,"Escolaridade",24.39,"Proporção média de  alunos do 9º ano com proficiência em Língua Portuguesa e Matemática (%)"
3538600,"Piracaia",37.27243995,2018,"Escolaridade",29.18,"Proporção média de  alunos do 9º ano com proficiência em Língua Portuguesa e Matemática (%)"
3538600,"Piracaia",39.24744107,2020,"Escolaridade",33.99,"Proporção média de  alunos do 9º ano com proficiência em Língua Portuguesa e Matemática (%)"
3538600,"Piracaia",33.275,2022,"Escolaridade",32.24,"Proporção média de  alunos do 9º ano com proficiência em Língua Portuguesa e Matemática (%)"
3538600,"Piracaia",35.725,2024,"Escolaridade",31.01,"Proporção média de  alunos do 9º ano com proficiência em Língua Portuguesa e Matemática (%)"
3538709,"Piracicaba",21.488710180000002,2014,"Escolaridade",20.17,"Proporção média de  alunos do 9º ano com proficiência em Língua Portuguesa e Matemática (%)"
3538709,"Piracicaba",29.63866586,2016,"Escolaridade",24.39,"Proporção média de  alunos do 9º ano com proficiência em Língua Portuguesa e Matemática (%)"
3538709,"Piracicaba",34.20534986,2018,"Escolaridade",29.18,"Proporção média de  alunos do 9º ano com proficiência em Língua Portuguesa e Matemática (%)"
3538709,"Piracicaba",39.81299494,2020,"Escolaridade",33.99,"Proporção média de  alunos do 9º ano com proficiência em Língua Portuguesa e Matemática (%)"
3538709,"Piracicaba",36.9,2022,"Escolaridade",32.24,"Proporção média de  alunos do 9º ano com proficiência em Língua Portuguesa e Matemática (%)"
3538709,"Piracicaba",37.41,2024,"Escolaridade",31.01,"Proporção média de  alunos do 9º ano com proficiência em Língua Portuguesa e Matemática (%)"
3538808,"Piraju",32.18751332,2014,"Escolaridade",20.17,"Proporção média de  alunos do 9º ano com proficiência em Língua Portuguesa e Matemática (%)"
3538808,"Piraju",30.60072064,2016,"Escolaridade",24.39,"Proporção média de  alunos do 9º ano com proficiência em Língua Portuguesa e Matemática (%)"
3538808,"Piraju",42.35925215,2018,"Escolaridade",29.18,"Proporção média de  alunos do 9º ano com proficiência em Língua Portuguesa e Matemática (%)"
3538808,"Piraju",38.1293012,2020,"Escolaridade",33.99,"Proporção média de  alunos do 9º ano com proficiência em Língua Portuguesa e Matemática (%)"
3538808,"Piraju",37.155,2022,"Escolaridade",32.24,"Proporção média de  alunos do 9º ano com proficiência em Língua Portuguesa e Matemática (%)"
3538808,"Piraju",39.78,2024,"Escolaridade",31.01,"Proporção média de  alunos do 9º ano com proficiência em Língua Portuguesa e Matemática (%)"
3538907,"Pirajuí",16.25260704,2014,"Escolaridade",20.17,"Proporção média de  alunos do 9º ano com proficiência em Língua Portuguesa e Matemática (%)"
3538907,"Pirajuí",27.90224133,2016,"Escolaridade",24.39,"Proporção média de  alunos do 9º ano com proficiência em Língua Portuguesa e Matemática (%)"
3538907,"Pirajuí",25.80919333,2018,"Escolaridade",29.18,"Proporção média de  alunos do 9º ano com proficiência em Língua Portuguesa e Matemática (%)"
3538907,"Pirajuí",28.64998486,2020,"Escolaridade",33.99,"Proporção média de  alunos do 9º ano com proficiência em Língua Portuguesa e Matemática (%)"
3538907,"Pirajuí",22.48,2022,"Escolaridade",32.24,"Proporção média de  alunos do 9º ano com proficiência em Língua Portuguesa e Matemática (%)"
3538907,"Pirajuí",25.43,2024,"Escolaridade",31.01,"Proporção média de  alunos do 9º ano com proficiência em Língua Portuguesa e Matemática (%)"
3539004,"Pirangi",18.64648384,2014,"Escolaridade",20.17,"Proporção média de  alunos do 9º ano com proficiência em Língua Portuguesa e Matemática (%)"
3539004,"Pirangi",42.974409,2016,"Escolaridade",24.39,"Proporção média de  alunos do 9º ano com proficiência em Língua Portuguesa e Matemática (%)"
3539004,"Pirangi",32.88037001,2018,"Escolaridade",29.18,"Proporção média de  alunos do 9º ano com proficiência em Língua Portuguesa e Matemática (%)"
3539004,"Pirangi",32.81935318,2020,"Escolaridade",33.99,"Proporção média de  alunos do 9º ano com proficiência em Língua Portuguesa e Matemática (%)"
3539004,"Pirangi",36.56,2022,"Escolaridade",32.24,"Proporção média de  alunos do 9º ano com proficiência em Língua Portuguesa e Matemática (%)"
3539004,"Pirangi",27.755,2024,"Escolaridade",31.01,"Proporção média de  alunos do 9º ano com proficiência em Língua Portuguesa e Matemática (%)"
3539103,"Pirapora do Bom Jesus",9.956761866,2014,"Escolaridade",20.17,"Proporção média de  alunos do 9º ano com proficiência em Língua Portuguesa e Matemática (%)"
3539103,"Pirapora do Bom Jesus",16.31349373,2016,"Escolaridade",24.39,"Proporção média de  alunos do 9º ano com proficiência em Língua Portuguesa e Matemática (%)"
3539103,"Pirapora do Bom Jesus",11.94323599,2018,"Escolaridade",29.18,"Proporção média de  alunos do 9º ano com proficiência em Língua Portuguesa e Matemática (%)"
3539103,"Pirapora do Bom Jesus",9.712415508,2020,"Escolaridade",33.99,"Proporção média de  alunos do 9º ano com proficiência em Língua Portuguesa e Matemática (%)"
3539103,"Pirapora do Bom Jesus",18.53,2022,"Escolaridade",32.24,"Proporção média de  alunos do 9º ano com proficiência em Língua Portuguesa e Matemática (%)"
3539103,"Pirapora do Bom Jesus",15.88,2024,"Escolaridade",31.01,"Proporção média de  alunos do 9º ano com proficiência em Língua Portuguesa e Matemática (%)"
3539202,"Pirapozinho",25.51739635,2014,"Escolaridade",20.17,"Proporção média de  alunos do 9º ano com proficiência em Língua Portuguesa e Matemática (%)"
3539202,"Pirapozinho",28.67481463,2016,"Escolaridade",24.39,"Proporção média de  alunos do 9º ano com proficiência em Língua Portuguesa e Matemática (%)"
3539202,"Pirapozinho",34.80453479,2018,"Escolaridade",29.18,"Proporção média de  alunos do 9º ano com proficiência em Língua Portuguesa e Matemática (%)"
3539202,"Pirapozinho",30.10899535,2020,"Escolaridade",33.99,"Proporção média de  alunos do 9º ano com proficiência em Língua Portuguesa e Matemática (%)"
3539202,"Pirapozinho",33.65,2022,"Escolaridade",32.24,"Proporção média de  alunos do 9º ano com proficiência em Língua Portuguesa e Matemática (%)"
3539202,"Pirapozinho",28.035,2024,"Escolaridade",31.01,"Proporção média de  alunos do 9º ano com proficiência em Língua Portuguesa e Matemática (%)"
3539301,"Pirassununga",30.40219915,2014,"Escolaridade",20.17,"Proporção média de  alunos do 9º ano com proficiência em Língua Portuguesa e Matemática (%)"
3539301,"Pirassununga",33.43689391,2016,"Escolaridade",24.39,"Proporção média de  alunos do 9º ano com proficiência em Língua Portuguesa e Matemática (%)"
3539301,"Pirassununga",39.26459742,2018,"Escolaridade",29.18,"Proporção média de  alunos do 9º ano com proficiência em Língua Portuguesa e Matemática (%)"
3539301,"Pirassununga",42.13546516,2020,"Escolaridade",33.99,"Proporção média de  alunos do 9º ano com proficiência em Língua Portuguesa e Matemática (%)"
3539301,"Pirassununga",31.39,2022,"Escolaridade",32.24,"Proporção média de  alunos do 9º ano com proficiência em Língua Portuguesa e Matemática (%)"
3539301,"Pirassununga",33.995,2024,"Escolaridade",31.01,"Proporção média de  alunos do 9º ano com proficiência em Língua Portuguesa e Matemática (%)"
3539400,"Piratininga",10.4758401,2014,"Escolaridade",20.17,"Proporção média de  alunos do 9º ano com proficiência em Língua Portuguesa e Matemática (%)"
3539400,"Piratininga",14.67346509,2016,"Escolaridade",24.39,"Proporção média de  alunos do 9º ano com proficiência em Língua Portuguesa e Matemática (%)"
3539400,"Piratininga",14.22501478,2018,"Escolaridade",29.18,"Proporção média de  alunos do 9º ano com proficiência em Língua Portuguesa e Matemática (%)"
3539400,"Piratininga",27.37714613,2020,"Escolaridade",33.99,"Proporção média de  alunos do 9º ano com proficiência em Língua Portuguesa e Matemática (%)"
3539400,"Piratininga",18.02,2022,"Escolaridade",32.24,"Proporção média de  alunos do 9º ano com proficiência em Língua Portuguesa e Matemática (%)"
3539400,"Piratininga",22.565,2024,"Escolaridade",31.01,"Proporção média de  alunos do 9º ano com proficiência em Língua Portuguesa e Matemática (%)"
3539509,"Pitangueiras",17.06979811,2014,"Escolaridade",20.17,"Proporção média de  alunos do 9º ano com proficiência em Língua Portuguesa e Matemática (%)"
3539509,"Pitangueiras",20.74814505,2016,"Escolaridade",24.39,"Proporção média de  alunos do 9º ano com proficiência em Língua Portuguesa e Matemática (%)"
3539509,"Pitangueiras",30.1320917,2018,"Escolaridade",29.18,"Proporção média de  alunos do 9º ano com proficiência em Língua Portuguesa e Matemática (%)"
3539509,"Pitangueiras",31.02288448,2020,"Escolaridade",33.99,"Proporção média de  alunos do 9º ano com proficiência em Língua Portuguesa e Matemática (%)"
3539509,"Pitangueiras",30.475,2022,"Escolaridade",32.24,"Proporção média de  alunos do 9º ano com proficiência em Língua Portuguesa e Matemática (%)"
3539509,"Pitangueiras",29.19,2024,"Escolaridade",31.01,"Proporção média de  alunos do 9º ano com proficiência em Língua Portuguesa e Matemática (%)"
3539608,"Planalto",17.48444551,2014,"Escolaridade",20.17,"Proporção média de  alunos do 9º ano com proficiência em Língua Portuguesa e Matemática (%)"
3539608,"Planalto",21.58808119,2016,"Escolaridade",24.39,"Proporção média de  alunos do 9º ano com proficiência em Língua Portuguesa e Matemática (%)"
3539608,"Planalto",29.29407549,2018,"Escolaridade",29.18,"Proporção média de  alunos do 9º ano com proficiência em Língua Portuguesa e Matemática (%)"
3539608,"Planalto",20.68031287,2020,"Escolaridade",33.99,"Proporção média de  alunos do 9º ano com proficiência em Língua Portuguesa e Matemática (%)"
3539608,"Planalto",27.85,2022,"Escolaridade",32.24,"Proporção média de  alunos do 9º ano com proficiência em Língua Portuguesa e Matemática (%)"
3539608,"Planalto",33.125,2024,"Escolaridade",31.01,"Proporção média de  alunos do 9º ano com proficiência em Língua Portuguesa e Matemática (%)"
3539707,"Platina",21.98866068,2014,"Escolaridade",20.17,"Proporção média de  alunos do 9º ano com proficiência em Língua Portuguesa e Matemática (%)"
3539707,"Platina",26.18205174,2016,"Escolaridade",24.39,"Proporção média de  alunos do 9º ano com proficiência em Língua Portuguesa e Matemática (%)"
3539707,"Platina",12.60245902,2018,"Escolaridade",29.18,"Proporção média de  alunos do 9º ano com proficiência em Língua Portuguesa e Matemática (%)"
3539707,"Platina",12.60245902,2020,"Escolaridade",33.99,"Proporção média de  alunos do 9º ano com proficiência em Língua Portuguesa e Matemática (%)"
3539707,"Platina",20.76,2022,"Escolaridade",32.24,"Proporção média de  alunos do 9º ano com proficiência em Língua Portuguesa e Matemática (%)"
3539707,"Platina",20.455,2024,"Escolaridade",31.01,"Proporção média de  alunos do 9º ano com proficiência em Língua Portuguesa e Matemática (%)"
3539806,"Poá",18.90668519,2014,"Escolaridade",20.17,"Proporção média de  alunos do 9º ano com proficiência em Língua Portuguesa e Matemática (%)"
3539806,"Poá",26.19777986,2016,"Escolaridade",24.39,"Proporção média de  alunos do 9º ano com proficiência em Língua Portuguesa e Matemática (%)"
3539806,"Poá",31.19976353,2018,"Escolaridade",29.18,"Proporção média de  alunos do 9º ano com proficiência em Língua Portuguesa e Matemática (%)"
3539806,"Poá",36.33845886,2020,"Escolaridade",33.99,"Proporção média de  alunos do 9º ano com proficiência em Língua Portuguesa e Matemática (%)"
3539806,"Poá",36.495,2022,"Escolaridade",32.24,"Proporção média de  alunos do 9º ano com proficiência em Língua Portuguesa e Matemática (%)"
3539806,"Poá",37.515,2024,"Escolaridade",31.01,"Proporção média de  alunos do 9º ano com proficiência em Língua Portuguesa e Matemática (%)"
3539905,"Poloni",29.64131773,2014,"Escolaridade",20.17,"Proporção média de  alunos do 9º ano com proficiência em Língua Portuguesa e Matemática (%)"
3539905,"Poloni",32.46586487,2016,"Escolaridade",24.39,"Proporção média de  alunos do 9º ano com proficiência em Língua Portuguesa e Matemática (%)"
3539905,"Poloni",29.21747967,2018,"Escolaridade",29.18,"Proporção média de  alunos do 9º ano com proficiência em Língua Portuguesa e Matemática (%)"
3539905,"Poloni",25.57759522,2020,"Escolaridade",33.99,"Proporção média de  alunos do 9º ano com proficiência em Língua Portuguesa e Matemática (%)"
3539905,"Poloni",27.075,2022,"Escolaridade",32.24,"Proporção média de  alunos do 9º ano com proficiência em Língua Portuguesa e Matemática (%)"
3539905,"Poloni",41.9,2024,"Escolaridade",31.01,"Proporção média de  alunos do 9º ano com proficiência em Língua Portuguesa e Matemática (%)"
3540002,"Pompéia",26.06714983,2014,"Escolaridade",20.17,"Proporção média de  alunos do 9º ano com proficiência em Língua Portuguesa e Matemática (%)"
3540002,"Pompéia",16.66805742,2016,"Escolaridade",24.39,"Proporção média de  alunos do 9º ano com proficiência em Língua Portuguesa e Matemática (%)"
3540002,"Pompéia",26.87054542,2018,"Escolaridade",29.18,"Proporção média de  alunos do 9º ano com proficiência em Língua Portuguesa e Matemática (%)"
3540002,"Pompéia",34.67675965,2020,"Escolaridade",33.99,"Proporção média de  alunos do 9º ano com proficiência em Língua Portuguesa e Matemática (%)"
3540002,"Pompéia",35.94,2022,"Escolaridade",32.24,"Proporção média de  alunos do 9º ano com proficiência em Língua Portuguesa e Matemática (%)"
3540002,"Pompéia",36.34,2024,"Escolaridade",31.01,"Proporção média de  alunos do 9º ano com proficiência em Língua Portuguesa e Matemática (%)"
3540101,"Pongaí",25.85245278,2014,"Escolaridade",20.17,"Proporção média de  alunos do 9º ano com proficiência em Língua Portuguesa e Matemática (%)"
3540101,"Pongaí",26.12709221,2016,"Escolaridade",24.39,"Proporção média de  alunos do 9º ano com proficiência em Língua Portuguesa e Matemática (%)"
3540101,"Pongaí",25.95238095,2018,"Escolaridade",29.18,"Proporção média de  alunos do 9º ano com proficiência em Língua Portuguesa e Matemática (%)"
3540101,"Pongaí",32.61143391,2020,"Escolaridade",33.99,"Proporção média de  alunos do 9º ano com proficiência em Língua Portuguesa e Matemática (%)"
3540101,"Pongaí",31.065,2022,"Escolaridade",32.24,"Proporção média de  alunos do 9º ano com proficiência em Língua Portuguesa e Matemática (%)"
3540101,"Pongaí",32.76,2024,"Escolaridade",31.01,"Proporção média de  alunos do 9º ano com proficiência em Língua Portuguesa e Matemática (%)"
3540200,"Pontal",16.11041368,2014,"Escolaridade",20.17,"Proporção média de  alunos do 9º ano com proficiência em Língua Portuguesa e Matemática (%)"
3540200,"Pontal",21.10365326,2016,"Escolaridade",24.39,"Proporção média de  alunos do 9º ano com proficiência em Língua Portuguesa e Matemática (%)"
3540200,"Pontal",25.70434856,2018,"Escolaridade",29.18,"Proporção média de  alunos do 9º ano com proficiência em Língua Portuguesa e Matemática (%)"
3540200,"Pontal",25.98024229,2020,"Escolaridade",33.99,"Proporção média de  alunos do 9º ano com proficiência em Língua Portuguesa e Matemática (%)"
3540200,"Pontal",27.655,2022,"Escolaridade",32.24,"Proporção média de  alunos do 9º ano com proficiência em Língua Portuguesa e Matemática (%)"
3540200,"Pontal",29.93,2024,"Escolaridade",31.01,"Proporção média de  alunos do 9º ano com proficiência em Língua Portuguesa e Matemática (%)"
3540259,"Pontalinda",16.82408501,2014,"Escolaridade",20.17,"Proporção média de  alunos do 9º ano com proficiência em Língua Portuguesa e Matemática (%)"
3540259,"Pontalinda",37.12686978,2016,"Escolaridade",24.39,"Proporção média de  alunos do 9º ano com proficiência em Língua Portuguesa e Matemática (%)"
3540259,"Pontalinda",27.08333333,2018,"Escolaridade",29.18,"Proporção média de  alunos do 9º ano com proficiência em Língua Portuguesa e Matemática (%)"
3540259,"Pontalinda",27.08333333,2020,"Escolaridade",33.99,"Proporção média de  alunos do 9º ano com proficiência em Língua Portuguesa e Matemática (%)"
3540259,"Pontalinda",27.08333333,2022,"Escolaridade",32.24,"Proporção média de  alunos do 9º ano com proficiência em Língua Portuguesa e Matemática (%)"
3540259,"Pontalinda",44.425,2024,"Escolaridade",31.01,"Proporção média de  alunos do 9º ano com proficiência em Língua Portuguesa e Matemática (%)"
3540309,"Pontes Gestal",11.66666667,2014,"Escolaridade",20.17,"Proporção média de  alunos do 9º ano com proficiência em Língua Portuguesa e Matemática (%)"
3540309,"Pontes Gestal",16.16584281,2016,"Escolaridade",24.39,"Proporção média de  alunos do 9º ano com proficiência em Língua Portuguesa e Matemática (%)"
3540309,"Pontes Gestal",18.18181818,2018,"Escolaridade",29.18,"Proporção média de  alunos do 9º ano com proficiência em Língua Portuguesa e Matemática (%)"
3540309,"Pontes Gestal",18.18181818,2020,"Escolaridade",33.99,"Proporção média de  alunos do 9º ano com proficiência em Língua Portuguesa e Matemática (%)"
3540309,"Pontes Gestal",23.805,2022,"Escolaridade",32.24,"Proporção média de  alunos do 9º ano com proficiência em Língua Portuguesa e Matemática (%)"
3540309,"Pontes Gestal",26.925,2024,"Escolaridade",31.01,"Proporção média de  alunos do 9º ano com proficiência em Língua Portuguesa e Matemática (%)"
3540408,"Populina",38.29575597,2014,"Escolaridade",20.17,"Proporção média de  alunos do 9º ano com proficiência em Língua Portuguesa e Matemática (%)"
3540408,"Populina",46.00231677,2016,"Escolaridade",24.39,"Proporção média de  alunos do 9º ano com proficiência em Língua Portuguesa e Matemática (%)"
3540408,"Populina",37.9685008,2018,"Escolaridade",29.18,"Proporção média de  alunos do 9º ano com proficiência em Língua Portuguesa e Matemática (%)"
3540408,"Populina",54.05022097,2020,"Escolaridade",33.99,"Proporção média de  alunos do 9º ano com proficiência em Língua Portuguesa e Matemática (%)"
3540408,"Populina",54.05022097,2022,"Escolaridade",32.24,"Proporção média de  alunos do 9º ano com proficiência em Língua Portuguesa e Matemática (%)"
3540408,"Populina",41.12,2024,"Escolaridade",31.01,"Proporção média de  alunos do 9º ano com proficiência em Língua Portuguesa e Matemática (%)"
3540507,"Porangaba",26.61381801,2014,"Escolaridade",20.17,"Proporção média de  alunos do 9º ano com proficiência em Língua Portuguesa e Matemática (%)"
3540507,"Porangaba",30.61600938,2016,"Escolaridade",24.39,"Proporção média de  alunos do 9º ano com proficiência em Língua Portuguesa e Matemática (%)"
3540507,"Porangaba",13.36756925,2018,"Escolaridade",29.18,"Proporção média de  alunos do 9º ano com proficiência em Língua Portuguesa e Matemática (%)"
3540507,"Porangaba",32.53547392,2020,"Escolaridade",33.99,"Proporção média de  alunos do 9º ano com proficiência em Língua Portuguesa e Matemática (%)"
3540507,"Porangaba",29.645,2022,"Escolaridade",32.24,"Proporção média de  alunos do 9º ano com proficiência em Língua Portuguesa e Matemática (%)"
3540507,"Porangaba",20.9,2024,"Escolaridade",31.01,"Proporção média de  alunos do 9º ano com proficiência em Língua Portuguesa e Matemática (%)"
3540606,"Porto Feliz",26.67806523,2014,"Escolaridade",20.17,"Proporção média de  alunos do 9º ano com proficiência em Língua Portuguesa e Matemática (%)"
3540606,"Porto Feliz",24.76361115,2016,"Escolaridade",24.39,"Proporção média de  alunos do 9º ano com proficiência em Língua Portuguesa e Matemática (%)"
3540606,"Porto Feliz",29.9741284,2018,"Escolaridade",29.18,"Proporção média de  alunos do 9º ano com proficiência em Língua Portuguesa e Matemática (%)"
3540606,"Porto Feliz",37.73143893,2020,"Escolaridade",33.99,"Proporção média de  alunos do 9º ano com proficiência em Língua Portuguesa e Matemática (%)"
3540606,"Porto Feliz",32.13,2022,"Escolaridade",32.24,"Proporção média de  alunos do 9º ano com proficiência em Língua Portuguesa e Matemática (%)"
3540606,"Porto Feliz",33.445,2024,"Escolaridade",31.01,"Proporção média de  alunos do 9º ano com proficiência em Língua Portuguesa e Matemática (%)"
3540705,"Porto Ferreira",21.11680273,2014,"Escolaridade",20.17,"Proporção média de  alunos do 9º ano com proficiência em Língua Portuguesa e Matemática (%)"
3540705,"Porto Ferreira",24.67111676,2016,"Escolaridade",24.39,"Proporção média de  alunos do 9º ano com proficiência em Língua Portuguesa e Matemática (%)"
3540705,"Porto Ferreira",37.55669628,2018,"Escolaridade",29.18,"Proporção média de  alunos do 9º ano com proficiência em Língua Portuguesa e Matemática (%)"
3540705,"Porto Ferreira",39.45211575,2020,"Escolaridade",33.99,"Proporção média de  alunos do 9º ano com proficiência em Língua Portuguesa e Matemática (%)"
3540705,"Porto Ferreira",30.46,2022,"Escolaridade",32.24,"Proporção média de  alunos do 9º ano com proficiência em Língua Portuguesa e Matemática (%)"
3540705,"Porto Ferreira",29.995,2024,"Escolaridade",31.01,"Proporção média de  alunos do 9º ano com proficiência em Língua Portuguesa e Matemática (%)"
3540754,"Potim",17.84967683,2014,"Escolaridade",20.17,"Proporção média de  alunos do 9º ano com proficiência em Língua Portuguesa e Matemática (%)"
3540754,"Potim",23.30844469,2016,"Escolaridade",24.39,"Proporção média de  alunos do 9º ano com proficiência em Língua Portuguesa e Matemática (%)"
3540754,"Potim",18.95464793,2018,"Escolaridade",29.18,"Proporção média de  alunos do 9º ano com proficiência em Língua Portuguesa e Matemática (%)"
3540754,"Potim",32.52730272,2020,"Escolaridade",33.99,"Proporção média de  alunos do 9º ano com proficiência em Língua Portuguesa e Matemática (%)"
3540754,"Potim",33.08,2022,"Escolaridade",32.24,"Proporção média de  alunos do 9º ano com proficiência em Língua Portuguesa e Matemática (%)"
3540754,"Potim",34.02,2024,"Escolaridade",31.01,"Proporção média de  alunos do 9º ano com proficiência em Língua Portuguesa e Matemática (%)"
3540804,"Potirendaba",45.43371183,2014,"Escolaridade",20.17,"Proporção média de  alunos do 9º ano com proficiência em Língua Portuguesa e Matemática (%)"
3540804,"Potirendaba",50.16215658,2016,"Escolaridade",24.39,"Proporção média de  alunos do 9º ano com proficiência em Língua Portuguesa e Matemática (%)"
3540804,"Potirendaba",39.97585731,2018,"Escolaridade",29.18,"Proporção média de  alunos do 9º ano com proficiência em Língua Portuguesa e Matemática (%)"
3540804,"Potirendaba",51.66171818,2020,"Escolaridade",33.99,"Proporção média de  alunos do 9º ano com proficiência em Língua Portuguesa e Matemática (%)"
3540804,"Potirendaba",36.065,2022,"Escolaridade",32.24,"Proporção média de  alunos do 9º ano com proficiência em Língua Portuguesa e Matemática (%)"
3540804,"Potirendaba",36.79,2024,"Escolaridade",31.01,"Proporção média de  alunos do 9º ano com proficiência em Língua Portuguesa e Matemática (%)"
3540853,"Pracinha",14,2014,"Escolaridade",20.17,"Proporção média de  alunos do 9º ano com proficiência em Língua Portuguesa e Matemática (%)"
3540853,"Pracinha",18.75094433,2016,"Escolaridade",24.39,"Proporção média de  alunos do 9º ano com proficiência em Língua Portuguesa e Matemática (%)"
3540853,"Pracinha",20.45454545,2018,"Escolaridade",29.18,"Proporção média de  alunos do 9º ano com proficiência em Língua Portuguesa e Matemática (%)"
3540853,"Pracinha",18.7515745,2020,"Escolaridade",33.99,"Proporção média de  alunos do 9º ano com proficiência em Língua Portuguesa e Matemática (%)"
3540853,"Pracinha",21.875,2022,"Escolaridade",32.24,"Proporção média de  alunos do 9º ano com proficiência em Língua Portuguesa e Matemática (%)"
3540853,"Pracinha",26.315,2024,"Escolaridade",31.01,"Proporção média de  alunos do 9º ano com proficiência em Língua Portuguesa e Matemática (%)"
3540903,"Pradópolis",29.02066364,2014,"Escolaridade",20.17,"Proporção média de  alunos do 9º ano com proficiência em Língua Portuguesa e Matemática (%)"
3540903,"Pradópolis",19.64887151,2016,"Escolaridade",24.39,"Proporção média de  alunos do 9º ano com proficiência em Língua Portuguesa e Matemática (%)"
3540903,"Pradópolis",27.57715943,2018,"Escolaridade",29.18,"Proporção média de  alunos do 9º ano com proficiência em Língua Portuguesa e Matemática (%)"
3540903,"Pradópolis",33.84102267,2020,"Escolaridade",33.99,"Proporção média de  alunos do 9º ano com proficiência em Língua Portuguesa e Matemática (%)"
3540903,"Pradópolis",33.84102267,2022,"Escolaridade",32.24,"Proporção média de  alunos do 9º ano com proficiência em Língua Portuguesa e Matemática (%)"
3540903,"Pradópolis",25.8,2024,"Escolaridade",31.01,"Proporção média de  alunos do 9º ano com proficiência em Língua Portuguesa e Matemática (%)"
3541000,"Praia Grande",23.72308426,2014,"Escolaridade",20.17,"Proporção média de  alunos do 9º ano com proficiência em Língua Portuguesa e Matemática (%)"
3541000,"Praia Grande",28.24037888,2016,"Escolaridade",24.39,"Proporção média de  alunos do 9º ano com proficiência em Língua Portuguesa e Matemática (%)"
3541000,"Praia Grande",32.2664783,2018,"Escolaridade",29.18,"Proporção média de  alunos do 9º ano com proficiência em Língua Portuguesa e Matemática (%)"
3541000,"Praia Grande",35.01544161,2020,"Escolaridade",33.99,"Proporção média de  alunos do 9º ano com proficiência em Língua Portuguesa e Matemática (%)"
3541000,"Praia Grande",34.075,2022,"Escolaridade",32.24,"Proporção média de  alunos do 9º ano com proficiência em Língua Portuguesa e Matemática (%)"
3541000,"Praia Grande",34.39,2024,"Escolaridade",31.01,"Proporção média de  alunos do 9º ano com proficiência em Língua Portuguesa e Matemática (%)"
3541059,"Pratânia",17.80913978,2014,"Escolaridade",20.17,"Proporção média de  alunos do 9º ano com proficiência em Língua Portuguesa e Matemática (%)"
3541059,"Pratânia",25.17578215,2016,"Escolaridade",24.39,"Proporção média de  alunos do 9º ano com proficiência em Língua Portuguesa e Matemática (%)"
3541059,"Pratânia",27.65472595,2018,"Escolaridade",29.18,"Proporção média de  alunos do 9º ano com proficiência em Língua Portuguesa e Matemática (%)"
3541059,"Pratânia",21.99983836,2020,"Escolaridade",33.99,"Proporção média de  alunos do 9º ano com proficiência em Língua Portuguesa e Matemática (%)"
3541059,"Pratânia",22.43,2022,"Escolaridade",32.24,"Proporção média de  alunos do 9º ano com proficiência em Língua Portuguesa e Matemática (%)"
3541059,"Pratânia",23.4,2024,"Escolaridade",31.01,"Proporção média de  alunos do 9º ano com proficiência em Língua Portuguesa e Matemática (%)"
3541109,"Presidente Alves",15.78323637,2014,"Escolaridade",20.17,"Proporção média de  alunos do 9º ano com proficiência em Língua Portuguesa e Matemática (%)"
3541109,"Presidente Alves",19.51317784,2016,"Escolaridade",24.39,"Proporção média de  alunos do 9º ano com proficiência em Língua Portuguesa e Matemática (%)"
3541109,"Presidente Alves",17.00817565,2018,"Escolaridade",29.18,"Proporção média de  alunos do 9º ano com proficiência em Língua Portuguesa e Matemática (%)"
3541109,"Presidente Alves",17.00817565,2020,"Escolaridade",33.99,"Proporção média de  alunos do 9º ano com proficiência em Língua Portuguesa e Matemática (%)"
3541109,"Presidente Alves",17.00817565,2022,"Escolaridade",32.24,"Proporção média de  alunos do 9º ano com proficiência em Língua Portuguesa e Matemática (%)"
3541109,"Presidente Alves",25.82,2024,"Escolaridade",31.01,"Proporção média de  alunos do 9º ano com proficiência em Língua Portuguesa e Matemática (%)"
3541208,"Presidente Bernardes",14.60522354,2014,"Escolaridade",20.17,"Proporção média de  alunos do 9º ano com proficiência em Língua Portuguesa e Matemática (%)"
3541208,"Presidente Bernardes",19.60811648,2016,"Escolaridade",24.39,"Proporção média de  alunos do 9º ano com proficiência em Língua Portuguesa e Matemática (%)"
3541208,"Presidente Bernardes",28.36708248,2018,"Escolaridade",29.18,"Proporção média de  alunos do 9º ano com proficiência em Língua Portuguesa e Matemática (%)"
3541208,"Presidente Bernardes",30.17136205,2020,"Escolaridade",33.99,"Proporção média de  alunos do 9º ano com proficiência em Língua Portuguesa e Matemática (%)"
3541208,"Presidente Bernardes",34.135,2022,"Escolaridade",32.24,"Proporção média de  alunos do 9º ano com proficiência em Língua Portuguesa e Matemática (%)"
3541208,"Presidente Bernardes",32.67,2024,"Escolaridade",31.01,"Proporção média de  alunos do 9º ano com proficiência em Língua Portuguesa e Matemática (%)"
3541307,"Presidente Epitácio",16.03580232,2014,"Escolaridade",20.17,"Proporção média de  alunos do 9º ano com proficiência em Língua Portuguesa e Matemática (%)"
3541307,"Presidente Epitácio",27.00034702,2016,"Escolaridade",24.39,"Proporção média de  alunos do 9º ano com proficiência em Língua Portuguesa e Matemática (%)"
3541307,"Presidente Epitácio",25.76569604,2018,"Escolaridade",29.18,"Proporção média de  alunos do 9º ano com proficiência em Língua Portuguesa e Matemática (%)"
3541307,"Presidente Epitácio",32.32039096,2020,"Escolaridade",33.99,"Proporção média de  alunos do 9º ano com proficiência em Língua Portuguesa e Matemática (%)"
3541307,"Presidente Epitácio",37.54,2022,"Escolaridade",32.24,"Proporção média de  alunos do 9º ano com proficiência em Língua Portuguesa e Matemática (%)"
3541307,"Presidente Epitácio",39.21,2024,"Escolaridade",31.01,"Proporção média de  alunos do 9º ano com proficiência em Língua Portuguesa e Matemática (%)"
3541406,"Presidente Prudente",20.87491722,2014,"Escolaridade",20.17,"Proporção média de  alunos do 9º ano com proficiência em Língua Portuguesa e Matemática (%)"
3541406,"Presidente Prudente",22.65152594,2016,"Escolaridade",24.39,"Proporção média de  alunos do 9º ano com proficiência em Língua Portuguesa e Matemática (%)"
3541406,"Presidente Prudente",31.25037705,2018,"Escolaridade",29.18,"Proporção média de  alunos do 9º ano com proficiência em Língua Portuguesa e Matemática (%)"
3541406,"Presidente Prudente",41.31221805,2020,"Escolaridade",33.99,"Proporção média de  alunos do 9º ano com proficiência em Língua Portuguesa e Matemática (%)"
3541406,"Presidente Prudente",34.83,2022,"Escolaridade",32.24,"Proporção média de  alunos do 9º ano com proficiência em Língua Portuguesa e Matemática (%)"
3541406,"Presidente Prudente",32.37,2024,"Escolaridade",31.01,"Proporção média de  alunos do 9º ano com proficiência em Língua Portuguesa e Matemática (%)"
3541505,"Presidente Venceslau",30.84343566,2014,"Escolaridade",20.17,"Proporção média de  alunos do 9º ano com proficiência em Língua Portuguesa e Matemática (%)"
3541505,"Presidente Venceslau",30.66685478,2016,"Escolaridade",24.39,"Proporção média de  alunos do 9º ano com proficiência em Língua Portuguesa e Matemática (%)"
3541505,"Presidente Venceslau",30.88019231,2018,"Escolaridade",29.18,"Proporção média de  alunos do 9º ano com proficiência em Língua Portuguesa e Matemática (%)"
3541505,"Presidente Venceslau",37.81883608,2020,"Escolaridade",33.99,"Proporção média de  alunos do 9º ano com proficiência em Língua Portuguesa e Matemática (%)"
3541505,"Presidente Venceslau",40.655,2022,"Escolaridade",32.24,"Proporção média de  alunos do 9º ano com proficiência em Língua Portuguesa e Matemática (%)"
3541505,"Presidente Venceslau",40.52,2024,"Escolaridade",31.01,"Proporção média de  alunos do 9º ano com proficiência em Língua Portuguesa e Matemática (%)"
3541604,"Promissão",17.36894317,2014,"Escolaridade",20.17,"Proporção média de  alunos do 9º ano com proficiência em Língua Portuguesa e Matemática (%)"
3541604,"Promissão",22.0345329,2016,"Escolaridade",24.39,"Proporção média de  alunos do 9º ano com proficiência em Língua Portuguesa e Matemática (%)"
3541604,"Promissão",27.63606363,2018,"Escolaridade",29.18,"Proporção média de  alunos do 9º ano com proficiência em Língua Portuguesa e Matemática (%)"
3541604,"Promissão",29.02532477,2020,"Escolaridade",33.99,"Proporção média de  alunos do 9º ano com proficiência em Língua Portuguesa e Matemática (%)"
3541604,"Promissão",30.245,2022,"Escolaridade",32.24,"Proporção média de  alunos do 9º ano com proficiência em Língua Portuguesa e Matemática (%)"
3541604,"Promissão",29.79,2024,"Escolaridade",31.01,"Proporção média de  alunos do 9º ano com proficiência em Língua Portuguesa e Matemática (%)"
3541653,"Quadra",34.15223264,2014,"Escolaridade",20.17,"Proporção média de  alunos do 9º ano com proficiência em Língua Portuguesa e Matemática (%)"
3541653,"Quadra",26.31566081,2016,"Escolaridade",24.39,"Proporção média de  alunos do 9º ano com proficiência em Língua Portuguesa e Matemática (%)"
3541653,"Quadra",33.2173913,2018,"Escolaridade",29.18,"Proporção média de  alunos do 9º ano com proficiência em Língua Portuguesa e Matemática (%)"
3541653,"Quadra",35.71728476,2020,"Escolaridade",33.99,"Proporção média de  alunos do 9º ano com proficiência em Língua Portuguesa e Matemática (%)"
3541653,"Quadra",21.935,2022,"Escolaridade",32.24,"Proporção média de  alunos do 9º ano com proficiência em Língua Portuguesa e Matemática (%)"
3541653,"Quadra",37.88,2024,"Escolaridade",31.01,"Proporção média de  alunos do 9º ano com proficiência em Língua Portuguesa e Matemática (%)"
3541703,"Quatá",9.004409218,2014,"Escolaridade",20.17,"Proporção média de  alunos do 9º ano com proficiência em Língua Portuguesa e Matemática (%)"
3541703,"Quatá",22.25107844,2016,"Escolaridade",24.39,"Proporção média de  alunos do 9º ano com proficiência em Língua Portuguesa e Matemática (%)"
3541703,"Quatá",14.99870694,2018,"Escolaridade",29.18,"Proporção média de  alunos do 9º ano com proficiência em Língua Portuguesa e Matemática (%)"
3541703,"Quatá",15.08748592,2020,"Escolaridade",33.99,"Proporção média de  alunos do 9º ano com proficiência em Língua Portuguesa e Matemática (%)"
3541703,"Quatá",15.08748592,2022,"Escolaridade",32.24,"Proporção média de  alunos do 9º ano com proficiência em Língua Portuguesa e Matemática (%)"
3541703,"Quatá",26.38,2024,"Escolaridade",31.01,"Proporção média de  alunos do 9º ano com proficiência em Língua Portuguesa e Matemática (%)"
3541802,"Queiroz",12.77777778,2014,"Escolaridade",20.17,"Proporção média de  alunos do 9º ano com proficiência em Língua Portuguesa e Matemática (%)"
3541802,"Queiroz",20.26188999,2016,"Escolaridade",24.39,"Proporção média de  alunos do 9º ano com proficiência em Língua Portuguesa e Matemática (%)"
3541802,"Queiroz",19.97236395,2018,"Escolaridade",29.18,"Proporção média de  alunos do 9º ano com proficiência em Língua Portuguesa e Matemática (%)"
3541802,"Queiroz",31.65248939,2020,"Escolaridade",33.99,"Proporção média de  alunos do 9º ano com proficiência em Língua Portuguesa e Matemática (%)"
3541802,"Queiroz",30.76,2022,"Escolaridade",32.24,"Proporção média de  alunos do 9º ano com proficiência em Língua Portuguesa e Matemática (%)"
3541802,"Queiroz",25.27,2024,"Escolaridade",31.01,"Proporção média de  alunos do 9º ano com proficiência em Língua Portuguesa e Matemática (%)"
3541901,"Queluz",19.26245788,2014,"Escolaridade",20.17,"Proporção média de  alunos do 9º ano com proficiência em Língua Portuguesa e Matemática (%)"
3541901,"Queluz",14.93584852,2016,"Escolaridade",24.39,"Proporção média de  alunos do 9º ano com proficiência em Língua Portuguesa e Matemática (%)"
3541901,"Queluz",27.19403215,2018,"Escolaridade",29.18,"Proporção média de  alunos do 9º ano com proficiência em Língua Portuguesa e Matemática (%)"
3541901,"Queluz",22.50168521,2020,"Escolaridade",33.99,"Proporção média de  alunos do 9º ano com proficiência em Língua Portuguesa e Matemática (%)"
3541901,"Queluz",24.23,2022,"Escolaridade",32.24,"Proporção média de  alunos do 9º ano com proficiência em Língua Portuguesa e Matemática (%)"
3541901,"Queluz",30.21,2024,"Escolaridade",31.01,"Proporção média de  alunos do 9º ano com proficiência em Língua Portuguesa e Matemática (%)"
3542008,"Quintana",10.4895694,2014,"Escolaridade",20.17,"Proporção média de  alunos do 9º ano com proficiência em Língua Portuguesa e Matemática (%)"
3542008,"Quintana",21.82108206,2016,"Escolaridade",24.39,"Proporção média de  alunos do 9º ano com proficiência em Língua Portuguesa e Matemática (%)"
3542008,"Quintana",23.86208752,2018,"Escolaridade",29.18,"Proporção média de  alunos do 9º ano com proficiência em Língua Portuguesa e Matemática (%)"
3542008,"Quintana",27.14116993,2020,"Escolaridade",33.99,"Proporção média de  alunos do 9º ano com proficiência em Língua Portuguesa e Matemática (%)"
3542008,"Quintana",25.84,2022,"Escolaridade",32.24,"Proporção média de  alunos do 9º ano com proficiência em Língua Portuguesa e Matemática (%)"
3542008,"Quintana",34.57,2024,"Escolaridade",31.01,"Proporção média de  alunos do 9º ano com proficiência em Língua Portuguesa e Matemática (%)"
3542107,"Rafard",30.68783069,2014,"Escolaridade",20.17,"Proporção média de  alunos do 9º ano com proficiência em Língua Portuguesa e Matemática (%)"
3542107,"Rafard",38.10552309,2016,"Escolaridade",24.39,"Proporção média de  alunos do 9º ano com proficiência em Língua Portuguesa e Matemática (%)"
3542107,"Rafard",27.27922078,2018,"Escolaridade",29.18,"Proporção média de  alunos do 9º ano com proficiência em Língua Portuguesa e Matemática (%)"
3542107,"Rafard",39.32465851,2020,"Escolaridade",33.99,"Proporção média de  alunos do 9º ano com proficiência em Língua Portuguesa e Matemática (%)"
3542107,"Rafard",40.255,2022,"Escolaridade",32.24,"Proporção média de  alunos do 9º ano com proficiência em Língua Portuguesa e Matemática (%)"
3542107,"Rafard",38.96,2024,"Escolaridade",31.01,"Proporção média de  alunos do 9º ano com proficiência em Língua Portuguesa e Matemática (%)"
3542206,"Rancharia",26.96882231,2014,"Escolaridade",20.17,"Proporção média de  alunos do 9º ano com proficiência em Língua Portuguesa e Matemática (%)"
3542206,"Rancharia",29.82358289,2016,"Escolaridade",24.39,"Proporção média de  alunos do 9º ano com proficiência em Língua Portuguesa e Matemática (%)"
3542206,"Rancharia",25.96205019,2018,"Escolaridade",29.18,"Proporção média de  alunos do 9º ano com proficiência em Língua Portuguesa e Matemática (%)"
3542206,"Rancharia",34.37720722,2020,"Escolaridade",33.99,"Proporção média de  alunos do 9º ano com proficiência em Língua Portuguesa e Matemática (%)"
3542206,"Rancharia",45.145,2022,"Escolaridade",32.24,"Proporção média de  alunos do 9º ano com proficiência em Língua Portuguesa e Matemática (%)"
3542206,"Rancharia",41.9,2024,"Escolaridade",31.01,"Proporção média de  alunos do 9º ano com proficiência em Língua Portuguesa e Matemática (%)"
3542305,"Redenção da Serra",14.89082448,2014,"Escolaridade",20.17,"Proporção média de  alunos do 9º ano com proficiência em Língua Portuguesa e Matemática (%)"
3542305,"Redenção da Serra",29.11236725,2016,"Escolaridade",24.39,"Proporção média de  alunos do 9º ano com proficiência em Língua Portuguesa e Matemática (%)"
3542305,"Redenção da Serra",23.31317562,2018,"Escolaridade",29.18,"Proporção média de  alunos do 9º ano com proficiência em Língua Portuguesa e Matemática (%)"
3542305,"Redenção da Serra",21.12709991,2020,"Escolaridade",33.99,"Proporção média de  alunos do 9º ano com proficiência em Língua Portuguesa e Matemática (%)"
3542305,"Redenção da Serra",21.12709991,2022,"Escolaridade",32.24,"Proporção média de  alunos do 9º ano com proficiência em Língua Portuguesa e Matemática (%)"
3542305,"Redenção da Serra",26.76,2024,"Escolaridade",31.01,"Proporção média de  alunos do 9º ano com proficiência em Língua Portuguesa e Matemática (%)"
3542404,"Regente Feijó",25.38736848,2014,"Escolaridade",20.17,"Proporção média de  alunos do 9º ano com proficiência em Língua Portuguesa e Matemática (%)"
3542404,"Regente Feijó",34.41565797,2016,"Escolaridade",24.39,"Proporção média de  alunos do 9º ano com proficiência em Língua Portuguesa e Matemática (%)"
3542404,"Regente Feijó",28.70618688,2018,"Escolaridade",29.18,"Proporção média de  alunos do 9º ano com proficiência em Língua Portuguesa e Matemática (%)"
3542404,"Regente Feijó",29.1539238,2020,"Escolaridade",33.99,"Proporção média de  alunos do 9º ano com proficiência em Língua Portuguesa e Matemática (%)"
3542404,"Regente Feijó",36.69,2022,"Escolaridade",32.24,"Proporção média de  alunos do 9º ano com proficiência em Língua Portuguesa e Matemática (%)"
3542404,"Regente Feijó",26.775,2024,"Escolaridade",31.01,"Proporção média de  alunos do 9º ano com proficiência em Língua Portuguesa e Matemática (%)"
3542503,"Reginópolis",12.2692927,2014,"Escolaridade",20.17,"Proporção média de  alunos do 9º ano com proficiência em Língua Portuguesa e Matemática (%)"
3542503,"Reginópolis",19.03663319,2016,"Escolaridade",24.39,"Proporção média de  alunos do 9º ano com proficiência em Língua Portuguesa e Matemática (%)"
3542503,"Reginópolis",17.89879549,2018,"Escolaridade",29.18,"Proporção média de  alunos do 9º ano com proficiência em Língua Portuguesa e Matemática (%)"
3542503,"Reginópolis",17.89879549,2020,"Escolaridade",33.99,"Proporção média de  alunos do 9º ano com proficiência em Língua Portuguesa e Matemática (%)"
3542503,"Reginópolis",23.895,2022,"Escolaridade",32.24,"Proporção média de  alunos do 9º ano com proficiência em Língua Portuguesa e Matemática (%)"
3542503,"Reginópolis",26.5,2024,"Escolaridade",31.01,"Proporção média de  alunos do 9º ano com proficiência em Língua Portuguesa e Matemática (%)"
3542602,"Registro",22.22169605,2014,"Escolaridade",20.17,"Proporção média de  alunos do 9º ano com proficiência em Língua Portuguesa e Matemática (%)"
3542602,"Registro",22.18949457,2016,"Escolaridade",24.39,"Proporção média de  alunos do 9º ano com proficiência em Língua Portuguesa e Matemática (%)"
3542602,"Registro",33.02005248,2018,"Escolaridade",29.18,"Proporção média de  alunos do 9º ano com proficiência em Língua Portuguesa e Matemática (%)"
3542602,"Registro",35.20693837,2020,"Escolaridade",33.99,"Proporção média de  alunos do 9º ano com proficiência em Língua Portuguesa e Matemática (%)"
3542602,"Registro",28.625,2022,"Escolaridade",32.24,"Proporção média de  alunos do 9º ano com proficiência em Língua Portuguesa e Matemática (%)"
3542602,"Registro",34.665,2024,"Escolaridade",31.01,"Proporção média de  alunos do 9º ano com proficiência em Língua Portuguesa e Matemática (%)"
3542701,"Restinga",10.32343912,2014,"Escolaridade",20.17,"Proporção média de  alunos do 9º ano com proficiência em Língua Portuguesa e Matemática (%)"
3542701,"Restinga",21.09493619,2016,"Escolaridade",24.39,"Proporção média de  alunos do 9º ano com proficiência em Língua Portuguesa e Matemática (%)"
3542701,"Restinga",21.04702194,2018,"Escolaridade",29.18,"Proporção média de  alunos do 9º ano com proficiência em Língua Portuguesa e Matemática (%)"
3542701,"Restinga",18.61292786,2020,"Escolaridade",33.99,"Proporção média de  alunos do 9º ano com proficiência em Língua Portuguesa e Matemática (%)"
3542701,"Restinga",18.61292786,2022,"Escolaridade",32.24,"Proporção média de  alunos do 9º ano com proficiência em Língua Portuguesa e Matemática (%)"
3542701,"Restinga",18.61292786,2024,"Escolaridade",31.01,"Proporção média de  alunos do 9º ano com proficiência em Língua Portuguesa e Matemática (%)"
3542800,"Ribeira",15.21768162,2014,"Escolaridade",20.17,"Proporção média de  alunos do 9º ano com proficiência em Língua Portuguesa e Matemática (%)"
3542800,"Ribeira",10.79980232,2016,"Escolaridade",24.39,"Proporção média de  alunos do 9º ano com proficiência em Língua Portuguesa e Matemática (%)"
3542800,"Ribeira",17.71794872,2018,"Escolaridade",29.18,"Proporção média de  alunos do 9º ano com proficiência em Língua Portuguesa e Matemática (%)"
3542800,"Ribeira",36.69557068,2020,"Escolaridade",33.99,"Proporção média de  alunos do 9º ano com proficiência em Língua Portuguesa e Matemática (%)"
3542800,"Ribeira",46.145,2022,"Escolaridade",32.24,"Proporção média de  alunos do 9º ano com proficiência em Língua Portuguesa e Matemática (%)"
3542800,"Ribeira",29.76,2024,"Escolaridade",31.01,"Proporção média de  alunos do 9º ano com proficiência em Língua Portuguesa e Matemática (%)"
3542909,"Ribeirão Bonito",10.62042371,2014,"Escolaridade",20.17,"Proporção média de  alunos do 9º ano com proficiência em Língua Portuguesa e Matemática (%)"
3542909,"Ribeirão Bonito",16.98598654,2016,"Escolaridade",24.39,"Proporção média de  alunos do 9º ano com proficiência em Língua Portuguesa e Matemática (%)"
3542909,"Ribeirão Bonito",22.16766378,2018,"Escolaridade",29.18,"Proporção média de  alunos do 9º ano com proficiência em Língua Portuguesa e Matemática (%)"
3542909,"Ribeirão Bonito",16.66806622,2020,"Escolaridade",33.99,"Proporção média de  alunos do 9º ano com proficiência em Língua Portuguesa e Matemática (%)"
3542909,"Ribeirão Bonito",16.82,2022,"Escolaridade",32.24,"Proporção média de  alunos do 9º ano com proficiência em Língua Portuguesa e Matemática (%)"
3542909,"Ribeirão Bonito",12.82,2024,"Escolaridade",31.01,"Proporção média de  alunos do 9º ano com proficiência em Língua Portuguesa e Matemática (%)"
3543006,"Ribeirão Branco",15.45104076,2014,"Escolaridade",20.17,"Proporção média de  alunos do 9º ano com proficiência em Língua Portuguesa e Matemática (%)"
3543006,"Ribeirão Branco",21.81772191,2016,"Escolaridade",24.39,"Proporção média de  alunos do 9º ano com proficiência em Língua Portuguesa e Matemática (%)"
3543006,"Ribeirão Branco",26.7762177,2018,"Escolaridade",29.18,"Proporção média de  alunos do 9º ano com proficiência em Língua Portuguesa e Matemática (%)"
3543006,"Ribeirão Branco",47.49899532,2020,"Escolaridade",33.99,"Proporção média de  alunos do 9º ano com proficiência em Língua Portuguesa e Matemática (%)"
3543006,"Ribeirão Branco",31.705,2022,"Escolaridade",32.24,"Proporção média de  alunos do 9º ano com proficiência em Língua Portuguesa e Matemática (%)"
3543006,"Ribeirão Branco",33.495,2024,"Escolaridade",31.01,"Proporção média de  alunos do 9º ano com proficiência em Língua Portuguesa e Matemática (%)"
3543105,"Ribeirão Corrente",25.1520979,2014,"Escolaridade",20.17,"Proporção média de  alunos do 9º ano com proficiência em Língua Portuguesa e Matemática (%)"
3543105,"Ribeirão Corrente",24.10408474,2016,"Escolaridade",24.39,"Proporção média de  alunos do 9º ano com proficiência em Língua Portuguesa e Matemática (%)"
3543105,"Ribeirão Corrente",30.49719888,2018,"Escolaridade",29.18,"Proporção média de  alunos do 9º ano com proficiência em Língua Portuguesa e Matemática (%)"
3543105,"Ribeirão Corrente",33.90121187,2020,"Escolaridade",33.99,"Proporção média de  alunos do 9º ano com proficiência em Língua Portuguesa e Matemática (%)"
3543105,"Ribeirão Corrente",30.86,2022,"Escolaridade",32.24,"Proporção média de  alunos do 9º ano com proficiência em Língua Portuguesa e Matemática (%)"
3543105,"Ribeirão Corrente",45.665,2024,"Escolaridade",31.01,"Proporção média de  alunos do 9º ano com proficiência em Língua Portuguesa e Matemática (%)"
3543204,"Ribeirão do Sul",37.90860408,2014,"Escolaridade",20.17,"Proporção média de  alunos do 9º ano com proficiência em Língua Portuguesa e Matemática (%)"
3543204,"Ribeirão do Sul",21.22928266,2016,"Escolaridade",24.39,"Proporção média de  alunos do 9º ano com proficiência em Língua Portuguesa e Matemática (%)"
3543204,"Ribeirão do Sul",25.84294264,2018,"Escolaridade",29.18,"Proporção média de  alunos do 9º ano com proficiência em Língua Portuguesa e Matemática (%)"
3543204,"Ribeirão do Sul",28.84711915,2020,"Escolaridade",33.99,"Proporção média de  alunos do 9º ano com proficiência em Língua Portuguesa e Matemática (%)"
3543204,"Ribeirão do Sul",43.675,2022,"Escolaridade",32.24,"Proporção média de  alunos do 9º ano com proficiência em Língua Portuguesa e Matemática (%)"
3543204,"Ribeirão do Sul",29.385,2024,"Escolaridade",31.01,"Proporção média de  alunos do 9º ano com proficiência em Língua Portuguesa e Matemática (%)"
3543238,"Ribeirão dos Índios",4.347826087,2014,"Escolaridade",20.17,"Proporção média de  alunos do 9º ano com proficiência em Língua Portuguesa e Matemática (%)"
3543238,"Ribeirão dos Índios",13.04347826,2016,"Escolaridade",24.39,"Proporção média de  alunos do 9º ano com proficiência em Língua Portuguesa e Matemática (%)"
3543238,"Ribeirão dos Índios",13.04347826,2018,"Escolaridade",29.18,"Proporção média de  alunos do 9º ano com proficiência em Língua Portuguesa e Matemática (%)"
3543238,"Ribeirão dos Índios",15.62631208,2020,"Escolaridade",33.99,"Proporção média de  alunos do 9º ano com proficiência em Língua Portuguesa e Matemática (%)"
3543238,"Ribeirão dos Índios",26,2022,"Escolaridade",32.24,"Proporção média de  alunos do 9º ano com proficiência em Língua Portuguesa e Matemática (%)"
3543238,"Ribeirão dos Índios",42.85,2024,"Escolaridade",31.01,"Proporção média de  alunos do 9º ano com proficiência em Língua Portuguesa e Matemática (%)"
3543253,"Ribeirão Grande",15.50722961,2014,"Escolaridade",20.17,"Proporção média de  alunos do 9º ano com proficiência em Língua Portuguesa e Matemática (%)"
3543253,"Ribeirão Grande",24.98609559,2016,"Escolaridade",24.39,"Proporção média de  alunos do 9º ano com proficiência em Língua Portuguesa e Matemática (%)"
3543253,"Ribeirão Grande",47.11942712,2018,"Escolaridade",29.18,"Proporção média de  alunos do 9º ano com proficiência em Língua Portuguesa e Matemática (%)"
3543253,"Ribeirão Grande",36.32470919,2020,"Escolaridade",33.99,"Proporção média de  alunos do 9º ano com proficiência em Língua Portuguesa e Matemática (%)"
3543253,"Ribeirão Grande",31.5,2022,"Escolaridade",32.24,"Proporção média de  alunos do 9º ano com proficiência em Língua Portuguesa e Matemática (%)"
3543253,"Ribeirão Grande",36.625,2024,"Escolaridade",31.01,"Proporção média de  alunos do 9º ano com proficiência em Língua Portuguesa e Matemática (%)"
3543303,"Ribeirão Pires",25.00013584,2014,"Escolaridade",20.17,"Proporção média de  alunos do 9º ano com proficiência em Língua Portuguesa e Matemática (%)"
3543303,"Ribeirão Pires",30.99035099,2016,"Escolaridade",24.39,"Proporção média de  alunos do 9º ano com proficiência em Língua Portuguesa e Matemática (%)"
3543303,"Ribeirão Pires",38.44034619,2018,"Escolaridade",29.18,"Proporção média de  alunos do 9º ano com proficiência em Língua Portuguesa e Matemática (%)"
3543303,"Ribeirão Pires",36.1753609,2020,"Escolaridade",33.99,"Proporção média de  alunos do 9º ano com proficiência em Língua Portuguesa e Matemática (%)"
3543303,"Ribeirão Pires",38.985,2022,"Escolaridade",32.24,"Proporção média de  alunos do 9º ano com proficiência em Língua Portuguesa e Matemática (%)"
3543303,"Ribeirão Pires",39.175,2024,"Escolaridade",31.01,"Proporção média de  alunos do 9º ano com proficiência em Língua Portuguesa e Matemática (%)"
3543402,"Ribeirão Preto",19.52427543,2014,"Escolaridade",20.17,"Proporção média de  alunos do 9º ano com proficiência em Língua Portuguesa e Matemática (%)"
3543402,"Ribeirão Preto",27.2534458,2016,"Escolaridade",24.39,"Proporção média de  alunos do 9º ano com proficiência em Língua Portuguesa e Matemática (%)"
3543402,"Ribeirão Preto",29.655394479999998,2018,"Escolaridade",29.18,"Proporção média de  alunos do 9º ano com proficiência em Língua Portuguesa e Matemática (%)"
3543402,"Ribeirão Preto",32.27493365,2020,"Escolaridade",33.99,"Proporção média de  alunos do 9º ano com proficiência em Língua Portuguesa e Matemática (%)"
3543402,"Ribeirão Preto",29.66,2022,"Escolaridade",32.24,"Proporção média de  alunos do 9º ano com proficiência em Língua Portuguesa e Matemática (%)"
3543402,"Ribeirão Preto",27.1,2024,"Escolaridade",31.01,"Proporção média de  alunos do 9º ano com proficiência em Língua Portuguesa e Matemática (%)"
3543501,"Riversul",26.32784993,2014,"Escolaridade",20.17,"Proporção média de  alunos do 9º ano com proficiência em Língua Portuguesa e Matemática (%)"
3543501,"Riversul",29.45806675,2016,"Escolaridade",24.39,"Proporção média de  alunos do 9º ano com proficiência em Língua Portuguesa e Matemática (%)"
3543501,"Riversul",36.46926537,2018,"Escolaridade",29.18,"Proporção média de  alunos do 9º ano com proficiência em Língua Portuguesa e Matemática (%)"
3543501,"Riversul",31.6043853,2020,"Escolaridade",33.99,"Proporção média de  alunos do 9º ano com proficiência em Língua Portuguesa e Matemática (%)"
3543501,"Riversul",21.645,2022,"Escolaridade",32.24,"Proporção média de  alunos do 9º ano com proficiência em Língua Portuguesa e Matemática (%)"
3543501,"Riversul",27.695,2024,"Escolaridade",31.01,"Proporção média de  alunos do 9º ano com proficiência em Língua Portuguesa e Matemática (%)"
3543600,"Rifaina",20.22804827,2014,"Escolaridade",20.17,"Proporção média de  alunos do 9º ano com proficiência em Língua Portuguesa e Matemática (%)"
3543600,"Rifaina",25.09436241,2016,"Escolaridade",24.39,"Proporção média de  alunos do 9º ano com proficiência em Língua Portuguesa e Matemática (%)"
3543600,"Rifaina",23.43401617,2018,"Escolaridade",29.18,"Proporção média de  alunos do 9º ano com proficiência em Língua Portuguesa e Matemática (%)"
3543600,"Rifaina",18.37761147,2020,"Escolaridade",33.99,"Proporção média de  alunos do 9º ano com proficiência em Língua Portuguesa e Matemática (%)"
3543600,"Rifaina",33.975,2022,"Escolaridade",32.24,"Proporção média de  alunos do 9º ano com proficiência em Língua Portuguesa e Matemática (%)"
3543600,"Rifaina",25.51,2024,"Escolaridade",31.01,"Proporção média de  alunos do 9º ano com proficiência em Língua Portuguesa e Matemática (%)"
3543709,"Rincão",11.11239161,2014,"Escolaridade",20.17,"Proporção média de  alunos do 9º ano com proficiência em Língua Portuguesa e Matemática (%)"
3543709,"Rincão",17.97266528,2016,"Escolaridade",24.39,"Proporção média de  alunos do 9º ano com proficiência em Língua Portuguesa e Matemática (%)"
3543709,"Rincão",12.28009245,2018,"Escolaridade",29.18,"Proporção média de  alunos do 9º ano com proficiência em Língua Portuguesa e Matemática (%)"
3543709,"Rincão",12.28009245,2020,"Escolaridade",33.99,"Proporção média de  alunos do 9º ano com proficiência em Língua Portuguesa e Matemática (%)"
3543709,"Rincão",25.425,2022,"Escolaridade",32.24,"Proporção média de  alunos do 9º ano com proficiência em Língua Portuguesa e Matemática (%)"
3543709,"Rincão",13.61,2024,"Escolaridade",31.01,"Proporção média de  alunos do 9º ano com proficiência em Língua Portuguesa e Matemática (%)"
3543808,"Rinópolis",22.16952323,2014,"Escolaridade",20.17,"Proporção média de  alunos do 9º ano com proficiência em Língua Portuguesa e Matemática (%)"
3543808,"Rinópolis",24.93513631,2016,"Escolaridade",24.39,"Proporção média de  alunos do 9º ano com proficiência em Língua Portuguesa e Matemática (%)"
3543808,"Rinópolis",27.30340703,2018,"Escolaridade",29.18,"Proporção média de  alunos do 9º ano com proficiência em Língua Portuguesa e Matemática (%)"
3543808,"Rinópolis",38.54355893,2020,"Escolaridade",33.99,"Proporção média de  alunos do 9º ano com proficiência em Língua Portuguesa e Matemática (%)"
3543808,"Rinópolis",33.245,2022,"Escolaridade",32.24,"Proporção média de  alunos do 9º ano com proficiência em Língua Portuguesa e Matemática (%)"
3543808,"Rinópolis",35.315,2024,"Escolaridade",31.01,"Proporção média de  alunos do 9º ano com proficiência em Língua Portuguesa e Matemática (%)"
3543907,"Rio Claro",27.87580827,2014,"Escolaridade",20.17,"Proporção média de  alunos do 9º ano com proficiência em Língua Portuguesa e Matemática (%)"
3543907,"Rio Claro",17.09315615,2016,"Escolaridade",24.39,"Proporção média de  alunos do 9º ano com proficiência em Língua Portuguesa e Matemática (%)"
3543907,"Rio Claro",37.69103068,2018,"Escolaridade",29.18,"Proporção média de  alunos do 9º ano com proficiência em Língua Portuguesa e Matemática (%)"
3543907,"Rio Claro",42.10496437,2020,"Escolaridade",33.99,"Proporção média de  alunos do 9º ano com proficiência em Língua Portuguesa e Matemática (%)"
3543907,"Rio Claro",38.13,2022,"Escolaridade",32.24,"Proporção média de  alunos do 9º ano com proficiência em Língua Portuguesa e Matemática (%)"
3543907,"Rio Claro",33.215,2024,"Escolaridade",31.01,"Proporção média de  alunos do 9º ano com proficiência em Língua Portuguesa e Matemática (%)"
3544004,"Rio das Pedras",29.36083505,2014,"Escolaridade",20.17,"Proporção média de  alunos do 9º ano com proficiência em Língua Portuguesa e Matemática (%)"
3544004,"Rio das Pedras",25.3293129,2016,"Escolaridade",24.39,"Proporção média de  alunos do 9º ano com proficiência em Língua Portuguesa e Matemática (%)"
3544004,"Rio das Pedras",37.70552705,2018,"Escolaridade",29.18,"Proporção média de  alunos do 9º ano com proficiência em Língua Portuguesa e Matemática (%)"
3544004,"Rio das Pedras",33.12119602,2020,"Escolaridade",33.99,"Proporção média de  alunos do 9º ano com proficiência em Língua Portuguesa e Matemática (%)"
3544004,"Rio das Pedras",43.335,2022,"Escolaridade",32.24,"Proporção média de  alunos do 9º ano com proficiência em Língua Portuguesa e Matemática (%)"
3544004,"Rio das Pedras",41.59,2024,"Escolaridade",31.01,"Proporção média de  alunos do 9º ano com proficiência em Língua Portuguesa e Matemática (%)"
3544103,"Rio Grande da Serra",16.16492975,2014,"Escolaridade",20.17,"Proporção média de  alunos do 9º ano com proficiência em Língua Portuguesa e Matemática (%)"
3544103,"Rio Grande da Serra",24.57793399,2016,"Escolaridade",24.39,"Proporção média de  alunos do 9º ano com proficiência em Língua Portuguesa e Matemática (%)"
3544103,"Rio Grande da Serra",30.69984056,2018,"Escolaridade",29.18,"Proporção média de  alunos do 9º ano com proficiência em Língua Portuguesa e Matemática (%)"
3544103,"Rio Grande da Serra",28.98178247,2020,"Escolaridade",33.99,"Proporção média de  alunos do 9º ano com proficiência em Língua Portuguesa e Matemática (%)"
3544103,"Rio Grande da Serra",36.42,2022,"Escolaridade",32.24,"Proporção média de  alunos do 9º ano com proficiência em Língua Portuguesa e Matemática (%)"
3544103,"Rio Grande da Serra",29.395,2024,"Escolaridade",31.01,"Proporção média de  alunos do 9º ano com proficiência em Língua Portuguesa e Matemática (%)"
3544202,"Riolândia",6.231671554,2014,"Escolaridade",20.17,"Proporção média de  alunos do 9º ano com proficiência em Língua Portuguesa e Matemática (%)"
3544202,"Riolândia",11.55910891,2016,"Escolaridade",24.39,"Proporção média de  alunos do 9º ano com proficiência em Língua Portuguesa e Matemática (%)"
3544202,"Riolândia",19.968294620000002,2018,"Escolaridade",29.18,"Proporção média de  alunos do 9º ano com proficiência em Língua Portuguesa e Matemática (%)"
3544202,"Riolândia",31.90812405,2020,"Escolaridade",33.99,"Proporção média de  alunos do 9º ano com proficiência em Língua Portuguesa e Matemática (%)"
3544202,"Riolândia",38.05,2022,"Escolaridade",32.24,"Proporção média de  alunos do 9º ano com proficiência em Língua Portuguesa e Matemática (%)"
3544202,"Riolândia",29.14,2024,"Escolaridade",31.01,"Proporção média de  alunos do 9º ano com proficiência em Língua Portuguesa e Matemática (%)"
3544251,"Rosana",17.61875678,2014,"Escolaridade",20.17,"Proporção média de  alunos do 9º ano com proficiência em Língua Portuguesa e Matemática (%)"
3544251,"Rosana",20.92058201,2016,"Escolaridade",24.39,"Proporção média de  alunos do 9º ano com proficiência em Língua Portuguesa e Matemática (%)"
3544251,"Rosana",19.85481296,2018,"Escolaridade",29.18,"Proporção média de  alunos do 9º ano com proficiência em Língua Portuguesa e Matemática (%)"
3544251,"Rosana",25.94796146,2020,"Escolaridade",33.99,"Proporção média de  alunos do 9º ano com proficiência em Língua Portuguesa e Matemática (%)"
3544251,"Rosana",31.43,2022,"Escolaridade",32.24,"Proporção média de  alunos do 9º ano com proficiência em Língua Portuguesa e Matemática (%)"
3544251,"Rosana",34.885,2024,"Escolaridade",31.01,"Proporção média de  alunos do 9º ano com proficiência em Língua Portuguesa e Matemática (%)"
3544301,"Roseira",28.38212391,2014,"Escolaridade",20.17,"Proporção média de  alunos do 9º ano com proficiência em Língua Portuguesa e Matemática (%)"
3544301,"Roseira",31.27310859,2016,"Escolaridade",24.39,"Proporção média de  alunos do 9º ano com proficiência em Língua Portuguesa e Matemática (%)"
3544301,"Roseira",35.89975169,2018,"Escolaridade",29.18,"Proporção média de  alunos do 9º ano com proficiência em Língua Portuguesa e Matemática (%)"
3544301,"Roseira",49.27694817,2020,"Escolaridade",33.99,"Proporção média de  alunos do 9º ano com proficiência em Língua Portuguesa e Matemática (%)"
3544301,"Roseira",32.78,2022,"Escolaridade",32.24,"Proporção média de  alunos do 9º ano com proficiência em Língua Portuguesa e Matemática (%)"
3544301,"Roseira",38.58,2024,"Escolaridade",31.01,"Proporção média de  alunos do 9º ano com proficiência em Língua Portuguesa e Matemática (%)"
3544400,"Rubiácea",24.42609183,2014,"Escolaridade",20.17,"Proporção média de  alunos do 9º ano com proficiência em Língua Portuguesa e Matemática (%)"
3544400,"Rubiácea",43.81173025,2016,"Escolaridade",24.39,"Proporção média de  alunos do 9º ano com proficiência em Língua Portuguesa e Matemática (%)"
3544400,"Rubiácea",28.76838235,2018,"Escolaridade",29.18,"Proporção média de  alunos do 9º ano com proficiência em Língua Portuguesa e Matemática (%)"
3544400,"Rubiácea",32.14555628,2020,"Escolaridade",33.99,"Proporção média de  alunos do 9º ano com proficiência em Língua Portuguesa e Matemática (%)"
3544400,"Rubiácea",36.36,2022,"Escolaridade",32.24,"Proporção média de  alunos do 9º ano com proficiência em Língua Portuguesa e Matemática (%)"
3544400,"Rubiácea",40.86,2024,"Escolaridade",31.01,"Proporção média de  alunos do 9º ano com proficiência em Língua Portuguesa e Matemática (%)"
3544509,"Rubinéia",39.38923395,2014,"Escolaridade",20.17,"Proporção média de  alunos do 9º ano com proficiência em Língua Portuguesa e Matemática (%)"
3544509,"Rubinéia",37.72522007,2016,"Escolaridade",24.39,"Proporção média de  alunos do 9º ano com proficiência em Língua Portuguesa e Matemática (%)"
3544509,"Rubinéia",45,2018,"Escolaridade",29.18,"Proporção média de  alunos do 9º ano com proficiência em Língua Portuguesa e Matemática (%)"
3544509,"Rubinéia",46.97364116,2020,"Escolaridade",33.99,"Proporção média de  alunos do 9º ano com proficiência em Língua Portuguesa e Matemática (%)"
3544509,"Rubinéia",36.32,2022,"Escolaridade",32.24,"Proporção média de  alunos do 9º ano com proficiência em Língua Portuguesa e Matemática (%)"
3544509,"Rubinéia",43.01,2024,"Escolaridade",31.01,"Proporção média de  alunos do 9º ano com proficiência em Língua Portuguesa e Matemática (%)"
3544608,"Sabino",14.65583028,2014,"Escolaridade",20.17,"Proporção média de  alunos do 9º ano com proficiência em Língua Portuguesa e Matemática (%)"
3544608,"Sabino",22.21497421,2016,"Escolaridade",24.39,"Proporção média de  alunos do 9º ano com proficiência em Língua Portuguesa e Matemática (%)"
3544608,"Sabino",14.0224359,2018,"Escolaridade",29.18,"Proporção média de  alunos do 9º ano com proficiência em Língua Portuguesa e Matemática (%)"
3544608,"Sabino",22.43380856,2020,"Escolaridade",33.99,"Proporção média de  alunos do 9º ano com proficiência em Língua Portuguesa e Matemática (%)"
3544608,"Sabino",13.37,2022,"Escolaridade",32.24,"Proporção média de  alunos do 9º ano com proficiência em Língua Portuguesa e Matemática (%)"
3544608,"Sabino",20.87,2024,"Escolaridade",31.01,"Proporção média de  alunos do 9º ano com proficiência em Língua Portuguesa e Matemática (%)"
3544707,"Sagres",8.713450292,2014,"Escolaridade",20.17,"Proporção média de  alunos do 9º ano com proficiência em Língua Portuguesa e Matemática (%)"
3544707,"Sagres",26.31711485,2016,"Escolaridade",24.39,"Proporção média de  alunos do 9º ano com proficiência em Língua Portuguesa e Matemática (%)"
3544707,"Sagres",18.75,2018,"Escolaridade",29.18,"Proporção média de  alunos do 9º ano com proficiência em Língua Portuguesa e Matemática (%)"
3544707,"Sagres",18.75,2020,"Escolaridade",33.99,"Proporção média de  alunos do 9º ano com proficiência em Língua Portuguesa e Matemática (%)"
3544707,"Sagres",28.57,2022,"Escolaridade",32.24,"Proporção média de  alunos do 9º ano com proficiência em Língua Portuguesa e Matemática (%)"
3544707,"Sagres",33.325,2024,"Escolaridade",31.01,"Proporção média de  alunos do 9º ano com proficiência em Língua Portuguesa e Matemática (%)"
3544806,"Sales",26.64387642,2014,"Escolaridade",20.17,"Proporção média de  alunos do 9º ano com proficiência em Língua Portuguesa e Matemática (%)"
3544806,"Sales",30.32767607,2016,"Escolaridade",24.39,"Proporção média de  alunos do 9º ano com proficiência em Língua Portuguesa e Matemática (%)"
3544806,"Sales",39.40869565,2018,"Escolaridade",29.18,"Proporção média de  alunos do 9º ano com proficiência em Língua Portuguesa e Matemática (%)"
3544806,"Sales",34.74758472,2020,"Escolaridade",33.99,"Proporção média de  alunos do 9º ano com proficiência em Língua Portuguesa e Matemática (%)"
3544806,"Sales",33.88,2022,"Escolaridade",32.24,"Proporção média de  alunos do 9º ano com proficiência em Língua Portuguesa e Matemática (%)"
3544806,"Sales",32.395,2024,"Escolaridade",31.01,"Proporção média de  alunos do 9º ano com proficiência em Língua Portuguesa e Matemática (%)"
3544905,"Sales Oliveira",20.43865226,2014,"Escolaridade",20.17,"Proporção média de  alunos do 9º ano com proficiência em Língua Portuguesa e Matemática (%)"
3544905,"Sales Oliveira",21.47854297,2016,"Escolaridade",24.39,"Proporção média de  alunos do 9º ano com proficiência em Língua Portuguesa e Matemática (%)"
3544905,"Sales Oliveira",28.56778187,2018,"Escolaridade",29.18,"Proporção média de  alunos do 9º ano com proficiência em Língua Portuguesa e Matemática (%)"
3544905,"Sales Oliveira",31.92921511,2020,"Escolaridade",33.99,"Proporção média de  alunos do 9º ano com proficiência em Língua Portuguesa e Matemática (%)"
3544905,"Sales Oliveira",31.92921511,2022,"Escolaridade",32.24,"Proporção média de  alunos do 9º ano com proficiência em Língua Portuguesa e Matemática (%)"
3544905,"Sales Oliveira",16.03,2024,"Escolaridade",31.01,"Proporção média de  alunos do 9º ano com proficiência em Língua Portuguesa e Matemática (%)"
3545001,"Salesópolis",25.24283125,2014,"Escolaridade",20.17,"Proporção média de  alunos do 9º ano com proficiência em Língua Portuguesa e Matemática (%)"
3545001,"Salesópolis",29.04118426,2016,"Escolaridade",24.39,"Proporção média de  alunos do 9º ano com proficiência em Língua Portuguesa e Matemática (%)"
3545001,"Salesópolis",38.3370865,2018,"Escolaridade",29.18,"Proporção média de  alunos do 9º ano com proficiência em Língua Portuguesa e Matemática (%)"
3545001,"Salesópolis",42.32653331,2020,"Escolaridade",33.99,"Proporção média de  alunos do 9º ano com proficiência em Língua Portuguesa e Matemática (%)"
3545001,"Salesópolis",39.38,2022,"Escolaridade",32.24,"Proporção média de  alunos do 9º ano com proficiência em Língua Portuguesa e Matemática (%)"
3545001,"Salesópolis",36.89,2024,"Escolaridade",31.01,"Proporção média de  alunos do 9º ano com proficiência em Língua Portuguesa e Matemática (%)"
3545100,"Salmourão",13.31899642,2014,"Escolaridade",20.17,"Proporção média de  alunos do 9º ano com proficiência em Língua Portuguesa e Matemática (%)"
3545100,"Salmourão",13.12566103,2016,"Escolaridade",24.39,"Proporção média de  alunos do 9º ano com proficiência em Língua Portuguesa e Matemática (%)"
3545100,"Salmourão",16.28016863,2018,"Escolaridade",29.18,"Proporção média de  alunos do 9º ano com proficiência em Língua Portuguesa e Matemática (%)"
3545100,"Salmourão",29.70334878,2020,"Escolaridade",33.99,"Proporção média de  alunos do 9º ano com proficiência em Língua Portuguesa e Matemática (%)"
3545100,"Salmourão",24.9,2022,"Escolaridade",32.24,"Proporção média de  alunos do 9º ano com proficiência em Língua Portuguesa e Matemática (%)"
3545100,"Salmourão",30.27,2024,"Escolaridade",31.01,"Proporção média de  alunos do 9º ano com proficiência em Língua Portuguesa e Matemática (%)"
3545159,"Saltinho",34.14244873,2014,"Escolaridade",20.17,"Proporção média de  alunos do 9º ano com proficiência em Língua Portuguesa e Matemática (%)"
3545159,"Saltinho",29.0151261,2016,"Escolaridade",24.39,"Proporção média de  alunos do 9º ano com proficiência em Língua Portuguesa e Matemática (%)"
3545159,"Saltinho",41.64401055,2018,"Escolaridade",29.18,"Proporção média de  alunos do 9º ano com proficiência em Língua Portuguesa e Matemática (%)"
3545159,"Saltinho",41.64401055,2020,"Escolaridade",33.99,"Proporção média de  alunos do 9º ano com proficiência em Língua Portuguesa e Matemática (%)"
3545159,"Saltinho",34.775,2022,"Escolaridade",32.24,"Proporção média de  alunos do 9º ano com proficiência em Língua Portuguesa e Matemática (%)"
3545159,"Saltinho",55.1,2024,"Escolaridade",31.01,"Proporção média de  alunos do 9º ano com proficiência em Língua Portuguesa e Matemática (%)"
3545209,"Salto",26.91244903,2014,"Escolaridade",20.17,"Proporção média de  alunos do 9º ano com proficiência em Língua Portuguesa e Matemática (%)"
3545209,"Salto",25.81594015,2016,"Escolaridade",24.39,"Proporção média de  alunos do 9º ano com proficiência em Língua Portuguesa e Matemática (%)"
3545209,"Salto",32.66039638,2018,"Escolaridade",29.18,"Proporção média de  alunos do 9º ano com proficiência em Língua Portuguesa e Matemática (%)"
3545209,"Salto",36.39909318,2020,"Escolaridade",33.99,"Proporção média de  alunos do 9º ano com proficiência em Língua Portuguesa e Matemática (%)"
3545209,"Salto",35.13,2022,"Escolaridade",32.24,"Proporção média de  alunos do 9º ano com proficiência em Língua Portuguesa e Matemática (%)"
3545209,"Salto",35.51,2024,"Escolaridade",31.01,"Proporção média de  alunos do 9º ano com proficiência em Língua Portuguesa e Matemática (%)"
3545308,"Salto de Pirapora",25.51439687,2014,"Escolaridade",20.17,"Proporção média de  alunos do 9º ano com proficiência em Língua Portuguesa e Matemática (%)"
3545308,"Salto de Pirapora",27.35497394,2016,"Escolaridade",24.39,"Proporção média de  alunos do 9º ano com proficiência em Língua Portuguesa e Matemática (%)"
3545308,"Salto de Pirapora",34.0347316,2018,"Escolaridade",29.18,"Proporção média de  alunos do 9º ano com proficiência em Língua Portuguesa e Matemática (%)"
3545308,"Salto de Pirapora",36.37442656,2020,"Escolaridade",33.99,"Proporção média de  alunos do 9º ano com proficiência em Língua Portuguesa e Matemática (%)"
3545308,"Salto de Pirapora",33.11,2022,"Escolaridade",32.24,"Proporção média de  alunos do 9º ano com proficiência em Língua Portuguesa e Matemática (%)"
3545308,"Salto de Pirapora",34.015,2024,"Escolaridade",31.01,"Proporção média de  alunos do 9º ano com proficiência em Língua Portuguesa e Matemática (%)"
3545407,"Salto Grande",29.98359708,2014,"Escolaridade",20.17,"Proporção média de  alunos do 9º ano com proficiência em Língua Portuguesa e Matemática (%)"
3545407,"Salto Grande",24.89620583,2016,"Escolaridade",24.39,"Proporção média de  alunos do 9º ano com proficiência em Língua Portuguesa e Matemática (%)"
3545407,"Salto Grande",38.67649742,2018,"Escolaridade",29.18,"Proporção média de  alunos do 9º ano com proficiência em Língua Portuguesa e Matemática (%)"
3545407,"Salto Grande",28.57606713,2020,"Escolaridade",33.99,"Proporção média de  alunos do 9º ano com proficiência em Língua Portuguesa e Matemática (%)"
3545407,"Salto Grande",34.355,2022,"Escolaridade",32.24,"Proporção média de  alunos do 9º ano com proficiência em Língua Portuguesa e Matemática (%)"
3545407,"Salto Grande",24.05,2024,"Escolaridade",31.01,"Proporção média de  alunos do 9º ano com proficiência em Língua Portuguesa e Matemática (%)"
3545506,"Sandovalina",23.60237118,2014,"Escolaridade",20.17,"Proporção média de  alunos do 9º ano com proficiência em Língua Portuguesa e Matemática (%)"
3545506,"Sandovalina",29.89891188,2016,"Escolaridade",24.39,"Proporção média de  alunos do 9º ano com proficiência em Língua Portuguesa e Matemática (%)"
3545506,"Sandovalina",27.48142735,2018,"Escolaridade",29.18,"Proporção média de  alunos do 9º ano com proficiência em Língua Portuguesa e Matemática (%)"
3545506,"Sandovalina",16.69071305,2020,"Escolaridade",33.99,"Proporção média de  alunos do 9º ano com proficiência em Língua Portuguesa e Matemática (%)"
3545506,"Sandovalina",25.075,2022,"Escolaridade",32.24,"Proporção média de  alunos do 9º ano com proficiência em Língua Portuguesa e Matemática (%)"
3545506,"Sandovalina",24.21,2024,"Escolaridade",31.01,"Proporção média de  alunos do 9º ano com proficiência em Língua Portuguesa e Matemática (%)"
3545605,"Santa Adélia",21.68460399,2014,"Escolaridade",20.17,"Proporção média de  alunos do 9º ano com proficiência em Língua Portuguesa e Matemática (%)"
3545605,"Santa Adélia",29.32510028,2016,"Escolaridade",24.39,"Proporção média de  alunos do 9º ano com proficiência em Língua Portuguesa e Matemática (%)"
3545605,"Santa Adélia",24.11245118,2018,"Escolaridade",29.18,"Proporção média de  alunos do 9º ano com proficiência em Língua Portuguesa e Matemática (%)"
3545605,"Santa Adélia",35.15988092,2020,"Escolaridade",33.99,"Proporção média de  alunos do 9º ano com proficiência em Língua Portuguesa e Matemática (%)"
3545605,"Santa Adélia",39.785,2022,"Escolaridade",32.24,"Proporção média de  alunos do 9º ano com proficiência em Língua Portuguesa e Matemática (%)"
3545605,"Santa Adélia",42.625,2024,"Escolaridade",31.01,"Proporção média de  alunos do 9º ano com proficiência em Língua Portuguesa e Matemática (%)"
3545704,"Santa Albertina",21.13402471,2014,"Escolaridade",20.17,"Proporção média de  alunos do 9º ano com proficiência em Língua Portuguesa e Matemática (%)"
3545704,"Santa Albertina",34.4559263,2016,"Escolaridade",24.39,"Proporção média de  alunos do 9º ano com proficiência em Língua Portuguesa e Matemática (%)"
3545704,"Santa Albertina",20.61777836,2018,"Escolaridade",29.18,"Proporção média de  alunos do 9º ano com proficiência em Língua Portuguesa e Matemática (%)"
3545704,"Santa Albertina",30.06662714,2020,"Escolaridade",33.99,"Proporção média de  alunos do 9º ano com proficiência em Língua Portuguesa e Matemática (%)"
3545704,"Santa Albertina",35.705,2022,"Escolaridade",32.24,"Proporção média de  alunos do 9º ano com proficiência em Língua Portuguesa e Matemática (%)"
3545704,"Santa Albertina",33.88,2024,"Escolaridade",31.01,"Proporção média de  alunos do 9º ano com proficiência em Língua Portuguesa e Matemática (%)"
3545803,"Santa Bárbara d'Oeste",27.34348495,2014,"Escolaridade",20.17,"Proporção média de  alunos do 9º ano com proficiência em Língua Portuguesa e Matemática (%)"
3545803,"Santa Bárbara d'Oeste",35.12668844,2016,"Escolaridade",24.39,"Proporção média de  alunos do 9º ano com proficiência em Língua Portuguesa e Matemática (%)"
3545803,"Santa Bárbara d'Oeste",38.30774815,2018,"Escolaridade",29.18,"Proporção média de  alunos do 9º ano com proficiência em Língua Portuguesa e Matemática (%)"
3545803,"Santa Bárbara d'Oeste",42.91812569,2020,"Escolaridade",33.99,"Proporção média de  alunos do 9º ano com proficiência em Língua Portuguesa e Matemática (%)"
3545803,"Santa Bárbara d'Oeste",40.74,2022,"Escolaridade",32.24,"Proporção média de  alunos do 9º ano com proficiência em Língua Portuguesa e Matemática (%)"
3545803,"Santa Bárbara d'Oeste",40.27,2024,"Escolaridade",31.01,"Proporção média de  alunos do 9º ano com proficiência em Língua Portuguesa e Matemática (%)"
3546009,"Santa Branca",25.76022968,2014,"Escolaridade",20.17,"Proporção média de  alunos do 9º ano com proficiência em Língua Portuguesa e Matemática (%)"
3546009,"Santa Branca",24.2234611,2016,"Escolaridade",24.39,"Proporção média de  alunos do 9º ano com proficiência em Língua Portuguesa e Matemática (%)"
3546009,"Santa Branca",25.08584084,2018,"Escolaridade",29.18,"Proporção média de  alunos do 9º ano com proficiência em Língua Portuguesa e Matemática (%)"
3546009,"Santa Branca",29.2023985,2020,"Escolaridade",33.99,"Proporção média de  alunos do 9º ano com proficiência em Língua Portuguesa e Matemática (%)"
3546009,"Santa Branca",29.2023985,2022,"Escolaridade",32.24,"Proporção média de  alunos do 9º ano com proficiência em Língua Portuguesa e Matemática (%)"
3546009,"Santa Branca",21.365,2024,"Escolaridade",31.01,"Proporção média de  alunos do 9º ano com proficiência em Língua Portuguesa e Matemática (%)"
3546108,"Santa Clara d'Oeste",22.72727273,2014,"Escolaridade",20.17,"Proporção média de  alunos do 9º ano com proficiência em Língua Portuguesa e Matemática (%)"
3546108,"Santa Clara d'Oeste",28.26229291,2016,"Escolaridade",24.39,"Proporção média de  alunos do 9º ano com proficiência em Língua Portuguesa e Matemática (%)"
3546108,"Santa Clara d'Oeste",28.57142857,2018,"Escolaridade",29.18,"Proporção média de  alunos do 9º ano com proficiência em Língua Portuguesa e Matemática (%)"
3546108,"Santa Clara d'Oeste",38.23850486,2020,"Escolaridade",33.99,"Proporção média de  alunos do 9º ano com proficiência em Língua Portuguesa e Matemática (%)"
3546108,"Santa Clara d'Oeste",35.71,2022,"Escolaridade",32.24,"Proporção média de  alunos do 9º ano com proficiência em Língua Portuguesa e Matemática (%)"
3546108,"Santa Clara d'Oeste",37.145,2024,"Escolaridade",31.01,"Proporção média de  alunos do 9º ano com proficiência em Língua Portuguesa e Matemática (%)"
3546207,"Santa Cruz da Conceição",26.2035225,2014,"Escolaridade",20.17,"Proporção média de  alunos do 9º ano com proficiência em Língua Portuguesa e Matemática (%)"
3546207,"Santa Cruz da Conceição",32.79424952,2016,"Escolaridade",24.39,"Proporção média de  alunos do 9º ano com proficiência em Língua Portuguesa e Matemática (%)"
3546207,"Santa Cruz da Conceição",29.61675579,2018,"Escolaridade",29.18,"Proporção média de  alunos do 9º ano com proficiência em Língua Portuguesa e Matemática (%)"
3546207,"Santa Cruz da Conceição",34.90489161,2020,"Escolaridade",33.99,"Proporção média de  alunos do 9º ano com proficiência em Língua Portuguesa e Matemática (%)"
3546207,"Santa Cruz da Conceição",37.535,2022,"Escolaridade",32.24,"Proporção média de  alunos do 9º ano com proficiência em Língua Portuguesa e Matemática (%)"
3546207,"Santa Cruz da Conceição",33.535,2024,"Escolaridade",31.01,"Proporção média de  alunos do 9º ano com proficiência em Língua Portuguesa e Matemática (%)"
3546256,"Santa Cruz da Esperança",53.33333333,2014,"Escolaridade",20.17,"Proporção média de  alunos do 9º ano com proficiência em Língua Portuguesa e Matemática (%)"
3546256,"Santa Cruz da Esperança",26.424095,2016,"Escolaridade",24.39,"Proporção média de  alunos do 9º ano com proficiência em Língua Portuguesa e Matemática (%)"
3546256,"Santa Cruz da Esperança",43.5483871,2018,"Escolaridade",29.18,"Proporção média de  alunos do 9º ano com proficiência em Língua Portuguesa e Matemática (%)"
3546256,"Santa Cruz da Esperança",41.30781628,2020,"Escolaridade",33.99,"Proporção média de  alunos do 9º ano com proficiência em Língua Portuguesa e Matemática (%)"
3546256,"Santa Cruz da Esperança",26,2022,"Escolaridade",32.24,"Proporção média de  alunos do 9º ano com proficiência em Língua Portuguesa e Matemática (%)"
3546256,"Santa Cruz da Esperança",54.165,2024,"Escolaridade",31.01,"Proporção média de  alunos do 9º ano com proficiência em Língua Portuguesa e Matemática (%)"
3546306,"Santa Cruz das Palmeiras",18.4602218,2014,"Escolaridade",20.17,"Proporção média de  alunos do 9º ano com proficiência em Língua Portuguesa e Matemática (%)"
3546306,"Santa Cruz das Palmeiras",20.9546646,2016,"Escolaridade",24.39,"Proporção média de  alunos do 9º ano com proficiência em Língua Portuguesa e Matemática (%)"
3546306,"Santa Cruz das Palmeiras",23.27437287,2018,"Escolaridade",29.18,"Proporção média de  alunos do 9º ano com proficiência em Língua Portuguesa e Matemática (%)"
3546306,"Santa Cruz das Palmeiras",37.30014217,2020,"Escolaridade",33.99,"Proporção média de  alunos do 9º ano com proficiência em Língua Portuguesa e Matemática (%)"
3546306,"Santa Cruz das Palmeiras",28.575,2022,"Escolaridade",32.24,"Proporção média de  alunos do 9º ano com proficiência em Língua Portuguesa e Matemática (%)"
3546306,"Santa Cruz das Palmeiras",32.535,2024,"Escolaridade",31.01,"Proporção média de  alunos do 9º ano com proficiência em Língua Portuguesa e Matemática (%)"
3546405,"Santa Cruz do Rio Pardo",30.70591657,2014,"Escolaridade",20.17,"Proporção média de  alunos do 9º ano com proficiência em Língua Portuguesa e Matemática (%)"
3546405,"Santa Cruz do Rio Pardo",33.07694232,2016,"Escolaridade",24.39,"Proporção média de  alunos do 9º ano com proficiência em Língua Portuguesa e Matemática (%)"
3546405,"Santa Cruz do Rio Pardo",34.40490643,2018,"Escolaridade",29.18,"Proporção média de  alunos do 9º ano com proficiência em Língua Portuguesa e Matemática (%)"
3546405,"Santa Cruz do Rio Pardo",42.66039978,2020,"Escolaridade",33.99,"Proporção média de  alunos do 9º ano com proficiência em Língua Portuguesa e Matemática (%)"
3546405,"Santa Cruz do Rio Pardo",37.32,2022,"Escolaridade",32.24,"Proporção média de  alunos do 9º ano com proficiência em Língua Portuguesa e Matemática (%)"
3546405,"Santa Cruz do Rio Pardo",39.7,2024,"Escolaridade",31.01,"Proporção média de  alunos do 9º ano com proficiência em Língua Portuguesa e Matemática (%)"
3546504,"Santa Ernestina",19.81793364,2014,"Escolaridade",20.17,"Proporção média de  alunos do 9º ano com proficiência em Língua Portuguesa e Matemática (%)"
3546504,"Santa Ernestina",21.73125316,2016,"Escolaridade",24.39,"Proporção média de  alunos do 9º ano com proficiência em Língua Portuguesa e Matemática (%)"
3546504,"Santa Ernestina",23.31811263,2018,"Escolaridade",29.18,"Proporção média de  alunos do 9º ano com proficiência em Língua Portuguesa e Matemática (%)"
3546504,"Santa Ernestina",24.02878476,2020,"Escolaridade",33.99,"Proporção média de  alunos do 9º ano com proficiência em Língua Portuguesa e Matemática (%)"
3546504,"Santa Ernestina",25.16,2022,"Escolaridade",32.24,"Proporção média de  alunos do 9º ano com proficiência em Língua Portuguesa e Matemática (%)"
3546504,"Santa Ernestina",30.255,2024,"Escolaridade",31.01,"Proporção média de  alunos do 9º ano com proficiência em Língua Portuguesa e Matemática (%)"
3546603,"Santa Fé do Sul",29.42883016,2014,"Escolaridade",20.17,"Proporção média de  alunos do 9º ano com proficiência em Língua Portuguesa e Matemática (%)"
3546603,"Santa Fé do Sul",36.07214022,2016,"Escolaridade",24.39,"Proporção média de  alunos do 9º ano com proficiência em Língua Portuguesa e Matemática (%)"
3546603,"Santa Fé do Sul",45.19969353,2018,"Escolaridade",29.18,"Proporção média de  alunos do 9º ano com proficiência em Língua Portuguesa e Matemática (%)"
3546603,"Santa Fé do Sul",45.99783888,2020,"Escolaridade",33.99,"Proporção média de  alunos do 9º ano com proficiência em Língua Portuguesa e Matemática (%)"
3546603,"Santa Fé do Sul",46.74,2022,"Escolaridade",32.24,"Proporção média de  alunos do 9º ano com proficiência em Língua Portuguesa e Matemática (%)"
3546603,"Santa Fé do Sul",40.615,2024,"Escolaridade",31.01,"Proporção média de  alunos do 9º ano com proficiência em Língua Portuguesa e Matemática (%)"
3546702,"Santa Gertrudes",38.47304711,2014,"Escolaridade",20.17,"Proporção média de  alunos do 9º ano com proficiência em Língua Portuguesa e Matemática (%)"
3546702,"Santa Gertrudes",34.8368297,2016,"Escolaridade",24.39,"Proporção média de  alunos do 9º ano com proficiência em Língua Portuguesa e Matemática (%)"
3546702,"Santa Gertrudes",43.77700651,2018,"Escolaridade",29.18,"Proporção média de  alunos do 9º ano com proficiência em Língua Portuguesa e Matemática (%)"
3546702,"Santa Gertrudes",48.19238701,2020,"Escolaridade",33.99,"Proporção média de  alunos do 9º ano com proficiência em Língua Portuguesa e Matemática (%)"
3546702,"Santa Gertrudes",40.92,2022,"Escolaridade",32.24,"Proporção média de  alunos do 9º ano com proficiência em Língua Portuguesa e Matemática (%)"
3546702,"Santa Gertrudes",46.385,2024,"Escolaridade",31.01,"Proporção média de  alunos do 9º ano com proficiência em Língua Portuguesa e Matemática (%)"
3546801,"Santa Isabel",23.66795977,2014,"Escolaridade",20.17,"Proporção média de  alunos do 9º ano com proficiência em Língua Portuguesa e Matemática (%)"
3546801,"Santa Isabel",31.0402582,2016,"Escolaridade",24.39,"Proporção média de  alunos do 9º ano com proficiência em Língua Portuguesa e Matemática (%)"
3546801,"Santa Isabel",28.5964597,2018,"Escolaridade",29.18,"Proporção média de  alunos do 9º ano com proficiência em Língua Portuguesa e Matemática (%)"
3546801,"Santa Isabel",39.44377563,2020,"Escolaridade",33.99,"Proporção média de  alunos do 9º ano com proficiência em Língua Portuguesa e Matemática (%)"
3546801,"Santa Isabel",33.99,2022,"Escolaridade",32.24,"Proporção média de  alunos do 9º ano com proficiência em Língua Portuguesa e Matemática (%)"
3546801,"Santa Isabel",33.455,2024,"Escolaridade",31.01,"Proporção média de  alunos do 9º ano com proficiência em Língua Portuguesa e Matemática (%)"
3546900,"Santa Lúcia",9.511249666,2014,"Escolaridade",20.17,"Proporção média de  alunos do 9º ano com proficiência em Língua Portuguesa e Matemática (%)"
3546900,"Santa Lúcia",14.13541593,2016,"Escolaridade",24.39,"Proporção média de  alunos do 9º ano com proficiência em Língua Portuguesa e Matemática (%)"
3546900,"Santa Lúcia",19.8989899,2018,"Escolaridade",29.18,"Proporção média de  alunos do 9º ano com proficiência em Língua Portuguesa e Matemática (%)"
3546900,"Santa Lúcia",19.8989899,2020,"Escolaridade",33.99,"Proporção média de  alunos do 9º ano com proficiência em Língua Portuguesa e Matemática (%)"
3546900,"Santa Lúcia",18.615,2022,"Escolaridade",32.24,"Proporção média de  alunos do 9º ano com proficiência em Língua Portuguesa e Matemática (%)"
3546900,"Santa Lúcia",23.15,2024,"Escolaridade",31.01,"Proporção média de  alunos do 9º ano com proficiência em Língua Portuguesa e Matemática (%)"
3547007,"Santa Maria da Serra",15.13074468,2014,"Escolaridade",20.17,"Proporção média de  alunos do 9º ano com proficiência em Língua Portuguesa e Matemática (%)"
3547007,"Santa Maria da Serra",16.88185982,2016,"Escolaridade",24.39,"Proporção média de  alunos do 9º ano com proficiência em Língua Portuguesa e Matemática (%)"
3547007,"Santa Maria da Serra",16.96119624,2018,"Escolaridade",29.18,"Proporção média de  alunos do 9º ano com proficiência em Língua Portuguesa e Matemática (%)"
3547007,"Santa Maria da Serra",26.07368525,2020,"Escolaridade",33.99,"Proporção média de  alunos do 9º ano com proficiência em Língua Portuguesa e Matemática (%)"
3547007,"Santa Maria da Serra",31.805,2022,"Escolaridade",32.24,"Proporção média de  alunos do 9º ano com proficiência em Língua Portuguesa e Matemática (%)"
3547007,"Santa Maria da Serra",26,2024,"Escolaridade",31.01,"Proporção média de  alunos do 9º ano com proficiência em Língua Portuguesa e Matemática (%)"
3547106,"Santa Mercedes",17.33333333,2014,"Escolaridade",20.17,"Proporção média de  alunos do 9º ano com proficiência em Língua Portuguesa e Matemática (%)"
3547106,"Santa Mercedes",15.11611177,2016,"Escolaridade",24.39,"Proporção média de  alunos do 9º ano com proficiência em Língua Portuguesa e Matemática (%)"
3547106,"Santa Mercedes",15.66863905,2018,"Escolaridade",29.18,"Proporção média de  alunos do 9º ano com proficiência em Língua Portuguesa e Matemática (%)"
3547106,"Santa Mercedes",18.52007358,2020,"Escolaridade",33.99,"Proporção média de  alunos do 9º ano com proficiência em Língua Portuguesa e Matemática (%)"
3547106,"Santa Mercedes",28.565,2022,"Escolaridade",32.24,"Proporção média de  alunos do 9º ano com proficiência em Língua Portuguesa e Matemática (%)"
3547106,"Santa Mercedes",41.665,2024,"Escolaridade",31.01,"Proporção média de  alunos do 9º ano com proficiência em Língua Portuguesa e Matemática (%)"
3547205,"Santana da Ponte Pensa",36.53846154,2014,"Escolaridade",20.17,"Proporção média de  alunos do 9º ano com proficiência em Língua Portuguesa e Matemática (%)"
3547205,"Santana da Ponte Pensa",63.63636363,2016,"Escolaridade",24.39,"Proporção média de  alunos do 9º ano com proficiência em Língua Portuguesa e Matemática (%)"
3547205,"Santana da Ponte Pensa",63.63636363,2018,"Escolaridade",29.18,"Proporção média de  alunos do 9º ano com proficiência em Língua Portuguesa e Matemática (%)"
3547205,"Santana da Ponte Pensa",58.33823177,2020,"Escolaridade",33.99,"Proporção média de  alunos do 9º ano com proficiência em Língua Portuguesa e Matemática (%)"
3547205,"Santana da Ponte Pensa",60,2022,"Escolaridade",32.24,"Proporção média de  alunos do 9º ano com proficiência em Língua Portuguesa e Matemática (%)"
3547205,"Santana da Ponte Pensa",83.33,2024,"Escolaridade",31.01,"Proporção média de  alunos do 9º ano com proficiência em Língua Portuguesa e Matemática (%)"
3547304,"Santana de Parnaíba",18.38334192,2014,"Escolaridade",20.17,"Proporção média de  alunos do 9º ano com proficiência em Língua Portuguesa e Matemática (%)"
3547304,"Santana de Parnaíba",23.15971293,2016,"Escolaridade",24.39,"Proporção média de  alunos do 9º ano com proficiência em Língua Portuguesa e Matemática (%)"
3547304,"Santana de Parnaíba",38.10786074,2018,"Escolaridade",29.18,"Proporção média de  alunos do 9º ano com proficiência em Língua Portuguesa e Matemática (%)"
3547304,"Santana de Parnaíba",36.63828495,2020,"Escolaridade",33.99,"Proporção média de  alunos do 9º ano com proficiência em Língua Portuguesa e Matemática (%)"
3547304,"Santana de Parnaíba",31.375,2022,"Escolaridade",32.24,"Proporção média de  alunos do 9º ano com proficiência em Língua Portuguesa e Matemática (%)"
3547304,"Santana de Parnaíba",36.14,2024,"Escolaridade",31.01,"Proporção média de  alunos do 9º ano com proficiência em Língua Portuguesa e Matemática (%)"
3547403,"Santa Rita d'Oeste",23.33333333,2014,"Escolaridade",20.17,"Proporção média de  alunos do 9º ano com proficiência em Língua Portuguesa e Matemática (%)"
3547403,"Santa Rita d'Oeste",39.47368421,2016,"Escolaridade",24.39,"Proporção média de  alunos do 9º ano com proficiência em Língua Portuguesa e Matemática (%)"
3547403,"Santa Rita d'Oeste",39.47368421,2018,"Escolaridade",29.18,"Proporção média de  alunos do 9º ano com proficiência em Língua Portuguesa e Matemática (%)"
3547403,"Santa Rita d'Oeste",46.77812132,2020,"Escolaridade",33.99,"Proporção média de  alunos do 9º ano com proficiência em Língua Portuguesa e Matemática (%)"
3547403,"Santa Rita d'Oeste",47.915,2022,"Escolaridade",32.24,"Proporção média de  alunos do 9º ano com proficiência em Língua Portuguesa e Matemática (%)"
3547403,"Santa Rita d'Oeste",57.15,2024,"Escolaridade",31.01,"Proporção média de  alunos do 9º ano com proficiência em Língua Portuguesa e Matemática (%)"
3547502,"Santa Rita do Passa Quatro",28.59828715,2014,"Escolaridade",20.17,"Proporção média de  alunos do 9º ano com proficiência em Língua Portuguesa e Matemática (%)"
3547502,"Santa Rita do Passa Quatro",26.12932589,2016,"Escolaridade",24.39,"Proporção média de  alunos do 9º ano com proficiência em Língua Portuguesa e Matemática (%)"
3547502,"Santa Rita do Passa Quatro",28.96037225,2018,"Escolaridade",29.18,"Proporção média de  alunos do 9º ano com proficiência em Língua Portuguesa e Matemática (%)"
3547502,"Santa Rita do Passa Quatro",26.36564454,2020,"Escolaridade",33.99,"Proporção média de  alunos do 9º ano com proficiência em Língua Portuguesa e Matemática (%)"
3547502,"Santa Rita do Passa Quatro",31.675,2022,"Escolaridade",32.24,"Proporção média de  alunos do 9º ano com proficiência em Língua Portuguesa e Matemática (%)"
3547502,"Santa Rita do Passa Quatro",22.85,2024,"Escolaridade",31.01,"Proporção média de  alunos do 9º ano com proficiência em Língua Portuguesa e Matemática (%)"
3547601,"Santa Rosa de Viterbo",25.86486757,2014,"Escolaridade",20.17,"Proporção média de  alunos do 9º ano com proficiência em Língua Portuguesa e Matemática (%)"
3547601,"Santa Rosa de Viterbo",25.87304091,2016,"Escolaridade",24.39,"Proporção média de  alunos do 9º ano com proficiência em Língua Portuguesa e Matemática (%)"
3547601,"Santa Rosa de Viterbo",21.48535839,2018,"Escolaridade",29.18,"Proporção média de  alunos do 9º ano com proficiência em Língua Portuguesa e Matemática (%)"
3547601,"Santa Rosa de Viterbo",36.20541845,2020,"Escolaridade",33.99,"Proporção média de  alunos do 9º ano com proficiência em Língua Portuguesa e Matemática (%)"
3547601,"Santa Rosa de Viterbo",30.315,2022,"Escolaridade",32.24,"Proporção média de  alunos do 9º ano com proficiência em Língua Portuguesa e Matemática (%)"
3547601,"Santa Rosa de Viterbo",23.055,2024,"Escolaridade",31.01,"Proporção média de  alunos do 9º ano com proficiência em Língua Portuguesa e Matemática (%)"
3547650,"Santa Salete",30.60941828,2014,"Escolaridade",20.17,"Proporção média de  alunos do 9º ano com proficiência em Língua Portuguesa e Matemática (%)"
3547650,"Santa Salete",62.5,2016,"Escolaridade",24.39,"Proporção média de  alunos do 9º ano com proficiência em Língua Portuguesa e Matemática (%)"
3547650,"Santa Salete",62.5,2018,"Escolaridade",29.18,"Proporção média de  alunos do 9º ano com proficiência em Língua Portuguesa e Matemática (%)"
3547650,"Santa Salete",52.14992935,2020,"Escolaridade",33.99,"Proporção média de  alunos do 9º ano com proficiência em Língua Portuguesa e Matemática (%)"
3547650,"Santa Salete",76.66,2022,"Escolaridade",32.24,"Proporção média de  alunos do 9º ano com proficiência em Língua Portuguesa e Matemática (%)"
3547650,"Santa Salete",69.69,2024,"Escolaridade",31.01,"Proporção média de  alunos do 9º ano com proficiência em Língua Portuguesa e Matemática (%)"
3547700,"Santo Anastácio",14.01261789,2014,"Escolaridade",20.17,"Proporção média de  alunos do 9º ano com proficiência em Língua Portuguesa e Matemática (%)"
3547700,"Santo Anastácio",24.64112308,2016,"Escolaridade",24.39,"Proporção média de  alunos do 9º ano com proficiência em Língua Portuguesa e Matemática (%)"
3547700,"Santo Anastácio",23.57475808,2018,"Escolaridade",29.18,"Proporção média de  alunos do 9º ano com proficiência em Língua Portuguesa e Matemática (%)"
3547700,"Santo Anastácio",37.06451567,2020,"Escolaridade",33.99,"Proporção média de  alunos do 9º ano com proficiência em Língua Portuguesa e Matemática (%)"
3547700,"Santo Anastácio",28.67,2022,"Escolaridade",32.24,"Proporção média de  alunos do 9º ano com proficiência em Língua Portuguesa e Matemática (%)"
3547700,"Santo Anastácio",32.34,2024,"Escolaridade",31.01,"Proporção média de  alunos do 9º ano com proficiência em Língua Portuguesa e Matemática (%)"
3547809,"Santo André",18.9286467,2014,"Escolaridade",20.17,"Proporção média de  alunos do 9º ano com proficiência em Língua Portuguesa e Matemática (%)"
3547809,"Santo André",21.3070321,2016,"Escolaridade",24.39,"Proporção média de  alunos do 9º ano com proficiência em Língua Portuguesa e Matemática (%)"
3547809,"Santo André",30.83855413,2018,"Escolaridade",29.18,"Proporção média de  alunos do 9º ano com proficiência em Língua Portuguesa e Matemática (%)"
3547809,"Santo André",34.98664419,2020,"Escolaridade",33.99,"Proporção média de  alunos do 9º ano com proficiência em Língua Portuguesa e Matemática (%)"
3547809,"Santo André",34.975,2022,"Escolaridade",32.24,"Proporção média de  alunos do 9º ano com proficiência em Língua Portuguesa e Matemática (%)"
3547809,"Santo André",31.745,2024,"Escolaridade",31.01,"Proporção média de  alunos do 9º ano com proficiência em Língua Portuguesa e Matemática (%)"
3547908,"Santo Antônio da Alegria",25.76332135,2014,"Escolaridade",20.17,"Proporção média de  alunos do 9º ano com proficiência em Língua Portuguesa e Matemática (%)"
3547908,"Santo Antônio da Alegria",32.55786062,2016,"Escolaridade",24.39,"Proporção média de  alunos do 9º ano com proficiência em Língua Portuguesa e Matemática (%)"
3547908,"Santo Antônio da Alegria",31.22467664,2018,"Escolaridade",29.18,"Proporção média de  alunos do 9º ano com proficiência em Língua Portuguesa e Matemática (%)"
3547908,"Santo Antônio da Alegria",45.65600747,2020,"Escolaridade",33.99,"Proporção média de  alunos do 9º ano com proficiência em Língua Portuguesa e Matemática (%)"
3547908,"Santo Antônio da Alegria",40.225,2022,"Escolaridade",32.24,"Proporção média de  alunos do 9º ano com proficiência em Língua Portuguesa e Matemática (%)"
3547908,"Santo Antônio da Alegria",31.61,2024,"Escolaridade",31.01,"Proporção média de  alunos do 9º ano com proficiência em Língua Portuguesa e Matemática (%)"
3548005,"Santo Antônio de Posse",22.75928501,2014,"Escolaridade",20.17,"Proporção média de  alunos do 9º ano com proficiência em Língua Portuguesa e Matemática (%)"
3548005,"Santo Antônio de Posse",14.19398013,2016,"Escolaridade",24.39,"Proporção média de  alunos do 9º ano com proficiência em Língua Portuguesa e Matemática (%)"
3548005,"Santo Antônio de Posse",29.2690048,2018,"Escolaridade",29.18,"Proporção média de  alunos do 9º ano com proficiência em Língua Portuguesa e Matemática (%)"
3548005,"Santo Antônio de Posse",33.94854167,2020,"Escolaridade",33.99,"Proporção média de  alunos do 9º ano com proficiência em Língua Portuguesa e Matemática (%)"
3548005,"Santo Antônio de Posse",27.885,2022,"Escolaridade",32.24,"Proporção média de  alunos do 9º ano com proficiência em Língua Portuguesa e Matemática (%)"
3548005,"Santo Antônio de Posse",33.6,2024,"Escolaridade",31.01,"Proporção média de  alunos do 9º ano com proficiência em Língua Portuguesa e Matemática (%)"
3548054,"Santo Antônio do Aracanguá",23.05549588,2014,"Escolaridade",20.17,"Proporção média de  alunos do 9º ano com proficiência em Língua Portuguesa e Matemática (%)"
3548054,"Santo Antônio do Aracanguá",32.86057389,2016,"Escolaridade",24.39,"Proporção média de  alunos do 9º ano com proficiência em Língua Portuguesa e Matemática (%)"
3548054,"Santo Antônio do Aracanguá",41.01766513,2018,"Escolaridade",29.18,"Proporção média de  alunos do 9º ano com proficiência em Língua Portuguesa e Matemática (%)"
3548054,"Santo Antônio do Aracanguá",40.18605285,2020,"Escolaridade",33.99,"Proporção média de  alunos do 9º ano com proficiência em Língua Portuguesa e Matemática (%)"
3548054,"Santo Antônio do Aracanguá",42.09,2022,"Escolaridade",32.24,"Proporção média de  alunos do 9º ano com proficiência em Língua Portuguesa e Matemática (%)"
3548054,"Santo Antônio do Aracanguá",39.41,2024,"Escolaridade",31.01,"Proporção média de  alunos do 9º ano com proficiência em Língua Portuguesa e Matemática (%)"
3548104,"Santo Antônio do Jardim",27.31295253,2014,"Escolaridade",20.17,"Proporção média de  alunos do 9º ano com proficiência em Língua Portuguesa e Matemática (%)"
3548104,"Santo Antônio do Jardim",41.5385503,2016,"Escolaridade",24.39,"Proporção média de  alunos do 9º ano com proficiência em Língua Portuguesa e Matemática (%)"
3548104,"Santo Antônio do Jardim",37.17331883,2018,"Escolaridade",29.18,"Proporção média de  alunos do 9º ano com proficiência em Língua Portuguesa e Matemática (%)"
3548104,"Santo Antônio do Jardim",47.6440867,2020,"Escolaridade",33.99,"Proporção média de  alunos do 9º ano com proficiência em Língua Portuguesa e Matemática (%)"
3548104,"Santo Antônio do Jardim",38.115,2022,"Escolaridade",32.24,"Proporção média de  alunos do 9º ano com proficiência em Língua Portuguesa e Matemática (%)"
3548104,"Santo Antônio do Jardim",23.715,2024,"Escolaridade",31.01,"Proporção média de  alunos do 9º ano com proficiência em Língua Portuguesa e Matemática (%)"
3548203,"Santo Antônio do Pinhal",20.84272154,2014,"Escolaridade",20.17,"Proporção média de  alunos do 9º ano com proficiência em Língua Portuguesa e Matemática (%)"
3548203,"Santo Antônio do Pinhal",19.79880512,2016,"Escolaridade",24.39,"Proporção média de  alunos do 9º ano com proficiência em Língua Portuguesa e Matemática (%)"
3548203,"Santo Antônio do Pinhal",31.07796249,2018,"Escolaridade",29.18,"Proporção média de  alunos do 9º ano com proficiência em Língua Portuguesa e Matemática (%)"
3548203,"Santo Antônio do Pinhal",43.45394106,2020,"Escolaridade",33.99,"Proporção média de  alunos do 9º ano com proficiência em Língua Portuguesa e Matemática (%)"
3548203,"Santo Antônio do Pinhal",35.525,2022,"Escolaridade",32.24,"Proporção média de  alunos do 9º ano com proficiência em Língua Portuguesa e Matemática (%)"
3548203,"Santo Antônio do Pinhal",30.905,2024,"Escolaridade",31.01,"Proporção média de  alunos do 9º ano com proficiência em Língua Portuguesa e Matemática (%)"
3548302,"Santo Expedito",14.85745614,2014,"Escolaridade",20.17,"Proporção média de  alunos do 9º ano com proficiência em Língua Portuguesa e Matemática (%)"
3548302,"Santo Expedito",16.34069223,2016,"Escolaridade",24.39,"Proporção média de  alunos do 9º ano com proficiência em Língua Portuguesa e Matemática (%)"
3548302,"Santo Expedito",20.52503053,2018,"Escolaridade",29.18,"Proporção média de  alunos do 9º ano com proficiência em Língua Portuguesa e Matemática (%)"
3548302,"Santo Expedito",10.3712412,2020,"Escolaridade",33.99,"Proporção média de  alunos do 9º ano com proficiência em Língua Portuguesa e Matemática (%)"
3548302,"Santo Expedito",27.425,2022,"Escolaridade",32.24,"Proporção média de  alunos do 9º ano com proficiência em Língua Portuguesa e Matemática (%)"
3548302,"Santo Expedito",17.675,2024,"Escolaridade",31.01,"Proporção média de  alunos do 9º ano com proficiência em Língua Portuguesa e Matemática (%)"
3548401,"Santópolis do Aguapeí",29.20990857,2014,"Escolaridade",20.17,"Proporção média de  alunos do 9º ano com proficiência em Língua Portuguesa e Matemática (%)"
3548401,"Santópolis do Aguapeí",33.66703945,2016,"Escolaridade",24.39,"Proporção média de  alunos do 9º ano com proficiência em Língua Portuguesa e Matemática (%)"
3548401,"Santópolis do Aguapeí",17.02380952,2018,"Escolaridade",29.18,"Proporção média de  alunos do 9º ano com proficiência em Língua Portuguesa e Matemática (%)"
3548401,"Santópolis do Aguapeí",29.0731999,2020,"Escolaridade",33.99,"Proporção média de  alunos do 9º ano com proficiência em Língua Portuguesa e Matemática (%)"
3548401,"Santópolis do Aguapeí",23.01,2022,"Escolaridade",32.24,"Proporção média de  alunos do 9º ano com proficiência em Língua Portuguesa e Matemática (%)"
3548401,"Santópolis do Aguapeí",25.62,2024,"Escolaridade",31.01,"Proporção média de  alunos do 9º ano com proficiência em Língua Portuguesa e Matemática (%)"
3548500,"Santos",21.95329855,2014,"Escolaridade",20.17,"Proporção média de  alunos do 9º ano com proficiência em Língua Portuguesa e Matemática (%)"
3548500,"Santos",31.95237095,2016,"Escolaridade",24.39,"Proporção média de  alunos do 9º ano com proficiência em Língua Portuguesa e Matemática (%)"
3548500,"Santos",32.5988127,2018,"Escolaridade",29.18,"Proporção média de  alunos do 9º ano com proficiência em Língua Portuguesa e Matemática (%)"
3548500,"Santos",35.28037247,2020,"Escolaridade",33.99,"Proporção média de  alunos do 9º ano com proficiência em Língua Portuguesa e Matemática (%)"
3548500,"Santos",31.7,2022,"Escolaridade",32.24,"Proporção média de  alunos do 9º ano com proficiência em Língua Portuguesa e Matemática (%)"
3548500,"Santos",28.96,2024,"Escolaridade",31.01,"Proporção média de  alunos do 9º ano com proficiência em Língua Portuguesa e Matemática (%)"
3548609,"São Bento do Sapucaí",32.66866713,2014,"Escolaridade",20.17,"Proporção média de  alunos do 9º ano com proficiência em Língua Portuguesa e Matemática (%)"
3548609,"São Bento do Sapucaí",36.92119325,2016,"Escolaridade",24.39,"Proporção média de  alunos do 9º ano com proficiência em Língua Portuguesa e Matemática (%)"
3548609,"São Bento do Sapucaí",44.25579284,2018,"Escolaridade",29.18,"Proporção média de  alunos do 9º ano com proficiência em Língua Portuguesa e Matemática (%)"
3548609,"São Bento do Sapucaí",48.23530009,2020,"Escolaridade",33.99,"Proporção média de  alunos do 9º ano com proficiência em Língua Portuguesa e Matemática (%)"
3548609,"São Bento do Sapucaí",38.43,2022,"Escolaridade",32.24,"Proporção média de  alunos do 9º ano com proficiência em Língua Portuguesa e Matemática (%)"
3548609,"São Bento do Sapucaí",37.28,2024,"Escolaridade",31.01,"Proporção média de  alunos do 9º ano com proficiência em Língua Portuguesa e Matemática (%)"
3548708,"São Bernardo do Campo",22.86106737,2014,"Escolaridade",20.17,"Proporção média de  alunos do 9º ano com proficiência em Língua Portuguesa e Matemática (%)"
3548708,"São Bernardo do Campo",25.51959753,2016,"Escolaridade",24.39,"Proporção média de  alunos do 9º ano com proficiência em Língua Portuguesa e Matemática (%)"
3548708,"São Bernardo do Campo",30.6040711,2018,"Escolaridade",29.18,"Proporção média de  alunos do 9º ano com proficiência em Língua Portuguesa e Matemática (%)"
3548708,"São Bernardo do Campo",43.50047024,2020,"Escolaridade",33.99,"Proporção média de  alunos do 9º ano com proficiência em Língua Portuguesa e Matemática (%)"
3548708,"São Bernardo do Campo",40.32,2022,"Escolaridade",32.24,"Proporção média de  alunos do 9º ano com proficiência em Língua Portuguesa e Matemática (%)"
3548708,"São Bernardo do Campo",35.575,2024,"Escolaridade",31.01,"Proporção média de  alunos do 9º ano com proficiência em Língua Portuguesa e Matemática (%)"
3548807,"São Caetano do Sul",43.35553692,2014,"Escolaridade",20.17,"Proporção média de  alunos do 9º ano com proficiência em Língua Portuguesa e Matemática (%)"
3548807,"São Caetano do Sul",50.99581582,2016,"Escolaridade",24.39,"Proporção média de  alunos do 9º ano com proficiência em Língua Portuguesa e Matemática (%)"
3548807,"São Caetano do Sul",61.3257571,2018,"Escolaridade",29.18,"Proporção média de  alunos do 9º ano com proficiência em Língua Portuguesa e Matemática (%)"
3548807,"São Caetano do Sul",59.84009507,2020,"Escolaridade",33.99,"Proporção média de  alunos do 9º ano com proficiência em Língua Portuguesa e Matemática (%)"
3548807,"São Caetano do Sul",50.95,2022,"Escolaridade",32.24,"Proporção média de  alunos do 9º ano com proficiência em Língua Portuguesa e Matemática (%)"
3548807,"São Caetano do Sul",46.565,2024,"Escolaridade",31.01,"Proporção média de  alunos do 9º ano com proficiência em Língua Portuguesa e Matemática (%)"
3548906,"São Carlos",29.14834574,2014,"Escolaridade",20.17,"Proporção média de  alunos do 9º ano com proficiência em Língua Portuguesa e Matemática (%)"
3548906,"São Carlos",31.60880856,2016,"Escolaridade",24.39,"Proporção média de  alunos do 9º ano com proficiência em Língua Portuguesa e Matemática (%)"
3548906,"São Carlos",36.65902812,2018,"Escolaridade",29.18,"Proporção média de  alunos do 9º ano com proficiência em Língua Portuguesa e Matemática (%)"
3548906,"São Carlos",41.0937666,2020,"Escolaridade",33.99,"Proporção média de  alunos do 9º ano com proficiência em Língua Portuguesa e Matemática (%)"
3548906,"São Carlos",40.03,2022,"Escolaridade",32.24,"Proporção média de  alunos do 9º ano com proficiência em Língua Portuguesa e Matemática (%)"
3548906,"São Carlos",38.81,2024,"Escolaridade",31.01,"Proporção média de  alunos do 9º ano com proficiência em Língua Portuguesa e Matemática (%)"
3549003,"São Francisco",47.6521164,2014,"Escolaridade",20.17,"Proporção média de  alunos do 9º ano com proficiência em Língua Portuguesa e Matemática (%)"
3549003,"São Francisco",60.60496737,2016,"Escolaridade",24.39,"Proporção média de  alunos do 9º ano com proficiência em Língua Portuguesa e Matemática (%)"
3549003,"São Francisco",39.57641853,2018,"Escolaridade",29.18,"Proporção média de  alunos do 9º ano com proficiência em Língua Portuguesa e Matemática (%)"
3549003,"São Francisco",42.80662461,2020,"Escolaridade",33.99,"Proporção média de  alunos do 9º ano com proficiência em Língua Portuguesa e Matemática (%)"
3549003,"São Francisco",50,2022,"Escolaridade",32.24,"Proporção média de  alunos do 9º ano com proficiência em Língua Portuguesa e Matemática (%)"
3549003,"São Francisco",51.575,2024,"Escolaridade",31.01,"Proporção média de  alunos do 9º ano com proficiência em Língua Portuguesa e Matemática (%)"
3549102,"São João da Boa Vista",22.41574876,2014,"Escolaridade",20.17,"Proporção média de  alunos do 9º ano com proficiência em Língua Portuguesa e Matemática (%)"
3549102,"São João da Boa Vista",32.18707874,2016,"Escolaridade",24.39,"Proporção média de  alunos do 9º ano com proficiência em Língua Portuguesa e Matemática (%)"
3549102,"São João da Boa Vista",31.37008953,2018,"Escolaridade",29.18,"Proporção média de  alunos do 9º ano com proficiência em Língua Portuguesa e Matemática (%)"
3549102,"São João da Boa Vista",40.0847239,2020,"Escolaridade",33.99,"Proporção média de  alunos do 9º ano com proficiência em Língua Portuguesa e Matemática (%)"
3549102,"São João da Boa Vista",35.59,2022,"Escolaridade",32.24,"Proporção média de  alunos do 9º ano com proficiência em Língua Portuguesa e Matemática (%)"
3549102,"São João da Boa Vista",36.825,2024,"Escolaridade",31.01,"Proporção média de  alunos do 9º ano com proficiência em Língua Portuguesa e Matemática (%)"
3549201,"São João das Duas Pontes",32.17975207,2014,"Escolaridade",20.17,"Proporção média de  alunos do 9º ano com proficiência em Língua Portuguesa e Matemática (%)"
3549201,"São João das Duas Pontes",46.24017348,2016,"Escolaridade",24.39,"Proporção média de  alunos do 9º ano com proficiência em Língua Portuguesa e Matemática (%)"
3549201,"São João das Duas Pontes",10.52631579,2018,"Escolaridade",29.18,"Proporção média de  alunos do 9º ano com proficiência em Língua Portuguesa e Matemática (%)"
3549201,"São João das Duas Pontes",46.87893624,2020,"Escolaridade",33.99,"Proporção média de  alunos do 9º ano com proficiência em Língua Portuguesa e Matemática (%)"
3549201,"São João das Duas Pontes",25.005,2022,"Escolaridade",32.24,"Proporção média de  alunos do 9º ano com proficiência em Língua Portuguesa e Matemática (%)"
3549201,"São João das Duas Pontes",40,2024,"Escolaridade",31.01,"Proporção média de  alunos do 9º ano com proficiência em Língua Portuguesa e Matemática (%)"
3549250,"São João de Iracema",19.23076923,2014,"Escolaridade",20.17,"Proporção média de  alunos do 9º ano com proficiência em Língua Portuguesa e Matemática (%)"
3549250,"São João de Iracema",32.76027056,2016,"Escolaridade",24.39,"Proporção média de  alunos do 9º ano com proficiência em Língua Portuguesa e Matemática (%)"
3549250,"São João de Iracema",37.5,2018,"Escolaridade",29.18,"Proporção média de  alunos do 9º ano com proficiência em Língua Portuguesa e Matemática (%)"
3549250,"São João de Iracema",37.5,2020,"Escolaridade",33.99,"Proporção média de  alunos do 9º ano com proficiência em Língua Portuguesa e Matemática (%)"
3549250,"São João de Iracema",35,2022,"Escolaridade",32.24,"Proporção média de  alunos do 9º ano com proficiência em Língua Portuguesa e Matemática (%)"
3549250,"São João de Iracema",46.55,2024,"Escolaridade",31.01,"Proporção média de  alunos do 9º ano com proficiência em Língua Portuguesa e Matemática (%)"
3549300,"São João do Pau d'Alho",28.57142857,2014,"Escolaridade",20.17,"Proporção média de  alunos do 9º ano com proficiência em Língua Portuguesa e Matemática (%)"
3549300,"São João do Pau d'Alho",29.16666667,2016,"Escolaridade",24.39,"Proporção média de  alunos do 9º ano com proficiência em Língua Portuguesa e Matemática (%)"
3549300,"São João do Pau d'Alho",29.16666667,2018,"Escolaridade",29.18,"Proporção média de  alunos do 9º ano com proficiência em Língua Portuguesa e Matemática (%)"
3549300,"São João do Pau d'Alho",27.78011037,2020,"Escolaridade",33.99,"Proporção média de  alunos do 9º ano com proficiência em Língua Portuguesa e Matemática (%)"
3549300,"São João do Pau d'Alho",30.77,2022,"Escolaridade",32.24,"Proporção média de  alunos do 9º ano com proficiência em Língua Portuguesa e Matemática (%)"
3549300,"São João do Pau d'Alho",31.255,2024,"Escolaridade",31.01,"Proporção média de  alunos do 9º ano com proficiência em Língua Portuguesa e Matemática (%)"
3549409,"São Joaquim da Barra",20.27070138,2014,"Escolaridade",20.17,"Proporção média de  alunos do 9º ano com proficiência em Língua Portuguesa e Matemática (%)"
3549409,"São Joaquim da Barra",24.02792055,2016,"Escolaridade",24.39,"Proporção média de  alunos do 9º ano com proficiência em Língua Portuguesa e Matemática (%)"
3549409,"São Joaquim da Barra",31.2766185,2018,"Escolaridade",29.18,"Proporção média de  alunos do 9º ano com proficiência em Língua Portuguesa e Matemática (%)"
3549409,"São Joaquim da Barra",32.27990706,2020,"Escolaridade",33.99,"Proporção média de  alunos do 9º ano com proficiência em Língua Portuguesa e Matemática (%)"
3549409,"São Joaquim da Barra",32.255,2022,"Escolaridade",32.24,"Proporção média de  alunos do 9º ano com proficiência em Língua Portuguesa e Matemática (%)"
3549409,"São Joaquim da Barra",32.54,2024,"Escolaridade",31.01,"Proporção média de  alunos do 9º ano com proficiência em Língua Portuguesa e Matemática (%)"
3549508,"São José da Bela Vista",12.48480152,2014,"Escolaridade",20.17,"Proporção média de  alunos do 9º ano com proficiência em Língua Portuguesa e Matemática (%)"
3549508,"São José da Bela Vista",15.23332532,2016,"Escolaridade",24.39,"Proporção média de  alunos do 9º ano com proficiência em Língua Portuguesa e Matemática (%)"
3549508,"São José da Bela Vista",9.964356029,2018,"Escolaridade",29.18,"Proporção média de  alunos do 9º ano com proficiência em Língua Portuguesa e Matemática (%)"
3549508,"São José da Bela Vista",14.38830687,2020,"Escolaridade",33.99,"Proporção média de  alunos do 9º ano com proficiência em Língua Portuguesa e Matemática (%)"
3549508,"São José da Bela Vista",9.4,2022,"Escolaridade",32.24,"Proporção média de  alunos do 9º ano com proficiência em Língua Portuguesa e Matemática (%)"
3549508,"São José da Bela Vista",17.795,2024,"Escolaridade",31.01,"Proporção média de  alunos do 9º ano com proficiência em Língua Portuguesa e Matemática (%)"
3549607,"São José do Barreiro",17.62626263,2014,"Escolaridade",20.17,"Proporção média de  alunos do 9º ano com proficiência em Língua Portuguesa e Matemática (%)"
3549607,"São José do Barreiro",25.58485526,2016,"Escolaridade",24.39,"Proporção média de  alunos do 9º ano com proficiência em Língua Portuguesa e Matemática (%)"
3549607,"São José do Barreiro",16.01841197,2018,"Escolaridade",29.18,"Proporção média de  alunos do 9º ano com proficiência em Língua Portuguesa e Matemática (%)"
3549607,"São José do Barreiro",29.57163509,2020,"Escolaridade",33.99,"Proporção média de  alunos do 9º ano com proficiência em Língua Portuguesa e Matemática (%)"
3549607,"São José do Barreiro",18.855,2022,"Escolaridade",32.24,"Proporção média de  alunos do 9º ano com proficiência em Língua Portuguesa e Matemática (%)"
3549607,"São José do Barreiro",21.68,2024,"Escolaridade",31.01,"Proporção média de  alunos do 9º ano com proficiência em Língua Portuguesa e Matemática (%)"
3549706,"São José do Rio Pardo",27.80978257,2014,"Escolaridade",20.17,"Proporção média de  alunos do 9º ano com proficiência em Língua Portuguesa e Matemática (%)"
3549706,"São José do Rio Pardo",30.6335467,2016,"Escolaridade",24.39,"Proporção média de  alunos do 9º ano com proficiência em Língua Portuguesa e Matemática (%)"
3549706,"São José do Rio Pardo",31.464619,2018,"Escolaridade",29.18,"Proporção média de  alunos do 9º ano com proficiência em Língua Portuguesa e Matemática (%)"
3549706,"São José do Rio Pardo",33.20916846,2020,"Escolaridade",33.99,"Proporção média de  alunos do 9º ano com proficiência em Língua Portuguesa e Matemática (%)"
3549706,"São José do Rio Pardo",38.12,2022,"Escolaridade",32.24,"Proporção média de  alunos do 9º ano com proficiência em Língua Portuguesa e Matemática (%)"
3549706,"São José do Rio Pardo",38.825,2024,"Escolaridade",31.01,"Proporção média de  alunos do 9º ano com proficiência em Língua Portuguesa e Matemática (%)"
3549805,"São José do Rio Preto",26.62947007,2014,"Escolaridade",20.17,"Proporção média de  alunos do 9º ano com proficiência em Língua Portuguesa e Matemática (%)"
3549805,"São José do Rio Preto",31.34410751,2016,"Escolaridade",24.39,"Proporção média de  alunos do 9º ano com proficiência em Língua Portuguesa e Matemática (%)"
3549805,"São José do Rio Preto",34.70831285,2018,"Escolaridade",29.18,"Proporção média de  alunos do 9º ano com proficiência em Língua Portuguesa e Matemática (%)"
3549805,"São José do Rio Preto",37.02758884,2020,"Escolaridade",33.99,"Proporção média de  alunos do 9º ano com proficiência em Língua Portuguesa e Matemática (%)"
3549805,"São José do Rio Preto",36.07,2022,"Escolaridade",32.24,"Proporção média de  alunos do 9º ano com proficiência em Língua Portuguesa e Matemática (%)"
3549805,"São José do Rio Preto",33.725,2024,"Escolaridade",31.01,"Proporção média de  alunos do 9º ano com proficiência em Língua Portuguesa e Matemática (%)"
3549904,"São José dos Campos",27.9840758,2014,"Escolaridade",20.17,"Proporção média de  alunos do 9º ano com proficiência em Língua Portuguesa e Matemática (%)"
3549904,"São José dos Campos",33.48118785,2016,"Escolaridade",24.39,"Proporção média de  alunos do 9º ano com proficiência em Língua Portuguesa e Matemática (%)"
3549904,"São José dos Campos",38.26969522,2018,"Escolaridade",29.18,"Proporção média de  alunos do 9º ano com proficiência em Língua Portuguesa e Matemática (%)"
3549904,"São José dos Campos",43.45249345,2020,"Escolaridade",33.99,"Proporção média de  alunos do 9º ano com proficiência em Língua Portuguesa e Matemática (%)"
3549904,"São José dos Campos",40.51,2022,"Escolaridade",32.24,"Proporção média de  alunos do 9º ano com proficiência em Língua Portuguesa e Matemática (%)"
3549904,"São José dos Campos",40.765,2024,"Escolaridade",31.01,"Proporção média de  alunos do 9º ano com proficiência em Língua Portuguesa e Matemática (%)"
3549953,"São Lourenço da Serra",20.92347871,2014,"Escolaridade",20.17,"Proporção média de  alunos do 9º ano com proficiência em Língua Portuguesa e Matemática (%)"
3549953,"São Lourenço da Serra",22.12659408,2016,"Escolaridade",24.39,"Proporção média de  alunos do 9º ano com proficiência em Língua Portuguesa e Matemática (%)"
3549953,"São Lourenço da Serra",31.73854631,2018,"Escolaridade",29.18,"Proporção média de  alunos do 9º ano com proficiência em Língua Portuguesa e Matemática (%)"
3549953,"São Lourenço da Serra",28.61075712,2020,"Escolaridade",33.99,"Proporção média de  alunos do 9º ano com proficiência em Língua Portuguesa e Matemática (%)"
3549953,"São Lourenço da Serra",34.145,2022,"Escolaridade",32.24,"Proporção média de  alunos do 9º ano com proficiência em Língua Portuguesa e Matemática (%)"
3549953,"São Lourenço da Serra",30.48,2024,"Escolaridade",31.01,"Proporção média de  alunos do 9º ano com proficiência em Língua Portuguesa e Matemática (%)"
3550001,"São Luiz do Paraitinga",26.24018175,2014,"Escolaridade",20.17,"Proporção média de  alunos do 9º ano com proficiência em Língua Portuguesa e Matemática (%)"
3550001,"São Luiz do Paraitinga",27.5063509,2016,"Escolaridade",24.39,"Proporção média de  alunos do 9º ano com proficiência em Língua Portuguesa e Matemática (%)"
3550001,"São Luiz do Paraitinga",31.2515812,2018,"Escolaridade",29.18,"Proporção média de  alunos do 9º ano com proficiência em Língua Portuguesa e Matemática (%)"
3550001,"São Luiz do Paraitinga",36.66044046,2020,"Escolaridade",33.99,"Proporção média de  alunos do 9º ano com proficiência em Língua Portuguesa e Matemática (%)"
3550001,"São Luiz do Paraitinga",35.105,2022,"Escolaridade",32.24,"Proporção média de  alunos do 9º ano com proficiência em Língua Portuguesa e Matemática (%)"
3550001,"São Luiz do Paraitinga",41.99,2024,"Escolaridade",31.01,"Proporção média de  alunos do 9º ano com proficiência em Língua Portuguesa e Matemática (%)"
3550100,"São Manuel",18.48614353,2014,"Escolaridade",20.17,"Proporção média de  alunos do 9º ano com proficiência em Língua Portuguesa e Matemática (%)"
3550100,"São Manuel",20.86975033,2016,"Escolaridade",24.39,"Proporção média de  alunos do 9º ano com proficiência em Língua Portuguesa e Matemática (%)"
3550100,"São Manuel",19.51740129,2018,"Escolaridade",29.18,"Proporção média de  alunos do 9º ano com proficiência em Língua Portuguesa e Matemática (%)"
3550100,"São Manuel",26.25783013,2020,"Escolaridade",33.99,"Proporção média de  alunos do 9º ano com proficiência em Língua Portuguesa e Matemática (%)"
3550100,"São Manuel",30.38,2022,"Escolaridade",32.24,"Proporção média de  alunos do 9º ano com proficiência em Língua Portuguesa e Matemática (%)"
3550100,"São Manuel",26.235,2024,"Escolaridade",31.01,"Proporção média de  alunos do 9º ano com proficiência em Língua Portuguesa e Matemática (%)"
3550209,"São Miguel Arcanjo",27.57348264,2014,"Escolaridade",20.17,"Proporção média de  alunos do 9º ano com proficiência em Língua Portuguesa e Matemática (%)"
3550209,"São Miguel Arcanjo",38.19491397,2016,"Escolaridade",24.39,"Proporção média de  alunos do 9º ano com proficiência em Língua Portuguesa e Matemática (%)"
3550209,"São Miguel Arcanjo",36.84807825,2018,"Escolaridade",29.18,"Proporção média de  alunos do 9º ano com proficiência em Língua Portuguesa e Matemática (%)"
3550209,"São Miguel Arcanjo",36.29408777,2020,"Escolaridade",33.99,"Proporção média de  alunos do 9º ano com proficiência em Língua Portuguesa e Matemática (%)"
3550209,"São Miguel Arcanjo",34.535,2022,"Escolaridade",32.24,"Proporção média de  alunos do 9º ano com proficiência em Língua Portuguesa e Matemática (%)"
3550209,"São Miguel Arcanjo",38.32,2024,"Escolaridade",31.01,"Proporção média de  alunos do 9º ano com proficiência em Língua Portuguesa e Matemática (%)"
3550308,"São Paulo",16.30427095,2014,"Escolaridade",20.17,"Proporção média de  alunos do 9º ano com proficiência em Língua Portuguesa e Matemática (%)"
3550308,"São Paulo",19.64703493,2016,"Escolaridade",24.39,"Proporção média de  alunos do 9º ano com proficiência em Língua Portuguesa e Matemática (%)"
3550308,"São Paulo",21.76989974,2018,"Escolaridade",29.18,"Proporção média de  alunos do 9º ano com proficiência em Língua Portuguesa e Matemática (%)"
3550308,"São Paulo",29.62811801,2020,"Escolaridade",33.99,"Proporção média de  alunos do 9º ano com proficiência em Língua Portuguesa e Matemática (%)"
3550308,"São Paulo",29.465,2022,"Escolaridade",32.24,"Proporção média de  alunos do 9º ano com proficiência em Língua Portuguesa e Matemática (%)"
3550308,"São Paulo",25.45,2024,"Escolaridade",31.01,"Proporção média de  alunos do 9º ano com proficiência em Língua Portuguesa e Matemática (%)"
3550407,"São Pedro",26.32647078,2014,"Escolaridade",20.17,"Proporção média de  alunos do 9º ano com proficiência em Língua Portuguesa e Matemática (%)"
3550407,"São Pedro",33.213493,2016,"Escolaridade",24.39,"Proporção média de  alunos do 9º ano com proficiência em Língua Portuguesa e Matemática (%)"
3550407,"São Pedro",37.26884676,2018,"Escolaridade",29.18,"Proporção média de  alunos do 9º ano com proficiência em Língua Portuguesa e Matemática (%)"
3550407,"São Pedro",49.26639359,2020,"Escolaridade",33.99,"Proporção média de  alunos do 9º ano com proficiência em Língua Portuguesa e Matemática (%)"
3550407,"São Pedro",42.305,2022,"Escolaridade",32.24,"Proporção média de  alunos do 9º ano com proficiência em Língua Portuguesa e Matemática (%)"
3550407,"São Pedro",39.13,2024,"Escolaridade",31.01,"Proporção média de  alunos do 9º ano com proficiência em Língua Portuguesa e Matemática (%)"
3550506,"São Pedro do Turvo",19.83345146,2014,"Escolaridade",20.17,"Proporção média de  alunos do 9º ano com proficiência em Língua Portuguesa e Matemática (%)"
3550506,"São Pedro do Turvo",21.57496042,2016,"Escolaridade",24.39,"Proporção média de  alunos do 9º ano com proficiência em Língua Portuguesa e Matemática (%)"
3550506,"São Pedro do Turvo",39.90641179,2018,"Escolaridade",29.18,"Proporção média de  alunos do 9º ano com proficiência em Língua Portuguesa e Matemática (%)"
3550506,"São Pedro do Turvo",27.50862107,2020,"Escolaridade",33.99,"Proporção média de  alunos do 9º ano com proficiência em Língua Portuguesa e Matemática (%)"
3550506,"São Pedro do Turvo",41.74,2022,"Escolaridade",32.24,"Proporção média de  alunos do 9º ano com proficiência em Língua Portuguesa e Matemática (%)"
3550506,"São Pedro do Turvo",39.16,2024,"Escolaridade",31.01,"Proporção média de  alunos do 9º ano com proficiência em Língua Portuguesa e Matemática (%)"
3550605,"São Roque",19.71742427,2014,"Escolaridade",20.17,"Proporção média de  alunos do 9º ano com proficiência em Língua Portuguesa e Matemática (%)"
3550605,"São Roque",26.52994016,2016,"Escolaridade",24.39,"Proporção média de  alunos do 9º ano com proficiência em Língua Portuguesa e Matemática (%)"
3550605,"São Roque",35.34250497,2018,"Escolaridade",29.18,"Proporção média de  alunos do 9º ano com proficiência em Língua Portuguesa e Matemática (%)"
3550605,"São Roque",31.63539713,2020,"Escolaridade",33.99,"Proporção média de  alunos do 9º ano com proficiência em Língua Portuguesa e Matemática (%)"
3550605,"São Roque",26.765,2022,"Escolaridade",32.24,"Proporção média de  alunos do 9º ano com proficiência em Língua Portuguesa e Matemática (%)"
3550605,"São Roque",28.605,2024,"Escolaridade",31.01,"Proporção média de  alunos do 9º ano com proficiência em Língua Portuguesa e Matemática (%)"
3550704,"São Sebastião",19.24555759,2014,"Escolaridade",20.17,"Proporção média de  alunos do 9º ano com proficiência em Língua Portuguesa e Matemática (%)"
3550704,"São Sebastião",19.9018184,2016,"Escolaridade",24.39,"Proporção média de  alunos do 9º ano com proficiência em Língua Portuguesa e Matemática (%)"
3550704,"São Sebastião",30.85181019,2018,"Escolaridade",29.18,"Proporção média de  alunos do 9º ano com proficiência em Língua Portuguesa e Matemática (%)"
3550704,"São Sebastião",30.14057114,2020,"Escolaridade",33.99,"Proporção média de  alunos do 9º ano com proficiência em Língua Portuguesa e Matemática (%)"
3550704,"São Sebastião",31.655,2022,"Escolaridade",32.24,"Proporção média de  alunos do 9º ano com proficiência em Língua Portuguesa e Matemática (%)"
3550704,"São Sebastião",30.025,2024,"Escolaridade",31.01,"Proporção média de  alunos do 9º ano com proficiência em Língua Portuguesa e Matemática (%)"
3550803,"São Sebastião da Grama",18.63694038,2014,"Escolaridade",20.17,"Proporção média de  alunos do 9º ano com proficiência em Língua Portuguesa e Matemática (%)"
3550803,"São Sebastião da Grama",24.44059834,2016,"Escolaridade",24.39,"Proporção média de  alunos do 9º ano com proficiência em Língua Portuguesa e Matemática (%)"
3550803,"São Sebastião da Grama",26.9668347,2018,"Escolaridade",29.18,"Proporção média de  alunos do 9º ano com proficiência em Língua Portuguesa e Matemática (%)"
3550803,"São Sebastião da Grama",31.48391907,2020,"Escolaridade",33.99,"Proporção média de  alunos do 9º ano com proficiência em Língua Portuguesa e Matemática (%)"
3550803,"São Sebastião da Grama",25.93,2022,"Escolaridade",32.24,"Proporção média de  alunos do 9º ano com proficiência em Língua Portuguesa e Matemática (%)"
3550803,"São Sebastião da Grama",24.63,2024,"Escolaridade",31.01,"Proporção média de  alunos do 9º ano com proficiência em Língua Portuguesa e Matemática (%)"
3550902,"São Simão",15.26455897,2014,"Escolaridade",20.17,"Proporção média de  alunos do 9º ano com proficiência em Língua Portuguesa e Matemática (%)"
3550902,"São Simão",18.5948062,2016,"Escolaridade",24.39,"Proporção média de  alunos do 9º ano com proficiência em Língua Portuguesa e Matemática (%)"
3550902,"São Simão",24.58073507,2018,"Escolaridade",29.18,"Proporção média de  alunos do 9º ano com proficiência em Língua Portuguesa e Matemática (%)"
3550902,"São Simão",20.8300583,2020,"Escolaridade",33.99,"Proporção média de  alunos do 9º ano com proficiência em Língua Portuguesa e Matemática (%)"
3550902,"São Simão",20.39,2022,"Escolaridade",32.24,"Proporção média de  alunos do 9º ano com proficiência em Língua Portuguesa e Matemática (%)"
3550902,"São Simão",27.9,2024,"Escolaridade",31.01,"Proporção média de  alunos do 9º ano com proficiência em Língua Portuguesa e Matemática (%)"
3551009,"São Vicente",14.84134364,2014,"Escolaridade",20.17,"Proporção média de  alunos do 9º ano com proficiência em Língua Portuguesa e Matemática (%)"
3551009,"São Vicente",21.7017129,2016,"Escolaridade",24.39,"Proporção média de  alunos do 9º ano com proficiência em Língua Portuguesa e Matemática (%)"
3551009,"São Vicente",26.49036431,2018,"Escolaridade",29.18,"Proporção média de  alunos do 9º ano com proficiência em Língua Portuguesa e Matemática (%)"
3551009,"São Vicente",28.298929,2020,"Escolaridade",33.99,"Proporção média de  alunos do 9º ano com proficiência em Língua Portuguesa e Matemática (%)"
3551009,"São Vicente",25.375,2022,"Escolaridade",32.24,"Proporção média de  alunos do 9º ano com proficiência em Língua Portuguesa e Matemática (%)"
3551009,"São Vicente",26.245,2024,"Escolaridade",31.01,"Proporção média de  alunos do 9º ano com proficiência em Língua Portuguesa e Matemática (%)"
3551108,"Sarapuí",19.99235927,2014,"Escolaridade",20.17,"Proporção média de  alunos do 9º ano com proficiência em Língua Portuguesa e Matemática (%)"
3551108,"Sarapuí",26.72864242,2016,"Escolaridade",24.39,"Proporção média de  alunos do 9º ano com proficiência em Língua Portuguesa e Matemática (%)"
3551108,"Sarapuí",16.83713356,2018,"Escolaridade",29.18,"Proporção média de  alunos do 9º ano com proficiência em Língua Portuguesa e Matemática (%)"
3551108,"Sarapuí",31.99933477,2020,"Escolaridade",33.99,"Proporção média de  alunos do 9º ano com proficiência em Língua Portuguesa e Matemática (%)"
3551108,"Sarapuí",26.185,2022,"Escolaridade",32.24,"Proporção média de  alunos do 9º ano com proficiência em Língua Portuguesa e Matemática (%)"
3551108,"Sarapuí",37.01,2024,"Escolaridade",31.01,"Proporção média de  alunos do 9º ano com proficiência em Língua Portuguesa e Matemática (%)"
3551207,"Sarutaiá",11.56947891,2014,"Escolaridade",20.17,"Proporção média de  alunos do 9º ano com proficiência em Língua Portuguesa e Matemática (%)"
3551207,"Sarutaiá",16.92462731,2016,"Escolaridade",24.39,"Proporção média de  alunos do 9º ano com proficiência em Língua Portuguesa e Matemática (%)"
3551207,"Sarutaiá",42.45614035,2018,"Escolaridade",29.18,"Proporção média de  alunos do 9º ano com proficiência em Língua Portuguesa e Matemática (%)"
3551207,"Sarutaiá",27.0637417,2020,"Escolaridade",33.99,"Proporção média de  alunos do 9º ano com proficiência em Língua Portuguesa e Matemática (%)"
3551207,"Sarutaiá",29.395,2022,"Escolaridade",32.24,"Proporção média de  alunos do 9º ano com proficiência em Língua Portuguesa e Matemática (%)"
3551207,"Sarutaiá",28.885,2024,"Escolaridade",31.01,"Proporção média de  alunos do 9º ano com proficiência em Língua Portuguesa e Matemática (%)"
3551306,"Sebastianópolis do Sul",31.25,2014,"Escolaridade",20.17,"Proporção média de  alunos do 9º ano com proficiência em Língua Portuguesa e Matemática (%)"
3551306,"Sebastianópolis do Sul",64.58658604,2016,"Escolaridade",24.39,"Proporção média de  alunos do 9º ano com proficiência em Língua Portuguesa e Matemática (%)"
3551306,"Sebastianópolis do Sul",67.01388889,2018,"Escolaridade",29.18,"Proporção média de  alunos do 9º ano com proficiência em Língua Portuguesa e Matemática (%)"
3551306,"Sebastianópolis do Sul",37.503149,2020,"Escolaridade",33.99,"Proporção média de  alunos do 9º ano com proficiência em Língua Portuguesa e Matemática (%)"
3551306,"Sebastianópolis do Sul",43.315,2022,"Escolaridade",32.24,"Proporção média de  alunos do 9º ano com proficiência em Língua Portuguesa e Matemática (%)"
3551306,"Sebastianópolis do Sul",43.315,2024,"Escolaridade",31.01,"Proporção média de  alunos do 9º ano com proficiência em Língua Portuguesa e Matemática (%)"
3551405,"Serra Azul",10.77778409,2014,"Escolaridade",20.17,"Proporção média de  alunos do 9º ano com proficiência em Língua Portuguesa e Matemática (%)"
3551405,"Serra Azul",16.12684797,2016,"Escolaridade",24.39,"Proporção média de  alunos do 9º ano com proficiência em Língua Portuguesa e Matemática (%)"
3551405,"Serra Azul",18.8754263,2018,"Escolaridade",29.18,"Proporção média de  alunos do 9º ano com proficiência em Língua Portuguesa e Matemática (%)"
3551405,"Serra Azul",20.0408291,2020,"Escolaridade",33.99,"Proporção média de  alunos do 9º ano com proficiência em Língua Portuguesa e Matemática (%)"
3551405,"Serra Azul",22.385,2022,"Escolaridade",32.24,"Proporção média de  alunos do 9º ano com proficiência em Língua Portuguesa e Matemática (%)"
3551405,"Serra Azul",21.615,2024,"Escolaridade",31.01,"Proporção média de  alunos do 9º ano com proficiência em Língua Portuguesa e Matemática (%)"
3551504,"Serrana",15.1553228,2014,"Escolaridade",20.17,"Proporção média de  alunos do 9º ano com proficiência em Língua Portuguesa e Matemática (%)"
3551504,"Serrana",17.99589251,2016,"Escolaridade",24.39,"Proporção média de  alunos do 9º ano com proficiência em Língua Portuguesa e Matemática (%)"
3551504,"Serrana",21.92951416,2018,"Escolaridade",29.18,"Proporção média de  alunos do 9º ano com proficiência em Língua Portuguesa e Matemática (%)"
3551504,"Serrana",26.68382244,2020,"Escolaridade",33.99,"Proporção média de  alunos do 9º ano com proficiência em Língua Portuguesa e Matemática (%)"
3551504,"Serrana",23.595,2022,"Escolaridade",32.24,"Proporção média de  alunos do 9º ano com proficiência em Língua Portuguesa e Matemática (%)"
3551504,"Serrana",24.185,2024,"Escolaridade",31.01,"Proporção média de  alunos do 9º ano com proficiência em Língua Portuguesa e Matemática (%)"
3551603,"Serra Negra",29.27307881,2014,"Escolaridade",20.17,"Proporção média de  alunos do 9º ano com proficiência em Língua Portuguesa e Matemática (%)"
3551603,"Serra Negra",25.72779572,2016,"Escolaridade",24.39,"Proporção média de  alunos do 9º ano com proficiência em Língua Portuguesa e Matemática (%)"
3551603,"Serra Negra",26.75824014,2018,"Escolaridade",29.18,"Proporção média de  alunos do 9º ano com proficiência em Língua Portuguesa e Matemática (%)"
3551603,"Serra Negra",42.74247015,2020,"Escolaridade",33.99,"Proporção média de  alunos do 9º ano com proficiência em Língua Portuguesa e Matemática (%)"
3551603,"Serra Negra",35.045,2022,"Escolaridade",32.24,"Proporção média de  alunos do 9º ano com proficiência em Língua Portuguesa e Matemática (%)"
3551603,"Serra Negra",40.91,2024,"Escolaridade",31.01,"Proporção média de  alunos do 9º ano com proficiência em Língua Portuguesa e Matemática (%)"
3551702,"Sertãozinho",33.70874802,2014,"Escolaridade",20.17,"Proporção média de  alunos do 9º ano com proficiência em Língua Portuguesa e Matemática (%)"
3551702,"Sertãozinho",44.17624205,2016,"Escolaridade",24.39,"Proporção média de  alunos do 9º ano com proficiência em Língua Portuguesa e Matemática (%)"
3551702,"Sertãozinho",45.09517473,2018,"Escolaridade",29.18,"Proporção média de  alunos do 9º ano com proficiência em Língua Portuguesa e Matemática (%)"
3551702,"Sertãozinho",50.88217548,2020,"Escolaridade",33.99,"Proporção média de  alunos do 9º ano com proficiência em Língua Portuguesa e Matemática (%)"
3551702,"Sertãozinho",41.47,2022,"Escolaridade",32.24,"Proporção média de  alunos do 9º ano com proficiência em Língua Portuguesa e Matemática (%)"
3551702,"Sertãozinho",40.725,2024,"Escolaridade",31.01,"Proporção média de  alunos do 9º ano com proficiência em Língua Portuguesa e Matemática (%)"
3551801,"Sete Barras",25.04329655,2014,"Escolaridade",20.17,"Proporção média de  alunos do 9º ano com proficiência em Língua Portuguesa e Matemática (%)"
3551801,"Sete Barras",23.53649574,2016,"Escolaridade",24.39,"Proporção média de  alunos do 9º ano com proficiência em Língua Portuguesa e Matemática (%)"
3551801,"Sete Barras",19.90708737,2018,"Escolaridade",29.18,"Proporção média de  alunos do 9º ano com proficiência em Língua Portuguesa e Matemática (%)"
3551801,"Sete Barras",13.80744866,2020,"Escolaridade",33.99,"Proporção média de  alunos do 9º ano com proficiência em Língua Portuguesa e Matemática (%)"
3551801,"Sete Barras",19.015,2022,"Escolaridade",32.24,"Proporção média de  alunos do 9º ano com proficiência em Língua Portuguesa e Matemática (%)"
3551801,"Sete Barras",18.845,2024,"Escolaridade",31.01,"Proporção média de  alunos do 9º ano com proficiência em Língua Portuguesa e Matemática (%)"
3551900,"Severínia",19.84526585,2014,"Escolaridade",20.17,"Proporção média de  alunos do 9º ano com proficiência em Língua Portuguesa e Matemática (%)"
3551900,"Severínia",16.16211712,2016,"Escolaridade",24.39,"Proporção média de  alunos do 9º ano com proficiência em Língua Portuguesa e Matemática (%)"
3551900,"Severínia",21.35264032,2018,"Escolaridade",29.18,"Proporção média de  alunos do 9º ano com proficiência em Língua Portuguesa e Matemática (%)"
3551900,"Severínia",30.52430214,2020,"Escolaridade",33.99,"Proporção média de  alunos do 9º ano com proficiência em Língua Portuguesa e Matemática (%)"
3551900,"Severínia",30.245,2022,"Escolaridade",32.24,"Proporção média de  alunos do 9º ano com proficiência em Língua Portuguesa e Matemática (%)"
3551900,"Severínia",29.38,2024,"Escolaridade",31.01,"Proporção média de  alunos do 9º ano com proficiência em Língua Portuguesa e Matemática (%)"
3552007,"Silveiras",10.12521666,2014,"Escolaridade",20.17,"Proporção média de  alunos do 9º ano com proficiência em Língua Portuguesa e Matemática (%)"
3552007,"Silveiras",24.64165196,2016,"Escolaridade",24.39,"Proporção média de  alunos do 9º ano com proficiência em Língua Portuguesa e Matemática (%)"
3552007,"Silveiras",33.18916557,2018,"Escolaridade",29.18,"Proporção média de  alunos do 9º ano com proficiência em Língua Portuguesa e Matemática (%)"
3552007,"Silveiras",18.88306864,2020,"Escolaridade",33.99,"Proporção média de  alunos do 9º ano com proficiência em Língua Portuguesa e Matemática (%)"
3552007,"Silveiras",26.385,2022,"Escolaridade",32.24,"Proporção média de  alunos do 9º ano com proficiência em Língua Portuguesa e Matemática (%)"
3552007,"Silveiras",31.145,2024,"Escolaridade",31.01,"Proporção média de  alunos do 9º ano com proficiência em Língua Portuguesa e Matemática (%)"
3552106,"Socorro",32.69743505,2014,"Escolaridade",20.17,"Proporção média de  alunos do 9º ano com proficiência em Língua Portuguesa e Matemática (%)"
3552106,"Socorro",37.14614393,2016,"Escolaridade",24.39,"Proporção média de  alunos do 9º ano com proficiência em Língua Portuguesa e Matemática (%)"
3552106,"Socorro",34.36539331,2018,"Escolaridade",29.18,"Proporção média de  alunos do 9º ano com proficiência em Língua Portuguesa e Matemática (%)"
3552106,"Socorro",44.70914415,2020,"Escolaridade",33.99,"Proporção média de  alunos do 9º ano com proficiência em Língua Portuguesa e Matemática (%)"
3552106,"Socorro",38.045,2022,"Escolaridade",32.24,"Proporção média de  alunos do 9º ano com proficiência em Língua Portuguesa e Matemática (%)"
3552106,"Socorro",34.63,2024,"Escolaridade",31.01,"Proporção média de  alunos do 9º ano com proficiência em Língua Portuguesa e Matemática (%)"
3552205,"Sorocaba",24.22452037,2014,"Escolaridade",20.17,"Proporção média de  alunos do 9º ano com proficiência em Língua Portuguesa e Matemática (%)"
3552205,"Sorocaba",27.80503204,2016,"Escolaridade",24.39,"Proporção média de  alunos do 9º ano com proficiência em Língua Portuguesa e Matemática (%)"
3552205,"Sorocaba",31.7419241,2018,"Escolaridade",29.18,"Proporção média de  alunos do 9º ano com proficiência em Língua Portuguesa e Matemática (%)"
3552205,"Sorocaba",37.88707633,2020,"Escolaridade",33.99,"Proporção média de  alunos do 9º ano com proficiência em Língua Portuguesa e Matemática (%)"
3552205,"Sorocaba",36.49,2022,"Escolaridade",32.24,"Proporção média de  alunos do 9º ano com proficiência em Língua Portuguesa e Matemática (%)"
3552205,"Sorocaba",37.965,2024,"Escolaridade",31.01,"Proporção média de  alunos do 9º ano com proficiência em Língua Portuguesa e Matemática (%)"
3552304,"Sud Mennucci",27.69350395,2014,"Escolaridade",20.17,"Proporção média de  alunos do 9º ano com proficiência em Língua Portuguesa e Matemática (%)"
3552304,"Sud Mennucci",36.07368864,2016,"Escolaridade",24.39,"Proporção média de  alunos do 9º ano com proficiência em Língua Portuguesa e Matemática (%)"
3552304,"Sud Mennucci",43.54335358,2018,"Escolaridade",29.18,"Proporção média de  alunos do 9º ano com proficiência em Língua Portuguesa e Matemática (%)"
3552304,"Sud Mennucci",38.66082765,2020,"Escolaridade",33.99,"Proporção média de  alunos do 9º ano com proficiência em Língua Portuguesa e Matemática (%)"
3552304,"Sud Mennucci",31.965,2022,"Escolaridade",32.24,"Proporção média de  alunos do 9º ano com proficiência em Língua Portuguesa e Matemática (%)"
3552304,"Sud Mennucci",37.335,2024,"Escolaridade",31.01,"Proporção média de  alunos do 9º ano com proficiência em Língua Portuguesa e Matemática (%)"
3552403,"Sumaré",22.47435023,2014,"Escolaridade",20.17,"Proporção média de  alunos do 9º ano com proficiência em Língua Portuguesa e Matemática (%)"
3552403,"Sumaré",28.7426052,2016,"Escolaridade",24.39,"Proporção média de  alunos do 9º ano com proficiência em Língua Portuguesa e Matemática (%)"
3552403,"Sumaré",28.27065112,2018,"Escolaridade",29.18,"Proporção média de  alunos do 9º ano com proficiência em Língua Portuguesa e Matemática (%)"
3552403,"Sumaré",33.35649222,2020,"Escolaridade",33.99,"Proporção média de  alunos do 9º ano com proficiência em Língua Portuguesa e Matemática (%)"
3552403,"Sumaré",32.08,2022,"Escolaridade",32.24,"Proporção média de  alunos do 9º ano com proficiência em Língua Portuguesa e Matemática (%)"
3552403,"Sumaré",31.93,2024,"Escolaridade",31.01,"Proporção média de  alunos do 9º ano com proficiência em Língua Portuguesa e Matemática (%)"
3552502,"Suzano",17.08217854,2014,"Escolaridade",20.17,"Proporção média de  alunos do 9º ano com proficiência em Língua Portuguesa e Matemática (%)"
3552502,"Suzano",24.50849572,2016,"Escolaridade",24.39,"Proporção média de  alunos do 9º ano com proficiência em Língua Portuguesa e Matemática (%)"
3552502,"Suzano",29.1488119,2018,"Escolaridade",29.18,"Proporção média de  alunos do 9º ano com proficiência em Língua Portuguesa e Matemática (%)"
3552502,"Suzano",34.11715563,2020,"Escolaridade",33.99,"Proporção média de  alunos do 9º ano com proficiência em Língua Portuguesa e Matemática (%)"
3552502,"Suzano",31.375,2022,"Escolaridade",32.24,"Proporção média de  alunos do 9º ano com proficiência em Língua Portuguesa e Matemática (%)"
3552502,"Suzano",28.76,2024,"Escolaridade",31.01,"Proporção média de  alunos do 9º ano com proficiência em Língua Portuguesa e Matemática (%)"
3552551,"Suzanápolis",15.43103448,2014,"Escolaridade",20.17,"Proporção média de  alunos do 9º ano com proficiência em Língua Portuguesa e Matemática (%)"
3552551,"Suzanápolis",35.93930998,2016,"Escolaridade",24.39,"Proporção média de  alunos do 9º ano com proficiência em Língua Portuguesa e Matemática (%)"
3552551,"Suzanápolis",49.3837535,2018,"Escolaridade",29.18,"Proporção média de  alunos do 9º ano com proficiência em Língua Portuguesa e Matemática (%)"
3552551,"Suzanápolis",29.37629645,2020,"Escolaridade",33.99,"Proporção média de  alunos do 9º ano com proficiência em Língua Portuguesa e Matemática (%)"
3552551,"Suzanápolis",42.995,2022,"Escolaridade",32.24,"Proporção média de  alunos do 9º ano com proficiência em Língua Portuguesa e Matemática (%)"
3552551,"Suzanápolis",30.815,2024,"Escolaridade",31.01,"Proporção média de  alunos do 9º ano com proficiência em Língua Portuguesa e Matemática (%)"
3552601,"Tabapuã",31.28336452,2014,"Escolaridade",20.17,"Proporção média de  alunos do 9º ano com proficiência em Língua Portuguesa e Matemática (%)"
3552601,"Tabapuã",35.04524598,2016,"Escolaridade",24.39,"Proporção média de  alunos do 9º ano com proficiência em Língua Portuguesa e Matemática (%)"
3552601,"Tabapuã",48.67142857,2018,"Escolaridade",29.18,"Proporção média de  alunos do 9º ano com proficiência em Língua Portuguesa e Matemática (%)"
3552601,"Tabapuã",49.69952366,2020,"Escolaridade",33.99,"Proporção média de  alunos do 9º ano com proficiência em Língua Portuguesa e Matemática (%)"
3552601,"Tabapuã",51.53,2022,"Escolaridade",32.24,"Proporção média de  alunos do 9º ano com proficiência em Língua Portuguesa e Matemática (%)"
3552601,"Tabapuã",48.355,2024,"Escolaridade",31.01,"Proporção média de  alunos do 9º ano com proficiência em Língua Portuguesa e Matemática (%)"
3552700,"Tabatinga",18.80059042,2014,"Escolaridade",20.17,"Proporção média de  alunos do 9º ano com proficiência em Língua Portuguesa e Matemática (%)"
3552700,"Tabatinga",26.13743862,2016,"Escolaridade",24.39,"Proporção média de  alunos do 9º ano com proficiência em Língua Portuguesa e Matemática (%)"
3552700,"Tabatinga",32.18333111,2018,"Escolaridade",29.18,"Proporção média de  alunos do 9º ano com proficiência em Língua Portuguesa e Matemática (%)"
3552700,"Tabatinga",36.58679292,2020,"Escolaridade",33.99,"Proporção média de  alunos do 9º ano com proficiência em Língua Portuguesa e Matemática (%)"
3552700,"Tabatinga",36.02,2022,"Escolaridade",32.24,"Proporção média de  alunos do 9º ano com proficiência em Língua Portuguesa e Matemática (%)"
3552700,"Tabatinga",28.065,2024,"Escolaridade",31.01,"Proporção média de  alunos do 9º ano com proficiência em Língua Portuguesa e Matemática (%)"
3552809,"Taboão da Serra",21.22224071,2014,"Escolaridade",20.17,"Proporção média de  alunos do 9º ano com proficiência em Língua Portuguesa e Matemática (%)"
3552809,"Taboão da Serra",27.70167025,2016,"Escolaridade",24.39,"Proporção média de  alunos do 9º ano com proficiência em Língua Portuguesa e Matemática (%)"
3552809,"Taboão da Serra",31.01136635,2018,"Escolaridade",29.18,"Proporção média de  alunos do 9º ano com proficiência em Língua Portuguesa e Matemática (%)"
3552809,"Taboão da Serra",36.01520328,2020,"Escolaridade",33.99,"Proporção média de  alunos do 9º ano com proficiência em Língua Portuguesa e Matemática (%)"
3552809,"Taboão da Serra",34.815,2022,"Escolaridade",32.24,"Proporção média de  alunos do 9º ano com proficiência em Língua Portuguesa e Matemática (%)"
3552809,"Taboão da Serra",30.125,2024,"Escolaridade",31.01,"Proporção média de  alunos do 9º ano com proficiência em Língua Portuguesa e Matemática (%)"
3552908,"Taciba",21.33639911,2014,"Escolaridade",20.17,"Proporção média de  alunos do 9º ano com proficiência em Língua Portuguesa e Matemática (%)"
3552908,"Taciba",28.43670653,2016,"Escolaridade",24.39,"Proporção média de  alunos do 9º ano com proficiência em Língua Portuguesa e Matemática (%)"
3552908,"Taciba",21.83544304,2018,"Escolaridade",29.18,"Proporção média de  alunos do 9º ano com proficiência em Língua Portuguesa e Matemática (%)"
3552908,"Taciba",32.73657743,2020,"Escolaridade",33.99,"Proporção média de  alunos do 9º ano com proficiência em Língua Portuguesa e Matemática (%)"
3552908,"Taciba",34.1,2022,"Escolaridade",32.24,"Proporção média de  alunos do 9º ano com proficiência em Língua Portuguesa e Matemática (%)"
3552908,"Taciba",25.29,2024,"Escolaridade",31.01,"Proporção média de  alunos do 9º ano com proficiência em Língua Portuguesa e Matemática (%)"
3553005,"Taguaí",39.08242406,2014,"Escolaridade",20.17,"Proporção média de  alunos do 9º ano com proficiência em Língua Portuguesa e Matemática (%)"
3553005,"Taguaí",35.1511327,2016,"Escolaridade",24.39,"Proporção média de  alunos do 9º ano com proficiência em Língua Portuguesa e Matemática (%)"
3553005,"Taguaí",43.10140984,2018,"Escolaridade",29.18,"Proporção média de  alunos do 9º ano com proficiência em Língua Portuguesa e Matemática (%)"
3553005,"Taguaí",51.74919915,2020,"Escolaridade",33.99,"Proporção média de  alunos do 9º ano com proficiência em Língua Portuguesa e Matemática (%)"
3553005,"Taguaí",47.24,2022,"Escolaridade",32.24,"Proporção média de  alunos do 9º ano com proficiência em Língua Portuguesa e Matemática (%)"
3553005,"Taguaí",43.545,2024,"Escolaridade",31.01,"Proporção média de  alunos do 9º ano com proficiência em Língua Portuguesa e Matemática (%)"
3553104,"Taiaçu",15.74624565,2014,"Escolaridade",20.17,"Proporção média de  alunos do 9º ano com proficiência em Língua Portuguesa e Matemática (%)"
3553104,"Taiaçu",24.01021821,2016,"Escolaridade",24.39,"Proporção média de  alunos do 9º ano com proficiência em Língua Portuguesa e Matemática (%)"
3553104,"Taiaçu",29.4325214,2018,"Escolaridade",29.18,"Proporção média de  alunos do 9º ano com proficiência em Língua Portuguesa e Matemática (%)"
3553104,"Taiaçu",25.53934562,2020,"Escolaridade",33.99,"Proporção média de  alunos do 9º ano com proficiência em Língua Portuguesa e Matemática (%)"
3553104,"Taiaçu",34.375,2022,"Escolaridade",32.24,"Proporção média de  alunos do 9º ano com proficiência em Língua Portuguesa e Matemática (%)"
3553104,"Taiaçu",32.545,2024,"Escolaridade",31.01,"Proporção média de  alunos do 9º ano com proficiência em Língua Portuguesa e Matemática (%)"
3553203,"Taiúva",34.2240767,2014,"Escolaridade",20.17,"Proporção média de  alunos do 9º ano com proficiência em Língua Portuguesa e Matemática (%)"
3553203,"Taiúva",35.7776639,2016,"Escolaridade",24.39,"Proporção média de  alunos do 9º ano com proficiência em Língua Portuguesa e Matemática (%)"
3553203,"Taiúva",29.50292398,2018,"Escolaridade",29.18,"Proporção média de  alunos do 9º ano com proficiência em Língua Portuguesa e Matemática (%)"
3553203,"Taiúva",29.03469599,2020,"Escolaridade",33.99,"Proporção média de  alunos do 9º ano com proficiência em Língua Portuguesa e Matemática (%)"
3553203,"Taiúva",34.29,2022,"Escolaridade",32.24,"Proporção média de  alunos do 9º ano com proficiência em Língua Portuguesa e Matemática (%)"
3553203,"Taiúva",42.845,2024,"Escolaridade",31.01,"Proporção média de  alunos do 9º ano com proficiência em Língua Portuguesa e Matemática (%)"
3553302,"Tambaú",21.47403636,2014,"Escolaridade",20.17,"Proporção média de  alunos do 9º ano com proficiência em Língua Portuguesa e Matemática (%)"
3553302,"Tambaú",20.42662492,2016,"Escolaridade",24.39,"Proporção média de  alunos do 9º ano com proficiência em Língua Portuguesa e Matemática (%)"
3553302,"Tambaú",26.30455033,2018,"Escolaridade",29.18,"Proporção média de  alunos do 9º ano com proficiência em Língua Portuguesa e Matemática (%)"
3553302,"Tambaú",26.6781728,2020,"Escolaridade",33.99,"Proporção média de  alunos do 9º ano com proficiência em Língua Portuguesa e Matemática (%)"
3553302,"Tambaú",19.465,2022,"Escolaridade",32.24,"Proporção média de  alunos do 9º ano com proficiência em Língua Portuguesa e Matemática (%)"
3553302,"Tambaú",20.12,2024,"Escolaridade",31.01,"Proporção média de  alunos do 9º ano com proficiência em Língua Portuguesa e Matemática (%)"
3553401,"Tanabi",32.42270573,2014,"Escolaridade",20.17,"Proporção média de  alunos do 9º ano com proficiência em Língua Portuguesa e Matemática (%)"
3553401,"Tanabi",42.00431776,2016,"Escolaridade",24.39,"Proporção média de  alunos do 9º ano com proficiência em Língua Portuguesa e Matemática (%)"
3553401,"Tanabi",43.68778526,2018,"Escolaridade",29.18,"Proporção média de  alunos do 9º ano com proficiência em Língua Portuguesa e Matemática (%)"
3553401,"Tanabi",38.60058242,2020,"Escolaridade",33.99,"Proporção média de  alunos do 9º ano com proficiência em Língua Portuguesa e Matemática (%)"
3553401,"Tanabi",41.05,2022,"Escolaridade",32.24,"Proporção média de  alunos do 9º ano com proficiência em Língua Portuguesa e Matemática (%)"
3553401,"Tanabi",45.85,2024,"Escolaridade",31.01,"Proporção média de  alunos do 9º ano com proficiência em Língua Portuguesa e Matemática (%)"
3553500,"Tapiraí",17.1865848,2014,"Escolaridade",20.17,"Proporção média de  alunos do 9º ano com proficiência em Língua Portuguesa e Matemática (%)"
3553500,"Tapiraí",22.61656525,2016,"Escolaridade",24.39,"Proporção média de  alunos do 9º ano com proficiência em Língua Portuguesa e Matemática (%)"
3553500,"Tapiraí",22.91453065,2018,"Escolaridade",29.18,"Proporção média de  alunos do 9º ano com proficiência em Língua Portuguesa e Matemática (%)"
3553500,"Tapiraí",35.77582025,2020,"Escolaridade",33.99,"Proporção média de  alunos do 9º ano com proficiência em Língua Portuguesa e Matemática (%)"
3553500,"Tapiraí",27.085,2022,"Escolaridade",32.24,"Proporção média de  alunos do 9º ano com proficiência em Língua Portuguesa e Matemática (%)"
3553500,"Tapiraí",23.82,2024,"Escolaridade",31.01,"Proporção média de  alunos do 9º ano com proficiência em Língua Portuguesa e Matemática (%)"
3553609,"Tapiratiba",28.04261796,2014,"Escolaridade",20.17,"Proporção média de  alunos do 9º ano com proficiência em Língua Portuguesa e Matemática (%)"
3553609,"Tapiratiba",29.87424354,2016,"Escolaridade",24.39,"Proporção média de  alunos do 9º ano com proficiência em Língua Portuguesa e Matemática (%)"
3553609,"Tapiratiba",27.54836856,2018,"Escolaridade",29.18,"Proporção média de  alunos do 9º ano com proficiência em Língua Portuguesa e Matemática (%)"
3553609,"Tapiratiba",44.05750268,2020,"Escolaridade",33.99,"Proporção média de  alunos do 9º ano com proficiência em Língua Portuguesa e Matemática (%)"
3553609,"Tapiratiba",39.435,2022,"Escolaridade",32.24,"Proporção média de  alunos do 9º ano com proficiência em Língua Portuguesa e Matemática (%)"
3553609,"Tapiratiba",39.375,2024,"Escolaridade",31.01,"Proporção média de  alunos do 9º ano com proficiência em Língua Portuguesa e Matemática (%)"
3553658,"Taquaral",20.83333333,2014,"Escolaridade",20.17,"Proporção média de  alunos do 9º ano com proficiência em Língua Portuguesa e Matemática (%)"
3553658,"Taquaral",27.69910378,2016,"Escolaridade",24.39,"Proporção média de  alunos do 9º ano com proficiência em Língua Portuguesa e Matemática (%)"
3553658,"Taquaral",57.14285714,2018,"Escolaridade",29.18,"Proporção média de  alunos do 9º ano com proficiência em Língua Portuguesa e Matemática (%)"
3553658,"Taquaral",21.94628719,2020,"Escolaridade",33.99,"Proporção média de  alunos do 9º ano com proficiência em Língua Portuguesa e Matemática (%)"
3553658,"Taquaral",33.33,2022,"Escolaridade",32.24,"Proporção média de  alunos do 9º ano com proficiência em Língua Portuguesa e Matemática (%)"
3553658,"Taquaral",37.5,2024,"Escolaridade",31.01,"Proporção média de  alunos do 9º ano com proficiência em Língua Portuguesa e Matemática (%)"
3553708,"Taquaritinga",21.55238191,2014,"Escolaridade",20.17,"Proporção média de  alunos do 9º ano com proficiência em Língua Portuguesa e Matemática (%)"
3553708,"Taquaritinga",24.89847879,2016,"Escolaridade",24.39,"Proporção média de  alunos do 9º ano com proficiência em Língua Portuguesa e Matemática (%)"
3553708,"Taquaritinga",24.15262292,2018,"Escolaridade",29.18,"Proporção média de  alunos do 9º ano com proficiência em Língua Portuguesa e Matemática (%)"
3553708,"Taquaritinga",25.84206947,2020,"Escolaridade",33.99,"Proporção média de  alunos do 9º ano com proficiência em Língua Portuguesa e Matemática (%)"
3553708,"Taquaritinga",18.805,2022,"Escolaridade",32.24,"Proporção média de  alunos do 9º ano com proficiência em Língua Portuguesa e Matemática (%)"
3553708,"Taquaritinga",45.065,2024,"Escolaridade",31.01,"Proporção média de  alunos do 9º ano com proficiência em Língua Portuguesa e Matemática (%)"
3553807,"Taquarituba",21.38030714,2014,"Escolaridade",20.17,"Proporção média de  alunos do 9º ano com proficiência em Língua Portuguesa e Matemática (%)"
3553807,"Taquarituba",26.07023951,2016,"Escolaridade",24.39,"Proporção média de  alunos do 9º ano com proficiência em Língua Portuguesa e Matemática (%)"
3553807,"Taquarituba",35.43001172,2018,"Escolaridade",29.18,"Proporção média de  alunos do 9º ano com proficiência em Língua Portuguesa e Matemática (%)"
3553807,"Taquarituba",38.04721983,2020,"Escolaridade",33.99,"Proporção média de  alunos do 9º ano com proficiência em Língua Portuguesa e Matemática (%)"
3553807,"Taquarituba",37.135,2022,"Escolaridade",32.24,"Proporção média de  alunos do 9º ano com proficiência em Língua Portuguesa e Matemática (%)"
3553807,"Taquarituba",39.995,2024,"Escolaridade",31.01,"Proporção média de  alunos do 9º ano com proficiência em Língua Portuguesa e Matemática (%)"
3553856,"Taquarivaí",24.22923877,2014,"Escolaridade",20.17,"Proporção média de  alunos do 9º ano com proficiência em Língua Portuguesa e Matemática (%)"
3553856,"Taquarivaí",23.09896725,2016,"Escolaridade",24.39,"Proporção média de  alunos do 9º ano com proficiência em Língua Portuguesa e Matemática (%)"
3553856,"Taquarivaí",20.16204634,2018,"Escolaridade",29.18,"Proporção média de  alunos do 9º ano com proficiência em Língua Portuguesa e Matemática (%)"
3553856,"Taquarivaí",29.47670452,2020,"Escolaridade",33.99,"Proporção média de  alunos do 9º ano com proficiência em Língua Portuguesa e Matemática (%)"
3553856,"Taquarivaí",34.155,2022,"Escolaridade",32.24,"Proporção média de  alunos do 9º ano com proficiência em Língua Portuguesa e Matemática (%)"
3553856,"Taquarivaí",30.445,2024,"Escolaridade",31.01,"Proporção média de  alunos do 9º ano com proficiência em Língua Portuguesa e Matemática (%)"
3553906,"Tarabai",23.09441093,2014,"Escolaridade",20.17,"Proporção média de  alunos do 9º ano com proficiência em Língua Portuguesa e Matemática (%)"
3553906,"Tarabai",26.52949542,2016,"Escolaridade",24.39,"Proporção média de  alunos do 9º ano com proficiência em Língua Portuguesa e Matemática (%)"
3553906,"Tarabai",21.98318713,2018,"Escolaridade",29.18,"Proporção média de  alunos do 9º ano com proficiência em Língua Portuguesa e Matemática (%)"
3553906,"Tarabai",33.17759584,2020,"Escolaridade",33.99,"Proporção média de  alunos do 9º ano com proficiência em Língua Portuguesa e Matemática (%)"
3553906,"Tarabai",32.87,2022,"Escolaridade",32.24,"Proporção média de  alunos do 9º ano com proficiência em Língua Portuguesa e Matemática (%)"
3553906,"Tarabai",35.415,2024,"Escolaridade",31.01,"Proporção média de  alunos do 9º ano com proficiência em Língua Portuguesa e Matemática (%)"
3553955,"Tarumã",14.91365808,2014,"Escolaridade",20.17,"Proporção média de  alunos do 9º ano com proficiência em Língua Portuguesa e Matemática (%)"
3553955,"Tarumã",22.39784103,2016,"Escolaridade",24.39,"Proporção média de  alunos do 9º ano com proficiência em Língua Portuguesa e Matemática (%)"
3553955,"Tarumã",29.45888639,2018,"Escolaridade",29.18,"Proporção média de  alunos do 9º ano com proficiência em Língua Portuguesa e Matemática (%)"
3553955,"Tarumã",26.327002,2020,"Escolaridade",33.99,"Proporção média de  alunos do 9º ano com proficiência em Língua Portuguesa e Matemática (%)"
3553955,"Tarumã",28.235,2022,"Escolaridade",32.24,"Proporção média de  alunos do 9º ano com proficiência em Língua Portuguesa e Matemática (%)"
3553955,"Tarumã",30.7,2024,"Escolaridade",31.01,"Proporção média de  alunos do 9º ano com proficiência em Língua Portuguesa e Matemática (%)"
3554003,"Tatuí",19.16804055,2014,"Escolaridade",20.17,"Proporção média de  alunos do 9º ano com proficiência em Língua Portuguesa e Matemática (%)"
3554003,"Tatuí",19.76459068,2016,"Escolaridade",24.39,"Proporção média de  alunos do 9º ano com proficiência em Língua Portuguesa e Matemática (%)"
3554003,"Tatuí",24.96830514,2018,"Escolaridade",29.18,"Proporção média de  alunos do 9º ano com proficiência em Língua Portuguesa e Matemática (%)"
3554003,"Tatuí",29.03227998,2020,"Escolaridade",33.99,"Proporção média de  alunos do 9º ano com proficiência em Língua Portuguesa e Matemática (%)"
3554003,"Tatuí",27.325,2022,"Escolaridade",32.24,"Proporção média de  alunos do 9º ano com proficiência em Língua Portuguesa e Matemática (%)"
3554003,"Tatuí",31.43,2024,"Escolaridade",31.01,"Proporção média de  alunos do 9º ano com proficiência em Língua Portuguesa e Matemática (%)"
3554102,"Taubaté",25.11717429,2014,"Escolaridade",20.17,"Proporção média de  alunos do 9º ano com proficiência em Língua Portuguesa e Matemática (%)"
3554102,"Taubaté",26.47151816,2016,"Escolaridade",24.39,"Proporção média de  alunos do 9º ano com proficiência em Língua Portuguesa e Matemática (%)"
3554102,"Taubaté",37.1717801,2018,"Escolaridade",29.18,"Proporção média de  alunos do 9º ano com proficiência em Língua Portuguesa e Matemática (%)"
3554102,"Taubaté",39.32216785,2020,"Escolaridade",33.99,"Proporção média de  alunos do 9º ano com proficiência em Língua Portuguesa e Matemática (%)"
3554102,"Taubaté",34.085,2022,"Escolaridade",32.24,"Proporção média de  alunos do 9º ano com proficiência em Língua Portuguesa e Matemática (%)"
3554102,"Taubaté",29.885,2024,"Escolaridade",31.01,"Proporção média de  alunos do 9º ano com proficiência em Língua Portuguesa e Matemática (%)"
3554201,"Tejupá",23.87573099,2014,"Escolaridade",20.17,"Proporção média de  alunos do 9º ano com proficiência em Língua Portuguesa e Matemática (%)"
3554201,"Tejupá",21.28673444,2016,"Escolaridade",24.39,"Proporção média de  alunos do 9º ano com proficiência em Língua Portuguesa e Matemática (%)"
3554201,"Tejupá",22.1354653,2018,"Escolaridade",29.18,"Proporção média de  alunos do 9º ano com proficiência em Língua Portuguesa e Matemática (%)"
3554201,"Tejupá",30.60863069,2020,"Escolaridade",33.99,"Proporção média de  alunos do 9º ano com proficiência em Língua Portuguesa e Matemática (%)"
3554201,"Tejupá",23.545,2022,"Escolaridade",32.24,"Proporção média de  alunos do 9º ano com proficiência em Língua Portuguesa e Matemática (%)"
3554201,"Tejupá",21.935,2024,"Escolaridade",31.01,"Proporção média de  alunos do 9º ano com proficiência em Língua Portuguesa e Matemática (%)"
3554300,"Teodoro Sampaio",19.17752227,2014,"Escolaridade",20.17,"Proporção média de  alunos do 9º ano com proficiência em Língua Portuguesa e Matemática (%)"
3554300,"Teodoro Sampaio",24.57562625,2016,"Escolaridade",24.39,"Proporção média de  alunos do 9º ano com proficiência em Língua Portuguesa e Matemática (%)"
3554300,"Teodoro Sampaio",26.21213052,2018,"Escolaridade",29.18,"Proporção média de  alunos do 9º ano com proficiência em Língua Portuguesa e Matemática (%)"
3554300,"Teodoro Sampaio",34.65856835,2020,"Escolaridade",33.99,"Proporção média de  alunos do 9º ano com proficiência em Língua Portuguesa e Matemática (%)"
3554300,"Teodoro Sampaio",28.765,2022,"Escolaridade",32.24,"Proporção média de  alunos do 9º ano com proficiência em Língua Portuguesa e Matemática (%)"
3554300,"Teodoro Sampaio",33.93,2024,"Escolaridade",31.01,"Proporção média de  alunos do 9º ano com proficiência em Língua Portuguesa e Matemática (%)"
3554409,"Terra Roxa",25.28246055,2014,"Escolaridade",20.17,"Proporção média de  alunos do 9º ano com proficiência em Língua Portuguesa e Matemática (%)"
3554409,"Terra Roxa",54.69635049,2016,"Escolaridade",24.39,"Proporção média de  alunos do 9º ano com proficiência em Língua Portuguesa e Matemática (%)"
3554409,"Terra Roxa",58.41364324,2018,"Escolaridade",29.18,"Proporção média de  alunos do 9º ano com proficiência em Língua Portuguesa e Matemática (%)"
3554409,"Terra Roxa",56.50627326,2020,"Escolaridade",33.99,"Proporção média de  alunos do 9º ano com proficiência em Língua Portuguesa e Matemática (%)"
3554409,"Terra Roxa",35.21,2022,"Escolaridade",32.24,"Proporção média de  alunos do 9º ano com proficiência em Língua Portuguesa e Matemática (%)"
3554409,"Terra Roxa",34.61,2024,"Escolaridade",31.01,"Proporção média de  alunos do 9º ano com proficiência em Língua Portuguesa e Matemática (%)"
3554508,"Tietê",23.38496454,2014,"Escolaridade",20.17,"Proporção média de  alunos do 9º ano com proficiência em Língua Portuguesa e Matemática (%)"
3554508,"Tietê",30.74540812,2016,"Escolaridade",24.39,"Proporção média de  alunos do 9º ano com proficiência em Língua Portuguesa e Matemática (%)"
3554508,"Tietê",27.04975384,2018,"Escolaridade",29.18,"Proporção média de  alunos do 9º ano com proficiência em Língua Portuguesa e Matemática (%)"
3554508,"Tietê",42.33590101,2020,"Escolaridade",33.99,"Proporção média de  alunos do 9º ano com proficiência em Língua Portuguesa e Matemática (%)"
3554508,"Tietê",32.69,2022,"Escolaridade",32.24,"Proporção média de  alunos do 9º ano com proficiência em Língua Portuguesa e Matemática (%)"
3554508,"Tietê",38.91,2024,"Escolaridade",31.01,"Proporção média de  alunos do 9º ano com proficiência em Língua Portuguesa e Matemática (%)"
3554607,"Timburi",15.75617284,2014,"Escolaridade",20.17,"Proporção média de  alunos do 9º ano com proficiência em Língua Portuguesa e Matemática (%)"
3554607,"Timburi",18.51945119,2016,"Escolaridade",24.39,"Proporção média de  alunos do 9º ano com proficiência em Língua Portuguesa e Matemática (%)"
3554607,"Timburi",41.66666667,2018,"Escolaridade",29.18,"Proporção média de  alunos do 9º ano com proficiência em Língua Portuguesa e Matemática (%)"
3554607,"Timburi",27.78011037,2020,"Escolaridade",33.99,"Proporção média de  alunos do 9º ano com proficiência em Língua Portuguesa e Matemática (%)"
3554607,"Timburi",40,2022,"Escolaridade",32.24,"Proporção média de  alunos do 9º ano com proficiência em Língua Portuguesa e Matemática (%)"
3554607,"Timburi",27.59,2024,"Escolaridade",31.01,"Proporção média de  alunos do 9º ano com proficiência em Língua Portuguesa e Matemática (%)"
3554656,"Torre de Pedra",18.83928571,2014,"Escolaridade",20.17,"Proporção média de  alunos do 9º ano com proficiência em Língua Portuguesa e Matemática (%)"
3554656,"Torre de Pedra",32.74158701,2016,"Escolaridade",24.39,"Proporção média de  alunos do 9º ano com proficiência em Língua Portuguesa e Matemática (%)"
3554656,"Torre de Pedra",32.21606648,2018,"Escolaridade",29.18,"Proporção média de  alunos do 9º ano com proficiência em Língua Portuguesa e Matemática (%)"
3554656,"Torre de Pedra",57.50482846,2020,"Escolaridade",33.99,"Proporção média de  alunos do 9º ano com proficiência em Língua Portuguesa e Matemática (%)"
3554656,"Torre de Pedra",38.96,2022,"Escolaridade",32.24,"Proporção média de  alunos do 9º ano com proficiência em Língua Portuguesa e Matemática (%)"
3554656,"Torre de Pedra",38.96,2024,"Escolaridade",31.01,"Proporção média de  alunos do 9º ano com proficiência em Língua Portuguesa e Matemática (%)"
3554706,"Torrinha",31.79352581,2014,"Escolaridade",20.17,"Proporção média de  alunos do 9º ano com proficiência em Língua Portuguesa e Matemática (%)"
3554706,"Torrinha",22.49462659,2016,"Escolaridade",24.39,"Proporção média de  alunos do 9º ano com proficiência em Língua Portuguesa e Matemática (%)"
3554706,"Torrinha",33.79096262,2018,"Escolaridade",29.18,"Proporção média de  alunos do 9º ano com proficiência em Língua Portuguesa e Matemática (%)"
3554706,"Torrinha",33.82820807,2020,"Escolaridade",33.99,"Proporção média de  alunos do 9º ano com proficiência em Língua Portuguesa e Matemática (%)"
3554706,"Torrinha",23.425,2022,"Escolaridade",32.24,"Proporção média de  alunos do 9º ano com proficiência em Língua Portuguesa e Matemática (%)"
3554706,"Torrinha",29.64,2024,"Escolaridade",31.01,"Proporção média de  alunos do 9º ano com proficiência em Língua Portuguesa e Matemática (%)"
3554755,"Trabiju",19.44444444,2014,"Escolaridade",20.17,"Proporção média de  alunos do 9º ano com proficiência em Língua Portuguesa e Matemática (%)"
3554755,"Trabiju",24.44976075,2016,"Escolaridade",24.39,"Proporção média de  alunos do 9º ano com proficiência em Língua Portuguesa e Matemática (%)"
3554755,"Trabiju",34.7826087,2018,"Escolaridade",29.18,"Proporção média de  alunos do 9º ano com proficiência em Língua Portuguesa e Matemática (%)"
3554755,"Trabiju",36.36668993,2020,"Escolaridade",33.99,"Proporção média de  alunos do 9º ano com proficiência em Língua Portuguesa e Matemática (%)"
3554755,"Trabiju",36.36668993,2022,"Escolaridade",32.24,"Proporção média de  alunos do 9º ano com proficiência em Língua Portuguesa e Matemática (%)"
3554755,"Trabiju",24.995,2024,"Escolaridade",31.01,"Proporção média de  alunos do 9º ano com proficiência em Língua Portuguesa e Matemática (%)"
3554805,"Tremembé",13.76799955,2014,"Escolaridade",20.17,"Proporção média de  alunos do 9º ano com proficiência em Língua Portuguesa e Matemática (%)"
3554805,"Tremembé",27.95649843,2016,"Escolaridade",24.39,"Proporção média de  alunos do 9º ano com proficiência em Língua Portuguesa e Matemática (%)"
3554805,"Tremembé",38.76078432,2018,"Escolaridade",29.18,"Proporção média de  alunos do 9º ano com proficiência em Língua Portuguesa e Matemática (%)"
3554805,"Tremembé",39.87013345,2020,"Escolaridade",33.99,"Proporção média de  alunos do 9º ano com proficiência em Língua Portuguesa e Matemática (%)"
3554805,"Tremembé",28.17,2022,"Escolaridade",32.24,"Proporção média de  alunos do 9º ano com proficiência em Língua Portuguesa e Matemática (%)"
3554805,"Tremembé",30.885,2024,"Escolaridade",31.01,"Proporção média de  alunos do 9º ano com proficiência em Língua Portuguesa e Matemática (%)"
3554904,"Três Fronteiras",21.91209328,2014,"Escolaridade",20.17,"Proporção média de  alunos do 9º ano com proficiência em Língua Portuguesa e Matemática (%)"
3554904,"Três Fronteiras",19.77255068,2016,"Escolaridade",24.39,"Proporção média de  alunos do 9º ano com proficiência em Língua Portuguesa e Matemática (%)"
3554904,"Três Fronteiras",25.27879902,2018,"Escolaridade",29.18,"Proporção média de  alunos do 9º ano com proficiência em Língua Portuguesa e Matemática (%)"
3554904,"Três Fronteiras",31.79795981,2020,"Escolaridade",33.99,"Proporção média de  alunos do 9º ano com proficiência em Língua Portuguesa e Matemática (%)"
3554904,"Três Fronteiras",45.015,2022,"Escolaridade",32.24,"Proporção média de  alunos do 9º ano com proficiência em Língua Portuguesa e Matemática (%)"
3554904,"Três Fronteiras",35.825,2024,"Escolaridade",31.01,"Proporção média de  alunos do 9º ano com proficiência em Língua Portuguesa e Matemática (%)"
3554953,"Tuiuti",34.18847251,2014,"Escolaridade",20.17,"Proporção média de  alunos do 9º ano com proficiência em Língua Portuguesa e Matemática (%)"
3554953,"Tuiuti",42.30181294,2016,"Escolaridade",24.39,"Proporção média de  alunos do 9º ano com proficiência em Língua Portuguesa e Matemática (%)"
3554953,"Tuiuti",21.67548386,2018,"Escolaridade",29.18,"Proporção média de  alunos do 9º ano com proficiência em Língua Portuguesa e Matemática (%)"
3554953,"Tuiuti",41.78903237,2020,"Escolaridade",33.99,"Proporção média de  alunos do 9º ano com proficiência em Língua Portuguesa e Matemática (%)"
3554953,"Tuiuti",34.65,2022,"Escolaridade",32.24,"Proporção média de  alunos do 9º ano com proficiência em Língua Portuguesa e Matemática (%)"
3554953,"Tuiuti",35.005,2024,"Escolaridade",31.01,"Proporção média de  alunos do 9º ano com proficiência em Língua Portuguesa e Matemática (%)"
3555000,"Tupã",21.85882105,2014,"Escolaridade",20.17,"Proporção média de  alunos do 9º ano com proficiência em Língua Portuguesa e Matemática (%)"
3555000,"Tupã",25.33876315,2016,"Escolaridade",24.39,"Proporção média de  alunos do 9º ano com proficiência em Língua Portuguesa e Matemática (%)"
3555000,"Tupã",25.19595922,2018,"Escolaridade",29.18,"Proporção média de  alunos do 9º ano com proficiência em Língua Portuguesa e Matemática (%)"
3555000,"Tupã",32.31850378,2020,"Escolaridade",33.99,"Proporção média de  alunos do 9º ano com proficiência em Língua Portuguesa e Matemática (%)"
3555000,"Tupã",34.54,2022,"Escolaridade",32.24,"Proporção média de  alunos do 9º ano com proficiência em Língua Portuguesa e Matemática (%)"
3555000,"Tupã",33.99,2024,"Escolaridade",31.01,"Proporção média de  alunos do 9º ano com proficiência em Língua Portuguesa e Matemática (%)"
3555109,"Tupi Paulista",22.10291215,2014,"Escolaridade",20.17,"Proporção média de  alunos do 9º ano com proficiência em Língua Portuguesa e Matemática (%)"
3555109,"Tupi Paulista",19.8255719,2016,"Escolaridade",24.39,"Proporção média de  alunos do 9º ano com proficiência em Língua Portuguesa e Matemática (%)"
3555109,"Tupi Paulista",53.69736946,2018,"Escolaridade",29.18,"Proporção média de  alunos do 9º ano com proficiência em Língua Portuguesa e Matemática (%)"
3555109,"Tupi Paulista",47.05079729,2020,"Escolaridade",33.99,"Proporção média de  alunos do 9º ano com proficiência em Língua Portuguesa e Matemática (%)"
3555109,"Tupi Paulista",41.79,2022,"Escolaridade",32.24,"Proporção média de  alunos do 9º ano com proficiência em Língua Portuguesa e Matemática (%)"
3555109,"Tupi Paulista",43.09,2024,"Escolaridade",31.01,"Proporção média de  alunos do 9º ano com proficiência em Língua Portuguesa e Matemática (%)"
3555208,"Turiúba",25,2014,"Escolaridade",20.17,"Proporção média de  alunos do 9º ano com proficiência em Língua Portuguesa e Matemática (%)"
3555208,"Turiúba",32.45,2016,"Escolaridade",24.39,"Proporção média de  alunos do 9º ano com proficiência em Língua Portuguesa e Matemática (%)"
3555208,"Turiúba",36.39322034,2018,"Escolaridade",29.18,"Proporção média de  alunos do 9º ano com proficiência em Língua Portuguesa e Matemática (%)"
3555208,"Turiúba",41.17992831,2020,"Escolaridade",33.99,"Proporção média de  alunos do 9º ano com proficiência em Língua Portuguesa e Matemática (%)"
3555208,"Turiúba",40.475,2022,"Escolaridade",32.24,"Proporção média de  alunos do 9º ano com proficiência em Língua Portuguesa e Matemática (%)"
3555208,"Turiúba",15.91,2024,"Escolaridade",31.01,"Proporção média de  alunos do 9º ano com proficiência em Língua Portuguesa e Matemática (%)"
3555307,"Turmalina",59.61538462,2014,"Escolaridade",20.17,"Proporção média de  alunos do 9º ano com proficiência em Língua Portuguesa e Matemática (%)"
3555307,"Turmalina",39.28769289,2016,"Escolaridade",24.39,"Proporção média de  alunos do 9º ano com proficiência em Língua Portuguesa e Matemática (%)"
3555307,"Turmalina",45.23809524,2018,"Escolaridade",29.18,"Proporção média de  alunos do 9º ano com proficiência em Língua Portuguesa e Matemática (%)"
3555307,"Turmalina",50.00419866,2020,"Escolaridade",33.99,"Proporção média de  alunos do 9º ano com proficiência em Língua Portuguesa e Matemática (%)"
3555307,"Turmalina",19.225,2022,"Escolaridade",32.24,"Proporção média de  alunos do 9º ano com proficiência em Língua Portuguesa e Matemática (%)"
3555307,"Turmalina",53.125,2024,"Escolaridade",31.01,"Proporção média de  alunos do 9º ano com proficiência em Língua Portuguesa e Matemática (%)"
3555356,"Ubarana",17.14911775,2014,"Escolaridade",20.17,"Proporção média de  alunos do 9º ano com proficiência em Língua Portuguesa e Matemática (%)"
3555356,"Ubarana",16.41029148,2016,"Escolaridade",24.39,"Proporção média de  alunos do 9º ano com proficiência em Língua Portuguesa e Matemática (%)"
3555356,"Ubarana",26.22346352,2018,"Escolaridade",29.18,"Proporção média de  alunos do 9º ano com proficiência em Língua Portuguesa e Matemática (%)"
3555356,"Ubarana",40.87514265,2020,"Escolaridade",33.99,"Proporção média de  alunos do 9º ano com proficiência em Língua Portuguesa e Matemática (%)"
3555356,"Ubarana",30.49,2022,"Escolaridade",32.24,"Proporção média de  alunos do 9º ano com proficiência em Língua Portuguesa e Matemática (%)"
3555356,"Ubarana",24.045,2024,"Escolaridade",31.01,"Proporção média de  alunos do 9º ano com proficiência em Língua Portuguesa e Matemática (%)"
3555406,"Ubatuba",14.9077255,2014,"Escolaridade",20.17,"Proporção média de  alunos do 9º ano com proficiência em Língua Portuguesa e Matemática (%)"
3555406,"Ubatuba",20.12317987,2016,"Escolaridade",24.39,"Proporção média de  alunos do 9º ano com proficiência em Língua Portuguesa e Matemática (%)"
3555406,"Ubatuba",24.10212794,2018,"Escolaridade",29.18,"Proporção média de  alunos do 9º ano com proficiência em Língua Portuguesa e Matemática (%)"
3555406,"Ubatuba",26.00743228,2020,"Escolaridade",33.99,"Proporção média de  alunos do 9º ano com proficiência em Língua Portuguesa e Matemática (%)"
3555406,"Ubatuba",25.455,2022,"Escolaridade",32.24,"Proporção média de  alunos do 9º ano com proficiência em Língua Portuguesa e Matemática (%)"
3555406,"Ubatuba",23.635,2024,"Escolaridade",31.01,"Proporção média de  alunos do 9º ano com proficiência em Língua Portuguesa e Matemática (%)"
3555505,"Ubirajara",11.20992534,2014,"Escolaridade",20.17,"Proporção média de  alunos do 9º ano com proficiência em Língua Portuguesa e Matemática (%)"
3555505,"Ubirajara",13.53603524,2016,"Escolaridade",24.39,"Proporção média de  alunos do 9º ano com proficiência em Língua Portuguesa e Matemática (%)"
3555505,"Ubirajara",27.32240437,2018,"Escolaridade",29.18,"Proporção média de  alunos do 9º ano com proficiência em Língua Portuguesa e Matemática (%)"
3555505,"Ubirajara",19.97056642,2020,"Escolaridade",33.99,"Proporção média de  alunos do 9º ano com proficiência em Língua Portuguesa e Matemática (%)"
3555505,"Ubirajara",19.97056642,2022,"Escolaridade",32.24,"Proporção média de  alunos do 9º ano com proficiência em Língua Portuguesa e Matemática (%)"
3555505,"Ubirajara",19.97056642,2024,"Escolaridade",31.01,"Proporção média de  alunos do 9º ano com proficiência em Língua Portuguesa e Matemática (%)"
3555604,"Uchoa",44.32289712,2014,"Escolaridade",20.17,"Proporção média de  alunos do 9º ano com proficiência em Língua Portuguesa e Matemática (%)"
3555604,"Uchoa",49.36061348,2016,"Escolaridade",24.39,"Proporção média de  alunos do 9º ano com proficiência em Língua Portuguesa e Matemática (%)"
3555604,"Uchoa",47.03773322,2018,"Escolaridade",29.18,"Proporção média de  alunos do 9º ano com proficiência em Língua Portuguesa e Matemática (%)"
3555604,"Uchoa",36.45408516,2020,"Escolaridade",33.99,"Proporção média de  alunos do 9º ano com proficiência em Língua Portuguesa e Matemática (%)"
3555604,"Uchoa",38.72,2022,"Escolaridade",32.24,"Proporção média de  alunos do 9º ano com proficiência em Língua Portuguesa e Matemática (%)"
3555604,"Uchoa",27.68,2024,"Escolaridade",31.01,"Proporção média de  alunos do 9º ano com proficiência em Língua Portuguesa e Matemática (%)"
3555703,"União Paulista",21.15384615,2014,"Escolaridade",20.17,"Proporção média de  alunos do 9º ano com proficiência em Língua Portuguesa e Matemática (%)"
3555703,"União Paulista",29.54694259,2016,"Escolaridade",24.39,"Proporção média de  alunos do 9º ano com proficiência em Língua Portuguesa e Matemática (%)"
3555703,"União Paulista",23.80952381,2018,"Escolaridade",29.18,"Proporção média de  alunos do 9º ano com proficiência em Língua Portuguesa e Matemática (%)"
3555703,"União Paulista",23.80952381,2020,"Escolaridade",33.99,"Proporção média de  alunos do 9º ano com proficiência em Língua Portuguesa e Matemática (%)"
3555703,"União Paulista",26.09,2022,"Escolaridade",32.24,"Proporção média de  alunos do 9º ano com proficiência em Língua Portuguesa e Matemática (%)"
3555703,"União Paulista",22.22,2024,"Escolaridade",31.01,"Proporção média de  alunos do 9º ano com proficiência em Língua Portuguesa e Matemática (%)"
3555802,"Urânia",34.37456285,2014,"Escolaridade",20.17,"Proporção média de  alunos do 9º ano com proficiência em Língua Portuguesa e Matemática (%)"
3555802,"Urânia",22.41398284,2016,"Escolaridade",24.39,"Proporção média de  alunos do 9º ano com proficiência em Língua Portuguesa e Matemática (%)"
3555802,"Urânia",35.08552632,2018,"Escolaridade",29.18,"Proporção média de  alunos do 9º ano com proficiência em Língua Portuguesa e Matemática (%)"
3555802,"Urânia",34.24529969,2020,"Escolaridade",33.99,"Proporção média de  alunos do 9º ano com proficiência em Língua Portuguesa e Matemática (%)"
3555802,"Urânia",38.29,2022,"Escolaridade",32.24,"Proporção média de  alunos do 9º ano com proficiência em Língua Portuguesa e Matemática (%)"
3555802,"Urânia",41.965,2024,"Escolaridade",31.01,"Proporção média de  alunos do 9º ano com proficiência em Língua Portuguesa e Matemática (%)"
3555901,"Uru",19.56521739,2014,"Escolaridade",20.17,"Proporção média de  alunos do 9º ano com proficiência em Língua Portuguesa e Matemática (%)"
3555901,"Uru",6.818525213,2016,"Escolaridade",24.39,"Proporção média de  alunos do 9º ano com proficiência em Língua Portuguesa e Matemática (%)"
3555901,"Uru",16.66666667,2018,"Escolaridade",29.18,"Proporção média de  alunos do 9º ano com proficiência em Língua Portuguesa e Matemática (%)"
3555901,"Uru",40.00335893,2020,"Escolaridade",33.99,"Proporção média de  alunos do 9º ano com proficiência em Língua Portuguesa e Matemática (%)"
3555901,"Uru",42.305,2022,"Escolaridade",32.24,"Proporção média de  alunos do 9º ano com proficiência em Língua Portuguesa e Matemática (%)"
3555901,"Uru",43.75,2024,"Escolaridade",31.01,"Proporção média de  alunos do 9º ano com proficiência em Língua Portuguesa e Matemática (%)"
3556008,"Urupês",30.57431457,2014,"Escolaridade",20.17,"Proporção média de  alunos do 9º ano com proficiência em Língua Portuguesa e Matemática (%)"
3556008,"Urupês",29.30289558,2016,"Escolaridade",24.39,"Proporção média de  alunos do 9º ano com proficiência em Língua Portuguesa e Matemática (%)"
3556008,"Urupês",42.99365653,2018,"Escolaridade",29.18,"Proporção média de  alunos do 9º ano com proficiência em Língua Portuguesa e Matemática (%)"
3556008,"Urupês",40.80866999,2020,"Escolaridade",33.99,"Proporção média de  alunos do 9º ano com proficiência em Língua Portuguesa e Matemática (%)"
3556008,"Urupês",33.995,2022,"Escolaridade",32.24,"Proporção média de  alunos do 9º ano com proficiência em Língua Portuguesa e Matemática (%)"
3556008,"Urupês",43.15,2024,"Escolaridade",31.01,"Proporção média de  alunos do 9º ano com proficiência em Língua Portuguesa e Matemática (%)"
3556107,"Valentim Gentil",20.46381779,2014,"Escolaridade",20.17,"Proporção média de  alunos do 9º ano com proficiência em Língua Portuguesa e Matemática (%)"
3556107,"Valentim Gentil",24.33208023,2016,"Escolaridade",24.39,"Proporção média de  alunos do 9º ano com proficiência em Língua Portuguesa e Matemática (%)"
3556107,"Valentim Gentil",22.48124723,2018,"Escolaridade",29.18,"Proporção média de  alunos do 9º ano com proficiência em Língua Portuguesa e Matemática (%)"
3556107,"Valentim Gentil",39.82289922,2020,"Escolaridade",33.99,"Proporção média de  alunos do 9º ano com proficiência em Língua Portuguesa e Matemática (%)"
3556107,"Valentim Gentil",31.45,2022,"Escolaridade",32.24,"Proporção média de  alunos do 9º ano com proficiência em Língua Portuguesa e Matemática (%)"
3556107,"Valentim Gentil",29.65,2024,"Escolaridade",31.01,"Proporção média de  alunos do 9º ano com proficiência em Língua Portuguesa e Matemática (%)"
3556206,"Valinhos",34.25810031,2014,"Escolaridade",20.17,"Proporção média de  alunos do 9º ano com proficiência em Língua Portuguesa e Matemática (%)"
3556206,"Valinhos",41.86296761,2016,"Escolaridade",24.39,"Proporção média de  alunos do 9º ano com proficiência em Língua Portuguesa e Matemática (%)"
3556206,"Valinhos",48.0876193,2018,"Escolaridade",29.18,"Proporção média de  alunos do 9º ano com proficiência em Língua Portuguesa e Matemática (%)"
3556206,"Valinhos",51.45865386,2020,"Escolaridade",33.99,"Proporção média de  alunos do 9º ano com proficiência em Língua Portuguesa e Matemática (%)"
3556206,"Valinhos",41.8,2022,"Escolaridade",32.24,"Proporção média de  alunos do 9º ano com proficiência em Língua Portuguesa e Matemática (%)"
3556206,"Valinhos",37.69,2024,"Escolaridade",31.01,"Proporção média de  alunos do 9º ano com proficiência em Língua Portuguesa e Matemática (%)"
3556305,"Valparaíso",8.497859568,2014,"Escolaridade",20.17,"Proporção média de  alunos do 9º ano com proficiência em Língua Portuguesa e Matemática (%)"
3556305,"Valparaíso",26.36759344,2016,"Escolaridade",24.39,"Proporção média de  alunos do 9º ano com proficiência em Língua Portuguesa e Matemática (%)"
3556305,"Valparaíso",23.48124608,2018,"Escolaridade",29.18,"Proporção média de  alunos do 9º ano com proficiência em Língua Portuguesa e Matemática (%)"
3556305,"Valparaíso",24.34220652,2020,"Escolaridade",33.99,"Proporção média de  alunos do 9º ano com proficiência em Língua Portuguesa e Matemática (%)"
3556305,"Valparaíso",22.34,2022,"Escolaridade",32.24,"Proporção média de  alunos do 9º ano com proficiência em Língua Portuguesa e Matemática (%)"
3556305,"Valparaíso",29.24,2024,"Escolaridade",31.01,"Proporção média de  alunos do 9º ano com proficiência em Língua Portuguesa e Matemática (%)"
3556354,"Vargem",6.447684476,2014,"Escolaridade",20.17,"Proporção média de  alunos do 9º ano com proficiência em Língua Portuguesa e Matemática (%)"
3556354,"Vargem",26.23978198,2016,"Escolaridade",24.39,"Proporção média de  alunos do 9º ano com proficiência em Língua Portuguesa e Matemática (%)"
3556354,"Vargem",18.37886251,2018,"Escolaridade",29.18,"Proporção média de  alunos do 9º ano com proficiência em Língua Portuguesa e Matemática (%)"
3556354,"Vargem",18.37886251,2020,"Escolaridade",33.99,"Proporção média de  alunos do 9º ano com proficiência em Língua Portuguesa e Matemática (%)"
3556354,"Vargem",16.4,2022,"Escolaridade",32.24,"Proporção média de  alunos do 9º ano com proficiência em Língua Portuguesa e Matemática (%)"
3556354,"Vargem",22.38,2024,"Escolaridade",31.01,"Proporção média de  alunos do 9º ano com proficiência em Língua Portuguesa e Matemática (%)"
3556404,"Vargem Grande do Sul",22.18119029,2014,"Escolaridade",20.17,"Proporção média de  alunos do 9º ano com proficiência em Língua Portuguesa e Matemática (%)"
3556404,"Vargem Grande do Sul",25.10672915,2016,"Escolaridade",24.39,"Proporção média de  alunos do 9º ano com proficiência em Língua Portuguesa e Matemática (%)"
3556404,"Vargem Grande do Sul",31.66250025,2018,"Escolaridade",29.18,"Proporção média de  alunos do 9º ano com proficiência em Língua Portuguesa e Matemática (%)"
3556404,"Vargem Grande do Sul",40.6029237,2020,"Escolaridade",33.99,"Proporção média de  alunos do 9º ano com proficiência em Língua Portuguesa e Matemática (%)"
3556404,"Vargem Grande do Sul",34.365,2022,"Escolaridade",32.24,"Proporção média de  alunos do 9º ano com proficiência em Língua Portuguesa e Matemática (%)"
3556404,"Vargem Grande do Sul",33.23,2024,"Escolaridade",31.01,"Proporção média de  alunos do 9º ano com proficiência em Língua Portuguesa e Matemática (%)"
3556453,"Vargem Grande Paulista",18.29926907,2014,"Escolaridade",20.17,"Proporção média de  alunos do 9º ano com proficiência em Língua Portuguesa e Matemática (%)"
3556453,"Vargem Grande Paulista",23.64839398,2016,"Escolaridade",24.39,"Proporção média de  alunos do 9º ano com proficiência em Língua Portuguesa e Matemática (%)"
3556453,"Vargem Grande Paulista",27.3366667,2018,"Escolaridade",29.18,"Proporção média de  alunos do 9º ano com proficiência em Língua Portuguesa e Matemática (%)"
3556453,"Vargem Grande Paulista",32.38891814,2020,"Escolaridade",33.99,"Proporção média de  alunos do 9º ano com proficiência em Língua Portuguesa e Matemática (%)"
3556453,"Vargem Grande Paulista",30.695,2022,"Escolaridade",32.24,"Proporção média de  alunos do 9º ano com proficiência em Língua Portuguesa e Matemática (%)"
3556453,"Vargem Grande Paulista",31.705,2024,"Escolaridade",31.01,"Proporção média de  alunos do 9º ano com proficiência em Língua Portuguesa e Matemática (%)"
3556503,"Várzea Paulista",22.88229451,2014,"Escolaridade",20.17,"Proporção média de  alunos do 9º ano com proficiência em Língua Portuguesa e Matemática (%)"
3556503,"Várzea Paulista",25.7943596,2016,"Escolaridade",24.39,"Proporção média de  alunos do 9º ano com proficiência em Língua Portuguesa e Matemática (%)"
3556503,"Várzea Paulista",34.5330519,2018,"Escolaridade",29.18,"Proporção média de  alunos do 9º ano com proficiência em Língua Portuguesa e Matemática (%)"
3556503,"Várzea Paulista",38.12902608,2020,"Escolaridade",33.99,"Proporção média de  alunos do 9º ano com proficiência em Língua Portuguesa e Matemática (%)"
3556503,"Várzea Paulista",34.935,2022,"Escolaridade",32.24,"Proporção média de  alunos do 9º ano com proficiência em Língua Portuguesa e Matemática (%)"
3556503,"Várzea Paulista",33.485,2024,"Escolaridade",31.01,"Proporção média de  alunos do 9º ano com proficiência em Língua Portuguesa e Matemática (%)"
3556602,"Vera Cruz",23.58553837,2014,"Escolaridade",20.17,"Proporção média de  alunos do 9º ano com proficiência em Língua Portuguesa e Matemática (%)"
3556602,"Vera Cruz",28.53560943,2016,"Escolaridade",24.39,"Proporção média de  alunos do 9º ano com proficiência em Língua Portuguesa e Matemática (%)"
3556602,"Vera Cruz",25.40598765,2018,"Escolaridade",29.18,"Proporção média de  alunos do 9º ano com proficiência em Língua Portuguesa e Matemática (%)"
3556602,"Vera Cruz",41.36279341,2020,"Escolaridade",33.99,"Proporção média de  alunos do 9º ano com proficiência em Língua Portuguesa e Matemática (%)"
3556602,"Vera Cruz",34.36,2022,"Escolaridade",32.24,"Proporção média de  alunos do 9º ano com proficiência em Língua Portuguesa e Matemática (%)"
3556602,"Vera Cruz",39.155,2024,"Escolaridade",31.01,"Proporção média de  alunos do 9º ano com proficiência em Língua Portuguesa e Matemática (%)"
3556701,"Vinhedo",29.78023727,2014,"Escolaridade",20.17,"Proporção média de  alunos do 9º ano com proficiência em Língua Portuguesa e Matemática (%)"
3556701,"Vinhedo",33.51715863,2016,"Escolaridade",24.39,"Proporção média de  alunos do 9º ano com proficiência em Língua Portuguesa e Matemática (%)"
3556701,"Vinhedo",41.18166785,2018,"Escolaridade",29.18,"Proporção média de  alunos do 9º ano com proficiência em Língua Portuguesa e Matemática (%)"
3556701,"Vinhedo",42.56041023,2020,"Escolaridade",33.99,"Proporção média de  alunos do 9º ano com proficiência em Língua Portuguesa e Matemática (%)"
3556701,"Vinhedo",42.61,2022,"Escolaridade",32.24,"Proporção média de  alunos do 9º ano com proficiência em Língua Portuguesa e Matemática (%)"
3556701,"Vinhedo",40.705,2024,"Escolaridade",31.01,"Proporção média de  alunos do 9º ano com proficiência em Língua Portuguesa e Matemática (%)"
3556800,"Viradouro",19.53785922,2014,"Escolaridade",20.17,"Proporção média de  alunos do 9º ano com proficiência em Língua Portuguesa e Matemática (%)"
3556800,"Viradouro",20.23588042,2016,"Escolaridade",24.39,"Proporção média de  alunos do 9º ano com proficiência em Língua Portuguesa e Matemática (%)"
3556800,"Viradouro",20.50259027,2018,"Escolaridade",29.18,"Proporção média de  alunos do 9º ano com proficiência em Língua Portuguesa e Matemática (%)"
3556800,"Viradouro",23.88911629,2020,"Escolaridade",33.99,"Proporção média de  alunos do 9º ano com proficiência em Língua Portuguesa e Matemática (%)"
3556800,"Viradouro",23.465,2022,"Escolaridade",32.24,"Proporção média de  alunos do 9º ano com proficiência em Língua Portuguesa e Matemática (%)"
3556800,"Viradouro",13.83,2024,"Escolaridade",31.01,"Proporção média de  alunos do 9º ano com proficiência em Língua Portuguesa e Matemática (%)"
3556909,"Vista Alegre do Alto",28.23179381,2014,"Escolaridade",20.17,"Proporção média de  alunos do 9º ano com proficiência em Língua Portuguesa e Matemática (%)"
3556909,"Vista Alegre do Alto",28.24928594,2016,"Escolaridade",24.39,"Proporção média de  alunos do 9º ano com proficiência em Língua Portuguesa e Matemática (%)"
3556909,"Vista Alegre do Alto",40.86792453,2018,"Escolaridade",29.18,"Proporção média de  alunos do 9º ano com proficiência em Língua Portuguesa e Matemática (%)"
3556909,"Vista Alegre do Alto",35.10876805,2020,"Escolaridade",33.99,"Proporção média de  alunos do 9º ano com proficiência em Língua Portuguesa e Matemática (%)"
3556909,"Vista Alegre do Alto",25.77,2022,"Escolaridade",32.24,"Proporção média de  alunos do 9º ano com proficiência em Língua Portuguesa e Matemática (%)"
3556909,"Vista Alegre do Alto",31.125,2024,"Escolaridade",31.01,"Proporção média de  alunos do 9º ano com proficiência em Língua Portuguesa e Matemática (%)"
3556958,"Vitória Brasil",19.04761905,2014,"Escolaridade",20.17,"Proporção média de  alunos do 9º ano com proficiência em Língua Portuguesa e Matemática (%)"
3556958,"Vitória Brasil",15.62578695,2016,"Escolaridade",24.39,"Proporção média de  alunos do 9º ano com proficiência em Língua Portuguesa e Matemática (%)"
3556958,"Vitória Brasil",15.625,2018,"Escolaridade",29.18,"Proporção média de  alunos do 9º ano com proficiência em Língua Portuguesa e Matemática (%)"
3556958,"Vitória Brasil",30.0025192,2020,"Escolaridade",33.99,"Proporção média de  alunos do 9º ano com proficiência em Língua Portuguesa e Matemática (%)"
3556958,"Vitória Brasil",35.285,2022,"Escolaridade",32.24,"Proporção média de  alunos do 9º ano com proficiência em Língua Portuguesa e Matemática (%)"
3556958,"Vitória Brasil",30,2024,"Escolaridade",31.01,"Proporção média de  alunos do 9º ano com proficiência em Língua Portuguesa e Matemática (%)"
3557006,"Votorantim",23.31245381,2014,"Escolaridade",20.17,"Proporção média de  alunos do 9º ano com proficiência em Língua Portuguesa e Matemática (%)"
3557006,"Votorantim",25.61258056,2016,"Escolaridade",24.39,"Proporção média de  alunos do 9º ano com proficiência em Língua Portuguesa e Matemática (%)"
3557006,"Votorantim",36.28041215,2018,"Escolaridade",29.18,"Proporção média de  alunos do 9º ano com proficiência em Língua Portuguesa e Matemática (%)"
3557006,"Votorantim",38.36324162,2020,"Escolaridade",33.99,"Proporção média de  alunos do 9º ano com proficiência em Língua Portuguesa e Matemática (%)"
3557006,"Votorantim",34.825,2022,"Escolaridade",32.24,"Proporção média de  alunos do 9º ano com proficiência em Língua Portuguesa e Matemática (%)"
3557006,"Votorantim",39.745,2024,"Escolaridade",31.01,"Proporção média de  alunos do 9º ano com proficiência em Língua Portuguesa e Matemática (%)"
3557105,"Votuporanga",23.52123238,2014,"Escolaridade",20.17,"Proporção média de  alunos do 9º ano com proficiência em Língua Portuguesa e Matemática (%)"
3557105,"Votuporanga",33.43253148,2016,"Escolaridade",24.39,"Proporção média de  alunos do 9º ano com proficiência em Língua Portuguesa e Matemática (%)"
3557105,"Votuporanga",34.84701498,2018,"Escolaridade",29.18,"Proporção média de  alunos do 9º ano com proficiência em Língua Portuguesa e Matemática (%)"
3557105,"Votuporanga",42.09056544,2020,"Escolaridade",33.99,"Proporção média de  alunos do 9º ano com proficiência em Língua Portuguesa e Matemática (%)"
3557105,"Votuporanga",35.875,2022,"Escolaridade",32.24,"Proporção média de  alunos do 9º ano com proficiência em Língua Portuguesa e Matemática (%)"
3557105,"Votuporanga",39.875,2024,"Escolaridade",31.01,"Proporção média de  alunos do 9º ano com proficiência em Língua Portuguesa e Matemática (%)"
3557154,"Zacarias",21.84514832,2014,"Escolaridade",20.17,"Proporção média de  alunos do 9º ano com proficiência em Língua Portuguesa e Matemática (%)"
3557154,"Zacarias",22.08070124,2016,"Escolaridade",24.39,"Proporção média de  alunos do 9º ano com proficiência em Língua Portuguesa e Matemática (%)"
3557154,"Zacarias",27.5,2018,"Escolaridade",29.18,"Proporção média de  alunos do 9º ano com proficiência em Língua Portuguesa e Matemática (%)"
3557154,"Zacarias",30.0025192,2020,"Escolaridade",33.99,"Proporção média de  alunos do 9º ano com proficiência em Língua Portuguesa e Matemática (%)"
3557154,"Zacarias",30.875,2022,"Escolaridade",32.24,"Proporção média de  alunos do 9º ano com proficiência em Língua Portuguesa e Matemática (%)"
3557154,"Zacarias",44.755,2024,"Escolaridade",31.01,"Proporção média de  alunos do 9º ano com proficiência em Língua Portuguesa e Matemática (%)"
3557204,"Chavantes",12.33272975,2014,"Escolaridade",20.17,"Proporção média de  alunos do 9º ano com proficiência em Língua Portuguesa e Matemática (%)"
3557204,"Chavantes",20.79473024,2016,"Escolaridade",24.39,"Proporção média de  alunos do 9º ano com proficiência em Língua Portuguesa e Matemática (%)"
3557204,"Chavantes",21.42491526,2018,"Escolaridade",29.18,"Proporção média de  alunos do 9º ano com proficiência em Língua Portuguesa e Matemática (%)"
3557204,"Chavantes",22.49583562,2020,"Escolaridade",33.99,"Proporção média de  alunos do 9º ano com proficiência em Língua Portuguesa e Matemática (%)"
3557204,"Chavantes",27.43,2022,"Escolaridade",32.24,"Proporção média de  alunos do 9º ano com proficiência em Língua Portuguesa e Matemática (%)"
3557204,"Chavantes",24.33,2024,"Escolaridade",31.01,"Proporção média de  alunos do 9º ano com proficiência em Língua Portuguesa e Matemática (%)"
3557303,"Estiva Gerbi",23.5830772,2014,"Escolaridade",20.17,"Proporção média de  alunos do 9º ano com proficiência em Língua Portuguesa e Matemática (%)"
3557303,"Estiva Gerbi",35.27243198,2016,"Escolaridade",24.39,"Proporção média de  alunos do 9º ano com proficiência em Língua Portuguesa e Matemática (%)"
3557303,"Estiva Gerbi",28.13808899,2018,"Escolaridade",29.18,"Proporção média de  alunos do 9º ano com proficiência em Língua Portuguesa e Matemática (%)"
3557303,"Estiva Gerbi",32.19967338,2020,"Escolaridade",33.99,"Proporção média de  alunos do 9º ano com proficiência em Língua Portuguesa e Matemática (%)"
3557303,"Estiva Gerbi",19.385,2022,"Escolaridade",32.24,"Proporção média de  alunos do 9º ano com proficiência em Língua Portuguesa e Matemática (%)"
3557303,"Estiva Gerbi",18.17,2024,"Escolaridade",31.01,"Proporção média de  alunos do 9º ano com proficiência em Língua Portuguesa e Matemática (%)"
