"cod_ibge","municipio","valor","ano","tipo","valor_estado","metrica"
3500105,"Adamantina",12.87995878,2014,"Longevidade",15.79,"Taxas de mortalidade  60 a 69 anos (por mil hab.)"
3500105,"Adamantina",12.96720061,2016,"Longevidade",15.58,"Taxas de mortalidade  60 a 69 anos (por mil hab.)"
3500105,"Adamantina",12.82766313,2018,"Longevidade",15.4,"Taxas de mortalidade  60 a 69 anos (por mil hab.)"
3500105,"Adamantina",12.91235518,2020,"Longevidade",15.77,"Taxas de mortalidade  60 a 69 anos (por mil hab.)"
3500105,"Adamantina",14.6835443,2022,"Longevidade",18.13,"Taxas de mortalidade  60 a 69 anos (por mil hab.)"
3500105,"Adamantina",12.53547777,2024,"Longevidade",14.49,"Taxas de mortalidade  60 a 69 anos (por mil hab.)"
3500204,"Adolfo",13.60544218,2014,"Longevidade",15.79,"Taxas de mortalidade  60 a 69 anos (por mil hab.)"
3500204,"Adolfo",22.22222222,2016,"Longevidade",15.58,"Taxas de mortalidade  60 a 69 anos (por mil hab.)"
3500204,"Adolfo",20.77922078,2018,"Longevidade",15.4,"Taxas de mortalidade  60 a 69 anos (por mil hab.)"
3500204,"Adolfo",17.24137931,2020,"Longevidade",15.77,"Taxas de mortalidade  60 a 69 anos (por mil hab.)"
3500204,"Adolfo",21.17647059,2022,"Longevidade",18.13,"Taxas de mortalidade  60 a 69 anos (por mil hab.)"
3500204,"Adolfo",16.60516605,2024,"Longevidade",14.49,"Taxas de mortalidade  60 a 69 anos (por mil hab.)"
3500303,"Aguaí",18.83319173,2014,"Longevidade",15.79,"Taxas de mortalidade  60 a 69 anos (por mil hab.)"
3500303,"Aguaí",17.49125437,2016,"Longevidade",15.58,"Taxas de mortalidade  60 a 69 anos (por mil hab.)"
3500303,"Aguaí",18.86108089,2018,"Longevidade",15.4,"Taxas de mortalidade  60 a 69 anos (por mil hab.)"
3500303,"Aguaí",20.40122407,2020,"Longevidade",15.77,"Taxas de mortalidade  60 a 69 anos (por mil hab.)"
3500303,"Aguaí",20.23771282,2022,"Longevidade",18.13,"Taxas de mortalidade  60 a 69 anos (por mil hab.)"
3500303,"Aguaí",17.93858316,2024,"Longevidade",14.49,"Taxas de mortalidade  60 a 69 anos (por mil hab.)"
3500402,"Águas da Prata",12.78538813,2014,"Longevidade",15.79,"Taxas de mortalidade  60 a 69 anos (por mil hab.)"
3500402,"Águas da Prata",15.55275326,2016,"Longevidade",15.58,"Taxas de mortalidade  60 a 69 anos (por mil hab.)"
3500402,"Águas da Prata",17.92991035,2018,"Longevidade",15.4,"Taxas de mortalidade  60 a 69 anos (por mil hab.)"
3500402,"Águas da Prata",18.09083911,2020,"Longevidade",15.77,"Taxas de mortalidade  60 a 69 anos (por mil hab.)"
3500402,"Águas da Prata",15.33406353,2022,"Longevidade",18.13,"Taxas de mortalidade  60 a 69 anos (por mil hab.)"
3500402,"Águas da Prata",11.94852941,2024,"Longevidade",14.49,"Taxas de mortalidade  60 a 69 anos (por mil hab.)"
3500501,"Águas de Lindóia",19.89026063,2014,"Longevidade",15.79,"Taxas de mortalidade  60 a 69 anos (por mil hab.)"
3500501,"Águas de Lindóia",12.92474463,2016,"Longevidade",15.58,"Taxas de mortalidade  60 a 69 anos (por mil hab.)"
3500501,"Águas de Lindóia",14.61632156,2018,"Longevidade",15.4,"Taxas de mortalidade  60 a 69 anos (por mil hab.)"
3500501,"Águas de Lindóia",20.0617284,2020,"Longevidade",15.77,"Taxas de mortalidade  60 a 69 anos (por mil hab.)"
3500501,"Águas de Lindóia",20.07366483,2022,"Longevidade",18.13,"Taxas de mortalidade  60 a 69 anos (por mil hab.)"
3500501,"Águas de Lindóia",12.61829653,2024,"Longevidade",14.49,"Taxas de mortalidade  60 a 69 anos (por mil hab.)"
3500550,"Águas de Santa Bárbara",17.16171617,2014,"Longevidade",15.79,"Taxas de mortalidade  60 a 69 anos (por mil hab.)"
3500550,"Águas de Santa Bárbara",20.53140097,2016,"Longevidade",15.58,"Taxas de mortalidade  60 a 69 anos (por mil hab.)"
3500550,"Águas de Santa Bárbara",20.16607355,2018,"Longevidade",15.4,"Taxas de mortalidade  60 a 69 anos (por mil hab.)"
3500550,"Águas de Santa Bárbara",18.42256765,2020,"Longevidade",15.77,"Taxas de mortalidade  60 a 69 anos (por mil hab.)"
3500550,"Águas de Santa Bárbara",22.89223897,2022,"Longevidade",18.13,"Taxas de mortalidade  60 a 69 anos (por mil hab.)"
3500550,"Águas de Santa Bárbara",18.68131868,2024,"Longevidade",14.49,"Taxas de mortalidade  60 a 69 anos (por mil hab.)"
3500600,"Águas de São Pedro",18.63354037,2014,"Longevidade",15.79,"Taxas de mortalidade  60 a 69 anos (por mil hab.)"
3500600,"Águas de São Pedro",11.31687243,2016,"Longevidade",15.58,"Taxas de mortalidade  60 a 69 anos (por mil hab.)"
3500600,"Águas de São Pedro",13.29243354,2018,"Longevidade",15.4,"Taxas de mortalidade  60 a 69 anos (por mil hab.)"
3500600,"Águas de São Pedro",18.34862385,2020,"Longevidade",15.77,"Taxas de mortalidade  60 a 69 anos (por mil hab.)"
3500600,"Águas de São Pedro",31.93612774,2022,"Longevidade",18.13,"Taxas de mortalidade  60 a 69 anos (por mil hab.)"
3500600,"Águas de São Pedro",16.14035088,2024,"Longevidade",14.49,"Taxas de mortalidade  60 a 69 anos (por mil hab.)"
3500709,"Agudos",17.53681392,2014,"Longevidade",15.79,"Taxas de mortalidade  60 a 69 anos (por mil hab.)"
3500709,"Agudos",19.30136175,2016,"Longevidade",15.58,"Taxas de mortalidade  60 a 69 anos (por mil hab.)"
3500709,"Agudos",18.96926066,2018,"Longevidade",15.4,"Taxas de mortalidade  60 a 69 anos (por mil hab.)"
3500709,"Agudos",17.26342711,2020,"Longevidade",15.77,"Taxas de mortalidade  60 a 69 anos (por mil hab.)"
3500709,"Agudos",20.75148585,2022,"Longevidade",18.13,"Taxas de mortalidade  60 a 69 anos (por mil hab.)"
3500709,"Agudos",14.44236427,2024,"Longevidade",14.49,"Taxas de mortalidade  60 a 69 anos (por mil hab.)"
3500758,"Alambari",16.39344262,2014,"Longevidade",15.79,"Taxas de mortalidade  60 a 69 anos (por mil hab.)"
3500758,"Alambari",15.2979066,2016,"Longevidade",15.58,"Taxas de mortalidade  60 a 69 anos (por mil hab.)"
3500758,"Alambari",11.65501166,2018,"Longevidade",15.4,"Taxas de mortalidade  60 a 69 anos (por mil hab.)"
3500758,"Alambari",12.34567901,2020,"Longevidade",15.77,"Taxas de mortalidade  60 a 69 anos (por mil hab.)"
3500758,"Alambari",24.89626556,2022,"Longevidade",18.13,"Taxas de mortalidade  60 a 69 anos (por mil hab.)"
3500758,"Alambari",16.0697888,2024,"Longevidade",14.49,"Taxas de mortalidade  60 a 69 anos (por mil hab.)"
3500808,"Alfredo Marcondes",14.02640264,2014,"Longevidade",15.79,"Taxas de mortalidade  60 a 69 anos (por mil hab.)"
3500808,"Alfredo Marcondes",14.5631068,2016,"Longevidade",15.58,"Taxas de mortalidade  60 a 69 anos (por mil hab.)"
3500808,"Alfredo Marcondes",15.22435897,2018,"Longevidade",15.4,"Taxas de mortalidade  60 a 69 anos (por mil hab.)"
3500808,"Alfredo Marcondes",12.51956182,2020,"Longevidade",15.77,"Taxas de mortalidade  60 a 69 anos (por mil hab.)"
3500808,"Alfredo Marcondes",15.9453303,2022,"Longevidade",18.13,"Taxas de mortalidade  60 a 69 anos (por mil hab.)"
3500808,"Alfredo Marcondes",14.35705368,2024,"Longevidade",14.49,"Taxas de mortalidade  60 a 69 anos (por mil hab.)"
3500907,"Altair",15.625,2014,"Longevidade",15.79,"Taxas de mortalidade  60 a 69 anos (por mil hab.)"
3500907,"Altair",17.28395062,2016,"Longevidade",15.58,"Taxas de mortalidade  60 a 69 anos (por mil hab.)"
3500907,"Altair",18.24817518,2018,"Longevidade",15.4,"Taxas de mortalidade  60 a 69 anos (por mil hab.)"
3500907,"Altair",18.84570082,2020,"Longevidade",15.77,"Taxas de mortalidade  60 a 69 anos (por mil hab.)"
3500907,"Altair",22.29654404,2022,"Longevidade",18.13,"Taxas de mortalidade  60 a 69 anos (por mil hab.)"
3500907,"Altair",17.43589744,2024,"Longevidade",14.49,"Taxas de mortalidade  60 a 69 anos (por mil hab.)"
3501004,"Altinópolis",14.78787879,2014,"Longevidade",15.79,"Taxas de mortalidade  60 a 69 anos (por mil hab.)"
3501004,"Altinópolis",13.11985768,2016,"Longevidade",15.58,"Taxas de mortalidade  60 a 69 anos (por mil hab.)"
3501004,"Altinópolis",11.99040767,2018,"Longevidade",15.4,"Taxas de mortalidade  60 a 69 anos (por mil hab.)"
3501004,"Altinópolis",13.03890641,2020,"Longevidade",15.77,"Taxas de mortalidade  60 a 69 anos (por mil hab.)"
3501004,"Altinópolis",18.58660131,2022,"Longevidade",18.13,"Taxas de mortalidade  60 a 69 anos (por mil hab.)"
3501004,"Altinópolis",12.46105919,2024,"Longevidade",14.49,"Taxas de mortalidade  60 a 69 anos (por mil hab.)"
3501103,"Alto Alegre",8.908685969,2014,"Longevidade",15.79,"Taxas de mortalidade  60 a 69 anos (por mil hab.)"
3501103,"Alto Alegre",12.93103448,2016,"Longevidade",15.58,"Taxas de mortalidade  60 a 69 anos (por mil hab.)"
3501103,"Alto Alegre",10.03584229,2018,"Longevidade",15.4,"Taxas de mortalidade  60 a 69 anos (por mil hab.)"
3501103,"Alto Alegre",9.992862241,2020,"Longevidade",15.77,"Taxas de mortalidade  60 a 69 anos (por mil hab.)"
3501103,"Alto Alegre",21.14164905,2022,"Longevidade",18.13,"Taxas de mortalidade  60 a 69 anos (por mil hab.)"
3501103,"Alto Alegre",14.69605878,2024,"Longevidade",14.49,"Taxas de mortalidade  60 a 69 anos (por mil hab.)"
3501152,"Alumínio",17.87487587,2014,"Longevidade",15.79,"Taxas de mortalidade  60 a 69 anos (por mil hab.)"
3501152,"Alumínio",20.9439528,2016,"Longevidade",15.58,"Taxas de mortalidade  60 a 69 anos (por mil hab.)"
3501152,"Alumínio",20.19340159,2018,"Longevidade",15.4,"Taxas de mortalidade  60 a 69 anos (por mil hab.)"
3501152,"Alumínio",17.18213058,2020,"Longevidade",15.77,"Taxas de mortalidade  60 a 69 anos (por mil hab.)"
3501152,"Alumínio",24.5278391,2022,"Longevidade",18.13,"Taxas de mortalidade  60 a 69 anos (por mil hab.)"
3501152,"Alumínio",19.13662661,2024,"Longevidade",14.49,"Taxas de mortalidade  60 a 69 anos (por mil hab.)"
3501202,"Álvares Florence",9.18079096,2014,"Longevidade",15.79,"Taxas de mortalidade  60 a 69 anos (por mil hab.)"
3501202,"Álvares Florence",9.702009702,2016,"Longevidade",15.58,"Taxas de mortalidade  60 a 69 anos (por mil hab.)"
3501202,"Álvares Florence",12.39669421,2018,"Longevidade",15.4,"Taxas de mortalidade  60 a 69 anos (por mil hab.)"
3501202,"Álvares Florence",11.61202186,2020,"Longevidade",15.77,"Taxas de mortalidade  60 a 69 anos (por mil hab.)"
3501202,"Álvares Florence",16.80107527,2022,"Longevidade",18.13,"Taxas de mortalidade  60 a 69 anos (por mil hab.)"
3501202,"Álvares Florence",17.79935275,2024,"Longevidade",14.49,"Taxas de mortalidade  60 a 69 anos (por mil hab.)"
3501301,"Álvares Machado",15.29209622,2014,"Longevidade",15.79,"Taxas de mortalidade  60 a 69 anos (por mil hab.)"
3501301,"Álvares Machado",14.97053671,2016,"Longevidade",15.58,"Taxas de mortalidade  60 a 69 anos (por mil hab.)"
3501301,"Álvares Machado",16.36278635,2018,"Longevidade",15.4,"Taxas de mortalidade  60 a 69 anos (por mil hab.)"
3501301,"Álvares Machado",17.95332136,2020,"Longevidade",15.77,"Taxas de mortalidade  60 a 69 anos (por mil hab.)"
3501301,"Álvares Machado",20.94017094,2022,"Longevidade",18.13,"Taxas de mortalidade  60 a 69 anos (por mil hab.)"
3501301,"Álvares Machado",14.80941976,2024,"Longevidade",14.49,"Taxas de mortalidade  60 a 69 anos (por mil hab.)"
3501400,"Álvaro de Carvalho",16.22971286,2014,"Longevidade",15.79,"Taxas de mortalidade  60 a 69 anos (por mil hab.)"
3501400,"Álvaro de Carvalho",22.06736353,2016,"Longevidade",15.58,"Taxas de mortalidade  60 a 69 anos (por mil hab.)"
3501400,"Álvaro de Carvalho",24.77477477,2018,"Longevidade",15.4,"Taxas de mortalidade  60 a 69 anos (por mil hab.)"
3501400,"Álvaro de Carvalho",21.23142251,2020,"Longevidade",15.77,"Taxas de mortalidade  60 a 69 anos (por mil hab.)"
3501400,"Álvaro de Carvalho",29.56167176,2022,"Longevidade",18.13,"Taxas de mortalidade  60 a 69 anos (por mil hab.)"
3501400,"Álvaro de Carvalho",15.87301587,2024,"Longevidade",14.49,"Taxas de mortalidade  60 a 69 anos (por mil hab.)"
3501509,"Alvinlândia",19.94301994,2014,"Longevidade",15.79,"Taxas de mortalidade  60 a 69 anos (por mil hab.)"
3501509,"Alvinlândia",20.49180328,2016,"Longevidade",15.58,"Taxas de mortalidade  60 a 69 anos (por mil hab.)"
3501509,"Alvinlândia",22.66666667,2018,"Longevidade",15.4,"Taxas de mortalidade  60 a 69 anos (por mil hab.)"
3501509,"Alvinlândia",13.94169835,2020,"Longevidade",15.77,"Taxas de mortalidade  60 a 69 anos (por mil hab.)"
3501509,"Alvinlândia",16.96969697,2022,"Longevidade",18.13,"Taxas de mortalidade  60 a 69 anos (por mil hab.)"
3501509,"Alvinlândia",15.71268238,2024,"Longevidade",14.49,"Taxas de mortalidade  60 a 69 anos (por mil hab.)"
3501608,"Americana",14.55535175,2014,"Longevidade",15.79,"Taxas de mortalidade  60 a 69 anos (por mil hab.)"
3501608,"Americana",13.53490985,2016,"Longevidade",15.58,"Taxas de mortalidade  60 a 69 anos (por mil hab.)"
3501608,"Americana",13.38923012,2018,"Longevidade",15.4,"Taxas de mortalidade  60 a 69 anos (por mil hab.)"
3501608,"Americana",12.22602587,2020,"Longevidade",15.77,"Taxas de mortalidade  60 a 69 anos (por mil hab.)"
3501608,"Americana",15.46532972,2022,"Longevidade",18.13,"Taxas de mortalidade  60 a 69 anos (por mil hab.)"
3501608,"Americana",12.53151886,2024,"Longevidade",14.49,"Taxas de mortalidade  60 a 69 anos (por mil hab.)"
3501707,"Américo Brasiliense",15.83248212,2014,"Longevidade",15.79,"Taxas de mortalidade  60 a 69 anos (por mil hab.)"
3501707,"Américo Brasiliense",19.04761905,2016,"Longevidade",15.58,"Taxas de mortalidade  60 a 69 anos (por mil hab.)"
3501707,"Américo Brasiliense",17.74238614,2018,"Longevidade",15.4,"Taxas de mortalidade  60 a 69 anos (por mil hab.)"
3501707,"Américo Brasiliense",13.86239349,2020,"Longevidade",15.77,"Taxas de mortalidade  60 a 69 anos (por mil hab.)"
3501707,"Américo Brasiliense",17.82593499,2022,"Longevidade",18.13,"Taxas de mortalidade  60 a 69 anos (por mil hab.)"
3501707,"Américo Brasiliense",15.46029515,2024,"Longevidade",14.49,"Taxas de mortalidade  60 a 69 anos (por mil hab.)"
3501806,"Américo de Campos",11.82033097,2014,"Longevidade",15.79,"Taxas de mortalidade  60 a 69 anos (por mil hab.)"
3501806,"Américo de Campos",15.98173516,2016,"Longevidade",15.58,"Taxas de mortalidade  60 a 69 anos (por mil hab.)"
3501806,"Américo de Campos",20.5213533,2018,"Longevidade",15.4,"Taxas de mortalidade  60 a 69 anos (por mil hab.)"
3501806,"Américo de Campos",17.2143975,2020,"Longevidade",15.77,"Taxas de mortalidade  60 a 69 anos (por mil hab.)"
3501806,"Américo de Campos",20.21696252,2022,"Longevidade",18.13,"Taxas de mortalidade  60 a 69 anos (por mil hab.)"
3501806,"Américo de Campos",15.70680628,2024,"Longevidade",14.49,"Taxas de mortalidade  60 a 69 anos (por mil hab.)"
3501905,"Amparo",14.23400209,2014,"Longevidade",15.79,"Taxas de mortalidade  60 a 69 anos (por mil hab.)"
3501905,"Amparo",15.72947495,2016,"Longevidade",15.58,"Taxas de mortalidade  60 a 69 anos (por mil hab.)"
3501905,"Amparo",15.15871758,2018,"Longevidade",15.4,"Taxas de mortalidade  60 a 69 anos (por mil hab.)"
3501905,"Amparo",14.8879717,2020,"Longevidade",15.77,"Taxas de mortalidade  60 a 69 anos (por mil hab.)"
3501905,"Amparo",17.427079,2022,"Longevidade",18.13,"Taxas de mortalidade  60 a 69 anos (por mil hab.)"
3501905,"Amparo",14.90835745,2024,"Longevidade",14.49,"Taxas de mortalidade  60 a 69 anos (por mil hab.)"
3502002,"Analândia",20.46783626,2014,"Longevidade",15.79,"Taxas de mortalidade  60 a 69 anos (por mil hab.)"
3502002,"Analândia",18.06684734,2016,"Longevidade",15.58,"Taxas de mortalidade  60 a 69 anos (por mil hab.)"
3502002,"Analândia",14.83420593,2018,"Longevidade",15.4,"Taxas de mortalidade  60 a 69 anos (por mil hab.)"
3502002,"Analândia",16.18122977,2020,"Longevidade",15.77,"Taxas de mortalidade  60 a 69 anos (por mil hab.)"
3502002,"Analândia",15.04890895,2022,"Longevidade",18.13,"Taxas de mortalidade  60 a 69 anos (por mil hab.)"
3502002,"Analândia",13.07189542,2024,"Longevidade",14.49,"Taxas de mortalidade  60 a 69 anos (por mil hab.)"
3502101,"Andradina",15.55600842,2014,"Longevidade",15.79,"Taxas de mortalidade  60 a 69 anos (por mil hab.)"
3502101,"Andradina",14.68624833,2016,"Longevidade",15.58,"Taxas de mortalidade  60 a 69 anos (por mil hab.)"
3502101,"Andradina",15.45336064,2018,"Longevidade",15.4,"Taxas de mortalidade  60 a 69 anos (por mil hab.)"
3502101,"Andradina",16.74655305,2020,"Longevidade",15.77,"Taxas de mortalidade  60 a 69 anos (por mil hab.)"
3502101,"Andradina",18.54043393,2022,"Longevidade",18.13,"Taxas de mortalidade  60 a 69 anos (por mil hab.)"
3502101,"Andradina",14.94949495,2024,"Longevidade",14.49,"Taxas de mortalidade  60 a 69 anos (por mil hab.)"
3502200,"Angatuba",15.86368978,2014,"Longevidade",15.79,"Taxas de mortalidade  60 a 69 anos (por mil hab.)"
3502200,"Angatuba",16.43069393,2016,"Longevidade",15.58,"Taxas de mortalidade  60 a 69 anos (por mil hab.)"
3502200,"Angatuba",14.53684922,2018,"Longevidade",15.4,"Taxas de mortalidade  60 a 69 anos (por mil hab.)"
3502200,"Angatuba",16.34142472,2020,"Longevidade",15.77,"Taxas de mortalidade  60 a 69 anos (por mil hab.)"
3502200,"Angatuba",21.14983616,2022,"Longevidade",18.13,"Taxas de mortalidade  60 a 69 anos (por mil hab.)"
3502200,"Angatuba",15.28931066,2024,"Longevidade",14.49,"Taxas de mortalidade  60 a 69 anos (por mil hab.)"
3502309,"Anhembi",17.58593125,2014,"Longevidade",15.79,"Taxas de mortalidade  60 a 69 anos (por mil hab.)"
3502309,"Anhembi",14.98929336,2016,"Longevidade",15.58,"Taxas de mortalidade  60 a 69 anos (por mil hab.)"
3502309,"Anhembi",20.57613169,2018,"Longevidade",15.4,"Taxas de mortalidade  60 a 69 anos (por mil hab.)"
3502309,"Anhembi",25.34854246,2020,"Longevidade",15.77,"Taxas de mortalidade  60 a 69 anos (por mil hab.)"
3502309,"Anhembi",22.53855279,2022,"Longevidade",18.13,"Taxas de mortalidade  60 a 69 anos (por mil hab.)"
3502309,"Anhembi",19.51476793,2024,"Longevidade",14.49,"Taxas de mortalidade  60 a 69 anos (por mil hab.)"
3502408,"Anhumas",11.37656428,2014,"Longevidade",15.79,"Taxas de mortalidade  60 a 69 anos (por mil hab.)"
3502408,"Anhumas",16.66666667,2016,"Longevidade",15.58,"Taxas de mortalidade  60 a 69 anos (por mil hab.)"
3502408,"Anhumas",17.11983887,2018,"Longevidade",15.4,"Taxas de mortalidade  60 a 69 anos (por mil hab.)"
3502408,"Anhumas",13.29534663,2020,"Longevidade",15.77,"Taxas de mortalidade  60 a 69 anos (por mil hab.)"
3502408,"Anhumas",16.88888889,2022,"Longevidade",18.13,"Taxas de mortalidade  60 a 69 anos (por mil hab.)"
3502408,"Anhumas",17.014694510000002,2024,"Longevidade",14.49,"Taxas de mortalidade  60 a 69 anos (por mil hab.)"
3502507,"Aparecida",18.56665429,2014,"Longevidade",15.79,"Taxas de mortalidade  60 a 69 anos (por mil hab.)"
3502507,"Aparecida",17.00905677,2016,"Longevidade",15.58,"Taxas de mortalidade  60 a 69 anos (por mil hab.)"
3502507,"Aparecida",16.24721249,2018,"Longevidade",15.4,"Taxas de mortalidade  60 a 69 anos (por mil hab.)"
3502507,"Aparecida",17.62157905,2020,"Longevidade",15.77,"Taxas de mortalidade  60 a 69 anos (por mil hab.)"
3502507,"Aparecida",20.24403771,2022,"Longevidade",18.13,"Taxas de mortalidade  60 a 69 anos (por mil hab.)"
3502507,"Aparecida",17.29055258,2024,"Longevidade",14.49,"Taxas de mortalidade  60 a 69 anos (por mil hab.)"
3502606,"Aparecida d'Oeste",20.24584237,2014,"Longevidade",15.79,"Taxas de mortalidade  60 a 69 anos (por mil hab.)"
3502606,"Aparecida d'Oeste",12.79461279,2016,"Longevidade",15.58,"Taxas de mortalidade  60 a 69 anos (por mil hab.)"
3502606,"Aparecida d'Oeste",11.95219124,2018,"Longevidade",15.4,"Taxas de mortalidade  60 a 69 anos (por mil hab.)"
3502606,"Aparecida d'Oeste",14.2118863,2020,"Longevidade",15.77,"Taxas de mortalidade  60 a 69 anos (por mil hab.)"
3502606,"Aparecida d'Oeste",26.23160589,2022,"Longevidade",18.13,"Taxas de mortalidade  60 a 69 anos (por mil hab.)"
3502606,"Aparecida d'Oeste",13.59338061,2024,"Longevidade",14.49,"Taxas de mortalidade  60 a 69 anos (por mil hab.)"
3502705,"Apiaí",15.90106007,2014,"Longevidade",15.79,"Taxas de mortalidade  60 a 69 anos (por mil hab.)"
3502705,"Apiaí",18.46871078,2016,"Longevidade",15.58,"Taxas de mortalidade  60 a 69 anos (por mil hab.)"
3502705,"Apiaí",17.42463844,2018,"Longevidade",15.4,"Taxas de mortalidade  60 a 69 anos (por mil hab.)"
3502705,"Apiaí",17.94238683,2020,"Longevidade",15.77,"Taxas de mortalidade  60 a 69 anos (por mil hab.)"
3502705,"Apiaí",19.78193146,2022,"Longevidade",18.13,"Taxas de mortalidade  60 a 69 anos (por mil hab.)"
3502705,"Apiaí",14.89995743,2024,"Longevidade",14.49,"Taxas de mortalidade  60 a 69 anos (por mil hab.)"
3502754,"Araçariguama",18.24034335,2014,"Longevidade",15.79,"Taxas de mortalidade  60 a 69 anos (por mil hab.)"
3502754,"Araçariguama",22.79728897,2016,"Longevidade",15.58,"Taxas de mortalidade  60 a 69 anos (por mil hab.)"
3502754,"Araçariguama",23.99765876,2018,"Longevidade",15.4,"Taxas de mortalidade  60 a 69 anos (por mil hab.)"
3502754,"Araçariguama",18.97233202,2020,"Longevidade",15.77,"Taxas de mortalidade  60 a 69 anos (por mil hab.)"
3502754,"Araçariguama",18.43869732,2022,"Longevidade",18.13,"Taxas de mortalidade  60 a 69 anos (por mil hab.)"
3502754,"Araçariguama",12.13818861,2024,"Longevidade",14.49,"Taxas de mortalidade  60 a 69 anos (por mil hab.)"
3502804,"Araçatuba",15.98762249,2014,"Longevidade",15.79,"Taxas de mortalidade  60 a 69 anos (por mil hab.)"
3502804,"Araçatuba",16.41894227,2016,"Longevidade",15.58,"Taxas de mortalidade  60 a 69 anos (por mil hab.)"
3502804,"Araçatuba",16.1149745,2018,"Longevidade",15.4,"Taxas de mortalidade  60 a 69 anos (por mil hab.)"
3502804,"Araçatuba",16.05194805,2020,"Longevidade",15.77,"Taxas de mortalidade  60 a 69 anos (por mil hab.)"
3502804,"Araçatuba",18.55834718,2022,"Longevidade",18.13,"Taxas de mortalidade  60 a 69 anos (por mil hab.)"
3502804,"Araçatuba",15.36616104,2024,"Longevidade",14.49,"Taxas de mortalidade  60 a 69 anos (por mil hab.)"
3502903,"Araçoiaba da Serra",18.23486506,2014,"Longevidade",15.79,"Taxas de mortalidade  60 a 69 anos (por mil hab.)"
3502903,"Araçoiaba da Serra",18.07777344,2016,"Longevidade",15.58,"Taxas de mortalidade  60 a 69 anos (por mil hab.)"
3502903,"Araçoiaba da Serra",18.77756774,2018,"Longevidade",15.4,"Taxas de mortalidade  60 a 69 anos (por mil hab.)"
3502903,"Araçoiaba da Serra",20.15889956,2020,"Longevidade",15.77,"Taxas de mortalidade  60 a 69 anos (por mil hab.)"
3502903,"Araçoiaba da Serra",20.20882452,2022,"Longevidade",18.13,"Taxas de mortalidade  60 a 69 anos (por mil hab.)"
3502903,"Araçoiaba da Serra",11.76120292,2024,"Longevidade",14.49,"Taxas de mortalidade  60 a 69 anos (por mil hab.)"
3503000,"Aramina",13.42812006,2014,"Longevidade",15.79,"Taxas de mortalidade  60 a 69 anos (por mil hab.)"
3503000,"Aramina",18.07664497,2016,"Longevidade",15.58,"Taxas de mortalidade  60 a 69 anos (por mil hab.)"
3503000,"Aramina",17.47030049,2018,"Longevidade",15.4,"Taxas de mortalidade  60 a 69 anos (por mil hab.)"
3503000,"Aramina",17.61252446,2020,"Longevidade",15.77,"Taxas de mortalidade  60 a 69 anos (por mil hab.)"
3503000,"Aramina",19.35874168,2022,"Longevidade",18.13,"Taxas de mortalidade  60 a 69 anos (por mil hab.)"
3503000,"Aramina",17.40506329,2024,"Longevidade",14.49,"Taxas de mortalidade  60 a 69 anos (por mil hab.)"
3503109,"Arandu",17.80626781,2014,"Longevidade",15.79,"Taxas de mortalidade  60 a 69 anos (por mil hab.)"
3503109,"Arandu",15.41425819,2016,"Longevidade",15.58,"Taxas de mortalidade  60 a 69 anos (por mil hab.)"
3503109,"Arandu",14.95327103,2018,"Longevidade",15.4,"Taxas de mortalidade  60 a 69 anos (por mil hab.)"
3503109,"Arandu",16.34559253,2020,"Longevidade",15.77,"Taxas de mortalidade  60 a 69 anos (por mil hab.)"
3503109,"Arandu",21.63061564,2022,"Longevidade",18.13,"Taxas de mortalidade  60 a 69 anos (por mil hab.)"
3503109,"Arandu",17.47311828,2024,"Longevidade",14.49,"Taxas de mortalidade  60 a 69 anos (por mil hab.)"
3503158,"Arapeí",28.08988764,2014,"Longevidade",15.79,"Taxas de mortalidade  60 a 69 anos (por mil hab.)"
3503158,"Arapeí",10.41666667,2016,"Longevidade",15.58,"Taxas de mortalidade  60 a 69 anos (por mil hab.)"
3503158,"Arapeí",11.72529313,2018,"Longevidade",15.4,"Taxas de mortalidade  60 a 69 anos (por mil hab.)"
3503158,"Arapeí",15.29051988,2020,"Longevidade",15.77,"Taxas de mortalidade  60 a 69 anos (por mil hab.)"
3503158,"Arapeí",19.3637621,2022,"Longevidade",18.13,"Taxas de mortalidade  60 a 69 anos (por mil hab.)"
3503158,"Arapeí",20.2991453,2024,"Longevidade",14.49,"Taxas de mortalidade  60 a 69 anos (por mil hab.)"
3503208,"Araraquara",15.46746104,2014,"Longevidade",15.79,"Taxas de mortalidade  60 a 69 anos (por mil hab.)"
3503208,"Araraquara",14.57213375,2016,"Longevidade",15.58,"Taxas de mortalidade  60 a 69 anos (por mil hab.)"
3503208,"Araraquara",13.82556258,2018,"Longevidade",15.4,"Taxas de mortalidade  60 a 69 anos (por mil hab.)"
3503208,"Araraquara",14.49674282,2020,"Longevidade",15.77,"Taxas de mortalidade  60 a 69 anos (por mil hab.)"
3503208,"Araraquara",16.92888428,2022,"Longevidade",18.13,"Taxas de mortalidade  60 a 69 anos (por mil hab.)"
3503208,"Araraquara",14.51016875,2024,"Longevidade",14.49,"Taxas de mortalidade  60 a 69 anos (por mil hab.)"
3503307,"Araras",15.70794063,2014,"Longevidade",15.79,"Taxas de mortalidade  60 a 69 anos (por mil hab.)"
3503307,"Araras",15.86697131,2016,"Longevidade",15.58,"Taxas de mortalidade  60 a 69 anos (por mil hab.)"
3503307,"Araras",14.59720828,2018,"Longevidade",15.4,"Taxas de mortalidade  60 a 69 anos (por mil hab.)"
3503307,"Araras",14.09395973,2020,"Longevidade",15.77,"Taxas de mortalidade  60 a 69 anos (por mil hab.)"
3503307,"Araras",16.88521178,2022,"Longevidade",18.13,"Taxas de mortalidade  60 a 69 anos (por mil hab.)"
3503307,"Araras",14.91247028,2024,"Longevidade",14.49,"Taxas de mortalidade  60 a 69 anos (por mil hab.)"
3503356,"Arco-Íris",12.68115942,2014,"Longevidade",15.79,"Taxas de mortalidade  60 a 69 anos (por mil hab.)"
3503356,"Arco-Íris",16.21621622,2016,"Longevidade",15.58,"Taxas de mortalidade  60 a 69 anos (por mil hab.)"
3503356,"Arco-Íris",19.197207680000002,2018,"Longevidade",15.4,"Taxas de mortalidade  60 a 69 anos (por mil hab.)"
3503356,"Arco-Íris",14.70588235,2020,"Longevidade",15.77,"Taxas de mortalidade  60 a 69 anos (por mil hab.)"
3503356,"Arco-Íris",17.13395639,2022,"Longevidade",18.13,"Taxas de mortalidade  60 a 69 anos (por mil hab.)"
3503356,"Arco-Íris",12.55230126,2024,"Longevidade",14.49,"Taxas de mortalidade  60 a 69 anos (por mil hab.)"
3503406,"Arealva",14.56512692,2014,"Longevidade",15.79,"Taxas de mortalidade  60 a 69 anos (por mil hab.)"
3503406,"Arealva",13.90544299,2016,"Longevidade",15.58,"Taxas de mortalidade  60 a 69 anos (por mil hab.)"
3503406,"Arealva",15.64945227,2018,"Longevidade",15.4,"Taxas de mortalidade  60 a 69 anos (por mil hab.)"
3503406,"Arealva",19.74183751,2020,"Longevidade",15.77,"Taxas de mortalidade  60 a 69 anos (por mil hab.)"
3503406,"Arealva",18.98503103,2022,"Longevidade",18.13,"Taxas de mortalidade  60 a 69 anos (por mil hab.)"
3503406,"Arealva",12.89944298,2024,"Longevidade",14.49,"Taxas de mortalidade  60 a 69 anos (por mil hab.)"
3503505,"Areias",23.70990237,2014,"Longevidade",15.79,"Taxas de mortalidade  60 a 69 anos (por mil hab.)"
3503505,"Areias",24.08111534,2016,"Longevidade",15.58,"Taxas de mortalidade  60 a 69 anos (por mil hab.)"
3503505,"Areias",21.73913043,2018,"Longevidade",15.4,"Taxas de mortalidade  60 a 69 anos (por mil hab.)"
3503505,"Areias",19.67213115,2020,"Longevidade",15.77,"Taxas de mortalidade  60 a 69 anos (por mil hab.)"
3503505,"Areias",19.13393756,2022,"Longevidade",18.13,"Taxas de mortalidade  60 a 69 anos (por mil hab.)"
3503505,"Areias",20.46035806,2024,"Longevidade",14.49,"Taxas de mortalidade  60 a 69 anos (por mil hab.)"
3503604,"Areiópolis",21.83908046,2014,"Longevidade",15.79,"Taxas de mortalidade  60 a 69 anos (por mil hab.)"
3503604,"Areiópolis",22.52944188,2016,"Longevidade",15.58,"Taxas de mortalidade  60 a 69 anos (por mil hab.)"
3503604,"Areiópolis",20.12763868,2018,"Longevidade",15.4,"Taxas de mortalidade  60 a 69 anos (por mil hab.)"
3503604,"Areiópolis",22.43158367,2020,"Longevidade",15.77,"Taxas de mortalidade  60 a 69 anos (por mil hab.)"
3503604,"Areiópolis",21.783806,2022,"Longevidade",18.13,"Taxas de mortalidade  60 a 69 anos (por mil hab.)"
3503604,"Areiópolis",19.41346551,2024,"Longevidade",14.49,"Taxas de mortalidade  60 a 69 anos (por mil hab.)"
3503703,"Ariranha",16.76829268,2014,"Longevidade",15.79,"Taxas de mortalidade  60 a 69 anos (por mil hab.)"
3503703,"Ariranha",21.56334232,2016,"Longevidade",15.58,"Taxas de mortalidade  60 a 69 anos (por mil hab.)"
3503703,"Ariranha",17.45200698,2018,"Longevidade",15.4,"Taxas de mortalidade  60 a 69 anos (por mil hab.)"
3503703,"Ariranha",13.6307311,2020,"Longevidade",15.77,"Taxas de mortalidade  60 a 69 anos (por mil hab.)"
3503703,"Ariranha",18.54043393,2022,"Longevidade",18.13,"Taxas de mortalidade  60 a 69 anos (por mil hab.)"
3503703,"Ariranha",16.32498102,2024,"Longevidade",14.49,"Taxas de mortalidade  60 a 69 anos (por mil hab.)"
3503802,"Artur Nogueira",14.78171193,2014,"Longevidade",15.79,"Taxas de mortalidade  60 a 69 anos (por mil hab.)"
3503802,"Artur Nogueira",13.86395372,2016,"Longevidade",15.58,"Taxas de mortalidade  60 a 69 anos (por mil hab.)"
3503802,"Artur Nogueira",14.06025825,2018,"Longevidade",15.4,"Taxas de mortalidade  60 a 69 anos (por mil hab.)"
3503802,"Artur Nogueira",14.85975556,2020,"Longevidade",15.77,"Taxas de mortalidade  60 a 69 anos (por mil hab.)"
3503802,"Artur Nogueira",17.00680272,2022,"Longevidade",18.13,"Taxas de mortalidade  60 a 69 anos (por mil hab.)"
3503802,"Artur Nogueira",12.94093091,2024,"Longevidade",14.49,"Taxas de mortalidade  60 a 69 anos (por mil hab.)"
3503901,"Arujá",17.79691424,2014,"Longevidade",15.79,"Taxas de mortalidade  60 a 69 anos (por mil hab.)"
3503901,"Arujá",18.67662753,2016,"Longevidade",15.58,"Taxas de mortalidade  60 a 69 anos (por mil hab.)"
3503901,"Arujá",18.44976938,2018,"Longevidade",15.4,"Taxas de mortalidade  60 a 69 anos (por mil hab.)"
3503901,"Arujá",18.3579289,2020,"Longevidade",15.77,"Taxas de mortalidade  60 a 69 anos (por mil hab.)"
3503901,"Arujá",21.12479015,2022,"Longevidade",18.13,"Taxas de mortalidade  60 a 69 anos (por mil hab.)"
3503901,"Arujá",15.79876072,2024,"Longevidade",14.49,"Taxas de mortalidade  60 a 69 anos (por mil hab.)"
3503950,"Aspásia",14.571949,2014,"Longevidade",15.79,"Taxas de mortalidade  60 a 69 anos (por mil hab.)"
3503950,"Aspásia",12.28070175,2016,"Longevidade",15.58,"Taxas de mortalidade  60 a 69 anos (por mil hab.)"
3503950,"Aspásia",10.41666667,2018,"Longevidade",15.4,"Taxas de mortalidade  60 a 69 anos (por mil hab.)"
3503950,"Aspásia",10,2020,"Longevidade",15.77,"Taxas de mortalidade  60 a 69 anos (por mil hab.)"
3503950,"Aspásia",14.35406699,2022,"Longevidade",18.13,"Taxas de mortalidade  60 a 69 anos (por mil hab.)"
3503950,"Aspásia",9.259259259,2024,"Longevidade",14.49,"Taxas de mortalidade  60 a 69 anos (por mil hab.)"
3504008,"Assis",15.70460191,2014,"Longevidade",15.79,"Taxas de mortalidade  60 a 69 anos (por mil hab.)"
3504008,"Assis",15.83163304,2016,"Longevidade",15.58,"Taxas de mortalidade  60 a 69 anos (por mil hab.)"
3504008,"Assis",16.4095832,2018,"Longevidade",15.4,"Taxas de mortalidade  60 a 69 anos (por mil hab.)"
3504008,"Assis",15.63349647,2020,"Longevidade",15.77,"Taxas de mortalidade  60 a 69 anos (por mil hab.)"
3504008,"Assis",17.45787687,2022,"Longevidade",18.13,"Taxas de mortalidade  60 a 69 anos (por mil hab.)"
3504008,"Assis",15.68805948,2024,"Longevidade",14.49,"Taxas de mortalidade  60 a 69 anos (por mil hab.)"
3504107,"Atibaia",16.97450346,2014,"Longevidade",15.79,"Taxas de mortalidade  60 a 69 anos (por mil hab.)"
3504107,"Atibaia",16.23947732,2016,"Longevidade",15.58,"Taxas de mortalidade  60 a 69 anos (por mil hab.)"
3504107,"Atibaia",16.38649099,2018,"Longevidade",15.4,"Taxas de mortalidade  60 a 69 anos (por mil hab.)"
3504107,"Atibaia",16.71599718,2020,"Longevidade",15.77,"Taxas de mortalidade  60 a 69 anos (por mil hab.)"
3504107,"Atibaia",19.06417042,2022,"Longevidade",18.13,"Taxas de mortalidade  60 a 69 anos (por mil hab.)"
3504107,"Atibaia",13.576693,2024,"Longevidade",14.49,"Taxas de mortalidade  60 a 69 anos (por mil hab.)"
3504206,"Auriflama",13.86666667,2014,"Longevidade",15.79,"Taxas de mortalidade  60 a 69 anos (por mil hab.)"
3504206,"Auriflama",14.47105788,2016,"Longevidade",15.58,"Taxas de mortalidade  60 a 69 anos (por mil hab.)"
3504206,"Auriflama",15.56041819,2018,"Longevidade",15.4,"Taxas de mortalidade  60 a 69 anos (por mil hab.)"
3504206,"Auriflama",17.64159703,2020,"Longevidade",15.77,"Taxas de mortalidade  60 a 69 anos (por mil hab.)"
3504206,"Auriflama",19.76284585,2022,"Longevidade",18.13,"Taxas de mortalidade  60 a 69 anos (por mil hab.)"
3504206,"Auriflama",12.74018379,2024,"Longevidade",14.49,"Taxas de mortalidade  60 a 69 anos (por mil hab.)"
3504305,"Avaí",16.57940663,2014,"Longevidade",15.79,"Taxas de mortalidade  60 a 69 anos (por mil hab.)"
3504305,"Avaí",11.65501166,2016,"Longevidade",15.58,"Taxas de mortalidade  60 a 69 anos (por mil hab.)"
3504305,"Avaí",10.60606061,2018,"Longevidade",15.4,"Taxas de mortalidade  60 a 69 anos (por mil hab.)"
3504305,"Avaí",20.07168459,2020,"Longevidade",15.77,"Taxas de mortalidade  60 a 69 anos (por mil hab.)"
3504305,"Avaí",19.72789116,2022,"Longevidade",18.13,"Taxas de mortalidade  60 a 69 anos (por mil hab.)"
3504305,"Avaí",15.87301587,2024,"Longevidade",14.49,"Taxas de mortalidade  60 a 69 anos (por mil hab.)"
3504404,"Avanhandava",19.72101972,2014,"Longevidade",15.79,"Taxas de mortalidade  60 a 69 anos (por mil hab.)"
3504404,"Avanhandava",20.39930556,2016,"Longevidade",15.58,"Taxas de mortalidade  60 a 69 anos (por mil hab.)"
3504404,"Avanhandava",18.89168766,2018,"Longevidade",15.4,"Taxas de mortalidade  60 a 69 anos (por mil hab.)"
3504404,"Avanhandava",17.73049645,2020,"Longevidade",15.77,"Taxas de mortalidade  60 a 69 anos (por mil hab.)"
3504404,"Avanhandava",20.99447514,2022,"Longevidade",18.13,"Taxas de mortalidade  60 a 69 anos (por mil hab.)"
3504404,"Avanhandava",21.24015074,2024,"Longevidade",14.49,"Taxas de mortalidade  60 a 69 anos (por mil hab.)"
3504503,"Avaré",16.74442716,2014,"Longevidade",15.79,"Taxas de mortalidade  60 a 69 anos (por mil hab.)"
3504503,"Avaré",18.27119273,2016,"Longevidade",15.58,"Taxas de mortalidade  60 a 69 anos (por mil hab.)"
3504503,"Avaré",18.53101246,2018,"Longevidade",15.4,"Taxas de mortalidade  60 a 69 anos (por mil hab.)"
3504503,"Avaré",17.68862934,2020,"Longevidade",15.77,"Taxas de mortalidade  60 a 69 anos (por mil hab.)"
3504503,"Avaré",18.826937,2022,"Longevidade",18.13,"Taxas de mortalidade  60 a 69 anos (por mil hab.)"
3504503,"Avaré",14.60037308,2024,"Longevidade",14.49,"Taxas de mortalidade  60 a 69 anos (por mil hab.)"
3504602,"Bady Bassitt",17.03841388,2014,"Longevidade",15.79,"Taxas de mortalidade  60 a 69 anos (por mil hab.)"
3504602,"Bady Bassitt",17.98855274,2016,"Longevidade",15.58,"Taxas de mortalidade  60 a 69 anos (por mil hab.)"
3504602,"Bady Bassitt",14.5152929,2018,"Longevidade",15.4,"Taxas de mortalidade  60 a 69 anos (por mil hab.)"
3504602,"Bady Bassitt",14.16430595,2020,"Longevidade",15.77,"Taxas de mortalidade  60 a 69 anos (por mil hab.)"
3504602,"Bady Bassitt",21.93268187,2022,"Longevidade",18.13,"Taxas de mortalidade  60 a 69 anos (por mil hab.)"
3504602,"Bady Bassitt",11.84867951,2024,"Longevidade",14.49,"Taxas de mortalidade  60 a 69 anos (por mil hab.)"
3504701,"Balbinos",12.62626263,2014,"Longevidade",15.79,"Taxas de mortalidade  60 a 69 anos (por mil hab.)"
3504701,"Balbinos",8.771929825,2016,"Longevidade",15.58,"Taxas de mortalidade  60 a 69 anos (por mil hab.)"
3504701,"Balbinos",6.369426752,2018,"Longevidade",15.4,"Taxas de mortalidade  60 a 69 anos (por mil hab.)"
3504701,"Balbinos",13.80670611,2020,"Longevidade",15.77,"Taxas de mortalidade  60 a 69 anos (por mil hab.)"
3504701,"Balbinos",21.31782946,2022,"Longevidade",18.13,"Taxas de mortalidade  60 a 69 anos (por mil hab.)"
3504701,"Balbinos",10.30927835,2024,"Longevidade",14.49,"Taxas de mortalidade  60 a 69 anos (por mil hab.)"
3504800,"Bálsamo",14.26024955,2014,"Longevidade",15.79,"Taxas de mortalidade  60 a 69 anos (por mil hab.)"
3504800,"Bálsamo",17.2201722,2016,"Longevidade",15.58,"Taxas de mortalidade  60 a 69 anos (por mil hab.)"
3504800,"Bálsamo",17.60704282,2018,"Longevidade",15.4,"Taxas de mortalidade  60 a 69 anos (por mil hab.)"
3504800,"Bálsamo",17.88432268,2020,"Longevidade",15.77,"Taxas de mortalidade  60 a 69 anos (por mil hab.)"
3504800,"Bálsamo",22.36652237,2022,"Longevidade",18.13,"Taxas de mortalidade  60 a 69 anos (por mil hab.)"
3504800,"Bálsamo",14.77377655,2024,"Longevidade",14.49,"Taxas de mortalidade  60 a 69 anos (por mil hab.)"
3504909,"Bananal",15.625,2014,"Longevidade",15.79,"Taxas de mortalidade  60 a 69 anos (por mil hab.)"
3504909,"Bananal",14.39645626,2016,"Longevidade",15.58,"Taxas de mortalidade  60 a 69 anos (por mil hab.)"
3504909,"Bananal",17.65765766,2018,"Longevidade",15.4,"Taxas de mortalidade  60 a 69 anos (por mil hab.)"
3504909,"Bananal",21.00550964,2020,"Longevidade",15.77,"Taxas de mortalidade  60 a 69 anos (por mil hab.)"
3504909,"Bananal",17.66437684,2022,"Longevidade",18.13,"Taxas de mortalidade  60 a 69 anos (por mil hab.)"
3504909,"Bananal",12.98701299,2024,"Longevidade",14.49,"Taxas de mortalidade  60 a 69 anos (por mil hab.)"
3505005,"Barão de Antonina",18.4501845,2014,"Longevidade",15.79,"Taxas de mortalidade  60 a 69 anos (por mil hab.)"
3505005,"Barão de Antonina",14.44444444,2016,"Longevidade",15.58,"Taxas de mortalidade  60 a 69 anos (por mil hab.)"
3505005,"Barão de Antonina",16.02564103,2018,"Longevidade",15.4,"Taxas de mortalidade  60 a 69 anos (por mil hab.)"
3505005,"Barão de Antonina",20.77151335,2020,"Longevidade",15.77,"Taxas de mortalidade  60 a 69 anos (por mil hab.)"
3505005,"Barão de Antonina",24.27637722,2022,"Longevidade",18.13,"Taxas de mortalidade  60 a 69 anos (por mil hab.)"
3505005,"Barão de Antonina",18.60465116,2024,"Longevidade",14.49,"Taxas de mortalidade  60 a 69 anos (por mil hab.)"
3505104,"Barbosa",16.99346405,2014,"Longevidade",15.79,"Taxas de mortalidade  60 a 69 anos (por mil hab.)"
3505104,"Barbosa",21.62162162,2016,"Longevidade",15.58,"Taxas de mortalidade  60 a 69 anos (por mil hab.)"
3505104,"Barbosa",25.77621558,2018,"Longevidade",15.4,"Taxas de mortalidade  60 a 69 anos (por mil hab.)"
3505104,"Barbosa",21.2171971,2020,"Longevidade",15.77,"Taxas de mortalidade  60 a 69 anos (por mil hab.)"
3505104,"Barbosa",18.95734597,2022,"Longevidade",18.13,"Taxas de mortalidade  60 a 69 anos (por mil hab.)"
3505104,"Barbosa",23.38227297,2024,"Longevidade",14.49,"Taxas de mortalidade  60 a 69 anos (por mil hab.)"
3505203,"Bariri",17.11051074,2014,"Longevidade",15.79,"Taxas de mortalidade  60 a 69 anos (por mil hab.)"
3505203,"Bariri",13.18860878,2016,"Longevidade",15.58,"Taxas de mortalidade  60 a 69 anos (por mil hab.)"
3505203,"Bariri",14.41441441,2018,"Longevidade",15.4,"Taxas de mortalidade  60 a 69 anos (por mil hab.)"
3505203,"Bariri",15.64304462,2020,"Longevidade",15.77,"Taxas de mortalidade  60 a 69 anos (por mil hab.)"
3505203,"Bariri",18.66666667,2022,"Longevidade",18.13,"Taxas de mortalidade  60 a 69 anos (por mil hab.)"
3505203,"Bariri",16.2152202,2024,"Longevidade",14.49,"Taxas de mortalidade  60 a 69 anos (por mil hab.)"
3505302,"Barra Bonita",16.50051564,2014,"Longevidade",15.79,"Taxas de mortalidade  60 a 69 anos (por mil hab.)"
3505302,"Barra Bonita",16.80149347,2016,"Longevidade",15.58,"Taxas de mortalidade  60 a 69 anos (por mil hab.)"
3505302,"Barra Bonita",14.90596238,2018,"Longevidade",15.4,"Taxas de mortalidade  60 a 69 anos (por mil hab.)"
3505302,"Barra Bonita",12.76675054,2020,"Longevidade",15.77,"Taxas de mortalidade  60 a 69 anos (por mil hab.)"
3505302,"Barra Bonita",16.97127937,2022,"Longevidade",18.13,"Taxas de mortalidade  60 a 69 anos (por mil hab.)"
3505302,"Barra Bonita",15.92254761,2024,"Longevidade",14.49,"Taxas de mortalidade  60 a 69 anos (por mil hab.)"
3505351,"Barra do Chapéu",11.42857143,2014,"Longevidade",15.79,"Taxas de mortalidade  60 a 69 anos (por mil hab.)"
3505351,"Barra do Chapéu",14.07211961,2016,"Longevidade",15.58,"Taxas de mortalidade  60 a 69 anos (por mil hab.)"
3505351,"Barra do Chapéu",11.9047619,2018,"Longevidade",15.4,"Taxas de mortalidade  60 a 69 anos (por mil hab.)"
3505351,"Barra do Chapéu",15.00789889,2020,"Longevidade",15.77,"Taxas de mortalidade  60 a 69 anos (por mil hab.)"
3505351,"Barra do Chapéu",21.52932442,2022,"Longevidade",18.13,"Taxas de mortalidade  60 a 69 anos (por mil hab.)"
3505351,"Barra do Chapéu",20.69950036,2024,"Longevidade",14.49,"Taxas de mortalidade  60 a 69 anos (por mil hab.)"
3505401,"Barra do Turvo",12.98701299,2014,"Longevidade",15.79,"Taxas de mortalidade  60 a 69 anos (por mil hab.)"
3505401,"Barra do Turvo",6.824146982,2016,"Longevidade",15.58,"Taxas de mortalidade  60 a 69 anos (por mil hab.)"
3505401,"Barra do Turvo",8.812856402,2018,"Longevidade",15.4,"Taxas de mortalidade  60 a 69 anos (por mil hab.)"
3505401,"Barra do Turvo",15.65656566,2020,"Longevidade",15.77,"Taxas de mortalidade  60 a 69 anos (por mil hab.)"
3505401,"Barra do Turvo",16.36904762,2022,"Longevidade",18.13,"Taxas de mortalidade  60 a 69 anos (por mil hab.)"
3505401,"Barra do Turvo",11.93520887,2024,"Longevidade",14.49,"Taxas de mortalidade  60 a 69 anos (por mil hab.)"
3505500,"Barretos",19.50432615,2014,"Longevidade",15.79,"Taxas de mortalidade  60 a 69 anos (por mil hab.)"
3505500,"Barretos",19.1490074,2016,"Longevidade",15.58,"Taxas de mortalidade  60 a 69 anos (por mil hab.)"
3505500,"Barretos",18.61581371,2018,"Longevidade",15.4,"Taxas de mortalidade  60 a 69 anos (por mil hab.)"
3505500,"Barretos",18.86217509,2020,"Longevidade",15.77,"Taxas de mortalidade  60 a 69 anos (por mil hab.)"
3505500,"Barretos",21.3700991,2022,"Longevidade",18.13,"Taxas de mortalidade  60 a 69 anos (por mil hab.)"
3505500,"Barretos",16.55717567,2024,"Longevidade",14.49,"Taxas de mortalidade  60 a 69 anos (por mil hab.)"
3505609,"Barrinha",17.9414542,2014,"Longevidade",15.79,"Taxas de mortalidade  60 a 69 anos (por mil hab.)"
3505609,"Barrinha",19.34703748,2016,"Longevidade",15.58,"Taxas de mortalidade  60 a 69 anos (por mil hab.)"
3505609,"Barrinha",18.66666667,2018,"Longevidade",15.4,"Taxas de mortalidade  60 a 69 anos (por mil hab.)"
3505609,"Barrinha",18.53741497,2020,"Longevidade",15.77,"Taxas de mortalidade  60 a 69 anos (por mil hab.)"
3505609,"Barrinha",17.97235023,2022,"Longevidade",18.13,"Taxas de mortalidade  60 a 69 anos (por mil hab.)"
3505609,"Barrinha",14.01440733,2024,"Longevidade",14.49,"Taxas de mortalidade  60 a 69 anos (por mil hab.)"
3505708,"Barueri",24.18185979,2014,"Longevidade",15.79,"Taxas de mortalidade  60 a 69 anos (por mil hab.)"
3505708,"Barueri",23.42009801,2016,"Longevidade",15.58,"Taxas de mortalidade  60 a 69 anos (por mil hab.)"
3505708,"Barueri",23.08575573,2018,"Longevidade",15.4,"Taxas de mortalidade  60 a 69 anos (por mil hab.)"
3505708,"Barueri",24.9226288,2020,"Longevidade",15.77,"Taxas de mortalidade  60 a 69 anos (por mil hab.)"
3505708,"Barueri",27.80967597,2022,"Longevidade",18.13,"Taxas de mortalidade  60 a 69 anos (por mil hab.)"
3505708,"Barueri",19.19894075,2024,"Longevidade",14.49,"Taxas de mortalidade  60 a 69 anos (por mil hab.)"
3505807,"Bastos",14.22505308,2014,"Longevidade",15.79,"Taxas de mortalidade  60 a 69 anos (por mil hab.)"
3505807,"Bastos",14.99423299,2016,"Longevidade",15.58,"Taxas de mortalidade  60 a 69 anos (por mil hab.)"
3505807,"Bastos",16.68520578,2018,"Longevidade",15.4,"Taxas de mortalidade  60 a 69 anos (por mil hab.)"
3505807,"Bastos",16.82275408,2020,"Longevidade",15.77,"Taxas de mortalidade  60 a 69 anos (por mil hab.)"
3505807,"Bastos",16.52089407,2022,"Longevidade",18.13,"Taxas de mortalidade  60 a 69 anos (por mil hab.)"
3505807,"Bastos",12.69572577,2024,"Longevidade",14.49,"Taxas de mortalidade  60 a 69 anos (por mil hab.)"
3505906,"Batatais",16.12556439,2014,"Longevidade",15.79,"Taxas de mortalidade  60 a 69 anos (por mil hab.)"
3505906,"Batatais",14.79928862,2016,"Longevidade",15.58,"Taxas de mortalidade  60 a 69 anos (por mil hab.)"
3505906,"Batatais",14.51672179,2018,"Longevidade",15.4,"Taxas de mortalidade  60 a 69 anos (por mil hab.)"
3505906,"Batatais",13.51582549,2020,"Longevidade",15.77,"Taxas de mortalidade  60 a 69 anos (por mil hab.)"
3505906,"Batatais",16.92813629,2022,"Longevidade",18.13,"Taxas de mortalidade  60 a 69 anos (por mil hab.)"
3505906,"Batatais",15.49202466,2024,"Longevidade",14.49,"Taxas de mortalidade  60 a 69 anos (por mil hab.)"
3506003,"Bauru",15.03694368,2014,"Longevidade",15.79,"Taxas de mortalidade  60 a 69 anos (por mil hab.)"
3506003,"Bauru",15.60012735,2016,"Longevidade",15.58,"Taxas de mortalidade  60 a 69 anos (por mil hab.)"
3506003,"Bauru",15.35581713,2018,"Longevidade",15.4,"Taxas de mortalidade  60 a 69 anos (por mil hab.)"
3506003,"Bauru",15.22653149,2020,"Longevidade",15.77,"Taxas de mortalidade  60 a 69 anos (por mil hab.)"
3506003,"Bauru",17.68312359,2022,"Longevidade",18.13,"Taxas de mortalidade  60 a 69 anos (por mil hab.)"
3506003,"Bauru",14.4761508,2024,"Longevidade",14.49,"Taxas de mortalidade  60 a 69 anos (por mil hab.)"
3506102,"Bebedouro",16.27856835,2014,"Longevidade",15.79,"Taxas de mortalidade  60 a 69 anos (por mil hab.)"
3506102,"Bebedouro",16.82114658,2016,"Longevidade",15.58,"Taxas de mortalidade  60 a 69 anos (por mil hab.)"
3506102,"Bebedouro",16.80472246,2018,"Longevidade",15.4,"Taxas de mortalidade  60 a 69 anos (por mil hab.)"
3506102,"Bebedouro",14.64115692,2020,"Longevidade",15.77,"Taxas de mortalidade  60 a 69 anos (por mil hab.)"
3506102,"Bebedouro",18.32819459,2022,"Longevidade",18.13,"Taxas de mortalidade  60 a 69 anos (por mil hab.)"
3506102,"Bebedouro",15.67666871,2024,"Longevidade",14.49,"Taxas de mortalidade  60 a 69 anos (por mil hab.)"
3506201,"Bento de Abreu",13.74570447,2014,"Longevidade",15.79,"Taxas de mortalidade  60 a 69 anos (por mil hab.)"
3506201,"Bento de Abreu",17.13395639,2016,"Longevidade",15.58,"Taxas de mortalidade  60 a 69 anos (por mil hab.)"
3506201,"Bento de Abreu",12.12121212,2018,"Longevidade",15.4,"Taxas de mortalidade  60 a 69 anos (por mil hab.)"
3506201,"Bento de Abreu",18.36158192,2020,"Longevidade",15.77,"Taxas de mortalidade  60 a 69 anos (por mil hab.)"
3506201,"Bento de Abreu",24,2022,"Longevidade",18.13,"Taxas de mortalidade  60 a 69 anos (por mil hab.)"
3506201,"Bento de Abreu",10.49868766,2024,"Longevidade",14.49,"Taxas de mortalidade  60 a 69 anos (por mil hab.)"
3506300,"Bernardino de Campos",15.51189245,2014,"Longevidade",15.79,"Taxas de mortalidade  60 a 69 anos (por mil hab.)"
3506300,"Bernardino de Campos",17.40558292,2016,"Longevidade",15.58,"Taxas de mortalidade  60 a 69 anos (por mil hab.)"
3506300,"Bernardino de Campos",16.47286822,2018,"Longevidade",15.4,"Taxas de mortalidade  60 a 69 anos (por mil hab.)"
3506300,"Bernardino de Campos",17.79026217,2020,"Longevidade",15.77,"Taxas de mortalidade  60 a 69 anos (por mil hab.)"
3506300,"Bernardino de Campos",23.42342342,2022,"Longevidade",18.13,"Taxas de mortalidade  60 a 69 anos (por mil hab.)"
3506300,"Bernardino de Campos",12.58941345,2024,"Longevidade",14.49,"Taxas de mortalidade  60 a 69 anos (por mil hab.)"
3506359,"Bertioga",17.69155686,2014,"Longevidade",15.79,"Taxas de mortalidade  60 a 69 anos (por mil hab.)"
3506359,"Bertioga",16.2351007,2016,"Longevidade",15.58,"Taxas de mortalidade  60 a 69 anos (por mil hab.)"
3506359,"Bertioga",17.12161237,2018,"Longevidade",15.4,"Taxas de mortalidade  60 a 69 anos (por mil hab.)"
3506359,"Bertioga",22.19854378,2020,"Longevidade",15.77,"Taxas de mortalidade  60 a 69 anos (por mil hab.)"
3506359,"Bertioga",25.42854822,2022,"Longevidade",18.13,"Taxas de mortalidade  60 a 69 anos (por mil hab.)"
3506359,"Bertioga",15.04525565,2024,"Longevidade",14.49,"Taxas de mortalidade  60 a 69 anos (por mil hab.)"
3506409,"Bilac",11.19592875,2014,"Longevidade",15.79,"Taxas de mortalidade  60 a 69 anos (por mil hab.)"
3506409,"Bilac",12.44813278,2016,"Longevidade",15.58,"Taxas de mortalidade  60 a 69 anos (por mil hab.)"
3506409,"Bilac",11.64874552,2018,"Longevidade",15.4,"Taxas de mortalidade  60 a 69 anos (por mil hab.)"
3506409,"Bilac",13.08016878,2020,"Longevidade",15.77,"Taxas de mortalidade  60 a 69 anos (por mil hab.)"
3506409,"Bilac",13.28502415,2022,"Longevidade",18.13,"Taxas de mortalidade  60 a 69 anos (por mil hab.)"
3506409,"Bilac",14.80637813,2024,"Longevidade",14.49,"Taxas de mortalidade  60 a 69 anos (por mil hab.)"
3506508,"Birigui",13.68331792,2014,"Longevidade",15.79,"Taxas de mortalidade  60 a 69 anos (por mil hab.)"
3506508,"Birigui",13.76930436,2016,"Longevidade",15.58,"Taxas de mortalidade  60 a 69 anos (por mil hab.)"
3506508,"Birigui",14.15714098,2018,"Longevidade",15.4,"Taxas de mortalidade  60 a 69 anos (por mil hab.)"
3506508,"Birigui",14.76889416,2020,"Longevidade",15.77,"Taxas de mortalidade  60 a 69 anos (por mil hab.)"
3506508,"Birigui",17.39179696,2022,"Longevidade",18.13,"Taxas de mortalidade  60 a 69 anos (por mil hab.)"
3506508,"Birigui",13.15825025,2024,"Longevidade",14.49,"Taxas de mortalidade  60 a 69 anos (por mil hab.)"
3506607,"Biritiba Mirim",17.1474359,2014,"Longevidade",15.79,"Taxas de mortalidade  60 a 69 anos (por mil hab.)"
3506607,"Biritiba Mirim",18.90725026,2016,"Longevidade",15.58,"Taxas de mortalidade  60 a 69 anos (por mil hab.)"
3506607,"Biritiba Mirim",16.54223393,2018,"Longevidade",15.4,"Taxas de mortalidade  60 a 69 anos (por mil hab.)"
3506607,"Biritiba Mirim",16.93709081,2020,"Longevidade",15.77,"Taxas de mortalidade  60 a 69 anos (por mil hab.)"
3506607,"Biritiba Mirim",23.74169041,2022,"Longevidade",18.13,"Taxas de mortalidade  60 a 69 anos (por mil hab.)"
3506607,"Biritiba Mirim",15.63585823,2024,"Longevidade",14.49,"Taxas de mortalidade  60 a 69 anos (por mil hab.)"
3506706,"Boa Esperança do Sul",21.41327623,2014,"Longevidade",15.79,"Taxas de mortalidade  60 a 69 anos (por mil hab.)"
3506706,"Boa Esperança do Sul",20.27883397,2016,"Longevidade",15.58,"Taxas de mortalidade  60 a 69 anos (por mil hab.)"
3506706,"Boa Esperança do Sul",20.25782689,2018,"Longevidade",15.4,"Taxas de mortalidade  60 a 69 anos (por mil hab.)"
3506706,"Boa Esperança do Sul",16.96865114,2020,"Longevidade",15.77,"Taxas de mortalidade  60 a 69 anos (por mil hab.)"
3506706,"Boa Esperança do Sul",18.68399675,2022,"Longevidade",18.13,"Taxas de mortalidade  60 a 69 anos (por mil hab.)"
3506706,"Boa Esperança do Sul",14.48109413,2024,"Longevidade",14.49,"Taxas de mortalidade  60 a 69 anos (por mil hab.)"
3506805,"Bocaina",18.31044528,2014,"Longevidade",15.79,"Taxas de mortalidade  60 a 69 anos (por mil hab.)"
3506805,"Bocaina",16.83132089,2016,"Longevidade",15.58,"Taxas de mortalidade  60 a 69 anos (por mil hab.)"
3506805,"Bocaina",17.0575693,2018,"Longevidade",15.4,"Taxas de mortalidade  60 a 69 anos (por mil hab.)"
3506805,"Bocaina",16.09657948,2020,"Longevidade",15.77,"Taxas de mortalidade  60 a 69 anos (por mil hab.)"
3506805,"Bocaina",19.57070707,2022,"Longevidade",18.13,"Taxas de mortalidade  60 a 69 anos (por mil hab.)"
3506805,"Bocaina",14.84716157,2024,"Longevidade",14.49,"Taxas de mortalidade  60 a 69 anos (por mil hab.)"
3506904,"Bofete",14.65201465,2014,"Longevidade",15.79,"Taxas de mortalidade  60 a 69 anos (por mil hab.)"
3506904,"Bofete",15.12027491,2016,"Longevidade",15.58,"Taxas de mortalidade  60 a 69 anos (por mil hab.)"
3506904,"Bofete",14.21319797,2018,"Longevidade",15.4,"Taxas de mortalidade  60 a 69 anos (por mil hab.)"
3506904,"Bofete",13.14924392,2020,"Longevidade",15.77,"Taxas de mortalidade  60 a 69 anos (por mil hab.)"
3506904,"Bofete",14.17069243,2022,"Longevidade",18.13,"Taxas de mortalidade  60 a 69 anos (por mil hab.)"
3506904,"Bofete",12.7340824,2024,"Longevidade",14.49,"Taxas de mortalidade  60 a 69 anos (por mil hab.)"
3507001,"Boituva",17.16738197,2014,"Longevidade",15.79,"Taxas de mortalidade  60 a 69 anos (por mil hab.)"
3507001,"Boituva",15.64861741,2016,"Longevidade",15.58,"Taxas de mortalidade  60 a 69 anos (por mil hab.)"
3507001,"Boituva",14.7272883,2018,"Longevidade",15.4,"Taxas de mortalidade  60 a 69 anos (por mil hab.)"
3507001,"Boituva",15.07577561,2020,"Longevidade",15.77,"Taxas de mortalidade  60 a 69 anos (por mil hab.)"
3507001,"Boituva",21.72467302,2022,"Longevidade",18.13,"Taxas de mortalidade  60 a 69 anos (por mil hab.)"
3507001,"Boituva",12.84009277,2024,"Longevidade",14.49,"Taxas de mortalidade  60 a 69 anos (por mil hab.)"
3507100,"Bom Jesus dos Perdões",13.87818042,2014,"Longevidade",15.79,"Taxas de mortalidade  60 a 69 anos (por mil hab.)"
3507100,"Bom Jesus dos Perdões",18.7471422,2016,"Longevidade",15.58,"Taxas de mortalidade  60 a 69 anos (por mil hab.)"
3507100,"Bom Jesus dos Perdões",15.89375136,2018,"Longevidade",15.4,"Taxas de mortalidade  60 a 69 anos (por mil hab.)"
3507100,"Bom Jesus dos Perdões",14.22643746,2020,"Longevidade",15.77,"Taxas de mortalidade  60 a 69 anos (por mil hab.)"
3507100,"Bom Jesus dos Perdões",18.2894029,2022,"Longevidade",18.13,"Taxas de mortalidade  60 a 69 anos (por mil hab.)"
3507100,"Bom Jesus dos Perdões",16.1909531,2024,"Longevidade",14.49,"Taxas de mortalidade  60 a 69 anos (por mil hab.)"
3507159,"Bom Sucesso de Itararé",8.865248227,2014,"Longevidade",15.79,"Taxas de mortalidade  60 a 69 anos (por mil hab.)"
3507159,"Bom Sucesso de Itararé",17.54385965,2016,"Longevidade",15.58,"Taxas de mortalidade  60 a 69 anos (por mil hab.)"
3507159,"Bom Sucesso de Itararé",16.97530864,2018,"Longevidade",15.4,"Taxas de mortalidade  60 a 69 anos (por mil hab.)"
3507159,"Bom Sucesso de Itararé",18.75901876,2020,"Longevidade",15.77,"Taxas de mortalidade  60 a 69 anos (por mil hab.)"
3507159,"Bom Sucesso de Itararé",13.5501355,2022,"Longevidade",18.13,"Taxas de mortalidade  60 a 69 anos (por mil hab.)"
3507159,"Bom Sucesso de Itararé",13.58024691,2024,"Longevidade",14.49,"Taxas de mortalidade  60 a 69 anos (por mil hab.)"
3507209,"Borá",18.86792453,2014,"Longevidade",15.79,"Taxas de mortalidade  60 a 69 anos (por mil hab.)"
3507209,"Borá",22.22222222,2016,"Longevidade",15.58,"Taxas de mortalidade  60 a 69 anos (por mil hab.)"
3507209,"Borá",20.83333333,2018,"Longevidade",15.4,"Taxas de mortalidade  60 a 69 anos (por mil hab.)"
3507209,"Borá",18.01801802,2020,"Longevidade",15.77,"Taxas de mortalidade  60 a 69 anos (por mil hab.)"
3507209,"Borá",16.2601626,2022,"Longevidade",18.13,"Taxas de mortalidade  60 a 69 anos (por mil hab.)"
3507209,"Borá",6.060606061,2024,"Longevidade",14.49,"Taxas de mortalidade  60 a 69 anos (por mil hab.)"
3507308,"Boracéia",22.417154,2014,"Longevidade",15.79,"Taxas de mortalidade  60 a 69 anos (por mil hab.)"
3507308,"Boracéia",16.2601626,2016,"Longevidade",15.58,"Taxas de mortalidade  60 a 69 anos (por mil hab.)"
3507308,"Boracéia",16.04278075,2018,"Longevidade",15.4,"Taxas de mortalidade  60 a 69 anos (por mil hab.)"
3507308,"Boracéia",16.49305556,2020,"Longevidade",15.77,"Taxas de mortalidade  60 a 69 anos (por mil hab.)"
3507308,"Boracéia",24.93765586,2022,"Longevidade",18.13,"Taxas de mortalidade  60 a 69 anos (por mil hab.)"
3507308,"Boracéia",17.03703704,2024,"Longevidade",14.49,"Taxas de mortalidade  60 a 69 anos (por mil hab.)"
3507407,"Borborema",16.33986928,2014,"Longevidade",15.79,"Taxas de mortalidade  60 a 69 anos (por mil hab.)"
3507407,"Borborema",17.68607222,2016,"Longevidade",15.58,"Taxas de mortalidade  60 a 69 anos (por mil hab.)"
3507407,"Borborema",15.68068425,2018,"Longevidade",15.4,"Taxas de mortalidade  60 a 69 anos (por mil hab.)"
3507407,"Borborema",15.1717983,2020,"Longevidade",15.77,"Taxas de mortalidade  60 a 69 anos (por mil hab.)"
3507407,"Borborema",17.84214945,2022,"Longevidade",18.13,"Taxas de mortalidade  60 a 69 anos (por mil hab.)"
3507407,"Borborema",13.61686253,2024,"Longevidade",14.49,"Taxas de mortalidade  60 a 69 anos (por mil hab.)"
3507456,"Borebi",15.35087719,2014,"Longevidade",15.79,"Taxas de mortalidade  60 a 69 anos (por mil hab.)"
3507456,"Borebi",22.22222222,2016,"Longevidade",15.58,"Taxas de mortalidade  60 a 69 anos (por mil hab.)"
3507456,"Borebi",23.42342342,2018,"Longevidade",15.4,"Taxas de mortalidade  60 a 69 anos (por mil hab.)"
3507456,"Borebi",26.40264026,2020,"Longevidade",15.77,"Taxas de mortalidade  60 a 69 anos (por mil hab.)"
3507456,"Borebi",30.86419753,2022,"Longevidade",18.13,"Taxas de mortalidade  60 a 69 anos (por mil hab.)"
3507456,"Borebi",20.75226978,2024,"Longevidade",14.49,"Taxas de mortalidade  60 a 69 anos (por mil hab.)"
3507506,"Botucatu",14.69717893,2014,"Longevidade",15.79,"Taxas de mortalidade  60 a 69 anos (por mil hab.)"
3507506,"Botucatu",16.04106513,2016,"Longevidade",15.58,"Taxas de mortalidade  60 a 69 anos (por mil hab.)"
3507506,"Botucatu",15.71344091,2018,"Longevidade",15.4,"Taxas de mortalidade  60 a 69 anos (por mil hab.)"
3507506,"Botucatu",15.32597266,2020,"Longevidade",15.77,"Taxas de mortalidade  60 a 69 anos (por mil hab.)"
3507506,"Botucatu",16.80693131,2022,"Longevidade",18.13,"Taxas de mortalidade  60 a 69 anos (por mil hab.)"
3507506,"Botucatu",13.51656287,2024,"Longevidade",14.49,"Taxas de mortalidade  60 a 69 anos (por mil hab.)"
3507605,"Bragança Paulista",17.97499132,2014,"Longevidade",15.79,"Taxas de mortalidade  60 a 69 anos (por mil hab.)"
3507605,"Bragança Paulista",16.07300254,2016,"Longevidade",15.58,"Taxas de mortalidade  60 a 69 anos (por mil hab.)"
3507605,"Bragança Paulista",16.18439183,2018,"Longevidade",15.4,"Taxas de mortalidade  60 a 69 anos (por mil hab.)"
3507605,"Bragança Paulista",17.47113516,2020,"Longevidade",15.77,"Taxas de mortalidade  60 a 69 anos (por mil hab.)"
3507605,"Bragança Paulista",20.46976908,2022,"Longevidade",18.13,"Taxas de mortalidade  60 a 69 anos (por mil hab.)"
3507605,"Bragança Paulista",14.5761628,2024,"Longevidade",14.49,"Taxas de mortalidade  60 a 69 anos (por mil hab.)"
3507704,"Braúna",7.974481659,2014,"Longevidade",15.79,"Taxas de mortalidade  60 a 69 anos (por mil hab.)"
3507704,"Braúna",14.71670346,2016,"Longevidade",15.58,"Taxas de mortalidade  60 a 69 anos (por mil hab.)"
3507704,"Braúna",14.15428167,2018,"Longevidade",15.4,"Taxas de mortalidade  60 a 69 anos (por mil hab.)"
3507704,"Braúna",12.49178172,2020,"Longevidade",15.77,"Taxas de mortalidade  60 a 69 anos (por mil hab.)"
3507704,"Braúna",19.35081149,2022,"Longevidade",18.13,"Taxas de mortalidade  60 a 69 anos (por mil hab.)"
3507704,"Braúna",17.24137931,2024,"Longevidade",14.49,"Taxas de mortalidade  60 a 69 anos (por mil hab.)"
3507753,"Brejo Alegre",11.4379085,2014,"Longevidade",15.79,"Taxas de mortalidade  60 a 69 anos (por mil hab.)"
3507753,"Brejo Alegre",12.17656012,2016,"Longevidade",15.58,"Taxas de mortalidade  60 a 69 anos (por mil hab.)"
3507753,"Brejo Alegre",14.81481481,2018,"Longevidade",15.4,"Taxas de mortalidade  60 a 69 anos (por mil hab.)"
3507753,"Brejo Alegre",26.38888889,2020,"Longevidade",15.77,"Taxas de mortalidade  60 a 69 anos (por mil hab.)"
3507753,"Brejo Alegre",25.03293808,2022,"Longevidade",18.13,"Taxas de mortalidade  60 a 69 anos (por mil hab.)"
3507753,"Brejo Alegre",12.14128035,2024,"Longevidade",14.49,"Taxas de mortalidade  60 a 69 anos (por mil hab.)"
3507803,"Brodowski",16.48700063,2014,"Longevidade",15.79,"Taxas de mortalidade  60 a 69 anos (por mil hab.)"
3507803,"Brodowski",14.24821897,2016,"Longevidade",15.58,"Taxas de mortalidade  60 a 69 anos (por mil hab.)"
3507803,"Brodowski",13.85889129,2018,"Longevidade",15.4,"Taxas de mortalidade  60 a 69 anos (por mil hab.)"
3507803,"Brodowski",16.1990648,2020,"Longevidade",15.77,"Taxas de mortalidade  60 a 69 anos (por mil hab.)"
3507803,"Brodowski",19.90049751,2022,"Longevidade",18.13,"Taxas de mortalidade  60 a 69 anos (por mil hab.)"
3507803,"Brodowski",12.84109149,2024,"Longevidade",14.49,"Taxas de mortalidade  60 a 69 anos (por mil hab.)"
3507902,"Brotas",16.57458564,2014,"Longevidade",15.79,"Taxas de mortalidade  60 a 69 anos (por mil hab.)"
3507902,"Brotas",17.62279715,2016,"Longevidade",15.58,"Taxas de mortalidade  60 a 69 anos (por mil hab.)"
3507902,"Brotas",14.12275937,2018,"Longevidade",15.4,"Taxas de mortalidade  60 a 69 anos (por mil hab.)"
3507902,"Brotas",12.33316439,2020,"Longevidade",15.77,"Taxas de mortalidade  60 a 69 anos (por mil hab.)"
3507902,"Brotas",20.90261283,2022,"Longevidade",18.13,"Taxas de mortalidade  60 a 69 anos (por mil hab.)"
3507902,"Brotas",14.21347547,2024,"Longevidade",14.49,"Taxas de mortalidade  60 a 69 anos (por mil hab.)"
3508009,"Buri",17.0212766,2014,"Longevidade",15.79,"Taxas de mortalidade  60 a 69 anos (por mil hab.)"
3508009,"Buri",20.00519615,2016,"Longevidade",15.58,"Taxas de mortalidade  60 a 69 anos (por mil hab.)"
3508009,"Buri",22.64150943,2018,"Longevidade",15.4,"Taxas de mortalidade  60 a 69 anos (por mil hab.)"
3508009,"Buri",21.68788307,2020,"Longevidade",15.77,"Taxas de mortalidade  60 a 69 anos (por mil hab.)"
3508009,"Buri",25.94810379,2022,"Longevidade",18.13,"Taxas de mortalidade  60 a 69 anos (por mil hab.)"
3508009,"Buri",18.735363,2024,"Longevidade",14.49,"Taxas de mortalidade  60 a 69 anos (por mil hab.)"
3508108,"Buritama",17.53104456,2014,"Longevidade",15.79,"Taxas de mortalidade  60 a 69 anos (por mil hab.)"
3508108,"Buritama",20.00909504,2016,"Longevidade",15.58,"Taxas de mortalidade  60 a 69 anos (por mil hab.)"
3508108,"Buritama",21.11111111,2018,"Longevidade",15.4,"Taxas de mortalidade  60 a 69 anos (por mil hab.)"
3508108,"Buritama",21.23142251,2020,"Longevidade",15.77,"Taxas de mortalidade  60 a 69 anos (por mil hab.)"
3508108,"Buritama",20.75775897,2022,"Longevidade",18.13,"Taxas de mortalidade  60 a 69 anos (por mil hab.)"
3508108,"Buritama",14.73462637,2024,"Longevidade",14.49,"Taxas de mortalidade  60 a 69 anos (por mil hab.)"
3508207,"Buritizal",9.963768116,2014,"Longevidade",15.79,"Taxas de mortalidade  60 a 69 anos (por mil hab.)"
3508207,"Buritizal",17.5,2016,"Longevidade",15.58,"Taxas de mortalidade  60 a 69 anos (por mil hab.)"
3508207,"Buritizal",15.56101556,2018,"Longevidade",15.4,"Taxas de mortalidade  60 a 69 anos (por mil hab.)"
3508207,"Buritizal",16.62707838,2020,"Longevidade",15.77,"Taxas de mortalidade  60 a 69 anos (por mil hab.)"
3508207,"Buritizal",20.64220183,2022,"Longevidade",18.13,"Taxas de mortalidade  60 a 69 anos (por mil hab.)"
3508207,"Buritizal",13.19444444,2024,"Longevidade",14.49,"Taxas de mortalidade  60 a 69 anos (por mil hab.)"
3508306,"Cabrália Paulista",20.83333333,2014,"Longevidade",15.79,"Taxas de mortalidade  60 a 69 anos (por mil hab.)"
3508306,"Cabrália Paulista",11.56069364,2016,"Longevidade",15.58,"Taxas de mortalidade  60 a 69 anos (por mil hab.)"
3508306,"Cabrália Paulista",16.94915254,2018,"Longevidade",15.4,"Taxas de mortalidade  60 a 69 anos (por mil hab.)"
3508306,"Cabrália Paulista",20.39007092,2020,"Longevidade",15.77,"Taxas de mortalidade  60 a 69 anos (por mil hab.)"
3508306,"Cabrália Paulista",16.03375527,2022,"Longevidade",18.13,"Taxas de mortalidade  60 a 69 anos (por mil hab.)"
3508306,"Cabrália Paulista",19.70055162,2024,"Longevidade",14.49,"Taxas de mortalidade  60 a 69 anos (por mil hab.)"
3508405,"Cabreúva",16.63846588,2014,"Longevidade",15.79,"Taxas de mortalidade  60 a 69 anos (por mil hab.)"
3508405,"Cabreúva",18.13058924,2016,"Longevidade",15.58,"Taxas de mortalidade  60 a 69 anos (por mil hab.)"
3508405,"Cabreúva",17.98941799,2018,"Longevidade",15.4,"Taxas de mortalidade  60 a 69 anos (por mil hab.)"
3508405,"Cabreúva",18.98871528,2020,"Longevidade",15.77,"Taxas de mortalidade  60 a 69 anos (por mil hab.)"
3508405,"Cabreúva",16.11459266,2022,"Longevidade",18.13,"Taxas de mortalidade  60 a 69 anos (por mil hab.)"
3508405,"Cabreúva",14.43850267,2024,"Longevidade",14.49,"Taxas de mortalidade  60 a 69 anos (por mil hab.)"
3508504,"Caçapava",15.45530493,2014,"Longevidade",15.79,"Taxas de mortalidade  60 a 69 anos (por mil hab.)"
3508504,"Caçapava",14.5815919,2016,"Longevidade",15.58,"Taxas de mortalidade  60 a 69 anos (por mil hab.)"
3508504,"Caçapava",14.56288928,2018,"Longevidade",15.4,"Taxas de mortalidade  60 a 69 anos (por mil hab.)"
3508504,"Caçapava",16.2153126,2020,"Longevidade",15.77,"Taxas de mortalidade  60 a 69 anos (por mil hab.)"
3508504,"Caçapava",21.42436727,2022,"Longevidade",18.13,"Taxas de mortalidade  60 a 69 anos (por mil hab.)"
3508504,"Caçapava",15.07435323,2024,"Longevidade",14.49,"Taxas de mortalidade  60 a 69 anos (por mil hab.)"
3508603,"Cachoeira Paulista",17.46297849,2014,"Longevidade",15.79,"Taxas de mortalidade  60 a 69 anos (por mil hab.)"
3508603,"Cachoeira Paulista",17.35981017,2016,"Longevidade",15.58,"Taxas de mortalidade  60 a 69 anos (por mil hab.)"
3508603,"Cachoeira Paulista",17.96262809,2018,"Longevidade",15.4,"Taxas de mortalidade  60 a 69 anos (por mil hab.)"
3508603,"Cachoeira Paulista",16.63856099,2020,"Longevidade",15.77,"Taxas de mortalidade  60 a 69 anos (por mil hab.)"
3508603,"Cachoeira Paulista",18.19528192,2022,"Longevidade",18.13,"Taxas de mortalidade  60 a 69 anos (por mil hab.)"
3508603,"Cachoeira Paulista",16.03527761,2024,"Longevidade",14.49,"Taxas de mortalidade  60 a 69 anos (por mil hab.)"
3508702,"Caconde",13.38352154,2014,"Longevidade",15.79,"Taxas de mortalidade  60 a 69 anos (por mil hab.)"
3508702,"Caconde",11.84236071,2016,"Longevidade",15.58,"Taxas de mortalidade  60 a 69 anos (por mil hab.)"
3508702,"Caconde",12.58581236,2018,"Longevidade",15.4,"Taxas de mortalidade  60 a 69 anos (por mil hab.)"
3508702,"Caconde",15.33628973,2020,"Longevidade",15.77,"Taxas de mortalidade  60 a 69 anos (por mil hab.)"
3508702,"Caconde",16.33812822,2022,"Longevidade",18.13,"Taxas de mortalidade  60 a 69 anos (por mil hab.)"
3508702,"Caconde",14.01643306,2024,"Longevidade",14.49,"Taxas de mortalidade  60 a 69 anos (por mil hab.)"
3508801,"Cafelândia",16.51112706,2014,"Longevidade",15.79,"Taxas de mortalidade  60 a 69 anos (por mil hab.)"
3508801,"Cafelândia",16.64476566,2016,"Longevidade",15.58,"Taxas de mortalidade  60 a 69 anos (por mil hab.)"
3508801,"Cafelândia",17.24137931,2018,"Longevidade",15.4,"Taxas de mortalidade  60 a 69 anos (por mil hab.)"
3508801,"Cafelândia",19.60784314,2020,"Longevidade",15.77,"Taxas de mortalidade  60 a 69 anos (por mil hab.)"
3508801,"Cafelândia",24.2248062,2022,"Longevidade",18.13,"Taxas de mortalidade  60 a 69 anos (por mil hab.)"
3508801,"Cafelândia",19.33152665,2024,"Longevidade",14.49,"Taxas de mortalidade  60 a 69 anos (por mil hab.)"
3508900,"Caiabu",13.97205589,2014,"Longevidade",15.79,"Taxas de mortalidade  60 a 69 anos (por mil hab.)"
3508900,"Caiabu",16.94915254,2016,"Longevidade",15.58,"Taxas de mortalidade  60 a 69 anos (por mil hab.)"
3508900,"Caiabu",11.87214612,2018,"Longevidade",15.4,"Taxas de mortalidade  60 a 69 anos (por mil hab.)"
3508900,"Caiabu",12.15277778,2020,"Longevidade",15.77,"Taxas de mortalidade  60 a 69 anos (por mil hab.)"
3508900,"Caiabu",20.32520325,2022,"Longevidade",18.13,"Taxas de mortalidade  60 a 69 anos (por mil hab.)"
3508900,"Caiabu",14.70588235,2024,"Longevidade",14.49,"Taxas de mortalidade  60 a 69 anos (por mil hab.)"
3509007,"Caieiras",18.7416332,2014,"Longevidade",15.79,"Taxas de mortalidade  60 a 69 anos (por mil hab.)"
3509007,"Caieiras",17.12401617,2016,"Longevidade",15.58,"Taxas de mortalidade  60 a 69 anos (por mil hab.)"
3509007,"Caieiras",16.69188099,2018,"Longevidade",15.4,"Taxas de mortalidade  60 a 69 anos (por mil hab.)"
3509007,"Caieiras",17.03693608,2020,"Longevidade",15.77,"Taxas de mortalidade  60 a 69 anos (por mil hab.)"
3509007,"Caieiras",19.11352776,2022,"Longevidade",18.13,"Taxas de mortalidade  60 a 69 anos (por mil hab.)"
3509007,"Caieiras",15.26862166,2024,"Longevidade",14.49,"Taxas de mortalidade  60 a 69 anos (por mil hab.)"
3509106,"Caiuá",17.09401709,2014,"Longevidade",15.79,"Taxas de mortalidade  60 a 69 anos (por mil hab.)"
3509106,"Caiuá",16.14035088,2016,"Longevidade",15.58,"Taxas de mortalidade  60 a 69 anos (por mil hab.)"
3509106,"Caiuá",14.28571429,2018,"Longevidade",15.4,"Taxas de mortalidade  60 a 69 anos (por mil hab.)"
3509106,"Caiuá",13.59223301,2020,"Longevidade",15.77,"Taxas de mortalidade  60 a 69 anos (por mil hab.)"
3509106,"Caiuá",13.28502415,2022,"Longevidade",18.13,"Taxas de mortalidade  60 a 69 anos (por mil hab.)"
3509106,"Caiuá",13.96160558,2024,"Longevidade",14.49,"Taxas de mortalidade  60 a 69 anos (por mil hab.)"
3509205,"Cajamar",17.20762494,2014,"Longevidade",15.79,"Taxas de mortalidade  60 a 69 anos (por mil hab.)"
3509205,"Cajamar",20.51150017,2016,"Longevidade",15.58,"Taxas de mortalidade  60 a 69 anos (por mil hab.)"
3509205,"Cajamar",19.8403097,2018,"Longevidade",15.4,"Taxas de mortalidade  60 a 69 anos (por mil hab.)"
3509205,"Cajamar",18.03921569,2020,"Longevidade",15.77,"Taxas de mortalidade  60 a 69 anos (por mil hab.)"
3509205,"Cajamar",24.14718283,2022,"Longevidade",18.13,"Taxas de mortalidade  60 a 69 anos (por mil hab.)"
3509205,"Cajamar",17.47582855,2024,"Longevidade",14.49,"Taxas de mortalidade  60 a 69 anos (por mil hab.)"
3509254,"Cajati",15.69294763,2014,"Longevidade",15.79,"Taxas de mortalidade  60 a 69 anos (por mil hab.)"
3509254,"Cajati",15.23809524,2016,"Longevidade",15.58,"Taxas de mortalidade  60 a 69 anos (por mil hab.)"
3509254,"Cajati",15.92890677,2018,"Longevidade",15.4,"Taxas de mortalidade  60 a 69 anos (por mil hab.)"
3509254,"Cajati",20.12578616,2020,"Longevidade",15.77,"Taxas de mortalidade  60 a 69 anos (por mil hab.)"
3509254,"Cajati",22.23210316,2022,"Longevidade",18.13,"Taxas de mortalidade  60 a 69 anos (por mil hab.)"
3509254,"Cajati",13.32256762,2024,"Longevidade",14.49,"Taxas de mortalidade  60 a 69 anos (por mil hab.)"
3509304,"Cajobi",14.06120761,2014,"Longevidade",15.79,"Taxas de mortalidade  60 a 69 anos (por mil hab.)"
3509304,"Cajobi",12.21840397,2016,"Longevidade",15.58,"Taxas de mortalidade  60 a 69 anos (por mil hab.)"
3509304,"Cajobi",12.26309922,2018,"Longevidade",15.4,"Taxas de mortalidade  60 a 69 anos (por mil hab.)"
3509304,"Cajobi",14.84623542,2020,"Longevidade",15.77,"Taxas de mortalidade  60 a 69 anos (por mil hab.)"
3509304,"Cajobi",17.96407186,2022,"Longevidade",18.13,"Taxas de mortalidade  60 a 69 anos (por mil hab.)"
3509304,"Cajobi",17.15210356,2024,"Longevidade",14.49,"Taxas de mortalidade  60 a 69 anos (por mil hab.)"
3509403,"Cajuru",16.26984127,2014,"Longevidade",15.79,"Taxas de mortalidade  60 a 69 anos (por mil hab.)"
3509403,"Cajuru",16.93693694,2016,"Longevidade",15.58,"Taxas de mortalidade  60 a 69 anos (por mil hab.)"
3509403,"Cajuru",17.89126281,2018,"Longevidade",15.4,"Taxas de mortalidade  60 a 69 anos (por mil hab.)"
3509403,"Cajuru",14.26718547,2020,"Longevidade",15.77,"Taxas de mortalidade  60 a 69 anos (por mil hab.)"
3509403,"Cajuru",18.93939394,2022,"Longevidade",18.13,"Taxas de mortalidade  60 a 69 anos (por mil hab.)"
3509403,"Cajuru",16.34122698,2024,"Longevidade",14.49,"Taxas de mortalidade  60 a 69 anos (por mil hab.)"
3509452,"Campina do Monte Alegre",20.88167053,2014,"Longevidade",15.79,"Taxas de mortalidade  60 a 69 anos (por mil hab.)"
3509452,"Campina do Monte Alegre",21.61785216,2016,"Longevidade",15.58,"Taxas de mortalidade  60 a 69 anos (por mil hab.)"
3509452,"Campina do Monte Alegre",17.90633609,2018,"Longevidade",15.4,"Taxas de mortalidade  60 a 69 anos (por mil hab.)"
3509452,"Campina do Monte Alegre",18.77934272,2020,"Longevidade",15.77,"Taxas de mortalidade  60 a 69 anos (por mil hab.)"
3509452,"Campina do Monte Alegre",26.48578811,2022,"Longevidade",18.13,"Taxas de mortalidade  60 a 69 anos (por mil hab.)"
3509452,"Campina do Monte Alegre",18.54714065,2024,"Longevidade",14.49,"Taxas de mortalidade  60 a 69 anos (por mil hab.)"
3509502,"Campinas",13.23723666,2014,"Longevidade",15.79,"Taxas de mortalidade  60 a 69 anos (por mil hab.)"
3509502,"Campinas",12.42744796,2016,"Longevidade",15.58,"Taxas de mortalidade  60 a 69 anos (por mil hab.)"
3509502,"Campinas",12.58896029,2018,"Longevidade",15.4,"Taxas de mortalidade  60 a 69 anos (por mil hab.)"
3509502,"Campinas",13.12145589,2020,"Longevidade",15.77,"Taxas de mortalidade  60 a 69 anos (por mil hab.)"
3509502,"Campinas",15.56666194,2022,"Longevidade",18.13,"Taxas de mortalidade  60 a 69 anos (por mil hab.)"
3509502,"Campinas",12.83493877,2024,"Longevidade",14.49,"Taxas de mortalidade  60 a 69 anos (por mil hab.)"
3509601,"Campo Limpo Paulista",16.95142379,2014,"Longevidade",15.79,"Taxas de mortalidade  60 a 69 anos (por mil hab.)"
3509601,"Campo Limpo Paulista",17.96610169,2016,"Longevidade",15.58,"Taxas de mortalidade  60 a 69 anos (por mil hab.)"
3509601,"Campo Limpo Paulista",16.76911463,2018,"Longevidade",15.4,"Taxas de mortalidade  60 a 69 anos (por mil hab.)"
3509601,"Campo Limpo Paulista",16.56833825,2020,"Longevidade",15.77,"Taxas de mortalidade  60 a 69 anos (por mil hab.)"
3509601,"Campo Limpo Paulista",20.01823985,2022,"Longevidade",18.13,"Taxas de mortalidade  60 a 69 anos (por mil hab.)"
3509601,"Campo Limpo Paulista",16.79336855,2024,"Longevidade",14.49,"Taxas de mortalidade  60 a 69 anos (por mil hab.)"
3509700,"Campos do Jordão",19.66163695,2014,"Longevidade",15.79,"Taxas de mortalidade  60 a 69 anos (por mil hab.)"
3509700,"Campos do Jordão",22.99534146,2016,"Longevidade",15.58,"Taxas de mortalidade  60 a 69 anos (por mil hab.)"
3509700,"Campos do Jordão",21.40151515,2018,"Longevidade",15.4,"Taxas de mortalidade  60 a 69 anos (por mil hab.)"
3509700,"Campos do Jordão",20.60606061,2020,"Longevidade",15.77,"Taxas de mortalidade  60 a 69 anos (por mil hab.)"
3509700,"Campos do Jordão",22.28078582,2022,"Longevidade",18.13,"Taxas de mortalidade  60 a 69 anos (por mil hab.)"
3509700,"Campos do Jordão",19.39878572,2024,"Longevidade",14.49,"Taxas de mortalidade  60 a 69 anos (por mil hab.)"
3509809,"Campos Novos Paulista",12.75510204,2014,"Longevidade",15.79,"Taxas de mortalidade  60 a 69 anos (por mil hab.)"
3509809,"Campos Novos Paulista",21.13821138,2016,"Longevidade",15.58,"Taxas de mortalidade  60 a 69 anos (por mil hab.)"
3509809,"Campos Novos Paulista",16.99029126,2018,"Longevidade",15.4,"Taxas de mortalidade  60 a 69 anos (por mil hab.)"
3509809,"Campos Novos Paulista",16.70644391,2020,"Longevidade",15.77,"Taxas de mortalidade  60 a 69 anos (por mil hab.)"
3509809,"Campos Novos Paulista",25.40415704,2022,"Longevidade",18.13,"Taxas de mortalidade  60 a 69 anos (por mil hab.)"
3509809,"Campos Novos Paulista",22.04408818,2024,"Longevidade",14.49,"Taxas de mortalidade  60 a 69 anos (por mil hab.)"
3509908,"Cananéia",20.47413793,2014,"Longevidade",15.79,"Taxas de mortalidade  60 a 69 anos (por mil hab.)"
3509908,"Cananéia",19.90049751,2016,"Longevidade",15.58,"Taxas de mortalidade  60 a 69 anos (por mil hab.)"
3509908,"Cananéia",20.23121387,2018,"Longevidade",15.4,"Taxas de mortalidade  60 a 69 anos (por mil hab.)"
3509908,"Cananéia",23.83134739,2020,"Longevidade",15.77,"Taxas de mortalidade  60 a 69 anos (por mil hab.)"
3509908,"Cananéia",22.59389671,2022,"Longevidade",18.13,"Taxas de mortalidade  60 a 69 anos (por mil hab.)"
3509908,"Cananéia",14.32880845,2024,"Longevidade",14.49,"Taxas de mortalidade  60 a 69 anos (por mil hab.)"
3509957,"Canas",27.8833967,2014,"Longevidade",15.79,"Taxas de mortalidade  60 a 69 anos (por mil hab.)"
3509957,"Canas",22.87581699,2016,"Longevidade",15.58,"Taxas de mortalidade  60 a 69 anos (por mil hab.)"
3509957,"Canas",17.65316719,2018,"Longevidade",15.4,"Taxas de mortalidade  60 a 69 anos (por mil hab.)"
3509957,"Canas",19.7740113,2020,"Longevidade",15.77,"Taxas de mortalidade  60 a 69 anos (por mil hab.)"
3509957,"Canas",27.49140893,2022,"Longevidade",18.13,"Taxas de mortalidade  60 a 69 anos (por mil hab.)"
3509957,"Canas",22.69503546,2024,"Longevidade",14.49,"Taxas de mortalidade  60 a 69 anos (por mil hab.)"
3510005,"Cândido Mota",16.95835029,2014,"Longevidade",15.79,"Taxas de mortalidade  60 a 69 anos (por mil hab.)"
3510005,"Cândido Mota",18.78630577,2016,"Longevidade",15.58,"Taxas de mortalidade  60 a 69 anos (por mil hab.)"
3510005,"Cândido Mota",19.03735632,2018,"Longevidade",15.4,"Taxas de mortalidade  60 a 69 anos (por mil hab.)"
3510005,"Cândido Mota",15.96941071,2020,"Longevidade",15.77,"Taxas de mortalidade  60 a 69 anos (por mil hab.)"
3510005,"Cândido Mota",21.88230295,2022,"Longevidade",18.13,"Taxas de mortalidade  60 a 69 anos (por mil hab.)"
3510005,"Cândido Mota",15.06316812,2024,"Longevidade",14.49,"Taxas de mortalidade  60 a 69 anos (por mil hab.)"
3510104,"Cândido Rodrigues",14.7601476,2014,"Longevidade",15.79,"Taxas de mortalidade  60 a 69 anos (por mil hab.)"
3510104,"Cândido Rodrigues",14.65201465,2016,"Longevidade",15.58,"Taxas de mortalidade  60 a 69 anos (por mil hab.)"
3510104,"Cândido Rodrigues",14.49275362,2018,"Longevidade",15.4,"Taxas de mortalidade  60 a 69 anos (por mil hab.)"
3510104,"Cândido Rodrigues",18.84570082,2020,"Longevidade",15.77,"Taxas de mortalidade  60 a 69 anos (por mil hab.)"
3510104,"Cândido Rodrigues",18.76379691,2022,"Longevidade",18.13,"Taxas de mortalidade  60 a 69 anos (por mil hab.)"
3510104,"Cândido Rodrigues",12.75045537,2024,"Longevidade",14.49,"Taxas de mortalidade  60 a 69 anos (por mil hab.)"
3510153,"Canitar",14.86988848,2014,"Longevidade",15.79,"Taxas de mortalidade  60 a 69 anos (por mil hab.)"
3510153,"Canitar",25.72706935,2016,"Longevidade",15.58,"Taxas de mortalidade  60 a 69 anos (por mil hab.)"
3510153,"Canitar",26.40264026,2018,"Longevidade",15.4,"Taxas de mortalidade  60 a 69 anos (por mil hab.)"
3510153,"Canitar",25.3968254,2020,"Longevidade",15.77,"Taxas de mortalidade  60 a 69 anos (por mil hab.)"
3510153,"Canitar",38.15261044,2022,"Longevidade",18.13,"Taxas de mortalidade  60 a 69 anos (por mil hab.)"
3510153,"Canitar",24.6618934,2024,"Longevidade",14.49,"Taxas de mortalidade  60 a 69 anos (por mil hab.)"
3510203,"Capão Bonito",22.95711974,2014,"Longevidade",15.79,"Taxas de mortalidade  60 a 69 anos (por mil hab.)"
3510203,"Capão Bonito",16.63830592,2016,"Longevidade",15.58,"Taxas de mortalidade  60 a 69 anos (por mil hab.)"
3510203,"Capão Bonito",17.31481481,2018,"Longevidade",15.4,"Taxas de mortalidade  60 a 69 anos (por mil hab.)"
3510203,"Capão Bonito",18.89805696,2020,"Longevidade",15.77,"Taxas de mortalidade  60 a 69 anos (por mil hab.)"
3510203,"Capão Bonito",23.69426752,2022,"Longevidade",18.13,"Taxas de mortalidade  60 a 69 anos (por mil hab.)"
3510203,"Capão Bonito",17.85575049,2024,"Longevidade",14.49,"Taxas de mortalidade  60 a 69 anos (por mil hab.)"
3510302,"Capela do Alto",13.88888889,2014,"Longevidade",15.79,"Taxas de mortalidade  60 a 69 anos (por mil hab.)"
3510302,"Capela do Alto",19.82651797,2016,"Longevidade",15.58,"Taxas de mortalidade  60 a 69 anos (por mil hab.)"
3510302,"Capela do Alto",15.44774318,2018,"Longevidade",15.4,"Taxas de mortalidade  60 a 69 anos (por mil hab.)"
3510302,"Capela do Alto",20.22988506,2020,"Longevidade",15.77,"Taxas de mortalidade  60 a 69 anos (por mil hab.)"
3510302,"Capela do Alto",24.92414391,2022,"Longevidade",18.13,"Taxas de mortalidade  60 a 69 anos (por mil hab.)"
3510302,"Capela do Alto",17.39701297,2024,"Longevidade",14.49,"Taxas de mortalidade  60 a 69 anos (por mil hab.)"
3510401,"Capivari",14.29764141,2014,"Longevidade",15.79,"Taxas de mortalidade  60 a 69 anos (por mil hab.)"
3510401,"Capivari",14.49671772,2016,"Longevidade",15.58,"Taxas de mortalidade  60 a 69 anos (por mil hab.)"
3510401,"Capivari",14.30690046,2018,"Longevidade",15.4,"Taxas de mortalidade  60 a 69 anos (por mil hab.)"
3510401,"Capivari",14.14189837,2020,"Longevidade",15.77,"Taxas de mortalidade  60 a 69 anos (por mil hab.)"
3510401,"Capivari",18.21008217,2022,"Longevidade",18.13,"Taxas de mortalidade  60 a 69 anos (por mil hab.)"
3510401,"Capivari",15.52152318,2024,"Longevidade",14.49,"Taxas de mortalidade  60 a 69 anos (por mil hab.)"
3510500,"Caraguatatuba",16.7431694,2014,"Longevidade",15.79,"Taxas de mortalidade  60 a 69 anos (por mil hab.)"
3510500,"Caraguatatuba",19.2772965,2016,"Longevidade",15.58,"Taxas de mortalidade  60 a 69 anos (por mil hab.)"
3510500,"Caraguatatuba",18.14806395,2018,"Longevidade",15.4,"Taxas de mortalidade  60 a 69 anos (por mil hab.)"
3510500,"Caraguatatuba",20.79091201,2020,"Longevidade",15.77,"Taxas de mortalidade  60 a 69 anos (por mil hab.)"
3510500,"Caraguatatuba",24.06025287,2022,"Longevidade",18.13,"Taxas de mortalidade  60 a 69 anos (por mil hab.)"
3510500,"Caraguatatuba",14.54509717,2024,"Longevidade",14.49,"Taxas de mortalidade  60 a 69 anos (por mil hab.)"
3510609,"Carapicuíba",15.54419115,2014,"Longevidade",15.79,"Taxas de mortalidade  60 a 69 anos (por mil hab.)"
3510609,"Carapicuíba",15.23515125,2016,"Longevidade",15.58,"Taxas de mortalidade  60 a 69 anos (por mil hab.)"
3510609,"Carapicuíba",15.19005228,2018,"Longevidade",15.4,"Taxas de mortalidade  60 a 69 anos (por mil hab.)"
3510609,"Carapicuíba",16.2750019,2020,"Longevidade",15.77,"Taxas de mortalidade  60 a 69 anos (por mil hab.)"
3510609,"Carapicuíba",17.40298599,2022,"Longevidade",18.13,"Taxas de mortalidade  60 a 69 anos (por mil hab.)"
3510609,"Carapicuíba",13.21357893,2024,"Longevidade",14.49,"Taxas de mortalidade  60 a 69 anos (por mil hab.)"
3510708,"Cardoso",17.75486827,2014,"Longevidade",15.79,"Taxas de mortalidade  60 a 69 anos (por mil hab.)"
3510708,"Cardoso",20.11963023,2016,"Longevidade",15.58,"Taxas de mortalidade  60 a 69 anos (por mil hab.)"
3510708,"Cardoso",17.02580474,2018,"Longevidade",15.4,"Taxas de mortalidade  60 a 69 anos (por mil hab.)"
3510708,"Cardoso",16.80672269,2020,"Longevidade",15.77,"Taxas de mortalidade  60 a 69 anos (por mil hab.)"
3510708,"Cardoso",21.1874846,2022,"Longevidade",18.13,"Taxas de mortalidade  60 a 69 anos (por mil hab.)"
3510708,"Cardoso",15.8008658,2024,"Longevidade",14.49,"Taxas de mortalidade  60 a 69 anos (por mil hab.)"
3510807,"Casa Branca",18.66433362,2014,"Longevidade",15.79,"Taxas de mortalidade  60 a 69 anos (por mil hab.)"
3510807,"Casa Branca",18.68787276,2016,"Longevidade",15.58,"Taxas de mortalidade  60 a 69 anos (por mil hab.)"
3510807,"Casa Branca",17.15022566,2018,"Longevidade",15.4,"Taxas de mortalidade  60 a 69 anos (por mil hab.)"
3510807,"Casa Branca",17.92245794,2020,"Longevidade",15.77,"Taxas de mortalidade  60 a 69 anos (por mil hab.)"
3510807,"Casa Branca",23.90113093,2022,"Longevidade",18.13,"Taxas de mortalidade  60 a 69 anos (por mil hab.)"
3510807,"Casa Branca",19.38753029,2024,"Longevidade",14.49,"Taxas de mortalidade  60 a 69 anos (por mil hab.)"
3510906,"Cássia dos Coqueiros",12.17656012,2014,"Longevidade",15.79,"Taxas de mortalidade  60 a 69 anos (por mil hab.)"
3510906,"Cássia dos Coqueiros",10.70950469,2016,"Longevidade",15.58,"Taxas de mortalidade  60 a 69 anos (por mil hab.)"
3510906,"Cássia dos Coqueiros",10.49868766,2018,"Longevidade",15.4,"Taxas de mortalidade  60 a 69 anos (por mil hab.)"
3510906,"Cássia dos Coqueiros",17.34820322,2020,"Longevidade",15.77,"Taxas de mortalidade  60 a 69 anos (por mil hab.)"
3510906,"Cássia dos Coqueiros",9.389671362,2022,"Longevidade",18.13,"Taxas de mortalidade  60 a 69 anos (por mil hab.)"
3510906,"Cássia dos Coqueiros",15.15151515,2024,"Longevidade",14.49,"Taxas de mortalidade  60 a 69 anos (por mil hab.)"
3511003,"Castilho",15.70801571,2014,"Longevidade",15.79,"Taxas de mortalidade  60 a 69 anos (por mil hab.)"
3511003,"Castilho",14.49275362,2016,"Longevidade",15.58,"Taxas de mortalidade  60 a 69 anos (por mil hab.)"
3511003,"Castilho",17.58593125,2018,"Longevidade",15.4,"Taxas de mortalidade  60 a 69 anos (por mil hab.)"
3511003,"Castilho",18.51851852,2020,"Longevidade",15.77,"Taxas de mortalidade  60 a 69 anos (por mil hab.)"
3511003,"Castilho",22.55109232,2022,"Longevidade",18.13,"Taxas de mortalidade  60 a 69 anos (por mil hab.)"
3511003,"Castilho",15.82372079,2024,"Longevidade",14.49,"Taxas de mortalidade  60 a 69 anos (por mil hab.)"
3511102,"Catanduva",16.93099755,2014,"Longevidade",15.79,"Taxas de mortalidade  60 a 69 anos (por mil hab.)"
3511102,"Catanduva",16.62915729,2016,"Longevidade",15.58,"Taxas de mortalidade  60 a 69 anos (por mil hab.)"
3511102,"Catanduva",15.78213983,2018,"Longevidade",15.4,"Taxas de mortalidade  60 a 69 anos (por mil hab.)"
3511102,"Catanduva",16.83041435,2020,"Longevidade",15.77,"Taxas de mortalidade  60 a 69 anos (por mil hab.)"
3511102,"Catanduva",17.90778705,2022,"Longevidade",18.13,"Taxas de mortalidade  60 a 69 anos (por mil hab.)"
3511102,"Catanduva",15.33798437,2024,"Longevidade",14.49,"Taxas de mortalidade  60 a 69 anos (por mil hab.)"
3511201,"Catiguá",13.73283396,2014,"Longevidade",15.79,"Taxas de mortalidade  60 a 69 anos (por mil hab.)"
3511201,"Catiguá",16.82953312,2016,"Longevidade",15.58,"Taxas de mortalidade  60 a 69 anos (por mil hab.)"
3511201,"Catiguá",12.61829653,2018,"Longevidade",15.4,"Taxas de mortalidade  60 a 69 anos (por mil hab.)"
3511201,"Catiguá",13.23529412,2020,"Longevidade",15.77,"Taxas de mortalidade  60 a 69 anos (por mil hab.)"
3511201,"Catiguá",23.28767123,2022,"Longevidade",18.13,"Taxas de mortalidade  60 a 69 anos (por mil hab.)"
3511201,"Catiguá",23.16076294,2024,"Longevidade",14.49,"Taxas de mortalidade  60 a 69 anos (por mil hab.)"
3511300,"Cedral",14.15525114,2014,"Longevidade",15.79,"Taxas de mortalidade  60 a 69 anos (por mil hab.)"
3511300,"Cedral",14.1025641,2016,"Longevidade",15.58,"Taxas de mortalidade  60 a 69 anos (por mil hab.)"
3511300,"Cedral",15.85314977,2018,"Longevidade",15.4,"Taxas de mortalidade  60 a 69 anos (por mil hab.)"
3511300,"Cedral",14.26872771,2020,"Longevidade",15.77,"Taxas de mortalidade  60 a 69 anos (por mil hab.)"
3511300,"Cedral",18.87504719,2022,"Longevidade",18.13,"Taxas de mortalidade  60 a 69 anos (por mil hab.)"
3511300,"Cedral",16.18655693,2024,"Longevidade",14.49,"Taxas de mortalidade  60 a 69 anos (por mil hab.)"
3511409,"Cerqueira César",19.92619926,2014,"Longevidade",15.79,"Taxas de mortalidade  60 a 69 anos (por mil hab.)"
3511409,"Cerqueira César",17.46138348,2016,"Longevidade",15.58,"Taxas de mortalidade  60 a 69 anos (por mil hab.)"
3511409,"Cerqueira César",17.39508589,2018,"Longevidade",15.4,"Taxas de mortalidade  60 a 69 anos (por mil hab.)"
3511409,"Cerqueira César",17.02564103,2020,"Longevidade",15.77,"Taxas de mortalidade  60 a 69 anos (por mil hab.)"
3511409,"Cerqueira César",24.28127428,2022,"Longevidade",18.13,"Taxas de mortalidade  60 a 69 anos (por mil hab.)"
3511409,"Cerqueira César",17.61316872,2024,"Longevidade",14.49,"Taxas de mortalidade  60 a 69 anos (por mil hab.)"
3511508,"Cerquilho",14.23926449,2014,"Longevidade",15.79,"Taxas de mortalidade  60 a 69 anos (por mil hab.)"
3511508,"Cerquilho",13.09833381,2016,"Longevidade",15.58,"Taxas de mortalidade  60 a 69 anos (por mil hab.)"
3511508,"Cerquilho",13.46987729,2018,"Longevidade",15.4,"Taxas de mortalidade  60 a 69 anos (por mil hab.)"
3511508,"Cerquilho",11.94409149,2020,"Longevidade",15.77,"Taxas de mortalidade  60 a 69 anos (por mil hab.)"
3511508,"Cerquilho",15.92180973,2022,"Longevidade",18.13,"Taxas de mortalidade  60 a 69 anos (por mil hab.)"
3511508,"Cerquilho",15.35087719,2024,"Longevidade",14.49,"Taxas de mortalidade  60 a 69 anos (por mil hab.)"
3511607,"Cesário Lange",17.67676768,2014,"Longevidade",15.79,"Taxas de mortalidade  60 a 69 anos (por mil hab.)"
3511607,"Cesário Lange",16.44479248,2016,"Longevidade",15.58,"Taxas de mortalidade  60 a 69 anos (por mil hab.)"
3511607,"Cesário Lange",15.16319712,2018,"Longevidade",15.4,"Taxas de mortalidade  60 a 69 anos (por mil hab.)"
3511607,"Cesário Lange",21.25531383,2020,"Longevidade",15.77,"Taxas de mortalidade  60 a 69 anos (por mil hab.)"
3511607,"Cesário Lange",22.59072338,2022,"Longevidade",18.13,"Taxas de mortalidade  60 a 69 anos (por mil hab.)"
3511607,"Cesário Lange",15.19522985,2024,"Longevidade",14.49,"Taxas de mortalidade  60 a 69 anos (por mil hab.)"
3511706,"Charqueada",13.39563863,2014,"Longevidade",15.79,"Taxas de mortalidade  60 a 69 anos (por mil hab.)"
3511706,"Charqueada",17.67676768,2016,"Longevidade",15.58,"Taxas de mortalidade  60 a 69 anos (por mil hab.)"
3511706,"Charqueada",14.91727692,2018,"Longevidade",15.4,"Taxas de mortalidade  60 a 69 anos (por mil hab.)"
3511706,"Charqueada",14.71334348,2020,"Longevidade",15.77,"Taxas de mortalidade  60 a 69 anos (por mil hab.)"
3511706,"Charqueada",19.29949964,2022,"Longevidade",18.13,"Taxas de mortalidade  60 a 69 anos (por mil hab.)"
3511706,"Charqueada",14.23027167,2024,"Longevidade",14.49,"Taxas de mortalidade  60 a 69 anos (por mil hab.)"
3511904,"Clementina",9.009009009,2014,"Longevidade",15.79,"Taxas de mortalidade  60 a 69 anos (por mil hab.)"
3511904,"Clementina",16.82847896,2016,"Longevidade",15.58,"Taxas de mortalidade  60 a 69 anos (por mil hab.)"
3511904,"Clementina",16.72862454,2018,"Longevidade",15.4,"Taxas de mortalidade  60 a 69 anos (por mil hab.)"
3511904,"Clementina",16.52421652,2020,"Longevidade",15.77,"Taxas de mortalidade  60 a 69 anos (por mil hab.)"
3511904,"Clementina",16.8509742,2022,"Longevidade",18.13,"Taxas de mortalidade  60 a 69 anos (por mil hab.)"
3511904,"Clementina",14.6780303,2024,"Longevidade",14.49,"Taxas de mortalidade  60 a 69 anos (por mil hab.)"
3512001,"Colina",15.94309541,2014,"Longevidade",15.79,"Taxas de mortalidade  60 a 69 anos (por mil hab.)"
3512001,"Colina",16.66666667,2016,"Longevidade",15.58,"Taxas de mortalidade  60 a 69 anos (por mil hab.)"
3512001,"Colina",18.15398075,2018,"Longevidade",15.4,"Taxas de mortalidade  60 a 69 anos (por mil hab.)"
3512001,"Colina",17.58741982,2020,"Longevidade",15.77,"Taxas de mortalidade  60 a 69 anos (por mil hab.)"
3512001,"Colina",18.07580175,2022,"Longevidade",18.13,"Taxas de mortalidade  60 a 69 anos (por mil hab.)"
3512001,"Colina",16.26452189,2024,"Longevidade",14.49,"Taxas de mortalidade  60 a 69 anos (por mil hab.)"
3512100,"Colômbia",23.43159486,2014,"Longevidade",15.79,"Taxas de mortalidade  60 a 69 anos (por mil hab.)"
3512100,"Colômbia",24.76999292,2016,"Longevidade",15.58,"Taxas de mortalidade  60 a 69 anos (por mil hab.)"
3512100,"Colômbia",22.77432712,2018,"Longevidade",15.4,"Taxas de mortalidade  60 a 69 anos (por mil hab.)"
3512100,"Colômbia",23.10231023,2020,"Longevidade",15.77,"Taxas de mortalidade  60 a 69 anos (por mil hab.)"
3512100,"Colômbia",23.72034956,2022,"Longevidade",18.13,"Taxas de mortalidade  60 a 69 anos (por mil hab.)"
3512100,"Colômbia",14.4278607,2024,"Longevidade",14.49,"Taxas de mortalidade  60 a 69 anos (por mil hab.)"
3512209,"Conchal",15.32801962,2014,"Longevidade",15.79,"Taxas de mortalidade  60 a 69 anos (por mil hab.)"
3512209,"Conchal",20.22430594,2016,"Longevidade",15.58,"Taxas de mortalidade  60 a 69 anos (por mil hab.)"
3512209,"Conchal",19.83705278,2018,"Longevidade",15.4,"Taxas de mortalidade  60 a 69 anos (por mil hab.)"
3512209,"Conchal",19.14191419,2020,"Longevidade",15.77,"Taxas de mortalidade  60 a 69 anos (por mil hab.)"
3512209,"Conchal",22.33518176,2022,"Longevidade",18.13,"Taxas de mortalidade  60 a 69 anos (por mil hab.)"
3512209,"Conchal",18.9345768,2024,"Longevidade",14.49,"Taxas de mortalidade  60 a 69 anos (por mil hab.)"
3512308,"Conchas",18.00450113,2014,"Longevidade",15.79,"Taxas de mortalidade  60 a 69 anos (por mil hab.)"
3512308,"Conchas",21.07945332,2016,"Longevidade",15.58,"Taxas de mortalidade  60 a 69 anos (por mil hab.)"
3512308,"Conchas",19.05402376,2018,"Longevidade",15.4,"Taxas de mortalidade  60 a 69 anos (por mil hab.)"
3512308,"Conchas",14.64741578,2020,"Longevidade",15.77,"Taxas de mortalidade  60 a 69 anos (por mil hab.)"
3512308,"Conchas",15.76976148,2022,"Longevidade",18.13,"Taxas de mortalidade  60 a 69 anos (por mil hab.)"
3512308,"Conchas",16.55982906,2024,"Longevidade",14.49,"Taxas de mortalidade  60 a 69 anos (por mil hab.)"
3512407,"Cordeirópolis",12.82051282,2014,"Longevidade",15.79,"Taxas de mortalidade  60 a 69 anos (por mil hab.)"
3512407,"Cordeirópolis",17.15976331,2016,"Longevidade",15.58,"Taxas de mortalidade  60 a 69 anos (por mil hab.)"
3512407,"Cordeirópolis",14.73087819,2018,"Longevidade",15.4,"Taxas de mortalidade  60 a 69 anos (por mil hab.)"
3512407,"Cordeirópolis",12.84722222,2020,"Longevidade",15.77,"Taxas de mortalidade  60 a 69 anos (por mil hab.)"
3512407,"Cordeirópolis",18.52746899,2022,"Longevidade",18.13,"Taxas de mortalidade  60 a 69 anos (por mil hab.)"
3512407,"Cordeirópolis",15.07218785,2024,"Longevidade",14.49,"Taxas de mortalidade  60 a 69 anos (por mil hab.)"
3512506,"Coroados",13.5891287,2014,"Longevidade",15.79,"Taxas de mortalidade  60 a 69 anos (por mil hab.)"
3512506,"Coroados",12.34567901,2016,"Longevidade",15.58,"Taxas de mortalidade  60 a 69 anos (por mil hab.)"
3512506,"Coroados",13.83399209,2018,"Longevidade",15.4,"Taxas de mortalidade  60 a 69 anos (por mil hab.)"
3512506,"Coroados",20.56866304,2020,"Longevidade",15.77,"Taxas de mortalidade  60 a 69 anos (por mil hab.)"
3512506,"Coroados",18.77133106,2022,"Longevidade",18.13,"Taxas de mortalidade  60 a 69 anos (por mil hab.)"
3512506,"Coroados",19.18859649,2024,"Longevidade",14.49,"Taxas de mortalidade  60 a 69 anos (por mil hab.)"
3512605,"Coronel Macedo",14.06120761,2014,"Longevidade",15.79,"Taxas de mortalidade  60 a 69 anos (por mil hab.)"
3512605,"Coronel Macedo",18.81113619,2016,"Longevidade",15.58,"Taxas de mortalidade  60 a 69 anos (por mil hab.)"
3512605,"Coronel Macedo",18.19505095,2018,"Longevidade",15.4,"Taxas de mortalidade  60 a 69 anos (por mil hab.)"
3512605,"Coronel Macedo",13.52265044,2020,"Longevidade",15.77,"Taxas de mortalidade  60 a 69 anos (por mil hab.)"
3512605,"Coronel Macedo",19.64512041,2022,"Longevidade",18.13,"Taxas de mortalidade  60 a 69 anos (por mil hab.)"
3512605,"Coronel Macedo",15.40357363,2024,"Longevidade",14.49,"Taxas de mortalidade  60 a 69 anos (por mil hab.)"
3512704,"Corumbataí",16.33986928,2014,"Longevidade",15.79,"Taxas de mortalidade  60 a 69 anos (por mil hab.)"
3512704,"Corumbataí",12.12121212,2016,"Longevidade",15.58,"Taxas de mortalidade  60 a 69 anos (por mil hab.)"
3512704,"Corumbataí",9.920634921,2018,"Longevidade",15.4,"Taxas de mortalidade  60 a 69 anos (por mil hab.)"
3512704,"Corumbataí",12.38095238,2020,"Longevidade",15.77,"Taxas de mortalidade  60 a 69 anos (por mil hab.)"
3512704,"Corumbataí",14.53224342,2022,"Longevidade",18.13,"Taxas de mortalidade  60 a 69 anos (por mil hab.)"
3512704,"Corumbataí",11.96172249,2024,"Longevidade",14.49,"Taxas de mortalidade  60 a 69 anos (por mil hab.)"
3512803,"Cosmópolis",17.61444921,2014,"Longevidade",15.79,"Taxas de mortalidade  60 a 69 anos (por mil hab.)"
3512803,"Cosmópolis",14.54965358,2016,"Longevidade",15.58,"Taxas de mortalidade  60 a 69 anos (por mil hab.)"
3512803,"Cosmópolis",15.02491938,2018,"Longevidade",15.4,"Taxas de mortalidade  60 a 69 anos (por mil hab.)"
3512803,"Cosmópolis",15.22403936,2020,"Longevidade",15.77,"Taxas de mortalidade  60 a 69 anos (por mil hab.)"
3512803,"Cosmópolis",17.37182979,2022,"Longevidade",18.13,"Taxas de mortalidade  60 a 69 anos (por mil hab.)"
3512803,"Cosmópolis",13.6880319,2024,"Longevidade",14.49,"Taxas de mortalidade  60 a 69 anos (por mil hab.)"
3512902,"Cosmorama",12.1054907,2014,"Longevidade",15.79,"Taxas de mortalidade  60 a 69 anos (por mil hab.)"
3512902,"Cosmorama",14.421096,2016,"Longevidade",15.58,"Taxas de mortalidade  60 a 69 anos (por mil hab.)"
3512902,"Cosmorama",13.80430369,2018,"Longevidade",15.4,"Taxas de mortalidade  60 a 69 anos (por mil hab.)"
3512902,"Cosmorama",9.116131589,2020,"Longevidade",15.77,"Taxas de mortalidade  60 a 69 anos (por mil hab.)"
3512902,"Cosmorama",17.1539961,2022,"Longevidade",18.13,"Taxas de mortalidade  60 a 69 anos (por mil hab.)"
3512902,"Cosmorama",12.6413839,2024,"Longevidade",14.49,"Taxas de mortalidade  60 a 69 anos (por mil hab.)"
3513009,"Cotia",17.71642696,2014,"Longevidade",15.79,"Taxas de mortalidade  60 a 69 anos (por mil hab.)"
3513009,"Cotia",17.87872568,2016,"Longevidade",15.58,"Taxas de mortalidade  60 a 69 anos (por mil hab.)"
3513009,"Cotia",18.00984711,2018,"Longevidade",15.4,"Taxas de mortalidade  60 a 69 anos (por mil hab.)"
3513009,"Cotia",18.85987866,2020,"Longevidade",15.77,"Taxas de mortalidade  60 a 69 anos (por mil hab.)"
3513009,"Cotia",20.3202514,2022,"Longevidade",18.13,"Taxas de mortalidade  60 a 69 anos (por mil hab.)"
3513009,"Cotia",14.70136481,2024,"Longevidade",14.49,"Taxas de mortalidade  60 a 69 anos (por mil hab.)"
3513108,"Cravinhos",15.88008311,2014,"Longevidade",15.79,"Taxas de mortalidade  60 a 69 anos (por mil hab.)"
3513108,"Cravinhos",15.46121593,2016,"Longevidade",15.58,"Taxas de mortalidade  60 a 69 anos (por mil hab.)"
3513108,"Cravinhos",14.91788893,2018,"Longevidade",15.4,"Taxas de mortalidade  60 a 69 anos (por mil hab.)"
3513108,"Cravinhos",17.10284665,2020,"Longevidade",15.77,"Taxas de mortalidade  60 a 69 anos (por mil hab.)"
3513108,"Cravinhos",19.43821425,2022,"Longevidade",18.13,"Taxas de mortalidade  60 a 69 anos (por mil hab.)"
3513108,"Cravinhos",15.80500809,2024,"Longevidade",14.49,"Taxas de mortalidade  60 a 69 anos (por mil hab.)"
3513207,"Cristais Paulista",14.46654611,2014,"Longevidade",15.79,"Taxas de mortalidade  60 a 69 anos (por mil hab.)"
3513207,"Cristais Paulista",13.91035549,2016,"Longevidade",15.58,"Taxas de mortalidade  60 a 69 anos (por mil hab.)"
3513207,"Cristais Paulista",12.74509804,2018,"Longevidade",15.4,"Taxas de mortalidade  60 a 69 anos (por mil hab.)"
3513207,"Cristais Paulista",13.65037428,2020,"Longevidade",15.77,"Taxas de mortalidade  60 a 69 anos (por mil hab.)"
3513207,"Cristais Paulista",19.89443768,2022,"Longevidade",18.13,"Taxas de mortalidade  60 a 69 anos (por mil hab.)"
3513207,"Cristais Paulista",15.30272788,2024,"Longevidade",14.49,"Taxas de mortalidade  60 a 69 anos (por mil hab.)"
3513306,"Cruzália",10.98901099,2014,"Longevidade",15.79,"Taxas de mortalidade  60 a 69 anos (por mil hab.)"
3513306,"Cruzália",19.41747573,2016,"Longevidade",15.58,"Taxas de mortalidade  60 a 69 anos (por mil hab.)"
3513306,"Cruzália",21.60493827,2018,"Longevidade",15.4,"Taxas de mortalidade  60 a 69 anos (por mil hab.)"
3513306,"Cruzália",14.18439716,2020,"Longevidade",15.77,"Taxas de mortalidade  60 a 69 anos (por mil hab.)"
3513306,"Cruzália",23.52941176,2022,"Longevidade",18.13,"Taxas de mortalidade  60 a 69 anos (por mil hab.)"
3513306,"Cruzália",16.55629139,2024,"Longevidade",14.49,"Taxas de mortalidade  60 a 69 anos (por mil hab.)"
3513405,"Cruzeiro",17.84037559,2014,"Longevidade",15.79,"Taxas de mortalidade  60 a 69 anos (por mil hab.)"
3513405,"Cruzeiro",18.66038106,2016,"Longevidade",15.58,"Taxas de mortalidade  60 a 69 anos (por mil hab.)"
3513405,"Cruzeiro",18.1792359,2018,"Longevidade",15.4,"Taxas de mortalidade  60 a 69 anos (por mil hab.)"
3513405,"Cruzeiro",17.17985992,2020,"Longevidade",15.77,"Taxas de mortalidade  60 a 69 anos (por mil hab.)"
3513405,"Cruzeiro",20.10279367,2022,"Longevidade",18.13,"Taxas de mortalidade  60 a 69 anos (por mil hab.)"
3513405,"Cruzeiro",19.08204112,2024,"Longevidade",14.49,"Taxas de mortalidade  60 a 69 anos (por mil hab.)"
3513504,"Cubatão",20.03454231,2014,"Longevidade",15.79,"Taxas de mortalidade  60 a 69 anos (por mil hab.)"
3513504,"Cubatão",17.10466227,2016,"Longevidade",15.58,"Taxas de mortalidade  60 a 69 anos (por mil hab.)"
3513504,"Cubatão",16.74312826,2018,"Longevidade",15.4,"Taxas de mortalidade  60 a 69 anos (por mil hab.)"
3513504,"Cubatão",19.53371141,2020,"Longevidade",15.77,"Taxas de mortalidade  60 a 69 anos (por mil hab.)"
3513504,"Cubatão",21.09704641,2022,"Longevidade",18.13,"Taxas de mortalidade  60 a 69 anos (por mil hab.)"
3513504,"Cubatão",18.08811986,2024,"Longevidade",14.49,"Taxas de mortalidade  60 a 69 anos (por mil hab.)"
3513603,"Cunha",15.8030136,2014,"Longevidade",15.79,"Taxas de mortalidade  60 a 69 anos (por mil hab.)"
3513603,"Cunha",15.40913921,2016,"Longevidade",15.58,"Taxas de mortalidade  60 a 69 anos (por mil hab.)"
3513603,"Cunha",17.88194444,2018,"Longevidade",15.4,"Taxas de mortalidade  60 a 69 anos (por mil hab.)"
3513603,"Cunha",17.15808762,2020,"Longevidade",15.77,"Taxas de mortalidade  60 a 69 anos (por mil hab.)"
3513603,"Cunha",17.30983008,2022,"Longevidade",18.13,"Taxas de mortalidade  60 a 69 anos (por mil hab.)"
3513603,"Cunha",15.20422626,2024,"Longevidade",14.49,"Taxas de mortalidade  60 a 69 anos (por mil hab.)"
3513702,"Descalvado",13.67521368,2014,"Longevidade",15.79,"Taxas de mortalidade  60 a 69 anos (por mil hab.)"
3513702,"Descalvado",15.726617,2016,"Longevidade",15.58,"Taxas de mortalidade  60 a 69 anos (por mil hab.)"
3513702,"Descalvado",14.53255521,2018,"Longevidade",15.4,"Taxas de mortalidade  60 a 69 anos (por mil hab.)"
3513702,"Descalvado",15.2148291,2020,"Longevidade",15.77,"Taxas de mortalidade  60 a 69 anos (por mil hab.)"
3513702,"Descalvado",17.29368932,2022,"Longevidade",18.13,"Taxas de mortalidade  60 a 69 anos (por mil hab.)"
3513702,"Descalvado",14.05107757,2024,"Longevidade",14.49,"Taxas de mortalidade  60 a 69 anos (por mil hab.)"
3513801,"Diadema",17.12390988,2014,"Longevidade",15.79,"Taxas de mortalidade  60 a 69 anos (por mil hab.)"
3513801,"Diadema",16.90962099,2016,"Longevidade",15.58,"Taxas de mortalidade  60 a 69 anos (por mil hab.)"
3513801,"Diadema",16.88250471,2018,"Longevidade",15.4,"Taxas de mortalidade  60 a 69 anos (por mil hab.)"
3513801,"Diadema",18.18202518,2020,"Longevidade",15.77,"Taxas de mortalidade  60 a 69 anos (por mil hab.)"
3513801,"Diadema",19.56365329,2022,"Longevidade",18.13,"Taxas de mortalidade  60 a 69 anos (por mil hab.)"
3513801,"Diadema",14.72377115,2024,"Longevidade",14.49,"Taxas de mortalidade  60 a 69 anos (por mil hab.)"
3513850,"Dirce Reis",7.707129094,2014,"Longevidade",15.79,"Taxas de mortalidade  60 a 69 anos (por mil hab.)"
3513850,"Dirce Reis",7.797270955,2016,"Longevidade",15.58,"Taxas de mortalidade  60 a 69 anos (por mil hab.)"
3513850,"Dirce Reis",7.797270955,2018,"Longevidade",15.4,"Taxas de mortalidade  60 a 69 anos (por mil hab.)"
3513850,"Dirce Reis",19.15708812,2020,"Longevidade",15.77,"Taxas de mortalidade  60 a 69 anos (por mil hab.)"
3513850,"Dirce Reis",16.30434783,2022,"Longevidade",18.13,"Taxas de mortalidade  60 a 69 anos (por mil hab.)"
3513850,"Dirce Reis",13.20132013,2024,"Longevidade",14.49,"Taxas de mortalidade  60 a 69 anos (por mil hab.)"
3513900,"Divinolândia",16.65065642,2014,"Longevidade",15.79,"Taxas de mortalidade  60 a 69 anos (por mil hab.)"
3513900,"Divinolândia",15.375689,2016,"Longevidade",15.58,"Taxas de mortalidade  60 a 69 anos (por mil hab.)"
3513900,"Divinolândia",16.11535199,2018,"Longevidade",15.4,"Taxas de mortalidade  60 a 69 anos (por mil hab.)"
3513900,"Divinolândia",17.00404858,2020,"Longevidade",15.77,"Taxas de mortalidade  60 a 69 anos (por mil hab.)"
3513900,"Divinolândia",22.2396651,2022,"Longevidade",18.13,"Taxas de mortalidade  60 a 69 anos (por mil hab.)"
3513900,"Divinolândia",18.11354098,2024,"Longevidade",14.49,"Taxas de mortalidade  60 a 69 anos (por mil hab.)"
3514007,"Dobrada",14.33691756,2014,"Longevidade",15.79,"Taxas de mortalidade  60 a 69 anos (por mil hab.)"
3514007,"Dobrada",14.71529111,2016,"Longevidade",15.58,"Taxas de mortalidade  60 a 69 anos (por mil hab.)"
3514007,"Dobrada",17.380509,2018,"Longevidade",15.4,"Taxas de mortalidade  60 a 69 anos (por mil hab.)"
3514007,"Dobrada",16.95906433,2020,"Longevidade",15.77,"Taxas de mortalidade  60 a 69 anos (por mil hab.)"
3514007,"Dobrada",14.75409836,2022,"Longevidade",18.13,"Taxas de mortalidade  60 a 69 anos (por mil hab.)"
3514007,"Dobrada",13.92891451,2024,"Longevidade",14.49,"Taxas de mortalidade  60 a 69 anos (por mil hab.)"
3514106,"Dois Córregos",17.34417344,2014,"Longevidade",15.79,"Taxas de mortalidade  60 a 69 anos (por mil hab.)"
3514106,"Dois Córregos",19.53965888,2016,"Longevidade",15.58,"Taxas de mortalidade  60 a 69 anos (por mil hab.)"
3514106,"Dois Córregos",19.3986421,2018,"Longevidade",15.4,"Taxas de mortalidade  60 a 69 anos (por mil hab.)"
3514106,"Dois Córregos",16.9361047,2020,"Longevidade",15.77,"Taxas de mortalidade  60 a 69 anos (por mil hab.)"
3514106,"Dois Córregos",19.16886157,2022,"Longevidade",18.13,"Taxas de mortalidade  60 a 69 anos (por mil hab.)"
3514106,"Dois Córregos",17.44791667,2024,"Longevidade",14.49,"Taxas de mortalidade  60 a 69 anos (por mil hab.)"
3514205,"Dolcinópolis",20.34428795,2014,"Longevidade",15.79,"Taxas de mortalidade  60 a 69 anos (por mil hab.)"
3514205,"Dolcinópolis",11.74743025,2016,"Longevidade",15.58,"Taxas de mortalidade  60 a 69 anos (por mil hab.)"
3514205,"Dolcinópolis",14.43001443,2018,"Longevidade",15.4,"Taxas de mortalidade  60 a 69 anos (por mil hab.)"
3514205,"Dolcinópolis",19.3637621,2020,"Longevidade",15.77,"Taxas de mortalidade  60 a 69 anos (por mil hab.)"
3514205,"Dolcinópolis",25.43507363,2022,"Longevidade",18.13,"Taxas de mortalidade  60 a 69 anos (por mil hab.)"
3514205,"Dolcinópolis",22.75312856,2024,"Longevidade",14.49,"Taxas de mortalidade  60 a 69 anos (por mil hab.)"
3514304,"Dourado",14.09070894,2014,"Longevidade",15.79,"Taxas de mortalidade  60 a 69 anos (por mil hab.)"
3514304,"Dourado",18.89827101,2016,"Longevidade",15.58,"Taxas de mortalidade  60 a 69 anos (por mil hab.)"
3514304,"Dourado",16.82316119,2018,"Longevidade",15.4,"Taxas de mortalidade  60 a 69 anos (por mil hab.)"
3514304,"Dourado",19.65146459,2020,"Longevidade",15.77,"Taxas de mortalidade  60 a 69 anos (por mil hab.)"
3514304,"Dourado",16.5960452,2022,"Longevidade",18.13,"Taxas de mortalidade  60 a 69 anos (por mil hab.)"
3514304,"Dourado",15.58265583,2024,"Longevidade",14.49,"Taxas de mortalidade  60 a 69 anos (por mil hab.)"
3514403,"Dracena",15.10548523,2014,"Longevidade",15.79,"Taxas de mortalidade  60 a 69 anos (por mil hab.)"
3514403,"Dracena",15.23942137,2016,"Longevidade",15.58,"Taxas de mortalidade  60 a 69 anos (por mil hab.)"
3514403,"Dracena",16.17250674,2018,"Longevidade",15.4,"Taxas de mortalidade  60 a 69 anos (por mil hab.)"
3514403,"Dracena",15.64253648,2020,"Longevidade",15.77,"Taxas de mortalidade  60 a 69 anos (por mil hab.)"
3514403,"Dracena",19.56478339,2022,"Longevidade",18.13,"Taxas de mortalidade  60 a 69 anos (por mil hab.)"
3514403,"Dracena",15.12950859,2024,"Longevidade",14.49,"Taxas de mortalidade  60 a 69 anos (por mil hab.)"
3514502,"Duartina",15.01501502,2014,"Longevidade",15.79,"Taxas de mortalidade  60 a 69 anos (por mil hab.)"
3514502,"Duartina",16.91625069,2016,"Longevidade",15.58,"Taxas de mortalidade  60 a 69 anos (por mil hab.)"
3514502,"Duartina",14.90514905,2018,"Longevidade",15.4,"Taxas de mortalidade  60 a 69 anos (por mil hab.)"
3514502,"Duartina",15.56420233,2020,"Longevidade",15.77,"Taxas de mortalidade  60 a 69 anos (por mil hab.)"
3514502,"Duartina",16.79197995,2022,"Longevidade",18.13,"Taxas de mortalidade  60 a 69 anos (por mil hab.)"
3514502,"Duartina",13.87985253,2024,"Longevidade",14.49,"Taxas de mortalidade  60 a 69 anos (por mil hab.)"
3514601,"Dumont",16.82242991,2014,"Longevidade",15.79,"Taxas de mortalidade  60 a 69 anos (por mil hab.)"
3514601,"Dumont",15.92193118,2016,"Longevidade",15.58,"Taxas de mortalidade  60 a 69 anos (por mil hab.)"
3514601,"Dumont",14.57725948,2018,"Longevidade",15.4,"Taxas de mortalidade  60 a 69 anos (por mil hab.)"
3514601,"Dumont",10.90750436,2020,"Longevidade",15.77,"Taxas de mortalidade  60 a 69 anos (por mil hab.)"
3514601,"Dumont",13.62179487,2022,"Longevidade",18.13,"Taxas de mortalidade  60 a 69 anos (por mil hab.)"
3514601,"Dumont",11.26651127,2024,"Longevidade",14.49,"Taxas de mortalidade  60 a 69 anos (por mil hab.)"
3514700,"Echaporã",11.77199504,2014,"Longevidade",15.79,"Taxas de mortalidade  60 a 69 anos (por mil hab.)"
3514700,"Echaporã",16.69545193,2016,"Longevidade",15.58,"Taxas de mortalidade  60 a 69 anos (por mil hab.)"
3514700,"Echaporã",14.24501425,2018,"Longevidade",15.4,"Taxas de mortalidade  60 a 69 anos (por mil hab.)"
3514700,"Echaporã",17.30876605,2020,"Longevidade",15.77,"Taxas de mortalidade  60 a 69 anos (por mil hab.)"
3514700,"Echaporã",17.20430108,2022,"Longevidade",18.13,"Taxas de mortalidade  60 a 69 anos (por mil hab.)"
3514700,"Echaporã",15.82591494,2024,"Longevidade",14.49,"Taxas de mortalidade  60 a 69 anos (por mil hab.)"
3514809,"Eldorado",17.37135365,2014,"Longevidade",15.79,"Taxas de mortalidade  60 a 69 anos (por mil hab.)"
3514809,"Eldorado",12.99112801,2016,"Longevidade",15.58,"Taxas de mortalidade  60 a 69 anos (por mil hab.)"
3514809,"Eldorado",15.87301587,2018,"Longevidade",15.4,"Taxas de mortalidade  60 a 69 anos (por mil hab.)"
3514809,"Eldorado",16.62133575,2020,"Longevidade",15.77,"Taxas de mortalidade  60 a 69 anos (por mil hab.)"
3514809,"Eldorado",17.42160279,2022,"Longevidade",18.13,"Taxas de mortalidade  60 a 69 anos (por mil hab.)"
3514809,"Eldorado",15.57632399,2024,"Longevidade",14.49,"Taxas de mortalidade  60 a 69 anos (por mil hab.)"
3514908,"Elias Fausto",17.71653543,2014,"Longevidade",15.79,"Taxas de mortalidade  60 a 69 anos (por mil hab.)"
3514908,"Elias Fausto",16.2601626,2016,"Longevidade",15.58,"Taxas de mortalidade  60 a 69 anos (por mil hab.)"
3514908,"Elias Fausto",15.51676365,2018,"Longevidade",15.4,"Taxas de mortalidade  60 a 69 anos (por mil hab.)"
3514908,"Elias Fausto",15.49796748,2020,"Longevidade",15.77,"Taxas de mortalidade  60 a 69 anos (por mil hab.)"
3514908,"Elias Fausto",22.42681775,2022,"Longevidade",18.13,"Taxas de mortalidade  60 a 69 anos (por mil hab.)"
3514908,"Elias Fausto",16.76300578,2024,"Longevidade",14.49,"Taxas de mortalidade  60 a 69 anos (por mil hab.)"
3514924,"Elisiário",10.37613489,2014,"Longevidade",15.79,"Taxas de mortalidade  60 a 69 anos (por mil hab.)"
3514924,"Elisiário",9.163802978,2016,"Longevidade",15.58,"Taxas de mortalidade  60 a 69 anos (por mil hab.)"
3514924,"Elisiário",14.59034792,2018,"Longevidade",15.4,"Taxas de mortalidade  60 a 69 anos (por mil hab.)"
3514924,"Elisiário",21.29925453,2020,"Longevidade",15.77,"Taxas de mortalidade  60 a 69 anos (por mil hab.)"
3514924,"Elisiário",16.563147,2022,"Longevidade",18.13,"Taxas de mortalidade  60 a 69 anos (por mil hab.)"
3514924,"Elisiário",16.66666667,2024,"Longevidade",14.49,"Taxas de mortalidade  60 a 69 anos (por mil hab.)"
3514957,"Embaúba",17.71336554,2014,"Longevidade",15.79,"Taxas de mortalidade  60 a 69 anos (por mil hab.)"
3514957,"Embaúba",13.39285714,2016,"Longevidade",15.58,"Taxas de mortalidade  60 a 69 anos (por mil hab.)"
3514957,"Embaúba",11.5942029,2018,"Longevidade",15.4,"Taxas de mortalidade  60 a 69 anos (por mil hab.)"
3514957,"Embaúba",15.27777778,2020,"Longevidade",15.77,"Taxas de mortalidade  60 a 69 anos (por mil hab.)"
3514957,"Embaúba",25.03293808,2022,"Longevidade",18.13,"Taxas de mortalidade  60 a 69 anos (por mil hab.)"
3514957,"Embaúba",16.66666667,2024,"Longevidade",14.49,"Taxas de mortalidade  60 a 69 anos (por mil hab.)"
3515004,"Embu das Artes",19.72076789,2014,"Longevidade",15.79,"Taxas de mortalidade  60 a 69 anos (por mil hab.)"
3515004,"Embu das Artes",18.04871892,2016,"Longevidade",15.58,"Taxas de mortalidade  60 a 69 anos (por mil hab.)"
3515004,"Embu das Artes",17.86896095,2018,"Longevidade",15.4,"Taxas de mortalidade  60 a 69 anos (por mil hab.)"
3515004,"Embu das Artes",19.11072172,2020,"Longevidade",15.77,"Taxas de mortalidade  60 a 69 anos (por mil hab.)"
3515004,"Embu das Artes",20.52320675,2022,"Longevidade",18.13,"Taxas de mortalidade  60 a 69 anos (por mil hab.)"
3515004,"Embu das Artes",16.80826254,2024,"Longevidade",14.49,"Taxas de mortalidade  60 a 69 anos (por mil hab.)"
3515103,"Embu-Guaçu",20.47141342,2014,"Longevidade",15.79,"Taxas de mortalidade  60 a 69 anos (por mil hab.)"
3515103,"Embu-Guaçu",20.8559635,2016,"Longevidade",15.58,"Taxas de mortalidade  60 a 69 anos (por mil hab.)"
3515103,"Embu-Guaçu",21.11551018,2018,"Longevidade",15.4,"Taxas de mortalidade  60 a 69 anos (por mil hab.)"
3515103,"Embu-Guaçu",22.46975226,2020,"Longevidade",15.77,"Taxas de mortalidade  60 a 69 anos (por mil hab.)"
3515103,"Embu-Guaçu",27.79766166,2022,"Longevidade",18.13,"Taxas de mortalidade  60 a 69 anos (por mil hab.)"
3515103,"Embu-Guaçu",21.19800867,2024,"Longevidade",14.49,"Taxas de mortalidade  60 a 69 anos (por mil hab.)"
3515129,"Emilianópolis",9.523809524,2014,"Longevidade",15.79,"Taxas de mortalidade  60 a 69 anos (por mil hab.)"
3515129,"Emilianópolis",12.82051282,2016,"Longevidade",15.58,"Taxas de mortalidade  60 a 69 anos (por mil hab.)"
3515129,"Emilianópolis",13.74570447,2018,"Longevidade",15.4,"Taxas de mortalidade  60 a 69 anos (por mil hab.)"
3515129,"Emilianópolis",21.04097453,2020,"Longevidade",15.77,"Taxas de mortalidade  60 a 69 anos (por mil hab.)"
3515129,"Emilianópolis",18.92744479,2022,"Longevidade",18.13,"Taxas de mortalidade  60 a 69 anos (por mil hab.)"
3515129,"Emilianópolis",10.35781544,2024,"Longevidade",14.49,"Taxas de mortalidade  60 a 69 anos (por mil hab.)"
3515152,"Engenheiro Coelho",13.130029650000001,2014,"Longevidade",15.79,"Taxas de mortalidade  60 a 69 anos (por mil hab.)"
3515152,"Engenheiro Coelho",15.43550165,2016,"Longevidade",15.58,"Taxas de mortalidade  60 a 69 anos (por mil hab.)"
3515152,"Engenheiro Coelho",18.61608711,2018,"Longevidade",15.4,"Taxas de mortalidade  60 a 69 anos (por mil hab.)"
3515152,"Engenheiro Coelho",16.45692159,2020,"Longevidade",15.77,"Taxas de mortalidade  60 a 69 anos (por mil hab.)"
3515152,"Engenheiro Coelho",18.01801802,2022,"Longevidade",18.13,"Taxas de mortalidade  60 a 69 anos (por mil hab.)"
3515152,"Engenheiro Coelho",13.69528002,2024,"Longevidade",14.49,"Taxas de mortalidade  60 a 69 anos (por mil hab.)"
3515186,"Espírito Santo do Pinhal",18.96321708,2014,"Longevidade",15.79,"Taxas de mortalidade  60 a 69 anos (por mil hab.)"
3515186,"Espírito Santo do Pinhal",18.33117164,2016,"Longevidade",15.58,"Taxas de mortalidade  60 a 69 anos (por mil hab.)"
3515186,"Espírito Santo do Pinhal",20.38248616,2018,"Longevidade",15.4,"Taxas de mortalidade  60 a 69 anos (por mil hab.)"
3515186,"Espírito Santo do Pinhal",16.8326221,2020,"Longevidade",15.77,"Taxas de mortalidade  60 a 69 anos (por mil hab.)"
3515186,"Espírito Santo do Pinhal",17.98965595,2022,"Longevidade",18.13,"Taxas de mortalidade  60 a 69 anos (por mil hab.)"
3515186,"Espírito Santo do Pinhal",15.81113277,2024,"Longevidade",14.49,"Taxas de mortalidade  60 a 69 anos (por mil hab.)"
3515194,"Espírito Santo do Turvo",13.04863582,2014,"Longevidade",15.79,"Taxas de mortalidade  60 a 69 anos (por mil hab.)"
3515194,"Espírito Santo do Turvo",19.66873706,2016,"Longevidade",15.58,"Taxas de mortalidade  60 a 69 anos (por mil hab.)"
3515194,"Espírito Santo do Turvo",17.96407186,2018,"Longevidade",15.4,"Taxas de mortalidade  60 a 69 anos (por mil hab.)"
3515194,"Espírito Santo do Turvo",13.88888889,2020,"Longevidade",15.77,"Taxas de mortalidade  60 a 69 anos (por mil hab.)"
3515194,"Espírito Santo do Turvo",13.74570447,2022,"Longevidade",18.13,"Taxas de mortalidade  60 a 69 anos (por mil hab.)"
3515194,"Espírito Santo do Turvo",10.01821494,2024,"Longevidade",14.49,"Taxas de mortalidade  60 a 69 anos (por mil hab.)"
3515202,"Estrela d'Oeste",12.57861635,2014,"Longevidade",15.79,"Taxas de mortalidade  60 a 69 anos (por mil hab.)"
3515202,"Estrela d'Oeste",11.5368768,2016,"Longevidade",15.58,"Taxas de mortalidade  60 a 69 anos (por mil hab.)"
3515202,"Estrela d'Oeste",12.46481705,2018,"Longevidade",15.4,"Taxas de mortalidade  60 a 69 anos (por mil hab.)"
3515202,"Estrela d'Oeste",14.55938697,2020,"Longevidade",15.77,"Taxas de mortalidade  60 a 69 anos (por mil hab.)"
3515202,"Estrela d'Oeste",14.55604076,2022,"Longevidade",18.13,"Taxas de mortalidade  60 a 69 anos (por mil hab.)"
3515202,"Estrela d'Oeste",14.75777992,2024,"Longevidade",14.49,"Taxas de mortalidade  60 a 69 anos (por mil hab.)"
3515301,"Estrela do Norte",11.11111111,2014,"Longevidade",15.79,"Taxas de mortalidade  60 a 69 anos (por mil hab.)"
3515301,"Estrela do Norte",17.36111111,2016,"Longevidade",15.58,"Taxas de mortalidade  60 a 69 anos (por mil hab.)"
3515301,"Estrela do Norte",20,2018,"Longevidade",15.4,"Taxas de mortalidade  60 a 69 anos (por mil hab.)"
3515301,"Estrela do Norte",13.95348837,2020,"Longevidade",15.77,"Taxas de mortalidade  60 a 69 anos (por mil hab.)"
3515301,"Estrela do Norte",20.92050209,2022,"Longevidade",18.13,"Taxas de mortalidade  60 a 69 anos (por mil hab.)"
3515301,"Estrela do Norte",19.27437642,2024,"Longevidade",14.49,"Taxas de mortalidade  60 a 69 anos (por mil hab.)"
3515350,"Euclides da Cunha Paulista",14.5152929,2014,"Longevidade",15.79,"Taxas de mortalidade  60 a 69 anos (por mil hab.)"
3515350,"Euclides da Cunha Paulista",18.08406647,2016,"Longevidade",15.58,"Taxas de mortalidade  60 a 69 anos (por mil hab.)"
3515350,"Euclides da Cunha Paulista",18.91252955,2018,"Longevidade",15.4,"Taxas de mortalidade  60 a 69 anos (por mil hab.)"
3515350,"Euclides da Cunha Paulista",18.19795828,2020,"Longevidade",15.77,"Taxas de mortalidade  60 a 69 anos (por mil hab.)"
3515350,"Euclides da Cunha Paulista",17.4563591,2022,"Longevidade",18.13,"Taxas de mortalidade  60 a 69 anos (por mil hab.)"
3515350,"Euclides da Cunha Paulista",14.98582422,2024,"Longevidade",14.49,"Taxas de mortalidade  60 a 69 anos (por mil hab.)"
3515400,"Fartura",12.70325203,2014,"Longevidade",15.79,"Taxas de mortalidade  60 a 69 anos (por mil hab.)"
3515400,"Fartura",16.79678259,2016,"Longevidade",15.58,"Taxas de mortalidade  60 a 69 anos (por mil hab.)"
3515400,"Fartura",18.1484034,2018,"Longevidade",15.4,"Taxas de mortalidade  60 a 69 anos (por mil hab.)"
3515400,"Fartura",16.02772363,2020,"Longevidade",15.77,"Taxas de mortalidade  60 a 69 anos (por mil hab.)"
3515400,"Fartura",20.83333333,2022,"Longevidade",18.13,"Taxas de mortalidade  60 a 69 anos (por mil hab.)"
3515400,"Fartura",18.32819459,2024,"Longevidade",14.49,"Taxas de mortalidade  60 a 69 anos (por mil hab.)"
3515509,"Fernandópolis",15.26158698,2014,"Longevidade",15.79,"Taxas de mortalidade  60 a 69 anos (por mil hab.)"
3515509,"Fernandópolis",15.51946378,2016,"Longevidade",15.58,"Taxas de mortalidade  60 a 69 anos (por mil hab.)"
3515509,"Fernandópolis",14.25438596,2018,"Longevidade",15.4,"Taxas de mortalidade  60 a 69 anos (por mil hab.)"
3515509,"Fernandópolis",15.06881269,2020,"Longevidade",15.77,"Taxas de mortalidade  60 a 69 anos (por mil hab.)"
3515509,"Fernandópolis",18.08134394,2022,"Longevidade",18.13,"Taxas de mortalidade  60 a 69 anos (por mil hab.)"
3515509,"Fernandópolis",14.37556155,2024,"Longevidade",14.49,"Taxas de mortalidade  60 a 69 anos (por mil hab.)"
3515608,"Fernando Prestes",20.7223209,2014,"Longevidade",15.79,"Taxas de mortalidade  60 a 69 anos (por mil hab.)"
3515608,"Fernando Prestes",11.51410478,2016,"Longevidade",15.58,"Taxas de mortalidade  60 a 69 anos (por mil hab.)"
3515608,"Fernando Prestes",14.96833621,2018,"Longevidade",15.4,"Taxas de mortalidade  60 a 69 anos (por mil hab.)"
3515608,"Fernando Prestes",15.95441595,2020,"Longevidade",15.77,"Taxas de mortalidade  60 a 69 anos (por mil hab.)"
3515608,"Fernando Prestes",12.30425056,2022,"Longevidade",18.13,"Taxas de mortalidade  60 a 69 anos (por mil hab.)"
3515608,"Fernando Prestes",10.1171459,2024,"Longevidade",14.49,"Taxas de mortalidade  60 a 69 anos (por mil hab.)"
3515657,"Fernão",17.66004415,2014,"Longevidade",15.79,"Taxas de mortalidade  60 a 69 anos (por mil hab.)"
3515657,"Fernão",14.95726496,2016,"Longevidade",15.58,"Taxas de mortalidade  60 a 69 anos (por mil hab.)"
3515657,"Fernão",10.68376068,2018,"Longevidade",15.4,"Taxas de mortalidade  60 a 69 anos (por mil hab.)"
3515657,"Fernão",14.86199575,2020,"Longevidade",15.77,"Taxas de mortalidade  60 a 69 anos (por mil hab.)"
3515657,"Fernão",21.23142251,2022,"Longevidade",18.13,"Taxas de mortalidade  60 a 69 anos (por mil hab.)"
3515657,"Fernão",15.06591337,2024,"Longevidade",14.49,"Taxas de mortalidade  60 a 69 anos (por mil hab.)"
3515707,"Ferraz de Vasconcelos",20.33588901,2014,"Longevidade",15.79,"Taxas de mortalidade  60 a 69 anos (por mil hab.)"
3515707,"Ferraz de Vasconcelos",17.96643035,2016,"Longevidade",15.58,"Taxas de mortalidade  60 a 69 anos (por mil hab.)"
3515707,"Ferraz de Vasconcelos",17.40202402,2018,"Longevidade",15.4,"Taxas de mortalidade  60 a 69 anos (por mil hab.)"
3515707,"Ferraz de Vasconcelos",17.96453354,2020,"Longevidade",15.77,"Taxas de mortalidade  60 a 69 anos (por mil hab.)"
3515707,"Ferraz de Vasconcelos",21.02923977,2022,"Longevidade",18.13,"Taxas de mortalidade  60 a 69 anos (por mil hab.)"
3515707,"Ferraz de Vasconcelos",16.72537161,2024,"Longevidade",14.49,"Taxas de mortalidade  60 a 69 anos (por mil hab.)"
3515806,"Flora Rica",5.847953216,2014,"Longevidade",15.79,"Taxas de mortalidade  60 a 69 anos (por mil hab.)"
3515806,"Flora Rica",15.7790927,2016,"Longevidade",15.58,"Taxas de mortalidade  60 a 69 anos (por mil hab.)"
3515806,"Flora Rica",7.889546351,2018,"Longevidade",15.4,"Taxas de mortalidade  60 a 69 anos (por mil hab.)"
3515806,"Flora Rica",9.920634921,2020,"Longevidade",15.77,"Taxas de mortalidade  60 a 69 anos (por mil hab.)"
3515806,"Flora Rica",15.59454191,2022,"Longevidade",18.13,"Taxas de mortalidade  60 a 69 anos (por mil hab.)"
3515806,"Flora Rica",20.6185567,2024,"Longevidade",14.49,"Taxas de mortalidade  60 a 69 anos (por mil hab.)"
3515905,"Floreal",11.9047619,2014,"Longevidade",15.79,"Taxas de mortalidade  60 a 69 anos (por mil hab.)"
3515905,"Floreal",12.24105461,2016,"Longevidade",15.58,"Taxas de mortalidade  60 a 69 anos (por mil hab.)"
3515905,"Floreal",14.81481481,2018,"Longevidade",15.4,"Taxas de mortalidade  60 a 69 anos (por mil hab.)"
3515905,"Floreal",12.54480287,2020,"Longevidade",15.77,"Taxas de mortalidade  60 a 69 anos (por mil hab.)"
3515905,"Floreal",12.98701299,2022,"Longevidade",18.13,"Taxas de mortalidade  60 a 69 anos (por mil hab.)"
3515905,"Floreal",12.82051282,2024,"Longevidade",14.49,"Taxas de mortalidade  60 a 69 anos (por mil hab.)"
3516002,"Flórida Paulista",19.09722222,2014,"Longevidade",15.79,"Taxas de mortalidade  60 a 69 anos (por mil hab.)"
3516002,"Flórida Paulista",12.14574899,2016,"Longevidade",15.58,"Taxas de mortalidade  60 a 69 anos (por mil hab.)"
3516002,"Flórida Paulista",12,2018,"Longevidade",15.4,"Taxas de mortalidade  60 a 69 anos (por mil hab.)"
3516002,"Flórida Paulista",12.6705653,2020,"Longevidade",15.77,"Taxas de mortalidade  60 a 69 anos (por mil hab.)"
3516002,"Flórida Paulista",18.0854381,2022,"Longevidade",18.13,"Taxas de mortalidade  60 a 69 anos (por mil hab.)"
3516002,"Flórida Paulista",14.90312966,2024,"Longevidade",14.49,"Taxas de mortalidade  60 a 69 anos (por mil hab.)"
3516101,"Florínea",16.90821256,2014,"Longevidade",15.79,"Taxas de mortalidade  60 a 69 anos (por mil hab.)"
3516101,"Florínea",18.32760596,2016,"Longevidade",15.58,"Taxas de mortalidade  60 a 69 anos (por mil hab.)"
3516101,"Florínea",15.98173516,2018,"Longevidade",15.4,"Taxas de mortalidade  60 a 69 anos (por mil hab.)"
3516101,"Florínea",17.00680272,2020,"Longevidade",15.77,"Taxas de mortalidade  60 a 69 anos (por mil hab.)"
3516101,"Florínea",26.93602694,2022,"Longevidade",18.13,"Taxas de mortalidade  60 a 69 anos (por mil hab.)"
3516101,"Florínea",19.55307263,2024,"Longevidade",14.49,"Taxas de mortalidade  60 a 69 anos (por mil hab.)"
3516200,"Franca",15.46020585,2014,"Longevidade",15.79,"Taxas de mortalidade  60 a 69 anos (por mil hab.)"
3516200,"Franca",15.299321,2016,"Longevidade",15.58,"Taxas de mortalidade  60 a 69 anos (por mil hab.)"
3516200,"Franca",15.6405551,2018,"Longevidade",15.4,"Taxas de mortalidade  60 a 69 anos (por mil hab.)"
3516200,"Franca",15.34524008,2020,"Longevidade",15.77,"Taxas de mortalidade  60 a 69 anos (por mil hab.)"
3516200,"Franca",17.62251697,2022,"Longevidade",18.13,"Taxas de mortalidade  60 a 69 anos (por mil hab.)"
3516200,"Franca",13.557432500000001,2024,"Longevidade",14.49,"Taxas de mortalidade  60 a 69 anos (por mil hab.)"
3516309,"Francisco Morato",18.88341544,2014,"Longevidade",15.79,"Taxas de mortalidade  60 a 69 anos (por mil hab.)"
3516309,"Francisco Morato",19.44025473,2016,"Longevidade",15.58,"Taxas de mortalidade  60 a 69 anos (por mil hab.)"
3516309,"Francisco Morato",18.67502295,2018,"Longevidade",15.4,"Taxas de mortalidade  60 a 69 anos (por mil hab.)"
3516309,"Francisco Morato",19.11781317,2020,"Longevidade",15.77,"Taxas de mortalidade  60 a 69 anos (por mil hab.)"
3516309,"Francisco Morato",21.23637117,2022,"Longevidade",18.13,"Taxas de mortalidade  60 a 69 anos (por mil hab.)"
3516309,"Francisco Morato",17.60395851,2024,"Longevidade",14.49,"Taxas de mortalidade  60 a 69 anos (por mil hab.)"
3516408,"Franco da Rocha",19.76352072,2014,"Longevidade",15.79,"Taxas de mortalidade  60 a 69 anos (por mil hab.)"
3516408,"Franco da Rocha",20.55926964,2016,"Longevidade",15.58,"Taxas de mortalidade  60 a 69 anos (por mil hab.)"
3516408,"Franco da Rocha",19.29116196,2018,"Longevidade",15.4,"Taxas de mortalidade  60 a 69 anos (por mil hab.)"
3516408,"Franco da Rocha",19.34765314,2020,"Longevidade",15.77,"Taxas de mortalidade  60 a 69 anos (por mil hab.)"
3516408,"Franco da Rocha",21.06867491,2022,"Longevidade",18.13,"Taxas de mortalidade  60 a 69 anos (por mil hab.)"
3516408,"Franco da Rocha",16.92741729,2024,"Longevidade",14.49,"Taxas de mortalidade  60 a 69 anos (por mil hab.)"
3516507,"Gabriel Monteiro",10.02506266,2014,"Longevidade",15.79,"Taxas de mortalidade  60 a 69 anos (por mil hab.)"
3516507,"Gabriel Monteiro",5.827505828,2016,"Longevidade",15.58,"Taxas de mortalidade  60 a 69 anos (por mil hab.)"
3516507,"Gabriel Monteiro",6.825938567,2018,"Longevidade",15.4,"Taxas de mortalidade  60 a 69 anos (por mil hab.)"
3516507,"Gabriel Monteiro",15.15151515,2020,"Longevidade",15.77,"Taxas de mortalidade  60 a 69 anos (por mil hab.)"
3516507,"Gabriel Monteiro",15.52795031,2022,"Longevidade",18.13,"Taxas de mortalidade  60 a 69 anos (por mil hab.)"
3516507,"Gabriel Monteiro",10.19367992,2024,"Longevidade",14.49,"Taxas de mortalidade  60 a 69 anos (por mil hab.)"
3516606,"Gália",13.88888889,2014,"Longevidade",15.79,"Taxas de mortalidade  60 a 69 anos (por mil hab.)"
3516606,"Gália",16.42512077,2016,"Longevidade",15.58,"Taxas de mortalidade  60 a 69 anos (por mil hab.)"
3516606,"Gália",17.81528364,2018,"Longevidade",15.4,"Taxas de mortalidade  60 a 69 anos (por mil hab.)"
3516606,"Gália",20.02670227,2020,"Longevidade",15.77,"Taxas de mortalidade  60 a 69 anos (por mil hab.)"
3516606,"Gália",25.57433897,2022,"Longevidade",18.13,"Taxas de mortalidade  60 a 69 anos (por mil hab.)"
3516606,"Gália",15.79172002,2024,"Longevidade",14.49,"Taxas de mortalidade  60 a 69 anos (por mil hab.)"
3516705,"Garça",15.1598677,2014,"Longevidade",15.79,"Taxas de mortalidade  60 a 69 anos (por mil hab.)"
3516705,"Garça",17.605049,2016,"Longevidade",15.58,"Taxas de mortalidade  60 a 69 anos (por mil hab.)"
3516705,"Garça",16.92170674,2018,"Longevidade",15.4,"Taxas de mortalidade  60 a 69 anos (por mil hab.)"
3516705,"Garça",16.9243788,2020,"Longevidade",15.77,"Taxas de mortalidade  60 a 69 anos (por mil hab.)"
3516705,"Garça",18.6298523,2022,"Longevidade",18.13,"Taxas de mortalidade  60 a 69 anos (por mil hab.)"
3516705,"Garça",15.08546121,2024,"Longevidade",14.49,"Taxas de mortalidade  60 a 69 anos (por mil hab.)"
3516804,"Gastão Vidigal",12.41642789,2014,"Longevidade",15.79,"Taxas de mortalidade  60 a 69 anos (por mil hab.)"
3516804,"Gastão Vidigal",10.92896175,2016,"Longevidade",15.58,"Taxas de mortalidade  60 a 69 anos (por mil hab.)"
3516804,"Gastão Vidigal",10.78167116,2018,"Longevidade",15.4,"Taxas de mortalidade  60 a 69 anos (por mil hab.)"
3516804,"Gastão Vidigal",10.63829787,2020,"Longevidade",15.77,"Taxas de mortalidade  60 a 69 anos (por mil hab.)"
3516804,"Gastão Vidigal",12.88659794,2022,"Longevidade",18.13,"Taxas de mortalidade  60 a 69 anos (por mil hab.)"
3516804,"Gastão Vidigal",15.56776557,2024,"Longevidade",14.49,"Taxas de mortalidade  60 a 69 anos (por mil hab.)"
3516853,"Gavião Peixoto",13.43101343,2014,"Longevidade",15.79,"Taxas de mortalidade  60 a 69 anos (por mil hab.)"
3516853,"Gavião Peixoto",11.82795699,2016,"Longevidade",15.58,"Taxas de mortalidade  60 a 69 anos (por mil hab.)"
3516853,"Gavião Peixoto",11.53039832,2018,"Longevidade",15.4,"Taxas de mortalidade  60 a 69 anos (por mil hab.)"
3516853,"Gavião Peixoto",21.56862745,2020,"Longevidade",15.77,"Taxas de mortalidade  60 a 69 anos (por mil hab.)"
3516853,"Gavião Peixoto",24.65753425,2022,"Longevidade",18.13,"Taxas de mortalidade  60 a 69 anos (por mil hab.)"
3516853,"Gavião Peixoto",18.60465116,2024,"Longevidade",14.49,"Taxas de mortalidade  60 a 69 anos (por mil hab.)"
3516903,"General Salgado",18.02721088,2014,"Longevidade",15.79,"Taxas de mortalidade  60 a 69 anos (por mil hab.)"
3516903,"General Salgado",16.82242991,2016,"Longevidade",15.58,"Taxas de mortalidade  60 a 69 anos (por mil hab.)"
3516903,"General Salgado",15.17911354,2018,"Longevidade",15.4,"Taxas de mortalidade  60 a 69 anos (por mil hab.)"
3516903,"General Salgado",13.28711727,2020,"Longevidade",15.77,"Taxas de mortalidade  60 a 69 anos (por mil hab.)"
3516903,"General Salgado",15.65074135,2022,"Longevidade",18.13,"Taxas de mortalidade  60 a 69 anos (por mil hab.)"
3516903,"General Salgado",17.5967823,2024,"Longevidade",14.49,"Taxas de mortalidade  60 a 69 anos (por mil hab.)"
3517000,"Getulina",18.95344046,2014,"Longevidade",15.79,"Taxas de mortalidade  60 a 69 anos (por mil hab.)"
3517000,"Getulina",15.81790123,2016,"Longevidade",15.58,"Taxas de mortalidade  60 a 69 anos (por mil hab.)"
3517000,"Getulina",16.53513717,2018,"Longevidade",15.4,"Taxas de mortalidade  60 a 69 anos (por mil hab.)"
3517000,"Getulina",16.32942847,2020,"Longevidade",15.77,"Taxas de mortalidade  60 a 69 anos (por mil hab.)"
3517000,"Getulina",20.36659878,2022,"Longevidade",18.13,"Taxas de mortalidade  60 a 69 anos (por mil hab.)"
3517000,"Getulina",21.82725288,2024,"Longevidade",14.49,"Taxas de mortalidade  60 a 69 anos (por mil hab.)"
3517109,"Glicério",18.75532822,2014,"Longevidade",15.79,"Taxas de mortalidade  60 a 69 anos (por mil hab.)"
3517109,"Glicério",15.43209877,2016,"Longevidade",15.58,"Taxas de mortalidade  60 a 69 anos (por mil hab.)"
3517109,"Glicério",15.04890895,2018,"Longevidade",15.4,"Taxas de mortalidade  60 a 69 anos (por mil hab.)"
3517109,"Glicério",14.95726496,2020,"Longevidade",15.77,"Taxas de mortalidade  60 a 69 anos (por mil hab.)"
3517109,"Glicério",19.16495551,2022,"Longevidade",18.13,"Taxas de mortalidade  60 a 69 anos (por mil hab.)"
3517109,"Glicério",18.92551893,2024,"Longevidade",14.49,"Taxas de mortalidade  60 a 69 anos (por mil hab.)"
3517208,"Guaiçara",18.39389861,2014,"Longevidade",15.79,"Taxas de mortalidade  60 a 69 anos (por mil hab.)"
3517208,"Guaiçara",19.09307876,2016,"Longevidade",15.58,"Taxas de mortalidade  60 a 69 anos (por mil hab.)"
3517208,"Guaiçara",19.47308133,2018,"Longevidade",15.4,"Taxas de mortalidade  60 a 69 anos (por mil hab.)"
3517208,"Guaiçara",20.74542897,2020,"Longevidade",15.77,"Taxas de mortalidade  60 a 69 anos (por mil hab.)"
3517208,"Guaiçara",16.33986928,2022,"Longevidade",18.13,"Taxas de mortalidade  60 a 69 anos (por mil hab.)"
3517208,"Guaiçara",19.52085182,2024,"Longevidade",14.49,"Taxas de mortalidade  60 a 69 anos (por mil hab.)"
3517307,"Guaimbê",26.06635071,2014,"Longevidade",15.79,"Taxas de mortalidade  60 a 69 anos (por mil hab.)"
3517307,"Guaimbê",19.02587519,2016,"Longevidade",15.58,"Taxas de mortalidade  60 a 69 anos (por mil hab.)"
3517307,"Guaimbê",16.40566741,2018,"Longevidade",15.4,"Taxas de mortalidade  60 a 69 anos (por mil hab.)"
3517307,"Guaimbê",15.56970984,2020,"Longevidade",15.77,"Taxas de mortalidade  60 a 69 anos (por mil hab.)"
3517307,"Guaimbê",23.61673414,2022,"Longevidade",18.13,"Taxas de mortalidade  60 a 69 anos (por mil hab.)"
3517307,"Guaimbê",14.46945338,2024,"Longevidade",14.49,"Taxas de mortalidade  60 a 69 anos (por mil hab.)"
3517406,"Guaíra",17.39618406,2014,"Longevidade",15.79,"Taxas de mortalidade  60 a 69 anos (por mil hab.)"
3517406,"Guaíra",17.78855872,2016,"Longevidade",15.58,"Taxas de mortalidade  60 a 69 anos (por mil hab.)"
3517406,"Guaíra",16.56375576,2018,"Longevidade",15.4,"Taxas de mortalidade  60 a 69 anos (por mil hab.)"
3517406,"Guaíra",18.99492854,2020,"Longevidade",15.77,"Taxas de mortalidade  60 a 69 anos (por mil hab.)"
3517406,"Guaíra",22.41995987,2022,"Longevidade",18.13,"Taxas de mortalidade  60 a 69 anos (por mil hab.)"
3517406,"Guaíra",16.84331608,2024,"Longevidade",14.49,"Taxas de mortalidade  60 a 69 anos (por mil hab.)"
3517505,"Guapiaçu",13.61014994,2014,"Longevidade",15.79,"Taxas de mortalidade  60 a 69 anos (por mil hab.)"
3517505,"Guapiaçu",11.50842581,2016,"Longevidade",15.58,"Taxas de mortalidade  60 a 69 anos (por mil hab.)"
3517505,"Guapiaçu",11.9047619,2018,"Longevidade",15.4,"Taxas de mortalidade  60 a 69 anos (por mil hab.)"
3517505,"Guapiaçu",15.59888579,2020,"Longevidade",15.77,"Taxas de mortalidade  60 a 69 anos (por mil hab.)"
3517505,"Guapiaçu",18.21019771,2022,"Longevidade",18.13,"Taxas de mortalidade  60 a 69 anos (por mil hab.)"
3517505,"Guapiaçu",14.03334984,2024,"Longevidade",14.49,"Taxas de mortalidade  60 a 69 anos (por mil hab.)"
3517604,"Guapiara",16.60181582,2014,"Longevidade",15.79,"Taxas de mortalidade  60 a 69 anos (por mil hab.)"
3517604,"Guapiara",15.97836775,2016,"Longevidade",15.58,"Taxas de mortalidade  60 a 69 anos (por mil hab.)"
3517604,"Guapiara",15.38091805,2018,"Longevidade",15.4,"Taxas de mortalidade  60 a 69 anos (por mil hab.)"
3517604,"Guapiara",17.49539595,2020,"Longevidade",15.77,"Taxas de mortalidade  60 a 69 anos (por mil hab.)"
3517604,"Guapiara",24.13568167,2022,"Longevidade",18.13,"Taxas de mortalidade  60 a 69 anos (por mil hab.)"
3517604,"Guapiara",16.16161616,2024,"Longevidade",14.49,"Taxas de mortalidade  60 a 69 anos (por mil hab.)"
3517703,"Guará",16.88951443,2014,"Longevidade",15.79,"Taxas de mortalidade  60 a 69 anos (por mil hab.)"
3517703,"Guará",17.58847213,2016,"Longevidade",15.58,"Taxas de mortalidade  60 a 69 anos (por mil hab.)"
3517703,"Guará",15.50868486,2018,"Longevidade",15.4,"Taxas de mortalidade  60 a 69 anos (por mil hab.)"
3517703,"Guará",16.55824956,2020,"Longevidade",15.77,"Taxas de mortalidade  60 a 69 anos (por mil hab.)"
3517703,"Guará",19.05300887,2022,"Longevidade",18.13,"Taxas de mortalidade  60 a 69 anos (por mil hab.)"
3517703,"Guará",16.74858911,2024,"Longevidade",14.49,"Taxas de mortalidade  60 a 69 anos (por mil hab.)"
3517802,"Guaraçaí",11.34930643,2014,"Longevidade",15.79,"Taxas de mortalidade  60 a 69 anos (por mil hab.)"
3517802,"Guaraçaí",11.39937107,2016,"Longevidade",15.58,"Taxas de mortalidade  60 a 69 anos (por mil hab.)"
3517802,"Guaraçaí",11.1882716,2018,"Longevidade",15.4,"Taxas de mortalidade  60 a 69 anos (por mil hab.)"
3517802,"Guaraçaí",12.9918337,2020,"Longevidade",15.77,"Taxas de mortalidade  60 a 69 anos (por mil hab.)"
3517802,"Guaraçaí",14.22981145,2022,"Longevidade",18.13,"Taxas de mortalidade  60 a 69 anos (por mil hab.)"
3517802,"Guaraçaí",13.56391997,2024,"Longevidade",14.49,"Taxas de mortalidade  60 a 69 anos (por mil hab.)"
3517901,"Guaraci",20.88772846,2014,"Longevidade",15.79,"Taxas de mortalidade  60 a 69 anos (por mil hab.)"
3517901,"Guaraci",18.9439742,2016,"Longevidade",15.58,"Taxas de mortalidade  60 a 69 anos (por mil hab.)"
3517901,"Guaraci",19.0023753,2018,"Longevidade",15.4,"Taxas de mortalidade  60 a 69 anos (por mil hab.)"
3517901,"Guaraci",15.56567957,2020,"Longevidade",15.77,"Taxas de mortalidade  60 a 69 anos (por mil hab.)"
3517901,"Guaraci",25.52881109,2022,"Longevidade",18.13,"Taxas de mortalidade  60 a 69 anos (por mil hab.)"
3517901,"Guaraci",19.19561243,2024,"Longevidade",14.49,"Taxas de mortalidade  60 a 69 anos (por mil hab.)"
3518008,"Guarani d'Oeste",14.49275362,2014,"Longevidade",15.79,"Taxas de mortalidade  60 a 69 anos (por mil hab.)"
3518008,"Guarani d'Oeste",11.42857143,2016,"Longevidade",15.58,"Taxas de mortalidade  60 a 69 anos (por mil hab.)"
3518008,"Guarani d'Oeste",9.057971014,2018,"Longevidade",15.4,"Taxas de mortalidade  60 a 69 anos (por mil hab.)"
3518008,"Guarani d'Oeste",13.136289,2020,"Longevidade",15.77,"Taxas de mortalidade  60 a 69 anos (por mil hab.)"
3518008,"Guarani d'Oeste",21.30898021,2022,"Longevidade",18.13,"Taxas de mortalidade  60 a 69 anos (por mil hab.)"
3518008,"Guarani d'Oeste",13.22751323,2024,"Longevidade",14.49,"Taxas de mortalidade  60 a 69 anos (por mil hab.)"
3518107,"Guarantã",19.76823449,2014,"Longevidade",15.79,"Taxas de mortalidade  60 a 69 anos (por mil hab.)"
3518107,"Guarantã",18.58736059,2016,"Longevidade",15.58,"Taxas de mortalidade  60 a 69 anos (por mil hab.)"
3518107,"Guarantã",18.61861862,2018,"Longevidade",15.4,"Taxas de mortalidade  60 a 69 anos (por mil hab.)"
3518107,"Guarantã",18.17149347,2020,"Longevidade",15.77,"Taxas de mortalidade  60 a 69 anos (por mil hab.)"
3518107,"Guarantã",20.93663912,2022,"Longevidade",18.13,"Taxas de mortalidade  60 a 69 anos (por mil hab.)"
3518107,"Guarantã",17.2328902,2024,"Longevidade",14.49,"Taxas de mortalidade  60 a 69 anos (por mil hab.)"
3518206,"Guararapes",17.46094263,2014,"Longevidade",15.79,"Taxas de mortalidade  60 a 69 anos (por mil hab.)"
3518206,"Guararapes",16.80570669,2016,"Longevidade",15.58,"Taxas de mortalidade  60 a 69 anos (por mil hab.)"
3518206,"Guararapes",14.52841242,2018,"Longevidade",15.4,"Taxas de mortalidade  60 a 69 anos (por mil hab.)"
3518206,"Guararapes",15.18151815,2020,"Longevidade",15.77,"Taxas de mortalidade  60 a 69 anos (por mil hab.)"
3518206,"Guararapes",17.38146663,2022,"Longevidade",18.13,"Taxas de mortalidade  60 a 69 anos (por mil hab.)"
3518206,"Guararapes",17.18917863,2024,"Longevidade",14.49,"Taxas de mortalidade  60 a 69 anos (por mil hab.)"
3518305,"Guararema",15.96292482,2014,"Longevidade",15.79,"Taxas de mortalidade  60 a 69 anos (por mil hab.)"
3518305,"Guararema",15.85835258,2016,"Longevidade",15.58,"Taxas de mortalidade  60 a 69 anos (por mil hab.)"
3518305,"Guararema",16.08055305,2018,"Longevidade",15.4,"Taxas de mortalidade  60 a 69 anos (por mil hab.)"
3518305,"Guararema",18.94102454,2020,"Longevidade",15.77,"Taxas de mortalidade  60 a 69 anos (por mil hab.)"
3518305,"Guararema",21.848969,2022,"Longevidade",18.13,"Taxas de mortalidade  60 a 69 anos (por mil hab.)"
3518305,"Guararema",15.726179460000001,2024,"Longevidade",14.49,"Taxas de mortalidade  60 a 69 anos (por mil hab.)"
3518404,"Guaratinguetá",19.27437642,2014,"Longevidade",15.79,"Taxas de mortalidade  60 a 69 anos (por mil hab.)"
3518404,"Guaratinguetá",18.25092565,2016,"Longevidade",15.58,"Taxas de mortalidade  60 a 69 anos (por mil hab.)"
3518404,"Guaratinguetá",17.62044858,2018,"Longevidade",15.4,"Taxas de mortalidade  60 a 69 anos (por mil hab.)"
3518404,"Guaratinguetá",17.76911951,2020,"Longevidade",15.77,"Taxas de mortalidade  60 a 69 anos (por mil hab.)"
3518404,"Guaratinguetá",19.23290101,2022,"Longevidade",18.13,"Taxas de mortalidade  60 a 69 anos (por mil hab.)"
3518404,"Guaratinguetá",16.0894882,2024,"Longevidade",14.49,"Taxas de mortalidade  60 a 69 anos (por mil hab.)"
3518503,"Guareí",11.68224299,2014,"Longevidade",15.79,"Taxas de mortalidade  60 a 69 anos (por mil hab.)"
3518503,"Guareí",12.21640489,2016,"Longevidade",15.58,"Taxas de mortalidade  60 a 69 anos (por mil hab.)"
3518503,"Guareí",15.79301075,2018,"Longevidade",15.4,"Taxas de mortalidade  60 a 69 anos (por mil hab.)"
3518503,"Guareí",20.26816339,2020,"Longevidade",15.77,"Taxas de mortalidade  60 a 69 anos (por mil hab.)"
3518503,"Guareí",18.48591549,2022,"Longevidade",18.13,"Taxas de mortalidade  60 a 69 anos (por mil hab.)"
3518503,"Guareí",13.83741043,2024,"Longevidade",14.49,"Taxas de mortalidade  60 a 69 anos (por mil hab.)"
3518602,"Guariba",16.21621622,2014,"Longevidade",15.79,"Taxas de mortalidade  60 a 69 anos (por mil hab.)"
3518602,"Guariba",17.55864588,2016,"Longevidade",15.58,"Taxas de mortalidade  60 a 69 anos (por mil hab.)"
3518602,"Guariba",18.40736295,2018,"Longevidade",15.4,"Taxas de mortalidade  60 a 69 anos (por mil hab.)"
3518602,"Guariba",18.87246063,2020,"Longevidade",15.77,"Taxas de mortalidade  60 a 69 anos (por mil hab.)"
3518602,"Guariba",21.54418198,2022,"Longevidade",18.13,"Taxas de mortalidade  60 a 69 anos (por mil hab.)"
3518602,"Guariba",18.59463692,2024,"Longevidade",14.49,"Taxas de mortalidade  60 a 69 anos (por mil hab.)"
3518701,"Guarujá",19.26348719,2014,"Longevidade",15.79,"Taxas de mortalidade  60 a 69 anos (por mil hab.)"
3518701,"Guarujá",18.11164365,2016,"Longevidade",15.58,"Taxas de mortalidade  60 a 69 anos (por mil hab.)"
3518701,"Guarujá",17.63756243,2018,"Longevidade",15.4,"Taxas de mortalidade  60 a 69 anos (por mil hab.)"
3518701,"Guarujá",18.86429523,2020,"Longevidade",15.77,"Taxas de mortalidade  60 a 69 anos (por mil hab.)"
3518701,"Guarujá",22.08644833,2022,"Longevidade",18.13,"Taxas de mortalidade  60 a 69 anos (por mil hab.)"
3518701,"Guarujá",18.58902576,2024,"Longevidade",14.49,"Taxas de mortalidade  60 a 69 anos (por mil hab.)"
3518800,"Guarulhos",18.45028635,2014,"Longevidade",15.79,"Taxas de mortalidade  60 a 69 anos (por mil hab.)"
3518800,"Guarulhos",17.71203482,2016,"Longevidade",15.58,"Taxas de mortalidade  60 a 69 anos (por mil hab.)"
3518800,"Guarulhos",17.63875116,2018,"Longevidade",15.4,"Taxas de mortalidade  60 a 69 anos (por mil hab.)"
3518800,"Guarulhos",18.17608705,2020,"Longevidade",15.77,"Taxas de mortalidade  60 a 69 anos (por mil hab.)"
3518800,"Guarulhos",20.72996025,2022,"Longevidade",18.13,"Taxas de mortalidade  60 a 69 anos (por mil hab.)"
3518800,"Guarulhos",16.85088472,2024,"Longevidade",14.49,"Taxas de mortalidade  60 a 69 anos (por mil hab.)"
3518859,"Guatapará",17.41293532,2014,"Longevidade",15.79,"Taxas de mortalidade  60 a 69 anos (por mil hab.)"
3518859,"Guatapará",15.59139785,2016,"Longevidade",15.58,"Taxas de mortalidade  60 a 69 anos (por mil hab.)"
3518859,"Guatapará",13.93188854,2018,"Longevidade",15.4,"Taxas de mortalidade  60 a 69 anos (por mil hab.)"
3518859,"Guatapará",13.3524082,2020,"Longevidade",15.77,"Taxas de mortalidade  60 a 69 anos (por mil hab.)"
3518859,"Guatapará",20.00909504,2022,"Longevidade",18.13,"Taxas de mortalidade  60 a 69 anos (por mil hab.)"
3518859,"Guatapará",17.16917923,2024,"Longevidade",14.49,"Taxas de mortalidade  60 a 69 anos (por mil hab.)"
3518909,"Guzolândia",21.70138889,2014,"Longevidade",15.79,"Taxas de mortalidade  60 a 69 anos (por mil hab.)"
3518909,"Guzolândia",16.66666667,2016,"Longevidade",15.58,"Taxas de mortalidade  60 a 69 anos (por mil hab.)"
3518909,"Guzolândia",10.91703057,2018,"Longevidade",15.4,"Taxas de mortalidade  60 a 69 anos (por mil hab.)"
3518909,"Guzolândia",18.85521886,2020,"Longevidade",15.77,"Taxas de mortalidade  60 a 69 anos (por mil hab.)"
3518909,"Guzolândia",26.13129382,2022,"Longevidade",18.13,"Taxas de mortalidade  60 a 69 anos (por mil hab.)"
3518909,"Guzolândia",17.54385965,2024,"Longevidade",14.49,"Taxas de mortalidade  60 a 69 anos (por mil hab.)"
3519006,"Herculândia",12.61829653,2014,"Longevidade",15.79,"Taxas de mortalidade  60 a 69 anos (por mil hab.)"
3519006,"Herculândia",20.55800294,2016,"Longevidade",15.58,"Taxas de mortalidade  60 a 69 anos (por mil hab.)"
3519006,"Herculândia",18.33568406,2018,"Longevidade",15.4,"Taxas de mortalidade  60 a 69 anos (por mil hab.)"
3519006,"Herculândia",15.13186338,2020,"Longevidade",15.77,"Taxas de mortalidade  60 a 69 anos (por mil hab.)"
3519006,"Herculândia",20.75848303,2022,"Longevidade",18.13,"Taxas de mortalidade  60 a 69 anos (por mil hab.)"
3519006,"Herculândia",19.81230448,2024,"Longevidade",14.49,"Taxas de mortalidade  60 a 69 anos (por mil hab.)"
3519055,"Holambra",11.4790287,2014,"Longevidade",15.79,"Taxas de mortalidade  60 a 69 anos (por mil hab.)"
3519055,"Holambra",10.75268817,2016,"Longevidade",15.58,"Taxas de mortalidade  60 a 69 anos (por mil hab.)"
3519055,"Holambra",9.784075574,2018,"Longevidade",15.4,"Taxas de mortalidade  60 a 69 anos (por mil hab.)"
3519055,"Holambra",11.71171171,2020,"Longevidade",15.77,"Taxas de mortalidade  60 a 69 anos (por mil hab.)"
3519055,"Holambra",10.95590249,2022,"Longevidade",18.13,"Taxas de mortalidade  60 a 69 anos (por mil hab.)"
3519055,"Holambra",10.46871282,2024,"Longevidade",14.49,"Taxas de mortalidade  60 a 69 anos (por mil hab.)"
3519071,"Hortolândia",17.47873163,2014,"Longevidade",15.79,"Taxas de mortalidade  60 a 69 anos (por mil hab.)"
3519071,"Hortolândia",15.82230336,2016,"Longevidade",15.58,"Taxas de mortalidade  60 a 69 anos (por mil hab.)"
3519071,"Hortolândia",15.33252259,2018,"Longevidade",15.4,"Taxas de mortalidade  60 a 69 anos (por mil hab.)"
3519071,"Hortolândia",15.42877646,2020,"Longevidade",15.77,"Taxas de mortalidade  60 a 69 anos (por mil hab.)"
3519071,"Hortolândia",17.80590236,2022,"Longevidade",18.13,"Taxas de mortalidade  60 a 69 anos (por mil hab.)"
3519071,"Hortolândia",14.58681946,2024,"Longevidade",14.49,"Taxas de mortalidade  60 a 69 anos (por mil hab.)"
3519105,"Iacanga",15.56101556,2014,"Longevidade",15.79,"Taxas de mortalidade  60 a 69 anos (por mil hab.)"
3519105,"Iacanga",14.79837218,2016,"Longevidade",15.58,"Taxas de mortalidade  60 a 69 anos (por mil hab.)"
3519105,"Iacanga",18.3982684,2018,"Longevidade",15.4,"Taxas de mortalidade  60 a 69 anos (por mil hab.)"
3519105,"Iacanga",18.53759011,2020,"Longevidade",15.77,"Taxas de mortalidade  60 a 69 anos (por mil hab.)"
3519105,"Iacanga",19.33792199,2022,"Longevidade",18.13,"Taxas de mortalidade  60 a 69 anos (por mil hab.)"
3519105,"Iacanga",20.97026604,2024,"Longevidade",14.49,"Taxas de mortalidade  60 a 69 anos (por mil hab.)"
3519204,"Iacri",12.93356849,2014,"Longevidade",15.79,"Taxas de mortalidade  60 a 69 anos (por mil hab.)"
3519204,"Iacri",9.366391185,2016,"Longevidade",15.58,"Taxas de mortalidade  60 a 69 anos (por mil hab.)"
3519204,"Iacri",12.4864278,2018,"Longevidade",15.4,"Taxas de mortalidade  60 a 69 anos (por mil hab.)"
3519204,"Iacri",12.05450734,2020,"Longevidade",15.77,"Taxas de mortalidade  60 a 69 anos (por mil hab.)"
3519204,"Iacri",20.11060835,2022,"Longevidade",18.13,"Taxas de mortalidade  60 a 69 anos (por mil hab.)"
3519204,"Iacri",18.94451962,2024,"Longevidade",14.49,"Taxas de mortalidade  60 a 69 anos (por mil hab.)"
3519253,"Iaras",16.42036125,2014,"Longevidade",15.79,"Taxas de mortalidade  60 a 69 anos (por mil hab.)"
3519253,"Iaras",30.75822604,2016,"Longevidade",15.58,"Taxas de mortalidade  60 a 69 anos (por mil hab.)"
3519253,"Iaras",28.17869416,2018,"Longevidade",15.4,"Taxas de mortalidade  60 a 69 anos (por mil hab.)"
3519253,"Iaras",22.0541903,2020,"Longevidade",15.77,"Taxas de mortalidade  60 a 69 anos (por mil hab.)"
3519253,"Iaras",35.24492234,2022,"Longevidade",18.13,"Taxas de mortalidade  60 a 69 anos (por mil hab.)"
3519253,"Iaras",21.91894127,2024,"Longevidade",14.49,"Taxas de mortalidade  60 a 69 anos (por mil hab.)"
3519303,"Ibaté",18.96094046,2014,"Longevidade",15.79,"Taxas de mortalidade  60 a 69 anos (por mil hab.)"
3519303,"Ibaté",17.34576992,2016,"Longevidade",15.58,"Taxas de mortalidade  60 a 69 anos (por mil hab.)"
3519303,"Ibaté",16.82242991,2018,"Longevidade",15.4,"Taxas de mortalidade  60 a 69 anos (por mil hab.)"
3519303,"Ibaté",16.5394402,2020,"Longevidade",15.77,"Taxas de mortalidade  60 a 69 anos (por mil hab.)"
3519303,"Ibaté",19.79688906,2022,"Longevidade",18.13,"Taxas de mortalidade  60 a 69 anos (por mil hab.)"
3519303,"Ibaté",16.80058437,2024,"Longevidade",14.49,"Taxas de mortalidade  60 a 69 anos (por mil hab.)"
3519402,"Ibirá",12.13418986,2014,"Longevidade",15.79,"Taxas de mortalidade  60 a 69 anos (por mil hab.)"
3519402,"Ibirá",16.81503462,2016,"Longevidade",15.58,"Taxas de mortalidade  60 a 69 anos (por mil hab.)"
3519402,"Ibirá",14.9348586,2018,"Longevidade",15.4,"Taxas de mortalidade  60 a 69 anos (por mil hab.)"
3519402,"Ibirá",13.36898396,2020,"Longevidade",15.77,"Taxas de mortalidade  60 a 69 anos (por mil hab.)"
3519402,"Ibirá",16.28755967,2022,"Longevidade",18.13,"Taxas de mortalidade  60 a 69 anos (por mil hab.)"
3519402,"Ibirá",13.16752012,2024,"Longevidade",14.49,"Taxas de mortalidade  60 a 69 anos (por mil hab.)"
3519501,"Ibirarema",15.23809524,2014,"Longevidade",15.79,"Taxas de mortalidade  60 a 69 anos (por mil hab.)"
3519501,"Ibirarema",16.33393829,2016,"Longevidade",15.58,"Taxas de mortalidade  60 a 69 anos (por mil hab.)"
3519501,"Ibirarema",16.07142857,2018,"Longevidade",15.4,"Taxas de mortalidade  60 a 69 anos (por mil hab.)"
3519501,"Ibirarema",20.14968336,2020,"Longevidade",15.77,"Taxas de mortalidade  60 a 69 anos (por mil hab.)"
3519501,"Ibirarema",24.46982055,2022,"Longevidade",18.13,"Taxas de mortalidade  60 a 69 anos (por mil hab.)"
3519501,"Ibirarema",19.76079043,2024,"Longevidade",14.49,"Taxas de mortalidade  60 a 69 anos (por mil hab.)"
3519600,"Ibitinga",18.03130891,2014,"Longevidade",15.79,"Taxas de mortalidade  60 a 69 anos (por mil hab.)"
3519600,"Ibitinga",17.10157747,2016,"Longevidade",15.58,"Taxas de mortalidade  60 a 69 anos (por mil hab.)"
3519600,"Ibitinga",17.50640478,2018,"Longevidade",15.4,"Taxas de mortalidade  60 a 69 anos (por mil hab.)"
3519600,"Ibitinga",18.10584958,2020,"Longevidade",15.77,"Taxas de mortalidade  60 a 69 anos (por mil hab.)"
3519600,"Ibitinga",20.40437767,2022,"Longevidade",18.13,"Taxas de mortalidade  60 a 69 anos (por mil hab.)"
3519600,"Ibitinga",17.77105057,2024,"Longevidade",14.49,"Taxas de mortalidade  60 a 69 anos (por mil hab.)"
3519709,"Ibiúna",18.46114123,2014,"Longevidade",15.79,"Taxas de mortalidade  60 a 69 anos (por mil hab.)"
3519709,"Ibiúna",18.95959237,2016,"Longevidade",15.58,"Taxas de mortalidade  60 a 69 anos (por mil hab.)"
3519709,"Ibiúna",18.98477745,2018,"Longevidade",15.4,"Taxas de mortalidade  60 a 69 anos (por mil hab.)"
3519709,"Ibiúna",19.45181256,2020,"Longevidade",15.77,"Taxas de mortalidade  60 a 69 anos (por mil hab.)"
3519709,"Ibiúna",23.17655078,2022,"Longevidade",18.13,"Taxas de mortalidade  60 a 69 anos (por mil hab.)"
3519709,"Ibiúna",18.31267834,2024,"Longevidade",14.49,"Taxas de mortalidade  60 a 69 anos (por mil hab.)"
3519808,"Icém",19.06519065,2014,"Longevidade",15.79,"Taxas de mortalidade  60 a 69 anos (por mil hab.)"
3519808,"Icém",20.79912425,2016,"Longevidade",15.58,"Taxas de mortalidade  60 a 69 anos (por mil hab.)"
3519808,"Icém",23.96166134,2018,"Longevidade",15.4,"Taxas de mortalidade  60 a 69 anos (por mil hab.)"
3519808,"Icém",20.14098691,2020,"Longevidade",15.77,"Taxas de mortalidade  60 a 69 anos (por mil hab.)"
3519808,"Icém",23.08802309,2022,"Longevidade",18.13,"Taxas de mortalidade  60 a 69 anos (por mil hab.)"
3519808,"Icém",18.22916667,2024,"Longevidade",14.49,"Taxas de mortalidade  60 a 69 anos (por mil hab.)"
3519907,"Iepê",17.46031746,2014,"Longevidade",15.79,"Taxas de mortalidade  60 a 69 anos (por mil hab.)"
3519907,"Iepê",11.39177811,2016,"Longevidade",15.58,"Taxas de mortalidade  60 a 69 anos (por mil hab.)"
3519907,"Iepê",13.39072214,2018,"Longevidade",15.4,"Taxas de mortalidade  60 a 69 anos (por mil hab.)"
3519907,"Iepê",16.55480984,2020,"Longevidade",15.77,"Taxas de mortalidade  60 a 69 anos (por mil hab.)"
3519907,"Iepê",18.0976431,2022,"Longevidade",18.13,"Taxas de mortalidade  60 a 69 anos (por mil hab.)"
3519907,"Iepê",18.25483753,2024,"Longevidade",14.49,"Taxas de mortalidade  60 a 69 anos (por mil hab.)"
3520004,"Igaraçu do Tietê",20.25028441,2014,"Longevidade",15.79,"Taxas de mortalidade  60 a 69 anos (por mil hab.)"
3520004,"Igaraçu do Tietê",21.75648703,2016,"Longevidade",15.58,"Taxas de mortalidade  60 a 69 anos (por mil hab.)"
3520004,"Igaraçu do Tietê",22.32311767,2018,"Longevidade",15.4,"Taxas de mortalidade  60 a 69 anos (por mil hab.)"
3520004,"Igaraçu do Tietê",24.01635156,2020,"Longevidade",15.77,"Taxas de mortalidade  60 a 69 anos (por mil hab.)"
3520004,"Igaraçu do Tietê",24.71424158,2022,"Longevidade",18.13,"Taxas de mortalidade  60 a 69 anos (por mil hab.)"
3520004,"Igaraçu do Tietê",19.31184551,2024,"Longevidade",14.49,"Taxas de mortalidade  60 a 69 anos (por mil hab.)"
3520103,"Igarapava",16.45309287,2014,"Longevidade",15.79,"Taxas de mortalidade  60 a 69 anos (por mil hab.)"
3520103,"Igarapava",19.49740035,2016,"Longevidade",15.58,"Taxas de mortalidade  60 a 69 anos (por mil hab.)"
3520103,"Igarapava",17.80745687,2018,"Longevidade",15.4,"Taxas de mortalidade  60 a 69 anos (por mil hab.)"
3520103,"Igarapava",16.55029739,2020,"Longevidade",15.77,"Taxas de mortalidade  60 a 69 anos (por mil hab.)"
3520103,"Igarapava",18.94076487,2022,"Longevidade",18.13,"Taxas de mortalidade  60 a 69 anos (por mil hab.)"
3520103,"Igarapava",17.19530615,2024,"Longevidade",14.49,"Taxas de mortalidade  60 a 69 anos (por mil hab.)"
3520202,"Igaratá",17.69087523,2014,"Longevidade",15.79,"Taxas de mortalidade  60 a 69 anos (por mil hab.)"
3520202,"Igaratá",21.3836478,2016,"Longevidade",15.58,"Taxas de mortalidade  60 a 69 anos (por mil hab.)"
3520202,"Igaratá",20.01633987,2018,"Longevidade",15.4,"Taxas de mortalidade  60 a 69 anos (por mil hab.)"
3520202,"Igaratá",17.48251748,2020,"Longevidade",15.77,"Taxas de mortalidade  60 a 69 anos (por mil hab.)"
3520202,"Igaratá",22.47191011,2022,"Longevidade",18.13,"Taxas de mortalidade  60 a 69 anos (por mil hab.)"
3520202,"Igaratá",14.33389545,2024,"Longevidade",14.49,"Taxas de mortalidade  60 a 69 anos (por mil hab.)"
3520301,"Iguape",15.69264069,2014,"Longevidade",15.79,"Taxas de mortalidade  60 a 69 anos (por mil hab.)"
3520301,"Iguape",15.86073501,2016,"Longevidade",15.58,"Taxas de mortalidade  60 a 69 anos (por mil hab.)"
3520301,"Iguape",15.41571898,2018,"Longevidade",15.4,"Taxas de mortalidade  60 a 69 anos (por mil hab.)"
3520301,"Iguape",17.21212121,2020,"Longevidade",15.77,"Taxas de mortalidade  60 a 69 anos (por mil hab.)"
3520301,"Iguape",22.58702992,2022,"Longevidade",18.13,"Taxas de mortalidade  60 a 69 anos (por mil hab.)"
3520301,"Iguape",16.58517879,2024,"Longevidade",14.49,"Taxas de mortalidade  60 a 69 anos (por mil hab.)"
3520400,"Ilhabela",16.72940192,2014,"Longevidade",15.79,"Taxas de mortalidade  60 a 69 anos (por mil hab.)"
3520400,"Ilhabela",12.77897768,2016,"Longevidade",15.58,"Taxas de mortalidade  60 a 69 anos (por mil hab.)"
3520400,"Ilhabela",12.67557383,2018,"Longevidade",15.4,"Taxas de mortalidade  60 a 69 anos (por mil hab.)"
3520400,"Ilhabela",14.64858968,2020,"Longevidade",15.77,"Taxas de mortalidade  60 a 69 anos (por mil hab.)"
3520400,"Ilhabela",14.90630324,2022,"Longevidade",18.13,"Taxas de mortalidade  60 a 69 anos (por mil hab.)"
3520400,"Ilhabela",14.96406268,2024,"Longevidade",14.49,"Taxas de mortalidade  60 a 69 anos (por mil hab.)"
3520426,"Ilha Comprida",19.88636364,2014,"Longevidade",15.79,"Taxas de mortalidade  60 a 69 anos (por mil hab.)"
3520426,"Ilha Comprida",24.68060395,2016,"Longevidade",15.58,"Taxas de mortalidade  60 a 69 anos (por mil hab.)"
3520426,"Ilha Comprida",26.21082621,2018,"Longevidade",15.4,"Taxas de mortalidade  60 a 69 anos (por mil hab.)"
3520426,"Ilha Comprida",28.9017341,2020,"Longevidade",15.77,"Taxas de mortalidade  60 a 69 anos (por mil hab.)"
3520426,"Ilha Comprida",32.36245955,2022,"Longevidade",18.13,"Taxas de mortalidade  60 a 69 anos (por mil hab.)"
3520426,"Ilha Comprida",13.422818790000001,2024,"Longevidade",14.49,"Taxas de mortalidade  60 a 69 anos (por mil hab.)"
3520442,"Ilha Solteira",12.31493012,2014,"Longevidade",15.79,"Taxas de mortalidade  60 a 69 anos (por mil hab.)"
3520442,"Ilha Solteira",12.5,2016,"Longevidade",15.58,"Taxas de mortalidade  60 a 69 anos (por mil hab.)"
3520442,"Ilha Solteira",14.29980276,2018,"Longevidade",15.4,"Taxas de mortalidade  60 a 69 anos (por mil hab.)"
3520442,"Ilha Solteira",15.18361582,2020,"Longevidade",15.77,"Taxas de mortalidade  60 a 69 anos (por mil hab.)"
3520442,"Ilha Solteira",14.55653351,2022,"Longevidade",18.13,"Taxas de mortalidade  60 a 69 anos (por mil hab.)"
3520442,"Ilha Solteira",11.63428822,2024,"Longevidade",14.49,"Taxas de mortalidade  60 a 69 anos (por mil hab.)"
3520509,"Indaiatuba",13.52840496,2014,"Longevidade",15.79,"Taxas de mortalidade  60 a 69 anos (por mil hab.)"
3520509,"Indaiatuba",13.84330807,2016,"Longevidade",15.58,"Taxas de mortalidade  60 a 69 anos (por mil hab.)"
3520509,"Indaiatuba",13.49581459,2018,"Longevidade",15.4,"Taxas de mortalidade  60 a 69 anos (por mil hab.)"
3520509,"Indaiatuba",14.19102504,2020,"Longevidade",15.77,"Taxas de mortalidade  60 a 69 anos (por mil hab.)"
3520509,"Indaiatuba",16.00712842,2022,"Longevidade",18.13,"Taxas de mortalidade  60 a 69 anos (por mil hab.)"
3520509,"Indaiatuba",11.29670625,2024,"Longevidade",14.49,"Taxas de mortalidade  60 a 69 anos (por mil hab.)"
3520608,"Indiana",15.52287582,2014,"Longevidade",15.79,"Taxas de mortalidade  60 a 69 anos (por mil hab.)"
3520608,"Indiana",23.36448598,2016,"Longevidade",15.58,"Taxas de mortalidade  60 a 69 anos (por mil hab.)"
3520608,"Indiana",19.83218917,2018,"Longevidade",15.4,"Taxas de mortalidade  60 a 69 anos (por mil hab.)"
3520608,"Indiana",12.42690058,2020,"Longevidade",15.77,"Taxas de mortalidade  60 a 69 anos (por mil hab.)"
3520608,"Indiana",17.54385965,2022,"Longevidade",18.13,"Taxas de mortalidade  60 a 69 anos (por mil hab.)"
3520608,"Indiana",15.02021953,2024,"Longevidade",14.49,"Taxas de mortalidade  60 a 69 anos (por mil hab.)"
3520707,"Indiaporã",14.35406699,2014,"Longevidade",15.79,"Taxas de mortalidade  60 a 69 anos (por mil hab.)"
3520707,"Indiaporã",15.29051988,2016,"Longevidade",15.58,"Taxas de mortalidade  60 a 69 anos (por mil hab.)"
3520707,"Indiaporã",18.55976244,2018,"Longevidade",15.4,"Taxas de mortalidade  60 a 69 anos (por mil hab.)"
3520707,"Indiaporã",17.54385965,2020,"Longevidade",15.77,"Taxas de mortalidade  60 a 69 anos (por mil hab.)"
3520707,"Indiaporã",19.76823449,2022,"Longevidade",18.13,"Taxas de mortalidade  60 a 69 anos (por mil hab.)"
3520707,"Indiaporã",13.10541311,2024,"Longevidade",14.49,"Taxas de mortalidade  60 a 69 anos (por mil hab.)"
3520806,"Inúbia Paulista",17.66784452,2014,"Longevidade",15.79,"Taxas de mortalidade  60 a 69 anos (por mil hab.)"
3520806,"Inúbia Paulista",13.9335477,2016,"Longevidade",15.58,"Taxas de mortalidade  60 a 69 anos (por mil hab.)"
3520806,"Inúbia Paulista",12.30769231,2018,"Longevidade",15.4,"Taxas de mortalidade  60 a 69 anos (por mil hab.)"
3520806,"Inúbia Paulista",10.3286385,2020,"Longevidade",15.77,"Taxas de mortalidade  60 a 69 anos (por mil hab.)"
3520806,"Inúbia Paulista",16.49305556,2022,"Longevidade",18.13,"Taxas de mortalidade  60 a 69 anos (por mil hab.)"
3520806,"Inúbia Paulista",19.43198804,2024,"Longevidade",14.49,"Taxas de mortalidade  60 a 69 anos (por mil hab.)"
3520905,"Ipaussu",18.50048685,2014,"Longevidade",15.79,"Taxas de mortalidade  60 a 69 anos (por mil hab.)"
3520905,"Ipaussu",18.89092017,2016,"Longevidade",15.58,"Taxas de mortalidade  60 a 69 anos (por mil hab.)"
3520905,"Ipaussu",17.809439,2018,"Longevidade",15.4,"Taxas de mortalidade  60 a 69 anos (por mil hab.)"
3520905,"Ipaussu",20.02256063,2020,"Longevidade",15.77,"Taxas de mortalidade  60 a 69 anos (por mil hab.)"
3520905,"Ipaussu",22.61239691,2022,"Longevidade",18.13,"Taxas de mortalidade  60 a 69 anos (por mil hab.)"
3520905,"Ipaussu",17.4432497,2024,"Longevidade",14.49,"Taxas de mortalidade  60 a 69 anos (por mil hab.)"
3521002,"Iperó",17.24137931,2014,"Longevidade",15.79,"Taxas de mortalidade  60 a 69 anos (por mil hab.)"
3521002,"Iperó",16.14763552,2016,"Longevidade",15.58,"Taxas de mortalidade  60 a 69 anos (por mil hab.)"
3521002,"Iperó",15.7763199,2018,"Longevidade",15.4,"Taxas de mortalidade  60 a 69 anos (por mil hab.)"
3521002,"Iperó",15.18346689,2020,"Longevidade",15.77,"Taxas de mortalidade  60 a 69 anos (por mil hab.)"
3521002,"Iperó",20.1394268,2022,"Longevidade",18.13,"Taxas de mortalidade  60 a 69 anos (por mil hab.)"
3521002,"Iperó",14.20425091,2024,"Longevidade",14.49,"Taxas de mortalidade  60 a 69 anos (por mil hab.)"
3521101,"Ipeúna",11.93520887,2014,"Longevidade",15.79,"Taxas de mortalidade  60 a 69 anos (por mil hab.)"
3521101,"Ipeúna",11.79941003,2016,"Longevidade",15.58,"Taxas de mortalidade  60 a 69 anos (por mil hab.)"
3521101,"Ipeúna",14.0944327,2018,"Longevidade",15.4,"Taxas de mortalidade  60 a 69 anos (por mil hab.)"
3521101,"Ipeúna",17.40812379,2020,"Longevidade",15.77,"Taxas de mortalidade  60 a 69 anos (por mil hab.)"
3521101,"Ipeúna",16.18705036,2022,"Longevidade",18.13,"Taxas de mortalidade  60 a 69 anos (por mil hab.)"
3521101,"Ipeúna",13.84615385,2024,"Longevidade",14.49,"Taxas de mortalidade  60 a 69 anos (por mil hab.)"
3521150,"Ipiguá",10.98039216,2014,"Longevidade",15.79,"Taxas de mortalidade  60 a 69 anos (por mil hab.)"
3521150,"Ipiguá",12.05673759,2016,"Longevidade",15.58,"Taxas de mortalidade  60 a 69 anos (por mil hab.)"
3521150,"Ipiguá",12.52609603,2018,"Longevidade",15.4,"Taxas de mortalidade  60 a 69 anos (por mil hab.)"
3521150,"Ipiguá",9.352037408,2020,"Longevidade",15.77,"Taxas de mortalidade  60 a 69 anos (por mil hab.)"
3521150,"Ipiguá",17.44186047,2022,"Longevidade",18.13,"Taxas de mortalidade  60 a 69 anos (por mil hab.)"
3521150,"Ipiguá",12.76789786,2024,"Longevidade",14.49,"Taxas de mortalidade  60 a 69 anos (por mil hab.)"
3521200,"Iporanga",14.04853129,2014,"Longevidade",15.79,"Taxas de mortalidade  60 a 69 anos (por mil hab.)"
3521200,"Iporanga",9.291521487,2016,"Longevidade",15.58,"Taxas de mortalidade  60 a 69 anos (por mil hab.)"
3521200,"Iporanga",8.800880088,2018,"Longevidade",15.4,"Taxas de mortalidade  60 a 69 anos (por mil hab.)"
3521200,"Iporanga",17.75147929,2020,"Longevidade",15.77,"Taxas de mortalidade  60 a 69 anos (por mil hab.)"
3521200,"Iporanga",19.17808219,2022,"Longevidade",18.13,"Taxas de mortalidade  60 a 69 anos (por mil hab.)"
3521200,"Iporanga",11.13762928,2024,"Longevidade",14.49,"Taxas de mortalidade  60 a 69 anos (por mil hab.)"
3521309,"Ipuã",15.95937613,2014,"Longevidade",15.79,"Taxas de mortalidade  60 a 69 anos (por mil hab.)"
3521309,"Ipuã",20,2016,"Longevidade",15.58,"Taxas de mortalidade  60 a 69 anos (por mil hab.)"
3521309,"Ipuã",18.5013876,2018,"Longevidade",15.4,"Taxas de mortalidade  60 a 69 anos (por mil hab.)"
3521309,"Ipuã",14.55604076,2020,"Longevidade",15.77,"Taxas de mortalidade  60 a 69 anos (por mil hab.)"
3521309,"Ipuã",17.78872469,2022,"Longevidade",18.13,"Taxas de mortalidade  60 a 69 anos (por mil hab.)"
3521309,"Ipuã",16.55207538,2024,"Longevidade",14.49,"Taxas de mortalidade  60 a 69 anos (por mil hab.)"
3521408,"Iracemápolis",17.04834606,2014,"Longevidade",15.79,"Taxas de mortalidade  60 a 69 anos (por mil hab.)"
3521408,"Iracemápolis",12.99545159,2016,"Longevidade",15.58,"Taxas de mortalidade  60 a 69 anos (por mil hab.)"
3521408,"Iracemápolis",11.17886179,2018,"Longevidade",15.4,"Taxas de mortalidade  60 a 69 anos (por mil hab.)"
3521408,"Iracemápolis",13.08947463,2020,"Longevidade",15.77,"Taxas de mortalidade  60 a 69 anos (por mil hab.)"
3521408,"Iracemápolis",18.59036534,2022,"Longevidade",18.13,"Taxas de mortalidade  60 a 69 anos (por mil hab.)"
3521408,"Iracemápolis",14.47891806,2024,"Longevidade",14.49,"Taxas de mortalidade  60 a 69 anos (por mil hab.)"
3521507,"Irapuã",14.44444444,2014,"Longevidade",15.79,"Taxas de mortalidade  60 a 69 anos (por mil hab.)"
3521507,"Irapuã",17.72525849,2016,"Longevidade",15.58,"Taxas de mortalidade  60 a 69 anos (por mil hab.)"
3521507,"Irapuã",20.0286123,2018,"Longevidade",15.4,"Taxas de mortalidade  60 a 69 anos (por mil hab.)"
3521507,"Irapuã",18.46846847,2020,"Longevidade",15.77,"Taxas de mortalidade  60 a 69 anos (por mil hab.)"
3521507,"Irapuã",16.40759931,2022,"Longevidade",18.13,"Taxas de mortalidade  60 a 69 anos (por mil hab.)"
3521507,"Irapuã",15.93291405,2024,"Longevidade",14.49,"Taxas de mortalidade  60 a 69 anos (por mil hab.)"
3521606,"Irapuru",21.42501246,2014,"Longevidade",15.79,"Taxas de mortalidade  60 a 69 anos (por mil hab.)"
3521606,"Irapuru",18.17312291,2016,"Longevidade",15.58,"Taxas de mortalidade  60 a 69 anos (por mil hab.)"
3521606,"Irapuru",20.95238095,2018,"Longevidade",15.4,"Taxas de mortalidade  60 a 69 anos (por mil hab.)"
3521606,"Irapuru",19.30320151,2020,"Longevidade",15.77,"Taxas de mortalidade  60 a 69 anos (por mil hab.)"
3521606,"Irapuru",15.74074074,2022,"Longevidade",18.13,"Taxas de mortalidade  60 a 69 anos (por mil hab.)"
3521606,"Irapuru",13.3851468,2024,"Longevidade",14.49,"Taxas de mortalidade  60 a 69 anos (por mil hab.)"
3521705,"Itaberá",15.24090462,2014,"Longevidade",15.79,"Taxas de mortalidade  60 a 69 anos (por mil hab.)"
3521705,"Itaberá",14.63963964,2016,"Longevidade",15.58,"Taxas de mortalidade  60 a 69 anos (por mil hab.)"
3521705,"Itaberá",16.84164479,2018,"Longevidade",15.4,"Taxas de mortalidade  60 a 69 anos (por mil hab.)"
3521705,"Itaberá",14.84230056,2020,"Longevidade",15.77,"Taxas de mortalidade  60 a 69 anos (por mil hab.)"
3521705,"Itaberá",16.05010765,2022,"Longevidade",18.13,"Taxas de mortalidade  60 a 69 anos (por mil hab.)"
3521705,"Itaberá",15.48269581,2024,"Longevidade",14.49,"Taxas de mortalidade  60 a 69 anos (por mil hab.)"
3521804,"Itaí",18.36945304,2014,"Longevidade",15.79,"Taxas de mortalidade  60 a 69 anos (por mil hab.)"
3521804,"Itaí",21.21539015,2016,"Longevidade",15.58,"Taxas de mortalidade  60 a 69 anos (por mil hab.)"
3521804,"Itaí",19.42421089,2018,"Longevidade",15.4,"Taxas de mortalidade  60 a 69 anos (por mil hab.)"
3521804,"Itaí",14.2118863,2020,"Longevidade",15.77,"Taxas de mortalidade  60 a 69 anos (por mil hab.)"
3521804,"Itaí",21.80826897,2022,"Longevidade",18.13,"Taxas de mortalidade  60 a 69 anos (por mil hab.)"
3521804,"Itaí",20.30254777,2024,"Longevidade",14.49,"Taxas de mortalidade  60 a 69 anos (por mil hab.)"
3521903,"Itajobi",15.27777778,2014,"Longevidade",15.79,"Taxas de mortalidade  60 a 69 anos (por mil hab.)"
3521903,"Itajobi",15.67869416,2016,"Longevidade",15.58,"Taxas de mortalidade  60 a 69 anos (por mil hab.)"
3521903,"Itajobi",15.59207754,2018,"Longevidade",15.4,"Taxas de mortalidade  60 a 69 anos (por mil hab.)"
3521903,"Itajobi",15.05901506,2020,"Longevidade",15.77,"Taxas de mortalidade  60 a 69 anos (por mil hab.)"
3521903,"Itajobi",15.58185404,2022,"Longevidade",18.13,"Taxas de mortalidade  60 a 69 anos (por mil hab.)"
3521903,"Itajobi",13.39046599,2024,"Longevidade",14.49,"Taxas de mortalidade  60 a 69 anos (por mil hab.)"
3522000,"Itaju",23.4741784,2014,"Longevidade",15.79,"Taxas de mortalidade  60 a 69 anos (por mil hab.)"
3522000,"Itaju",11.42263759,2016,"Longevidade",15.58,"Taxas de mortalidade  60 a 69 anos (por mil hab.)"
3522000,"Itaju",14.35897436,2018,"Longevidade",15.4,"Taxas de mortalidade  60 a 69 anos (por mil hab.)"
3522000,"Itaju",19.72386588,2020,"Longevidade",15.77,"Taxas de mortalidade  60 a 69 anos (por mil hab.)"
3522000,"Itaju",15.4589372,2022,"Longevidade",18.13,"Taxas de mortalidade  60 a 69 anos (por mil hab.)"
3522000,"Itaju",16.85823755,2024,"Longevidade",14.49,"Taxas de mortalidade  60 a 69 anos (por mil hab.)"
3522109,"Itanhaém",19.23155278,2014,"Longevidade",15.79,"Taxas de mortalidade  60 a 69 anos (por mil hab.)"
3522109,"Itanhaém",22.02693449,2016,"Longevidade",15.58,"Taxas de mortalidade  60 a 69 anos (por mil hab.)"
3522109,"Itanhaém",23.76126126,2018,"Longevidade",15.4,"Taxas de mortalidade  60 a 69 anos (por mil hab.)"
3522109,"Itanhaém",23.98186737,2020,"Longevidade",15.77,"Taxas de mortalidade  60 a 69 anos (por mil hab.)"
3522109,"Itanhaém",28.20595739,2022,"Longevidade",18.13,"Taxas de mortalidade  60 a 69 anos (por mil hab.)"
3522109,"Itanhaém",16.38529166,2024,"Longevidade",14.49,"Taxas de mortalidade  60 a 69 anos (por mil hab.)"
3522158,"Itaoca",10.54018445,2014,"Longevidade",15.79,"Taxas de mortalidade  60 a 69 anos (por mil hab.)"
3522158,"Itaoca",15.09433962,2016,"Longevidade",15.58,"Taxas de mortalidade  60 a 69 anos (por mil hab.)"
3522158,"Itaoca",15.53166069,2018,"Longevidade",15.4,"Taxas de mortalidade  60 a 69 anos (por mil hab.)"
3522158,"Itaoca",17.60176018,2020,"Longevidade",15.77,"Taxas de mortalidade  60 a 69 anos (por mil hab.)"
3522158,"Itaoca",18.75,2022,"Longevidade",18.13,"Taxas de mortalidade  60 a 69 anos (por mil hab.)"
3522158,"Itaoca",12.47771836,2024,"Longevidade",14.49,"Taxas de mortalidade  60 a 69 anos (por mil hab.)"
3522208,"Itapecerica da Serra",19.70323522,2014,"Longevidade",15.79,"Taxas de mortalidade  60 a 69 anos (por mil hab.)"
3522208,"Itapecerica da Serra",20.20718326,2016,"Longevidade",15.58,"Taxas de mortalidade  60 a 69 anos (por mil hab.)"
3522208,"Itapecerica da Serra",20.72976573,2018,"Longevidade",15.4,"Taxas de mortalidade  60 a 69 anos (por mil hab.)"
3522208,"Itapecerica da Serra",20.05501819,2020,"Longevidade",15.77,"Taxas de mortalidade  60 a 69 anos (por mil hab.)"
3522208,"Itapecerica da Serra",23.28120309,2022,"Longevidade",18.13,"Taxas de mortalidade  60 a 69 anos (por mil hab.)"
3522208,"Itapecerica da Serra",18.40983195,2024,"Longevidade",14.49,"Taxas de mortalidade  60 a 69 anos (por mil hab.)"
3522307,"Itapetininga",18.86481317,2014,"Longevidade",15.79,"Taxas de mortalidade  60 a 69 anos (por mil hab.)"
3522307,"Itapetininga",18.33449558,2016,"Longevidade",15.58,"Taxas de mortalidade  60 a 69 anos (por mil hab.)"
3522307,"Itapetininga",17.89952808,2018,"Longevidade",15.4,"Taxas de mortalidade  60 a 69 anos (por mil hab.)"
3522307,"Itapetininga",17.45552199,2020,"Longevidade",15.77,"Taxas de mortalidade  60 a 69 anos (por mil hab.)"
3522307,"Itapetininga",22.36406276,2022,"Longevidade",18.13,"Taxas de mortalidade  60 a 69 anos (por mil hab.)"
3522307,"Itapetininga",17.88457318,2024,"Longevidade",14.49,"Taxas de mortalidade  60 a 69 anos (por mil hab.)"
3522406,"Itapeva",20.34155155,2014,"Longevidade",15.79,"Taxas de mortalidade  60 a 69 anos (por mil hab.)"
3522406,"Itapeva",18.53905879,2016,"Longevidade",15.58,"Taxas de mortalidade  60 a 69 anos (por mil hab.)"
3522406,"Itapeva",18.12039312,2018,"Longevidade",15.4,"Taxas de mortalidade  60 a 69 anos (por mil hab.)"
3522406,"Itapeva",18.33670228,2020,"Longevidade",15.77,"Taxas de mortalidade  60 a 69 anos (por mil hab.)"
3522406,"Itapeva",24.0665767,2022,"Longevidade",18.13,"Taxas de mortalidade  60 a 69 anos (por mil hab.)"
3522406,"Itapeva",19.31649331,2024,"Longevidade",14.49,"Taxas de mortalidade  60 a 69 anos (por mil hab.)"
3522505,"Itapevi",20.23928215,2014,"Longevidade",15.79,"Taxas de mortalidade  60 a 69 anos (por mil hab.)"
3522505,"Itapevi",19.73629654,2016,"Longevidade",15.58,"Taxas de mortalidade  60 a 69 anos (por mil hab.)"
3522505,"Itapevi",18.94978959,2018,"Longevidade",15.4,"Taxas de mortalidade  60 a 69 anos (por mil hab.)"
3522505,"Itapevi",19.14256295,2020,"Longevidade",15.77,"Taxas de mortalidade  60 a 69 anos (por mil hab.)"
3522505,"Itapevi",21.78163118,2022,"Longevidade",18.13,"Taxas de mortalidade  60 a 69 anos (por mil hab.)"
3522505,"Itapevi",19.59748871,2024,"Longevidade",14.49,"Taxas de mortalidade  60 a 69 anos (por mil hab.)"
3522604,"Itapira",18.63530481,2014,"Longevidade",15.79,"Taxas de mortalidade  60 a 69 anos (por mil hab.)"
3522604,"Itapira",19.52112246,2016,"Longevidade",15.58,"Taxas de mortalidade  60 a 69 anos (por mil hab.)"
3522604,"Itapira",18.36033382,2018,"Longevidade",15.4,"Taxas de mortalidade  60 a 69 anos (por mil hab.)"
3522604,"Itapira",17.97340669,2020,"Longevidade",15.77,"Taxas de mortalidade  60 a 69 anos (por mil hab.)"
3522604,"Itapira",19.90179464,2022,"Longevidade",18.13,"Taxas de mortalidade  60 a 69 anos (por mil hab.)"
3522604,"Itapira",16.29830843,2024,"Longevidade",14.49,"Taxas de mortalidade  60 a 69 anos (por mil hab.)"
3522653,"Itapirapuã Paulista",16.4765526,2014,"Longevidade",15.79,"Taxas de mortalidade  60 a 69 anos (por mil hab.)"
3522653,"Itapirapuã Paulista",14.44043321,2016,"Longevidade",15.58,"Taxas de mortalidade  60 a 69 anos (por mil hab.)"
3522653,"Itapirapuã Paulista",15.64380265,2018,"Longevidade",15.4,"Taxas de mortalidade  60 a 69 anos (por mil hab.)"
3522653,"Itapirapuã Paulista",17.85714286,2020,"Longevidade",15.77,"Taxas de mortalidade  60 a 69 anos (por mil hab.)"
3522653,"Itapirapuã Paulista",20.90592334,2022,"Longevidade",18.13,"Taxas de mortalidade  60 a 69 anos (por mil hab.)"
3522653,"Itapirapuã Paulista",23.31002331,2024,"Longevidade",14.49,"Taxas de mortalidade  60 a 69 anos (por mil hab.)"
3522703,"Itápolis",16.44245142,2014,"Longevidade",15.79,"Taxas de mortalidade  60 a 69 anos (por mil hab.)"
3522703,"Itápolis",15.61345159,2016,"Longevidade",15.58,"Taxas de mortalidade  60 a 69 anos (por mil hab.)"
3522703,"Itápolis",14.38331535,2018,"Longevidade",15.4,"Taxas de mortalidade  60 a 69 anos (por mil hab.)"
3522703,"Itápolis",16.08373755,2020,"Longevidade",15.77,"Taxas de mortalidade  60 a 69 anos (por mil hab.)"
3522703,"Itápolis",16.46586345,2022,"Longevidade",18.13,"Taxas de mortalidade  60 a 69 anos (por mil hab.)"
3522703,"Itápolis",14.14615084,2024,"Longevidade",14.49,"Taxas de mortalidade  60 a 69 anos (por mil hab.)"
3522802,"Itaporanga",14.03508772,2014,"Longevidade",15.79,"Taxas de mortalidade  60 a 69 anos (por mil hab.)"
3522802,"Itaporanga",17.42758959,2016,"Longevidade",15.58,"Taxas de mortalidade  60 a 69 anos (por mil hab.)"
3522802,"Itaporanga",16.95319962,2018,"Longevidade",15.4,"Taxas de mortalidade  60 a 69 anos (por mil hab.)"
3522802,"Itaporanga",17.88949275,2020,"Longevidade",15.77,"Taxas de mortalidade  60 a 69 anos (por mil hab.)"
3522802,"Itaporanga",18.32460733,2022,"Longevidade",18.13,"Taxas de mortalidade  60 a 69 anos (por mil hab.)"
3522802,"Itaporanga",15.26104418,2024,"Longevidade",14.49,"Taxas de mortalidade  60 a 69 anos (por mil hab.)"
3522901,"Itapuí",23.91799544,2014,"Longevidade",15.79,"Taxas de mortalidade  60 a 69 anos (por mil hab.)"
3522901,"Itapuí",15.98173516,2016,"Longevidade",15.58,"Taxas de mortalidade  60 a 69 anos (por mil hab.)"
3522901,"Itapuí",10.61173533,2018,"Longevidade",15.4,"Taxas de mortalidade  60 a 69 anos (por mil hab.)"
3522901,"Itapuí",14.865637510000001,2020,"Longevidade",15.77,"Taxas de mortalidade  60 a 69 anos (por mil hab.)"
3522901,"Itapuí",23.21857486,2022,"Longevidade",18.13,"Taxas de mortalidade  60 a 69 anos (por mil hab.)"
3522901,"Itapuí",16.66666667,2024,"Longevidade",14.49,"Taxas de mortalidade  60 a 69 anos (por mil hab.)"
3523008,"Itapura",18.67413632,2014,"Longevidade",15.79,"Taxas de mortalidade  60 a 69 anos (por mil hab.)"
3523008,"Itapura",15.99326599,2016,"Longevidade",15.58,"Taxas de mortalidade  60 a 69 anos (por mil hab.)"
3523008,"Itapura",16.33986928,2018,"Longevidade",15.4,"Taxas de mortalidade  60 a 69 anos (por mil hab.)"
3523008,"Itapura",17.87101787,2020,"Longevidade",15.77,"Taxas de mortalidade  60 a 69 anos (por mil hab.)"
3523008,"Itapura",24.33628319,2022,"Longevidade",18.13,"Taxas de mortalidade  60 a 69 anos (por mil hab.)"
3523008,"Itapura",20.24291498,2024,"Longevidade",14.49,"Taxas de mortalidade  60 a 69 anos (por mil hab.)"
3523107,"Itaquaquecetuba",20.10050251,2014,"Longevidade",15.79,"Taxas de mortalidade  60 a 69 anos (por mil hab.)"
3523107,"Itaquaquecetuba",19.30283895,2016,"Longevidade",15.58,"Taxas de mortalidade  60 a 69 anos (por mil hab.)"
3523107,"Itaquaquecetuba",18.82213007,2018,"Longevidade",15.4,"Taxas de mortalidade  60 a 69 anos (por mil hab.)"
3523107,"Itaquaquecetuba",18.61872097,2020,"Longevidade",15.77,"Taxas de mortalidade  60 a 69 anos (por mil hab.)"
3523107,"Itaquaquecetuba",20.91257187,2022,"Longevidade",18.13,"Taxas de mortalidade  60 a 69 anos (por mil hab.)"
3523107,"Itaquaquecetuba",17.04148784,2024,"Longevidade",14.49,"Taxas de mortalidade  60 a 69 anos (por mil hab.)"
3523206,"Itararé",16.21462264,2014,"Longevidade",15.79,"Taxas de mortalidade  60 a 69 anos (por mil hab.)"
3523206,"Itararé",17.58124667,2016,"Longevidade",15.58,"Taxas de mortalidade  60 a 69 anos (por mil hab.)"
3523206,"Itararé",18.59024012,2018,"Longevidade",15.4,"Taxas de mortalidade  60 a 69 anos (por mil hab.)"
3523206,"Itararé",18.69839728,2020,"Longevidade",15.77,"Taxas de mortalidade  60 a 69 anos (por mil hab.)"
3523206,"Itararé",24.54364166,2022,"Longevidade",18.13,"Taxas de mortalidade  60 a 69 anos (por mil hab.)"
3523206,"Itararé",18.04863314,2024,"Longevidade",14.49,"Taxas de mortalidade  60 a 69 anos (por mil hab.)"
3523305,"Itariri",15.31100478,2014,"Longevidade",15.79,"Taxas de mortalidade  60 a 69 anos (por mil hab.)"
3523305,"Itariri",16.08986035,2016,"Longevidade",15.58,"Taxas de mortalidade  60 a 69 anos (por mil hab.)"
3523305,"Itariri",16.43192488,2018,"Longevidade",15.4,"Taxas de mortalidade  60 a 69 anos (por mil hab.)"
3523305,"Itariri",18.4420589,2020,"Longevidade",15.77,"Taxas de mortalidade  60 a 69 anos (por mil hab.)"
3523305,"Itariri",24.12451362,2022,"Longevidade",18.13,"Taxas de mortalidade  60 a 69 anos (por mil hab.)"
3523305,"Itariri",13.86181503,2024,"Longevidade",14.49,"Taxas de mortalidade  60 a 69 anos (por mil hab.)"
3523404,"Itatiba",14.02461093,2014,"Longevidade",15.79,"Taxas de mortalidade  60 a 69 anos (por mil hab.)"
3523404,"Itatiba",14.68463191,2016,"Longevidade",15.58,"Taxas de mortalidade  60 a 69 anos (por mil hab.)"
3523404,"Itatiba",15.25834732,2018,"Longevidade",15.4,"Taxas de mortalidade  60 a 69 anos (por mil hab.)"
3523404,"Itatiba",13.76537531,2020,"Longevidade",15.77,"Taxas de mortalidade  60 a 69 anos (por mil hab.)"
3523404,"Itatiba",16.11735449,2022,"Longevidade",18.13,"Taxas de mortalidade  60 a 69 anos (por mil hab.)"
3523404,"Itatiba",12.70279787,2024,"Longevidade",14.49,"Taxas de mortalidade  60 a 69 anos (por mil hab.)"
3523503,"Itatinga",13.19176319,2014,"Longevidade",15.79,"Taxas de mortalidade  60 a 69 anos (por mil hab.)"
3523503,"Itatinga",17.0212766,2016,"Longevidade",15.58,"Taxas de mortalidade  60 a 69 anos (por mil hab.)"
3523503,"Itatinga",16.18122977,2018,"Longevidade",15.4,"Taxas de mortalidade  60 a 69 anos (por mil hab.)"
3523503,"Itatinga",16.56920078,2020,"Longevidade",15.77,"Taxas de mortalidade  60 a 69 anos (por mil hab.)"
3523503,"Itatinga",17.3564753,2022,"Longevidade",18.13,"Taxas de mortalidade  60 a 69 anos (por mil hab.)"
3523503,"Itatinga",15.1220566,2024,"Longevidade",14.49,"Taxas de mortalidade  60 a 69 anos (por mil hab.)"
3523602,"Itirapina",14.06926407,2014,"Longevidade",15.79,"Taxas de mortalidade  60 a 69 anos (por mil hab.)"
3523602,"Itirapina",14.9156939,2016,"Longevidade",15.58,"Taxas de mortalidade  60 a 69 anos (por mil hab.)"
3523602,"Itirapina",15.40880503,2018,"Longevidade",15.4,"Taxas de mortalidade  60 a 69 anos (por mil hab.)"
3523602,"Itirapina",18.0580225,2020,"Longevidade",15.77,"Taxas de mortalidade  60 a 69 anos (por mil hab.)"
3523602,"Itirapina",18.6577555,2022,"Longevidade",18.13,"Taxas de mortalidade  60 a 69 anos (por mil hab.)"
3523602,"Itirapina",16.16915423,2024,"Longevidade",14.49,"Taxas de mortalidade  60 a 69 anos (por mil hab.)"
3523701,"Itirapuã",15.94202899,2014,"Longevidade",15.79,"Taxas de mortalidade  60 a 69 anos (por mil hab.)"
3523701,"Itirapuã",22.39789196,2016,"Longevidade",15.58,"Taxas de mortalidade  60 a 69 anos (por mil hab.)"
3523701,"Itirapuã",19.45525292,2018,"Longevidade",15.4,"Taxas de mortalidade  60 a 69 anos (por mil hab.)"
3523701,"Itirapuã",16.98113208,2020,"Longevidade",15.77,"Taxas de mortalidade  60 a 69 anos (por mil hab.)"
3523701,"Itirapuã",18.82210079,2022,"Longevidade",18.13,"Taxas de mortalidade  60 a 69 anos (por mil hab.)"
3523701,"Itirapuã",16.78657074,2024,"Longevidade",14.49,"Taxas de mortalidade  60 a 69 anos (por mil hab.)"
3523800,"Itobi",15.98173516,2014,"Longevidade",15.79,"Taxas de mortalidade  60 a 69 anos (por mil hab.)"
3523800,"Itobi",13.84615385,2016,"Longevidade",15.58,"Taxas de mortalidade  60 a 69 anos (por mil hab.)"
3523800,"Itobi",12.38236751,2018,"Longevidade",15.4,"Taxas de mortalidade  60 a 69 anos (por mil hab.)"
3523800,"Itobi",11.95402299,2020,"Longevidade",15.77,"Taxas de mortalidade  60 a 69 anos (por mil hab.)"
3523800,"Itobi",14.32291667,2022,"Longevidade",18.13,"Taxas de mortalidade  60 a 69 anos (por mil hab.)"
3523800,"Itobi",20.76381164,2024,"Longevidade",14.49,"Taxas de mortalidade  60 a 69 anos (por mil hab.)"
3523909,"Itu",15.47169811,2014,"Longevidade",15.79,"Taxas de mortalidade  60 a 69 anos (por mil hab.)"
3523909,"Itu",16.11667488,2016,"Longevidade",15.58,"Taxas de mortalidade  60 a 69 anos (por mil hab.)"
3523909,"Itu",15.58686924,2018,"Longevidade",15.4,"Taxas de mortalidade  60 a 69 anos (por mil hab.)"
3523909,"Itu",16.57365128,2020,"Longevidade",15.77,"Taxas de mortalidade  60 a 69 anos (por mil hab.)"
3523909,"Itu",19.18642398,2022,"Longevidade",18.13,"Taxas de mortalidade  60 a 69 anos (por mil hab.)"
3523909,"Itu",15.36512607,2024,"Longevidade",14.49,"Taxas de mortalidade  60 a 69 anos (por mil hab.)"
3524006,"Itupeva",15.15735389,2014,"Longevidade",15.79,"Taxas de mortalidade  60 a 69 anos (por mil hab.)"
3524006,"Itupeva",14.61530431,2016,"Longevidade",15.58,"Taxas de mortalidade  60 a 69 anos (por mil hab.)"
3524006,"Itupeva",12.49139372,2018,"Longevidade",15.4,"Taxas de mortalidade  60 a 69 anos (por mil hab.)"
3524006,"Itupeva",12.72996774,2020,"Longevidade",15.77,"Taxas de mortalidade  60 a 69 anos (por mil hab.)"
3524006,"Itupeva",16.72162035,2022,"Longevidade",18.13,"Taxas de mortalidade  60 a 69 anos (por mil hab.)"
3524006,"Itupeva",10.9197554,2024,"Longevidade",14.49,"Taxas de mortalidade  60 a 69 anos (por mil hab.)"
3524105,"Ituverava",15.25185631,2014,"Longevidade",15.79,"Taxas de mortalidade  60 a 69 anos (por mil hab.)"
3524105,"Ituverava",17.58724924,2016,"Longevidade",15.58,"Taxas de mortalidade  60 a 69 anos (por mil hab.)"
3524105,"Ituverava",16.20803277,2018,"Longevidade",15.4,"Taxas de mortalidade  60 a 69 anos (por mil hab.)"
3524105,"Ituverava",15.39626451,2020,"Longevidade",15.77,"Taxas de mortalidade  60 a 69 anos (por mil hab.)"
3524105,"Ituverava",18.77256318,2022,"Longevidade",18.13,"Taxas de mortalidade  60 a 69 anos (por mil hab.)"
3524105,"Ituverava",16.04151923,2024,"Longevidade",14.49,"Taxas de mortalidade  60 a 69 anos (por mil hab.)"
3524204,"Jaborandi",21.95608782,2014,"Longevidade",15.79,"Taxas de mortalidade  60 a 69 anos (por mil hab.)"
3524204,"Jaborandi",19.75308642,2016,"Longevidade",15.58,"Taxas de mortalidade  60 a 69 anos (por mil hab.)"
3524204,"Jaborandi",21.09704641,2018,"Longevidade",15.4,"Taxas de mortalidade  60 a 69 anos (por mil hab.)"
3524204,"Jaborandi",17.78542742,2020,"Longevidade",15.77,"Taxas de mortalidade  60 a 69 anos (por mil hab.)"
3524204,"Jaborandi",16.28664495,2022,"Longevidade",18.13,"Taxas de mortalidade  60 a 69 anos (por mil hab.)"
3524204,"Jaborandi",17.43896363,2024,"Longevidade",14.49,"Taxas de mortalidade  60 a 69 anos (por mil hab.)"
3524303,"Jaboticabal",13.95772802,2014,"Longevidade",15.79,"Taxas de mortalidade  60 a 69 anos (por mil hab.)"
3524303,"Jaboticabal",14.25505825,2016,"Longevidade",15.58,"Taxas de mortalidade  60 a 69 anos (por mil hab.)"
3524303,"Jaboticabal",13.40627926,2018,"Longevidade",15.4,"Taxas de mortalidade  60 a 69 anos (por mil hab.)"
3524303,"Jaboticabal",14.37494259,2020,"Longevidade",15.77,"Taxas de mortalidade  60 a 69 anos (por mil hab.)"
3524303,"Jaboticabal",17.95105837,2022,"Longevidade",18.13,"Taxas de mortalidade  60 a 69 anos (por mil hab.)"
3524303,"Jaboticabal",16.51003302,2024,"Longevidade",14.49,"Taxas de mortalidade  60 a 69 anos (por mil hab.)"
3524402,"Jacareí",16.40403535,2014,"Longevidade",15.79,"Taxas de mortalidade  60 a 69 anos (por mil hab.)"
3524402,"Jacareí",16.29978462,2016,"Longevidade",15.58,"Taxas de mortalidade  60 a 69 anos (por mil hab.)"
3524402,"Jacareí",16.33019765,2018,"Longevidade",15.4,"Taxas de mortalidade  60 a 69 anos (por mil hab.)"
3524402,"Jacareí",15.7674304,2020,"Longevidade",15.77,"Taxas de mortalidade  60 a 69 anos (por mil hab.)"
3524402,"Jacareí",17.87397074,2022,"Longevidade",18.13,"Taxas de mortalidade  60 a 69 anos (por mil hab.)"
3524402,"Jacareí",14.61523443,2024,"Longevidade",14.49,"Taxas de mortalidade  60 a 69 anos (por mil hab.)"
3524501,"Jaci",10.28277635,2014,"Longevidade",15.79,"Taxas de mortalidade  60 a 69 anos (por mil hab.)"
3524501,"Jaci",18.19505095,2016,"Longevidade",15.58,"Taxas de mortalidade  60 a 69 anos (por mil hab.)"
3524501,"Jaci",15.21438451,2018,"Longevidade",15.4,"Taxas de mortalidade  60 a 69 anos (por mil hab.)"
3524501,"Jaci",10.63164478,2020,"Longevidade",15.77,"Taxas de mortalidade  60 a 69 anos (por mil hab.)"
3524501,"Jaci",20.40816327,2022,"Longevidade",18.13,"Taxas de mortalidade  60 a 69 anos (por mil hab.)"
3524501,"Jaci",15.06316812,2024,"Longevidade",14.49,"Taxas de mortalidade  60 a 69 anos (por mil hab.)"
3524600,"Jacupiranga",18.17195552,2014,"Longevidade",15.79,"Taxas de mortalidade  60 a 69 anos (por mil hab.)"
3524600,"Jacupiranga",17.76776777,2016,"Longevidade",15.58,"Taxas de mortalidade  60 a 69 anos (por mil hab.)"
3524600,"Jacupiranga",17.30019493,2018,"Longevidade",15.4,"Taxas de mortalidade  60 a 69 anos (por mil hab.)"
3524600,"Jacupiranga",14.86643438,2020,"Longevidade",15.77,"Taxas de mortalidade  60 a 69 anos (por mil hab.)"
3524600,"Jacupiranga",21.89781022,2022,"Longevidade",18.13,"Taxas de mortalidade  60 a 69 anos (por mil hab.)"
3524600,"Jacupiranga",14.29171921,2024,"Longevidade",14.49,"Taxas de mortalidade  60 a 69 anos (por mil hab.)"
3524709,"Jaguariúna",14.6009085,2014,"Longevidade",15.79,"Taxas de mortalidade  60 a 69 anos (por mil hab.)"
3524709,"Jaguariúna",13.88888889,2016,"Longevidade",15.58,"Taxas de mortalidade  60 a 69 anos (por mil hab.)"
3524709,"Jaguariúna",13.35843644,2018,"Longevidade",15.4,"Taxas de mortalidade  60 a 69 anos (por mil hab.)"
3524709,"Jaguariúna",14.25762045,2020,"Longevidade",15.77,"Taxas de mortalidade  60 a 69 anos (por mil hab.)"
3524709,"Jaguariúna",18.79103464,2022,"Longevidade",18.13,"Taxas de mortalidade  60 a 69 anos (por mil hab.)"
3524709,"Jaguariúna",14.12272587,2024,"Longevidade",14.49,"Taxas de mortalidade  60 a 69 anos (por mil hab.)"
3524808,"Jales",14.0303236,2014,"Longevidade",15.79,"Taxas de mortalidade  60 a 69 anos (por mil hab.)"
3524808,"Jales",13.70246085,2016,"Longevidade",15.58,"Taxas de mortalidade  60 a 69 anos (por mil hab.)"
3524808,"Jales",14.37427618,2018,"Longevidade",15.4,"Taxas de mortalidade  60 a 69 anos (por mil hab.)"
3524808,"Jales",13.87268248,2020,"Longevidade",15.77,"Taxas de mortalidade  60 a 69 anos (por mil hab.)"
3524808,"Jales",16.83314835,2022,"Longevidade",18.13,"Taxas de mortalidade  60 a 69 anos (por mil hab.)"
3524808,"Jales",13.29469916,2024,"Longevidade",14.49,"Taxas de mortalidade  60 a 69 anos (por mil hab.)"
3524907,"Jambeiro",10.1010101,2014,"Longevidade",15.79,"Taxas de mortalidade  60 a 69 anos (por mil hab.)"
3524907,"Jambeiro",8.908685969,2016,"Longevidade",15.58,"Taxas de mortalidade  60 a 69 anos (por mil hab.)"
3524907,"Jambeiro",11.34751773,2018,"Longevidade",15.4,"Taxas de mortalidade  60 a 69 anos (por mil hab.)"
3524907,"Jambeiro",22.13541667,2020,"Longevidade",15.77,"Taxas de mortalidade  60 a 69 anos (por mil hab.)"
3524907,"Jambeiro",19.85559567,2022,"Longevidade",18.13,"Taxas de mortalidade  60 a 69 anos (por mil hab.)"
3524907,"Jambeiro",11.43118427,2024,"Longevidade",14.49,"Taxas de mortalidade  60 a 69 anos (por mil hab.)"
3525003,"Jandira",16.08830955,2014,"Longevidade",15.79,"Taxas de mortalidade  60 a 69 anos (por mil hab.)"
3525003,"Jandira",16.32460486,2016,"Longevidade",15.58,"Taxas de mortalidade  60 a 69 anos (por mil hab.)"
3525003,"Jandira",15.63402176,2018,"Longevidade",15.4,"Taxas de mortalidade  60 a 69 anos (por mil hab.)"
3525003,"Jandira",14.54588458,2020,"Longevidade",15.77,"Taxas de mortalidade  60 a 69 anos (por mil hab.)"
3525003,"Jandira",16.32449387,2022,"Longevidade",18.13,"Taxas de mortalidade  60 a 69 anos (por mil hab.)"
3525003,"Jandira",14.11587351,2024,"Longevidade",14.49,"Taxas de mortalidade  60 a 69 anos (por mil hab.)"
3525102,"Jardinópolis",20.20560085,2014,"Longevidade",15.79,"Taxas de mortalidade  60 a 69 anos (por mil hab.)"
3525102,"Jardinópolis",14.59627329,2016,"Longevidade",15.58,"Taxas de mortalidade  60 a 69 anos (por mil hab.)"
3525102,"Jardinópolis",15.524839740000001,2018,"Longevidade",15.4,"Taxas de mortalidade  60 a 69 anos (por mil hab.)"
3525102,"Jardinópolis",15.57369359,2020,"Longevidade",15.77,"Taxas de mortalidade  60 a 69 anos (por mil hab.)"
3525102,"Jardinópolis",17.92210097,2022,"Longevidade",18.13,"Taxas de mortalidade  60 a 69 anos (por mil hab.)"
3525102,"Jardinópolis",14.24293922,2024,"Longevidade",14.49,"Taxas de mortalidade  60 a 69 anos (por mil hab.)"
3525201,"Jarinu",14.04707669,2014,"Longevidade",15.79,"Taxas de mortalidade  60 a 69 anos (por mil hab.)"
3525201,"Jarinu",22.85808255,2016,"Longevidade",15.58,"Taxas de mortalidade  60 a 69 anos (por mil hab.)"
3525201,"Jarinu",23.57063227,2018,"Longevidade",15.4,"Taxas de mortalidade  60 a 69 anos (por mil hab.)"
3525201,"Jarinu",20.54281002,2020,"Longevidade",15.77,"Taxas de mortalidade  60 a 69 anos (por mil hab.)"
3525201,"Jarinu",19.11639762,2022,"Longevidade",18.13,"Taxas de mortalidade  60 a 69 anos (por mil hab.)"
3525201,"Jarinu",14.53973868,2024,"Longevidade",14.49,"Taxas de mortalidade  60 a 69 anos (por mil hab.)"
3525300,"Jaú",17.59559619,2014,"Longevidade",15.79,"Taxas de mortalidade  60 a 69 anos (por mil hab.)"
3525300,"Jaú",18.08498519,2016,"Longevidade",15.58,"Taxas de mortalidade  60 a 69 anos (por mil hab.)"
3525300,"Jaú",16.66666667,2018,"Longevidade",15.4,"Taxas de mortalidade  60 a 69 anos (por mil hab.)"
3525300,"Jaú",16.08417888,2020,"Longevidade",15.77,"Taxas de mortalidade  60 a 69 anos (por mil hab.)"
3525300,"Jaú",18.90323788,2022,"Longevidade",18.13,"Taxas de mortalidade  60 a 69 anos (por mil hab.)"
3525300,"Jaú",15.29216557,2024,"Longevidade",14.49,"Taxas de mortalidade  60 a 69 anos (por mil hab.)"
3525409,"Jeriquara",26.40264026,2014,"Longevidade",15.79,"Taxas de mortalidade  60 a 69 anos (por mil hab.)"
3525409,"Jeriquara",17.93721973,2016,"Longevidade",15.58,"Taxas de mortalidade  60 a 69 anos (por mil hab.)"
3525409,"Jeriquara",11.64483261,2018,"Longevidade",15.4,"Taxas de mortalidade  60 a 69 anos (por mil hab.)"
3525409,"Jeriquara",22.03856749,2020,"Longevidade",15.77,"Taxas de mortalidade  60 a 69 anos (por mil hab.)"
3525409,"Jeriquara",27.77777778,2022,"Longevidade",18.13,"Taxas de mortalidade  60 a 69 anos (por mil hab.)"
3525409,"Jeriquara",20.2991453,2024,"Longevidade",14.49,"Taxas de mortalidade  60 a 69 anos (por mil hab.)"
3525508,"Joanópolis",13.04631442,2014,"Longevidade",15.79,"Taxas de mortalidade  60 a 69 anos (por mil hab.)"
3525508,"Joanópolis",13.54534747,2016,"Longevidade",15.58,"Taxas de mortalidade  60 a 69 anos (por mil hab.)"
3525508,"Joanópolis",14.03207331,2018,"Longevidade",15.4,"Taxas de mortalidade  60 a 69 anos (por mil hab.)"
3525508,"Joanópolis",14.85683414,2020,"Longevidade",15.77,"Taxas de mortalidade  60 a 69 anos (por mil hab.)"
3525508,"Joanópolis",18.04588812,2022,"Longevidade",18.13,"Taxas de mortalidade  60 a 69 anos (por mil hab.)"
3525508,"Joanópolis",16.67841203,2024,"Longevidade",14.49,"Taxas de mortalidade  60 a 69 anos (por mil hab.)"
3525607,"João Ramalho",18.59229748,2014,"Longevidade",15.79,"Taxas de mortalidade  60 a 69 anos (por mil hab.)"
3525607,"João Ramalho",26.09727165,2016,"Longevidade",15.58,"Taxas de mortalidade  60 a 69 anos (por mil hab.)"
3525607,"João Ramalho",23.89078498,2018,"Longevidade",15.4,"Taxas de mortalidade  60 a 69 anos (por mil hab.)"
3525607,"João Ramalho",11.53039832,2020,"Longevidade",15.77,"Taxas de mortalidade  60 a 69 anos (por mil hab.)"
3525607,"João Ramalho",11.36363636,2022,"Longevidade",18.13,"Taxas de mortalidade  60 a 69 anos (por mil hab.)"
3525607,"João Ramalho",16.01830664,2024,"Longevidade",14.49,"Taxas de mortalidade  60 a 69 anos (por mil hab.)"
3525706,"José Bonifácio",14.20982736,2014,"Longevidade",15.79,"Taxas de mortalidade  60 a 69 anos (por mil hab.)"
3525706,"José Bonifácio",14.92893825,2016,"Longevidade",15.58,"Taxas de mortalidade  60 a 69 anos (por mil hab.)"
3525706,"José Bonifácio",14.22834194,2018,"Longevidade",15.4,"Taxas de mortalidade  60 a 69 anos (por mil hab.)"
3525706,"José Bonifácio",14.70899471,2020,"Longevidade",15.77,"Taxas de mortalidade  60 a 69 anos (por mil hab.)"
3525706,"José Bonifácio",16.57295058,2022,"Longevidade",18.13,"Taxas de mortalidade  60 a 69 anos (por mil hab.)"
3525706,"José Bonifácio",14.90007138,2024,"Longevidade",14.49,"Taxas de mortalidade  60 a 69 anos (por mil hab.)"
3525805,"Júlio Mesquita",15.74074074,2014,"Longevidade",15.79,"Taxas de mortalidade  60 a 69 anos (por mil hab.)"
3525805,"Júlio Mesquita",19.70865467,2016,"Longevidade",15.58,"Taxas de mortalidade  60 a 69 anos (por mil hab.)"
3525805,"Júlio Mesquita",16.15646259,2018,"Longevidade",15.4,"Taxas de mortalidade  60 a 69 anos (por mil hab.)"
3525805,"Júlio Mesquita",15.83333333,2020,"Longevidade",15.77,"Taxas de mortalidade  60 a 69 anos (por mil hab.)"
3525805,"Júlio Mesquita",20.4248366,2022,"Longevidade",18.13,"Taxas de mortalidade  60 a 69 anos (por mil hab.)"
3525805,"Júlio Mesquita",19.04761905,2024,"Longevidade",14.49,"Taxas de mortalidade  60 a 69 anos (por mil hab.)"
3525854,"Jumirim",9.259259259,2014,"Longevidade",15.79,"Taxas de mortalidade  60 a 69 anos (por mil hab.)"
3525854,"Jumirim",9.803921569,2016,"Longevidade",15.58,"Taxas de mortalidade  60 a 69 anos (por mil hab.)"
3525854,"Jumirim",7.716049383,2018,"Longevidade",15.4,"Taxas de mortalidade  60 a 69 anos (por mil hab.)"
3525854,"Jumirim",11.06500692,2020,"Longevidade",15.77,"Taxas de mortalidade  60 a 69 anos (por mil hab.)"
3525854,"Jumirim",15.15151515,2022,"Longevidade",18.13,"Taxas de mortalidade  60 a 69 anos (por mil hab.)"
3525854,"Jumirim",10.16949153,2024,"Longevidade",14.49,"Taxas de mortalidade  60 a 69 anos (por mil hab.)"
3525904,"Jundiaí",14.09649211,2014,"Longevidade",15.79,"Taxas de mortalidade  60 a 69 anos (por mil hab.)"
3525904,"Jundiaí",13.77566201,2016,"Longevidade",15.58,"Taxas de mortalidade  60 a 69 anos (por mil hab.)"
3525904,"Jundiaí",13.41034512,2018,"Longevidade",15.4,"Taxas de mortalidade  60 a 69 anos (por mil hab.)"
3525904,"Jundiaí",14.32071348,2020,"Longevidade",15.77,"Taxas de mortalidade  60 a 69 anos (por mil hab.)"
3525904,"Jundiaí",16.19986981,2022,"Longevidade",18.13,"Taxas de mortalidade  60 a 69 anos (por mil hab.)"
3525904,"Jundiaí",12.7846733,2024,"Longevidade",14.49,"Taxas de mortalidade  60 a 69 anos (por mil hab.)"
3526001,"Junqueirópolis",13.6428426,2014,"Longevidade",15.79,"Taxas de mortalidade  60 a 69 anos (por mil hab.)"
3526001,"Junqueirópolis",15.7107704,2016,"Longevidade",15.58,"Taxas de mortalidade  60 a 69 anos (por mil hab.)"
3526001,"Junqueirópolis",16.09322974,2018,"Longevidade",15.4,"Taxas de mortalidade  60 a 69 anos (por mil hab.)"
3526001,"Junqueirópolis",15.72993991,2020,"Longevidade",15.77,"Taxas de mortalidade  60 a 69 anos (por mil hab.)"
3526001,"Junqueirópolis",23.26371201,2022,"Longevidade",18.13,"Taxas de mortalidade  60 a 69 anos (por mil hab.)"
3526001,"Junqueirópolis",16.68225756,2024,"Longevidade",14.49,"Taxas de mortalidade  60 a 69 anos (por mil hab.)"
3526100,"Juquiá",17.33063246,2014,"Longevidade",15.79,"Taxas de mortalidade  60 a 69 anos (por mil hab.)"
3526100,"Juquiá",18.42439644,2016,"Longevidade",15.58,"Taxas de mortalidade  60 a 69 anos (por mil hab.)"
3526100,"Juquiá",20.12030699,2018,"Longevidade",15.4,"Taxas de mortalidade  60 a 69 anos (por mil hab.)"
3526100,"Juquiá",20.90800478,2020,"Longevidade",15.77,"Taxas de mortalidade  60 a 69 anos (por mil hab.)"
3526100,"Juquiá",23.31406551,2022,"Longevidade",18.13,"Taxas de mortalidade  60 a 69 anos (por mil hab.)"
3526100,"Juquiá",18.51851852,2024,"Longevidade",14.49,"Taxas de mortalidade  60 a 69 anos (por mil hab.)"
3526209,"Juquitiba",14.78425305,2014,"Longevidade",15.79,"Taxas de mortalidade  60 a 69 anos (por mil hab.)"
3526209,"Juquitiba",18.47575058,2016,"Longevidade",15.58,"Taxas de mortalidade  60 a 69 anos (por mil hab.)"
3526209,"Juquitiba",19.7309417,2018,"Longevidade",15.4,"Taxas de mortalidade  60 a 69 anos (por mil hab.)"
3526209,"Juquitiba",19.84797297,2020,"Longevidade",15.77,"Taxas de mortalidade  60 a 69 anos (por mil hab.)"
3526209,"Juquitiba",22.05292702,2022,"Longevidade",18.13,"Taxas de mortalidade  60 a 69 anos (por mil hab.)"
3526209,"Juquitiba",17.92241481,2024,"Longevidade",14.49,"Taxas de mortalidade  60 a 69 anos (por mil hab.)"
3526308,"Lagoinha",16.36904762,2014,"Longevidade",15.79,"Taxas de mortalidade  60 a 69 anos (por mil hab.)"
3526308,"Lagoinha",16.04668125,2016,"Longevidade",15.58,"Taxas de mortalidade  60 a 69 anos (por mil hab.)"
3526308,"Lagoinha",10.77586207,2018,"Longevidade",15.4,"Taxas de mortalidade  60 a 69 anos (por mil hab.)"
3526308,"Lagoinha",12.7388535,2020,"Longevidade",15.77,"Taxas de mortalidade  60 a 69 anos (por mil hab.)"
3526308,"Lagoinha",17.79603012,2022,"Longevidade",18.13,"Taxas de mortalidade  60 a 69 anos (por mil hab.)"
3526308,"Lagoinha",16.94915254,2024,"Longevidade",14.49,"Taxas de mortalidade  60 a 69 anos (por mil hab.)"
3526407,"Laranjal Paulista",19.12045889,2014,"Longevidade",15.79,"Taxas de mortalidade  60 a 69 anos (por mil hab.)"
3526407,"Laranjal Paulista",15.21676715,2016,"Longevidade",15.58,"Taxas de mortalidade  60 a 69 anos (por mil hab.)"
3526407,"Laranjal Paulista",14.72222222,2018,"Longevidade",15.4,"Taxas de mortalidade  60 a 69 anos (por mil hab.)"
3526407,"Laranjal Paulista",16.57530671,2020,"Longevidade",15.77,"Taxas de mortalidade  60 a 69 anos (por mil hab.)"
3526407,"Laranjal Paulista",18.45658367,2022,"Longevidade",18.13,"Taxas de mortalidade  60 a 69 anos (por mil hab.)"
3526407,"Laranjal Paulista",15.03483682,2024,"Longevidade",14.49,"Taxas de mortalidade  60 a 69 anos (por mil hab.)"
3526506,"Lavínia",21.69197397,2014,"Longevidade",15.79,"Taxas de mortalidade  60 a 69 anos (por mil hab.)"
3526506,"Lavínia",18.16911251,2016,"Longevidade",15.58,"Taxas de mortalidade  60 a 69 anos (por mil hab.)"
3526506,"Lavínia",17.07650273,2018,"Longevidade",15.4,"Taxas de mortalidade  60 a 69 anos (por mil hab.)"
3526506,"Lavínia",16.27604167,2020,"Longevidade",15.77,"Taxas de mortalidade  60 a 69 anos (por mil hab.)"
3526506,"Lavínia",22.18114603,2022,"Longevidade",18.13,"Taxas de mortalidade  60 a 69 anos (por mil hab.)"
3526506,"Lavínia",13.28903654,2024,"Longevidade",14.49,"Taxas de mortalidade  60 a 69 anos (por mil hab.)"
3526605,"Lavrinhas",16.11535199,2014,"Longevidade",15.79,"Taxas de mortalidade  60 a 69 anos (por mil hab.)"
3526605,"Lavrinhas",16.63051338,2016,"Longevidade",15.58,"Taxas de mortalidade  60 a 69 anos (por mil hab.)"
3526605,"Lavrinhas",16.59751037,2018,"Longevidade",15.4,"Taxas de mortalidade  60 a 69 anos (por mil hab.)"
3526605,"Lavrinhas",17.01323251,2020,"Longevidade",15.77,"Taxas de mortalidade  60 a 69 anos (por mil hab.)"
3526605,"Lavrinhas",19.77894124,2022,"Longevidade",18.13,"Taxas de mortalidade  60 a 69 anos (por mil hab.)"
3526605,"Lavrinhas",14.69816273,2024,"Longevidade",14.49,"Taxas de mortalidade  60 a 69 anos (por mil hab.)"
3526704,"Leme",17.98598227,2014,"Longevidade",15.79,"Taxas de mortalidade  60 a 69 anos (por mil hab.)"
3526704,"Leme",18.37126405,2016,"Longevidade",15.58,"Taxas de mortalidade  60 a 69 anos (por mil hab.)"
3526704,"Leme",17.27574751,2018,"Longevidade",15.4,"Taxas de mortalidade  60 a 69 anos (por mil hab.)"
3526704,"Leme",18.2825254,2020,"Longevidade",15.77,"Taxas de mortalidade  60 a 69 anos (por mil hab.)"
3526704,"Leme",20.8798527,2022,"Longevidade",18.13,"Taxas de mortalidade  60 a 69 anos (por mil hab.)"
3526704,"Leme",16.76078772,2024,"Longevidade",14.49,"Taxas de mortalidade  60 a 69 anos (por mil hab.)"
3526803,"Lençóis Paulista",16.02415235,2014,"Longevidade",15.79,"Taxas de mortalidade  60 a 69 anos (por mil hab.)"
3526803,"Lençóis Paulista",16.01076354,2016,"Longevidade",15.58,"Taxas de mortalidade  60 a 69 anos (por mil hab.)"
3526803,"Lençóis Paulista",16.81215648,2018,"Longevidade",15.4,"Taxas de mortalidade  60 a 69 anos (por mil hab.)"
3526803,"Lençóis Paulista",16.02679105,2020,"Longevidade",15.77,"Taxas de mortalidade  60 a 69 anos (por mil hab.)"
3526803,"Lençóis Paulista",17.36227045,2022,"Longevidade",18.13,"Taxas de mortalidade  60 a 69 anos (por mil hab.)"
3526803,"Lençóis Paulista",14.06662604,2024,"Longevidade",14.49,"Taxas de mortalidade  60 a 69 anos (por mil hab.)"
3526902,"Limeira",16.09416286,2014,"Longevidade",15.79,"Taxas de mortalidade  60 a 69 anos (por mil hab.)"
3526902,"Limeira",15.33219761,2016,"Longevidade",15.58,"Taxas de mortalidade  60 a 69 anos (por mil hab.)"
3526902,"Limeira",15.14790708,2018,"Longevidade",15.4,"Taxas de mortalidade  60 a 69 anos (por mil hab.)"
3526902,"Limeira",15.25315155,2020,"Longevidade",15.77,"Taxas de mortalidade  60 a 69 anos (por mil hab.)"
3526902,"Limeira",17.81101902,2022,"Longevidade",18.13,"Taxas de mortalidade  60 a 69 anos (por mil hab.)"
3526902,"Limeira",14.30936488,2024,"Longevidade",14.49,"Taxas de mortalidade  60 a 69 anos (por mil hab.)"
3527009,"Lindóia",12.25490196,2014,"Longevidade",15.79,"Taxas de mortalidade  60 a 69 anos (por mil hab.)"
3527009,"Lindóia",15.87301587,2016,"Longevidade",15.58,"Taxas de mortalidade  60 a 69 anos (por mil hab.)"
3527009,"Lindóia",13.82488479,2018,"Longevidade",15.4,"Taxas de mortalidade  60 a 69 anos (por mil hab.)"
3527009,"Lindóia",13.29534663,2020,"Longevidade",15.77,"Taxas de mortalidade  60 a 69 anos (por mil hab.)"
3527009,"Lindóia",20.80506558,2022,"Longevidade",18.13,"Taxas de mortalidade  60 a 69 anos (por mil hab.)"
3527009,"Lindóia",14.36781609,2024,"Longevidade",14.49,"Taxas de mortalidade  60 a 69 anos (por mil hab.)"
3527108,"Lins",17.16641256,2014,"Longevidade",15.79,"Taxas de mortalidade  60 a 69 anos (por mil hab.)"
3527108,"Lins",16.6792643,2016,"Longevidade",15.58,"Taxas de mortalidade  60 a 69 anos (por mil hab.)"
3527108,"Lins",16.42060128,2018,"Longevidade",15.4,"Taxas de mortalidade  60 a 69 anos (por mil hab.)"
3527108,"Lins",17.19812052,2020,"Longevidade",15.77,"Taxas de mortalidade  60 a 69 anos (por mil hab.)"
3527108,"Lins",19.07721524,2022,"Longevidade",18.13,"Taxas de mortalidade  60 a 69 anos (por mil hab.)"
3527108,"Lins",16.3067789,2024,"Longevidade",14.49,"Taxas de mortalidade  60 a 69 anos (por mil hab.)"
3527207,"Lorena",18.54957565,2014,"Longevidade",15.79,"Taxas de mortalidade  60 a 69 anos (por mil hab.)"
3527207,"Lorena",17.58009731,2016,"Longevidade",15.58,"Taxas de mortalidade  60 a 69 anos (por mil hab.)"
3527207,"Lorena",16.07874577,2018,"Longevidade",15.4,"Taxas de mortalidade  60 a 69 anos (por mil hab.)"
3527207,"Lorena",15.78704287,2020,"Longevidade",15.77,"Taxas de mortalidade  60 a 69 anos (por mil hab.)"
3527207,"Lorena",19.26138173,2022,"Longevidade",18.13,"Taxas de mortalidade  60 a 69 anos (por mil hab.)"
3527207,"Lorena",16.7731331,2024,"Longevidade",14.49,"Taxas de mortalidade  60 a 69 anos (por mil hab.)"
3527256,"Lourdes",14.1509434,2014,"Longevidade",15.79,"Taxas de mortalidade  60 a 69 anos (por mil hab.)"
3527256,"Lourdes",10.70336391,2016,"Longevidade",15.58,"Taxas de mortalidade  60 a 69 anos (por mil hab.)"
3527256,"Lourdes",15.08295626,2018,"Longevidade",15.4,"Taxas de mortalidade  60 a 69 anos (por mil hab.)"
3527256,"Lourdes",20.64896755,2020,"Longevidade",15.77,"Taxas de mortalidade  60 a 69 anos (por mil hab.)"
3527256,"Lourdes",14.24501425,2022,"Longevidade",18.13,"Taxas de mortalidade  60 a 69 anos (por mil hab.)"
3527256,"Lourdes",26.1707989,2024,"Longevidade",14.49,"Taxas de mortalidade  60 a 69 anos (por mil hab.)"
3527306,"Louveira",13.33333333,2014,"Longevidade",15.79,"Taxas de mortalidade  60 a 69 anos (por mil hab.)"
3527306,"Louveira",17.70789064,2016,"Longevidade",15.58,"Taxas de mortalidade  60 a 69 anos (por mil hab.)"
3527306,"Louveira",14.70195135,2018,"Longevidade",15.4,"Taxas de mortalidade  60 a 69 anos (por mil hab.)"
3527306,"Louveira",15.15151515,2020,"Longevidade",15.77,"Taxas de mortalidade  60 a 69 anos (por mil hab.)"
3527306,"Louveira",18.41147506,2022,"Longevidade",18.13,"Taxas de mortalidade  60 a 69 anos (por mil hab.)"
3527306,"Louveira",11.30375659,2024,"Longevidade",14.49,"Taxas de mortalidade  60 a 69 anos (por mil hab.)"
3527405,"Lucélia",15.84472173,2014,"Longevidade",15.79,"Taxas de mortalidade  60 a 69 anos (por mil hab.)"
3527405,"Lucélia",16.30535483,2016,"Longevidade",15.58,"Taxas de mortalidade  60 a 69 anos (por mil hab.)"
3527405,"Lucélia",16.75675676,2018,"Longevidade",15.4,"Taxas de mortalidade  60 a 69 anos (por mil hab.)"
3527405,"Lucélia",15.54758244,2020,"Longevidade",15.77,"Taxas de mortalidade  60 a 69 anos (por mil hab.)"
3527405,"Lucélia",18.28478964,2022,"Longevidade",18.13,"Taxas de mortalidade  60 a 69 anos (por mil hab.)"
3527405,"Lucélia",14.54385192,2024,"Longevidade",14.49,"Taxas de mortalidade  60 a 69 anos (por mil hab.)"
3527504,"Lucianópolis",18.13110181,2014,"Longevidade",15.79,"Taxas de mortalidade  60 a 69 anos (por mil hab.)"
3527504,"Lucianópolis",11.9047619,2016,"Longevidade",15.58,"Taxas de mortalidade  60 a 69 anos (por mil hab.)"
3527504,"Lucianópolis",13.22751323,2018,"Longevidade",15.4,"Taxas de mortalidade  60 a 69 anos (por mil hab.)"
3527504,"Lucianópolis",16.06425703,2020,"Longevidade",15.77,"Taxas de mortalidade  60 a 69 anos (por mil hab.)"
3527504,"Lucianópolis",17.09401709,2022,"Longevidade",18.13,"Taxas de mortalidade  60 a 69 anos (por mil hab.)"
3527504,"Lucianópolis",10.67615658,2024,"Longevidade",14.49,"Taxas de mortalidade  60 a 69 anos (por mil hab.)"
3527603,"Luís Antônio",15.74375679,2014,"Longevidade",15.79,"Taxas de mortalidade  60 a 69 anos (por mil hab.)"
3527603,"Luís Antônio",13.44086022,2016,"Longevidade",15.58,"Taxas de mortalidade  60 a 69 anos (por mil hab.)"
3527603,"Luís Antônio",11.82931981,2018,"Longevidade",15.4,"Taxas de mortalidade  60 a 69 anos (por mil hab.)"
3527603,"Luís Antônio",14.29646351,2020,"Longevidade",15.77,"Taxas de mortalidade  60 a 69 anos (por mil hab.)"
3527603,"Luís Antônio",16.44847264,2022,"Longevidade",18.13,"Taxas de mortalidade  60 a 69 anos (por mil hab.)"
3527603,"Luís Antônio",13.75186846,2024,"Longevidade",14.49,"Taxas de mortalidade  60 a 69 anos (por mil hab.)"
3527702,"Luiziânia",12.96296296,2014,"Longevidade",15.79,"Taxas de mortalidade  60 a 69 anos (por mil hab.)"
3527702,"Luiziânia",16.79261125,2016,"Longevidade",15.58,"Taxas de mortalidade  60 a 69 anos (por mil hab.)"
3527702,"Luiziânia",16.10305958,2018,"Longevidade",15.4,"Taxas de mortalidade  60 a 69 anos (por mil hab.)"
3527702,"Luiziânia",11.0619469,2020,"Longevidade",15.77,"Taxas de mortalidade  60 a 69 anos (por mil hab.)"
3527702,"Luiziânia",14.87491548,2022,"Longevidade",18.13,"Taxas de mortalidade  60 a 69 anos (por mil hab.)"
3527702,"Luiziânia",20.4620462,2024,"Longevidade",14.49,"Taxas de mortalidade  60 a 69 anos (por mil hab.)"
3527801,"Lupércio",14.49275362,2014,"Longevidade",15.79,"Taxas de mortalidade  60 a 69 anos (por mil hab.)"
3527801,"Lupércio",15.30612245,2016,"Longevidade",15.58,"Taxas de mortalidade  60 a 69 anos (por mil hab.)"
3527801,"Lupércio",17.94871795,2018,"Longevidade",15.4,"Taxas de mortalidade  60 a 69 anos (por mil hab.)"
3527801,"Lupércio",16.19778346,2020,"Longevidade",15.77,"Taxas de mortalidade  60 a 69 anos (por mil hab.)"
3527801,"Lupércio",13.36675021,2022,"Longevidade",18.13,"Taxas de mortalidade  60 a 69 anos (por mil hab.)"
3527801,"Lupércio",13.15789474,2024,"Longevidade",14.49,"Taxas de mortalidade  60 a 69 anos (por mil hab.)"
3527900,"Lutécia",13.57466063,2014,"Longevidade",15.79,"Taxas de mortalidade  60 a 69 anos (por mil hab.)"
3527900,"Lutécia",12.71186441,2016,"Longevidade",15.58,"Taxas de mortalidade  60 a 69 anos (por mil hab.)"
3527900,"Lutécia",9.722222222,2018,"Longevidade",15.4,"Taxas de mortalidade  60 a 69 anos (por mil hab.)"
3527900,"Lutécia",13.22751323,2020,"Longevidade",15.77,"Taxas de mortalidade  60 a 69 anos (por mil hab.)"
3527900,"Lutécia",21.3836478,2022,"Longevidade",18.13,"Taxas de mortalidade  60 a 69 anos (por mil hab.)"
3527900,"Lutécia",12.38390093,2024,"Longevidade",14.49,"Taxas de mortalidade  60 a 69 anos (por mil hab.)"
3528007,"Macatuba",15.37515375,2014,"Longevidade",15.79,"Taxas de mortalidade  60 a 69 anos (por mil hab.)"
3528007,"Macatuba",18.62503424,2016,"Longevidade",15.58,"Taxas de mortalidade  60 a 69 anos (por mil hab.)"
3528007,"Macatuba",19.02528017,2018,"Longevidade",15.4,"Taxas de mortalidade  60 a 69 anos (por mil hab.)"
3528007,"Macatuba",19.70560304,2020,"Longevidade",15.77,"Taxas de mortalidade  60 a 69 anos (por mil hab.)"
3528007,"Macatuba",22.91396455,2022,"Longevidade",18.13,"Taxas de mortalidade  60 a 69 anos (por mil hab.)"
3528007,"Macatuba",19.85815603,2024,"Longevidade",14.49,"Taxas de mortalidade  60 a 69 anos (por mil hab.)"
3528106,"Macaubal",15.78947368,2014,"Longevidade",15.79,"Taxas de mortalidade  60 a 69 anos (por mil hab.)"
3528106,"Macaubal",14.77832512,2016,"Longevidade",15.58,"Taxas de mortalidade  60 a 69 anos (por mil hab.)"
3528106,"Macaubal",12.00480192,2018,"Longevidade",15.4,"Taxas de mortalidade  60 a 69 anos (por mil hab.)"
3528106,"Macaubal",13.66742597,2020,"Longevidade",15.77,"Taxas de mortalidade  60 a 69 anos (por mil hab.)"
3528106,"Macaubal",13.12910284,2022,"Longevidade",18.13,"Taxas de mortalidade  60 a 69 anos (por mil hab.)"
3528106,"Macaubal",14.24211597,2024,"Longevidade",14.49,"Taxas de mortalidade  60 a 69 anos (por mil hab.)"
3528205,"Macedônia",13.92515231,2014,"Longevidade",15.79,"Taxas de mortalidade  60 a 69 anos (por mil hab.)"
3528205,"Macedônia",11.05845182,2016,"Longevidade",15.58,"Taxas de mortalidade  60 a 69 anos (por mil hab.)"
3528205,"Macedônia",6.960556845,2018,"Longevidade",15.4,"Taxas de mortalidade  60 a 69 anos (por mil hab.)"
3528205,"Macedônia",13.33333333,2020,"Longevidade",15.77,"Taxas de mortalidade  60 a 69 anos (por mil hab.)"
3528205,"Macedônia",19.56521739,2022,"Longevidade",18.13,"Taxas de mortalidade  60 a 69 anos (por mil hab.)"
3528205,"Macedônia",14.37908497,2024,"Longevidade",14.49,"Taxas de mortalidade  60 a 69 anos (por mil hab.)"
3528304,"Magda",4.901960784,2014,"Longevidade",15.79,"Taxas de mortalidade  60 a 69 anos (por mil hab.)"
3528304,"Magda",17.04545455,2016,"Longevidade",15.58,"Taxas de mortalidade  60 a 69 anos (por mil hab.)"
3528304,"Magda",17.84037559,2018,"Longevidade",15.4,"Taxas de mortalidade  60 a 69 anos (por mil hab.)"
3528304,"Magda",17.49539595,2020,"Longevidade",15.77,"Taxas de mortalidade  60 a 69 anos (por mil hab.)"
3528304,"Magda",18.8172043,2022,"Longevidade",18.13,"Taxas de mortalidade  60 a 69 anos (por mil hab.)"
3528304,"Magda",14.90196078,2024,"Longevidade",14.49,"Taxas de mortalidade  60 a 69 anos (por mil hab.)"
3528403,"Mairinque",17.28560277,2014,"Longevidade",15.79,"Taxas de mortalidade  60 a 69 anos (por mil hab.)"
3528403,"Mairinque",17.37145126,2016,"Longevidade",15.58,"Taxas de mortalidade  60 a 69 anos (por mil hab.)"
3528403,"Mairinque",15.76382918,2018,"Longevidade",15.4,"Taxas de mortalidade  60 a 69 anos (por mil hab.)"
3528403,"Mairinque",17.41821397,2020,"Longevidade",15.77,"Taxas de mortalidade  60 a 69 anos (por mil hab.)"
3528403,"Mairinque",21.02842123,2022,"Longevidade",18.13,"Taxas de mortalidade  60 a 69 anos (por mil hab.)"
3528403,"Mairinque",17.81480729,2024,"Longevidade",14.49,"Taxas de mortalidade  60 a 69 anos (por mil hab.)"
3528502,"Mairiporã",17.16982205,2014,"Longevidade",15.79,"Taxas de mortalidade  60 a 69 anos (por mil hab.)"
3528502,"Mairiporã",15.92418914,2016,"Longevidade",15.58,"Taxas de mortalidade  60 a 69 anos (por mil hab.)"
3528502,"Mairiporã",15.28148877,2018,"Longevidade",15.4,"Taxas de mortalidade  60 a 69 anos (por mil hab.)"
3528502,"Mairiporã",14.62253948,2020,"Longevidade",15.77,"Taxas de mortalidade  60 a 69 anos (por mil hab.)"
3528502,"Mairiporã",17.67646471,2022,"Longevidade",18.13,"Taxas de mortalidade  60 a 69 anos (por mil hab.)"
3528502,"Mairiporã",13.83466886,2024,"Longevidade",14.49,"Taxas de mortalidade  60 a 69 anos (por mil hab.)"
3528601,"Manduri",12.76970498,2014,"Longevidade",15.79,"Taxas de mortalidade  60 a 69 anos (por mil hab.)"
3528601,"Manduri",13.36675021,2016,"Longevidade",15.58,"Taxas de mortalidade  60 a 69 anos (por mil hab.)"
3528601,"Manduri",15.15151515,2018,"Longevidade",15.4,"Taxas de mortalidade  60 a 69 anos (por mil hab.)"
3528601,"Manduri",18.03921569,2020,"Longevidade",15.77,"Taxas de mortalidade  60 a 69 anos (por mil hab.)"
3528601,"Manduri",20.02224694,2022,"Longevidade",18.13,"Taxas de mortalidade  60 a 69 anos (por mil hab.)"
3528601,"Manduri",17.59530792,2024,"Longevidade",14.49,"Taxas de mortalidade  60 a 69 anos (por mil hab.)"
3528700,"Marabá Paulista",12.55707763,2014,"Longevidade",15.79,"Taxas de mortalidade  60 a 69 anos (por mil hab.)"
3528700,"Marabá Paulista",13.54166667,2016,"Longevidade",15.58,"Taxas de mortalidade  60 a 69 anos (por mil hab.)"
3528700,"Marabá Paulista",13.01301301,2018,"Longevidade",15.4,"Taxas de mortalidade  60 a 69 anos (por mil hab.)"
3528700,"Marabá Paulista",10.1010101,2020,"Longevidade",15.77,"Taxas de mortalidade  60 a 69 anos (por mil hab.)"
3528700,"Marabá Paulista",17.5879397,2022,"Longevidade",18.13,"Taxas de mortalidade  60 a 69 anos (por mil hab.)"
3528700,"Marabá Paulista",15.76576577,2024,"Longevidade",14.49,"Taxas de mortalidade  60 a 69 anos (por mil hab.)"
3528809,"Maracaí",16.49548708,2014,"Longevidade",15.79,"Taxas de mortalidade  60 a 69 anos (por mil hab.)"
3528809,"Maracaí",14.49275362,2016,"Longevidade",15.58,"Taxas de mortalidade  60 a 69 anos (por mil hab.)"
3528809,"Maracaí",14.04958678,2018,"Longevidade",15.4,"Taxas de mortalidade  60 a 69 anos (por mil hab.)"
3528809,"Maracaí",16.12064483,2020,"Longevidade",15.77,"Taxas de mortalidade  60 a 69 anos (por mil hab.)"
3528809,"Maracaí",19.65119135,2022,"Longevidade",18.13,"Taxas de mortalidade  60 a 69 anos (por mil hab.)"
3528809,"Maracaí",17.29323308,2024,"Longevidade",14.49,"Taxas de mortalidade  60 a 69 anos (por mil hab.)"
3528858,"Marapoama",8.26446281,2014,"Longevidade",15.79,"Taxas de mortalidade  60 a 69 anos (por mil hab.)"
3528858,"Marapoama",9.661835749,2016,"Longevidade",15.58,"Taxas de mortalidade  60 a 69 anos (por mil hab.)"
3528858,"Marapoama",10.60070671,2018,"Longevidade",15.4,"Taxas de mortalidade  60 a 69 anos (por mil hab.)"
3528858,"Marapoama",15.65995526,2020,"Longevidade",15.77,"Taxas de mortalidade  60 a 69 anos (por mil hab.)"
3528858,"Marapoama",24.57264957,2022,"Longevidade",18.13,"Taxas de mortalidade  60 a 69 anos (por mil hab.)"
3528858,"Marapoama",13.37153773,2024,"Longevidade",14.49,"Taxas de mortalidade  60 a 69 anos (por mil hab.)"
3528908,"Mariápolis",16.46090535,2014,"Longevidade",15.79,"Taxas de mortalidade  60 a 69 anos (por mil hab.)"
3528908,"Mariápolis",13.10861423,2016,"Longevidade",15.58,"Taxas de mortalidade  60 a 69 anos (por mil hab.)"
3528908,"Mariápolis",9.157509158,2018,"Longevidade",15.4,"Taxas de mortalidade  60 a 69 anos (por mil hab.)"
3528908,"Mariápolis",11.43359719,2020,"Longevidade",15.77,"Taxas de mortalidade  60 a 69 anos (por mil hab.)"
3528908,"Mariápolis",19.21470343,2022,"Longevidade",18.13,"Taxas de mortalidade  60 a 69 anos (por mil hab.)"
3528908,"Mariápolis",11.74743025,2024,"Longevidade",14.49,"Taxas de mortalidade  60 a 69 anos (por mil hab.)"
3529005,"Marília",16.13756614,2014,"Longevidade",15.79,"Taxas de mortalidade  60 a 69 anos (por mil hab.)"
3529005,"Marília",14.102369,2016,"Longevidade",15.58,"Taxas de mortalidade  60 a 69 anos (por mil hab.)"
3529005,"Marília",14.1045105,2018,"Longevidade",15.4,"Taxas de mortalidade  60 a 69 anos (por mil hab.)"
3529005,"Marília",13.85779768,2020,"Longevidade",15.77,"Taxas de mortalidade  60 a 69 anos (por mil hab.)"
3529005,"Marília",17.53555861,2022,"Longevidade",18.13,"Taxas de mortalidade  60 a 69 anos (por mil hab.)"
3529005,"Marília",14.01557583,2024,"Longevidade",14.49,"Taxas de mortalidade  60 a 69 anos (por mil hab.)"
3529104,"Marinópolis",7.751937984,2014,"Longevidade",15.79,"Taxas de mortalidade  60 a 69 anos (por mil hab.)"
3529104,"Marinópolis",15.78947368,2016,"Longevidade",15.58,"Taxas de mortalidade  60 a 69 anos (por mil hab.)"
3529104,"Marinópolis",10,2018,"Longevidade",15.4,"Taxas de mortalidade  60 a 69 anos (por mil hab.)"
3529104,"Marinópolis",15.22070015,2020,"Longevidade",15.77,"Taxas de mortalidade  60 a 69 anos (por mil hab.)"
3529104,"Marinópolis",23.90998594,2022,"Longevidade",18.13,"Taxas de mortalidade  60 a 69 anos (por mil hab.)"
3529104,"Marinópolis",21.89781022,2024,"Longevidade",14.49,"Taxas de mortalidade  60 a 69 anos (por mil hab.)"
3529203,"Martinópolis",16.62337662,2014,"Longevidade",15.79,"Taxas de mortalidade  60 a 69 anos (por mil hab.)"
3529203,"Martinópolis",16.86942417,2016,"Longevidade",15.58,"Taxas de mortalidade  60 a 69 anos (por mil hab.)"
3529203,"Martinópolis",16.38311279,2018,"Longevidade",15.4,"Taxas de mortalidade  60 a 69 anos (por mil hab.)"
3529203,"Martinópolis",16.25652498,2020,"Longevidade",15.77,"Taxas de mortalidade  60 a 69 anos (por mil hab.)"
3529203,"Martinópolis",18.47187238,2022,"Longevidade",18.13,"Taxas de mortalidade  60 a 69 anos (por mil hab.)"
3529203,"Martinópolis",15.10648836,2024,"Longevidade",14.49,"Taxas de mortalidade  60 a 69 anos (por mil hab.)"
3529302,"Matão",15.44490549,2014,"Longevidade",15.79,"Taxas de mortalidade  60 a 69 anos (por mil hab.)"
3529302,"Matão",15.02529009,2016,"Longevidade",15.58,"Taxas de mortalidade  60 a 69 anos (por mil hab.)"
3529302,"Matão",14.59162403,2018,"Longevidade",15.4,"Taxas de mortalidade  60 a 69 anos (por mil hab.)"
3529302,"Matão",14.54923357,2020,"Longevidade",15.77,"Taxas de mortalidade  60 a 69 anos (por mil hab.)"
3529302,"Matão",17.30034198,2022,"Longevidade",18.13,"Taxas de mortalidade  60 a 69 anos (por mil hab.)"
3529302,"Matão",15.08963013,2024,"Longevidade",14.49,"Taxas de mortalidade  60 a 69 anos (por mil hab.)"
3529401,"Mauá",15.96173412,2014,"Longevidade",15.79,"Taxas de mortalidade  60 a 69 anos (por mil hab.)"
3529401,"Mauá",15.3481561,2016,"Longevidade",15.58,"Taxas de mortalidade  60 a 69 anos (por mil hab.)"
3529401,"Mauá",14.94315221,2018,"Longevidade",15.4,"Taxas de mortalidade  60 a 69 anos (por mil hab.)"
3529401,"Mauá",15.8027691,2020,"Longevidade",15.77,"Taxas de mortalidade  60 a 69 anos (por mil hab.)"
3529401,"Mauá",18.24203461,2022,"Longevidade",18.13,"Taxas de mortalidade  60 a 69 anos (por mil hab.)"
3529401,"Mauá",14.83174738,2024,"Longevidade",14.49,"Taxas de mortalidade  60 a 69 anos (por mil hab.)"
3529500,"Mendonça",12.85140562,2014,"Longevidade",15.79,"Taxas de mortalidade  60 a 69 anos (por mil hab.)"
3529500,"Mendonça",12.64880952,2016,"Longevidade",15.58,"Taxas de mortalidade  60 a 69 anos (por mil hab.)"
3529500,"Mendonça",15.38461538,2018,"Longevidade",15.4,"Taxas de mortalidade  60 a 69 anos (por mil hab.)"
3529500,"Mendonça",16.985138,2020,"Longevidade",15.77,"Taxas de mortalidade  60 a 69 anos (por mil hab.)"
3529500,"Mendonça",23.56902357,2022,"Longevidade",18.13,"Taxas de mortalidade  60 a 69 anos (por mil hab.)"
3529500,"Mendonça",13.77848437,2024,"Longevidade",14.49,"Taxas de mortalidade  60 a 69 anos (por mil hab.)"
3529609,"Meridiano",17.8197065,2014,"Longevidade",15.79,"Taxas de mortalidade  60 a 69 anos (por mil hab.)"
3529609,"Meridiano",9.891196835,2016,"Longevidade",15.58,"Taxas de mortalidade  60 a 69 anos (por mil hab.)"
3529609,"Meridiano",15.06591337,2018,"Longevidade",15.4,"Taxas de mortalidade  60 a 69 anos (por mil hab.)"
3529609,"Meridiano",22.84263959,2020,"Longevidade",15.77,"Taxas de mortalidade  60 a 69 anos (por mil hab.)"
3529609,"Meridiano",24.14330218,2022,"Longevidade",18.13,"Taxas de mortalidade  60 a 69 anos (por mil hab.)"
3529609,"Meridiano",11.70671596,2024,"Longevidade",14.49,"Taxas de mortalidade  60 a 69 anos (por mil hab.)"
3529658,"Mesópolis",17.64705882,2014,"Longevidade",15.79,"Taxas de mortalidade  60 a 69 anos (por mil hab.)"
3529658,"Mesópolis",11.04972376,2016,"Longevidade",15.58,"Taxas de mortalidade  60 a 69 anos (por mil hab.)"
3529658,"Mesópolis",9.009009009,2018,"Longevidade",15.4,"Taxas de mortalidade  60 a 69 anos (por mil hab.)"
3529658,"Mesópolis",17.36111111,2020,"Longevidade",15.77,"Taxas de mortalidade  60 a 69 anos (por mil hab.)"
3529658,"Mesópolis",18.51851852,2022,"Longevidade",18.13,"Taxas de mortalidade  60 a 69 anos (por mil hab.)"
3529658,"Mesópolis",14.74926254,2024,"Longevidade",14.49,"Taxas de mortalidade  60 a 69 anos (por mil hab.)"
3529708,"Miguelópolis",17.94703436,2014,"Longevidade",15.79,"Taxas de mortalidade  60 a 69 anos (por mil hab.)"
3529708,"Miguelópolis",16.50563607,2016,"Longevidade",15.58,"Taxas de mortalidade  60 a 69 anos (por mil hab.)"
3529708,"Miguelópolis",19.32084309,2018,"Longevidade",15.4,"Taxas de mortalidade  60 a 69 anos (por mil hab.)"
3529708,"Miguelópolis",22.08724462,2020,"Longevidade",15.77,"Taxas de mortalidade  60 a 69 anos (por mil hab.)"
3529708,"Miguelópolis",23.02459445,2022,"Longevidade",18.13,"Taxas de mortalidade  60 a 69 anos (por mil hab.)"
3529708,"Miguelópolis",17.91359326,2024,"Longevidade",14.49,"Taxas de mortalidade  60 a 69 anos (por mil hab.)"
3529807,"Mineiros do Tietê",20.50113895,2014,"Longevidade",15.79,"Taxas de mortalidade  60 a 69 anos (por mil hab.)"
3529807,"Mineiros do Tietê",17.85134697,2016,"Longevidade",15.58,"Taxas de mortalidade  60 a 69 anos (por mil hab.)"
3529807,"Mineiros do Tietê",15.51831161,2018,"Longevidade",15.4,"Taxas de mortalidade  60 a 69 anos (por mil hab.)"
3529807,"Mineiros do Tietê",15.4373928,2020,"Longevidade",15.77,"Taxas de mortalidade  60 a 69 anos (por mil hab.)"
3529807,"Mineiros do Tietê",20.71563089,2022,"Longevidade",18.13,"Taxas de mortalidade  60 a 69 anos (por mil hab.)"
3529807,"Mineiros do Tietê",19.63784749,2024,"Longevidade",14.49,"Taxas de mortalidade  60 a 69 anos (por mil hab.)"
3529906,"Miracatu",16.99716714,2014,"Longevidade",15.79,"Taxas de mortalidade  60 a 69 anos (por mil hab.)"
3529906,"Miracatu",15.56593284,2016,"Longevidade",15.58,"Taxas de mortalidade  60 a 69 anos (por mil hab.)"
3529906,"Miracatu",13.04631442,2018,"Longevidade",15.4,"Taxas de mortalidade  60 a 69 anos (por mil hab.)"
3529906,"Miracatu",18.125,2020,"Longevidade",15.77,"Taxas de mortalidade  60 a 69 anos (por mil hab.)"
3529906,"Miracatu",23.42342342,2022,"Longevidade",18.13,"Taxas de mortalidade  60 a 69 anos (por mil hab.)"
3529906,"Miracatu",16.96352841,2024,"Longevidade",14.49,"Taxas de mortalidade  60 a 69 anos (por mil hab.)"
3530003,"Mira Estrela",14.02373247,2014,"Longevidade",15.79,"Taxas de mortalidade  60 a 69 anos (por mil hab.)"
3530003,"Mira Estrela",14.32664756,2016,"Longevidade",15.58,"Taxas de mortalidade  60 a 69 anos (por mil hab.)"
3530003,"Mira Estrela",13.10861423,2018,"Longevidade",15.4,"Taxas de mortalidade  60 a 69 anos (por mil hab.)"
3530003,"Mira Estrela",17.96945193,2020,"Longevidade",15.77,"Taxas de mortalidade  60 a 69 anos (por mil hab.)"
3530003,"Mira Estrela",16.04278075,2022,"Longevidade",18.13,"Taxas de mortalidade  60 a 69 anos (por mil hab.)"
3530003,"Mira Estrela",12.56613757,2024,"Longevidade",14.49,"Taxas de mortalidade  60 a 69 anos (por mil hab.)"
3530102,"Mirandópolis",13.03538175,2014,"Longevidade",15.79,"Taxas de mortalidade  60 a 69 anos (por mil hab.)"
3530102,"Mirandópolis",11.87141523,2016,"Longevidade",15.58,"Taxas de mortalidade  60 a 69 anos (por mil hab.)"
3530102,"Mirandópolis",12.17596229,2018,"Longevidade",15.4,"Taxas de mortalidade  60 a 69 anos (por mil hab.)"
3530102,"Mirandópolis",15.28936063,2020,"Longevidade",15.77,"Taxas de mortalidade  60 a 69 anos (por mil hab.)"
3530102,"Mirandópolis",15.40869147,2022,"Longevidade",18.13,"Taxas de mortalidade  60 a 69 anos (por mil hab.)"
3530102,"Mirandópolis",15.47740981,2024,"Longevidade",14.49,"Taxas de mortalidade  60 a 69 anos (por mil hab.)"
3530201,"Mirante do Paranapanema",13.34253508,2014,"Longevidade",15.79,"Taxas de mortalidade  60 a 69 anos (por mil hab.)"
3530201,"Mirante do Paranapanema",12.38522315,2016,"Longevidade",15.58,"Taxas de mortalidade  60 a 69 anos (por mil hab.)"
3530201,"Mirante do Paranapanema",11.15241636,2018,"Longevidade",15.4,"Taxas de mortalidade  60 a 69 anos (por mil hab.)"
3530201,"Mirante do Paranapanema",12.61890895,2020,"Longevidade",15.77,"Taxas de mortalidade  60 a 69 anos (por mil hab.)"
3530201,"Mirante do Paranapanema",17.50547046,2022,"Longevidade",18.13,"Taxas de mortalidade  60 a 69 anos (por mil hab.)"
3530201,"Mirante do Paranapanema",12.75422268,2024,"Longevidade",14.49,"Taxas de mortalidade  60 a 69 anos (por mil hab.)"
3530300,"Mirassol",14.78953356,2014,"Longevidade",15.79,"Taxas de mortalidade  60 a 69 anos (por mil hab.)"
3530300,"Mirassol",14.44579452,2016,"Longevidade",15.58,"Taxas de mortalidade  60 a 69 anos (por mil hab.)"
3530300,"Mirassol",14.2801252,2018,"Longevidade",15.4,"Taxas de mortalidade  60 a 69 anos (por mil hab.)"
3530300,"Mirassol",14.90811732,2020,"Longevidade",15.77,"Taxas de mortalidade  60 a 69 anos (por mil hab.)"
3530300,"Mirassol",17.05161106,2022,"Longevidade",18.13,"Taxas de mortalidade  60 a 69 anos (por mil hab.)"
3530300,"Mirassol",11.40760842,2024,"Longevidade",14.49,"Taxas de mortalidade  60 a 69 anos (por mil hab.)"
3530409,"Mirassolândia",17.09401709,2014,"Longevidade",15.79,"Taxas de mortalidade  60 a 69 anos (por mil hab.)"
3530409,"Mirassolândia",10.69958848,2016,"Longevidade",15.58,"Taxas de mortalidade  60 a 69 anos (por mil hab.)"
3530409,"Mirassolândia",8.943089431,2018,"Longevidade",15.4,"Taxas de mortalidade  60 a 69 anos (por mil hab.)"
3530409,"Mirassolândia",12.54901961,2020,"Longevidade",15.77,"Taxas de mortalidade  60 a 69 anos (por mil hab.)"
3530409,"Mirassolândia",16.66666667,2022,"Longevidade",18.13,"Taxas de mortalidade  60 a 69 anos (por mil hab.)"
3530409,"Mirassolândia",16.07267645,2024,"Longevidade",14.49,"Taxas de mortalidade  60 a 69 anos (por mil hab.)"
3530508,"Mococa",16.99115044,2014,"Longevidade",15.79,"Taxas de mortalidade  60 a 69 anos (por mil hab.)"
3530508,"Mococa",18.14022768,2016,"Longevidade",15.58,"Taxas de mortalidade  60 a 69 anos (por mil hab.)"
3530508,"Mococa",17.31334055,2018,"Longevidade",15.4,"Taxas de mortalidade  60 a 69 anos (por mil hab.)"
3530508,"Mococa",16.74409601,2020,"Longevidade",15.77,"Taxas de mortalidade  60 a 69 anos (por mil hab.)"
3530508,"Mococa",19.19793253,2022,"Longevidade",18.13,"Taxas de mortalidade  60 a 69 anos (por mil hab.)"
3530508,"Mococa",14.73085413,2024,"Longevidade",14.49,"Taxas de mortalidade  60 a 69 anos (por mil hab.)"
3530607,"Mogi das Cruzes",16.71721001,2014,"Longevidade",15.79,"Taxas de mortalidade  60 a 69 anos (por mil hab.)"
3530607,"Mogi das Cruzes",16.61721068,2016,"Longevidade",15.58,"Taxas de mortalidade  60 a 69 anos (por mil hab.)"
3530607,"Mogi das Cruzes",16.94879635,2018,"Longevidade",15.4,"Taxas de mortalidade  60 a 69 anos (por mil hab.)"
3530607,"Mogi das Cruzes",17.86366696,2020,"Longevidade",15.77,"Taxas de mortalidade  60 a 69 anos (por mil hab.)"
3530607,"Mogi das Cruzes",20.05720478,2022,"Longevidade",18.13,"Taxas de mortalidade  60 a 69 anos (por mil hab.)"
3530607,"Mogi das Cruzes",15.34813977,2024,"Longevidade",14.49,"Taxas de mortalidade  60 a 69 anos (por mil hab.)"
3530706,"Mogi Guaçu",16.81272919,2014,"Longevidade",15.79,"Taxas de mortalidade  60 a 69 anos (por mil hab.)"
3530706,"Mogi Guaçu",15.91358839,2016,"Longevidade",15.58,"Taxas de mortalidade  60 a 69 anos (por mil hab.)"
3530706,"Mogi Guaçu",15.78849771,2018,"Longevidade",15.4,"Taxas de mortalidade  60 a 69 anos (por mil hab.)"
3530706,"Mogi Guaçu",16.6802178,2020,"Longevidade",15.77,"Taxas de mortalidade  60 a 69 anos (por mil hab.)"
3530706,"Mogi Guaçu",20.40439053,2022,"Longevidade",18.13,"Taxas de mortalidade  60 a 69 anos (por mil hab.)"
3530706,"Mogi Guaçu",16.36633808,2024,"Longevidade",14.49,"Taxas de mortalidade  60 a 69 anos (por mil hab.)"
3530805,"Mogi Mirim",16.91262591,2014,"Longevidade",15.79,"Taxas de mortalidade  60 a 69 anos (por mil hab.)"
3530805,"Mogi Mirim",16.08423496,2016,"Longevidade",15.58,"Taxas de mortalidade  60 a 69 anos (por mil hab.)"
3530805,"Mogi Mirim",14.34852118,2018,"Longevidade",15.4,"Taxas de mortalidade  60 a 69 anos (por mil hab.)"
3530805,"Mogi Mirim",14.6140116,2020,"Longevidade",15.77,"Taxas de mortalidade  60 a 69 anos (por mil hab.)"
3530805,"Mogi Mirim",18.21168904,2022,"Longevidade",18.13,"Taxas de mortalidade  60 a 69 anos (por mil hab.)"
3530805,"Mogi Mirim",15.24555205,2024,"Longevidade",14.49,"Taxas de mortalidade  60 a 69 anos (por mil hab.)"
3530904,"Mombuca",22.87581699,2014,"Longevidade",15.79,"Taxas de mortalidade  60 a 69 anos (por mil hab.)"
3530904,"Mombuca",27.39726027,2016,"Longevidade",15.58,"Taxas de mortalidade  60 a 69 anos (por mil hab.)"
3530904,"Mombuca",30.43478261,2018,"Longevidade",15.4,"Taxas de mortalidade  60 a 69 anos (por mil hab.)"
3530904,"Mombuca",15.68627451,2020,"Longevidade",15.77,"Taxas de mortalidade  60 a 69 anos (por mil hab.)"
3530904,"Mombuca",26.28434886,2022,"Longevidade",18.13,"Taxas de mortalidade  60 a 69 anos (por mil hab.)"
3530904,"Mombuca",14.61988304,2024,"Longevidade",14.49,"Taxas de mortalidade  60 a 69 anos (por mil hab.)"
3531001,"Monções",13.39285714,2014,"Longevidade",15.79,"Taxas de mortalidade  60 a 69 anos (por mil hab.)"
3531001,"Monções",22.79202279,2016,"Longevidade",15.58,"Taxas de mortalidade  60 a 69 anos (por mil hab.)"
3531001,"Monções",16.94915254,2018,"Longevidade",15.4,"Taxas de mortalidade  60 a 69 anos (por mil hab.)"
3531001,"Monções",8.333333333,2020,"Longevidade",15.77,"Taxas de mortalidade  60 a 69 anos (por mil hab.)"
3531001,"Monções",2.635046113,2022,"Longevidade",18.13,"Taxas de mortalidade  60 a 69 anos (por mil hab.)"
3531001,"Monções",12.86549708,2024,"Longevidade",14.49,"Taxas de mortalidade  60 a 69 anos (por mil hab.)"
3531100,"Mongaguá",20.31331984,2014,"Longevidade",15.79,"Taxas de mortalidade  60 a 69 anos (por mil hab.)"
3531100,"Mongaguá",23.05596311,2016,"Longevidade",15.58,"Taxas de mortalidade  60 a 69 anos (por mil hab.)"
3531100,"Mongaguá",24.27251414,2018,"Longevidade",15.4,"Taxas de mortalidade  60 a 69 anos (por mil hab.)"
3531100,"Mongaguá",26.28218055,2020,"Longevidade",15.77,"Taxas de mortalidade  60 a 69 anos (por mil hab.)"
3531100,"Mongaguá",32.99676632,2022,"Longevidade",18.13,"Taxas de mortalidade  60 a 69 anos (por mil hab.)"
3531100,"Mongaguá",16.62262055,2024,"Longevidade",14.49,"Taxas de mortalidade  60 a 69 anos (por mil hab.)"
3531209,"Monte Alegre do Sul",13.82243488,2014,"Longevidade",15.79,"Taxas de mortalidade  60 a 69 anos (por mil hab.)"
3531209,"Monte Alegre do Sul",10.75268817,2016,"Longevidade",15.58,"Taxas de mortalidade  60 a 69 anos (por mil hab.)"
3531209,"Monte Alegre do Sul",9.873060649,2018,"Longevidade",15.4,"Taxas de mortalidade  60 a 69 anos (por mil hab.)"
3531209,"Monte Alegre do Sul",15.56420233,2020,"Longevidade",15.77,"Taxas de mortalidade  60 a 69 anos (por mil hab.)"
3531209,"Monte Alegre do Sul",18.45166466,2022,"Longevidade",18.13,"Taxas de mortalidade  60 a 69 anos (por mil hab.)"
3531209,"Monte Alegre do Sul",12.52086811,2024,"Longevidade",14.49,"Taxas de mortalidade  60 a 69 anos (por mil hab.)"
3531308,"Monte Alto",13.14038589,2014,"Longevidade",15.79,"Taxas de mortalidade  60 a 69 anos (por mil hab.)"
3531308,"Monte Alto",14.66666667,2016,"Longevidade",15.58,"Taxas de mortalidade  60 a 69 anos (por mil hab.)"
3531308,"Monte Alto",14.58914396,2018,"Longevidade",15.4,"Taxas de mortalidade  60 a 69 anos (por mil hab.)"
3531308,"Monte Alto",14.0224359,2020,"Longevidade",15.77,"Taxas de mortalidade  60 a 69 anos (por mil hab.)"
3531308,"Monte Alto",17.4573055,2022,"Longevidade",18.13,"Taxas de mortalidade  60 a 69 anos (por mil hab.)"
3531308,"Monte Alto",16.23356957,2024,"Longevidade",14.49,"Taxas de mortalidade  60 a 69 anos (por mil hab.)"
3531407,"Monte Aprazível",15.38192624,2014,"Longevidade",15.79,"Taxas de mortalidade  60 a 69 anos (por mil hab.)"
3531407,"Monte Aprazível",14.15394402,2016,"Longevidade",15.58,"Taxas de mortalidade  60 a 69 anos (por mil hab.)"
3531407,"Monte Aprazível",13.53637902,2018,"Longevidade",15.4,"Taxas de mortalidade  60 a 69 anos (por mil hab.)"
3531407,"Monte Aprazível",14.33536056,2020,"Longevidade",15.77,"Taxas de mortalidade  60 a 69 anos (por mil hab.)"
3531407,"Monte Aprazível",16.91419142,2022,"Longevidade",18.13,"Taxas de mortalidade  60 a 69 anos (por mil hab.)"
3531407,"Monte Aprazível",14.64323749,2024,"Longevidade",14.49,"Taxas de mortalidade  60 a 69 anos (por mil hab.)"
3531506,"Monte Azul Paulista",16.78815993,2014,"Longevidade",15.79,"Taxas de mortalidade  60 a 69 anos (por mil hab.)"
3531506,"Monte Azul Paulista",16.30988787,2016,"Longevidade",15.58,"Taxas de mortalidade  60 a 69 anos (por mil hab.)"
3531506,"Monte Azul Paulista",13.24634243,2018,"Longevidade",15.4,"Taxas de mortalidade  60 a 69 anos (por mil hab.)"
3531506,"Monte Azul Paulista",14.35495899,2020,"Longevidade",15.77,"Taxas de mortalidade  60 a 69 anos (por mil hab.)"
3531506,"Monte Azul Paulista",15.7382847,2022,"Longevidade",18.13,"Taxas de mortalidade  60 a 69 anos (por mil hab.)"
3531506,"Monte Azul Paulista",14.69605878,2024,"Longevidade",14.49,"Taxas de mortalidade  60 a 69 anos (por mil hab.)"
3531605,"Monte Castelo",13.92301392,2014,"Longevidade",15.79,"Taxas de mortalidade  60 a 69 anos (por mil hab.)"
3531605,"Monte Castelo",16.62887377,2016,"Longevidade",15.58,"Taxas de mortalidade  60 a 69 anos (por mil hab.)"
3531605,"Monte Castelo",18.43657817,2018,"Longevidade",15.4,"Taxas de mortalidade  60 a 69 anos (por mil hab.)"
3531605,"Monte Castelo",22.45614035,2020,"Longevidade",15.77,"Taxas de mortalidade  60 a 69 anos (por mil hab.)"
3531605,"Monte Castelo",20.28397566,2022,"Longevidade",18.13,"Taxas de mortalidade  60 a 69 anos (por mil hab.)"
3531605,"Monte Castelo",20.05012531,2024,"Longevidade",14.49,"Taxas de mortalidade  60 a 69 anos (por mil hab.)"
3531704,"Monteiro Lobato",13.14553991,2014,"Longevidade",15.79,"Taxas de mortalidade  60 a 69 anos (por mil hab.)"
3531704,"Monteiro Lobato",15.625,2016,"Longevidade",15.58,"Taxas de mortalidade  60 a 69 anos (por mil hab.)"
3531704,"Monteiro Lobato",16.07445008,2018,"Longevidade",15.4,"Taxas de mortalidade  60 a 69 anos (por mil hab.)"
3531704,"Monteiro Lobato",11.93317422,2020,"Longevidade",15.77,"Taxas de mortalidade  60 a 69 anos (por mil hab.)"
3531704,"Monteiro Lobato",9.826152683,2022,"Longevidade",18.13,"Taxas de mortalidade  60 a 69 anos (por mil hab.)"
3531704,"Monteiro Lobato",9.140767824,2024,"Longevidade",14.49,"Taxas de mortalidade  60 a 69 anos (por mil hab.)"
3531803,"Monte Mor",16.07580113,2014,"Longevidade",15.79,"Taxas de mortalidade  60 a 69 anos (por mil hab.)"
3531803,"Monte Mor",17.5583747,2016,"Longevidade",15.58,"Taxas de mortalidade  60 a 69 anos (por mil hab.)"
3531803,"Monte Mor",17.22310546,2018,"Longevidade",15.4,"Taxas de mortalidade  60 a 69 anos (por mil hab.)"
3531803,"Monte Mor",18.59099804,2020,"Longevidade",15.77,"Taxas de mortalidade  60 a 69 anos (por mil hab.)"
3531803,"Monte Mor",22.0856102,2022,"Longevidade",18.13,"Taxas de mortalidade  60 a 69 anos (por mil hab.)"
3531803,"Monte Mor",16.50043098,2024,"Longevidade",14.49,"Taxas de mortalidade  60 a 69 anos (por mil hab.)"
3531902,"Morro Agudo",16.08430394,2014,"Longevidade",15.79,"Taxas de mortalidade  60 a 69 anos (por mil hab.)"
3531902,"Morro Agudo",14.89572989,2016,"Longevidade",15.58,"Taxas de mortalidade  60 a 69 anos (por mil hab.)"
3531902,"Morro Agudo",14.87523992,2018,"Longevidade",15.4,"Taxas de mortalidade  60 a 69 anos (por mil hab.)"
3531902,"Morro Agudo",19.91614256,2020,"Longevidade",15.77,"Taxas de mortalidade  60 a 69 anos (por mil hab.)"
3531902,"Morro Agudo",24.35629784,2022,"Longevidade",18.13,"Taxas de mortalidade  60 a 69 anos (por mil hab.)"
3531902,"Morro Agudo",16.6201303,2024,"Longevidade",14.49,"Taxas de mortalidade  60 a 69 anos (por mil hab.)"
3532009,"Morungaba",13.67331855,2014,"Longevidade",15.79,"Taxas de mortalidade  60 a 69 anos (por mil hab.)"
3532009,"Morungaba",11.94131696,2016,"Longevidade",15.58,"Taxas de mortalidade  60 a 69 anos (por mil hab.)"
3532009,"Morungaba",13.36005344,2018,"Longevidade",15.4,"Taxas de mortalidade  60 a 69 anos (por mil hab.)"
3532009,"Morungaba",16.93831895,2020,"Longevidade",15.77,"Taxas de mortalidade  60 a 69 anos (por mil hab.)"
3532009,"Morungaba",20.96627165,2022,"Longevidade",18.13,"Taxas de mortalidade  60 a 69 anos (por mil hab.)"
3532009,"Morungaba",14.52658885,2024,"Longevidade",14.49,"Taxas de mortalidade  60 a 69 anos (por mil hab.)"
3532058,"Motuca",17.20430108,2014,"Longevidade",15.79,"Taxas de mortalidade  60 a 69 anos (por mil hab.)"
3532058,"Motuca",13.03538175,2016,"Longevidade",15.58,"Taxas de mortalidade  60 a 69 anos (por mil hab.)"
3532058,"Motuca",17.73049645,2018,"Longevidade",15.4,"Taxas de mortalidade  60 a 69 anos (por mil hab.)"
3532058,"Motuca",12.85140562,2020,"Longevidade",15.77,"Taxas de mortalidade  60 a 69 anos (por mil hab.)"
3532058,"Motuca",13.24503311,2022,"Longevidade",18.13,"Taxas de mortalidade  60 a 69 anos (por mil hab.)"
3532058,"Motuca",12.82051282,2024,"Longevidade",14.49,"Taxas de mortalidade  60 a 69 anos (por mil hab.)"
3532108,"Murutinga do Sul",18.72659176,2014,"Longevidade",15.79,"Taxas de mortalidade  60 a 69 anos (por mil hab.)"
3532108,"Murutinga do Sul",16.94915254,2016,"Longevidade",15.58,"Taxas de mortalidade  60 a 69 anos (por mil hab.)"
3532108,"Murutinga do Sul",15.34170153,2018,"Longevidade",15.4,"Taxas de mortalidade  60 a 69 anos (por mil hab.)"
3532108,"Murutinga do Sul",15.67825494,2020,"Longevidade",15.77,"Taxas de mortalidade  60 a 69 anos (por mil hab.)"
3532108,"Murutinga do Sul",16.46903821,2022,"Longevidade",18.13,"Taxas de mortalidade  60 a 69 anos (por mil hab.)"
3532108,"Murutinga do Sul",13.33333333,2024,"Longevidade",14.49,"Taxas de mortalidade  60 a 69 anos (por mil hab.)"
3532157,"Nantes",27.61341223,2014,"Longevidade",15.79,"Taxas de mortalidade  60 a 69 anos (por mil hab.)"
3532157,"Nantes",23.94106814,2016,"Longevidade",15.58,"Taxas de mortalidade  60 a 69 anos (por mil hab.)"
3532157,"Nantes",21.05263158,2018,"Longevidade",15.4,"Taxas de mortalidade  60 a 69 anos (por mil hab.)"
3532157,"Nantes",12.6984127,2020,"Longevidade",15.77,"Taxas de mortalidade  60 a 69 anos (por mil hab.)"
3532157,"Nantes",13.10043668,2022,"Longevidade",18.13,"Taxas de mortalidade  60 a 69 anos (por mil hab.)"
3532157,"Nantes",17.0212766,2024,"Longevidade",14.49,"Taxas de mortalidade  60 a 69 anos (por mil hab.)"
3532207,"Narandiba",7.042253521,2014,"Longevidade",15.79,"Taxas de mortalidade  60 a 69 anos (por mil hab.)"
3532207,"Narandiba",16.93121693,2016,"Longevidade",15.58,"Taxas de mortalidade  60 a 69 anos (por mil hab.)"
3532207,"Narandiba",22.56410256,2018,"Longevidade",15.4,"Taxas de mortalidade  60 a 69 anos (por mil hab.)"
3532207,"Narandiba",20.83333333,2020,"Longevidade",15.77,"Taxas de mortalidade  60 a 69 anos (por mil hab.)"
3532207,"Narandiba",17.6366843,2022,"Longevidade",18.13,"Taxas de mortalidade  60 a 69 anos (por mil hab.)"
3532207,"Narandiba",15.97222222,2024,"Longevidade",14.49,"Taxas de mortalidade  60 a 69 anos (por mil hab.)"
3532306,"Natividade da Serra",11.92327631,2014,"Longevidade",15.79,"Taxas de mortalidade  60 a 69 anos (por mil hab.)"
3532306,"Natividade da Serra",15.57177616,2016,"Longevidade",15.58,"Taxas de mortalidade  60 a 69 anos (por mil hab.)"
3532306,"Natividade da Serra",12.83880171,2018,"Longevidade",15.4,"Taxas de mortalidade  60 a 69 anos (por mil hab.)"
3532306,"Natividade da Serra",11.9047619,2020,"Longevidade",15.77,"Taxas de mortalidade  60 a 69 anos (por mil hab.)"
3532306,"Natividade da Serra",10.24955437,2022,"Longevidade",18.13,"Taxas de mortalidade  60 a 69 anos (por mil hab.)"
3532306,"Natividade da Serra",10.32763533,2024,"Longevidade",14.49,"Taxas de mortalidade  60 a 69 anos (por mil hab.)"
3532405,"Nazaré Paulista",17.30959446,2014,"Longevidade",15.79,"Taxas de mortalidade  60 a 69 anos (por mil hab.)"
3532405,"Nazaré Paulista",12.38896681,2016,"Longevidade",15.58,"Taxas de mortalidade  60 a 69 anos (por mil hab.)"
3532405,"Nazaré Paulista",15.50387597,2018,"Longevidade",15.4,"Taxas de mortalidade  60 a 69 anos (por mil hab.)"
3532405,"Nazaré Paulista",16.77559913,2020,"Longevidade",15.77,"Taxas de mortalidade  60 a 69 anos (por mil hab.)"
3532405,"Nazaré Paulista",17.510944340000002,2022,"Longevidade",18.13,"Taxas de mortalidade  60 a 69 anos (por mil hab.)"
3532405,"Nazaré Paulista",16.10904585,2024,"Longevidade",14.49,"Taxas de mortalidade  60 a 69 anos (por mil hab.)"
3532504,"Neves Paulista",13.24252743,2014,"Longevidade",15.79,"Taxas de mortalidade  60 a 69 anos (por mil hab.)"
3532504,"Neves Paulista",13.26164875,2016,"Longevidade",15.58,"Taxas de mortalidade  60 a 69 anos (por mil hab.)"
3532504,"Neves Paulista",12.64488936,2018,"Longevidade",15.4,"Taxas de mortalidade  60 a 69 anos (por mil hab.)"
3532504,"Neves Paulista",12.85956007,2020,"Longevidade",15.77,"Taxas de mortalidade  60 a 69 anos (por mil hab.)"
3532504,"Neves Paulista",18.48249027,2022,"Longevidade",18.13,"Taxas de mortalidade  60 a 69 anos (por mil hab.)"
3532504,"Neves Paulista",12.51042535,2024,"Longevidade",14.49,"Taxas de mortalidade  60 a 69 anos (por mil hab.)"
3532603,"Nhandeara",14.41600471,2014,"Longevidade",15.79,"Taxas de mortalidade  60 a 69 anos (por mil hab.)"
3532603,"Nhandeara",11.28543903,2016,"Longevidade",15.58,"Taxas de mortalidade  60 a 69 anos (por mil hab.)"
3532603,"Nhandeara",10.50080775,2018,"Longevidade",15.4,"Taxas de mortalidade  60 a 69 anos (por mil hab.)"
3532603,"Nhandeara",12.8998968,2020,"Longevidade",15.77,"Taxas de mortalidade  60 a 69 anos (por mil hab.)"
3532603,"Nhandeara",15.88483495,2022,"Longevidade",18.13,"Taxas de mortalidade  60 a 69 anos (por mil hab.)"
3532603,"Nhandeara",14.23220974,2024,"Longevidade",14.49,"Taxas de mortalidade  60 a 69 anos (por mil hab.)"
3532702,"Nipoã",18.57923497,2014,"Longevidade",15.79,"Taxas de mortalidade  60 a 69 anos (por mil hab.)"
3532702,"Nipoã",12.93532338,2016,"Longevidade",15.58,"Taxas de mortalidade  60 a 69 anos (por mil hab.)"
3532702,"Nipoã",17.49271137,2018,"Longevidade",15.4,"Taxas de mortalidade  60 a 69 anos (por mil hab.)"
3532702,"Nipoã",14.81481481,2020,"Longevidade",15.77,"Taxas de mortalidade  60 a 69 anos (por mil hab.)"
3532702,"Nipoã",14.07211961,2022,"Longevidade",18.13,"Taxas de mortalidade  60 a 69 anos (por mil hab.)"
3532702,"Nipoã",17.49781277,2024,"Longevidade",14.49,"Taxas de mortalidade  60 a 69 anos (por mil hab.)"
3532801,"Nova Aliança",13.88888889,2014,"Longevidade",15.79,"Taxas de mortalidade  60 a 69 anos (por mil hab.)"
3532801,"Nova Aliança",13.10861423,2016,"Longevidade",15.58,"Taxas de mortalidade  60 a 69 anos (por mil hab.)"
3532801,"Nova Aliança",15.12401694,2018,"Longevidade",15.4,"Taxas de mortalidade  60 a 69 anos (por mil hab.)"
3532801,"Nova Aliança",19.27437642,2020,"Longevidade",15.77,"Taxas de mortalidade  60 a 69 anos (por mil hab.)"
3532801,"Nova Aliança",21.69312169,2022,"Longevidade",18.13,"Taxas de mortalidade  60 a 69 anos (por mil hab.)"
3532801,"Nova Aliança",11.61751564,2024,"Longevidade",14.49,"Taxas de mortalidade  60 a 69 anos (por mil hab.)"
3532827,"Nova Campina",21.72284644,2014,"Longevidade",15.79,"Taxas de mortalidade  60 a 69 anos (por mil hab.)"
3532827,"Nova Campina",21.33333333,2016,"Longevidade",15.58,"Taxas de mortalidade  60 a 69 anos (por mil hab.)"
3532827,"Nova Campina",22.47912653,2018,"Longevidade",15.4,"Taxas de mortalidade  60 a 69 anos (por mil hab.)"
3532827,"Nova Campina",23.76708259,2020,"Longevidade",15.77,"Taxas de mortalidade  60 a 69 anos (por mil hab.)"
3532827,"Nova Campina",25.55736813,2022,"Longevidade",18.13,"Taxas de mortalidade  60 a 69 anos (por mil hab.)"
3532827,"Nova Campina",17.09401709,2024,"Longevidade",14.49,"Taxas de mortalidade  60 a 69 anos (por mil hab.)"
3532843,"Nova Canaã Paulista",12.97016861,2014,"Longevidade",15.79,"Taxas de mortalidade  60 a 69 anos (por mil hab.)"
3532843,"Nova Canaã Paulista",12.39157373,2016,"Longevidade",15.58,"Taxas de mortalidade  60 a 69 anos (por mil hab.)"
3532843,"Nova Canaã Paulista",17.15686275,2018,"Longevidade",15.4,"Taxas de mortalidade  60 a 69 anos (por mil hab.)"
3532843,"Nova Canaã Paulista",16.72640382,2020,"Longevidade",15.77,"Taxas de mortalidade  60 a 69 anos (por mil hab.)"
3532843,"Nova Canaã Paulista",20.02355713,2022,"Longevidade",18.13,"Taxas de mortalidade  60 a 69 anos (por mil hab.)"
3532843,"Nova Canaã Paulista",13.97205589,2024,"Longevidade",14.49,"Taxas de mortalidade  60 a 69 anos (por mil hab.)"
3532868,"Nova Castilho",10.52631579,2014,"Longevidade",15.79,"Taxas de mortalidade  60 a 69 anos (por mil hab.)"
3532868,"Nova Castilho",20,2016,"Longevidade",15.58,"Taxas de mortalidade  60 a 69 anos (por mil hab.)"
3532868,"Nova Castilho",12.94498382,2018,"Longevidade",15.4,"Taxas de mortalidade  60 a 69 anos (por mil hab.)"
3532868,"Nova Castilho",12.2324159,2020,"Longevidade",15.77,"Taxas de mortalidade  60 a 69 anos (por mil hab.)"
3532868,"Nova Castilho",8.849557522,2022,"Longevidade",18.13,"Taxas de mortalidade  60 a 69 anos (por mil hab.)"
3532868,"Nova Castilho",8.771929825,2024,"Longevidade",14.49,"Taxas de mortalidade  60 a 69 anos (por mil hab.)"
3532900,"Nova Europa",21.59031069,2014,"Longevidade",15.79,"Taxas de mortalidade  60 a 69 anos (por mil hab.)"
3532900,"Nova Europa",14.33194637,2016,"Longevidade",15.58,"Taxas de mortalidade  60 a 69 anos (por mil hab.)"
3532900,"Nova Europa",14.29848079,2018,"Longevidade",15.4,"Taxas de mortalidade  60 a 69 anos (por mil hab.)"
3532900,"Nova Europa",20.36575229,2020,"Longevidade",15.77,"Taxas de mortalidade  60 a 69 anos (por mil hab.)"
3532900,"Nova Europa",20.97902098,2022,"Longevidade",18.13,"Taxas de mortalidade  60 a 69 anos (por mil hab.)"
3532900,"Nova Europa",16.37554585,2024,"Longevidade",14.49,"Taxas de mortalidade  60 a 69 anos (por mil hab.)"
3533007,"Nova Granada",16.04278075,2014,"Longevidade",15.79,"Taxas de mortalidade  60 a 69 anos (por mil hab.)"
3533007,"Nova Granada",15.70787434,2016,"Longevidade",15.58,"Taxas de mortalidade  60 a 69 anos (por mil hab.)"
3533007,"Nova Granada",14.58702937,2018,"Longevidade",15.4,"Taxas de mortalidade  60 a 69 anos (por mil hab.)"
3533007,"Nova Granada",15.55555556,2020,"Longevidade",15.77,"Taxas de mortalidade  60 a 69 anos (por mil hab.)"
3533007,"Nova Granada",17.67151767,2022,"Longevidade",18.13,"Taxas de mortalidade  60 a 69 anos (por mil hab.)"
3533007,"Nova Granada",14.07989522,2024,"Longevidade",14.49,"Taxas de mortalidade  60 a 69 anos (por mil hab.)"
3533106,"Nova Guataporanga",12.40310078,2014,"Longevidade",15.79,"Taxas de mortalidade  60 a 69 anos (por mil hab.)"
3533106,"Nova Guataporanga",17.68707483,2016,"Longevidade",15.58,"Taxas de mortalidade  60 a 69 anos (por mil hab.)"
3533106,"Nova Guataporanga",18.44532279,2018,"Longevidade",15.4,"Taxas de mortalidade  60 a 69 anos (por mil hab.)"
3533106,"Nova Guataporanga",23.54399009,2020,"Longevidade",15.77,"Taxas de mortalidade  60 a 69 anos (por mil hab.)"
3533106,"Nova Guataporanga",20.23809524,2022,"Longevidade",18.13,"Taxas de mortalidade  60 a 69 anos (por mil hab.)"
3533106,"Nova Guataporanga",22.22222222,2024,"Longevidade",14.49,"Taxas de mortalidade  60 a 69 anos (por mil hab.)"
3533205,"Nova Independência",22.68760908,2014,"Longevidade",15.79,"Taxas de mortalidade  60 a 69 anos (por mil hab.)"
3533205,"Nova Independência",16.59125189,2016,"Longevidade",15.58,"Taxas de mortalidade  60 a 69 anos (por mil hab.)"
3533205,"Nova Independência",11.34751773,2018,"Longevidade",15.4,"Taxas de mortalidade  60 a 69 anos (por mil hab.)"
3533205,"Nova Independência",20.9102091,2020,"Longevidade",15.77,"Taxas de mortalidade  60 a 69 anos (por mil hab.)"
3533205,"Nova Independência",25.64102564,2022,"Longevidade",18.13,"Taxas de mortalidade  60 a 69 anos (por mil hab.)"
3533205,"Nova Independência",20.06980803,2024,"Longevidade",14.49,"Taxas de mortalidade  60 a 69 anos (por mil hab.)"
3533254,"Novais",15.20912548,2014,"Longevidade",15.79,"Taxas de mortalidade  60 a 69 anos (por mil hab.)"
3533254,"Novais",9.523809524,2016,"Longevidade",15.58,"Taxas de mortalidade  60 a 69 anos (por mil hab.)"
3533254,"Novais",10.60070671,2018,"Longevidade",15.4,"Taxas de mortalidade  60 a 69 anos (por mil hab.)"
3533254,"Novais",11.45475372,2020,"Longevidade",15.77,"Taxas de mortalidade  60 a 69 anos (por mil hab.)"
3533254,"Novais",15.00535906,2022,"Longevidade",18.13,"Taxas de mortalidade  60 a 69 anos (por mil hab.)"
3533254,"Novais",15.00535906,2024,"Longevidade",14.49,"Taxas de mortalidade  60 a 69 anos (por mil hab.)"
3533304,"Nova Luzitânia",21.71136654,2014,"Longevidade",15.79,"Taxas de mortalidade  60 a 69 anos (por mil hab.)"
3533304,"Nova Luzitânia",19.27437642,2016,"Longevidade",15.58,"Taxas de mortalidade  60 a 69 anos (por mil hab.)"
3533304,"Nova Luzitânia",20.62975027,2018,"Longevidade",15.4,"Taxas de mortalidade  60 a 69 anos (por mil hab.)"
3533304,"Nova Luzitânia",20.89552239,2020,"Longevidade",15.77,"Taxas de mortalidade  60 a 69 anos (por mil hab.)"
3533304,"Nova Luzitânia",19.7740113,2022,"Longevidade",18.13,"Taxas de mortalidade  60 a 69 anos (por mil hab.)"
3533304,"Nova Luzitânia",13.52657005,2024,"Longevidade",14.49,"Taxas de mortalidade  60 a 69 anos (por mil hab.)"
3533403,"Nova Odessa",16.6488604,2014,"Longevidade",15.79,"Taxas de mortalidade  60 a 69 anos (por mil hab.)"
3533403,"Nova Odessa",15.04102097,2016,"Longevidade",15.58,"Taxas de mortalidade  60 a 69 anos (por mil hab.)"
3533403,"Nova Odessa",14.15197039,2018,"Longevidade",15.4,"Taxas de mortalidade  60 a 69 anos (por mil hab.)"
3533403,"Nova Odessa",14.38610448,2020,"Longevidade",15.77,"Taxas de mortalidade  60 a 69 anos (por mil hab.)"
3533403,"Nova Odessa",18.14726258,2022,"Longevidade",18.13,"Taxas de mortalidade  60 a 69 anos (por mil hab.)"
3533403,"Nova Odessa",12.61034048,2024,"Longevidade",14.49,"Taxas de mortalidade  60 a 69 anos (por mil hab.)"
3533502,"Novo Horizonte",15.42304768,2014,"Longevidade",15.79,"Taxas de mortalidade  60 a 69 anos (por mil hab.)"
3533502,"Novo Horizonte",17.16992303,2016,"Longevidade",15.58,"Taxas de mortalidade  60 a 69 anos (por mil hab.)"
3533502,"Novo Horizonte",15.36846124,2018,"Longevidade",15.4,"Taxas de mortalidade  60 a 69 anos (por mil hab.)"
3533502,"Novo Horizonte",16.46090535,2020,"Longevidade",15.77,"Taxas de mortalidade  60 a 69 anos (por mil hab.)"
3533502,"Novo Horizonte",20.79090292,2022,"Longevidade",18.13,"Taxas de mortalidade  60 a 69 anos (por mil hab.)"
3533502,"Novo Horizonte",14.14946842,2024,"Longevidade",14.49,"Taxas de mortalidade  60 a 69 anos (por mil hab.)"
3533601,"Nuporanga",17.90123457,2014,"Longevidade",15.79,"Taxas de mortalidade  60 a 69 anos (por mil hab.)"
3533601,"Nuporanga",12.3655914,2016,"Longevidade",15.58,"Taxas de mortalidade  60 a 69 anos (por mil hab.)"
3533601,"Nuporanga",12.38390093,2018,"Longevidade",15.4,"Taxas de mortalidade  60 a 69 anos (por mil hab.)"
3533601,"Nuporanga",14.24501425,2020,"Longevidade",15.77,"Taxas de mortalidade  60 a 69 anos (por mil hab.)"
3533601,"Nuporanga",18.71657754,2022,"Longevidade",18.13,"Taxas de mortalidade  60 a 69 anos (por mil hab.)"
3533601,"Nuporanga",15.5801558,2024,"Longevidade",14.49,"Taxas de mortalidade  60 a 69 anos (por mil hab.)"
3533700,"Ocauçu",13.77410468,2014,"Longevidade",15.79,"Taxas de mortalidade  60 a 69 anos (por mil hab.)"
3533700,"Ocauçu",19.75945017,2016,"Longevidade",15.58,"Taxas de mortalidade  60 a 69 anos (por mil hab.)"
3533700,"Ocauçu",19.45854484,2018,"Longevidade",15.4,"Taxas de mortalidade  60 a 69 anos (por mil hab.)"
3533700,"Ocauçu",13.16872428,2020,"Longevidade",15.77,"Taxas de mortalidade  60 a 69 anos (por mil hab.)"
3533700,"Ocauçu",14.90196078,2022,"Longevidade",18.13,"Taxas de mortalidade  60 a 69 anos (por mil hab.)"
3533700,"Ocauçu",14.15701416,2024,"Longevidade",14.49,"Taxas de mortalidade  60 a 69 anos (por mil hab.)"
3533809,"Óleo",11.99040767,2014,"Longevidade",15.79,"Taxas de mortalidade  60 a 69 anos (por mil hab.)"
3533809,"Óleo",21.04097453,2016,"Longevidade",15.58,"Taxas de mortalidade  60 a 69 anos (por mil hab.)"
3533809,"Óleo",16.50165017,2018,"Longevidade",15.4,"Taxas de mortalidade  60 a 69 anos (por mil hab.)"
3533809,"Óleo",13.84451544,2020,"Longevidade",15.77,"Taxas de mortalidade  60 a 69 anos (por mil hab.)"
3533809,"Óleo",10.44932079,2022,"Longevidade",18.13,"Taxas de mortalidade  60 a 69 anos (por mil hab.)"
3533809,"Óleo",16.765286,2024,"Longevidade",14.49,"Taxas de mortalidade  60 a 69 anos (por mil hab.)"
3533908,"Olímpia",14.17945142,2014,"Longevidade",15.79,"Taxas de mortalidade  60 a 69 anos (por mil hab.)"
3533908,"Olímpia",15.89677787,2016,"Longevidade",15.58,"Taxas de mortalidade  60 a 69 anos (por mil hab.)"
3533908,"Olímpia",16.43682964,2018,"Longevidade",15.4,"Taxas de mortalidade  60 a 69 anos (por mil hab.)"
3533908,"Olímpia",16.14510664,2020,"Longevidade",15.77,"Taxas de mortalidade  60 a 69 anos (por mil hab.)"
3533908,"Olímpia",18.64223452,2022,"Longevidade",18.13,"Taxas de mortalidade  60 a 69 anos (por mil hab.)"
3533908,"Olímpia",14.97371959,2024,"Longevidade",14.49,"Taxas de mortalidade  60 a 69 anos (por mil hab.)"
3534005,"Onda Verde",8.303677343,2014,"Longevidade",15.79,"Taxas de mortalidade  60 a 69 anos (por mil hab.)"
3534005,"Onda Verde",27.30375427,2016,"Longevidade",15.58,"Taxas de mortalidade  60 a 69 anos (por mil hab.)"
3534005,"Onda Verde",30.70175439,2018,"Longevidade",15.4,"Taxas de mortalidade  60 a 69 anos (por mil hab.)"
3534005,"Onda Verde",17.11983887,2020,"Longevidade",15.77,"Taxas de mortalidade  60 a 69 anos (por mil hab.)"
3534005,"Onda Verde",20.37037037,2022,"Longevidade",18.13,"Taxas de mortalidade  60 a 69 anos (por mil hab.)"
3534005,"Onda Verde",19.30215293,2024,"Longevidade",14.49,"Taxas de mortalidade  60 a 69 anos (por mil hab.)"
3534104,"Oriente",18.40894149,2014,"Longevidade",15.79,"Taxas de mortalidade  60 a 69 anos (por mil hab.)"
3534104,"Oriente",13.7149672,2016,"Longevidade",15.58,"Taxas de mortalidade  60 a 69 anos (por mil hab.)"
3534104,"Oriente",14.26940639,2018,"Longevidade",15.4,"Taxas de mortalidade  60 a 69 anos (por mil hab.)"
3534104,"Oriente",14.28571429,2020,"Longevidade",15.77,"Taxas de mortalidade  60 a 69 anos (por mil hab.)"
3534104,"Oriente",17.2328902,2022,"Longevidade",18.13,"Taxas de mortalidade  60 a 69 anos (por mil hab.)"
3534104,"Oriente",18.05054152,2024,"Longevidade",14.49,"Taxas de mortalidade  60 a 69 anos (por mil hab.)"
3534203,"Orindiúva",23.02631579,2014,"Longevidade",15.79,"Taxas de mortalidade  60 a 69 anos (por mil hab.)"
3534203,"Orindiúva",13.1826742,2016,"Longevidade",15.58,"Taxas de mortalidade  60 a 69 anos (por mil hab.)"
3534203,"Orindiúva",15.91511936,2018,"Longevidade",15.4,"Taxas de mortalidade  60 a 69 anos (por mil hab.)"
3534203,"Orindiúva",17.09401709,2020,"Longevidade",15.77,"Taxas de mortalidade  60 a 69 anos (por mil hab.)"
3534203,"Orindiúva",22.31520223,2022,"Longevidade",18.13,"Taxas de mortalidade  60 a 69 anos (por mil hab.)"
3534203,"Orindiúva",9.009009009,2024,"Longevidade",14.49,"Taxas de mortalidade  60 a 69 anos (por mil hab.)"
3534302,"Orlândia",13.54831486,2014,"Longevidade",15.79,"Taxas de mortalidade  60 a 69 anos (por mil hab.)"
3534302,"Orlândia",17.07630046,2016,"Longevidade",15.58,"Taxas de mortalidade  60 a 69 anos (por mil hab.)"
3534302,"Orlândia",16.4012135,2018,"Longevidade",15.4,"Taxas de mortalidade  60 a 69 anos (por mil hab.)"
3534302,"Orlândia",13.82327209,2020,"Longevidade",15.77,"Taxas de mortalidade  60 a 69 anos (por mil hab.)"
3534302,"Orlândia",16.09756098,2022,"Longevidade",18.13,"Taxas de mortalidade  60 a 69 anos (por mil hab.)"
3534302,"Orlândia",14.95371469,2024,"Longevidade",14.49,"Taxas de mortalidade  60 a 69 anos (por mil hab.)"
3534401,"Osasco",18.03009639,2014,"Longevidade",15.79,"Taxas de mortalidade  60 a 69 anos (por mil hab.)"
3534401,"Osasco",18.03942454,2016,"Longevidade",15.58,"Taxas de mortalidade  60 a 69 anos (por mil hab.)"
3534401,"Osasco",17.91011399,2018,"Longevidade",15.4,"Taxas de mortalidade  60 a 69 anos (por mil hab.)"
3534401,"Osasco",18.30904146,2020,"Longevidade",15.77,"Taxas de mortalidade  60 a 69 anos (por mil hab.)"
3534401,"Osasco",21.1458387,2022,"Longevidade",18.13,"Taxas de mortalidade  60 a 69 anos (por mil hab.)"
3534401,"Osasco",15.39971502,2024,"Longevidade",14.49,"Taxas de mortalidade  60 a 69 anos (por mil hab.)"
3534500,"Oscar Bressane",16.83501684,2014,"Longevidade",15.79,"Taxas de mortalidade  60 a 69 anos (por mil hab.)"
3534500,"Oscar Bressane",15.45253863,2016,"Longevidade",15.58,"Taxas de mortalidade  60 a 69 anos (por mil hab.)"
3534500,"Oscar Bressane",13.46801347,2018,"Longevidade",15.4,"Taxas de mortalidade  60 a 69 anos (por mil hab.)"
3534500,"Oscar Bressane",11.53402537,2020,"Longevidade",15.77,"Taxas de mortalidade  60 a 69 anos (por mil hab.)"
3534500,"Oscar Bressane",13.98601399,2022,"Longevidade",18.13,"Taxas de mortalidade  60 a 69 anos (por mil hab.)"
3534500,"Oscar Bressane",18.76379691,2024,"Longevidade",14.49,"Taxas de mortalidade  60 a 69 anos (por mil hab.)"
3534609,"Osvaldo Cruz",14.9977447,2014,"Longevidade",15.79,"Taxas de mortalidade  60 a 69 anos (por mil hab.)"
3534609,"Osvaldo Cruz",15.35087719,2016,"Longevidade",15.58,"Taxas de mortalidade  60 a 69 anos (por mil hab.)"
3534609,"Osvaldo Cruz",14.47060022,2018,"Longevidade",15.4,"Taxas de mortalidade  60 a 69 anos (por mil hab.)"
3534609,"Osvaldo Cruz",14.48007775,2020,"Longevidade",15.77,"Taxas de mortalidade  60 a 69 anos (por mil hab.)"
3534609,"Osvaldo Cruz",17.24299503,2022,"Longevidade",18.13,"Taxas de mortalidade  60 a 69 anos (por mil hab.)"
3534609,"Osvaldo Cruz",14.34338229,2024,"Longevidade",14.49,"Taxas de mortalidade  60 a 69 anos (por mil hab.)"
3534708,"Ourinhos",17.0637729,2014,"Longevidade",15.79,"Taxas de mortalidade  60 a 69 anos (por mil hab.)"
3534708,"Ourinhos",17.70289005,2016,"Longevidade",15.58,"Taxas de mortalidade  60 a 69 anos (por mil hab.)"
3534708,"Ourinhos",16.75823227,2018,"Longevidade",15.4,"Taxas de mortalidade  60 a 69 anos (por mil hab.)"
3534708,"Ourinhos",16.50974238,2020,"Longevidade",15.77,"Taxas de mortalidade  60 a 69 anos (por mil hab.)"
3534708,"Ourinhos",21.19801366,2022,"Longevidade",18.13,"Taxas de mortalidade  60 a 69 anos (por mil hab.)"
3534708,"Ourinhos",16.65468488,2024,"Longevidade",14.49,"Taxas de mortalidade  60 a 69 anos (por mil hab.)"
3534757,"Ouroeste",16.47286822,2014,"Longevidade",15.79,"Taxas de mortalidade  60 a 69 anos (por mil hab.)"
3534757,"Ouroeste",17.15039578,2016,"Longevidade",15.58,"Taxas de mortalidade  60 a 69 anos (por mil hab.)"
3534757,"Ouroeste",15.48387097,2018,"Longevidade",15.4,"Taxas de mortalidade  60 a 69 anos (por mil hab.)"
3534757,"Ouroeste",16.95616212,2020,"Longevidade",15.77,"Taxas de mortalidade  60 a 69 anos (por mil hab.)"
3534757,"Ouroeste",24.22821415,2022,"Longevidade",18.13,"Taxas de mortalidade  60 a 69 anos (por mil hab.)"
3534757,"Ouroeste",14.19055893,2024,"Longevidade",14.49,"Taxas de mortalidade  60 a 69 anos (por mil hab.)"
3534807,"Ouro Verde",20.11494253,2014,"Longevidade",15.79,"Taxas de mortalidade  60 a 69 anos (por mil hab.)"
3534807,"Ouro Verde",18.33872708,2016,"Longevidade",15.58,"Taxas de mortalidade  60 a 69 anos (por mil hab.)"
3534807,"Ouro Verde",20.83333333,2018,"Longevidade",15.4,"Taxas de mortalidade  60 a 69 anos (por mil hab.)"
3534807,"Ouro Verde",17.49271137,2020,"Longevidade",15.77,"Taxas de mortalidade  60 a 69 anos (por mil hab.)"
3534807,"Ouro Verde",22.28285584,2022,"Longevidade",18.13,"Taxas de mortalidade  60 a 69 anos (por mil hab.)"
3534807,"Ouro Verde",17.88830716,2024,"Longevidade",14.49,"Taxas de mortalidade  60 a 69 anos (por mil hab.)"
3534906,"Pacaembu",14.97395833,2014,"Longevidade",15.79,"Taxas de mortalidade  60 a 69 anos (por mil hab.)"
3534906,"Pacaembu",12.50781739,2016,"Longevidade",15.58,"Taxas de mortalidade  60 a 69 anos (por mil hab.)"
3534906,"Pacaembu",12.08824418,2018,"Longevidade",15.4,"Taxas de mortalidade  60 a 69 anos (por mil hab.)"
3534906,"Pacaembu",12.4822695,2020,"Longevidade",15.77,"Taxas de mortalidade  60 a 69 anos (por mil hab.)"
3534906,"Pacaembu",16.63982823,2022,"Longevidade",18.13,"Taxas de mortalidade  60 a 69 anos (por mil hab.)"
3534906,"Pacaembu",13.64087302,2024,"Longevidade",14.49,"Taxas de mortalidade  60 a 69 anos (por mil hab.)"
3535002,"Palestina",11.99040767,2014,"Longevidade",15.79,"Taxas de mortalidade  60 a 69 anos (por mil hab.)"
3535002,"Palestina",15.87301587,2016,"Longevidade",15.58,"Taxas de mortalidade  60 a 69 anos (por mil hab.)"
3535002,"Palestina",13.51766513,2018,"Longevidade",15.4,"Taxas de mortalidade  60 a 69 anos (por mil hab.)"
3535002,"Palestina",8.938869666,2020,"Longevidade",15.77,"Taxas de mortalidade  60 a 69 anos (por mil hab.)"
3535002,"Palestina",12.54773595,2022,"Longevidade",18.13,"Taxas de mortalidade  60 a 69 anos (por mil hab.)"
3535002,"Palestina",14.62225833,2024,"Longevidade",14.49,"Taxas de mortalidade  60 a 69 anos (por mil hab.)"
3535101,"Palmares Paulista",15.72327044,2014,"Longevidade",15.79,"Taxas de mortalidade  60 a 69 anos (por mil hab.)"
3535101,"Palmares Paulista",13.52813853,2016,"Longevidade",15.58,"Taxas de mortalidade  60 a 69 anos (por mil hab.)"
3535101,"Palmares Paulista",15.87301587,2018,"Longevidade",15.4,"Taxas de mortalidade  60 a 69 anos (por mil hab.)"
3535101,"Palmares Paulista",15.19337017,2020,"Longevidade",15.77,"Taxas de mortalidade  60 a 69 anos (por mil hab.)"
3535101,"Palmares Paulista",17.01951017,2022,"Longevidade",18.13,"Taxas de mortalidade  60 a 69 anos (por mil hab.)"
3535101,"Palmares Paulista",23.80952381,2024,"Longevidade",14.49,"Taxas de mortalidade  60 a 69 anos (por mil hab.)"
3535200,"Palmeira d'Oeste",12.15805471,2014,"Longevidade",15.79,"Taxas de mortalidade  60 a 69 anos (por mil hab.)"
3535200,"Palmeira d'Oeste",14.88673139,2016,"Longevidade",15.58,"Taxas de mortalidade  60 a 69 anos (por mil hab.)"
3535200,"Palmeira d'Oeste",13.91524352,2018,"Longevidade",15.4,"Taxas de mortalidade  60 a 69 anos (por mil hab.)"
3535200,"Palmeira d'Oeste",13.64877161,2020,"Longevidade",15.77,"Taxas de mortalidade  60 a 69 anos (por mil hab.)"
3535200,"Palmeira d'Oeste",18.66433362,2022,"Longevidade",18.13,"Taxas de mortalidade  60 a 69 anos (por mil hab.)"
3535200,"Palmeira d'Oeste",13.37701338,2024,"Longevidade",14.49,"Taxas de mortalidade  60 a 69 anos (por mil hab.)"
3535309,"Palmital",15.93433124,2014,"Longevidade",15.79,"Taxas de mortalidade  60 a 69 anos (por mil hab.)"
3535309,"Palmital",16.53770293,2016,"Longevidade",15.58,"Taxas de mortalidade  60 a 69 anos (por mil hab.)"
3535309,"Palmital",15.00150015,2018,"Longevidade",15.4,"Taxas de mortalidade  60 a 69 anos (por mil hab.)"
3535309,"Palmital",16.86464291,2020,"Longevidade",15.77,"Taxas de mortalidade  60 a 69 anos (por mil hab.)"
3535309,"Palmital",18.67693185,2022,"Longevidade",18.13,"Taxas de mortalidade  60 a 69 anos (por mil hab.)"
3535309,"Palmital",14.03658018,2024,"Longevidade",14.49,"Taxas de mortalidade  60 a 69 anos (por mil hab.)"
3535408,"Panorama",13.8121547,2014,"Longevidade",15.79,"Taxas de mortalidade  60 a 69 anos (por mil hab.)"
3535408,"Panorama",17.76649746,2016,"Longevidade",15.58,"Taxas de mortalidade  60 a 69 anos (por mil hab.)"
3535408,"Panorama",18.73278237,2018,"Longevidade",15.4,"Taxas de mortalidade  60 a 69 anos (por mil hab.)"
3535408,"Panorama",18.98734177,2020,"Longevidade",15.77,"Taxas de mortalidade  60 a 69 anos (por mil hab.)"
3535408,"Panorama",19.74183751,2022,"Longevidade",18.13,"Taxas de mortalidade  60 a 69 anos (por mil hab.)"
3535408,"Panorama",18.31750339,2024,"Longevidade",14.49,"Taxas de mortalidade  60 a 69 anos (por mil hab.)"
3535507,"Paraguaçu Paulista",19.127378,2014,"Longevidade",15.79,"Taxas de mortalidade  60 a 69 anos (por mil hab.)"
3535507,"Paraguaçu Paulista",19.26010679,2016,"Longevidade",15.58,"Taxas de mortalidade  60 a 69 anos (por mil hab.)"
3535507,"Paraguaçu Paulista",18.37416481,2018,"Longevidade",15.4,"Taxas de mortalidade  60 a 69 anos (por mil hab.)"
3535507,"Paraguaçu Paulista",14.96347153,2020,"Longevidade",15.77,"Taxas de mortalidade  60 a 69 anos (por mil hab.)"
3535507,"Paraguaçu Paulista",18.64801865,2022,"Longevidade",18.13,"Taxas de mortalidade  60 a 69 anos (por mil hab.)"
3535507,"Paraguaçu Paulista",16.00441501,2024,"Longevidade",14.49,"Taxas de mortalidade  60 a 69 anos (por mil hab.)"
3535606,"Paraibuna",12.89537713,2014,"Longevidade",15.79,"Taxas de mortalidade  60 a 69 anos (por mil hab.)"
3535606,"Paraibuna",15.29680365,2016,"Longevidade",15.58,"Taxas de mortalidade  60 a 69 anos (por mil hab.)"
3535606,"Paraibuna",16.84397163,2018,"Longevidade",15.4,"Taxas de mortalidade  60 a 69 anos (por mil hab.)"
3535606,"Paraibuna",16.55143516,2020,"Longevidade",15.77,"Taxas de mortalidade  60 a 69 anos (por mil hab.)"
3535606,"Paraibuna",16.23119557,2022,"Longevidade",18.13,"Taxas de mortalidade  60 a 69 anos (por mil hab.)"
3535606,"Paraibuna",11.96830018,2024,"Longevidade",14.49,"Taxas de mortalidade  60 a 69 anos (por mil hab.)"
3535705,"Paraíso",10.07919366,2014,"Longevidade",15.79,"Taxas de mortalidade  60 a 69 anos (por mil hab.)"
3535705,"Paraíso",10.51939513,2016,"Longevidade",15.58,"Taxas de mortalidade  60 a 69 anos (por mil hab.)"
3535705,"Paraíso",11.94968553,2018,"Longevidade",15.4,"Taxas de mortalidade  60 a 69 anos (por mil hab.)"
3535705,"Paraíso",16.17562103,2020,"Longevidade",15.77,"Taxas de mortalidade  60 a 69 anos (por mil hab.)"
3535705,"Paraíso",17.20430108,2022,"Longevidade",18.13,"Taxas de mortalidade  60 a 69 anos (por mil hab.)"
3535705,"Paraíso",17.14285714,2024,"Longevidade",14.49,"Taxas de mortalidade  60 a 69 anos (por mil hab.)"
3535804,"Paranapanema",13.99825022,2014,"Longevidade",15.79,"Taxas de mortalidade  60 a 69 anos (por mil hab.)"
3535804,"Paranapanema",20.07113821,2016,"Longevidade",15.58,"Taxas de mortalidade  60 a 69 anos (por mil hab.)"
3535804,"Paranapanema",18.12907904,2018,"Longevidade",15.4,"Taxas de mortalidade  60 a 69 anos (por mil hab.)"
3535804,"Paranapanema",20.64119455,2020,"Longevidade",15.77,"Taxas de mortalidade  60 a 69 anos (por mil hab.)"
3535804,"Paranapanema",21.02284213,2022,"Longevidade",18.13,"Taxas de mortalidade  60 a 69 anos (por mil hab.)"
3535804,"Paranapanema",16.79929266,2024,"Longevidade",14.49,"Taxas de mortalidade  60 a 69 anos (por mil hab.)"
3535903,"Paranapuã",14.32664756,2014,"Longevidade",15.79,"Taxas de mortalidade  60 a 69 anos (por mil hab.)"
3535903,"Paranapuã",16.2601626,2016,"Longevidade",15.58,"Taxas de mortalidade  60 a 69 anos (por mil hab.)"
3535903,"Paranapuã",12.34567901,2018,"Longevidade",15.4,"Taxas de mortalidade  60 a 69 anos (por mil hab.)"
3535903,"Paranapuã",13.40033501,2020,"Longevidade",15.77,"Taxas de mortalidade  60 a 69 anos (por mil hab.)"
3535903,"Paranapuã",27.97761791,2022,"Longevidade",18.13,"Taxas de mortalidade  60 a 69 anos (por mil hab.)"
3535903,"Paranapuã",14.76793249,2024,"Longevidade",14.49,"Taxas de mortalidade  60 a 69 anos (por mil hab.)"
3536000,"Parapuã",16.12903226,2014,"Longevidade",15.79,"Taxas de mortalidade  60 a 69 anos (por mil hab.)"
3536000,"Parapuã",15.93371574,2016,"Longevidade",15.58,"Taxas de mortalidade  60 a 69 anos (por mil hab.)"
3536000,"Parapuã",13.68159204,2018,"Longevidade",15.4,"Taxas de mortalidade  60 a 69 anos (por mil hab.)"
3536000,"Parapuã",11.5350488,2020,"Longevidade",15.77,"Taxas de mortalidade  60 a 69 anos (por mil hab.)"
3536000,"Parapuã",17.2170477,2022,"Longevidade",18.13,"Taxas de mortalidade  60 a 69 anos (por mil hab.)"
3536000,"Parapuã",15.5210643,2024,"Longevidade",14.49,"Taxas de mortalidade  60 a 69 anos (por mil hab.)"
3536109,"Pardinho",16.90821256,2014,"Longevidade",15.79,"Taxas de mortalidade  60 a 69 anos (por mil hab.)"
3536109,"Pardinho",19.08957416,2016,"Longevidade",15.58,"Taxas de mortalidade  60 a 69 anos (por mil hab.)"
3536109,"Pardinho",14.30615165,2018,"Longevidade",15.4,"Taxas de mortalidade  60 a 69 anos (por mil hab.)"
3536109,"Pardinho",20.40816327,2020,"Longevidade",15.77,"Taxas de mortalidade  60 a 69 anos (por mil hab.)"
3536109,"Pardinho",26.58884565,2022,"Longevidade",18.13,"Taxas de mortalidade  60 a 69 anos (por mil hab.)"
3536109,"Pardinho",12.36399604,2024,"Longevidade",14.49,"Taxas de mortalidade  60 a 69 anos (por mil hab.)"
3536208,"Pariquera-Açu",19.04055391,2014,"Longevidade",15.79,"Taxas de mortalidade  60 a 69 anos (por mil hab.)"
3536208,"Pariquera-Açu",16.10644258,2016,"Longevidade",15.58,"Taxas de mortalidade  60 a 69 anos (por mil hab.)"
3536208,"Pariquera-Açu",15.31778692,2018,"Longevidade",15.4,"Taxas de mortalidade  60 a 69 anos (por mil hab.)"
3536208,"Pariquera-Açu",16.54533422,2020,"Longevidade",15.77,"Taxas de mortalidade  60 a 69 anos (por mil hab.)"
3536208,"Pariquera-Açu",22.0959596,2022,"Longevidade",18.13,"Taxas de mortalidade  60 a 69 anos (por mil hab.)"
3536208,"Pariquera-Açu",17.45860331,2024,"Longevidade",14.49,"Taxas de mortalidade  60 a 69 anos (por mil hab.)"
3536257,"Parisi",11.9047619,2014,"Longevidade",15.79,"Taxas de mortalidade  60 a 69 anos (por mil hab.)"
3536257,"Parisi",9.478672986,2016,"Longevidade",15.58,"Taxas de mortalidade  60 a 69 anos (por mil hab.)"
3536257,"Parisi",12.17656012,2018,"Longevidade",15.4,"Taxas de mortalidade  60 a 69 anos (por mil hab.)"
3536257,"Parisi",9.803921569,2020,"Longevidade",15.77,"Taxas de mortalidade  60 a 69 anos (por mil hab.)"
3536257,"Parisi",13.49527665,2022,"Longevidade",18.13,"Taxas de mortalidade  60 a 69 anos (por mil hab.)"
3536257,"Parisi",12.57861635,2024,"Longevidade",14.49,"Taxas de mortalidade  60 a 69 anos (por mil hab.)"
3536307,"Patrocínio Paulista",16.71784374,2014,"Longevidade",15.79,"Taxas de mortalidade  60 a 69 anos (por mil hab.)"
3536307,"Patrocínio Paulista",15.88729017,2016,"Longevidade",15.58,"Taxas de mortalidade  60 a 69 anos (por mil hab.)"
3536307,"Patrocínio Paulista",14.75694444,2018,"Longevidade",15.4,"Taxas de mortalidade  60 a 69 anos (por mil hab.)"
3536307,"Patrocínio Paulista",14.80883145,2020,"Longevidade",15.77,"Taxas de mortalidade  60 a 69 anos (por mil hab.)"
3536307,"Patrocínio Paulista",18.61769957,2022,"Longevidade",18.13,"Taxas de mortalidade  60 a 69 anos (por mil hab.)"
3536307,"Patrocínio Paulista",13.73370577,2024,"Longevidade",14.49,"Taxas de mortalidade  60 a 69 anos (por mil hab.)"
3536406,"Paulicéia",14.92537313,2014,"Longevidade",15.79,"Taxas de mortalidade  60 a 69 anos (por mil hab.)"
3536406,"Paulicéia",20.83333333,2016,"Longevidade",15.58,"Taxas de mortalidade  60 a 69 anos (por mil hab.)"
3536406,"Paulicéia",17.84576163,2018,"Longevidade",15.4,"Taxas de mortalidade  60 a 69 anos (por mil hab.)"
3536406,"Paulicéia",12.18769043,2020,"Longevidade",15.77,"Taxas de mortalidade  60 a 69 anos (por mil hab.)"
3536406,"Paulicéia",21.44927536,2022,"Longevidade",18.13,"Taxas de mortalidade  60 a 69 anos (por mil hab.)"
3536406,"Paulicéia",16.34359559,2024,"Longevidade",14.49,"Taxas de mortalidade  60 a 69 anos (por mil hab.)"
3536505,"Paulínia",14.78339118,2014,"Longevidade",15.79,"Taxas de mortalidade  60 a 69 anos (por mil hab.)"
3536505,"Paulínia",13.30203443,2016,"Longevidade",15.58,"Taxas de mortalidade  60 a 69 anos (por mil hab.)"
3536505,"Paulínia",13.02160402,2018,"Longevidade",15.4,"Taxas de mortalidade  60 a 69 anos (por mil hab.)"
3536505,"Paulínia",14.2585971,2020,"Longevidade",15.77,"Taxas de mortalidade  60 a 69 anos (por mil hab.)"
3536505,"Paulínia",14.75279107,2022,"Longevidade",18.13,"Taxas de mortalidade  60 a 69 anos (por mil hab.)"
3536505,"Paulínia",11.38294258,2024,"Longevidade",14.49,"Taxas de mortalidade  60 a 69 anos (por mil hab.)"
3536570,"Paulistânia",17.54385965,2014,"Longevidade",15.79,"Taxas de mortalidade  60 a 69 anos (por mil hab.)"
3536570,"Paulistânia",22.63374486,2016,"Longevidade",15.58,"Taxas de mortalidade  60 a 69 anos (por mil hab.)"
3536570,"Paulistânia",22.63374486,2018,"Longevidade",15.4,"Taxas de mortalidade  60 a 69 anos (por mil hab.)"
3536570,"Paulistânia",10.1010101,2020,"Longevidade",15.77,"Taxas de mortalidade  60 a 69 anos (por mil hab.)"
3536570,"Paulistânia",17.85714286,2022,"Longevidade",18.13,"Taxas de mortalidade  60 a 69 anos (por mil hab.)"
3536570,"Paulistânia",19.8019802,2024,"Longevidade",14.49,"Taxas de mortalidade  60 a 69 anos (por mil hab.)"
3536604,"Paulo de Faria",15.10574018,2014,"Longevidade",15.79,"Taxas de mortalidade  60 a 69 anos (por mil hab.)"
3536604,"Paulo de Faria",15.64722617,2016,"Longevidade",15.58,"Taxas de mortalidade  60 a 69 anos (por mil hab.)"
3536604,"Paulo de Faria",15.76263329,2018,"Longevidade",15.4,"Taxas de mortalidade  60 a 69 anos (por mil hab.)"
3536604,"Paulo de Faria",13.77777778,2020,"Longevidade",15.77,"Taxas de mortalidade  60 a 69 anos (por mil hab.)"
3536604,"Paulo de Faria",20.59688945,2022,"Longevidade",18.13,"Taxas de mortalidade  60 a 69 anos (por mil hab.)"
3536604,"Paulo de Faria",16.74836601,2024,"Longevidade",14.49,"Taxas de mortalidade  60 a 69 anos (por mil hab.)"
3536703,"Pederneiras",18.07023525,2014,"Longevidade",15.79,"Taxas de mortalidade  60 a 69 anos (por mil hab.)"
3536703,"Pederneiras",16.19881276,2016,"Longevidade",15.58,"Taxas de mortalidade  60 a 69 anos (por mil hab.)"
3536703,"Pederneiras",15.34129527,2018,"Longevidade",15.4,"Taxas de mortalidade  60 a 69 anos (por mil hab.)"
3536703,"Pederneiras",16.43637677,2020,"Longevidade",15.77,"Taxas de mortalidade  60 a 69 anos (por mil hab.)"
3536703,"Pederneiras",19.67739211,2022,"Longevidade",18.13,"Taxas de mortalidade  60 a 69 anos (por mil hab.)"
3536703,"Pederneiras",15.41469283,2024,"Longevidade",14.49,"Taxas de mortalidade  60 a 69 anos (por mil hab.)"
3536802,"Pedra Bela",18.01801802,2014,"Longevidade",15.79,"Taxas de mortalidade  60 a 69 anos (por mil hab.)"
3536802,"Pedra Bela",19.8019802,2016,"Longevidade",15.58,"Taxas de mortalidade  60 a 69 anos (por mil hab.)"
3536802,"Pedra Bela",21.38157895,2018,"Longevidade",15.4,"Taxas de mortalidade  60 a 69 anos (por mil hab.)"
3536802,"Pedra Bela",15.79520697,2020,"Longevidade",15.77,"Taxas de mortalidade  60 a 69 anos (por mil hab.)"
3536802,"Pedra Bela",13.66120219,2022,"Longevidade",18.13,"Taxas de mortalidade  60 a 69 anos (por mil hab.)"
3536802,"Pedra Bela",13.06363253,2024,"Longevidade",14.49,"Taxas de mortalidade  60 a 69 anos (por mil hab.)"
3536901,"Pedranópolis",17.41293532,2014,"Longevidade",15.79,"Taxas de mortalidade  60 a 69 anos (por mil hab.)"
3536901,"Pedranópolis",13.51351351,2016,"Longevidade",15.58,"Taxas de mortalidade  60 a 69 anos (por mil hab.)"
3536901,"Pedranópolis",17.66004415,2018,"Longevidade",15.4,"Taxas de mortalidade  60 a 69 anos (por mil hab.)"
3536901,"Pedranópolis",12.65822785,2020,"Longevidade",15.77,"Taxas de mortalidade  60 a 69 anos (por mil hab.)"
3536901,"Pedranópolis",12.42236025,2022,"Longevidade",18.13,"Taxas de mortalidade  60 a 69 anos (por mil hab.)"
3536901,"Pedranópolis",9.070294785,2024,"Longevidade",14.49,"Taxas de mortalidade  60 a 69 anos (por mil hab.)"
3537008,"Pedregulho",14.92965834,2014,"Longevidade",15.79,"Taxas de mortalidade  60 a 69 anos (por mil hab.)"
3537008,"Pedregulho",13.15443304,2016,"Longevidade",15.58,"Taxas de mortalidade  60 a 69 anos (por mil hab.)"
3537008,"Pedregulho",17.12678937,2018,"Longevidade",15.4,"Taxas de mortalidade  60 a 69 anos (por mil hab.)"
3537008,"Pedregulho",18.33092137,2020,"Longevidade",15.77,"Taxas de mortalidade  60 a 69 anos (por mil hab.)"
3537008,"Pedregulho",20.02275313,2022,"Longevidade",18.13,"Taxas de mortalidade  60 a 69 anos (por mil hab.)"
3537008,"Pedregulho",15.46698394,2024,"Longevidade",14.49,"Taxas de mortalidade  60 a 69 anos (por mil hab.)"
3537107,"Pedreira",15.9733777,2014,"Longevidade",15.79,"Taxas de mortalidade  60 a 69 anos (por mil hab.)"
3537107,"Pedreira",15.32344099,2016,"Longevidade",15.58,"Taxas de mortalidade  60 a 69 anos (por mil hab.)"
3537107,"Pedreira",15.74949046,2018,"Longevidade",15.4,"Taxas de mortalidade  60 a 69 anos (por mil hab.)"
3537107,"Pedreira",14.29780034,2020,"Longevidade",15.77,"Taxas de mortalidade  60 a 69 anos (por mil hab.)"
3537107,"Pedreira",17.90858834,2022,"Longevidade",18.13,"Taxas de mortalidade  60 a 69 anos (por mil hab.)"
3537107,"Pedreira",16.47627417,2024,"Longevidade",14.49,"Taxas de mortalidade  60 a 69 anos (por mil hab.)"
3537156,"Pedrinhas Paulista",16.19433198,2014,"Longevidade",15.79,"Taxas de mortalidade  60 a 69 anos (por mil hab.)"
3537156,"Pedrinhas Paulista",22.1402214,2016,"Longevidade",15.58,"Taxas de mortalidade  60 a 69 anos (por mil hab.)"
3537156,"Pedrinhas Paulista",14.23487544,2018,"Longevidade",15.4,"Taxas de mortalidade  60 a 69 anos (por mil hab.)"
3537156,"Pedrinhas Paulista",10.96491228,2020,"Longevidade",15.77,"Taxas de mortalidade  60 a 69 anos (por mil hab.)"
3537156,"Pedrinhas Paulista",16.11278953,2022,"Longevidade",18.13,"Taxas de mortalidade  60 a 69 anos (por mil hab.)"
3537156,"Pedrinhas Paulista",17.04545455,2024,"Longevidade",14.49,"Taxas de mortalidade  60 a 69 anos (por mil hab.)"
3537206,"Pedro de Toledo",14.61295419,2014,"Longevidade",15.79,"Taxas de mortalidade  60 a 69 anos (por mil hab.)"
3537206,"Pedro de Toledo",17.75804661,2016,"Longevidade",15.58,"Taxas de mortalidade  60 a 69 anos (por mil hab.)"
3537206,"Pedro de Toledo",15.95937613,2018,"Longevidade",15.4,"Taxas de mortalidade  60 a 69 anos (por mil hab.)"
3537206,"Pedro de Toledo",16.1233789,2020,"Longevidade",15.77,"Taxas de mortalidade  60 a 69 anos (por mil hab.)"
3537206,"Pedro de Toledo",12.91199456,2022,"Longevidade",18.13,"Taxas de mortalidade  60 a 69 anos (por mil hab.)"
3537206,"Pedro de Toledo",9.722222222,2024,"Longevidade",14.49,"Taxas de mortalidade  60 a 69 anos (por mil hab.)"
3537305,"Penápolis",16.5300013,2014,"Longevidade",15.79,"Taxas de mortalidade  60 a 69 anos (por mil hab.)"
3537305,"Penápolis",14.79625321,2016,"Longevidade",15.58,"Taxas de mortalidade  60 a 69 anos (por mil hab.)"
3537305,"Penápolis",14.96432922,2018,"Longevidade",15.4,"Taxas de mortalidade  60 a 69 anos (por mil hab.)"
3537305,"Penápolis",17.76900296,2020,"Longevidade",15.77,"Taxas de mortalidade  60 a 69 anos (por mil hab.)"
3537305,"Penápolis",19.80094836,2022,"Longevidade",18.13,"Taxas de mortalidade  60 a 69 anos (por mil hab.)"
3537305,"Penápolis",15.95896267,2024,"Longevidade",14.49,"Taxas de mortalidade  60 a 69 anos (por mil hab.)"
3537404,"Pereira Barreto",13.18716238,2014,"Longevidade",15.79,"Taxas de mortalidade  60 a 69 anos (por mil hab.)"
3537404,"Pereira Barreto",15.46860783,2016,"Longevidade",15.58,"Taxas de mortalidade  60 a 69 anos (por mil hab.)"
3537404,"Pereira Barreto",16.10017889,2018,"Longevidade",15.4,"Taxas de mortalidade  60 a 69 anos (por mil hab.)"
3537404,"Pereira Barreto",17.88547526,2020,"Longevidade",15.77,"Taxas de mortalidade  60 a 69 anos (por mil hab.)"
3537404,"Pereira Barreto",20.03869541,2022,"Longevidade",18.13,"Taxas de mortalidade  60 a 69 anos (por mil hab.)"
3537404,"Pereira Barreto",16.9449598,2024,"Longevidade",14.49,"Taxas de mortalidade  60 a 69 anos (por mil hab.)"
3537503,"Pereiras",9.389671362,2014,"Longevidade",15.79,"Taxas de mortalidade  60 a 69 anos (por mil hab.)"
3537503,"Pereiras",16.62049861,2016,"Longevidade",15.58,"Taxas de mortalidade  60 a 69 anos (por mil hab.)"
3537503,"Pereiras",16.28222524,2018,"Longevidade",15.4,"Taxas de mortalidade  60 a 69 anos (por mil hab.)"
3537503,"Pereiras",15.11226252,2020,"Longevidade",15.77,"Taxas de mortalidade  60 a 69 anos (por mil hab.)"
3537503,"Pereiras",22.36024845,2022,"Longevidade",18.13,"Taxas de mortalidade  60 a 69 anos (por mil hab.)"
3537503,"Pereiras",10.48218029,2024,"Longevidade",14.49,"Taxas de mortalidade  60 a 69 anos (por mil hab.)"
3537602,"Peruíbe",21.03742778,2014,"Longevidade",15.79,"Taxas de mortalidade  60 a 69 anos (por mil hab.)"
3537602,"Peruíbe",19.83069911,2016,"Longevidade",15.58,"Taxas de mortalidade  60 a 69 anos (por mil hab.)"
3537602,"Peruíbe",20.40219806,2018,"Longevidade",15.4,"Taxas de mortalidade  60 a 69 anos (por mil hab.)"
3537602,"Peruíbe",22.33264793,2020,"Longevidade",15.77,"Taxas de mortalidade  60 a 69 anos (por mil hab.)"
3537602,"Peruíbe",27.37113691,2022,"Longevidade",18.13,"Taxas de mortalidade  60 a 69 anos (por mil hab.)"
3537602,"Peruíbe",15.9206276,2024,"Longevidade",14.49,"Taxas de mortalidade  60 a 69 anos (por mil hab.)"
3537701,"Piacatu",6.607929515,2014,"Longevidade",15.79,"Taxas de mortalidade  60 a 69 anos (por mil hab.)"
3537701,"Piacatu",15.24601525,2016,"Longevidade",15.58,"Taxas de mortalidade  60 a 69 anos (por mil hab.)"
3537701,"Piacatu",17.61517615,2018,"Longevidade",15.4,"Taxas de mortalidade  60 a 69 anos (por mil hab.)"
3537701,"Piacatu",18.9171559,2020,"Longevidade",15.77,"Taxas de mortalidade  60 a 69 anos (por mil hab.)"
3537701,"Piacatu",23.3702337,2022,"Longevidade",18.13,"Taxas de mortalidade  60 a 69 anos (por mil hab.)"
3537701,"Piacatu",15.38461538,2024,"Longevidade",14.49,"Taxas de mortalidade  60 a 69 anos (por mil hab.)"
3537800,"Piedade",18.31409935,2014,"Longevidade",15.79,"Taxas de mortalidade  60 a 69 anos (por mil hab.)"
3537800,"Piedade",18.46700665,2016,"Longevidade",15.58,"Taxas de mortalidade  60 a 69 anos (por mil hab.)"
3537800,"Piedade",18.28126171,2018,"Longevidade",15.4,"Taxas de mortalidade  60 a 69 anos (por mil hab.)"
3537800,"Piedade",17.98561151,2020,"Longevidade",15.77,"Taxas de mortalidade  60 a 69 anos (por mil hab.)"
3537800,"Piedade",21.06172347,2022,"Longevidade",18.13,"Taxas de mortalidade  60 a 69 anos (por mil hab.)"
3537800,"Piedade",16.47978253,2024,"Longevidade",14.49,"Taxas de mortalidade  60 a 69 anos (por mil hab.)"
3537909,"Pilar do Sul",14.92031197,2014,"Longevidade",15.79,"Taxas de mortalidade  60 a 69 anos (por mil hab.)"
3537909,"Pilar do Sul",20.65321806,2016,"Longevidade",15.58,"Taxas de mortalidade  60 a 69 anos (por mil hab.)"
3537909,"Pilar do Sul",19.28760305,2018,"Longevidade",15.4,"Taxas de mortalidade  60 a 69 anos (por mil hab.)"
3537909,"Pilar do Sul",17.86241512,2020,"Longevidade",15.77,"Taxas de mortalidade  60 a 69 anos (por mil hab.)"
3537909,"Pilar do Sul",21.27064092,2022,"Longevidade",18.13,"Taxas de mortalidade  60 a 69 anos (por mil hab.)"
3537909,"Pilar do Sul",17.09704044,2024,"Longevidade",14.49,"Taxas de mortalidade  60 a 69 anos (por mil hab.)"
3538006,"Pindamonhangaba",16.03319815,2014,"Longevidade",15.79,"Taxas de mortalidade  60 a 69 anos (por mil hab.)"
3538006,"Pindamonhangaba",16.28044201,2016,"Longevidade",15.58,"Taxas de mortalidade  60 a 69 anos (por mil hab.)"
3538006,"Pindamonhangaba",15.72958501,2018,"Longevidade",15.4,"Taxas de mortalidade  60 a 69 anos (por mil hab.)"
3538006,"Pindamonhangaba",15.90126973,2020,"Longevidade",15.77,"Taxas de mortalidade  60 a 69 anos (por mil hab.)"
3538006,"Pindamonhangaba",18.65206553,2022,"Longevidade",18.13,"Taxas de mortalidade  60 a 69 anos (por mil hab.)"
3538006,"Pindamonhangaba",14.6751763,2024,"Longevidade",14.49,"Taxas de mortalidade  60 a 69 anos (por mil hab.)"
3538105,"Pindorama",19.15422886,2014,"Longevidade",15.79,"Taxas de mortalidade  60 a 69 anos (por mil hab.)"
3538105,"Pindorama",17.84488675,2016,"Longevidade",15.58,"Taxas de mortalidade  60 a 69 anos (por mil hab.)"
3538105,"Pindorama",16.91474966,2018,"Longevidade",15.4,"Taxas de mortalidade  60 a 69 anos (por mil hab.)"
3538105,"Pindorama",14.72203911,2020,"Longevidade",15.77,"Taxas de mortalidade  60 a 69 anos (por mil hab.)"
3538105,"Pindorama",15.37475977,2022,"Longevidade",18.13,"Taxas de mortalidade  60 a 69 anos (por mil hab.)"
3538105,"Pindorama",13.1201312,2024,"Longevidade",14.49,"Taxas de mortalidade  60 a 69 anos (por mil hab.)"
3538204,"Pinhalzinho",15.94650206,2014,"Longevidade",15.79,"Taxas de mortalidade  60 a 69 anos (por mil hab.)"
3538204,"Pinhalzinho",14.38848921,2016,"Longevidade",15.58,"Taxas de mortalidade  60 a 69 anos (por mil hab.)"
3538204,"Pinhalzinho",14.06469761,2018,"Longevidade",15.4,"Taxas de mortalidade  60 a 69 anos (por mil hab.)"
3538204,"Pinhalzinho",13.71094628,2020,"Longevidade",15.77,"Taxas de mortalidade  60 a 69 anos (por mil hab.)"
3538204,"Pinhalzinho",19.53125,2022,"Longevidade",18.13,"Taxas de mortalidade  60 a 69 anos (por mil hab.)"
3538204,"Pinhalzinho",12.38968092,2024,"Longevidade",14.49,"Taxas de mortalidade  60 a 69 anos (por mil hab.)"
3538303,"Piquerobi",20.2991453,2014,"Longevidade",15.79,"Taxas de mortalidade  60 a 69 anos (por mil hab.)"
3538303,"Piquerobi",26.04166667,2016,"Longevidade",15.58,"Taxas de mortalidade  60 a 69 anos (por mil hab.)"
3538303,"Piquerobi",22.35772358,2018,"Longevidade",15.4,"Taxas de mortalidade  60 a 69 anos (por mil hab.)"
3538303,"Piquerobi",14.61988304,2020,"Longevidade",15.77,"Taxas de mortalidade  60 a 69 anos (por mil hab.)"
3538303,"Piquerobi",13.73626374,2022,"Longevidade",18.13,"Taxas de mortalidade  60 a 69 anos (por mil hab.)"
3538303,"Piquerobi",14.18439716,2024,"Longevidade",14.49,"Taxas de mortalidade  60 a 69 anos (por mil hab.)"
3538501,"Piquete",21.49681529,2014,"Longevidade",15.79,"Taxas de mortalidade  60 a 69 anos (por mil hab.)"
3538501,"Piquete",23.75704139,2016,"Longevidade",15.58,"Taxas de mortalidade  60 a 69 anos (por mil hab.)"
3538501,"Piquete",19.21708185,2018,"Longevidade",15.4,"Taxas de mortalidade  60 a 69 anos (por mil hab.)"
3538501,"Piquete",16.61054994,2020,"Longevidade",15.77,"Taxas de mortalidade  60 a 69 anos (por mil hab.)"
3538501,"Piquete",19.47089947,2022,"Longevidade",18.13,"Taxas de mortalidade  60 a 69 anos (por mil hab.)"
3538501,"Piquete",17.17791411,2024,"Longevidade",14.49,"Taxas de mortalidade  60 a 69 anos (por mil hab.)"
3538600,"Piracaia",18.15758787,2014,"Longevidade",15.79,"Taxas de mortalidade  60 a 69 anos (por mil hab.)"
3538600,"Piracaia",16.55172414,2016,"Longevidade",15.58,"Taxas de mortalidade  60 a 69 anos (por mil hab.)"
3538600,"Piracaia",14.92091913,2018,"Longevidade",15.4,"Taxas de mortalidade  60 a 69 anos (por mil hab.)"
3538600,"Piracaia",14.72670632,2020,"Longevidade",15.77,"Taxas de mortalidade  60 a 69 anos (por mil hab.)"
3538600,"Piracaia",20.61438965,2022,"Longevidade",18.13,"Taxas de mortalidade  60 a 69 anos (por mil hab.)"
3538600,"Piracaia",15.4084913,2024,"Longevidade",14.49,"Taxas de mortalidade  60 a 69 anos (por mil hab.)"
3538709,"Piracicaba",14.61455853,2014,"Longevidade",15.79,"Taxas de mortalidade  60 a 69 anos (por mil hab.)"
3538709,"Piracicaba",14.94703684,2016,"Longevidade",15.58,"Taxas de mortalidade  60 a 69 anos (por mil hab.)"
3538709,"Piracicaba",15.02308182,2018,"Longevidade",15.4,"Taxas de mortalidade  60 a 69 anos (por mil hab.)"
3538709,"Piracicaba",15.78085455,2020,"Longevidade",15.77,"Taxas de mortalidade  60 a 69 anos (por mil hab.)"
3538709,"Piracicaba",17.47276459,2022,"Longevidade",18.13,"Taxas de mortalidade  60 a 69 anos (por mil hab.)"
3538709,"Piracicaba",13.95517334,2024,"Longevidade",14.49,"Taxas de mortalidade  60 a 69 anos (por mil hab.)"
3538808,"Piraju",16.71346437,2014,"Longevidade",15.79,"Taxas de mortalidade  60 a 69 anos (por mil hab.)"
3538808,"Piraju",15.32287486,2016,"Longevidade",15.58,"Taxas de mortalidade  60 a 69 anos (por mil hab.)"
3538808,"Piraju",15.30793877,2018,"Longevidade",15.4,"Taxas de mortalidade  60 a 69 anos (por mil hab.)"
3538808,"Piraju",15.05376344,2020,"Longevidade",15.77,"Taxas de mortalidade  60 a 69 anos (por mil hab.)"
3538808,"Piraju",17.45257453,2022,"Longevidade",18.13,"Taxas de mortalidade  60 a 69 anos (por mil hab.)"
3538808,"Piraju",17.02250433,2024,"Longevidade",14.49,"Taxas de mortalidade  60 a 69 anos (por mil hab.)"
3538907,"Pirajuí",23.45458159,2014,"Longevidade",15.79,"Taxas de mortalidade  60 a 69 anos (por mil hab.)"
3538907,"Pirajuí",19.50259438,2016,"Longevidade",15.58,"Taxas de mortalidade  60 a 69 anos (por mil hab.)"
3538907,"Pirajuí",19.13133402,2018,"Longevidade",15.4,"Taxas de mortalidade  60 a 69 anos (por mil hab.)"
3538907,"Pirajuí",23.60308285,2020,"Longevidade",15.77,"Taxas de mortalidade  60 a 69 anos (por mil hab.)"
3538907,"Pirajuí",27.08048075,2022,"Longevidade",18.13,"Taxas de mortalidade  60 a 69 anos (por mil hab.)"
3538907,"Pirajuí",22.9608864,2024,"Longevidade",14.49,"Taxas de mortalidade  60 a 69 anos (por mil hab.)"
3539004,"Pirangi",16.98946653,2014,"Longevidade",15.79,"Taxas de mortalidade  60 a 69 anos (por mil hab.)"
3539004,"Pirangi",16.22971286,2016,"Longevidade",15.58,"Taxas de mortalidade  60 a 69 anos (por mil hab.)"
3539004,"Pirangi",14.91628615,2018,"Longevidade",15.4,"Taxas de mortalidade  60 a 69 anos (por mil hab.)"
3539004,"Pirangi",16.68129939,2020,"Longevidade",15.77,"Taxas de mortalidade  60 a 69 anos (por mil hab.)"
3539004,"Pirangi",18.125177,2022,"Longevidade",18.13,"Taxas de mortalidade  60 a 69 anos (por mil hab.)"
3539004,"Pirangi",15.41425819,2024,"Longevidade",14.49,"Taxas de mortalidade  60 a 69 anos (por mil hab.)"
3539103,"Pirapora do Bom Jesus",19.13875598,2014,"Longevidade",15.79,"Taxas de mortalidade  60 a 69 anos (por mil hab.)"
3539103,"Pirapora do Bom Jesus",18.38362817,2016,"Longevidade",15.58,"Taxas de mortalidade  60 a 69 anos (por mil hab.)"
3539103,"Pirapora do Bom Jesus",15.95214357,2018,"Longevidade",15.4,"Taxas de mortalidade  60 a 69 anos (por mil hab.)"
3539103,"Pirapora do Bom Jesus",16.62049861,2020,"Longevidade",15.77,"Taxas de mortalidade  60 a 69 anos (por mil hab.)"
3539103,"Pirapora do Bom Jesus",17.81170483,2022,"Longevidade",18.13,"Taxas de mortalidade  60 a 69 anos (por mil hab.)"
3539103,"Pirapora do Bom Jesus",15.86102719,2024,"Longevidade",14.49,"Taxas de mortalidade  60 a 69 anos (por mil hab.)"
3539202,"Pirapozinho",16.52142338,2014,"Longevidade",15.79,"Taxas de mortalidade  60 a 69 anos (por mil hab.)"
3539202,"Pirapozinho",14.72031403,2016,"Longevidade",15.58,"Taxas de mortalidade  60 a 69 anos (por mil hab.)"
3539202,"Pirapozinho",13.03801445,2018,"Longevidade",15.4,"Taxas de mortalidade  60 a 69 anos (por mil hab.)"
3539202,"Pirapozinho",14.08246225,2020,"Longevidade",15.77,"Taxas de mortalidade  60 a 69 anos (por mil hab.)"
3539202,"Pirapozinho",16.09657948,2022,"Longevidade",18.13,"Taxas de mortalidade  60 a 69 anos (por mil hab.)"
3539202,"Pirapozinho",14.6101903,2024,"Longevidade",14.49,"Taxas de mortalidade  60 a 69 anos (por mil hab.)"
3539301,"Pirassununga",14.1427693,2014,"Longevidade",15.79,"Taxas de mortalidade  60 a 69 anos (por mil hab.)"
3539301,"Pirassununga",14.71636623,2016,"Longevidade",15.58,"Taxas de mortalidade  60 a 69 anos (por mil hab.)"
3539301,"Pirassununga",13.86825161,2018,"Longevidade",15.4,"Taxas de mortalidade  60 a 69 anos (por mil hab.)"
3539301,"Pirassununga",12.95227369,2020,"Longevidade",15.77,"Taxas de mortalidade  60 a 69 anos (por mil hab.)"
3539301,"Pirassununga",17.67676768,2022,"Longevidade",18.13,"Taxas de mortalidade  60 a 69 anos (por mil hab.)"
3539301,"Pirassununga",15.31387281,2024,"Longevidade",14.49,"Taxas de mortalidade  60 a 69 anos (por mil hab.)"
3539400,"Piratininga",17.01991008,2014,"Longevidade",15.79,"Taxas de mortalidade  60 a 69 anos (por mil hab.)"
3539400,"Piratininga",10.57747284,2016,"Longevidade",15.58,"Taxas de mortalidade  60 a 69 anos (por mil hab.)"
3539400,"Piratininga",14.10788382,2018,"Longevidade",15.4,"Taxas de mortalidade  60 a 69 anos (por mil hab.)"
3539400,"Piratininga",17.66692647,2020,"Longevidade",15.77,"Taxas de mortalidade  60 a 69 anos (por mil hab.)"
3539400,"Piratininga",17.11309524,2022,"Longevidade",18.13,"Taxas de mortalidade  60 a 69 anos (por mil hab.)"
3539400,"Piratininga",14.57085828,2024,"Longevidade",14.49,"Taxas de mortalidade  60 a 69 anos (por mil hab.)"
3539509,"Pitangueiras",18.88619855,2014,"Longevidade",15.79,"Taxas de mortalidade  60 a 69 anos (por mil hab.)"
3539509,"Pitangueiras",17.33509622,2016,"Longevidade",15.58,"Taxas de mortalidade  60 a 69 anos (por mil hab.)"
3539509,"Pitangueiras",18.18950931,2018,"Longevidade",15.4,"Taxas de mortalidade  60 a 69 anos (por mil hab.)"
3539509,"Pitangueiras",17.16738197,2020,"Longevidade",15.77,"Taxas de mortalidade  60 a 69 anos (por mil hab.)"
3539509,"Pitangueiras",23.41696535,2022,"Longevidade",18.13,"Taxas de mortalidade  60 a 69 anos (por mil hab.)"
3539509,"Pitangueiras",17.37921446,2024,"Longevidade",14.49,"Taxas de mortalidade  60 a 69 anos (por mil hab.)"
3539608,"Planalto",12.6002291,2014,"Longevidade",15.79,"Taxas de mortalidade  60 a 69 anos (por mil hab.)"
3539608,"Planalto",17.49271137,2016,"Longevidade",15.58,"Taxas de mortalidade  60 a 69 anos (por mil hab.)"
3539608,"Planalto",23.02025783,2018,"Longevidade",15.4,"Taxas de mortalidade  60 a 69 anos (por mil hab.)"
3539608,"Planalto",22.22222222,2020,"Longevidade",15.77,"Taxas de mortalidade  60 a 69 anos (por mil hab.)"
3539608,"Planalto",18.76876877,2022,"Longevidade",18.13,"Taxas de mortalidade  60 a 69 anos (por mil hab.)"
3539608,"Planalto",13.71742112,2024,"Longevidade",14.49,"Taxas de mortalidade  60 a 69 anos (por mil hab.)"
3539707,"Platina",14.72556894,2014,"Longevidade",15.79,"Taxas de mortalidade  60 a 69 anos (por mil hab.)"
3539707,"Platina",14.38848921,2016,"Longevidade",15.58,"Taxas de mortalidade  60 a 69 anos (por mil hab.)"
3539707,"Platina",10.45296167,2018,"Longevidade",15.4,"Taxas de mortalidade  60 a 69 anos (por mil hab.)"
3539707,"Platina",15.20086862,2020,"Longevidade",15.77,"Taxas de mortalidade  60 a 69 anos (por mil hab.)"
3539707,"Platina",23.51738241,2022,"Longevidade",18.13,"Taxas de mortalidade  60 a 69 anos (por mil hab.)"
3539707,"Platina",12.08459215,2024,"Longevidade",14.49,"Taxas de mortalidade  60 a 69 anos (por mil hab.)"
3539806,"Poá",19.85524257,2014,"Longevidade",15.79,"Taxas de mortalidade  60 a 69 anos (por mil hab.)"
3539806,"Poá",19.402551,2016,"Longevidade",15.58,"Taxas de mortalidade  60 a 69 anos (por mil hab.)"
3539806,"Poá",18.27841878,2018,"Longevidade",15.4,"Taxas de mortalidade  60 a 69 anos (por mil hab.)"
3539806,"Poá",19.17788392,2020,"Longevidade",15.77,"Taxas de mortalidade  60 a 69 anos (por mil hab.)"
3539806,"Poá",20.76414746,2022,"Longevidade",18.13,"Taxas de mortalidade  60 a 69 anos (por mil hab.)"
3539806,"Poá",18.7518603,2024,"Longevidade",14.49,"Taxas de mortalidade  60 a 69 anos (por mil hab.)"
3539905,"Poloni",9.103641457,2014,"Longevidade",15.79,"Taxas de mortalidade  60 a 69 anos (por mil hab.)"
3539905,"Poloni",17.57944557,2016,"Longevidade",15.58,"Taxas de mortalidade  60 a 69 anos (por mil hab.)"
3539905,"Poloni",19.06640368,2018,"Longevidade",15.4,"Taxas de mortalidade  60 a 69 anos (por mil hab.)"
3539905,"Poloni",14.86988848,2020,"Longevidade",15.77,"Taxas de mortalidade  60 a 69 anos (por mil hab.)"
3539905,"Poloni",15.25821596,2022,"Longevidade",18.13,"Taxas de mortalidade  60 a 69 anos (por mil hab.)"
3539905,"Poloni",14.04056162,2024,"Longevidade",14.49,"Taxas de mortalidade  60 a 69 anos (por mil hab.)"
3540002,"Pompéia",17.43589744,2014,"Longevidade",15.79,"Taxas de mortalidade  60 a 69 anos (por mil hab.)"
3540002,"Pompéia",12.43371732,2016,"Longevidade",15.58,"Taxas de mortalidade  60 a 69 anos (por mil hab.)"
3540002,"Pompéia",11.98026779,2018,"Longevidade",15.4,"Taxas de mortalidade  60 a 69 anos (por mil hab.)"
3540002,"Pompéia",14.87657348,2020,"Longevidade",15.77,"Taxas de mortalidade  60 a 69 anos (por mil hab.)"
3540002,"Pompéia",14.62663587,2022,"Longevidade",18.13,"Taxas de mortalidade  60 a 69 anos (por mil hab.)"
3540002,"Pompéia",16.04509974,2024,"Longevidade",14.49,"Taxas de mortalidade  60 a 69 anos (por mil hab.)"
3540101,"Pongaí",19.49317739,2014,"Longevidade",15.79,"Taxas de mortalidade  60 a 69 anos (por mil hab.)"
3540101,"Pongaí",22.22222222,2016,"Longevidade",15.58,"Taxas de mortalidade  60 a 69 anos (por mil hab.)"
3540101,"Pongaí",14.5672665,2018,"Longevidade",15.4,"Taxas de mortalidade  60 a 69 anos (por mil hab.)"
3540101,"Pongaí",17.54385965,2020,"Longevidade",15.77,"Taxas de mortalidade  60 a 69 anos (por mil hab.)"
3540101,"Pongaí",18.18181818,2022,"Longevidade",18.13,"Taxas de mortalidade  60 a 69 anos (por mil hab.)"
3540101,"Pongaí",14.63739188,2024,"Longevidade",14.49,"Taxas de mortalidade  60 a 69 anos (por mil hab.)"
3540200,"Pontal",18.93533405,2014,"Longevidade",15.79,"Taxas de mortalidade  60 a 69 anos (por mil hab.)"
3540200,"Pontal",17.10545887,2016,"Longevidade",15.58,"Taxas de mortalidade  60 a 69 anos (por mil hab.)"
3540200,"Pontal",16.07941834,2018,"Longevidade",15.4,"Taxas de mortalidade  60 a 69 anos (por mil hab.)"
3540200,"Pontal",16.57390229,2020,"Longevidade",15.77,"Taxas de mortalidade  60 a 69 anos (por mil hab.)"
3540200,"Pontal",21.9792357,2022,"Longevidade",18.13,"Taxas de mortalidade  60 a 69 anos (por mil hab.)"
3540200,"Pontal",17.90225151,2024,"Longevidade",14.49,"Taxas de mortalidade  60 a 69 anos (por mil hab.)"
3540259,"Pontalinda",5.257623554,2014,"Longevidade",15.79,"Taxas de mortalidade  60 a 69 anos (por mil hab.)"
3540259,"Pontalinda",17.69911504,2016,"Longevidade",15.58,"Taxas de mortalidade  60 a 69 anos (por mil hab.)"
3540259,"Pontalinda",15.50387597,2018,"Longevidade",15.4,"Taxas de mortalidade  60 a 69 anos (por mil hab.)"
3540259,"Pontalinda",13.03538175,2020,"Longevidade",15.77,"Taxas de mortalidade  60 a 69 anos (por mil hab.)"
3540259,"Pontalinda",18.71657754,2022,"Longevidade",18.13,"Taxas de mortalidade  60 a 69 anos (por mil hab.)"
3540259,"Pontalinda",17.36972705,2024,"Longevidade",14.49,"Taxas de mortalidade  60 a 69 anos (por mil hab.)"
3540309,"Pontes Gestal",19.52580195,2014,"Longevidade",15.79,"Taxas de mortalidade  60 a 69 anos (por mil hab.)"
3540309,"Pontes Gestal",17.68707483,2016,"Longevidade",15.58,"Taxas de mortalidade  60 a 69 anos (por mil hab.)"
3540309,"Pontes Gestal",21.41900937,2018,"Longevidade",15.4,"Taxas de mortalidade  60 a 69 anos (por mil hab.)"
3540309,"Pontes Gestal",20.67183463,2020,"Longevidade",15.77,"Taxas de mortalidade  60 a 69 anos (por mil hab.)"
3540309,"Pontes Gestal",13.6307311,2022,"Longevidade",18.13,"Taxas de mortalidade  60 a 69 anos (por mil hab.)"
3540309,"Pontes Gestal",11.7370892,2024,"Longevidade",14.49,"Taxas de mortalidade  60 a 69 anos (por mil hab.)"
3540408,"Populina",11.16838488,2014,"Longevidade",15.79,"Taxas de mortalidade  60 a 69 anos (por mil hab.)"
3540408,"Populina",14.25178147,2016,"Longevidade",15.58,"Taxas de mortalidade  60 a 69 anos (por mil hab.)"
3540408,"Populina",15.22070015,2018,"Longevidade",15.4,"Taxas de mortalidade  60 a 69 anos (por mil hab.)"
3540408,"Populina",14.00560224,2020,"Longevidade",15.77,"Taxas de mortalidade  60 a 69 anos (por mil hab.)"
3540408,"Populina",16.66666667,2022,"Longevidade",18.13,"Taxas de mortalidade  60 a 69 anos (por mil hab.)"
3540408,"Populina",13.5301353,2024,"Longevidade",14.49,"Taxas de mortalidade  60 a 69 anos (por mil hab.)"
3540507,"Porangaba",10.05413766,2014,"Longevidade",15.79,"Taxas de mortalidade  60 a 69 anos (por mil hab.)"
3540507,"Porangaba",18.2748538,2016,"Longevidade",15.58,"Taxas de mortalidade  60 a 69 anos (por mil hab.)"
3540507,"Porangaba",12.61261261,2018,"Longevidade",15.4,"Taxas de mortalidade  60 a 69 anos (por mil hab.)"
3540507,"Porangaba",12.30661041,2020,"Longevidade",15.77,"Taxas de mortalidade  60 a 69 anos (por mil hab.)"
3540507,"Porangaba",17.8510127,2022,"Longevidade",18.13,"Taxas de mortalidade  60 a 69 anos (por mil hab.)"
3540507,"Porangaba",11.61072409,2024,"Longevidade",14.49,"Taxas de mortalidade  60 a 69 anos (por mil hab.)"
3540606,"Porto Feliz",18.98554831,2014,"Longevidade",15.79,"Taxas de mortalidade  60 a 69 anos (por mil hab.)"
3540606,"Porto Feliz",17.35412475,2016,"Longevidade",15.58,"Taxas de mortalidade  60 a 69 anos (por mil hab.)"
3540606,"Porto Feliz",16.59817903,2018,"Longevidade",15.4,"Taxas de mortalidade  60 a 69 anos (por mil hab.)"
3540606,"Porto Feliz",16.24199076,2020,"Longevidade",15.77,"Taxas de mortalidade  60 a 69 anos (por mil hab.)"
3540606,"Porto Feliz",17.3582296,2022,"Longevidade",18.13,"Taxas de mortalidade  60 a 69 anos (por mil hab.)"
3540606,"Porto Feliz",13.50020279,2024,"Longevidade",14.49,"Taxas de mortalidade  60 a 69 anos (por mil hab.)"
3540705,"Porto Ferreira",16.45338208,2014,"Longevidade",15.79,"Taxas de mortalidade  60 a 69 anos (por mil hab.)"
3540705,"Porto Ferreira",14.5132188,2016,"Longevidade",15.58,"Taxas de mortalidade  60 a 69 anos (por mil hab.)"
3540705,"Porto Ferreira",14.44043321,2018,"Longevidade",15.4,"Taxas de mortalidade  60 a 69 anos (por mil hab.)"
3540705,"Porto Ferreira",15.33360961,2020,"Longevidade",15.77,"Taxas de mortalidade  60 a 69 anos (por mil hab.)"
3540705,"Porto Ferreira",18.09925812,2022,"Longevidade",18.13,"Taxas de mortalidade  60 a 69 anos (por mil hab.)"
3540705,"Porto Ferreira",15.69982421,2024,"Longevidade",14.49,"Taxas de mortalidade  60 a 69 anos (por mil hab.)"
3540754,"Potim",19.7258442,2014,"Longevidade",15.79,"Taxas de mortalidade  60 a 69 anos (por mil hab.)"
3540754,"Potim",22.66545784,2016,"Longevidade",15.58,"Taxas de mortalidade  60 a 69 anos (por mil hab.)"
3540754,"Potim",18.9063409,2018,"Longevidade",15.4,"Taxas de mortalidade  60 a 69 anos (por mil hab.)"
3540754,"Potim",21.00161551,2020,"Longevidade",15.77,"Taxas de mortalidade  60 a 69 anos (por mil hab.)"
3540754,"Potim",27.18062763,2022,"Longevidade",18.13,"Taxas de mortalidade  60 a 69 anos (por mil hab.)"
3540754,"Potim",20.88948787,2024,"Longevidade",14.49,"Taxas de mortalidade  60 a 69 anos (por mil hab.)"
3540804,"Potirendaba",15.87301587,2014,"Longevidade",15.79,"Taxas de mortalidade  60 a 69 anos (por mil hab.)"
3540804,"Potirendaba",12.1671258,2016,"Longevidade",15.58,"Taxas de mortalidade  60 a 69 anos (por mil hab.)"
3540804,"Potirendaba",10.90342679,2018,"Longevidade",15.4,"Taxas de mortalidade  60 a 69 anos (por mil hab.)"
3540804,"Potirendaba",12.98973392,2020,"Longevidade",15.77,"Taxas de mortalidade  60 a 69 anos (por mil hab.)"
3540804,"Potirendaba",14.03716884,2022,"Longevidade",18.13,"Taxas de mortalidade  60 a 69 anos (por mil hab.)"
3540804,"Potirendaba",10.73619632,2024,"Longevidade",14.49,"Taxas de mortalidade  60 a 69 anos (por mil hab.)"
3540853,"Pracinha",7.194244604,2014,"Longevidade",15.79,"Taxas de mortalidade  60 a 69 anos (por mil hab.)"
3540853,"Pracinha",13.60544218,2016,"Longevidade",15.58,"Taxas de mortalidade  60 a 69 anos (por mil hab.)"
3540853,"Pracinha",20.68965517,2018,"Longevidade",15.4,"Taxas de mortalidade  60 a 69 anos (por mil hab.)"
3540853,"Pracinha",27.21088435,2020,"Longevidade",15.77,"Taxas de mortalidade  60 a 69 anos (por mil hab.)"
3540853,"Pracinha",15.76576577,2022,"Longevidade",18.13,"Taxas de mortalidade  60 a 69 anos (por mil hab.)"
3540853,"Pracinha",13.07189542,2024,"Longevidade",14.49,"Taxas de mortalidade  60 a 69 anos (por mil hab.)"
3540903,"Pradópolis",14.69723692,2014,"Longevidade",15.79,"Taxas de mortalidade  60 a 69 anos (por mil hab.)"
3540903,"Pradópolis",15.04890895,2016,"Longevidade",15.58,"Taxas de mortalidade  60 a 69 anos (por mil hab.)"
3540903,"Pradópolis",14.98929336,2018,"Longevidade",15.4,"Taxas de mortalidade  60 a 69 anos (por mil hab.)"
3540903,"Pradópolis",15.03436426,2020,"Longevidade",15.77,"Taxas de mortalidade  60 a 69 anos (por mil hab.)"
3540903,"Pradópolis",16.80506129,2022,"Longevidade",18.13,"Taxas de mortalidade  60 a 69 anos (por mil hab.)"
3540903,"Pradópolis",13.30949543,2024,"Longevidade",14.49,"Taxas de mortalidade  60 a 69 anos (por mil hab.)"
3541000,"Praia Grande",19.54887218,2014,"Longevidade",15.79,"Taxas de mortalidade  60 a 69 anos (por mil hab.)"
3541000,"Praia Grande",19.74860296,2016,"Longevidade",15.58,"Taxas de mortalidade  60 a 69 anos (por mil hab.)"
3541000,"Praia Grande",20.19579654,2018,"Longevidade",15.4,"Taxas de mortalidade  60 a 69 anos (por mil hab.)"
3541000,"Praia Grande",22.76321589,2020,"Longevidade",15.77,"Taxas de mortalidade  60 a 69 anos (por mil hab.)"
3541000,"Praia Grande",25.48291233,2022,"Longevidade",18.13,"Taxas de mortalidade  60 a 69 anos (por mil hab.)"
3541000,"Praia Grande",15.29262356,2024,"Longevidade",14.49,"Taxas de mortalidade  60 a 69 anos (por mil hab.)"
3541059,"Pratânia",19.75308642,2014,"Longevidade",15.79,"Taxas de mortalidade  60 a 69 anos (por mil hab.)"
3541059,"Pratânia",17.65316719,2016,"Longevidade",15.58,"Taxas de mortalidade  60 a 69 anos (por mil hab.)"
3541059,"Pratânia",13.93034826,2018,"Longevidade",15.4,"Taxas de mortalidade  60 a 69 anos (por mil hab.)"
3541059,"Pratânia",9.132420091,2020,"Longevidade",15.77,"Taxas de mortalidade  60 a 69 anos (por mil hab.)"
3541059,"Pratânia",21.88552189,2022,"Longevidade",18.13,"Taxas de mortalidade  60 a 69 anos (por mil hab.)"
3541059,"Pratânia",18.47575058,2024,"Longevidade",14.49,"Taxas de mortalidade  60 a 69 anos (por mil hab.)"
3541109,"Presidente Alves",12.70772239,2014,"Longevidade",15.79,"Taxas de mortalidade  60 a 69 anos (por mil hab.)"
3541109,"Presidente Alves",13.05483029,2016,"Longevidade",15.58,"Taxas de mortalidade  60 a 69 anos (por mil hab.)"
3541109,"Presidente Alves",14.41899915,2018,"Longevidade",15.4,"Taxas de mortalidade  60 a 69 anos (por mil hab.)"
3541109,"Presidente Alves",14.31980907,2020,"Longevidade",15.77,"Taxas de mortalidade  60 a 69 anos (por mil hab.)"
3541109,"Presidente Alves",19.7869102,2022,"Longevidade",18.13,"Taxas de mortalidade  60 a 69 anos (por mil hab.)"
3541109,"Presidente Alves",16.73360107,2024,"Longevidade",14.49,"Taxas de mortalidade  60 a 69 anos (por mil hab.)"
3541208,"Presidente Bernardes",14.67181467,2014,"Longevidade",15.79,"Taxas de mortalidade  60 a 69 anos (por mil hab.)"
3541208,"Presidente Bernardes",12.85855589,2016,"Longevidade",15.58,"Taxas de mortalidade  60 a 69 anos (por mil hab.)"
3541208,"Presidente Bernardes",14.22029405,2018,"Longevidade",15.4,"Taxas de mortalidade  60 a 69 anos (por mil hab.)"
3541208,"Presidente Bernardes",15.82931865,2020,"Longevidade",15.77,"Taxas de mortalidade  60 a 69 anos (por mil hab.)"
3541208,"Presidente Bernardes",17.78356105,2022,"Longevidade",18.13,"Taxas de mortalidade  60 a 69 anos (por mil hab.)"
3541208,"Presidente Bernardes",13.30108827,2024,"Longevidade",14.49,"Taxas de mortalidade  60 a 69 anos (por mil hab.)"
3541307,"Presidente Epitácio",17.30478045,2014,"Longevidade",15.79,"Taxas de mortalidade  60 a 69 anos (por mil hab.)"
3541307,"Presidente Epitácio",19.14480078,2016,"Longevidade",15.58,"Taxas de mortalidade  60 a 69 anos (por mil hab.)"
3541307,"Presidente Epitácio",18.56017998,2018,"Longevidade",15.4,"Taxas de mortalidade  60 a 69 anos (por mil hab.)"
3541307,"Presidente Epitácio",17.89767767,2020,"Longevidade",15.77,"Taxas de mortalidade  60 a 69 anos (por mil hab.)"
3541307,"Presidente Epitácio",19.93952766,2022,"Longevidade",18.13,"Taxas de mortalidade  60 a 69 anos (por mil hab.)"
3541307,"Presidente Epitácio",17.30155194,2024,"Longevidade",14.49,"Taxas de mortalidade  60 a 69 anos (por mil hab.)"
3541406,"Presidente Prudente",14.87047038,2014,"Longevidade",15.79,"Taxas de mortalidade  60 a 69 anos (por mil hab.)"
3541406,"Presidente Prudente",14.18477022,2016,"Longevidade",15.58,"Taxas de mortalidade  60 a 69 anos (por mil hab.)"
3541406,"Presidente Prudente",14.28668156,2018,"Longevidade",15.4,"Taxas de mortalidade  60 a 69 anos (por mil hab.)"
3541406,"Presidente Prudente",14.81060427,2020,"Longevidade",15.77,"Taxas de mortalidade  60 a 69 anos (por mil hab.)"
3541406,"Presidente Prudente",17.86455554,2022,"Longevidade",18.13,"Taxas de mortalidade  60 a 69 anos (por mil hab.)"
3541406,"Presidente Prudente",14.15785191,2024,"Longevidade",14.49,"Taxas de mortalidade  60 a 69 anos (por mil hab.)"
3541505,"Presidente Venceslau",14.97218007,2014,"Longevidade",15.79,"Taxas de mortalidade  60 a 69 anos (por mil hab.)"
3541505,"Presidente Venceslau",14.77787014,2016,"Longevidade",15.58,"Taxas de mortalidade  60 a 69 anos (por mil hab.)"
3541505,"Presidente Venceslau",15.11038726,2018,"Longevidade",15.4,"Taxas de mortalidade  60 a 69 anos (por mil hab.)"
3541505,"Presidente Venceslau",15.0212729,2020,"Longevidade",15.77,"Taxas de mortalidade  60 a 69 anos (por mil hab.)"
3541505,"Presidente Venceslau",15.79818031,2022,"Longevidade",18.13,"Taxas de mortalidade  60 a 69 anos (por mil hab.)"
3541505,"Presidente Venceslau",14.29348248,2024,"Longevidade",14.49,"Taxas de mortalidade  60 a 69 anos (por mil hab.)"
3541604,"Promissão",17.80523256,2014,"Longevidade",15.79,"Taxas de mortalidade  60 a 69 anos (por mil hab.)"
3541604,"Promissão",16.13445378,2016,"Longevidade",15.58,"Taxas de mortalidade  60 a 69 anos (por mil hab.)"
3541604,"Promissão",17.46961806,2018,"Longevidade",15.4,"Taxas de mortalidade  60 a 69 anos (por mil hab.)"
3541604,"Promissão",17.57612916,2020,"Longevidade",15.77,"Taxas de mortalidade  60 a 69 anos (por mil hab.)"
3541604,"Promissão",19.348659,2022,"Longevidade",18.13,"Taxas de mortalidade  60 a 69 anos (por mil hab.)"
3541604,"Promissão",17.31838483,2024,"Longevidade",14.49,"Taxas de mortalidade  60 a 69 anos (por mil hab.)"
3541653,"Quadra",12.6002291,2014,"Longevidade",15.79,"Taxas de mortalidade  60 a 69 anos (por mil hab.)"
3541653,"Quadra",14.58333333,2016,"Longevidade",15.58,"Taxas de mortalidade  60 a 69 anos (por mil hab.)"
3541653,"Quadra",16.30988787,2018,"Longevidade",15.4,"Taxas de mortalidade  60 a 69 anos (por mil hab.)"
3541653,"Quadra",17.69911504,2020,"Longevidade",15.77,"Taxas de mortalidade  60 a 69 anos (por mil hab.)"
3541653,"Quadra",19.83002833,2022,"Longevidade",18.13,"Taxas de mortalidade  60 a 69 anos (por mil hab.)"
3541653,"Quadra",13.36675021,2024,"Longevidade",14.49,"Taxas de mortalidade  60 a 69 anos (por mil hab.)"
3541703,"Quatá",17.70244821,2014,"Longevidade",15.79,"Taxas de mortalidade  60 a 69 anos (por mil hab.)"
3541703,"Quatá",12.12121212,2016,"Longevidade",15.58,"Taxas de mortalidade  60 a 69 anos (por mil hab.)"
3541703,"Quatá",13.25573876,2018,"Longevidade",15.4,"Taxas de mortalidade  60 a 69 anos (por mil hab.)"
3541703,"Quatá",17.26190476,2020,"Longevidade",15.77,"Taxas de mortalidade  60 a 69 anos (por mil hab.)"
3541703,"Quatá",16.93033583,2022,"Longevidade",18.13,"Taxas de mortalidade  60 a 69 anos (por mil hab.)"
3541703,"Quatá",18.22721598,2024,"Longevidade",14.49,"Taxas de mortalidade  60 a 69 anos (por mil hab.)"
3541802,"Queiroz",19.04761905,2014,"Longevidade",15.79,"Taxas de mortalidade  60 a 69 anos (por mil hab.)"
3541802,"Queiroz",32.96703297,2016,"Longevidade",15.58,"Taxas de mortalidade  60 a 69 anos (por mil hab.)"
3541802,"Queiroz",29.8245614,2018,"Longevidade",15.4,"Taxas de mortalidade  60 a 69 anos (por mil hab.)"
3541802,"Queiroz",22.76422764,2020,"Longevidade",15.77,"Taxas de mortalidade  60 a 69 anos (por mil hab.)"
3541802,"Queiroz",19.43198804,2022,"Longevidade",18.13,"Taxas de mortalidade  60 a 69 anos (por mil hab.)"
3541802,"Queiroz",20.2020202,2024,"Longevidade",14.49,"Taxas de mortalidade  60 a 69 anos (por mil hab.)"
3541901,"Queluz",17.26427623,2014,"Longevidade",15.79,"Taxas de mortalidade  60 a 69 anos (por mil hab.)"
3541901,"Queluz",15.74500768,2016,"Longevidade",15.58,"Taxas de mortalidade  60 a 69 anos (por mil hab.)"
3541901,"Queluz",18.97321429,2018,"Longevidade",15.4,"Taxas de mortalidade  60 a 69 anos (por mil hab.)"
3541901,"Queluz",19.197207680000002,2020,"Longevidade",15.77,"Taxas de mortalidade  60 a 69 anos (por mil hab.)"
3541901,"Queluz",21.63225172,2022,"Longevidade",18.13,"Taxas de mortalidade  60 a 69 anos (por mil hab.)"
3541901,"Queluz",14.34878587,2024,"Longevidade",14.49,"Taxas de mortalidade  60 a 69 anos (por mil hab.)"
3542008,"Quintana",16.80107527,2014,"Longevidade",15.79,"Taxas de mortalidade  60 a 69 anos (por mil hab.)"
3542008,"Quintana",14.57541191,2016,"Longevidade",15.58,"Taxas de mortalidade  60 a 69 anos (por mil hab.)"
3542008,"Quintana",14.11909147,2018,"Longevidade",15.4,"Taxas de mortalidade  60 a 69 anos (por mil hab.)"
3542008,"Quintana",14.39263097,2020,"Longevidade",15.77,"Taxas de mortalidade  60 a 69 anos (por mil hab.)"
3542008,"Quintana",24.0831965,2022,"Longevidade",18.13,"Taxas de mortalidade  60 a 69 anos (por mil hab.)"
3542008,"Quintana",16.83501684,2024,"Longevidade",14.49,"Taxas de mortalidade  60 a 69 anos (por mil hab.)"
3542107,"Rafard",15.50387597,2014,"Longevidade",15.79,"Taxas de mortalidade  60 a 69 anos (por mil hab.)"
3542107,"Rafard",13.17122594,2016,"Longevidade",15.58,"Taxas de mortalidade  60 a 69 anos (por mil hab.)"
3542107,"Rafard",16.17647059,2018,"Longevidade",15.4,"Taxas de mortalidade  60 a 69 anos (por mil hab.)"
3542107,"Rafard",19.66163695,2020,"Longevidade",15.77,"Taxas de mortalidade  60 a 69 anos (por mil hab.)"
3542107,"Rafard",19.03553299,2022,"Longevidade",18.13,"Taxas de mortalidade  60 a 69 anos (por mil hab.)"
3542107,"Rafard",14.99013807,2024,"Longevidade",14.49,"Taxas de mortalidade  60 a 69 anos (por mil hab.)"
3542206,"Rancharia",18.80645639,2014,"Longevidade",15.79,"Taxas de mortalidade  60 a 69 anos (por mil hab.)"
3542206,"Rancharia",18.52619936,2016,"Longevidade",15.58,"Taxas de mortalidade  60 a 69 anos (por mil hab.)"
3542206,"Rancharia",19.92244953,2018,"Longevidade",15.4,"Taxas de mortalidade  60 a 69 anos (por mil hab.)"
3542206,"Rancharia",18.42798044,2020,"Longevidade",15.77,"Taxas de mortalidade  60 a 69 anos (por mil hab.)"
3542206,"Rancharia",18.46010048,2022,"Longevidade",18.13,"Taxas de mortalidade  60 a 69 anos (por mil hab.)"
3542206,"Rancharia",18.29902267,2024,"Longevidade",14.49,"Taxas de mortalidade  60 a 69 anos (por mil hab.)"
3542305,"Redenção da Serra",8.823529412,2014,"Longevidade",15.79,"Taxas de mortalidade  60 a 69 anos (por mil hab.)"
3542305,"Redenção da Serra",13.26259947,2016,"Longevidade",15.58,"Taxas de mortalidade  60 a 69 anos (por mil hab.)"
3542305,"Redenção da Serra",12.95336788,2018,"Longevidade",15.4,"Taxas de mortalidade  60 a 69 anos (por mil hab.)"
3542305,"Redenção da Serra",18.06239737,2020,"Longevidade",15.77,"Taxas de mortalidade  60 a 69 anos (por mil hab.)"
3542305,"Redenção da Serra",20.58590657,2022,"Longevidade",18.13,"Taxas de mortalidade  60 a 69 anos (por mil hab.)"
3542305,"Redenção da Serra",9.060562709,2024,"Longevidade",14.49,"Taxas de mortalidade  60 a 69 anos (por mil hab.)"
3542404,"Regente Feijó",16.49717514,2014,"Longevidade",15.79,"Taxas de mortalidade  60 a 69 anos (por mil hab.)"
3542404,"Regente Feijó",16.01784266,2016,"Longevidade",15.58,"Taxas de mortalidade  60 a 69 anos (por mil hab.)"
3542404,"Regente Feijó",14.43339185,2018,"Longevidade",15.4,"Taxas de mortalidade  60 a 69 anos (por mil hab.)"
3542404,"Regente Feijó",13.91901663,2020,"Longevidade",15.77,"Taxas de mortalidade  60 a 69 anos (por mil hab.)"
3542404,"Regente Feijó",15.83291225,2022,"Longevidade",18.13,"Taxas de mortalidade  60 a 69 anos (por mil hab.)"
3542404,"Regente Feijó",13.4589502,2024,"Longevidade",14.49,"Taxas de mortalidade  60 a 69 anos (por mil hab.)"
3542503,"Reginópolis",26.63786897,2014,"Longevidade",15.79,"Taxas de mortalidade  60 a 69 anos (por mil hab.)"
3542503,"Reginópolis",20.12072435,2016,"Longevidade",15.58,"Taxas de mortalidade  60 a 69 anos (por mil hab.)"
3542503,"Reginópolis",23.62204724,2018,"Longevidade",15.4,"Taxas de mortalidade  60 a 69 anos (por mil hab.)"
3542503,"Reginópolis",17.64335224,2020,"Longevidade",15.77,"Taxas de mortalidade  60 a 69 anos (por mil hab.)"
3542503,"Reginópolis",20.87170043,2022,"Longevidade",18.13,"Taxas de mortalidade  60 a 69 anos (por mil hab.)"
3542503,"Reginópolis",13.84615385,2024,"Longevidade",14.49,"Taxas de mortalidade  60 a 69 anos (por mil hab.)"
3542602,"Registro",18.44119694,2014,"Longevidade",15.79,"Taxas de mortalidade  60 a 69 anos (por mil hab.)"
3542602,"Registro",15.76957116,2016,"Longevidade",15.58,"Taxas de mortalidade  60 a 69 anos (por mil hab.)"
3542602,"Registro",16.66275522,2018,"Longevidade",15.4,"Taxas de mortalidade  60 a 69 anos (por mil hab.)"
3542602,"Registro",16.14814815,2020,"Longevidade",15.77,"Taxas de mortalidade  60 a 69 anos (por mil hab.)"
3542602,"Registro",18.63528093,2022,"Longevidade",18.13,"Taxas de mortalidade  60 a 69 anos (por mil hab.)"
3542602,"Registro",14.65136805,2024,"Longevidade",14.49,"Taxas de mortalidade  60 a 69 anos (por mil hab.)"
3542701,"Restinga",22.80701754,2014,"Longevidade",15.79,"Taxas de mortalidade  60 a 69 anos (por mil hab.)"
3542701,"Restinga",15.28384279,2016,"Longevidade",15.58,"Taxas de mortalidade  60 a 69 anos (por mil hab.)"
3542701,"Restinga",10.24590164,2018,"Longevidade",15.4,"Taxas de mortalidade  60 a 69 anos (por mil hab.)"
3542701,"Restinga",10.21021021,2020,"Longevidade",15.77,"Taxas de mortalidade  60 a 69 anos (por mil hab.)"
3542701,"Restinga",20.76502732,2022,"Longevidade",18.13,"Taxas de mortalidade  60 a 69 anos (por mil hab.)"
3542701,"Restinga",19.54215522,2024,"Longevidade",14.49,"Taxas de mortalidade  60 a 69 anos (por mil hab.)"
3542800,"Ribeira",18.76379691,2014,"Longevidade",15.79,"Taxas de mortalidade  60 a 69 anos (por mil hab.)"
3542800,"Ribeira",16.07717042,2016,"Longevidade",15.58,"Taxas de mortalidade  60 a 69 anos (por mil hab.)"
3542800,"Ribeira",13.84451544,2018,"Longevidade",15.4,"Taxas de mortalidade  60 a 69 anos (por mil hab.)"
3542800,"Ribeira",18.10436635,2020,"Longevidade",15.77,"Taxas de mortalidade  60 a 69 anos (por mil hab.)"
3542800,"Ribeira",13.66982124,2022,"Longevidade",18.13,"Taxas de mortalidade  60 a 69 anos (por mil hab.)"
3542800,"Ribeira",18.99335233,2024,"Longevidade",14.49,"Taxas de mortalidade  60 a 69 anos (por mil hab.)"
3542909,"Ribeirão Bonito",15.22435897,2014,"Longevidade",15.79,"Taxas de mortalidade  60 a 69 anos (por mil hab.)"
3542909,"Ribeirão Bonito",12.06140351,2016,"Longevidade",15.58,"Taxas de mortalidade  60 a 69 anos (por mil hab.)"
3542909,"Ribeirão Bonito",11.34751773,2018,"Longevidade",15.4,"Taxas de mortalidade  60 a 69 anos (por mil hab.)"
3542909,"Ribeirão Bonito",13.0260521,2020,"Longevidade",15.77,"Taxas de mortalidade  60 a 69 anos (por mil hab.)"
3542909,"Ribeirão Bonito",16.99716714,2022,"Longevidade",18.13,"Taxas de mortalidade  60 a 69 anos (por mil hab.)"
3542909,"Ribeirão Bonito",13.165769,2024,"Longevidade",14.49,"Taxas de mortalidade  60 a 69 anos (por mil hab.)"
3543006,"Ribeirão Branco",22.02643172,2014,"Longevidade",15.79,"Taxas de mortalidade  60 a 69 anos (por mil hab.)"
3543006,"Ribeirão Branco",22.46559955,2016,"Longevidade",15.58,"Taxas de mortalidade  60 a 69 anos (por mil hab.)"
3543006,"Ribeirão Branco",21.42459655,2018,"Longevidade",15.4,"Taxas de mortalidade  60 a 69 anos (por mil hab.)"
3543006,"Ribeirão Branco",22.38602239,2020,"Longevidade",15.77,"Taxas de mortalidade  60 a 69 anos (por mil hab.)"
3543006,"Ribeirão Branco",26.10759494,2022,"Longevidade",18.13,"Taxas de mortalidade  60 a 69 anos (por mil hab.)"
3543006,"Ribeirão Branco",20.10723861,2024,"Longevidade",14.49,"Taxas de mortalidade  60 a 69 anos (por mil hab.)"
3543105,"Ribeirão Corrente",20.97130243,2014,"Longevidade",15.79,"Taxas de mortalidade  60 a 69 anos (por mil hab.)"
3543105,"Ribeirão Corrente",13.13131313,2016,"Longevidade",15.58,"Taxas de mortalidade  60 a 69 anos (por mil hab.)"
3543105,"Ribeirão Corrente",14.74926254,2018,"Longevidade",15.4,"Taxas de mortalidade  60 a 69 anos (por mil hab.)"
3543105,"Ribeirão Corrente",10.29962547,2020,"Longevidade",15.77,"Taxas de mortalidade  60 a 69 anos (por mil hab.)"
3543105,"Ribeirão Corrente",15.11111111,2022,"Longevidade",18.13,"Taxas de mortalidade  60 a 69 anos (por mil hab.)"
3543105,"Ribeirão Corrente",10.69958848,2024,"Longevidade",14.49,"Taxas de mortalidade  60 a 69 anos (por mil hab.)"
3543204,"Ribeirão do Sul",15.94896332,2014,"Longevidade",15.79,"Taxas de mortalidade  60 a 69 anos (por mil hab.)"
3543204,"Ribeirão do Sul",15.76576577,2016,"Longevidade",15.58,"Taxas de mortalidade  60 a 69 anos (por mil hab.)"
3543204,"Ribeirão do Sul",15.45253863,2018,"Longevidade",15.4,"Taxas de mortalidade  60 a 69 anos (por mil hab.)"
3543204,"Ribeirão do Sul",16.34683724,2020,"Longevidade",15.77,"Taxas de mortalidade  60 a 69 anos (por mil hab.)"
3543204,"Ribeirão do Sul",17.28907331,2022,"Longevidade",18.13,"Taxas de mortalidade  60 a 69 anos (por mil hab.)"
3543204,"Ribeirão do Sul",13.7149672,2024,"Longevidade",14.49,"Taxas de mortalidade  60 a 69 anos (por mil hab.)"
3543238,"Ribeirão dos Índios",11.11111111,2014,"Longevidade",15.79,"Taxas de mortalidade  60 a 69 anos (por mil hab.)"
3543238,"Ribeirão dos Índios",15.57632399,2016,"Longevidade",15.58,"Taxas de mortalidade  60 a 69 anos (por mil hab.)"
3543238,"Ribeirão dos Índios",13.57466063,2018,"Longevidade",15.4,"Taxas de mortalidade  60 a 69 anos (por mil hab.)"
3543238,"Ribeirão dos Índios",12.5,2020,"Longevidade",15.77,"Taxas de mortalidade  60 a 69 anos (por mil hab.)"
3543238,"Ribeirão dos Índios",21.08036891,2022,"Longevidade",18.13,"Taxas de mortalidade  60 a 69 anos (por mil hab.)"
3543238,"Ribeirão dos Índios",10.41666667,2024,"Longevidade",14.49,"Taxas de mortalidade  60 a 69 anos (por mil hab.)"
3543253,"Ribeirão Grande",10.22864019,2014,"Longevidade",15.79,"Taxas de mortalidade  60 a 69 anos (por mil hab.)"
3543253,"Ribeirão Grande",13.69047619,2016,"Longevidade",15.58,"Taxas de mortalidade  60 a 69 anos (por mil hab.)"
3543253,"Ribeirão Grande",14.13427562,2018,"Longevidade",15.4,"Taxas de mortalidade  60 a 69 anos (por mil hab.)"
3543253,"Ribeirão Grande",12.17391304,2020,"Longevidade",15.77,"Taxas de mortalidade  60 a 69 anos (por mil hab.)"
3543253,"Ribeirão Grande",20.41942605,2022,"Longevidade",18.13,"Taxas de mortalidade  60 a 69 anos (por mil hab.)"
3543253,"Ribeirão Grande",14.75334255,2024,"Longevidade",14.49,"Taxas de mortalidade  60 a 69 anos (por mil hab.)"
3543303,"Ribeirão Pires",14.46320003,2014,"Longevidade",15.79,"Taxas de mortalidade  60 a 69 anos (por mil hab.)"
3543303,"Ribeirão Pires",15.24129304,2016,"Longevidade",15.58,"Taxas de mortalidade  60 a 69 anos (por mil hab.)"
3543303,"Ribeirão Pires",15.22374778,2018,"Longevidade",15.4,"Taxas de mortalidade  60 a 69 anos (por mil hab.)"
3543303,"Ribeirão Pires",14.94661922,2020,"Longevidade",15.77,"Taxas de mortalidade  60 a 69 anos (por mil hab.)"
3543303,"Ribeirão Pires",16.28199748,2022,"Longevidade",18.13,"Taxas de mortalidade  60 a 69 anos (por mil hab.)"
3543303,"Ribeirão Pires",14.02773299,2024,"Longevidade",14.49,"Taxas de mortalidade  60 a 69 anos (por mil hab.)"
3543402,"Ribeirão Preto",14.83453785,2014,"Longevidade",15.79,"Taxas de mortalidade  60 a 69 anos (por mil hab.)"
3543402,"Ribeirão Preto",14.03899721,2016,"Longevidade",15.58,"Taxas de mortalidade  60 a 69 anos (por mil hab.)"
3543402,"Ribeirão Preto",13.74988085,2018,"Longevidade",15.4,"Taxas de mortalidade  60 a 69 anos (por mil hab.)"
3543402,"Ribeirão Preto",14.2947921,2020,"Longevidade",15.77,"Taxas de mortalidade  60 a 69 anos (por mil hab.)"
3543402,"Ribeirão Preto",16.66226414,2022,"Longevidade",18.13,"Taxas de mortalidade  60 a 69 anos (por mil hab.)"
3543402,"Ribeirão Preto",13.38934103,2024,"Longevidade",14.49,"Taxas de mortalidade  60 a 69 anos (por mil hab.)"
3543501,"Riversul",20.12578616,2014,"Longevidade",15.79,"Taxas de mortalidade  60 a 69 anos (por mil hab.)"
3543501,"Riversul",17.63990268,2016,"Longevidade",15.58,"Taxas de mortalidade  60 a 69 anos (por mil hab.)"
3543501,"Riversul",22.65951103,2018,"Longevidade",15.4,"Taxas de mortalidade  60 a 69 anos (por mil hab.)"
3543501,"Riversul",23.02820956,2020,"Longevidade",15.77,"Taxas de mortalidade  60 a 69 anos (por mil hab.)"
3543501,"Riversul",24.1301908,2022,"Longevidade",18.13,"Taxas de mortalidade  60 a 69 anos (por mil hab.)"
3543501,"Riversul",20.80162354,2024,"Longevidade",14.49,"Taxas de mortalidade  60 a 69 anos (por mil hab.)"
3543600,"Rifaina",25.88996764,2014,"Longevidade",15.79,"Taxas de mortalidade  60 a 69 anos (por mil hab.)"
3543600,"Rifaina",31.21852971,2016,"Longevidade",15.58,"Taxas de mortalidade  60 a 69 anos (por mil hab.)"
3543600,"Rifaina",32.5443787,2018,"Longevidade",15.4,"Taxas de mortalidade  60 a 69 anos (por mil hab.)"
3543600,"Rifaina",19.71830986,2020,"Longevidade",15.77,"Taxas de mortalidade  60 a 69 anos (por mil hab.)"
3543600,"Rifaina",23.29749104,2022,"Longevidade",18.13,"Taxas de mortalidade  60 a 69 anos (por mil hab.)"
3543600,"Rifaina",15.48672566,2024,"Longevidade",14.49,"Taxas de mortalidade  60 a 69 anos (por mil hab.)"
3543709,"Rincão",23.9965096,2014,"Longevidade",15.79,"Taxas de mortalidade  60 a 69 anos (por mil hab.)"
3543709,"Rincão",16.14205004,2016,"Longevidade",15.58,"Taxas de mortalidade  60 a 69 anos (por mil hab.)"
3543709,"Rincão",20.51282051,2018,"Longevidade",15.4,"Taxas de mortalidade  60 a 69 anos (por mil hab.)"
3543709,"Rincão",17.76266062,2020,"Longevidade",15.77,"Taxas de mortalidade  60 a 69 anos (por mil hab.)"
3543709,"Rincão",19.48051948,2022,"Longevidade",18.13,"Taxas de mortalidade  60 a 69 anos (por mil hab.)"
3543709,"Rincão",16.71891327,2024,"Longevidade",14.49,"Taxas de mortalidade  60 a 69 anos (por mil hab.)"
3543808,"Rinópolis",13.56802347,2014,"Longevidade",15.79,"Taxas de mortalidade  60 a 69 anos (por mil hab.)"
3543808,"Rinópolis",16.34320735,2016,"Longevidade",15.58,"Taxas de mortalidade  60 a 69 anos (por mil hab.)"
3543808,"Rinópolis",14.85148515,2018,"Longevidade",15.4,"Taxas de mortalidade  60 a 69 anos (por mil hab.)"
3543808,"Rinópolis",12.68956979,2020,"Longevidade",15.77,"Taxas de mortalidade  60 a 69 anos (por mil hab.)"
3543808,"Rinópolis",16.25295508,2022,"Longevidade",18.13,"Taxas de mortalidade  60 a 69 anos (por mil hab.)"
3543808,"Rinópolis",16.28853985,2024,"Longevidade",14.49,"Taxas de mortalidade  60 a 69 anos (por mil hab.)"
3543907,"Rio Claro",16.44706744,2014,"Longevidade",15.79,"Taxas de mortalidade  60 a 69 anos (por mil hab.)"
3543907,"Rio Claro",16.16533661,2016,"Longevidade",15.58,"Taxas de mortalidade  60 a 69 anos (por mil hab.)"
3543907,"Rio Claro",15.7238281,2018,"Longevidade",15.4,"Taxas de mortalidade  60 a 69 anos (por mil hab.)"
3543907,"Rio Claro",15.40262686,2020,"Longevidade",15.77,"Taxas de mortalidade  60 a 69 anos (por mil hab.)"
3543907,"Rio Claro",16.40520865,2022,"Longevidade",18.13,"Taxas de mortalidade  60 a 69 anos (por mil hab.)"
3543907,"Rio Claro",14.89498156,2024,"Longevidade",14.49,"Taxas de mortalidade  60 a 69 anos (por mil hab.)"
3544004,"Rio das Pedras",16.54973916,2014,"Longevidade",15.79,"Taxas de mortalidade  60 a 69 anos (por mil hab.)"
3544004,"Rio das Pedras",16.24093346,2016,"Longevidade",15.58,"Taxas de mortalidade  60 a 69 anos (por mil hab.)"
3544004,"Rio das Pedras",17.71117166,2018,"Longevidade",15.4,"Taxas de mortalidade  60 a 69 anos (por mil hab.)"
3544004,"Rio das Pedras",19.13942442,2020,"Longevidade",15.77,"Taxas de mortalidade  60 a 69 anos (por mil hab.)"
3544004,"Rio das Pedras",18.3899177,2022,"Longevidade",18.13,"Taxas de mortalidade  60 a 69 anos (por mil hab.)"
3544004,"Rio das Pedras",13.75700024,2024,"Longevidade",14.49,"Taxas de mortalidade  60 a 69 anos (por mil hab.)"
3544103,"Rio Grande da Serra",16.92450086,2014,"Longevidade",15.79,"Taxas de mortalidade  60 a 69 anos (por mil hab.)"
3544103,"Rio Grande da Serra",17.90911126,2016,"Longevidade",15.58,"Taxas de mortalidade  60 a 69 anos (por mil hab.)"
3544103,"Rio Grande da Serra",16.06041268,2018,"Longevidade",15.4,"Taxas de mortalidade  60 a 69 anos (por mil hab.)"
3544103,"Rio Grande da Serra",15.39201539,2020,"Longevidade",15.77,"Taxas de mortalidade  60 a 69 anos (por mil hab.)"
3544103,"Rio Grande da Serra",17.66411811,2022,"Longevidade",18.13,"Taxas de mortalidade  60 a 69 anos (por mil hab.)"
3544103,"Rio Grande da Serra",17.18656011,2024,"Longevidade",14.49,"Taxas de mortalidade  60 a 69 anos (por mil hab.)"
3544202,"Riolândia",22.31926249,2014,"Longevidade",15.79,"Taxas de mortalidade  60 a 69 anos (por mil hab.)"
3544202,"Riolândia",14.73296501,2016,"Longevidade",15.58,"Taxas de mortalidade  60 a 69 anos (por mil hab.)"
3544202,"Riolândia",15.35682023,2018,"Longevidade",15.4,"Taxas de mortalidade  60 a 69 anos (por mil hab.)"
3544202,"Riolândia",17.4291939,2020,"Longevidade",15.77,"Taxas de mortalidade  60 a 69 anos (por mil hab.)"
3544202,"Riolândia",19.04761905,2022,"Longevidade",18.13,"Taxas de mortalidade  60 a 69 anos (por mil hab.)"
3544202,"Riolândia",17.73927393,2024,"Longevidade",14.49,"Taxas de mortalidade  60 a 69 anos (por mil hab.)"
3544251,"Rosana",15.60379919,2014,"Longevidade",15.79,"Taxas de mortalidade  60 a 69 anos (por mil hab.)"
3544251,"Rosana",15.08576152,2016,"Longevidade",15.58,"Taxas de mortalidade  60 a 69 anos (por mil hab.)"
3544251,"Rosana",15.84436422,2018,"Longevidade",15.4,"Taxas de mortalidade  60 a 69 anos (por mil hab.)"
3544251,"Rosana",15.47753869,2020,"Longevidade",15.77,"Taxas de mortalidade  60 a 69 anos (por mil hab.)"
3544251,"Rosana",17.38351254,2022,"Longevidade",18.13,"Taxas de mortalidade  60 a 69 anos (por mil hab.)"
3544251,"Rosana",13.37247228,2024,"Longevidade",14.49,"Taxas de mortalidade  60 a 69 anos (por mil hab.)"
3544301,"Roseira",23.28042328,2014,"Longevidade",15.79,"Taxas de mortalidade  60 a 69 anos (por mil hab.)"
3544301,"Roseira",21.41900937,2016,"Longevidade",15.58,"Taxas de mortalidade  60 a 69 anos (por mil hab.)"
3544301,"Roseira",16.94197374,2018,"Longevidade",15.4,"Taxas de mortalidade  60 a 69 anos (por mil hab.)"
3544301,"Roseira",14.49275362,2020,"Longevidade",15.77,"Taxas de mortalidade  60 a 69 anos (por mil hab.)"
3544301,"Roseira",19.06779661,2022,"Longevidade",18.13,"Taxas de mortalidade  60 a 69 anos (por mil hab.)"
3544301,"Roseira",15.27907702,2024,"Longevidade",14.49,"Taxas de mortalidade  60 a 69 anos (por mil hab.)"
3544400,"Rubiácea",17.54385965,2014,"Longevidade",15.79,"Taxas de mortalidade  60 a 69 anos (por mil hab.)"
3544400,"Rubiácea",11.4379085,2016,"Longevidade",15.58,"Taxas de mortalidade  60 a 69 anos (por mil hab.)"
3544400,"Rubiácea",17.54385965,2018,"Longevidade",15.4,"Taxas de mortalidade  60 a 69 anos (por mil hab.)"
3544400,"Rubiácea",19.7869102,2020,"Longevidade",15.77,"Taxas de mortalidade  60 a 69 anos (por mil hab.)"
3544400,"Rubiácea",12.76595745,2022,"Longevidade",18.13,"Taxas de mortalidade  60 a 69 anos (por mil hab.)"
3544400,"Rubiácea",16.35220126,2024,"Longevidade",14.49,"Taxas de mortalidade  60 a 69 anos (por mil hab.)"
3544509,"Rubinéia",10.13171226,2014,"Longevidade",15.79,"Taxas de mortalidade  60 a 69 anos (por mil hab.)"
3544509,"Rubinéia",8.450704225,2016,"Longevidade",15.58,"Taxas de mortalidade  60 a 69 anos (por mil hab.)"
3544509,"Rubinéia",10.12891344,2018,"Longevidade",15.4,"Taxas de mortalidade  60 a 69 anos (por mil hab.)"
3544509,"Rubinéia",22.28163993,2020,"Longevidade",15.77,"Taxas de mortalidade  60 a 69 anos (por mil hab.)"
3544509,"Rubinéia",24.30555556,2022,"Longevidade",18.13,"Taxas de mortalidade  60 a 69 anos (por mil hab.)"
3544509,"Rubinéia",12.82051282,2024,"Longevidade",14.49,"Taxas de mortalidade  60 a 69 anos (por mil hab.)"
3544608,"Sabino",20.16129032,2014,"Longevidade",15.79,"Taxas de mortalidade  60 a 69 anos (por mil hab.)"
3544608,"Sabino",18.79699248,2016,"Longevidade",15.58,"Taxas de mortalidade  60 a 69 anos (por mil hab.)"
3544608,"Sabino",17.18845918,2018,"Longevidade",15.4,"Taxas de mortalidade  60 a 69 anos (por mil hab.)"
3544608,"Sabino",20.02355713,2020,"Longevidade",15.77,"Taxas de mortalidade  60 a 69 anos (por mil hab.)"
3544608,"Sabino",22.14650767,2022,"Longevidade",18.13,"Taxas de mortalidade  60 a 69 anos (por mil hab.)"
3544608,"Sabino",16.21621622,2024,"Longevidade",14.49,"Taxas de mortalidade  60 a 69 anos (por mil hab.)"
3544707,"Sagres",4.424778761,2014,"Longevidade",15.79,"Taxas de mortalidade  60 a 69 anos (por mil hab.)"
3544707,"Sagres",14.84480432,2016,"Longevidade",15.58,"Taxas de mortalidade  60 a 69 anos (por mil hab.)"
3544707,"Sagres",13.28021248,2018,"Longevidade",15.4,"Taxas de mortalidade  60 a 69 anos (por mil hab.)"
3544707,"Sagres",15.3256705,2020,"Longevidade",15.77,"Taxas de mortalidade  60 a 69 anos (por mil hab.)"
3544707,"Sagres",13.68159204,2022,"Longevidade",18.13,"Taxas de mortalidade  60 a 69 anos (por mil hab.)"
3544707,"Sagres",17.60176018,2024,"Longevidade",14.49,"Taxas de mortalidade  60 a 69 anos (por mil hab.)"
3544806,"Sales",17.77777778,2014,"Longevidade",15.79,"Taxas de mortalidade  60 a 69 anos (por mil hab.)"
3544806,"Sales",20.02355713,2016,"Longevidade",15.58,"Taxas de mortalidade  60 a 69 anos (por mil hab.)"
3544806,"Sales",21.91464821,2018,"Longevidade",15.4,"Taxas de mortalidade  60 a 69 anos (por mil hab.)"
3544806,"Sales",21.41680395,2020,"Longevidade",15.77,"Taxas de mortalidade  60 a 69 anos (por mil hab.)"
3544806,"Sales",25.92592593,2022,"Longevidade",18.13,"Taxas de mortalidade  60 a 69 anos (por mil hab.)"
3544806,"Sales",16.86401148,2024,"Longevidade",14.49,"Taxas de mortalidade  60 a 69 anos (por mil hab.)"
3544905,"Sales Oliveira",14.39393939,2014,"Longevidade",15.79,"Taxas de mortalidade  60 a 69 anos (por mil hab.)"
3544905,"Sales Oliveira",14.17004049,2016,"Longevidade",15.58,"Taxas de mortalidade  60 a 69 anos (por mil hab.)"
3544905,"Sales Oliveira",12.41830065,2018,"Longevidade",15.4,"Taxas de mortalidade  60 a 69 anos (por mil hab.)"
3544905,"Sales Oliveira",13.5301353,2020,"Longevidade",15.77,"Taxas de mortalidade  60 a 69 anos (por mil hab.)"
3544905,"Sales Oliveira",15.95590368,2022,"Longevidade",18.13,"Taxas de mortalidade  60 a 69 anos (por mil hab.)"
3544905,"Sales Oliveira",17.21311475,2024,"Longevidade",14.49,"Taxas de mortalidade  60 a 69 anos (por mil hab.)"
3545001,"Salesópolis",19.30279458,2014,"Longevidade",15.79,"Taxas de mortalidade  60 a 69 anos (por mil hab.)"
3545001,"Salesópolis",19.26163724,2016,"Longevidade",15.58,"Taxas de mortalidade  60 a 69 anos (por mil hab.)"
3545001,"Salesópolis",17.74993474,2018,"Longevidade",15.4,"Taxas de mortalidade  60 a 69 anos (por mil hab.)"
3545001,"Salesópolis",18.4079602,2020,"Longevidade",15.77,"Taxas de mortalidade  60 a 69 anos (por mil hab.)"
3545001,"Salesópolis",19.42883895,2022,"Longevidade",18.13,"Taxas de mortalidade  60 a 69 anos (por mil hab.)"
3545001,"Salesópolis",16.24083977,2024,"Longevidade",14.49,"Taxas de mortalidade  60 a 69 anos (por mil hab.)"
3545100,"Salmourão",23.46278317,2014,"Longevidade",15.79,"Taxas de mortalidade  60 a 69 anos (por mil hab.)"
3545100,"Salmourão",12.03912716,2016,"Longevidade",15.58,"Taxas de mortalidade  60 a 69 anos (por mil hab.)"
3545100,"Salmourão",13.98086829,2018,"Longevidade",15.4,"Taxas de mortalidade  60 a 69 anos (por mil hab.)"
3545100,"Salmourão",18.98734177,2020,"Longevidade",15.77,"Taxas de mortalidade  60 a 69 anos (por mil hab.)"
3545100,"Salmourão",28.57142857,2022,"Longevidade",18.13,"Taxas de mortalidade  60 a 69 anos (por mil hab.)"
3545100,"Salmourão",19.75780752,2024,"Longevidade",14.49,"Taxas de mortalidade  60 a 69 anos (por mil hab.)"
3545159,"Saltinho",10.70559611,2014,"Longevidade",15.79,"Taxas de mortalidade  60 a 69 anos (por mil hab.)"
3545159,"Saltinho",13.87082792,2016,"Longevidade",15.58,"Taxas de mortalidade  60 a 69 anos (por mil hab.)"
3545159,"Saltinho",15.30612245,2018,"Longevidade",15.4,"Taxas de mortalidade  60 a 69 anos (por mil hab.)"
3545159,"Saltinho",12.72577997,2020,"Longevidade",15.77,"Taxas de mortalidade  60 a 69 anos (por mil hab.)"
3545159,"Saltinho",17.64941837,2022,"Longevidade",18.13,"Taxas de mortalidade  60 a 69 anos (por mil hab.)"
3545159,"Saltinho",13.72756072,2024,"Longevidade",14.49,"Taxas de mortalidade  60 a 69 anos (por mil hab.)"
3545209,"Salto",16.70611165,2014,"Longevidade",15.79,"Taxas de mortalidade  60 a 69 anos (por mil hab.)"
3545209,"Salto",16.65863841,2016,"Longevidade",15.58,"Taxas de mortalidade  60 a 69 anos (por mil hab.)"
3545209,"Salto",15.65483009,2018,"Longevidade",15.4,"Taxas de mortalidade  60 a 69 anos (por mil hab.)"
3545209,"Salto",15.94714266,2020,"Longevidade",15.77,"Taxas de mortalidade  60 a 69 anos (por mil hab.)"
3545209,"Salto",20.42235711,2022,"Longevidade",18.13,"Taxas de mortalidade  60 a 69 anos (por mil hab.)"
3545209,"Salto",14.34625006,2024,"Longevidade",14.49,"Taxas de mortalidade  60 a 69 anos (por mil hab.)"
3545308,"Salto de Pirapora",19.8572066,2014,"Longevidade",15.79,"Taxas de mortalidade  60 a 69 anos (por mil hab.)"
3545308,"Salto de Pirapora",18.60231272,2016,"Longevidade",15.58,"Taxas de mortalidade  60 a 69 anos (por mil hab.)"
3545308,"Salto de Pirapora",18.75607386,2018,"Longevidade",15.4,"Taxas de mortalidade  60 a 69 anos (por mil hab.)"
3545308,"Salto de Pirapora",15.60940194,2020,"Longevidade",15.77,"Taxas de mortalidade  60 a 69 anos (por mil hab.)"
3545308,"Salto de Pirapora",21.99488491,2022,"Longevidade",18.13,"Taxas de mortalidade  60 a 69 anos (por mil hab.)"
3545308,"Salto de Pirapora",19.30758988,2024,"Longevidade",14.49,"Taxas de mortalidade  60 a 69 anos (por mil hab.)"
3545407,"Salto Grande",13.00390117,2014,"Longevidade",15.79,"Taxas de mortalidade  60 a 69 anos (por mil hab.)"
3545407,"Salto Grande",19.12901913,2016,"Longevidade",15.58,"Taxas de mortalidade  60 a 69 anos (por mil hab.)"
3545407,"Salto Grande",23.32127061,2018,"Longevidade",15.4,"Taxas de mortalidade  60 a 69 anos (por mil hab.)"
3545407,"Salto Grande",22.82565919,2020,"Longevidade",15.77,"Taxas de mortalidade  60 a 69 anos (por mil hab.)"
3545407,"Salto Grande",21.96531792,2022,"Longevidade",18.13,"Taxas de mortalidade  60 a 69 anos (por mil hab.)"
3545407,"Salto Grande",19.68376896,2024,"Longevidade",14.49,"Taxas de mortalidade  60 a 69 anos (por mil hab.)"
3545506,"Sandovalina",18.59799714,2014,"Longevidade",15.79,"Taxas de mortalidade  60 a 69 anos (por mil hab.)"
3545506,"Sandovalina",16.29072682,2016,"Longevidade",15.58,"Taxas de mortalidade  60 a 69 anos (por mil hab.)"
3545506,"Sandovalina",10.75268817,2018,"Longevidade",15.4,"Taxas de mortalidade  60 a 69 anos (por mil hab.)"
3545506,"Sandovalina",11.98257081,2020,"Longevidade",15.77,"Taxas de mortalidade  60 a 69 anos (por mil hab.)"
3545506,"Sandovalina",21.76063304,2022,"Longevidade",18.13,"Taxas de mortalidade  60 a 69 anos (por mil hab.)"
3545506,"Sandovalina",24.12868633,2024,"Longevidade",14.49,"Taxas de mortalidade  60 a 69 anos (por mil hab.)"
3545605,"Santa Adélia",15.33564815,2014,"Longevidade",15.79,"Taxas de mortalidade  60 a 69 anos (por mil hab.)"
3545605,"Santa Adélia",16.91779011,2016,"Longevidade",15.58,"Taxas de mortalidade  60 a 69 anos (por mil hab.)"
3545605,"Santa Adélia",15.65306646,2018,"Longevidade",15.4,"Taxas de mortalidade  60 a 69 anos (por mil hab.)"
3545605,"Santa Adélia",16.99441612,2020,"Longevidade",15.77,"Taxas de mortalidade  60 a 69 anos (por mil hab.)"
3545605,"Santa Adélia",18.1184669,2022,"Longevidade",18.13,"Taxas de mortalidade  60 a 69 anos (por mil hab.)"
3545605,"Santa Adélia",13.4795522,2024,"Longevidade",14.49,"Taxas de mortalidade  60 a 69 anos (por mil hab.)"
3545704,"Santa Albertina",20.09456265,2014,"Longevidade",15.79,"Taxas de mortalidade  60 a 69 anos (por mil hab.)"
3545704,"Santa Albertina",14.39645626,2016,"Longevidade",15.58,"Taxas de mortalidade  60 a 69 anos (por mil hab.)"
3545704,"Santa Albertina",17.17659689,2018,"Longevidade",15.4,"Taxas de mortalidade  60 a 69 anos (por mil hab.)"
3545704,"Santa Albertina",15.60926485,2020,"Longevidade",15.77,"Taxas de mortalidade  60 a 69 anos (por mil hab.)"
3545704,"Santa Albertina",18.86792453,2022,"Longevidade",18.13,"Taxas de mortalidade  60 a 69 anos (por mil hab.)"
3545704,"Santa Albertina",17.73049645,2024,"Longevidade",14.49,"Taxas de mortalidade  60 a 69 anos (por mil hab.)"
3545803,"Santa Bárbara d'Oeste",16.28498728,2014,"Longevidade",15.79,"Taxas de mortalidade  60 a 69 anos (por mil hab.)"
3545803,"Santa Bárbara d'Oeste",14.98608435,2016,"Longevidade",15.58,"Taxas de mortalidade  60 a 69 anos (por mil hab.)"
3545803,"Santa Bárbara d'Oeste",14.71840409,2018,"Longevidade",15.4,"Taxas de mortalidade  60 a 69 anos (por mil hab.)"
3545803,"Santa Bárbara d'Oeste",15.34764324,2020,"Longevidade",15.77,"Taxas de mortalidade  60 a 69 anos (por mil hab.)"
3545803,"Santa Bárbara d'Oeste",17.78692502,2022,"Longevidade",18.13,"Taxas de mortalidade  60 a 69 anos (por mil hab.)"
3545803,"Santa Bárbara d'Oeste",13.07313376,2024,"Longevidade",14.49,"Taxas de mortalidade  60 a 69 anos (por mil hab.)"
3546009,"Santa Branca",15.40740741,2014,"Longevidade",15.79,"Taxas de mortalidade  60 a 69 anos (por mil hab.)"
3546009,"Santa Branca",18.51851852,2016,"Longevidade",15.58,"Taxas de mortalidade  60 a 69 anos (por mil hab.)"
3546009,"Santa Branca",17.76717051,2018,"Longevidade",15.4,"Taxas de mortalidade  60 a 69 anos (por mil hab.)"
3546009,"Santa Branca",14.65756887,2020,"Longevidade",15.77,"Taxas de mortalidade  60 a 69 anos (por mil hab.)"
3546009,"Santa Branca",19.12960306,2022,"Longevidade",18.13,"Taxas de mortalidade  60 a 69 anos (por mil hab.)"
3546009,"Santa Branca",15.27777778,2024,"Longevidade",14.49,"Taxas de mortalidade  60 a 69 anos (por mil hab.)"
3546108,"Santa Clara d'Oeste",19.51219512,2014,"Longevidade",15.79,"Taxas de mortalidade  60 a 69 anos (por mil hab.)"
3546108,"Santa Clara d'Oeste",19.1740413,2016,"Longevidade",15.58,"Taxas de mortalidade  60 a 69 anos (por mil hab.)"
3546108,"Santa Clara d'Oeste",20.37845706,2018,"Longevidade",15.4,"Taxas de mortalidade  60 a 69 anos (por mil hab.)"
3546108,"Santa Clara d'Oeste",9.845288326,2020,"Longevidade",15.77,"Taxas de mortalidade  60 a 69 anos (por mil hab.)"
3546108,"Santa Clara d'Oeste",25,2022,"Longevidade",18.13,"Taxas de mortalidade  60 a 69 anos (por mil hab.)"
3546108,"Santa Clara d'Oeste",19.16932907,2024,"Longevidade",14.49,"Taxas de mortalidade  60 a 69 anos (por mil hab.)"
3546207,"Santa Cruz da Conceição",9.830205541,2014,"Longevidade",15.79,"Taxas de mortalidade  60 a 69 anos (por mil hab.)"
3546207,"Santa Cruz da Conceição",8.169934641,2016,"Longevidade",15.58,"Taxas de mortalidade  60 a 69 anos (por mil hab.)"
3546207,"Santa Cruz da Conceição",7.955449483,2018,"Longevidade",15.4,"Taxas de mortalidade  60 a 69 anos (por mil hab.)"
3546207,"Santa Cruz da Conceição",9.070294785,2020,"Longevidade",15.77,"Taxas de mortalidade  60 a 69 anos (por mil hab.)"
3546207,"Santa Cruz da Conceição",18.11594203,2022,"Longevidade",18.13,"Taxas de mortalidade  60 a 69 anos (por mil hab.)"
3546207,"Santa Cruz da Conceição",12.16141515,2024,"Longevidade",14.49,"Taxas de mortalidade  60 a 69 anos (por mil hab.)"
3546256,"Santa Cruz da Esperança",7.448789572,2014,"Longevidade",15.79,"Taxas de mortalidade  60 a 69 anos (por mil hab.)"
3546256,"Santa Cruz da Esperança",14.98127341,2016,"Longevidade",15.58,"Taxas de mortalidade  60 a 69 anos (por mil hab.)"
3546256,"Santa Cruz da Esperança",9.310986965,2018,"Longevidade",15.4,"Taxas de mortalidade  60 a 69 anos (por mil hab.)"
3546256,"Santa Cruz da Esperança",7.366482505,2020,"Longevidade",15.77,"Taxas de mortalidade  60 a 69 anos (por mil hab.)"
3546256,"Santa Cruz da Esperança",23.29749104,2022,"Longevidade",18.13,"Taxas de mortalidade  60 a 69 anos (por mil hab.)"
3546256,"Santa Cruz da Esperança",13.5501355,2024,"Longevidade",14.49,"Taxas de mortalidade  60 a 69 anos (por mil hab.)"
3546306,"Santa Cruz das Palmeiras",15.22513767,2014,"Longevidade",15.79,"Taxas de mortalidade  60 a 69 anos (por mil hab.)"
3546306,"Santa Cruz das Palmeiras",16.5443821,2016,"Longevidade",15.58,"Taxas de mortalidade  60 a 69 anos (por mil hab.)"
3546306,"Santa Cruz das Palmeiras",17.99557032,2018,"Longevidade",15.4,"Taxas de mortalidade  60 a 69 anos (por mil hab.)"
3546306,"Santa Cruz das Palmeiras",19.26782274,2020,"Longevidade",15.77,"Taxas de mortalidade  60 a 69 anos (por mil hab.)"
3546306,"Santa Cruz das Palmeiras",18.34532374,2022,"Longevidade",18.13,"Taxas de mortalidade  60 a 69 anos (por mil hab.)"
3546306,"Santa Cruz das Palmeiras",14.17450912,2024,"Longevidade",14.49,"Taxas de mortalidade  60 a 69 anos (por mil hab.)"
3546405,"Santa Cruz do Rio Pardo",14.85458613,2014,"Longevidade",15.79,"Taxas de mortalidade  60 a 69 anos (por mil hab.)"
3546405,"Santa Cruz do Rio Pardo",14.69622332,2016,"Longevidade",15.58,"Taxas de mortalidade  60 a 69 anos (por mil hab.)"
3546405,"Santa Cruz do Rio Pardo",15.12605042,2018,"Longevidade",15.4,"Taxas de mortalidade  60 a 69 anos (por mil hab.)"
3546405,"Santa Cruz do Rio Pardo",15.28284672,2020,"Longevidade",15.77,"Taxas de mortalidade  60 a 69 anos (por mil hab.)"
3546405,"Santa Cruz do Rio Pardo",18.90071692,2022,"Longevidade",18.13,"Taxas de mortalidade  60 a 69 anos (por mil hab.)"
3546405,"Santa Cruz do Rio Pardo",15.47348876,2024,"Longevidade",14.49,"Taxas de mortalidade  60 a 69 anos (por mil hab.)"
3546504,"Santa Ernestina",19.07630522,2014,"Longevidade",15.79,"Taxas de mortalidade  60 a 69 anos (por mil hab.)"
3546504,"Santa Ernestina",17.21014493,2016,"Longevidade",15.58,"Taxas de mortalidade  60 a 69 anos (por mil hab.)"
3546504,"Santa Ernestina",17.68346596,2018,"Longevidade",15.4,"Taxas de mortalidade  60 a 69 anos (por mil hab.)"
3546504,"Santa Ernestina",13.26699834,2020,"Longevidade",15.77,"Taxas de mortalidade  60 a 69 anos (por mil hab.)"
3546504,"Santa Ernestina",14.62663587,2022,"Longevidade",18.13,"Taxas de mortalidade  60 a 69 anos (por mil hab.)"
3546504,"Santa Ernestina",16.84717208,2024,"Longevidade",14.49,"Taxas de mortalidade  60 a 69 anos (por mil hab.)"
3546603,"Santa Fé do Sul",16.24293785,2014,"Longevidade",15.79,"Taxas de mortalidade  60 a 69 anos (por mil hab.)"
3546603,"Santa Fé do Sul",14.69450889,2016,"Longevidade",15.58,"Taxas de mortalidade  60 a 69 anos (por mil hab.)"
3546603,"Santa Fé do Sul",16.48232488,2018,"Longevidade",15.4,"Taxas de mortalidade  60 a 69 anos (por mil hab.)"
3546603,"Santa Fé do Sul",19.24484887,2020,"Longevidade",15.77,"Taxas de mortalidade  60 a 69 anos (por mil hab.)"
3546603,"Santa Fé do Sul",21.58634538,2022,"Longevidade",18.13,"Taxas de mortalidade  60 a 69 anos (por mil hab.)"
3546603,"Santa Fé do Sul",15.55954518,2024,"Longevidade",14.49,"Taxas de mortalidade  60 a 69 anos (por mil hab.)"
3546702,"Santa Gertrudes",13.72212693,2014,"Longevidade",15.79,"Taxas de mortalidade  60 a 69 anos (por mil hab.)"
3546702,"Santa Gertrudes",17.00425106,2016,"Longevidade",15.58,"Taxas de mortalidade  60 a 69 anos (por mil hab.)"
3546702,"Santa Gertrudes",16.91684537,2018,"Longevidade",15.4,"Taxas de mortalidade  60 a 69 anos (por mil hab.)"
3546702,"Santa Gertrudes",15.01305483,2020,"Longevidade",15.77,"Taxas de mortalidade  60 a 69 anos (por mil hab.)"
3546702,"Santa Gertrudes",18.35405565,2022,"Longevidade",18.13,"Taxas de mortalidade  60 a 69 anos (por mil hab.)"
3546702,"Santa Gertrudes",16.98262243,2024,"Longevidade",14.49,"Taxas de mortalidade  60 a 69 anos (por mil hab.)"
3546801,"Santa Isabel",18.42684268,2014,"Longevidade",15.79,"Taxas de mortalidade  60 a 69 anos (por mil hab.)"
3546801,"Santa Isabel",17.25528141,2016,"Longevidade",15.58,"Taxas de mortalidade  60 a 69 anos (por mil hab.)"
3546801,"Santa Isabel",17.5848117,2018,"Longevidade",15.4,"Taxas de mortalidade  60 a 69 anos (por mil hab.)"
3546801,"Santa Isabel",17.75748351,2020,"Longevidade",15.77,"Taxas de mortalidade  60 a 69 anos (por mil hab.)"
3546801,"Santa Isabel",20.27442146,2022,"Longevidade",18.13,"Taxas de mortalidade  60 a 69 anos (por mil hab.)"
3546801,"Santa Isabel",15.89347079,2024,"Longevidade",14.49,"Taxas de mortalidade  60 a 69 anos (por mil hab.)"
3546900,"Santa Lúcia",17.36806947,2014,"Longevidade",15.79,"Taxas de mortalidade  60 a 69 anos (por mil hab.)"
3546900,"Santa Lúcia",17.85714286,2016,"Longevidade",15.58,"Taxas de mortalidade  60 a 69 anos (por mil hab.)"
3546900,"Santa Lúcia",15.90005679,2018,"Longevidade",15.4,"Taxas de mortalidade  60 a 69 anos (por mil hab.)"
3546900,"Santa Lúcia",16.58890617,2020,"Longevidade",15.77,"Taxas de mortalidade  60 a 69 anos (por mil hab.)"
3546900,"Santa Lúcia",12.43424199,2022,"Longevidade",18.13,"Taxas de mortalidade  60 a 69 anos (por mil hab.)"
3546900,"Santa Lúcia",14.33691756,2024,"Longevidade",14.49,"Taxas de mortalidade  60 a 69 anos (por mil hab.)"
3547007,"Santa Maria da Serra",17.24137931,2014,"Longevidade",15.79,"Taxas de mortalidade  60 a 69 anos (por mil hab.)"
3547007,"Santa Maria da Serra",14.99118166,2016,"Longevidade",15.58,"Taxas de mortalidade  60 a 69 anos (por mil hab.)"
3547007,"Santa Maria da Serra",19.4092827,2018,"Longevidade",15.4,"Taxas de mortalidade  60 a 69 anos (por mil hab.)"
3547007,"Santa Maria da Serra",17.05426357,2020,"Longevidade",15.77,"Taxas de mortalidade  60 a 69 anos (por mil hab.)"
3547007,"Santa Maria da Serra",15.60283688,2022,"Longevidade",18.13,"Taxas de mortalidade  60 a 69 anos (por mil hab.)"
3547007,"Santa Maria da Serra",15.87301587,2024,"Longevidade",14.49,"Taxas de mortalidade  60 a 69 anos (por mil hab.)"
3547106,"Santa Mercedes",15.64945227,2014,"Longevidade",15.79,"Taxas de mortalidade  60 a 69 anos (por mil hab.)"
3547106,"Santa Mercedes",18.09954751,2016,"Longevidade",15.58,"Taxas de mortalidade  60 a 69 anos (por mil hab.)"
3547106,"Santa Mercedes",17.54385965,2018,"Longevidade",15.4,"Taxas de mortalidade  60 a 69 anos (por mil hab.)"
3547106,"Santa Mercedes",22.03856749,2020,"Longevidade",15.77,"Taxas de mortalidade  60 a 69 anos (por mil hab.)"
3547106,"Santa Mercedes",24.26564496,2022,"Longevidade",18.13,"Taxas de mortalidade  60 a 69 anos (por mil hab.)"
3547106,"Santa Mercedes",16.91542289,2024,"Longevidade",14.49,"Taxas de mortalidade  60 a 69 anos (por mil hab.)"
3547205,"Santana da Ponte Pensa",5,2014,"Longevidade",15.79,"Taxas de mortalidade  60 a 69 anos (por mil hab.)"
3547205,"Santana da Ponte Pensa",11.38211382,2016,"Longevidade",15.58,"Taxas de mortalidade  60 a 69 anos (por mil hab.)"
3547205,"Santana da Ponte Pensa",14.49275362,2018,"Longevidade",15.4,"Taxas de mortalidade  60 a 69 anos (por mil hab.)"
3547205,"Santana da Ponte Pensa",10.90342679,2020,"Longevidade",15.77,"Taxas de mortalidade  60 a 69 anos (por mil hab.)"
3547205,"Santana da Ponte Pensa",21.50537634,2022,"Longevidade",18.13,"Taxas de mortalidade  60 a 69 anos (por mil hab.)"
3547205,"Santana da Ponte Pensa",11.27819549,2024,"Longevidade",14.49,"Taxas de mortalidade  60 a 69 anos (por mil hab.)"
3547304,"Santana de Parnaíba",13.76757957,2014,"Longevidade",15.79,"Taxas de mortalidade  60 a 69 anos (por mil hab.)"
3547304,"Santana de Parnaíba",12.6423243,2016,"Longevidade",15.58,"Taxas de mortalidade  60 a 69 anos (por mil hab.)"
3547304,"Santana de Parnaíba",13.22692677,2018,"Longevidade",15.4,"Taxas de mortalidade  60 a 69 anos (por mil hab.)"
3547304,"Santana de Parnaíba",14.37741534,2020,"Longevidade",15.77,"Taxas de mortalidade  60 a 69 anos (por mil hab.)"
3547304,"Santana de Parnaíba",15.16226281,2022,"Longevidade",18.13,"Taxas de mortalidade  60 a 69 anos (por mil hab.)"
3547304,"Santana de Parnaíba",10.4605085,2024,"Longevidade",14.49,"Taxas de mortalidade  60 a 69 anos (por mil hab.)"
3547403,"Santa Rita d'Oeste",12.94498382,2014,"Longevidade",15.79,"Taxas de mortalidade  60 a 69 anos (por mil hab.)"
3547403,"Santa Rita d'Oeste",8.1799591,2016,"Longevidade",15.58,"Taxas de mortalidade  60 a 69 anos (por mil hab.)"
3547403,"Santa Rita d'Oeste",6.060606061,2018,"Longevidade",15.4,"Taxas de mortalidade  60 a 69 anos (por mil hab.)"
3547403,"Santa Rita d'Oeste",9.891196835,2020,"Longevidade",15.77,"Taxas de mortalidade  60 a 69 anos (por mil hab.)"
3547403,"Santa Rita d'Oeste",15.68627451,2022,"Longevidade",18.13,"Taxas de mortalidade  60 a 69 anos (por mil hab.)"
3547403,"Santa Rita d'Oeste",6.768189509,2024,"Longevidade",14.49,"Taxas de mortalidade  60 a 69 anos (por mil hab.)"
3547502,"Santa Rita do Passa Quatro",15.06447083,2014,"Longevidade",15.79,"Taxas de mortalidade  60 a 69 anos (por mil hab.)"
3547502,"Santa Rita do Passa Quatro",17.331434,2016,"Longevidade",15.58,"Taxas de mortalidade  60 a 69 anos (por mil hab.)"
3547502,"Santa Rita do Passa Quatro",15.56872313,2018,"Longevidade",15.4,"Taxas de mortalidade  60 a 69 anos (por mil hab.)"
3547502,"Santa Rita do Passa Quatro",14.48306595,2020,"Longevidade",15.77,"Taxas de mortalidade  60 a 69 anos (por mil hab.)"
3547502,"Santa Rita do Passa Quatro",15.65851566,2022,"Longevidade",18.13,"Taxas de mortalidade  60 a 69 anos (por mil hab.)"
3547502,"Santa Rita do Passa Quatro",15.2578578,2024,"Longevidade",14.49,"Taxas de mortalidade  60 a 69 anos (por mil hab.)"
3547601,"Santa Rosa de Viterbo",15.02445842,2014,"Longevidade",15.79,"Taxas de mortalidade  60 a 69 anos (por mil hab.)"
3547601,"Santa Rosa de Viterbo",17.11057304,2016,"Longevidade",15.58,"Taxas de mortalidade  60 a 69 anos (por mil hab.)"
3547601,"Santa Rosa de Viterbo",15.91015442,2018,"Longevidade",15.4,"Taxas de mortalidade  60 a 69 anos (por mil hab.)"
3547601,"Santa Rosa de Viterbo",14.9057431,2020,"Longevidade",15.77,"Taxas de mortalidade  60 a 69 anos (por mil hab.)"
3547601,"Santa Rosa de Viterbo",19.25440393,2022,"Longevidade",18.13,"Taxas de mortalidade  60 a 69 anos (por mil hab.)"
3547601,"Santa Rosa de Viterbo",14.45449975,2024,"Longevidade",14.49,"Taxas de mortalidade  60 a 69 anos (por mil hab.)"
3547650,"Santa Salete",9.633911368,2014,"Longevidade",15.79,"Taxas de mortalidade  60 a 69 anos (por mil hab.)"
3547650,"Santa Salete",8.771929825,2016,"Longevidade",15.58,"Taxas de mortalidade  60 a 69 anos (por mil hab.)"
3547650,"Santa Salete",15.87301587,2018,"Longevidade",15.4,"Taxas de mortalidade  60 a 69 anos (por mil hab.)"
3547650,"Santa Salete",15.95744681,2020,"Longevidade",15.77,"Taxas de mortalidade  60 a 69 anos (por mil hab.)"
3547650,"Santa Salete",14.41441441,2022,"Longevidade",18.13,"Taxas de mortalidade  60 a 69 anos (por mil hab.)"
3547650,"Santa Salete",14.28571429,2024,"Longevidade",14.49,"Taxas de mortalidade  60 a 69 anos (por mil hab.)"
3547700,"Santo Anastácio",15.19468186,2014,"Longevidade",15.79,"Taxas de mortalidade  60 a 69 anos (por mil hab.)"
3547700,"Santo Anastácio",16.33986928,2016,"Longevidade",15.58,"Taxas de mortalidade  60 a 69 anos (por mil hab.)"
3547700,"Santo Anastácio",17.37588652,2018,"Longevidade",15.4,"Taxas de mortalidade  60 a 69 anos (por mil hab.)"
3547700,"Santo Anastácio",15.40545116,2020,"Longevidade",15.77,"Taxas de mortalidade  60 a 69 anos (por mil hab.)"
3547700,"Santo Anastácio",17.11452335,2022,"Longevidade",18.13,"Taxas de mortalidade  60 a 69 anos (por mil hab.)"
3547700,"Santo Anastácio",13.97490869,2024,"Longevidade",14.49,"Taxas de mortalidade  60 a 69 anos (por mil hab.)"
3547809,"Santo André",14.70251647,2014,"Longevidade",15.79,"Taxas de mortalidade  60 a 69 anos (por mil hab.)"
3547809,"Santo André",15.47116737,2016,"Longevidade",15.58,"Taxas de mortalidade  60 a 69 anos (por mil hab.)"
3547809,"Santo André",15.73424741,2018,"Longevidade",15.4,"Taxas de mortalidade  60 a 69 anos (por mil hab.)"
3547809,"Santo André",16.135467,2020,"Longevidade",15.77,"Taxas de mortalidade  60 a 69 anos (por mil hab.)"
3547809,"Santo André",17.77179778,2022,"Longevidade",18.13,"Taxas de mortalidade  60 a 69 anos (por mil hab.)"
3547809,"Santo André",13.5561279,2024,"Longevidade",14.49,"Taxas de mortalidade  60 a 69 anos (por mil hab.)"
3547908,"Santo Antônio da Alegria",21.88552189,2014,"Longevidade",15.79,"Taxas de mortalidade  60 a 69 anos (por mil hab.)"
3547908,"Santo Antônio da Alegria",15.08060322,2016,"Longevidade",15.58,"Taxas de mortalidade  60 a 69 anos (por mil hab.)"
3547908,"Santo Antônio da Alegria",12.87995878,2018,"Longevidade",15.4,"Taxas de mortalidade  60 a 69 anos (por mil hab.)"
3547908,"Santo Antônio da Alegria",14.62430661,2020,"Longevidade",15.77,"Taxas de mortalidade  60 a 69 anos (por mil hab.)"
3547908,"Santo Antônio da Alegria",18.29871414,2022,"Longevidade",18.13,"Taxas de mortalidade  60 a 69 anos (por mil hab.)"
3547908,"Santo Antônio da Alegria",13.73737374,2024,"Longevidade",14.49,"Taxas de mortalidade  60 a 69 anos (por mil hab.)"
3548005,"Santo Antônio de Posse",19.62227128,2014,"Longevidade",15.79,"Taxas de mortalidade  60 a 69 anos (por mil hab.)"
3548005,"Santo Antônio de Posse",14.52060645,2016,"Longevidade",15.58,"Taxas de mortalidade  60 a 69 anos (por mil hab.)"
3548005,"Santo Antônio de Posse",15.31862745,2018,"Longevidade",15.4,"Taxas de mortalidade  60 a 69 anos (por mil hab.)"
3548005,"Santo Antônio de Posse",14.2242186,2020,"Longevidade",15.77,"Taxas de mortalidade  60 a 69 anos (por mil hab.)"
3548005,"Santo Antônio de Posse",18.57638889,2022,"Longevidade",18.13,"Taxas de mortalidade  60 a 69 anos (por mil hab.)"
3548005,"Santo Antônio de Posse",13.88888889,2024,"Longevidade",14.49,"Taxas de mortalidade  60 a 69 anos (por mil hab.)"
3548054,"Santo Antônio do Aracanguá",15.65217391,2014,"Longevidade",15.79,"Taxas de mortalidade  60 a 69 anos (por mil hab.)"
3548054,"Santo Antônio do Aracanguá",16.46090535,2016,"Longevidade",15.58,"Taxas de mortalidade  60 a 69 anos (por mil hab.)"
3548054,"Santo Antônio do Aracanguá",15.992004,2018,"Longevidade",15.4,"Taxas de mortalidade  60 a 69 anos (por mil hab.)"
3548054,"Santo Antônio do Aracanguá",16.52502361,2020,"Longevidade",15.77,"Taxas de mortalidade  60 a 69 anos (por mil hab.)"
3548054,"Santo Antônio do Aracanguá",18.44532279,2022,"Longevidade",18.13,"Taxas de mortalidade  60 a 69 anos (por mil hab.)"
3548054,"Santo Antônio do Aracanguá",13.75559821,2024,"Longevidade",14.49,"Taxas de mortalidade  60 a 69 anos (por mil hab.)"
3548104,"Santo Antônio do Jardim",9.652509653,2014,"Longevidade",15.79,"Taxas de mortalidade  60 a 69 anos (por mil hab.)"
3548104,"Santo Antônio do Jardim",11.65501166,2016,"Longevidade",15.58,"Taxas de mortalidade  60 a 69 anos (por mil hab.)"
3548104,"Santo Antônio do Jardim",12.45048104,2018,"Longevidade",15.4,"Taxas de mortalidade  60 a 69 anos (por mil hab.)"
3548104,"Santo Antônio do Jardim",13.31203408,2020,"Longevidade",15.77,"Taxas de mortalidade  60 a 69 anos (por mil hab.)"
3548104,"Santo Antônio do Jardim",15.3609831,2022,"Longevidade",18.13,"Taxas de mortalidade  60 a 69 anos (por mil hab.)"
3548104,"Santo Antônio do Jardim",17.77777778,2024,"Longevidade",14.49,"Taxas de mortalidade  60 a 69 anos (por mil hab.)"
3548203,"Santo Antônio do Pinhal",19.69365427,2014,"Longevidade",15.79,"Taxas de mortalidade  60 a 69 anos (por mil hab.)"
3548203,"Santo Antônio do Pinhal",12.60504202,2016,"Longevidade",15.58,"Taxas de mortalidade  60 a 69 anos (por mil hab.)"
3548203,"Santo Antônio do Pinhal",12.71753681,2018,"Longevidade",15.4,"Taxas de mortalidade  60 a 69 anos (por mil hab.)"
3548203,"Santo Antônio do Pinhal",15.34683855,2020,"Longevidade",15.77,"Taxas de mortalidade  60 a 69 anos (por mil hab.)"
3548203,"Santo Antônio do Pinhal",17.80745687,2022,"Longevidade",18.13,"Taxas de mortalidade  60 a 69 anos (por mil hab.)"
3548203,"Santo Antônio do Pinhal",13.18944844,2024,"Longevidade",14.49,"Taxas de mortalidade  60 a 69 anos (por mil hab.)"
3548302,"Santo Expedito",14.04853129,2014,"Longevidade",15.79,"Taxas de mortalidade  60 a 69 anos (por mil hab.)"
3548302,"Santo Expedito",11.32075472,2016,"Longevidade",15.58,"Taxas de mortalidade  60 a 69 anos (por mil hab.)"
3548302,"Santo Expedito",11.11111111,2018,"Longevidade",15.4,"Taxas de mortalidade  60 a 69 anos (por mil hab.)"
3548302,"Santo Expedito",15.36643026,2020,"Longevidade",15.77,"Taxas de mortalidade  60 a 69 anos (por mil hab.)"
3548302,"Santo Expedito",21.25279642,2022,"Longevidade",18.13,"Taxas de mortalidade  60 a 69 anos (por mil hab.)"
3548302,"Santo Expedito",13.29787234,2024,"Longevidade",14.49,"Taxas de mortalidade  60 a 69 anos (por mil hab.)"
3548401,"Santópolis do Aguapeí",17.36111111,2014,"Longevidade",15.79,"Taxas de mortalidade  60 a 69 anos (por mil hab.)"
3548401,"Santópolis do Aguapeí",16.93121693,2016,"Longevidade",15.58,"Taxas de mortalidade  60 a 69 anos (por mil hab.)"
3548401,"Santópolis do Aguapeí",15.06024096,2018,"Longevidade",15.4,"Taxas de mortalidade  60 a 69 anos (por mil hab.)"
3548401,"Santópolis do Aguapeí",18.11594203,2020,"Longevidade",15.77,"Taxas de mortalidade  60 a 69 anos (por mil hab.)"
3548401,"Santópolis do Aguapeí",23.56902357,2022,"Longevidade",18.13,"Taxas de mortalidade  60 a 69 anos (por mil hab.)"
3548401,"Santópolis do Aguapeí",12.60835303,2024,"Longevidade",14.49,"Taxas de mortalidade  60 a 69 anos (por mil hab.)"
3548500,"Santos",15.57261127,2014,"Longevidade",15.79,"Taxas de mortalidade  60 a 69 anos (por mil hab.)"
3548500,"Santos",14.74939346,2016,"Longevidade",15.58,"Taxas de mortalidade  60 a 69 anos (por mil hab.)"
3548500,"Santos",14.64636592,2018,"Longevidade",15.4,"Taxas de mortalidade  60 a 69 anos (por mil hab.)"
3548500,"Santos",15.21493173,2020,"Longevidade",15.77,"Taxas de mortalidade  60 a 69 anos (por mil hab.)"
3548500,"Santos",17.40747454,2022,"Longevidade",18.13,"Taxas de mortalidade  60 a 69 anos (por mil hab.)"
3548500,"Santos",13.9425099,2024,"Longevidade",14.49,"Taxas de mortalidade  60 a 69 anos (por mil hab.)"
3548609,"São Bento do Sapucaí",13.29022989,2014,"Longevidade",15.79,"Taxas de mortalidade  60 a 69 anos (por mil hab.)"
3548609,"São Bento do Sapucaí",14.73107229,2016,"Longevidade",15.58,"Taxas de mortalidade  60 a 69 anos (por mil hab.)"
3548609,"São Bento do Sapucaí",16.39892905,2018,"Longevidade",15.4,"Taxas de mortalidade  60 a 69 anos (por mil hab.)"
3548609,"São Bento do Sapucaí",14.743589740000001,2020,"Longevidade",15.77,"Taxas de mortalidade  60 a 69 anos (por mil hab.)"
3548609,"São Bento do Sapucaí",18.78787879,2022,"Longevidade",18.13,"Taxas de mortalidade  60 a 69 anos (por mil hab.)"
3548609,"São Bento do Sapucaí",11.82355616,2024,"Longevidade",14.49,"Taxas de mortalidade  60 a 69 anos (por mil hab.)"
3548708,"São Bernardo do Campo",13.60469246,2014,"Longevidade",15.79,"Taxas de mortalidade  60 a 69 anos (por mil hab.)"
3548708,"São Bernardo do Campo",13.71611352,2016,"Longevidade",15.58,"Taxas de mortalidade  60 a 69 anos (por mil hab.)"
3548708,"São Bernardo do Campo",13.7186134,2018,"Longevidade",15.4,"Taxas de mortalidade  60 a 69 anos (por mil hab.)"
3548708,"São Bernardo do Campo",14.2135216,2020,"Longevidade",15.77,"Taxas de mortalidade  60 a 69 anos (por mil hab.)"
3548708,"São Bernardo do Campo",16.26389381,2022,"Longevidade",18.13,"Taxas de mortalidade  60 a 69 anos (por mil hab.)"
3548708,"São Bernardo do Campo",12.33639722,2024,"Longevidade",14.49,"Taxas de mortalidade  60 a 69 anos (por mil hab.)"
3548807,"São Caetano do Sul",12.86456957,2014,"Longevidade",15.79,"Taxas de mortalidade  60 a 69 anos (por mil hab.)"
3548807,"São Caetano do Sul",14.04466,2016,"Longevidade",15.58,"Taxas de mortalidade  60 a 69 anos (por mil hab.)"
3548807,"São Caetano do Sul",13.88560624,2018,"Longevidade",15.4,"Taxas de mortalidade  60 a 69 anos (por mil hab.)"
3548807,"São Caetano do Sul",14.83229395,2020,"Longevidade",15.77,"Taxas de mortalidade  60 a 69 anos (por mil hab.)"
3548807,"São Caetano do Sul",16.7658677,2022,"Longevidade",18.13,"Taxas de mortalidade  60 a 69 anos (por mil hab.)"
3548807,"São Caetano do Sul",12.58883582,2024,"Longevidade",14.49,"Taxas de mortalidade  60 a 69 anos (por mil hab.)"
3548906,"São Carlos",15.17754868,2014,"Longevidade",15.79,"Taxas de mortalidade  60 a 69 anos (por mil hab.)"
3548906,"São Carlos",14.10545667,2016,"Longevidade",15.58,"Taxas de mortalidade  60 a 69 anos (por mil hab.)"
3548906,"São Carlos",14.13245969,2018,"Longevidade",15.4,"Taxas de mortalidade  60 a 69 anos (por mil hab.)"
3548906,"São Carlos",13.76269375,2020,"Longevidade",15.77,"Taxas de mortalidade  60 a 69 anos (por mil hab.)"
3548906,"São Carlos",16.10620942,2022,"Longevidade",18.13,"Taxas de mortalidade  60 a 69 anos (por mil hab.)"
3548906,"São Carlos",13.4035726,2024,"Longevidade",14.49,"Taxas de mortalidade  60 a 69 anos (por mil hab.)"
3549003,"São Francisco",13.74570447,2014,"Longevidade",15.79,"Taxas de mortalidade  60 a 69 anos (por mil hab.)"
3549003,"São Francisco",17.00680272,2016,"Longevidade",15.58,"Taxas de mortalidade  60 a 69 anos (por mil hab.)"
3549003,"São Francisco",13.60544218,2018,"Longevidade",15.4,"Taxas de mortalidade  60 a 69 anos (por mil hab.)"
3549003,"São Francisco",7.85634119,2020,"Longevidade",15.77,"Taxas de mortalidade  60 a 69 anos (por mil hab.)"
3549003,"São Francisco",15.55555556,2022,"Longevidade",18.13,"Taxas de mortalidade  60 a 69 anos (por mil hab.)"
3549003,"São Francisco",14.70588235,2024,"Longevidade",14.49,"Taxas de mortalidade  60 a 69 anos (por mil hab.)"
3549102,"São João da Boa Vista",18.41085271,2014,"Longevidade",15.79,"Taxas de mortalidade  60 a 69 anos (por mil hab.)"
3549102,"São João da Boa Vista",18.12713715,2016,"Longevidade",15.58,"Taxas de mortalidade  60 a 69 anos (por mil hab.)"
3549102,"São João da Boa Vista",17.61711604,2018,"Longevidade",15.4,"Taxas de mortalidade  60 a 69 anos (por mil hab.)"
3549102,"São João da Boa Vista",17.1748646,2020,"Longevidade",15.77,"Taxas de mortalidade  60 a 69 anos (por mil hab.)"
3549102,"São João da Boa Vista",18.64483856,2022,"Longevidade",18.13,"Taxas de mortalidade  60 a 69 anos (por mil hab.)"
3549102,"São João da Boa Vista",15.43064084,2024,"Longevidade",14.49,"Taxas de mortalidade  60 a 69 anos (por mil hab.)"
3549201,"São João das Duas Pontes",15.22070015,2014,"Longevidade",15.79,"Taxas de mortalidade  60 a 69 anos (por mil hab.)"
3549201,"São João das Duas Pontes",7.54147813,2016,"Longevidade",15.58,"Taxas de mortalidade  60 a 69 anos (por mil hab.)"
3549201,"São João das Duas Pontes",11.9047619,2018,"Longevidade",15.4,"Taxas de mortalidade  60 a 69 anos (por mil hab.)"
3549201,"São João das Duas Pontes",16.94915254,2020,"Longevidade",15.77,"Taxas de mortalidade  60 a 69 anos (por mil hab.)"
3549201,"São João das Duas Pontes",16.79586563,2022,"Longevidade",18.13,"Taxas de mortalidade  60 a 69 anos (por mil hab.)"
3549201,"São João das Duas Pontes",16.44736842,2024,"Longevidade",14.49,"Taxas de mortalidade  60 a 69 anos (por mil hab.)"
3549250,"São João de Iracema",9.310986965,2014,"Longevidade",15.79,"Taxas de mortalidade  60 a 69 anos (por mil hab.)"
3549250,"São João de Iracema",14.03508772,2016,"Longevidade",15.58,"Taxas de mortalidade  60 a 69 anos (por mil hab.)"
3549250,"São João de Iracema",15.87301587,2018,"Longevidade",15.4,"Taxas de mortalidade  60 a 69 anos (por mil hab.)"
3549250,"São João de Iracema",16.04278075,2020,"Longevidade",15.77,"Taxas de mortalidade  60 a 69 anos (por mil hab.)"
3549250,"São João de Iracema",17.6366843,2022,"Longevidade",18.13,"Taxas de mortalidade  60 a 69 anos (por mil hab.)"
3549250,"São João de Iracema",4.95049505,2024,"Longevidade",14.49,"Taxas de mortalidade  60 a 69 anos (por mil hab.)"
3549300,"São João do Pau d'Alho",12.82051282,2014,"Longevidade",15.79,"Taxas de mortalidade  60 a 69 anos (por mil hab.)"
3549300,"São João do Pau d'Alho",8.438818565,2016,"Longevidade",15.58,"Taxas de mortalidade  60 a 69 anos (por mil hab.)"
3549300,"São João do Pau d'Alho",12.44813278,2018,"Longevidade",15.4,"Taxas de mortalidade  60 a 69 anos (por mil hab.)"
3549300,"São João do Pau d'Alho",6.720430108,2020,"Longevidade",15.77,"Taxas de mortalidade  60 a 69 anos (por mil hab.)"
3549300,"São João do Pau d'Alho",12.97016861,2022,"Longevidade",18.13,"Taxas de mortalidade  60 a 69 anos (por mil hab.)"
3549300,"São João do Pau d'Alho",14.49275362,2024,"Longevidade",14.49,"Taxas de mortalidade  60 a 69 anos (por mil hab.)"
3549409,"São Joaquim da Barra",16.82758621,2014,"Longevidade",15.79,"Taxas de mortalidade  60 a 69 anos (por mil hab.)"
3549409,"São Joaquim da Barra",15.59405941,2016,"Longevidade",15.58,"Taxas de mortalidade  60 a 69 anos (por mil hab.)"
3549409,"São Joaquim da Barra",14.94087568,2018,"Longevidade",15.4,"Taxas de mortalidade  60 a 69 anos (por mil hab.)"
3549409,"São Joaquim da Barra",14.53183521,2020,"Longevidade",15.77,"Taxas de mortalidade  60 a 69 anos (por mil hab.)"
3549409,"São Joaquim da Barra",17.30959446,2022,"Longevidade",18.13,"Taxas de mortalidade  60 a 69 anos (por mil hab.)"
3549409,"São Joaquim da Barra",14.66018106,2024,"Longevidade",14.49,"Taxas de mortalidade  60 a 69 anos (por mil hab.)"
3549508,"São José da Bela Vista",12.64367816,2014,"Longevidade",15.79,"Taxas de mortalidade  60 a 69 anos (por mil hab.)"
3549508,"São José da Bela Vista",19.63993453,2016,"Longevidade",15.58,"Taxas de mortalidade  60 a 69 anos (por mil hab.)"
3549508,"São José da Bela Vista",19.35483871,2018,"Longevidade",15.4,"Taxas de mortalidade  60 a 69 anos (por mil hab.)"
3549508,"São José da Bela Vista",15.22309711,2020,"Longevidade",15.77,"Taxas de mortalidade  60 a 69 anos (por mil hab.)"
3549508,"São José da Bela Vista",12.60716087,2022,"Longevidade",18.13,"Taxas de mortalidade  60 a 69 anos (por mil hab.)"
3549508,"São José da Bela Vista",14.40635867,2024,"Longevidade",14.49,"Taxas de mortalidade  60 a 69 anos (por mil hab.)"
3549607,"São José do Barreiro",9.966777409,2014,"Longevidade",15.79,"Taxas de mortalidade  60 a 69 anos (por mil hab.)"
3549607,"São José do Barreiro",9.036144578,2016,"Longevidade",15.58,"Taxas de mortalidade  60 a 69 anos (por mil hab.)"
3549607,"São José do Barreiro",12.6705653,2018,"Longevidade",15.4,"Taxas de mortalidade  60 a 69 anos (por mil hab.)"
3549607,"São José do Barreiro",18.01801802,2020,"Longevidade",15.77,"Taxas de mortalidade  60 a 69 anos (por mil hab.)"
3549607,"São José do Barreiro",20.30456853,2022,"Longevidade",18.13,"Taxas de mortalidade  60 a 69 anos (por mil hab.)"
3549607,"São José do Barreiro",10.94091904,2024,"Longevidade",14.49,"Taxas de mortalidade  60 a 69 anos (por mil hab.)"
3549706,"São José do Rio Pardo",18.21290514,2014,"Longevidade",15.79,"Taxas de mortalidade  60 a 69 anos (por mil hab.)"
3549706,"São José do Rio Pardo",17.85831528,2016,"Longevidade",15.58,"Taxas de mortalidade  60 a 69 anos (por mil hab.)"
3549706,"São José do Rio Pardo",17.25340945,2018,"Longevidade",15.4,"Taxas de mortalidade  60 a 69 anos (por mil hab.)"
3549706,"São José do Rio Pardo",15.41288755,2020,"Longevidade",15.77,"Taxas de mortalidade  60 a 69 anos (por mil hab.)"
3549706,"São José do Rio Pardo",16.24090678,2022,"Longevidade",18.13,"Taxas de mortalidade  60 a 69 anos (por mil hab.)"
3549706,"São José do Rio Pardo",13.80761729,2024,"Longevidade",14.49,"Taxas de mortalidade  60 a 69 anos (por mil hab.)"
3549805,"São José do Rio Preto",14.29835049,2014,"Longevidade",15.79,"Taxas de mortalidade  60 a 69 anos (por mil hab.)"
3549805,"São José do Rio Preto",14.0237885,2016,"Longevidade",15.58,"Taxas de mortalidade  60 a 69 anos (por mil hab.)"
3549805,"São José do Rio Preto",14.22733717,2018,"Longevidade",15.4,"Taxas de mortalidade  60 a 69 anos (por mil hab.)"
3549805,"São José do Rio Preto",15.38187341,2020,"Longevidade",15.77,"Taxas de mortalidade  60 a 69 anos (por mil hab.)"
3549805,"São José do Rio Preto",18.52496591,2022,"Longevidade",18.13,"Taxas de mortalidade  60 a 69 anos (por mil hab.)"
3549805,"São José do Rio Preto",13.18583305,2024,"Longevidade",14.49,"Taxas de mortalidade  60 a 69 anos (por mil hab.)"
3549904,"São José dos Campos",13.69224624,2014,"Longevidade",15.79,"Taxas de mortalidade  60 a 69 anos (por mil hab.)"
3549904,"São José dos Campos",13.53447413,2016,"Longevidade",15.58,"Taxas de mortalidade  60 a 69 anos (por mil hab.)"
3549904,"São José dos Campos",13.32209207,2018,"Longevidade",15.4,"Taxas de mortalidade  60 a 69 anos (por mil hab.)"
3549904,"São José dos Campos",14.34809732,2020,"Longevidade",15.77,"Taxas de mortalidade  60 a 69 anos (por mil hab.)"
3549904,"São José dos Campos",15.43289944,2022,"Longevidade",18.13,"Taxas de mortalidade  60 a 69 anos (por mil hab.)"
3549904,"São José dos Campos",12.57852669,2024,"Longevidade",14.49,"Taxas de mortalidade  60 a 69 anos (por mil hab.)"
3549953,"São Lourenço da Serra",19.17255298,2014,"Longevidade",15.79,"Taxas de mortalidade  60 a 69 anos (por mil hab.)"
3549953,"São Lourenço da Serra",19.9456029,2016,"Longevidade",15.58,"Taxas de mortalidade  60 a 69 anos (por mil hab.)"
3549953,"São Lourenço da Serra",16.63747811,2018,"Longevidade",15.4,"Taxas de mortalidade  60 a 69 anos (por mil hab.)"
3549953,"São Lourenço da Serra",17.47201747,2020,"Longevidade",15.77,"Taxas de mortalidade  60 a 69 anos (por mil hab.)"
3549953,"São Lourenço da Serra",19.56241956,2022,"Longevidade",18.13,"Taxas de mortalidade  60 a 69 anos (por mil hab.)"
3549953,"São Lourenço da Serra",11.62790698,2024,"Longevidade",14.49,"Taxas de mortalidade  60 a 69 anos (por mil hab.)"
3550001,"São Luiz do Paraitinga",12.98205422,2014,"Longevidade",15.79,"Taxas de mortalidade  60 a 69 anos (por mil hab.)"
3550001,"São Luiz do Paraitinga",14.88743646,2016,"Longevidade",15.58,"Taxas de mortalidade  60 a 69 anos (por mil hab.)"
3550001,"São Luiz do Paraitinga",12.67159451,2018,"Longevidade",15.4,"Taxas de mortalidade  60 a 69 anos (por mil hab.)"
3550001,"São Luiz do Paraitinga",12.60364842,2020,"Longevidade",15.77,"Taxas de mortalidade  60 a 69 anos (por mil hab.)"
3550001,"São Luiz do Paraitinga",20.28714107,2022,"Longevidade",18.13,"Taxas de mortalidade  60 a 69 anos (por mil hab.)"
3550001,"São Luiz do Paraitinga",11.28349788,2024,"Longevidade",14.49,"Taxas de mortalidade  60 a 69 anos (por mil hab.)"
3550100,"São Manuel",18.82651883,2014,"Longevidade",15.79,"Taxas de mortalidade  60 a 69 anos (por mil hab.)"
3550100,"São Manuel",20.93802345,2016,"Longevidade",15.58,"Taxas de mortalidade  60 a 69 anos (por mil hab.)"
3550100,"São Manuel",20.64266829,2018,"Longevidade",15.4,"Taxas de mortalidade  60 a 69 anos (por mil hab.)"
3550100,"São Manuel",17.96867493,2020,"Longevidade",15.77,"Taxas de mortalidade  60 a 69 anos (por mil hab.)"
3550100,"São Manuel",21.16402116,2022,"Longevidade",18.13,"Taxas de mortalidade  60 a 69 anos (por mil hab.)"
3550100,"São Manuel",16.84466441,2024,"Longevidade",14.49,"Taxas de mortalidade  60 a 69 anos (por mil hab.)"
3550209,"São Miguel Arcanjo",19.90276512,2014,"Longevidade",15.79,"Taxas de mortalidade  60 a 69 anos (por mil hab.)"
3550209,"São Miguel Arcanjo",14.44350042,2016,"Longevidade",15.58,"Taxas de mortalidade  60 a 69 anos (por mil hab.)"
3550209,"São Miguel Arcanjo",14.30733251,2018,"Longevidade",15.4,"Taxas de mortalidade  60 a 69 anos (por mil hab.)"
3550209,"São Miguel Arcanjo",12.74548056,2020,"Longevidade",15.77,"Taxas de mortalidade  60 a 69 anos (por mil hab.)"
3550209,"São Miguel Arcanjo",21.91210675,2022,"Longevidade",18.13,"Taxas de mortalidade  60 a 69 anos (por mil hab.)"
3550209,"São Miguel Arcanjo",17.61691224,2024,"Longevidade",14.49,"Taxas de mortalidade  60 a 69 anos (por mil hab.)"
3550308,"São Paulo",14.5855684,2014,"Longevidade",15.79,"Taxas de mortalidade  60 a 69 anos (por mil hab.)"
3550308,"São Paulo",14.18225612,2016,"Longevidade",15.58,"Taxas de mortalidade  60 a 69 anos (por mil hab.)"
3550308,"São Paulo",14.04493602,2018,"Longevidade",15.4,"Taxas de mortalidade  60 a 69 anos (por mil hab.)"
3550308,"São Paulo",14.53601797,2020,"Longevidade",15.77,"Taxas de mortalidade  60 a 69 anos (por mil hab.)"
3550308,"São Paulo",16.28792963,2022,"Longevidade",18.13,"Taxas de mortalidade  60 a 69 anos (por mil hab.)"
3550308,"São Paulo",13.29539034,2024,"Longevidade",14.49,"Taxas de mortalidade  60 a 69 anos (por mil hab.)"
3550407,"São Pedro",14.71771875,2014,"Longevidade",15.79,"Taxas de mortalidade  60 a 69 anos (por mil hab.)"
3550407,"São Pedro",17.25822208,2016,"Longevidade",15.58,"Taxas de mortalidade  60 a 69 anos (por mil hab.)"
3550407,"São Pedro",17.3187941,2018,"Longevidade",15.4,"Taxas de mortalidade  60 a 69 anos (por mil hab.)"
3550407,"São Pedro",14.64630726,2020,"Longevidade",15.77,"Taxas de mortalidade  60 a 69 anos (por mil hab.)"
3550407,"São Pedro",17.67068273,2022,"Longevidade",18.13,"Taxas de mortalidade  60 a 69 anos (por mil hab.)"
3550407,"São Pedro",11.02968391,2024,"Longevidade",14.49,"Taxas de mortalidade  60 a 69 anos (por mil hab.)"
3550506,"São Pedro do Turvo",18.96551724,2014,"Longevidade",15.79,"Taxas de mortalidade  60 a 69 anos (por mil hab.)"
3550506,"São Pedro do Turvo",13.33333333,2016,"Longevidade",15.58,"Taxas de mortalidade  60 a 69 anos (por mil hab.)"
3550506,"São Pedro do Turvo",14.58333333,2018,"Longevidade",15.4,"Taxas de mortalidade  60 a 69 anos (por mil hab.)"
3550506,"São Pedro do Turvo",13.43283582,2020,"Longevidade",15.77,"Taxas de mortalidade  60 a 69 anos (por mil hab.)"
3550506,"São Pedro do Turvo",19.55174058,2022,"Longevidade",18.13,"Taxas de mortalidade  60 a 69 anos (por mil hab.)"
3550506,"São Pedro do Turvo",16.43192488,2024,"Longevidade",14.49,"Taxas de mortalidade  60 a 69 anos (por mil hab.)"
3550605,"São Roque",15.69494918,2014,"Longevidade",15.79,"Taxas de mortalidade  60 a 69 anos (por mil hab.)"
3550605,"São Roque",16.49657486,2016,"Longevidade",15.58,"Taxas de mortalidade  60 a 69 anos (por mil hab.)"
3550605,"São Roque",14.82679606,2018,"Longevidade",15.4,"Taxas de mortalidade  60 a 69 anos (por mil hab.)"
3550605,"São Roque",14.30543356,2020,"Longevidade",15.77,"Taxas de mortalidade  60 a 69 anos (por mil hab.)"
3550605,"São Roque",18.27995115,2022,"Longevidade",18.13,"Taxas de mortalidade  60 a 69 anos (por mil hab.)"
3550605,"São Roque",16.56266852,2024,"Longevidade",14.49,"Taxas de mortalidade  60 a 69 anos (por mil hab.)"
3550704,"São Sebastião",14.20945203,2014,"Longevidade",15.79,"Taxas de mortalidade  60 a 69 anos (por mil hab.)"
3550704,"São Sebastião",16.36520241,2016,"Longevidade",15.58,"Taxas de mortalidade  60 a 69 anos (por mil hab.)"
3550704,"São Sebastião",15.45129075,2018,"Longevidade",15.4,"Taxas de mortalidade  60 a 69 anos (por mil hab.)"
3550704,"São Sebastião",15.36462746,2020,"Longevidade",15.77,"Taxas de mortalidade  60 a 69 anos (por mil hab.)"
3550704,"São Sebastião",16.37065637,2022,"Longevidade",18.13,"Taxas de mortalidade  60 a 69 anos (por mil hab.)"
3550704,"São Sebastião",14.82232522,2024,"Longevidade",14.49,"Taxas de mortalidade  60 a 69 anos (por mil hab.)"
3550803,"São Sebastião da Grama",15.84022039,2014,"Longevidade",15.79,"Taxas de mortalidade  60 a 69 anos (por mil hab.)"
3550803,"São Sebastião da Grama",18.51851852,2016,"Longevidade",15.58,"Taxas de mortalidade  60 a 69 anos (por mil hab.)"
3550803,"São Sebastião da Grama",16.50165017,2018,"Longevidade",15.4,"Taxas de mortalidade  60 a 69 anos (por mil hab.)"
3550803,"São Sebastião da Grama",14.14827391,2020,"Longevidade",15.77,"Taxas de mortalidade  60 a 69 anos (por mil hab.)"
3550803,"São Sebastião da Grama",19.19437686,2022,"Longevidade",18.13,"Taxas de mortalidade  60 a 69 anos (por mil hab.)"
3550803,"São Sebastião da Grama",16.81830714,2024,"Longevidade",14.49,"Taxas de mortalidade  60 a 69 anos (por mil hab.)"
3550902,"São Simão",16.75184554,2014,"Longevidade",15.79,"Taxas de mortalidade  60 a 69 anos (por mil hab.)"
3550902,"São Simão",18.30065359,2016,"Longevidade",15.58,"Taxas de mortalidade  60 a 69 anos (por mil hab.)"
3550902,"São Simão",10.91647626,2018,"Longevidade",15.4,"Taxas de mortalidade  60 a 69 anos (por mil hab.)"
3550902,"São Simão",10.32660903,2020,"Longevidade",15.77,"Taxas de mortalidade  60 a 69 anos (por mil hab.)"
3550902,"São Simão",18.7471422,2022,"Longevidade",18.13,"Taxas de mortalidade  60 a 69 anos (por mil hab.)"
3550902,"São Simão",17.28553137,2024,"Longevidade",14.49,"Taxas de mortalidade  60 a 69 anos (por mil hab.)"
3551009,"São Vicente",18.63834965,2014,"Longevidade",15.79,"Taxas de mortalidade  60 a 69 anos (por mil hab.)"
3551009,"São Vicente",18.02130011,2016,"Longevidade",15.58,"Taxas de mortalidade  60 a 69 anos (por mil hab.)"
3551009,"São Vicente",18.62700389,2018,"Longevidade",15.4,"Taxas de mortalidade  60 a 69 anos (por mil hab.)"
3551009,"São Vicente",20.39731363,2020,"Longevidade",15.77,"Taxas de mortalidade  60 a 69 anos (por mil hab.)"
3551009,"São Vicente",21.84788157,2022,"Longevidade",18.13,"Taxas de mortalidade  60 a 69 anos (por mil hab.)"
3551009,"São Vicente",17.90144082,2024,"Longevidade",14.49,"Taxas de mortalidade  60 a 69 anos (por mil hab.)"
3551108,"Sarapuí",12.87766221,2014,"Longevidade",15.79,"Taxas de mortalidade  60 a 69 anos (por mil hab.)"
3551108,"Sarapuí",21.28623188,2016,"Longevidade",15.58,"Taxas de mortalidade  60 a 69 anos (por mil hab.)"
3551108,"Sarapuí",18.00614844,2018,"Longevidade",15.4,"Taxas de mortalidade  60 a 69 anos (por mil hab.)"
3551108,"Sarapuí",18.65671642,2020,"Longevidade",15.77,"Taxas de mortalidade  60 a 69 anos (por mil hab.)"
3551108,"Sarapuí",18.10310901,2022,"Longevidade",18.13,"Taxas de mortalidade  60 a 69 anos (por mil hab.)"
3551108,"Sarapuí",13.6286201,2024,"Longevidade",14.49,"Taxas de mortalidade  60 a 69 anos (por mil hab.)"
3551207,"Sarutaiá",27.68903088,2014,"Longevidade",15.79,"Taxas de mortalidade  60 a 69 anos (por mil hab.)"
3551207,"Sarutaiá",23.09236948,2016,"Longevidade",15.58,"Taxas de mortalidade  60 a 69 anos (por mil hab.)"
3551207,"Sarutaiá",21.82539683,2018,"Longevidade",15.4,"Taxas de mortalidade  60 a 69 anos (por mil hab.)"
3551207,"Sarutaiá",14.49275362,2020,"Longevidade",15.77,"Taxas de mortalidade  60 a 69 anos (por mil hab.)"
3551207,"Sarutaiá",17.99242424,2022,"Longevidade",18.13,"Taxas de mortalidade  60 a 69 anos (por mil hab.)"
3551207,"Sarutaiá",21.58273381,2024,"Longevidade",14.49,"Taxas de mortalidade  60 a 69 anos (por mil hab.)"
3551306,"Sebastianópolis do Sul",10.56338028,2014,"Longevidade",15.79,"Taxas de mortalidade  60 a 69 anos (por mil hab.)"
3551306,"Sebastianópolis do Sul",14.58333333,2016,"Longevidade",15.58,"Taxas de mortalidade  60 a 69 anos (por mil hab.)"
3551306,"Sebastianópolis do Sul",13.05220884,2018,"Longevidade",15.4,"Taxas de mortalidade  60 a 69 anos (por mil hab.)"
3551306,"Sebastianópolis do Sul",13.10861423,2020,"Longevidade",15.77,"Taxas de mortalidade  60 a 69 anos (por mil hab.)"
3551306,"Sebastianópolis do Sul",16.17250674,2022,"Longevidade",18.13,"Taxas de mortalidade  60 a 69 anos (por mil hab.)"
3551306,"Sebastianópolis do Sul",20.73365231,2024,"Longevidade",14.49,"Taxas de mortalidade  60 a 69 anos (por mil hab.)"
3551405,"Serra Azul",16.47286822,2014,"Longevidade",15.79,"Taxas de mortalidade  60 a 69 anos (por mil hab.)"
3551405,"Serra Azul",17.88830716,2016,"Longevidade",15.58,"Taxas de mortalidade  60 a 69 anos (por mil hab.)"
3551405,"Serra Azul",19.68335473,2018,"Longevidade",15.4,"Taxas de mortalidade  60 a 69 anos (por mil hab.)"
3551405,"Serra Azul",21.783806,2020,"Longevidade",15.77,"Taxas de mortalidade  60 a 69 anos (por mil hab.)"
3551405,"Serra Azul",20.73552426,2022,"Longevidade",18.13,"Taxas de mortalidade  60 a 69 anos (por mil hab.)"
3551405,"Serra Azul",16.4647406,2024,"Longevidade",14.49,"Taxas de mortalidade  60 a 69 anos (por mil hab.)"
3551504,"Serrana",18.93939394,2014,"Longevidade",15.79,"Taxas de mortalidade  60 a 69 anos (por mil hab.)"
3551504,"Serrana",18.10865191,2016,"Longevidade",15.58,"Taxas de mortalidade  60 a 69 anos (por mil hab.)"
3551504,"Serrana",16.76829268,2018,"Longevidade",15.4,"Taxas de mortalidade  60 a 69 anos (por mil hab.)"
3551504,"Serrana",17.76563034,2020,"Longevidade",15.77,"Taxas de mortalidade  60 a 69 anos (por mil hab.)"
3551504,"Serrana",20.71097372,2022,"Longevidade",18.13,"Taxas de mortalidade  60 a 69 anos (por mil hab.)"
3551504,"Serrana",16.98149208,2024,"Longevidade",14.49,"Taxas de mortalidade  60 a 69 anos (por mil hab.)"
3551603,"Serra Negra",17.2275641,2014,"Longevidade",15.79,"Taxas de mortalidade  60 a 69 anos (por mil hab.)"
3551603,"Serra Negra",16.45940015,2016,"Longevidade",15.58,"Taxas de mortalidade  60 a 69 anos (por mil hab.)"
3551603,"Serra Negra",12.90322581,2018,"Longevidade",15.4,"Taxas de mortalidade  60 a 69 anos (por mil hab.)"
3551603,"Serra Negra",11.82684579,2020,"Longevidade",15.77,"Taxas de mortalidade  60 a 69 anos (por mil hab.)"
3551603,"Serra Negra",19.06662233,2022,"Longevidade",18.13,"Taxas de mortalidade  60 a 69 anos (por mil hab.)"
3551603,"Serra Negra",13.32617834,2024,"Longevidade",14.49,"Taxas de mortalidade  60 a 69 anos (por mil hab.)"
3551702,"Sertãozinho",16.706656,2014,"Longevidade",15.79,"Taxas de mortalidade  60 a 69 anos (por mil hab.)"
3551702,"Sertãozinho",15.78159198,2016,"Longevidade",15.58,"Taxas de mortalidade  60 a 69 anos (por mil hab.)"
3551702,"Sertãozinho",14.74047934,2018,"Longevidade",15.4,"Taxas de mortalidade  60 a 69 anos (por mil hab.)"
3551702,"Sertãozinho",16.09474643,2020,"Longevidade",15.77,"Taxas de mortalidade  60 a 69 anos (por mil hab.)"
3551702,"Sertãozinho",19.74012994,2022,"Longevidade",18.13,"Taxas de mortalidade  60 a 69 anos (por mil hab.)"
3551702,"Sertãozinho",14.8995149,2024,"Longevidade",14.49,"Taxas de mortalidade  60 a 69 anos (por mil hab.)"
3551801,"Sete Barras",16.73360107,2014,"Longevidade",15.79,"Taxas de mortalidade  60 a 69 anos (por mil hab.)"
3551801,"Sete Barras",19.70284238,2016,"Longevidade",15.58,"Taxas de mortalidade  60 a 69 anos (por mil hab.)"
3551801,"Sete Barras",17.71030993,2018,"Longevidade",15.4,"Taxas de mortalidade  60 a 69 anos (por mil hab.)"
3551801,"Sete Barras",17.03163017,2020,"Longevidade",15.77,"Taxas de mortalidade  60 a 69 anos (por mil hab.)"
3551801,"Sete Barras",17.99410029,2022,"Longevidade",18.13,"Taxas de mortalidade  60 a 69 anos (por mil hab.)"
3551801,"Sete Barras",17.04834606,2024,"Longevidade",14.49,"Taxas de mortalidade  60 a 69 anos (por mil hab.)"
3551900,"Severínia",18.4790334,2014,"Longevidade",15.79,"Taxas de mortalidade  60 a 69 anos (por mil hab.)"
3551900,"Severínia",18.13633521,2016,"Longevidade",15.58,"Taxas de mortalidade  60 a 69 anos (por mil hab.)"
3551900,"Severínia",15.74569222,2018,"Longevidade",15.4,"Taxas de mortalidade  60 a 69 anos (por mil hab.)"
3551900,"Severínia",22.63540825,2020,"Longevidade",15.77,"Taxas de mortalidade  60 a 69 anos (por mil hab.)"
3551900,"Severínia",21.41802068,2022,"Longevidade",18.13,"Taxas de mortalidade  60 a 69 anos (por mil hab.)"
3551900,"Severínia",17.27861771,2024,"Longevidade",14.49,"Taxas de mortalidade  60 a 69 anos (por mil hab.)"
3552007,"Silveiras",11.3960114,2014,"Longevidade",15.79,"Taxas de mortalidade  60 a 69 anos (por mil hab.)"
3552007,"Silveiras",17.18213058,2016,"Longevidade",15.58,"Taxas de mortalidade  60 a 69 anos (por mil hab.)"
3552007,"Silveiras",12.1703854,2018,"Longevidade",15.4,"Taxas de mortalidade  60 a 69 anos (por mil hab.)"
3552007,"Silveiras",14.43569554,2020,"Longevidade",15.77,"Taxas de mortalidade  60 a 69 anos (por mil hab.)"
3552007,"Silveiras",16.29072682,2022,"Longevidade",18.13,"Taxas de mortalidade  60 a 69 anos (por mil hab.)"
3552007,"Silveiras",12.49375312,2024,"Longevidade",14.49,"Taxas de mortalidade  60 a 69 anos (por mil hab.)"
3552106,"Socorro",14.66330438,2014,"Longevidade",15.79,"Taxas de mortalidade  60 a 69 anos (por mil hab.)"
3552106,"Socorro",13.06178568,2016,"Longevidade",15.58,"Taxas de mortalidade  60 a 69 anos (por mil hab.)"
3552106,"Socorro",14.13427562,2018,"Longevidade",15.4,"Taxas de mortalidade  60 a 69 anos (por mil hab.)"
3552106,"Socorro",15.02301914,2020,"Longevidade",15.77,"Taxas de mortalidade  60 a 69 anos (por mil hab.)"
3552106,"Socorro",18.05392732,2022,"Longevidade",18.13,"Taxas de mortalidade  60 a 69 anos (por mil hab.)"
3552106,"Socorro",13.16742379,2024,"Longevidade",14.49,"Taxas de mortalidade  60 a 69 anos (por mil hab.)"
3552205,"Sorocaba",16.84824528,2014,"Longevidade",15.79,"Taxas de mortalidade  60 a 69 anos (por mil hab.)"
3552205,"Sorocaba",17.12126579,2016,"Longevidade",15.58,"Taxas de mortalidade  60 a 69 anos (por mil hab.)"
3552205,"Sorocaba",16.53090083,2018,"Longevidade",15.4,"Taxas de mortalidade  60 a 69 anos (por mil hab.)"
3552205,"Sorocaba",16.37731587,2020,"Longevidade",15.77,"Taxas de mortalidade  60 a 69 anos (por mil hab.)"
3552205,"Sorocaba",20.1718908,2022,"Longevidade",18.13,"Taxas de mortalidade  60 a 69 anos (por mil hab.)"
3552205,"Sorocaba",14.84452971,2024,"Longevidade",14.49,"Taxas de mortalidade  60 a 69 anos (por mil hab.)"
3552304,"Sud Mennucci",13.52145797,2014,"Longevidade",15.79,"Taxas de mortalidade  60 a 69 anos (por mil hab.)"
3552304,"Sud Mennucci",15.00535906,2016,"Longevidade",15.58,"Taxas de mortalidade  60 a 69 anos (por mil hab.)"
3552304,"Sud Mennucci",18.63354037,2018,"Longevidade",15.4,"Taxas de mortalidade  60 a 69 anos (por mil hab.)"
3552304,"Sud Mennucci",15.48137397,2020,"Longevidade",15.77,"Taxas de mortalidade  60 a 69 anos (por mil hab.)"
3552304,"Sud Mennucci",16.37107776,2022,"Longevidade",18.13,"Taxas de mortalidade  60 a 69 anos (por mil hab.)"
3552304,"Sud Mennucci",18.17430814,2024,"Longevidade",14.49,"Taxas de mortalidade  60 a 69 anos (por mil hab.)"
3552403,"Sumaré",15.5070028,2014,"Longevidade",15.79,"Taxas de mortalidade  60 a 69 anos (por mil hab.)"
3552403,"Sumaré",15.98622265,2016,"Longevidade",15.58,"Taxas de mortalidade  60 a 69 anos (por mil hab.)"
3552403,"Sumaré",14.9001618,2018,"Longevidade",15.4,"Taxas de mortalidade  60 a 69 anos (por mil hab.)"
3552403,"Sumaré",15.49827351,2020,"Longevidade",15.77,"Taxas de mortalidade  60 a 69 anos (por mil hab.)"
3552403,"Sumaré",18.32507082,2022,"Longevidade",18.13,"Taxas de mortalidade  60 a 69 anos (por mil hab.)"
3552403,"Sumaré",14.49393041,2024,"Longevidade",14.49,"Taxas de mortalidade  60 a 69 anos (por mil hab.)"
3552502,"Suzano",17.66927162,2014,"Longevidade",15.79,"Taxas de mortalidade  60 a 69 anos (por mil hab.)"
3552502,"Suzano",18.37012528,2016,"Longevidade",15.58,"Taxas de mortalidade  60 a 69 anos (por mil hab.)"
3552502,"Suzano",18.14855108,2018,"Longevidade",15.4,"Taxas de mortalidade  60 a 69 anos (por mil hab.)"
3552502,"Suzano",18.34987087,2020,"Longevidade",15.77,"Taxas de mortalidade  60 a 69 anos (por mil hab.)"
3552502,"Suzano",21.0703043,2022,"Longevidade",18.13,"Taxas de mortalidade  60 a 69 anos (por mil hab.)"
3552502,"Suzano",16.5846204,2024,"Longevidade",14.49,"Taxas de mortalidade  60 a 69 anos (por mil hab.)"
3552551,"Suzanápolis",14.23487544,2014,"Longevidade",15.79,"Taxas de mortalidade  60 a 69 anos (por mil hab.)"
3552551,"Suzanápolis",16.55629139,2016,"Longevidade",15.58,"Taxas de mortalidade  60 a 69 anos (por mil hab.)"
3552551,"Suzanápolis",13.9335477,2018,"Longevidade",15.4,"Taxas de mortalidade  60 a 69 anos (por mil hab.)"
3552551,"Suzanápolis",16.01601602,2020,"Longevidade",15.77,"Taxas de mortalidade  60 a 69 anos (por mil hab.)"
3552551,"Suzanápolis",14.85608171,2022,"Longevidade",18.13,"Taxas de mortalidade  60 a 69 anos (por mil hab.)"
3552551,"Suzanápolis",18.18181818,2024,"Longevidade",14.49,"Taxas de mortalidade  60 a 69 anos (por mil hab.)"
3552601,"Tabapuã",19.39150786,2014,"Longevidade",15.79,"Taxas de mortalidade  60 a 69 anos (por mil hab.)"
3552601,"Tabapuã",12.77258567,2016,"Longevidade",15.58,"Taxas de mortalidade  60 a 69 anos (por mil hab.)"
3552601,"Tabapuã",13.36979641,2018,"Longevidade",15.4,"Taxas de mortalidade  60 a 69 anos (por mil hab.)"
3552601,"Tabapuã",16.76785198,2020,"Longevidade",15.77,"Taxas de mortalidade  60 a 69 anos (por mil hab.)"
3552601,"Tabapuã",21.7630854,2022,"Longevidade",18.13,"Taxas de mortalidade  60 a 69 anos (por mil hab.)"
3552601,"Tabapuã",18.11320755,2024,"Longevidade",14.49,"Taxas de mortalidade  60 a 69 anos (por mil hab.)"
3552700,"Tabatinga",22.31102231,2014,"Longevidade",15.79,"Taxas de mortalidade  60 a 69 anos (por mil hab.)"
3552700,"Tabatinga",18.82906737,2016,"Longevidade",15.58,"Taxas de mortalidade  60 a 69 anos (por mil hab.)"
3552700,"Tabatinga",15.07537688,2018,"Longevidade",15.4,"Taxas de mortalidade  60 a 69 anos (por mil hab.)"
3552700,"Tabatinga",19.71190296,2020,"Longevidade",15.77,"Taxas de mortalidade  60 a 69 anos (por mil hab.)"
3552700,"Tabatinga",23.60916316,2022,"Longevidade",18.13,"Taxas de mortalidade  60 a 69 anos (por mil hab.)"
3552700,"Tabatinga",17.5664096,2024,"Longevidade",14.49,"Taxas de mortalidade  60 a 69 anos (por mil hab.)"
3552809,"Taboão da Serra",18.01989359,2014,"Longevidade",15.79,"Taxas de mortalidade  60 a 69 anos (por mil hab.)"
3552809,"Taboão da Serra",18.07051622,2016,"Longevidade",15.58,"Taxas de mortalidade  60 a 69 anos (por mil hab.)"
3552809,"Taboão da Serra",17.93018434,2018,"Longevidade",15.4,"Taxas de mortalidade  60 a 69 anos (por mil hab.)"
3552809,"Taboão da Serra",18.62680294,2020,"Longevidade",15.77,"Taxas de mortalidade  60 a 69 anos (por mil hab.)"
3552809,"Taboão da Serra",20.37356724,2022,"Longevidade",18.13,"Taxas de mortalidade  60 a 69 anos (por mil hab.)"
3552809,"Taboão da Serra",16.08586845,2024,"Longevidade",14.49,"Taxas de mortalidade  60 a 69 anos (por mil hab.)"
3552908,"Taciba",12.88244767,2014,"Longevidade",15.79,"Taxas de mortalidade  60 a 69 anos (por mil hab.)"
3552908,"Taciba",14.61988304,2016,"Longevidade",15.58,"Taxas de mortalidade  60 a 69 anos (por mil hab.)"
3552908,"Taciba",9.929078014,2018,"Longevidade",15.4,"Taxas de mortalidade  60 a 69 anos (por mil hab.)"
3552908,"Taciba",12.07243461,2020,"Longevidade",15.77,"Taxas de mortalidade  60 a 69 anos (por mil hab.)"
3552908,"Taciba",17.380509,2022,"Longevidade",18.13,"Taxas de mortalidade  60 a 69 anos (por mil hab.)"
3552908,"Taciba",17.09401709,2024,"Longevidade",14.49,"Taxas de mortalidade  60 a 69 anos (por mil hab.)"
3553005,"Taguaí",13.6239782,2014,"Longevidade",15.79,"Taxas de mortalidade  60 a 69 anos (por mil hab.)"
3553005,"Taguaí",16.50943396,2016,"Longevidade",15.58,"Taxas de mortalidade  60 a 69 anos (por mil hab.)"
3553005,"Taguaí",15.13431706,2018,"Longevidade",15.4,"Taxas de mortalidade  60 a 69 anos (por mil hab.)"
3553005,"Taguaí",12.61829653,2020,"Longevidade",15.77,"Taxas de mortalidade  60 a 69 anos (por mil hab.)"
3553005,"Taguaí",18.33660773,2022,"Longevidade",18.13,"Taxas de mortalidade  60 a 69 anos (por mil hab.)"
3553005,"Taguaí",15.09661836,2024,"Longevidade",14.49,"Taxas de mortalidade  60 a 69 anos (por mil hab.)"
3553104,"Taiaçu",12.39970824,2014,"Longevidade",15.79,"Taxas de mortalidade  60 a 69 anos (por mil hab.)"
3553104,"Taiaçu",13.88888889,2016,"Longevidade",15.58,"Taxas de mortalidade  60 a 69 anos (por mil hab.)"
3553104,"Taiaçu",17.11156742,2018,"Longevidade",15.4,"Taxas de mortalidade  60 a 69 anos (por mil hab.)"
3553104,"Taiaçu",19.2563081,2020,"Longevidade",15.77,"Taxas de mortalidade  60 a 69 anos (por mil hab.)"
3553104,"Taiaçu",22.13788741,2022,"Longevidade",18.13,"Taxas de mortalidade  60 a 69 anos (por mil hab.)"
3553104,"Taiaçu",19.21921922,2024,"Longevidade",14.49,"Taxas de mortalidade  60 a 69 anos (por mil hab.)"
3553203,"Taiúva",11.49425287,2014,"Longevidade",15.79,"Taxas de mortalidade  60 a 69 anos (por mil hab.)"
3553203,"Taiúva",13.33333333,2016,"Longevidade",15.58,"Taxas de mortalidade  60 a 69 anos (por mil hab.)"
3553203,"Taiúva",15.35836177,2018,"Longevidade",15.4,"Taxas de mortalidade  60 a 69 anos (por mil hab.)"
3553203,"Taiúva",15.37616694,2020,"Longevidade",15.77,"Taxas de mortalidade  60 a 69 anos (por mil hab.)"
3553203,"Taiúva",18.22079314,2022,"Longevidade",18.13,"Taxas de mortalidade  60 a 69 anos (por mil hab.)"
3553203,"Taiúva",20.05012531,2024,"Longevidade",14.49,"Taxas de mortalidade  60 a 69 anos (por mil hab.)"
3553302,"Tambaú",19.23436041,2014,"Longevidade",15.79,"Taxas de mortalidade  60 a 69 anos (por mil hab.)"
3553302,"Tambaú",14.54422459,2016,"Longevidade",15.58,"Taxas de mortalidade  60 a 69 anos (por mil hab.)"
3553302,"Tambaú",13.37247228,2018,"Longevidade",15.4,"Taxas de mortalidade  60 a 69 anos (por mil hab.)"
3553302,"Tambaú",15.67732116,2020,"Longevidade",15.77,"Taxas de mortalidade  60 a 69 anos (por mil hab.)"
3553302,"Tambaú",19.31330472,2022,"Longevidade",18.13,"Taxas de mortalidade  60 a 69 anos (por mil hab.)"
3553302,"Tambaú",15.07675439,2024,"Longevidade",14.49,"Taxas de mortalidade  60 a 69 anos (por mil hab.)"
3553401,"Tanabi",13.60544218,2014,"Longevidade",15.79,"Taxas de mortalidade  60 a 69 anos (por mil hab.)"
3553401,"Tanabi",12.15932914,2016,"Longevidade",15.58,"Taxas de mortalidade  60 a 69 anos (por mil hab.)"
3553401,"Tanabi",13.01342009,2018,"Longevidade",15.4,"Taxas de mortalidade  60 a 69 anos (por mil hab.)"
3553401,"Tanabi",13.27716073,2020,"Longevidade",15.77,"Taxas de mortalidade  60 a 69 anos (por mil hab.)"
3553401,"Tanabi",19.3166727,2022,"Longevidade",18.13,"Taxas de mortalidade  60 a 69 anos (por mil hab.)"
3553401,"Tanabi",14.72787942,2024,"Longevidade",14.49,"Taxas de mortalidade  60 a 69 anos (por mil hab.)"
3553500,"Tapiraí",20.76124567,2014,"Longevidade",15.79,"Taxas de mortalidade  60 a 69 anos (por mil hab.)"
3553500,"Tapiraí",15.02021953,2016,"Longevidade",15.58,"Taxas de mortalidade  60 a 69 anos (por mil hab.)"
3553500,"Tapiraí",17.72441395,2018,"Longevidade",15.4,"Taxas de mortalidade  60 a 69 anos (por mil hab.)"
3553500,"Tapiraí",19.60784314,2020,"Longevidade",15.77,"Taxas de mortalidade  60 a 69 anos (por mil hab.)"
3553500,"Tapiraí",18.9701897,2022,"Longevidade",18.13,"Taxas de mortalidade  60 a 69 anos (por mil hab.)"
3553500,"Tapiraí",17.21014493,2024,"Longevidade",14.49,"Taxas de mortalidade  60 a 69 anos (por mil hab.)"
3553609,"Tapiratiba",15.69037657,2014,"Longevidade",15.79,"Taxas de mortalidade  60 a 69 anos (por mil hab.)"
3553609,"Tapiratiba",17.31192949,2016,"Longevidade",15.58,"Taxas de mortalidade  60 a 69 anos (por mil hab.)"
3553609,"Tapiratiba",18.63540727,2018,"Longevidade",15.4,"Taxas de mortalidade  60 a 69 anos (por mil hab.)"
3553609,"Tapiratiba",16.18655693,2020,"Longevidade",15.77,"Taxas de mortalidade  60 a 69 anos (por mil hab.)"
3553609,"Tapiratiba",15.10574018,2022,"Longevidade",18.13,"Taxas de mortalidade  60 a 69 anos (por mil hab.)"
3553609,"Tapiratiba",16.79319071,2024,"Longevidade",14.49,"Taxas de mortalidade  60 a 69 anos (por mil hab.)"
3553658,"Taquaral",11.69590643,2014,"Longevidade",15.79,"Taxas de mortalidade  60 a 69 anos (por mil hab.)"
3553658,"Taquaral",17.33333333,2016,"Longevidade",15.58,"Taxas de mortalidade  60 a 69 anos (por mil hab.)"
3553658,"Taquaral",14.26718547,2018,"Longevidade",15.4,"Taxas de mortalidade  60 a 69 anos (por mil hab.)"
3553658,"Taquaral",15.9901599,2020,"Longevidade",15.77,"Taxas de mortalidade  60 a 69 anos (por mil hab.)"
3553658,"Taquaral",9.356725146,2022,"Longevidade",18.13,"Taxas de mortalidade  60 a 69 anos (por mil hab.)"
3553658,"Taquaral",12.86173633,2024,"Longevidade",14.49,"Taxas de mortalidade  60 a 69 anos (por mil hab.)"
3553708,"Taquaritinga",16.13280337,2014,"Longevidade",15.79,"Taxas de mortalidade  60 a 69 anos (por mil hab.)"
3553708,"Taquaritinga",16.26190988,2016,"Longevidade",15.58,"Taxas de mortalidade  60 a 69 anos (por mil hab.)"
3553708,"Taquaritinga",16.18190695,2018,"Longevidade",15.4,"Taxas de mortalidade  60 a 69 anos (por mil hab.)"
3553708,"Taquaritinga",16.39235905,2020,"Longevidade",15.77,"Taxas de mortalidade  60 a 69 anos (por mil hab.)"
3553708,"Taquaritinga",18.45595596,2022,"Longevidade",18.13,"Taxas de mortalidade  60 a 69 anos (por mil hab.)"
3553708,"Taquaritinga",16.97395376,2024,"Longevidade",14.49,"Taxas de mortalidade  60 a 69 anos (por mil hab.)"
3553807,"Taquarituba",17.89304383,2014,"Longevidade",15.79,"Taxas de mortalidade  60 a 69 anos (por mil hab.)"
3553807,"Taquarituba",16.96712619,2016,"Longevidade",15.58,"Taxas de mortalidade  60 a 69 anos (por mil hab.)"
3553807,"Taquarituba",18.32061069,2018,"Longevidade",15.4,"Taxas de mortalidade  60 a 69 anos (por mil hab.)"
3553807,"Taquarituba",19.5526357,2020,"Longevidade",15.77,"Taxas de mortalidade  60 a 69 anos (por mil hab.)"
3553807,"Taquarituba",22.24173251,2022,"Longevidade",18.13,"Taxas de mortalidade  60 a 69 anos (por mil hab.)"
3553807,"Taquarituba",17.4512987,2024,"Longevidade",14.49,"Taxas de mortalidade  60 a 69 anos (por mil hab.)"
3553856,"Taquarivaí",21.14427861,2014,"Longevidade",15.79,"Taxas de mortalidade  60 a 69 anos (por mil hab.)"
3553856,"Taquarivaí",16.66666667,2016,"Longevidade",15.58,"Taxas de mortalidade  60 a 69 anos (por mil hab.)"
3553856,"Taquarivaí",12.74509804,2018,"Longevidade",15.4,"Taxas de mortalidade  60 a 69 anos (por mil hab.)"
3553856,"Taquarivaí",13.12335958,2020,"Longevidade",15.77,"Taxas de mortalidade  60 a 69 anos (por mil hab.)"
3553856,"Taquarivaí",23.92344498,2022,"Longevidade",18.13,"Taxas de mortalidade  60 a 69 anos (por mil hab.)"
3553856,"Taquarivaí",15.87301587,2024,"Longevidade",14.49,"Taxas de mortalidade  60 a 69 anos (por mil hab.)"
3553906,"Tarabai",19.75308642,2014,"Longevidade",15.79,"Taxas de mortalidade  60 a 69 anos (por mil hab.)"
3553906,"Tarabai",28.28746177,2016,"Longevidade",15.58,"Taxas de mortalidade  60 a 69 anos (por mil hab.)"
3553906,"Tarabai",20.33405955,2018,"Longevidade",15.4,"Taxas de mortalidade  60 a 69 anos (por mil hab.)"
3553906,"Tarabai",16.33986928,2020,"Longevidade",15.77,"Taxas de mortalidade  60 a 69 anos (por mil hab.)"
3553906,"Tarabai",24.10346855,2022,"Longevidade",18.13,"Taxas de mortalidade  60 a 69 anos (por mil hab.)"
3553906,"Tarabai",22.29299363,2024,"Longevidade",14.49,"Taxas de mortalidade  60 a 69 anos (por mil hab.)"
3553955,"Tarumã",14.63822668,2014,"Longevidade",15.79,"Taxas de mortalidade  60 a 69 anos (por mil hab.)"
3553955,"Tarumã",18.35535977,2016,"Longevidade",15.58,"Taxas de mortalidade  60 a 69 anos (por mil hab.)"
3553955,"Tarumã",18.51851852,2018,"Longevidade",15.4,"Taxas de mortalidade  60 a 69 anos (por mil hab.)"
3553955,"Tarumã",18.04368471,2020,"Longevidade",15.77,"Taxas de mortalidade  60 a 69 anos (por mil hab.)"
3553955,"Tarumã",20.51282051,2022,"Longevidade",18.13,"Taxas de mortalidade  60 a 69 anos (por mil hab.)"
3553955,"Tarumã",15.4185022,2024,"Longevidade",14.49,"Taxas de mortalidade  60 a 69 anos (por mil hab.)"
3554003,"Tatuí",18.48782354,2014,"Longevidade",15.79,"Taxas de mortalidade  60 a 69 anos (por mil hab.)"
3554003,"Tatuí",21.12241751,2016,"Longevidade",15.58,"Taxas de mortalidade  60 a 69 anos (por mil hab.)"
3554003,"Tatuí",21.0455614,2018,"Longevidade",15.4,"Taxas de mortalidade  60 a 69 anos (por mil hab.)"
3554003,"Tatuí",18.65266842,2020,"Longevidade",15.77,"Taxas de mortalidade  60 a 69 anos (por mil hab.)"
3554003,"Tatuí",21.60524322,2022,"Longevidade",18.13,"Taxas de mortalidade  60 a 69 anos (por mil hab.)"
3554003,"Tatuí",15.29942342,2024,"Longevidade",14.49,"Taxas de mortalidade  60 a 69 anos (por mil hab.)"
3554102,"Taubaté",15.74497036,2014,"Longevidade",15.79,"Taxas de mortalidade  60 a 69 anos (por mil hab.)"
3554102,"Taubaté",15.86760423,2016,"Longevidade",15.58,"Taxas de mortalidade  60 a 69 anos (por mil hab.)"
3554102,"Taubaté",16.4442261,2018,"Longevidade",15.4,"Taxas de mortalidade  60 a 69 anos (por mil hab.)"
3554102,"Taubaté",15.73254671,2020,"Longevidade",15.77,"Taxas de mortalidade  60 a 69 anos (por mil hab.)"
3554102,"Taubaté",18.1117262,2022,"Longevidade",18.13,"Taxas de mortalidade  60 a 69 anos (por mil hab.)"
3554102,"Taubaté",14.44956766,2024,"Longevidade",14.49,"Taxas de mortalidade  60 a 69 anos (por mil hab.)"
3554201,"Tejupá",23.74429224,2014,"Longevidade",15.79,"Taxas de mortalidade  60 a 69 anos (por mil hab.)"
3554201,"Tejupá",14.14677277,2016,"Longevidade",15.58,"Taxas de mortalidade  60 a 69 anos (por mil hab.)"
3554201,"Tejupá",15.50387597,2018,"Longevidade",15.4,"Taxas de mortalidade  60 a 69 anos (por mil hab.)"
3554201,"Tejupá",19.60784314,2020,"Longevidade",15.77,"Taxas de mortalidade  60 a 69 anos (por mil hab.)"
3554201,"Tejupá",17.95472287,2022,"Longevidade",18.13,"Taxas de mortalidade  60 a 69 anos (por mil hab.)"
3554201,"Tejupá",17.71336554,2024,"Longevidade",14.49,"Taxas de mortalidade  60 a 69 anos (por mil hab.)"
3554300,"Teodoro Sampaio",14.15970288,2014,"Longevidade",15.79,"Taxas de mortalidade  60 a 69 anos (por mil hab.)"
3554300,"Teodoro Sampaio",16.14255765,2016,"Longevidade",15.58,"Taxas de mortalidade  60 a 69 anos (por mil hab.)"
3554300,"Teodoro Sampaio",15.89242054,2018,"Longevidade",15.4,"Taxas de mortalidade  60 a 69 anos (por mil hab.)"
3554300,"Teodoro Sampaio",13.68806632,2020,"Longevidade",15.77,"Taxas de mortalidade  60 a 69 anos (por mil hab.)"
3554300,"Teodoro Sampaio",18.77934272,2022,"Longevidade",18.13,"Taxas de mortalidade  60 a 69 anos (por mil hab.)"
3554300,"Teodoro Sampaio",17.86012352,2024,"Longevidade",14.49,"Taxas de mortalidade  60 a 69 anos (por mil hab.)"
3554409,"Terra Roxa",15.54126474,2014,"Longevidade",15.79,"Taxas de mortalidade  60 a 69 anos (por mil hab.)"
3554409,"Terra Roxa",18.41359773,2016,"Longevidade",15.58,"Taxas de mortalidade  60 a 69 anos (por mil hab.)"
3554409,"Terra Roxa",19.39557961,2018,"Longevidade",15.4,"Taxas de mortalidade  60 a 69 anos (por mil hab.)"
3554409,"Terra Roxa",15.56101556,2020,"Longevidade",15.77,"Taxas de mortalidade  60 a 69 anos (por mil hab.)"
3554409,"Terra Roxa",20.14443177,2022,"Longevidade",18.13,"Taxas de mortalidade  60 a 69 anos (por mil hab.)"
3554409,"Terra Roxa",13.69369369,2024,"Longevidade",14.49,"Taxas de mortalidade  60 a 69 anos (por mil hab.)"
3554508,"Tietê",12.29796205,2014,"Longevidade",15.79,"Taxas de mortalidade  60 a 69 anos (por mil hab.)"
3554508,"Tietê",16.51936027,2016,"Longevidade",15.58,"Taxas de mortalidade  60 a 69 anos (por mil hab.)"
3554508,"Tietê",15.64417178,2018,"Longevidade",15.4,"Taxas de mortalidade  60 a 69 anos (por mil hab.)"
3554508,"Tietê",14.20289855,2020,"Longevidade",15.77,"Taxas de mortalidade  60 a 69 anos (por mil hab.)"
3554508,"Tietê",14.61908653,2022,"Longevidade",18.13,"Taxas de mortalidade  60 a 69 anos (por mil hab.)"
3554508,"Tietê",13.66396761,2024,"Longevidade",14.49,"Taxas de mortalidade  60 a 69 anos (por mil hab.)"
3554607,"Timburi",13.33333333,2014,"Longevidade",15.79,"Taxas de mortalidade  60 a 69 anos (por mil hab.)"
3554607,"Timburi",16.04938272,2016,"Longevidade",15.58,"Taxas de mortalidade  60 a 69 anos (por mil hab.)"
3554607,"Timburi",16.90821256,2018,"Longevidade",15.4,"Taxas de mortalidade  60 a 69 anos (por mil hab.)"
3554607,"Timburi",20.83333333,2020,"Longevidade",15.77,"Taxas de mortalidade  60 a 69 anos (por mil hab.)"
3554607,"Timburi",23.02631579,2022,"Longevidade",18.13,"Taxas de mortalidade  60 a 69 anos (por mil hab.)"
3554607,"Timburi",24.62121212,2024,"Longevidade",14.49,"Taxas de mortalidade  60 a 69 anos (por mil hab.)"
3554656,"Torre de Pedra",26.66666667,2014,"Longevidade",15.79,"Taxas de mortalidade  60 a 69 anos (por mil hab.)"
3554656,"Torre de Pedra",33.77386197,2016,"Longevidade",15.58,"Taxas de mortalidade  60 a 69 anos (por mil hab.)"
3554656,"Torre de Pedra",30.83700441,2018,"Longevidade",15.4,"Taxas de mortalidade  60 a 69 anos (por mil hab.)"
3554656,"Torre de Pedra",10.37037037,2020,"Longevidade",15.77,"Taxas de mortalidade  60 a 69 anos (por mil hab.)"
3554656,"Torre de Pedra",22.12389381,2022,"Longevidade",18.13,"Taxas de mortalidade  60 a 69 anos (por mil hab.)"
3554656,"Torre de Pedra",15.64380265,2024,"Longevidade",14.49,"Taxas de mortalidade  60 a 69 anos (por mil hab.)"
3554706,"Torrinha",15.70048309,2014,"Longevidade",15.79,"Taxas de mortalidade  60 a 69 anos (por mil hab.)"
3554706,"Torrinha",14.71670346,2016,"Longevidade",15.58,"Taxas de mortalidade  60 a 69 anos (por mil hab.)"
3554706,"Torrinha",17.27861771,2018,"Longevidade",15.4,"Taxas de mortalidade  60 a 69 anos (por mil hab.)"
3554706,"Torrinha",17.23543606,2020,"Longevidade",15.77,"Taxas de mortalidade  60 a 69 anos (por mil hab.)"
3554706,"Torrinha",15.18151815,2022,"Longevidade",18.13,"Taxas de mortalidade  60 a 69 anos (por mil hab.)"
3554706,"Torrinha",18.04281346,2024,"Longevidade",14.49,"Taxas de mortalidade  60 a 69 anos (por mil hab.)"
3554755,"Trabiju",8.620689655,2014,"Longevidade",15.79,"Taxas de mortalidade  60 a 69 anos (por mil hab.)"
3554755,"Trabiju",20.67183463,2016,"Longevidade",15.58,"Taxas de mortalidade  60 a 69 anos (por mil hab.)"
3554755,"Trabiju",17.41293532,2018,"Longevidade",15.4,"Taxas de mortalidade  60 a 69 anos (por mil hab.)"
3554755,"Trabiju",11.65501166,2020,"Longevidade",15.77,"Taxas de mortalidade  60 a 69 anos (por mil hab.)"
3554755,"Trabiju",22.37136465,2022,"Longevidade",18.13,"Taxas de mortalidade  60 a 69 anos (por mil hab.)"
3554755,"Trabiju",26.37889688,2024,"Longevidade",14.49,"Taxas de mortalidade  60 a 69 anos (por mil hab.)"
3554805,"Tremembé",17.08784597,2014,"Longevidade",15.79,"Taxas de mortalidade  60 a 69 anos (por mil hab.)"
3554805,"Tremembé",12.9950495,2016,"Longevidade",15.58,"Taxas de mortalidade  60 a 69 anos (por mil hab.)"
3554805,"Tremembé",12.75207592,2018,"Longevidade",15.4,"Taxas de mortalidade  60 a 69 anos (por mil hab.)"
3554805,"Tremembé",14.70187857,2020,"Longevidade",15.77,"Taxas de mortalidade  60 a 69 anos (por mil hab.)"
3554805,"Tremembé",16.23759044,2022,"Longevidade",18.13,"Taxas de mortalidade  60 a 69 anos (por mil hab.)"
3554805,"Tremembé",12.77932462,2024,"Longevidade",14.49,"Taxas de mortalidade  60 a 69 anos (por mil hab.)"
3554904,"Três Fronteiras",13.56932153,2014,"Longevidade",15.79,"Taxas de mortalidade  60 a 69 anos (por mil hab.)"
3554904,"Três Fronteiras",16.94915254,2016,"Longevidade",15.58,"Taxas de mortalidade  60 a 69 anos (por mil hab.)"
3554904,"Três Fronteiras",15.68627451,2018,"Longevidade",15.4,"Taxas de mortalidade  60 a 69 anos (por mil hab.)"
3554904,"Três Fronteiras",13.24503311,2020,"Longevidade",15.77,"Taxas de mortalidade  60 a 69 anos (por mil hab.)"
3554904,"Três Fronteiras",19.63993453,2022,"Longevidade",18.13,"Taxas de mortalidade  60 a 69 anos (por mil hab.)"
3554904,"Três Fronteiras",15.20912548,2024,"Longevidade",14.49,"Taxas de mortalidade  60 a 69 anos (por mil hab.)"
3554953,"Tuiuti",13.82243488,2014,"Longevidade",15.79,"Taxas de mortalidade  60 a 69 anos (por mil hab.)"
3554953,"Tuiuti",18.32061069,2016,"Longevidade",15.58,"Taxas de mortalidade  60 a 69 anos (por mil hab.)"
3554953,"Tuiuti",17.14573878,2018,"Longevidade",15.4,"Taxas de mortalidade  60 a 69 anos (por mil hab.)"
3554953,"Tuiuti",13.86825161,2020,"Longevidade",15.77,"Taxas de mortalidade  60 a 69 anos (por mil hab.)"
3554953,"Tuiuti",25.52773687,2022,"Longevidade",18.13,"Taxas de mortalidade  60 a 69 anos (por mil hab.)"
3554953,"Tuiuti",13.13813814,2024,"Longevidade",14.49,"Taxas de mortalidade  60 a 69 anos (por mil hab.)"
3555000,"Tupã",15.61520488,2014,"Longevidade",15.79,"Taxas de mortalidade  60 a 69 anos (por mil hab.)"
3555000,"Tupã",15.435560540000001,2016,"Longevidade",15.58,"Taxas de mortalidade  60 a 69 anos (por mil hab.)"
3555000,"Tupã",17.09401709,2018,"Longevidade",15.4,"Taxas de mortalidade  60 a 69 anos (por mil hab.)"
3555000,"Tupã",17.42108398,2020,"Longevidade",15.77,"Taxas de mortalidade  60 a 69 anos (por mil hab.)"
3555000,"Tupã",19.37597948,2022,"Longevidade",18.13,"Taxas de mortalidade  60 a 69 anos (por mil hab.)"
3555000,"Tupã",17.41259693,2024,"Longevidade",14.49,"Taxas de mortalidade  60 a 69 anos (por mil hab.)"
3555109,"Tupi Paulista",14.20389462,2014,"Longevidade",15.79,"Taxas de mortalidade  60 a 69 anos (por mil hab.)"
3555109,"Tupi Paulista",15.2574698,2016,"Longevidade",15.58,"Taxas de mortalidade  60 a 69 anos (por mil hab.)"
3555109,"Tupi Paulista",14.52885015,2018,"Longevidade",15.4,"Taxas de mortalidade  60 a 69 anos (por mil hab.)"
3555109,"Tupi Paulista",13.79724055,2020,"Longevidade",15.77,"Taxas de mortalidade  60 a 69 anos (por mil hab.)"
3555109,"Tupi Paulista",15.93780369,2022,"Longevidade",18.13,"Taxas de mortalidade  60 a 69 anos (por mil hab.)"
3555109,"Tupi Paulista",14.08689749,2024,"Longevidade",14.49,"Taxas de mortalidade  60 a 69 anos (por mil hab.)"
3555208,"Turiúba",6.033182504,2014,"Longevidade",15.79,"Taxas de mortalidade  60 a 69 anos (por mil hab.)"
3555208,"Turiúba",16.2962963,2016,"Longevidade",15.58,"Taxas de mortalidade  60 a 69 anos (por mil hab.)"
3555208,"Turiúba",16.15271659,2018,"Longevidade",15.4,"Taxas de mortalidade  60 a 69 anos (por mil hab.)"
3555208,"Turiúba",20.37845706,2020,"Longevidade",15.77,"Taxas de mortalidade  60 a 69 anos (por mil hab.)"
3555208,"Turiúba",20.0286123,2022,"Longevidade",18.13,"Taxas de mortalidade  60 a 69 anos (por mil hab.)"
3555208,"Turiúba",22.66666667,2024,"Longevidade",14.49,"Taxas de mortalidade  60 a 69 anos (por mil hab.)"
3555307,"Turmalina",12.5,2014,"Longevidade",15.79,"Taxas de mortalidade  60 a 69 anos (por mil hab.)"
3555307,"Turmalina",11.3960114,2016,"Longevidade",15.58,"Taxas de mortalidade  60 a 69 anos (por mil hab.)"
3555307,"Turmalina",12.65822785,2018,"Longevidade",15.4,"Taxas de mortalidade  60 a 69 anos (por mil hab.)"
3555307,"Turmalina",8.368200837,2020,"Longevidade",15.77,"Taxas de mortalidade  60 a 69 anos (por mil hab.)"
3555307,"Turmalina",15.87301587,2022,"Longevidade",18.13,"Taxas de mortalidade  60 a 69 anos (por mil hab.)"
3555307,"Turmalina",19.18465228,2024,"Longevidade",14.49,"Taxas de mortalidade  60 a 69 anos (por mil hab.)"
3555356,"Ubarana",16.85393258,2014,"Longevidade",15.79,"Taxas de mortalidade  60 a 69 anos (por mil hab.)"
3555356,"Ubarana",22.98850575,2016,"Longevidade",15.58,"Taxas de mortalidade  60 a 69 anos (por mil hab.)"
3555356,"Ubarana",15.94896332,2018,"Longevidade",15.4,"Taxas de mortalidade  60 a 69 anos (por mil hab.)"
3555356,"Ubarana",21.6256525,2020,"Longevidade",15.77,"Taxas de mortalidade  60 a 69 anos (por mil hab.)"
3555356,"Ubarana",28.36879433,2022,"Longevidade",18.13,"Taxas de mortalidade  60 a 69 anos (por mil hab.)"
3555356,"Ubarana",17.80626781,2024,"Longevidade",14.49,"Taxas de mortalidade  60 a 69 anos (por mil hab.)"
3555406,"Ubatuba",16.20633119,2014,"Longevidade",15.79,"Taxas de mortalidade  60 a 69 anos (por mil hab.)"
3555406,"Ubatuba",15.99604222,2016,"Longevidade",15.58,"Taxas de mortalidade  60 a 69 anos (por mil hab.)"
3555406,"Ubatuba",14.76190476,2018,"Longevidade",15.4,"Taxas de mortalidade  60 a 69 anos (por mil hab.)"
3555406,"Ubatuba",15.70706327,2020,"Longevidade",15.77,"Taxas de mortalidade  60 a 69 anos (por mil hab.)"
3555406,"Ubatuba",18.58702105,2022,"Longevidade",18.13,"Taxas de mortalidade  60 a 69 anos (por mil hab.)"
3555406,"Ubatuba",15.35189482,2024,"Longevidade",14.49,"Taxas de mortalidade  60 a 69 anos (por mil hab.)"
3555505,"Ubirajara",16.30434783,2014,"Longevidade",15.79,"Taxas de mortalidade  60 a 69 anos (por mil hab.)"
3555505,"Ubirajara",16.58767773,2016,"Longevidade",15.58,"Taxas de mortalidade  60 a 69 anos (por mil hab.)"
3555505,"Ubirajara",13.79310345,2018,"Longevidade",15.4,"Taxas de mortalidade  60 a 69 anos (por mil hab.)"
3555505,"Ubirajara",13.73825018,2020,"Longevidade",15.77,"Taxas de mortalidade  60 a 69 anos (por mil hab.)"
3555505,"Ubirajara",13.27742837,2022,"Longevidade",18.13,"Taxas de mortalidade  60 a 69 anos (por mil hab.)"
3555505,"Ubirajara",10.79365079,2024,"Longevidade",14.49,"Taxas de mortalidade  60 a 69 anos (por mil hab.)"
3555604,"Uchoa",11.93317422,2014,"Longevidade",15.79,"Taxas de mortalidade  60 a 69 anos (por mil hab.)"
3555604,"Uchoa",14.31718062,2016,"Longevidade",15.58,"Taxas de mortalidade  60 a 69 anos (por mil hab.)"
3555604,"Uchoa",12.43781095,2018,"Longevidade",15.4,"Taxas de mortalidade  60 a 69 anos (por mil hab.)"
3555604,"Uchoa",13,2020,"Longevidade",15.77,"Taxas de mortalidade  60 a 69 anos (por mil hab.)"
3555604,"Uchoa",19.23683381,2022,"Longevidade",18.13,"Taxas de mortalidade  60 a 69 anos (por mil hab.)"
3555604,"Uchoa",14.77832512,2024,"Longevidade",14.49,"Taxas de mortalidade  60 a 69 anos (por mil hab.)"
3555703,"União Paulista",10.49868766,2014,"Longevidade",15.79,"Taxas de mortalidade  60 a 69 anos (por mil hab.)"
3555703,"União Paulista",14.59854015,2016,"Longevidade",15.58,"Taxas de mortalidade  60 a 69 anos (por mil hab.)"
3555703,"União Paulista",11.9047619,2018,"Longevidade",15.4,"Taxas de mortalidade  60 a 69 anos (por mil hab.)"
3555703,"União Paulista",4.566210046,2020,"Longevidade",15.77,"Taxas de mortalidade  60 a 69 anos (por mil hab.)"
3555703,"União Paulista",17.89709172,2022,"Longevidade",18.13,"Taxas de mortalidade  60 a 69 anos (por mil hab.)"
3555703,"União Paulista",15.35087719,2024,"Longevidade",14.49,"Taxas de mortalidade  60 a 69 anos (por mil hab.)"
3555802,"Urânia",18.17478732,2014,"Longevidade",15.79,"Taxas de mortalidade  60 a 69 anos (por mil hab.)"
3555802,"Urânia",12.26551227,2016,"Longevidade",15.58,"Taxas de mortalidade  60 a 69 anos (por mil hab.)"
3555802,"Urânia",13.99090591,2018,"Longevidade",15.4,"Taxas de mortalidade  60 a 69 anos (por mil hab.)"
3555802,"Urânia",17.16171617,2020,"Longevidade",15.77,"Taxas de mortalidade  60 a 69 anos (por mil hab.)"
3555802,"Urânia",14.35406699,2022,"Longevidade",18.13,"Taxas de mortalidade  60 a 69 anos (por mil hab.)"
3555802,"Urânia",14.21525965,2024,"Longevidade",14.49,"Taxas de mortalidade  60 a 69 anos (por mil hab.)"
3555901,"Uru",28.49002849,2014,"Longevidade",15.79,"Taxas de mortalidade  60 a 69 anos (por mil hab.)"
3555901,"Uru",17.81170483,2016,"Longevidade",15.58,"Taxas de mortalidade  60 a 69 anos (por mil hab.)"
3555901,"Uru",10.02506266,2018,"Longevidade",15.4,"Taxas de mortalidade  60 a 69 anos (por mil hab.)"
3555901,"Uru",9.592326139,2020,"Longevidade",15.77,"Taxas de mortalidade  60 a 69 anos (por mil hab.)"
3555901,"Uru",18.51851852,2022,"Longevidade",18.13,"Taxas de mortalidade  60 a 69 anos (por mil hab.)"
3555901,"Uru",21.34646962,2024,"Longevidade",14.49,"Taxas de mortalidade  60 a 69 anos (por mil hab.)"
3556008,"Urupês",13.30008313,2014,"Longevidade",15.79,"Taxas de mortalidade  60 a 69 anos (por mil hab.)"
3556008,"Urupês",11.49425287,2016,"Longevidade",15.58,"Taxas de mortalidade  60 a 69 anos (por mil hab.)"
3556008,"Urupês",14.24287856,2018,"Longevidade",15.4,"Taxas de mortalidade  60 a 69 anos (por mil hab.)"
3556008,"Urupês",14.83608519,2020,"Longevidade",15.77,"Taxas de mortalidade  60 a 69 anos (por mil hab.)"
3556008,"Urupês",16.97637073,2022,"Longevidade",18.13,"Taxas de mortalidade  60 a 69 anos (por mil hab.)"
3556008,"Urupês",14.91927243,2024,"Longevidade",14.49,"Taxas de mortalidade  60 a 69 anos (por mil hab.)"
3556107,"Valentim Gentil",15.76316801,2014,"Longevidade",15.79,"Taxas de mortalidade  60 a 69 anos (por mil hab.)"
3556107,"Valentim Gentil",17.96200345,2016,"Longevidade",15.58,"Taxas de mortalidade  60 a 69 anos (por mil hab.)"
3556107,"Valentim Gentil",16.91542289,2018,"Longevidade",15.4,"Taxas de mortalidade  60 a 69 anos (por mil hab.)"
3556107,"Valentim Gentil",14.97097464,2020,"Longevidade",15.77,"Taxas de mortalidade  60 a 69 anos (por mil hab.)"
3556107,"Valentim Gentil",19.89201478,2022,"Longevidade",18.13,"Taxas de mortalidade  60 a 69 anos (por mil hab.)"
3556107,"Valentim Gentil",14.91477273,2024,"Longevidade",14.49,"Taxas de mortalidade  60 a 69 anos (por mil hab.)"
3556206,"Valinhos",12.70106705,2014,"Longevidade",15.79,"Taxas de mortalidade  60 a 69 anos (por mil hab.)"
3556206,"Valinhos",12.50979991,2016,"Longevidade",15.58,"Taxas de mortalidade  60 a 69 anos (por mil hab.)"
3556206,"Valinhos",11.93612385,2018,"Longevidade",15.4,"Taxas de mortalidade  60 a 69 anos (por mil hab.)"
3556206,"Valinhos",11.58827539,2020,"Longevidade",15.77,"Taxas de mortalidade  60 a 69 anos (por mil hab.)"
3556206,"Valinhos",13.25078744,2022,"Longevidade",18.13,"Taxas de mortalidade  60 a 69 anos (por mil hab.)"
3556206,"Valinhos",9.609698403,2024,"Longevidade",14.49,"Taxas de mortalidade  60 a 69 anos (por mil hab.)"
3556305,"Valparaíso",16.14035088,2014,"Longevidade",15.79,"Taxas de mortalidade  60 a 69 anos (por mil hab.)"
3556305,"Valparaíso",15.13213981,2016,"Longevidade",15.58,"Taxas de mortalidade  60 a 69 anos (por mil hab.)"
3556305,"Valparaíso",15.47029703,2018,"Longevidade",15.4,"Taxas de mortalidade  60 a 69 anos (por mil hab.)"
3556305,"Valparaíso",20.91807089,2020,"Longevidade",15.77,"Taxas de mortalidade  60 a 69 anos (por mil hab.)"
3556305,"Valparaíso",19.51306839,2022,"Longevidade",18.13,"Taxas de mortalidade  60 a 69 anos (por mil hab.)"
3556305,"Valparaíso",15.07702393,2024,"Longevidade",14.49,"Taxas de mortalidade  60 a 69 anos (por mil hab.)"
3556354,"Vargem",13.87137453,2014,"Longevidade",15.79,"Taxas de mortalidade  60 a 69 anos (por mil hab.)"
3556354,"Vargem",17.25490196,2016,"Longevidade",15.58,"Taxas de mortalidade  60 a 69 anos (por mil hab.)"
3556354,"Vargem",13.93728223,2018,"Longevidade",15.4,"Taxas de mortalidade  60 a 69 anos (por mil hab.)"
3556354,"Vargem",13.22751323,2020,"Longevidade",15.77,"Taxas de mortalidade  60 a 69 anos (por mil hab.)"
3556354,"Vargem",15.7856094,2022,"Longevidade",18.13,"Taxas de mortalidade  60 a 69 anos (por mil hab.)"
3556354,"Vargem",11.22874559,2024,"Longevidade",14.49,"Taxas de mortalidade  60 a 69 anos (por mil hab.)"
3556404,"Vargem Grande do Sul",17.02685003,2014,"Longevidade",15.79,"Taxas de mortalidade  60 a 69 anos (por mil hab.)"
3556404,"Vargem Grande do Sul",15.63568846,2016,"Longevidade",15.58,"Taxas de mortalidade  60 a 69 anos (por mil hab.)"
3556404,"Vargem Grande do Sul",15.66628917,2018,"Longevidade",15.4,"Taxas de mortalidade  60 a 69 anos (por mil hab.)"
3556404,"Vargem Grande do Sul",16.48593846,2020,"Longevidade",15.77,"Taxas de mortalidade  60 a 69 anos (por mil hab.)"
3556404,"Vargem Grande do Sul",18.57379768,2022,"Longevidade",18.13,"Taxas de mortalidade  60 a 69 anos (por mil hab.)"
3556404,"Vargem Grande do Sul",16.13774998,2024,"Longevidade",14.49,"Taxas de mortalidade  60 a 69 anos (por mil hab.)"
3556453,"Vargem Grande Paulista",17.73049645,2014,"Longevidade",15.79,"Taxas de mortalidade  60 a 69 anos (por mil hab.)"
3556453,"Vargem Grande Paulista",17.79835391,2016,"Longevidade",15.58,"Taxas de mortalidade  60 a 69 anos (por mil hab.)"
3556453,"Vargem Grande Paulista",18.09242871,2018,"Longevidade",15.4,"Taxas de mortalidade  60 a 69 anos (por mil hab.)"
3556453,"Vargem Grande Paulista",17.66182535,2020,"Longevidade",15.77,"Taxas de mortalidade  60 a 69 anos (por mil hab.)"
3556453,"Vargem Grande Paulista",19.34156379,2022,"Longevidade",18.13,"Taxas de mortalidade  60 a 69 anos (por mil hab.)"
3556453,"Vargem Grande Paulista",14.90857947,2024,"Longevidade",14.49,"Taxas de mortalidade  60 a 69 anos (por mil hab.)"
3556503,"Várzea Paulista",13.58510359,2014,"Longevidade",15.79,"Taxas de mortalidade  60 a 69 anos (por mil hab.)"
3556503,"Várzea Paulista",14.44615912,2016,"Longevidade",15.58,"Taxas de mortalidade  60 a 69 anos (por mil hab.)"
3556503,"Várzea Paulista",13.15895697,2018,"Longevidade",15.4,"Taxas de mortalidade  60 a 69 anos (por mil hab.)"
3556503,"Várzea Paulista",13.82769121,2020,"Longevidade",15.77,"Taxas de mortalidade  60 a 69 anos (por mil hab.)"
3556503,"Várzea Paulista",15.61737433,2022,"Longevidade",18.13,"Taxas de mortalidade  60 a 69 anos (por mil hab.)"
3556503,"Várzea Paulista",13.44212073,2024,"Longevidade",14.49,"Taxas de mortalidade  60 a 69 anos (por mil hab.)"
3556602,"Vera Cruz",15.60283688,2014,"Longevidade",15.79,"Taxas de mortalidade  60 a 69 anos (por mil hab.)"
3556602,"Vera Cruz",16.2601626,2016,"Longevidade",15.58,"Taxas de mortalidade  60 a 69 anos (por mil hab.)"
3556602,"Vera Cruz",16.30073187,2018,"Longevidade",15.4,"Taxas de mortalidade  60 a 69 anos (por mil hab.)"
3556602,"Vera Cruz",12.52408478,2020,"Longevidade",15.77,"Taxas de mortalidade  60 a 69 anos (por mil hab.)"
3556602,"Vera Cruz",17.25200246,2022,"Longevidade",18.13,"Taxas de mortalidade  60 a 69 anos (por mil hab.)"
3556602,"Vera Cruz",11.47446931,2024,"Longevidade",14.49,"Taxas de mortalidade  60 a 69 anos (por mil hab.)"
3556701,"Vinhedo",12.61261261,2014,"Longevidade",15.79,"Taxas de mortalidade  60 a 69 anos (por mil hab.)"
3556701,"Vinhedo",11.13861386,2016,"Longevidade",15.58,"Taxas de mortalidade  60 a 69 anos (por mil hab.)"
3556701,"Vinhedo",10.94460347,2018,"Longevidade",15.4,"Taxas de mortalidade  60 a 69 anos (por mil hab.)"
3556701,"Vinhedo",11.81563535,2020,"Longevidade",15.77,"Taxas de mortalidade  60 a 69 anos (por mil hab.)"
3556701,"Vinhedo",14.23304867,2022,"Longevidade",18.13,"Taxas de mortalidade  60 a 69 anos (por mil hab.)"
3556701,"Vinhedo",11.47219379,2024,"Longevidade",14.49,"Taxas de mortalidade  60 a 69 anos (por mil hab.)"
3556800,"Viradouro",14.35897436,2014,"Longevidade",15.79,"Taxas de mortalidade  60 a 69 anos (por mil hab.)"
3556800,"Viradouro",14.67505241,2016,"Longevidade",15.58,"Taxas de mortalidade  60 a 69 anos (por mil hab.)"
3556800,"Viradouro",15.33603969,2018,"Longevidade",15.4,"Taxas de mortalidade  60 a 69 anos (por mil hab.)"
3556800,"Viradouro",12.91825498,2020,"Longevidade",15.77,"Taxas de mortalidade  60 a 69 anos (por mil hab.)"
3556800,"Viradouro",22.31520223,2022,"Longevidade",18.13,"Taxas de mortalidade  60 a 69 anos (por mil hab.)"
3556800,"Viradouro",15.83577713,2024,"Longevidade",14.49,"Taxas de mortalidade  60 a 69 anos (por mil hab.)"
3556909,"Vista Alegre do Alto",10.37037037,2014,"Longevidade",15.79,"Taxas de mortalidade  60 a 69 anos (por mil hab.)"
3556909,"Vista Alegre do Alto",13.53965184,2016,"Longevidade",15.58,"Taxas de mortalidade  60 a 69 anos (por mil hab.)"
3556909,"Vista Alegre do Alto",12.27747084,2018,"Longevidade",15.4,"Taxas de mortalidade  60 a 69 anos (por mil hab.)"
3556909,"Vista Alegre do Alto",9.523809524,2020,"Longevidade",15.77,"Taxas de mortalidade  60 a 69 anos (por mil hab.)"
3556909,"Vista Alegre do Alto",20.0617284,2022,"Longevidade",18.13,"Taxas de mortalidade  60 a 69 anos (por mil hab.)"
3556909,"Vista Alegre do Alto",13.99688958,2024,"Longevidade",14.49,"Taxas de mortalidade  60 a 69 anos (por mil hab.)"
3556958,"Vitória Brasil",8.771929825,2014,"Longevidade",15.79,"Taxas de mortalidade  60 a 69 anos (por mil hab.)"
3556958,"Vitória Brasil",18.29268293,2016,"Longevidade",15.58,"Taxas de mortalidade  60 a 69 anos (por mil hab.)"
3556958,"Vitória Brasil",21.56862745,2018,"Longevidade",15.4,"Taxas de mortalidade  60 a 69 anos (por mil hab.)"
3556958,"Vitória Brasil",9.107468124,2020,"Longevidade",15.77,"Taxas de mortalidade  60 a 69 anos (por mil hab.)"
3556958,"Vitória Brasil",27.49140893,2022,"Longevidade",18.13,"Taxas de mortalidade  60 a 69 anos (por mil hab.)"
3556958,"Vitória Brasil",22.33676976,2024,"Longevidade",14.49,"Taxas de mortalidade  60 a 69 anos (por mil hab.)"
3557006,"Votorantim",18.13186813,2014,"Longevidade",15.79,"Taxas de mortalidade  60 a 69 anos (por mil hab.)"
3557006,"Votorantim",18.87694146,2016,"Longevidade",15.58,"Taxas de mortalidade  60 a 69 anos (por mil hab.)"
3557006,"Votorantim",18.90604155,2018,"Longevidade",15.4,"Taxas de mortalidade  60 a 69 anos (por mil hab.)"
3557006,"Votorantim",17.30285235,2020,"Longevidade",15.77,"Taxas de mortalidade  60 a 69 anos (por mil hab.)"
3557006,"Votorantim",19.79298485,2022,"Longevidade",18.13,"Taxas de mortalidade  60 a 69 anos (por mil hab.)"
3557006,"Votorantim",15.65212442,2024,"Longevidade",14.49,"Taxas de mortalidade  60 a 69 anos (por mil hab.)"
3557105,"Votuporanga",14.0596765,2014,"Longevidade",15.79,"Taxas de mortalidade  60 a 69 anos (por mil hab.)"
3557105,"Votuporanga",12.33385223,2016,"Longevidade",15.58,"Taxas de mortalidade  60 a 69 anos (por mil hab.)"
3557105,"Votuporanga",12.59319349,2018,"Longevidade",15.4,"Taxas de mortalidade  60 a 69 anos (por mil hab.)"
3557105,"Votuporanga",13.54189297,2020,"Longevidade",15.77,"Taxas de mortalidade  60 a 69 anos (por mil hab.)"
3557105,"Votuporanga",15.6991229,2022,"Longevidade",18.13,"Taxas de mortalidade  60 a 69 anos (por mil hab.)"
3557105,"Votuporanga",13.06819967,2024,"Longevidade",14.49,"Taxas de mortalidade  60 a 69 anos (por mil hab.)"
3557154,"Zacarias",10.1010101,2014,"Longevidade",15.79,"Taxas de mortalidade  60 a 69 anos (por mil hab.)"
3557154,"Zacarias",13.95348837,2016,"Longevidade",15.58,"Taxas de mortalidade  60 a 69 anos (por mil hab.)"
3557154,"Zacarias",14.81481481,2018,"Longevidade",15.4,"Taxas de mortalidade  60 a 69 anos (por mil hab.)"
3557154,"Zacarias",12.34567901,2020,"Longevidade",15.77,"Taxas de mortalidade  60 a 69 anos (por mil hab.)"
3557154,"Zacarias",19.08396947,2022,"Longevidade",18.13,"Taxas de mortalidade  60 a 69 anos (por mil hab.)"
3557154,"Zacarias",12.19512195,2024,"Longevidade",14.49,"Taxas de mortalidade  60 a 69 anos (por mil hab.)"
3557204,"Chavantes",20.79141516,2014,"Longevidade",15.79,"Taxas de mortalidade  60 a 69 anos (por mil hab.)"
3557204,"Chavantes",20.79395085,2016,"Longevidade",15.58,"Taxas de mortalidade  60 a 69 anos (por mil hab.)"
3557204,"Chavantes",18.20987654,2018,"Longevidade",15.4,"Taxas de mortalidade  60 a 69 anos (por mil hab.)"
3557204,"Chavantes",18.43592031,2020,"Longevidade",15.77,"Taxas de mortalidade  60 a 69 anos (por mil hab.)"
3557204,"Chavantes",18.67816092,2022,"Longevidade",18.13,"Taxas de mortalidade  60 a 69 anos (por mil hab.)"
3557204,"Chavantes",15.75006455,2024,"Longevidade",14.49,"Taxas de mortalidade  60 a 69 anos (por mil hab.)"
3557303,"Estiva Gerbi",20.00976086,2014,"Longevidade",15.79,"Taxas de mortalidade  60 a 69 anos (por mil hab.)"
3557303,"Estiva Gerbi",15.69599339,2016,"Longevidade",15.58,"Taxas de mortalidade  60 a 69 anos (por mil hab.)"
3557303,"Estiva Gerbi",14.5784082,2018,"Longevidade",15.4,"Taxas de mortalidade  60 a 69 anos (por mil hab.)"
3557303,"Estiva Gerbi",16.82778375,2020,"Longevidade",15.77,"Taxas de mortalidade  60 a 69 anos (por mil hab.)"
3557303,"Estiva Gerbi",18.11594203,2022,"Longevidade",18.13,"Taxas de mortalidade  60 a 69 anos (por mil hab.)"
3557303,"Estiva Gerbi",18.96551724,2024,"Longevidade",14.49,"Taxas de mortalidade  60 a 69 anos (por mil hab.)"
